WP_015958804.1	WP_004899837.1	99.6	1649	0.0	3224
WP_012068512.1	WP_004224022.1	99.9	1482	0.0	2751
WP_012068504.1	WP_004224007.1	97.7	1441	0.0	2028
WP_002884146.1	WP_002884146.1	100	1407	0.0	2707
WP_077250646.1	WP_004898968.1	99.3	1355	0.0	2684
WP_041937681.1	WP_004901221.1	99.1	1350	0.0	2534
WP_004901914.1	WP_004901914.1	100	1342	0.0	2628
WP_041937601.1	WP_004224062.1	99.7	1320	0.0	2558
WP_015958344.1	WP_004224509.1	99.7	1300	0.0	2564
WP_004185139.1	WP_004185139.1	100	1295	0.0	2581
WP_041937591.1	WP_004223577.1	99.4	1293	0.0	2557
WP_041937678.1	WP_004181431.1	99.8	1265	0.0	2544
WP_004210658.1	WP_004222112.1	99.8	1258	0.0	2458
WP_004189443.1	WP_004898960.1	99.8	1247	0.0	2599
WP_015958484.1	WP_004898518.1	99.6	1246	0.0	2591
WP_015959249.1	WP_077251096.1	99.8	1227	0.0	2423
WP_015875135.1	WP_004900327.1	99.7	1178	0.0	2315
WP_015958331.1	WP_004224446.1	99.7	1175	0.0	2313
WP_004177353.1	WP_004222758.1	99.8	1160	0.0	2309
WP_015959119.1	WP_004901204.1	98.8	1159	0.0	2133
WP_077250640.1	WP_004224382.1	96.9	1043	0.0	2004
WP_020325001.1	WP_004224109.1	99.8	1148	0.0	2253
WP_015958622.1	WP_004899002.1	91.8	988	0.0	1811
WP_020802345.1	WP_004211885.1	99.9	1125	0.0	2266
WP_004177234.1	WP_004223072.1	99.9	1115	0.0	2075
WP_004146716.1	WP_004146716.1	100	1109	0.0	1936
WP_041937580.1	WP_004222712.1	99.6	1102	0.0	2120
WP_015958809.1	WP_032448083.1	99.8	1091	0.0	2242
WP_015959034.1	WP_004900724.1	99.4	1080	0.0	2086
WP_041937602.1	WP_004224083.1	99.7	1077	0.0	1630
WP_002888056.1	WP_002888056.1	100	1074	0.0	2097
WP_015958843.1	WP_004899982.1	99.6	1050	0.0	1980
WP_015959362.1	WP_004222362.1	98.4	1049	0.0	1984
WP_002892069.1	WP_002892069.1	100	1048	0.0	1989
WP_011977719.1	WP_004222939.1	99.2	1045	0.0	1793
WP_004149055.1	WP_004899457.1	99.8	1040	0.0	1913
WP_015958559.1	WP_004898716.1	99.5	1038	0.0	1928
WP_015958788.1	WP_004899778.1	99.7	1037	0.0	1952
WP_015959076.1	WP_004174089.1	99.9	1036	0.0	1941
WP_015958381.1	WP_004224683.1	99.7	1035	0.0	2195
WP_004901494.1	WP_004901494.1	100	1035	0.0	1905
WP_015958590.1	WP_004898841.1	99.2	1030	0.0	1937
WP_012068403.1	WP_004223499.1	99.4	1030	0.0	1897
WP_002912617.1	WP_004899459.1	99.6	1025	0.0	1906
WP_012068473.1	WP_004223724.1	99.6	1021	0.0	1939
WP_015958598.1	WP_004175614.1	99.9	1018	0.0	2046
WP_085921749.1	WP_004178025.1	100	804	0.0	1670
WP_085955174.1	WP_014599176.1	99.4	803	0.0	1654
WP_004177426.1	WP_004222647.1	99.8	968	0.0	1891
WP_009485670.1	WP_014599249.1	99.7	961	0.0	1895
WP_015958957.1	WP_004900541.1	99.8	957	0.0	1890
WP_015959316.1	WP_004222197.1	99.7	951	0.0	1922
WP_002913009.1	WP_004899529.1	99.9	946	0.0	1853
WP_014906913.1	WP_004900683.1	99.9	945	0.0	1862
WP_004146620.1	WP_004146620.1	100	941	0.0	1872
WP_002887972.1	WP_004212580.1	99.9	938	0.0	1918
WP_012068464.1	WP_004147623.1	99.9	935	0.0	1889
WP_015959197.1	WP_004187174.1	99.9	930	0.0	1807
WP_015958362.1	WP_004152245.1	99.7	925	0.0	1790
WP_015959380.1	WP_004222493.1	99.2	921	0.0	1783
WP_015959368.1	WP_004222387.1	99.3	914	0.0	1749
WP_004147470.1	WP_002893000.1	99.9	909	0.0	1782
WP_004149179.1	WP_004149179.1	100	908	0.0	1821
WP_019704896.1	WP_004223496.1	99.8	907	0.0	1732
WP_004152273.1	WP_004222172.1	99.9	902	0.0	1763
WP_015959097.1	WP_002920545.1	99.9	901	0.0	1767
WP_002888638.1	WP_002888638.1	100	901	0.0	1737
WP_002918250.1	WP_002918250.1	100	896	0.0	1484
WP_012068460.1	WP_004223680.1	99.1	895	0.0	1710
WP_004179084.1	WP_004223731.1	99.8	895	0.0	1699
WP_002910097.1	WP_002910097.1	100	891	0.0	1723
WP_015958231.1	WP_004176472.1	99.9	890	0.0	1777
WP_004191934.1	WP_004151931.1	99.9	887	0.0	1772
WP_002888700.1	WP_002888700.1	100	887	0.0	1793
WP_002913006.1	WP_002913006.1	100	885	0.0	1694
WP_015958811.1	WP_004899908.1	99.8	883	0.0	1726
WP_004181636.1	WP_004181636.1	100	883	0.0	1745
WP_004224451.1	WP_004224451.1	100	879	0.0	1760
WP_015958750.1	WP_004184961.1	99.9	868	0.0	1640
WP_002911388.1	WP_002911388.1	100	877	0.0	1711
WP_015958865.1	WP_004174700.1	99.9	875	0.0	1699
WP_002921508.1	WP_004901211.1	99.7	872	0.0	1765
WP_012068517.1	WP_002898220.1	99.9	871	0.0	1740
WP_004900404.1	WP_004900404.1	100	870	0.0	1758
WP_015958612.1	WP_004898965.1	99.4	866	0.0	1759
WP_002901763.1	WP_002901763.1	100	865	0.0	1732
WP_002888735.1	WP_004147096.1	99.9	865	0.0	1719
WP_041937671.1	WP_004900600.1	98.8	864	0.0	1577
WP_004147581.1	WP_077251475.1	99.8	860	0.0	1750
WP_019725412.1	WP_004221929.1	99.7	859	0.0	1689
WP_004150973.1	WP_004150973.1	100	857	0.0	1617
WP_011977673.1	WP_004213431.1	99.4	854	0.0	1571
WP_004151059.1	WP_032448090.1	99.5	853	0.0	1640
WP_004185951.1	WP_004901063.1	99.9	852	0.0	1692
WP_023287917.1	WP_045145299.1	99.4	851	0.0	1687
WP_002883383.1	WP_002883383.1	100	850	0.0	1731
WP_041937698.1	WP_004222042.1	96.1	847	0.0	1620
WP_004889472.1	WP_002920243.1	99.9	847	0.0	1703
WP_012068545.1	WP_002898967.1	99.9	842	0.0	1699
WP_041937582.1	WP_004222889.1	99.2	841	0.0	1626
WP_015958246.1	WP_032447503.1	83.3	738	0.0	1221
WP_041937710.1	WP_004223093.1	97.6	833	0.0	1514
WP_015958403.1	WP_004224759.1	98.0	833	0.0	1613
WP_015958636.1	WP_004899018.1	77.5	772	0.0	1128
WP_000813718.1	WP_000813718.1	100	828	0.0	1669
WP_011977629.1	WP_002887848.1	99.9	820	0.0	1589
WP_072198926.1	WP_026008390.1	99.4	815	0.0	1602
WP_004098955.1	WP_004098955.1	100	815	0.0	1541
WP_002920561.1	WP_002920561.1	100	815	0.0	1626
WP_002889690.1	WP_002889690.1	100	814	0.0	1608
WP_012068505.1	WP_004147794.1	99.9	812	0.0	1661
WP_015958373.1	WP_004224655.1	99.4	811	0.0	1644
WP_012068381.1	WP_014599055.1	99.3	811	0.0	1626
WP_004151435.1	WP_014599279.1	99.8	811	0.0	1583
WP_004192475.1	WP_002885668.1	99.9	810	0.0	1565
WP_004179127.1	WP_004223823.1	99.9	810	0.0	1625
WP_002882944.1	WP_004901750.1	99.9	810	0.0	1581
WP_011977680.1	WP_004177357.1	99.1	809	0.0	1626
WP_011977667.1	WP_004222692.1	99.4	809	0.0	1546
WP_004186501.1	WP_004186501.1	100	807	0.0	1613
WP_004178269.1	WP_004178269.1	100	807	0.0	1581
WP_004173845.1	WP_004901586.1	99.9	804	0.0	1588
WP_004147400.1	WP_004147400.1	100	804	0.0	1540
WP_004151407.1	WP_004151407.1	100	796	0.0	1615
WP_002888816.1	WP_002888816.1	100	796	0.0	1631
WP_015958605.1	WP_004898908.1	99.7	795	0.0	1560
WP_015958599.1	WP_002909055.1	99.9	792	0.0	1551
WP_015958883.1	WP_004174666.1	99.4	787	0.0	1565
WP_012068486.1	WP_004223816.1	99.4	787	0.0	1662
WP_011977643.1	WP_004222649.1	99.7	785	0.0	1606
WP_004151336.1	WP_004151336.1	100	784	0.0	1503
WP_004147026.1	WP_004147026.1	100	782	0.0	1601
WP_009484214.1	WP_004901208.1	99.9	781	0.0	1534
WP_002918444.1	WP_002918444.1	100	779	0.0	1470
WP_041937683.1	WP_004901259.1	99.7	776	0.0	1555
WP_004150056.1	WP_004889453.1	98.3	776	0.0	1480
WP_015958803.1	WP_004899835.1	99.4	774	0.0	1553
WP_015958234.1	WP_014599132.1	99.1	773	0.0	1538
WP_015959148.1	WP_004901445.1	99.5	772	0.0	1624
WP_015959095.1	WP_002920508.1	99.7	772	0.0	1472
WP_012068443.1	WP_004223625.1	99.3	769	0.0	1564
WP_015958467.1	WP_004898414.1	99.2	766	0.0	1529
WP_004175093.1	WP_004899493.1	99.7	765	0.0	1502
WP_041937725.1	WP_004899045.1	99.2	764	0.0	1511
WP_004222503.1	WP_004222503.1	100	763	0.0	1547
WP_015958462.1	WP_004225013.1	97.6	761	0.0	1435
WP_004210760.1	WP_004224256.1	99.7	761	0.0	1500
WP_004151730.1	WP_004221952.1	99.6	761	0.0	1410
WP_002913016.1	WP_002913016.1	100	761	0.0	1454
WP_002898148.1	WP_002898148.1	100	760	0.0	1514
WP_002913731.1	WP_002913731.1	100	759	0.0	1468
WP_002896522.1	WP_004224001.1	99.9	759	0.0	1459
WP_002902695.1	WP_004224485.1	99.6	755	0.0	1544
WP_015959230.1	WP_002883416.1	99.7	754	0.0	1514
WP_012068508.1	WP_004224016.1	96.9	754	0.0	1464
WP_015959262.1	WP_004221902.1	99.3	752	0.0	1514
WP_004181324.1	WP_004900648.1	99.9	752	0.0	1452
WP_002901554.1	WP_004224248.1	99.9	752	0.0	1513
WP_002915935.1	WP_004900342.1	99.9	748	0.0	1399
WP_002915217.1	WP_002915217.1	100	745	0.0	1496
WP_015958871.1	WP_004900083.1	99.2	744	0.0	1407
WP_015958794.1	WP_004899809.1	99.6	742	0.0	1462
WP_012068422.1	WP_004223570.1	98.9	742	0.0	1502
WP_004149240.1	WP_004899723.1	99.9	723	0.0	1399
WP_015959106.1	WP_004901124.1	99.5	736	0.0	1339
WP_004178624.1	WP_004178624.1	100	735	0.0	1458
WP_041937587.1	WP_014599059.1	98.8	732	0.0	1453
WP_004177997.1	WP_004901742.1	99.9	731	0.0	1463
WP_004142041.1	WP_004142041.1	100	731	0.0	1392
WP_015958876.1	WP_004900114.1	99.2	730	0.0	1462
WP_041937604.1	WP_004150817.1	99.7	729	0.0	1465
WP_004901902.1	WP_004901902.1	100	729	0.0	1432
WP_004150069.1	WP_004901096.1	99.9	728	0.0	1553
WP_015958223.1	WP_004224251.1	99.6	727	0.0	1462
WP_004176050.1	WP_004176050.1	100	725	0.0	1447
WP_015958711.1	WP_004899437.1	72.5	709	0.0	989
WP_002883398.1	WP_002883398.1	100	720	0.0	1431
WP_002915977.1	WP_004900350.1	99.7	719	0.0	1410
WP_004147693.1	WP_004223798.1	99.9	708	0.0	1403
WP_002889384.1	WP_002889384.1	100	717	0.0	1466
WP_015958569.1	WP_004180308.1	99.9	716	0.0	1471
WP_002887454.1	WP_002887454.1	100	716	0.0	1405
WP_077598928.1	WP_012737173.1	99.9	715	0.0	1448
WP_023313452.1	WP_002913196.1	99.9	715	0.0	1361
WP_015958519.1	WP_004898597.1	99.8	530	0.0	1008
WP_002892486.1	WP_002892486.1	100	715	0.0	1460
WP_015958773.1	WP_004899596.1	99.6	714	0.0	1384
WP_020802076.1	WP_004900041.1	98.7	713	0.0	1396
WP_004186701.1	WP_004222153.1	99.9	712	0.0	1445
WP_004151766.1	WP_004900586.1	98.7	712	0.0	1430
WP_012068522.1	WP_002898422.1	99.9	711	0.0	1379
WP_004150944.1	WP_004150944.1	100	711	0.0	1347
WP_004174025.1	WP_004174025.1	100	709	0.0	1405
WP_015959202.1	WP_004901707.1	99.2	707	0.0	1460
WP_004192519.1	WP_004222033.1	87.7	707	0.0	1223
WP_015958645.1	WP_004175467.1	99.7	706	0.0	1424
WP_004150214.1	WP_004150214.1	100	706	0.0	1376
WP_002920103.1	WP_002920103.1	100	704	0.0	1389
WP_004186066.1	WP_004901226.1	99.9	703	0.0	1385
WP_004185807.1	WP_004900854.1	98.9	702	0.0	1271
WP_015958494.1	WP_004189794.1	99.6	701	0.0	1403
WP_012068429.1	WP_002893896.1	99.4	701	0.0	1360
WP_004147847.1	WP_004147847.1	100	701	0.0	1413
WP_015958685.1	WP_004899365.1	99.9	699	0.0	1387
WP_004185965.1	WP_004185965.1	100	697	0.0	1430
WP_004177767.1	WP_004222004.1	99.9	695	0.0	1387
WP_041937670.1	WP_029884113.1	98.7	693	0.0	1375
WP_004151504.1	WP_004901415.1	99.9	693	0.0	1348
WP_004188352.1	WP_004151402.1	99.9	692	0.0	1351
WP_004200219.1	WP_004898777.1	99.7	690	0.0	1366
WP_004174677.1	WP_004185384.1	99.9	690	0.0	1339
WP_002922127.1	WP_004901297.1	99.7	689	0.0	1334
WP_004151449.1	WP_004899137.1	99.9	686	0.0	1416
WP_002913838.1	WP_002913838.1	100	686	0.0	1356
WP_015958337.1	WP_004224488.1	99.6	679	0.0	1327
WP_012068370.1	WP_004223054.1	99.3	685	0.0	1437
WP_012068523.1	WP_004224033.1	99.3	684	0.0	1350
WP_004901194.1	WP_004901194.1	100	683	0.0	1340
WP_004147607.1	WP_004147607.1	100	682	0.0	1251
WP_004145536.1	WP_004145536.1	100	682	0.0	1331
WP_009485287.1	WP_004224667.1	99.3	681	0.0	1353
WP_004151426.1	WP_004901172.1	99.9	680	0.0	1380
WP_004147052.1	WP_004222658.1	99.9	677	0.0	1347
WP_004145234.1	WP_004901315.1	99.9	677	0.0	1418
WP_004142478.1	WP_004142478.1	100	677	0.0	1333
WP_002912753.1	WP_002912753.1	100	677	0.0	1372
WP_015958526.1	WP_004898611.1	99.6	674	0.0	1326
WP_015959046.1	WP_004900808.1	99.4	673	0.0	1321
WP_004181641.1	WP_004181641.1	100	673	0.0	1326
WP_002895655.1	WP_004223766.1	99.9	673	0.0	1286
WP_041937738.1	WP_004221994.1	99.6	671	0.0	1375
WP_004180820.1	WP_004180820.1	100	671	0.0	1302
WP_015958953.1	WP_014599259.1	99.3	669	0.0	1301
WP_004210661.1	WP_004222103.1	99.9	669	0.0	1370
WP_020317212.1	WP_077251995.1	99.4	668	0.0	1253
WP_015958190.1	WP_004224120.1	99.4	668	0.0	1330
WP_015958791.1	WP_004899786.1	99.3	667	0.0	1293
WP_015958964.1	WP_004174438.1	99.5	664	0.0	1319
WP_004176164.1	WP_004199891.1	100	664	0.0	1256
WP_004149269.1	WP_004899767.1	99.8	664	0.0	1339
WP_002891638.1	WP_002891638.1	100	663	0.0	1338
WP_015958770.1	WP_004185003.1	98.8	662	0.0	1340
WP_004173963.1	WP_004901142.1	99.7	661	0.0	1348
WP_011977674.1	WP_004222718.1	99.7	660	0.0	1233
WP_004145639.1	WP_004899775.1	99.8	660	0.0	1335
WP_004149805.1	WP_032448102.1	99.8	658	0.0	1313
WP_041937658.1	WP_002912926.1	99.8	657	0.0	1338
WP_004194880.1	WP_014599043.1	99.8	657	0.0	1215
WP_002918632.1	WP_002918632.1	100	655	0.0	1257
WP_002907469.1	WP_004898574.1	99.7	653	0.0	1313
WP_002885145.1	WP_002885145.1	100	652	0.0	1352
WP_004147599.1	WP_004147599.1	100	651	0.0	1210
WP_015958566.1	WP_004898737.1	99.4	650	0.0	1272
WP_004148065.1	WP_004183670.1	99.7	648	0.0	1300
WP_015959297.1	WP_004222096.1	99.8	647	0.0	1295
WP_015958897.1	WP_004174618.1	98.8	647	0.0	1251
WP_015959071.1	WP_002918686.1	99.7	646	0.0	1255
WP_012068502.1	WP_004191149.1	99.5	646	0.0	1219
WP_004152191.1	WP_004186736.1	99.8	646	0.0	1257
WP_015958941.1	WP_004900414.1	99.5	645	0.0	1206
WP_004182874.1	WP_004182874.1	100	645	0.0	1273
WP_002918372.1	WP_002918372.1	100	644	0.0	1254
WP_002901787.1	WP_004224284.1	99.7	644	0.0	1274
WP_002901234.1	WP_002901234.1	100	644	0.0	1280
WP_004150943.1	WP_004150943.1	100	643	0.0	1043
WP_002910026.1	WP_002910026.1	100	642	0.0	1318
WP_002917680.1	WP_004900751.1	99.7	641	0.0	1251
WP_004146997.1	WP_004146997.1	100	638	0.0	1203
WP_015959319.1	WP_004146797.1	99.8	637	0.0	1281
WP_041937652.1	WP_004899334.1	99.4	636	0.0	1222
WP_015959311.1	WP_004222149.1	99.4	636	0.0	1239
WP_015958650.1	WP_004175456.1	99.8	636	0.0	1243
WP_002905759.1	WP_004898397.1	99.8	636	0.0	1273
WP_012068520.1	WP_004224028.1	99.7	635	0.0	1220
WP_004177229.1	WP_004177229.1	100	635	0.0	1148
WP_002922397.1	WP_002922397.1	100	635	0.0	1203
WP_009484163.1	WP_004901033.1	99.7	634	0.0	1078
WP_002894617.1	WP_002894617.1	100	633	0.0	1276
WP_004178598.1	WP_004147092.1	99.8	632	0.0	1061
WP_004873297.1	WP_004901924.1	99.5	631	0.0	1288
WP_002916844.1	WP_002916844.1	100	631	0.0	1253
WP_004144989.1	WP_004144989.1	100	629	0.0	1226
WP_041937634.1	WP_004224960.1	99.7	624	0.0	1264
WP_004177252.1	WP_004223019.1	99.8	624	0.0	1079
WP_004177228.1	WP_004177228.1	100	624	0.0	1217
WP_015958797.1	WP_004899821.1	99.0	622	0.0	1287
WP_011977723.1	WP_004222954.1	99.5	622	0.0	1263
WP_002882520.1	WP_002882520.1	100	622	0.0	1212
WP_004145992.1	WP_004222636.1	99.8	621	0.0	1148
WP_002916740.1	WP_002916740.1	100	621	0.0	1286
WP_012068354.1	WP_004144655.1	99.8	620	0.0	1238
WP_004222064.1	WP_004222064.1	100	619	0.0	1201
WP_004151710.1	WP_004183494.1	99.8	619	0.0	1182
WP_032425481.1	WP_004899450.1	99.2	618	0.0	1196
WP_004187300.1	WP_004901782.1	89.8	618	0.0	1144
WP_015958588.1	WP_004148702.1	99.7	617	0.0	1241
WP_004176533.1	WP_004140411.1	99.8	617	0.0	1199
WP_004149343.1	WP_004149343.1	100	616	0.0	1149
WP_002883173.1	WP_002883173.1	100	616	0.0	1201
WP_004180531.1	WP_004899446.1	99.8	615	0.0	1183
WP_002890400.1	WP_002890400.1	100	615	0.0	1144
WP_004149617.1	WP_004900323.1	99.8	614	0.0	1170
WP_015959132.1	WP_004901325.1	99.3	613	0.0	1198
WP_004174339.1	WP_004174339.1	100	613	0.0	1103
WP_004140895.1	WP_004899579.1	99.7	613	0.0	1182
WP_009485657.1	WP_004900276.1	99.5	610	0.0	1140
WP_004180741.1	WP_004149189.1	99.8	610	0.0	1141
WP_002911538.1	WP_004214380.1	99.8	610	0.0	1201
WP_008806727.1	WP_004150309.1	99.7	609	0.0	1154
WP_015958874.1	WP_004900095.1	99.7	608	0.0	1127
WP_004213315.1	WP_004152055.1	99.8	608	0.0	1209
WP_002917661.1	WP_004900731.1	99.7	607	0.0	1141
WP_002882755.1	WP_002882755.1	100	607	0.0	1189
WP_004147293.1	WP_004147293.1	100	605	0.0	1265
WP_000925242.1	WP_004213580.1	99.8	605	0.0	1196
WP_015958726.1	WP_004899487.1	99.5	603	0.0	1180
WP_002911425.1	WP_002911425.1	100	603	0.0	1199
WP_002913162.1	WP_004195340.1	100	598	0.0	1235
WP_015959084.1	WP_004150031.1	99.8	601	0.0	1111
WP_009307406.1	WP_004899502.1	99.5	601	0.0	1231
WP_004151065.1	WP_004151065.1	100	599	0.0	1174
WP_002914069.1	WP_002914069.1	100	599	0.0	1177
WP_015959279.1	WP_004222008.1	96.5	598	0.0	1110
WP_004176876.1	WP_004176876.1	100	597	0.0	1020
WP_041937598.1	WP_002898195.1	99.5	596	0.0	1165
WP_015959288.1	WP_004177727.1	99.7	596	0.0	1200
WP_015958854.1	WP_004151036.1	99.5	595	0.0	1173
WP_002911479.1	WP_002911479.1	100	595	0.0	1171
WP_004189551.1	WP_002908285.1	99.8	594	0.0	1235
WP_002884575.1	WP_004221825.1	99.5	594	0.0	1205
WP_015958611.1	WP_004175566.1	99.8	592	0.0	1134
WP_004147345.1	WP_004223030.1	99.7	592	0.0	1103
WP_002915510.1	WP_002915510.1	100	591	0.0	1201
WP_012068365.1	WP_004147344.1	99.8	590	0.0	1125
WP_015959064.1	WP_004222624.1	95.0	596	0.0	1025
WP_015959022.1	WP_032448015.1	63.8	580	8.04e-262	726
WP_002908294.1	WP_004898750.1	99.8	589	0.0	1120
WP_012068467.1	WP_004222624.1	95.5	596	0.0	1031
WP_011977637.1	WP_004222624.1	97.0	596	0.0	1034
WP_004179067.1	WP_004179067.1	100	588	0.0	1186
WP_002898017.1	WP_004224005.1	99.8	588	0.0	1124
WP_002888559.1	WP_002888559.1	100	588	0.0	1155
WP_004148784.1	WP_004898999.1	99.5	587	0.0	1183
WP_015958911.1	WP_004224386.1	68.7	588	2.94e-303	831
WP_004186498.1	WP_029884338.1	99.5	586	0.0	1184
WP_004150842.1	WP_004150842.1	100	586	0.0	1181
WP_002912990.1	WP_002912990.1	100	586	0.0	1160
WP_004147851.1	WP_004224030.1	99.8	585	0.0	1155
WP_004144263.1	WP_004899509.1	99.8	585	0.0	1190
WP_004892596.1	WP_004224386.1	99.7	584	0.0	1186
WP_002910924.1	WP_002910924.1	100	582	0.0	1166
WP_002898170.1	WP_002898170.1	100	582	0.0	1074
WP_015959001.1	WP_004149864.1	99.8	581	0.0	1155
WP_015958731.1	WP_002912827.1	99.8	581	0.0	1180
WP_015958644.1	WP_004211063.1	99.7	581	0.0	1174
WP_009308738.1	WP_004901100.1	99.8	581	0.0	1098
WP_012068479.1	WP_004223782.1	99.0	579	0.0	1142
WP_004893684.1	WP_004223434.1	99.8	577	0.0	1185
WP_004151452.1	WP_004899171.1	99.7	577	0.0	1132
WP_004149758.1	WP_004149758.1	100	577	0.0	1146
WP_002910885.1	WP_004899081.1	99.8	577	0.0	1098
WP_002886722.1	WP_004222110.1	99.7	577	0.0	1162
WP_004180827.1	WP_002913506.1	99.8	575	0.0	1083
WP_041937606.1	WP_004224125.1	99.3	574	0.0	1145
WP_002888534.1	WP_002888534.1	100	574	0.0	1140
WP_012068503.1	WP_004224003.1	99.3	573	0.0	1063
WP_041937711.1	WP_004176700.1	99.7	572	0.0	1129
WP_015958188.1	WP_004224117.1	99.7	572	0.0	1124
WP_011977713.1	WP_004222919.1	99.5	572	0.0	1169
WP_004151928.1	WP_004151928.1	100	572	0.0	1118
WP_015959145.1	WP_004901441.1	99.3	571	0.0	1119
WP_015958472.1	WP_004898458.1	98.9	571	0.0	1094
WP_004142787.1	WP_004900203.1	99.8	570	0.0	1159
WP_015958882.1	WP_004900126.1	99.5	569	0.0	1104
WP_011977646.1	WP_004177423.1	99.8	569	0.0	1137
WP_004151044.1	WP_004151044.1	100	569	0.0	1162
WP_015958495.1	WP_004898550.1	98.9	568	0.0	1125
WP_015958244.1	WP_004224349.1	98.8	568	0.0	1110
WP_040238101.1	WP_004898651.1	98.2	567	0.0	1111
WP_015958999.1	WP_004900700.1	99.8	567	0.0	1130
WP_012068363.1	WP_002891866.1	99.6	566	0.0	1161
WP_009483928.1	WP_004901394.1	99.3	566	0.0	1152
WP_015958637.1	WP_004899020.1	99.3	565	0.0	1127
WP_004149230.1	WP_004149230.1	100	565	0.0	1085
WP_002906125.1	WP_002906125.1	100	565	0.0	1119
WP_015958740.1	WP_004899497.1	99.5	564	0.0	1011
WP_020317136.1	WP_002912760.1	99.8	562	0.0	1068
WP_012068474.1	WP_004223750.1	99.6	562	0.0	1134
WP_004173858.1	WP_004173858.1	100	562	0.0	1098
WP_041937726.1	WP_002910904.1	99.8	561	0.0	1112
WP_004179131.1	WP_004179131.1	100	561	0.0	1070
WP_015958557.1	WP_004175750.1	99.8	559	0.0	1078
WP_012068461.1	WP_004223682.1	99.1	559	0.0	1055
WP_009307521.1	WP_004899213.1	99.3	559	0.0	1099
WP_004200291.1	WP_004200291.1	100	559	0.0	976
WP_004186817.1	WP_004222327.1	99.5	559	0.0	1158
WP_004173944.1	WP_004173944.1	100	559	0.0	1094
WP_041937684.1	WP_004901407.1	99.3	558	0.0	1137
WP_012068358.1	WP_004223003.1	98.9	558	0.0	1090
WP_004185353.1	WP_004185353.1	100	558	0.0	1137
WP_002892195.1	WP_002892195.1	100	558	0.0	1022
WP_004152427.1	WP_004152427.1	100	557	0.0	1134
WP_002898162.1	WP_004224015.1	99.8	557	0.0	1065
WP_015958757.1	WP_004214600.1	99.6	556	0.0	1109
WP_004176875.1	WP_004223659.1	99.6	556	0.0	1109
WP_012068405.1	WP_004191441.1	99.8	555	0.0	1120
WP_002917676.1	WP_002917676.1	100	555	0.0	1064
WP_002894753.1	WP_002894753.1	100	555	0.0	1144
WP_002887805.1	WP_002887805.1	100	555	0.0	1093
WP_015958920.1	WP_002915744.1	99.8	554	0.0	1086
WP_015958583.1	WP_004898806.1	98.6	554	0.0	1098
WP_004142489.1	WP_077251986.1	99.6	554	0.0	1155
WP_002894734.1	WP_002894734.1	100	554	0.0	1135
WP_040223984.1	WP_004159719.1	99.8	553	0.0	1079
WP_015959172.1	WP_004901568.1	99.3	553	0.0	1043
WP_015958819.1	WP_004174799.1	99.8	553	0.0	1045
WP_004176693.1	WP_004176693.1	100	552	0.0	1099
WP_041937637.1	WP_004898531.1	99.3	551	0.0	1013
WP_015959313.1	WP_004222166.1	98.7	551	0.0	1164
WP_015959107.1	WP_004901135.1	99.3	551	0.0	1071
WP_004190296.1	WP_004224644.1	99.3	551	0.0	1094
WP_004145968.1	WP_004211715.1	99.8	551	0.0	1141
WP_004143447.1	WP_004143447.1	100	551	0.0	1103
WP_002922413.1	WP_002922413.1	100	551	0.0	1025
WP_002907489.1	WP_002907489.1	100	551	0.0	1145
WP_024623073.1	WP_024623073.1	100	550	0.0	1030
WP_015959116.1	WP_004150117.1	99.6	550	0.0	1142
WP_004183528.1	WP_004176696.1	99.8	550	0.0	1110
WP_004176629.1	WP_004176629.1	100	550	0.0	1121
WP_004152246.1	WP_004224621.1	99.8	550	0.0	1103
WP_002892203.1	WP_002892203.1	100	550	0.0	1120
WP_004900760.1	WP_004900760.1	100	549	0.0	1040
WP_002884631.1	WP_004221841.1	99.6	551	0.0	1102
WP_004179678.1	WP_004179678.1	100	548	0.0	1108
WP_004150295.1	WP_004150295.1	100	548	0.0	1061
WP_002885441.1	WP_032448134.1	100	467	1.26e-314	853
WP_002885082.1	WP_002885082.1	100	548	0.0	1015
WP_002883142.1	WP_002883142.1	100	548	0.0	1089
WP_004180410.1	WP_004180410.1	100	547	0.0	1102
WP_004175044.1	WP_004899524.1	99.6	547	0.0	1051
WP_002901817.1	WP_002901817.1	100	547	0.0	1100
WP_002890060.1	WP_002890060.1	100	547	0.0	1100
WP_012068477.1	WP_004223770.1	99.6	546	0.0	1088
WP_002894773.1	WP_002894773.1	100	546	0.0	1079
WP_002883424.1	WP_002883424.1	100	546	0.0	1108
WP_032434369.1	WP_004222074.1	99.3	545	0.0	1086
WP_004142808.1	WP_004142808.1	100	545	0.0	1086
WP_002898390.1	WP_002898390.1	100	545	0.0	1070
WP_009486440.1	WP_002912994.1	99.8	544	0.0	1079
WP_004150305.1	WP_004150305.1	100	544	0.0	1098
WP_004148971.1	WP_004148971.1	100	544	0.0	997
WP_004148754.1	WP_004148754.1	100	544	0.0	1105
WP_004177864.1	WP_004177864.1	100	543	0.0	989
WP_015958191.1	WP_004224123.1	99.6	542	0.0	1090
WP_004151379.1	WP_004151379.1	100	542	0.0	1043
WP_004184169.1	WP_004898428.1	99.8	541	0.0	1108
WP_002888340.1	WP_004222643.1	99.8	541	0.0	1035
WP_015959094.1	WP_004901070.1	99.4	540	0.0	1095
WP_015958751.1	WP_004899549.1	99.6	540	0.0	1081
WP_015958722.1	WP_004899473.1	99.6	540	0.0	1075
WP_015958673.1	WP_004899238.1	98.7	540	0.0	1050
WP_002923307.1	WP_002923307.1	100	540	0.0	1056
WP_002906226.1	WP_002906226.1	100	540	0.0	1093
WP_015959129.1	WP_004901278.1	99.1	539	0.0	1033
WP_004180927.1	WP_004144357.1	99.6	539	0.0	1079
WP_015958476.1	WP_004898472.1	99.4	538	0.0	991
WP_004183910.1	WP_004183910.1	100	538	0.0	1048
WP_004176446.1	WP_004224309.1	99.8	538	0.0	1087
WP_004144346.1	WP_004144346.1	100	538	0.0	1063
WP_076750587.1	WP_004190310.1	100	536	0.0	1061
WP_004147039.1	WP_004147039.1	100	536	0.0	1018
WP_015958725.1	WP_004899483.1	98.9	535	0.0	1051
WP_015958433.1	WP_004224893.1	99.4	535	0.0	1066
WP_012068426.1	WP_004223595.1	99.4	535	0.0	1072
WP_011977659.1	WP_004222675.1	97.4	535	0.0	895
WP_009484203.1	WP_002921789.1	99.8	535	0.0	1092
WP_004181356.1	WP_004900707.1	99.6	535	0.0	1035
WP_004177824.1	WP_004177824.1	100	534	0.0	1067
WP_015959246.1	WP_002884559.1	99.8	533	0.0	1079
WP_015959045.1	WP_004149900.1	99.6	532	0.0	1051
WP_015958257.1	WP_004183804.1	62.7	533	3.13e-230	642
WP_004177397.1	WP_004222681.1	99.6	532	0.0	1055
WP_002906804.1	WP_004898553.1	99.8	532	0.0	1077
WP_004148109.1	WP_004148109.1	100	531	0.0	1027
WP_015958413.1	WP_004224801.1	99.4	530	0.0	1065
WP_002903245.1	WP_004224570.1	99.8	530	0.0	1026
WP_002895876.1	WP_002895876.1	100	530	0.0	1035
WP_015959244.1	WP_004901938.1	99.4	529	0.0	1028
WP_004151118.1	WP_004151118.1	100	529	0.0	1008
WP_002887711.1	WP_004222534.1	99.8	529	0.0	1055
WP_015958435.1	WP_004224908.1	99.1	528	0.0	1036
WP_004211022.1	WP_004899105.1	99.2	527	0.0	1014
WP_004151147.1	WP_002912435.1	99.8	527	0.0	986
WP_002911499.1	WP_002911499.1	100	527	0.0	1018
WP_015959261.1	WP_004221898.1	99.6	526	0.0	1021
WP_015958579.1	WP_004898788.1	99.2	526	0.0	1022
WP_012068483.1	WP_002895847.1	99.6	526	0.0	1054
WP_004210343.1	WP_004224576.1	100	504	0.0	970
WP_004151979.1	WP_004151979.1	100	525	0.0	1064
WP_015958384.1	WP_004224706.1	99.2	524	0.0	960
WP_004178594.1	WP_004178594.1	100	523	0.0	1014
WP_002917960.1	WP_002917960.1	100	523	0.0	981
WP_004173960.1	WP_004181484.1	99.6	522	0.0	1030
WP_004147422.1	WP_004223397.1	98.3	522	0.0	986
WP_004142499.1	WP_004223533.1	99.8	522	0.0	1031
WP_002895047.1	WP_002895047.1	100	522	0.0	1018
WP_004142378.1	WP_004142378.1	100	521	0.0	1021
WP_015958745.1	WP_004899499.1	99.6	520	0.0	1022
WP_015958439.1	WP_004224924.1	99.6	520	0.0	1011
WP_004176488.1	WP_004176488.1	100	520	0.0	1004
WP_002887473.1	WP_004222444.1	99.8	520	0.0	1074
WP_015959146.1	WP_002922953.1	99.6	519	0.0	1025
WP_012068368.1	WP_004142709.1	99.8	519	0.0	1032
WP_004145524.1	WP_004145524.1	100	519	0.0	974
WP_041937689.1	WP_004901757.1	99.2	518	0.0	1035
WP_015958414.1	WP_004224803.1	99.2	518	0.0	1035
WP_002914353.1	WP_002914353.1	100	518	0.0	1045
WP_004183630.1	WP_023282355.1	99.8	517	0.0	1062
WP_002921516.1	WP_002921516.1	100	517	0.0	1050
WP_041937650.1	WP_004184648.1	99.4	516	0.0	962
WP_004890240.1	WP_004174690.1	99.8	516	0.0	988
WP_015958485.1	WP_004148517.1	99.8	514	0.0	1076
WP_004190552.1	WP_004224342.1	99.6	514	0.0	1016
WP_004152046.1	WP_004901339.1	99.6	514	0.0	1013
WP_002884726.1	WP_004221855.1	99.8	514	0.0	1018
WP_002883174.1	WP_002883174.1	100	514	0.0	1005
WP_015959131.1	WP_002922346.1	99.8	513	0.0	993
WP_012068490.1	WP_004223829.1	99.4	513	0.0	1017
WP_004144995.1	WP_004144995.1	100	513	0.0	978
WP_002901979.1	WP_002901979.1	100	513	0.0	1008
WP_004179036.1	WP_004223664.1	99.6	512	0.0	995
WP_002914342.1	WP_004900055.1	99.8	512	0.0	989
WP_015958212.1	WP_004224221.1	99.2	511	0.0	977
WP_002910193.1	WP_002910193.1	100	511	0.0	1068
WP_002899104.1	WP_015874634.1	100	511	0.0	949
WP_041937641.1	WP_004898661.1	97.3	510	0.0	884
WP_015958241.1	WP_004224331.1	98.8	510	0.0	1009
WP_004186411.1	WP_004171439.1	99.6	510	0.0	1009
WP_004184044.1	WP_004224762.1	99.6	510	0.0	986
WP_002913839.1	WP_004149289.1	99.8	510	0.0	1003
WP_002910889.1	WP_002910889.1	100	510	0.0	1046
WP_004148265.1	WP_014599149.1	99.8	509	0.0	961
WP_002913146.1	WP_002913146.1	100	509	0.0	1001
WP_032422031.1	WP_004222627.1	99.8	508	0.0	994
WP_014907663.1	WP_004224604.1	99.6	508	0.0	959
WP_004893303.1	WP_004223753.1	99.6	508	0.0	966
WP_004188286.1	WP_004901121.1	99.8	507	3.57e-318	862
WP_004181476.1	WP_004901116.1	99.6	507	0.0	1001
WP_004174595.1	WP_004900254.1	99.6	507	0.0	994
WP_041937657.1	WP_002912876.1	99.6	506	0.0	985
WP_004212910.1	WP_004899995.1	99.6	506	0.0	947
WP_004190429.1	WP_004224471.1	99.8	506	0.0	972
WP_004174747.1	WP_004900022.1	99.6	506	0.0	1020
WP_002885173.1	WP_002885173.1	100	506	0.0	965
WP_002883134.1	WP_002883134.1	100	506	0.0	979
WP_015958949.1	WP_002916299.1	99.8	505	0.0	990
WP_004147437.1	WP_004147437.1	100	505	0.0	916
WP_002913213.1	WP_002913213.1	100	505	0.0	996
WP_002892491.1	WP_002892491.1	100	505	0.0	995
WP_004145871.1	WP_004222730.1	99.8	504	0.0	1010
WP_002911516.1	WP_002911516.1	100	504	0.0	988
WP_004198690.1	WP_004222059.1	99.4	503	0.0	979
WP_004150373.1	WP_004151860.1	99.8	503	0.0	972
WP_004148278.1	WP_004148278.1	100	503	0.0	956
WP_002922944.1	WP_002922944.1	100	503	0.0	1010
WP_002911522.1	WP_045145336.1	99.6	503	0.0	973
WP_002886954.1	WP_002886954.1	100	503	0.0	999
WP_015959098.1	WP_004901088.1	99.6	502	0.0	1010
WP_004150419.1	WP_002883220.1	100	499	0.0	960
WP_004147889.1	WP_004147889.1	100	502	0.0	966
WP_004140497.1	WP_004224180.1	99.8	502	0.0	1004
WP_041937639.1	WP_004151206.1	99.8	501	0.0	955
WP_015958514.1	WP_004151211.1	99.6	501	0.0	1013
WP_004146794.1	WP_004146794.1	100	501	0.0	998
WP_002882529.1	WP_002882529.1	100	501	0.0	963
WP_162467040.1	WP_004223622.1	99.0	500	0.0	964
WP_012068434.1	WP_004223603.1	98.4	500	0.0	974
WP_011977645.1	WP_004177424.1	99.8	500	0.0	1028
WP_004210619.1	WP_002886957.1	99.6	500	0.0	969
WP_004178330.1	WP_004178330.1	100	500	0.0	961
WP_004177782.1	WP_004177782.1	100	500	0.0	963
WP_002921436.1	WP_004901198.1	99.4	500	0.0	978
WP_002886772.1	WP_004222129.1	99.6	500	0.0	957
WP_012068414.1	WP_002893599.1	74.5	490	3.71e-269	738
WP_004175980.1	WP_004175980.1	100	499	4.52e-317	859
WP_004151555.1	WP_004151555.1	100	499	0.0	968
WP_004140136.1	WP_004140136.1	100	499	0.0	991
WP_002892820.1	WP_004223446.1	99.6	499	0.0	982
WP_012068439.1	WP_004176893.1	99.8	498	0.0	975
WP_004176095.1	WP_004224955.1	99.6	498	0.0	986
WP_002921200.1	WP_002921200.1	100	498	0.0	939
WP_004151936.1	WP_004222706.1	98.6	497	0.0	942
WP_004145022.1	WP_004901486.1	99.8	497	0.0	945
WP_041937677.1	WP_004900802.1	96.6	495	0.0	926
WP_004222484.1	WP_004222484.1	100	495	0.0	937
WP_004189225.1	WP_004899206.1	99.8	495	0.0	1035
WP_004150832.1	WP_004224052.1	99.6	495	0.0	982
WP_004147071.1	WP_004182923.1	99.8	495	0.0	978
WP_002918252.1	WP_002918252.1	100	495	0.0	937
WP_002917898.1	WP_004900826.1	99.8	495	0.0	999
WP_002908877.1	WP_004898831.1	99.6	495	0.0	1006
WP_004151810.1	WP_004223455.1	99.6	494	0.0	956
WP_004146908.1	WP_004222399.1	99.0	494	0.0	957
WP_004142660.1	WP_004142660.1	100	494	0.0	959
WP_074182042.1	WP_004181585.1	99.4	493	0.0	956
WP_004217942.1	WP_004143675.1	100	490	0.0	941
WP_015958719.1	WP_004149058.1	98.4	492	0.0	925
WP_015958217.1	WP_004224236.1	99.4	492	0.0	966
WP_004199663.1	WP_004142240.1	99.8	492	0.0	950
WP_004144309.1	WP_004144309.1	100	492	0.0	960
WP_004192000.1	WP_004145947.1	99.8	491	0.0	965
WP_004178749.1	WP_004178749.1	100	491	0.0	941
WP_004151795.1	WP_004151795.1	100	491	0.0	951
WP_004146456.1	WP_004146456.1	100	491	0.0	1016
WP_002911427.1	WP_004899141.1	99.8	491	0.0	993
WP_002883178.1	WP_004901819.1	99.8	491	0.0	964
WP_004174363.1	WP_014599265.1	99.8	490	0.0	890
WP_004147503.1	WP_004191424.1	99.6	490	0.0	957
WP_002921264.1	WP_004901169.1	99.8	490	0.0	944
WP_002896382.1	WP_002896382.1	100	490	0.0	940
WP_002895152.1	WP_004223711.1	99.6	490	0.0	961
WP_015959323.1	WP_004222216.1	98.6	489	0.0	905
WP_002918644.1	WP_002918644.1	100	489	0.0	949
WP_002912929.1	WP_002912929.1	100	489	0.0	961
WP_015958742.1	WP_004211510.1	99.4	488	0.0	974
WP_012737355.1	WP_004222460.1	99.6	488	0.0	976
WP_004187190.1	WP_002882885.1	99.8	488	0.0	983
WP_004151980.1	WP_004151980.1	100	488	0.0	920
WP_004147969.1	WP_004147969.1	100	488	0.0	941
WP_023300819.1	WP_004223521.1	99.6	487	0.0	982
WP_015958724.1	WP_004899479.1	99.4	487	0.0	981
WP_015958376.1	WP_004224666.1	99.2	487	0.0	961
WP_002913807.1	WP_002913807.1	100	487	0.0	936
WP_002910077.1	WP_002910077.1	100	486	0.0	967
WP_016530034.1	WP_004222796.1	99.4	485	0.0	955
WP_004151107.1	WP_004151107.1	100	485	0.0	905
WP_004150156.1	WP_004150156.1	100	484	0.0	959
WP_004148975.1	WP_004899241.1	99.8	484	0.0	987
WP_002906778.1	WP_002906778.1	100	484	0.0	946
WP_015958391.1	WP_004224730.1	99.4	483	0.0	968
WP_012068372.1	WP_002892023.1	99.8	483	0.0	947
WP_004181435.1	WP_004181435.1	100	483	0.0	891
WP_002883450.1	WP_002883450.1	100	483	0.0	944
WP_015959231.1	WP_002883420.1	99.8	482	0.0	896
WP_015958870.1	WP_004145759.1	99.8	482	0.0	979
WP_012068533.1	WP_004224048.1	99.0	482	0.0	927
WP_004151340.1	WP_004151340.1	100	482	0.0	946
WP_002916272.1	WP_002916272.1	100	482	0.0	904
WP_002889845.1	WP_004213888.1	99.8	482	0.0	937
WP_002882517.1	WP_002882517.1	100	482	0.0	934
WP_004176321.1	WP_004176321.1	100	481	0.0	952
WP_004144958.1	WP_004900934.1	99.8	481	0.0	927
WP_004143440.1	WP_004143440.1	100	481	0.0	916
WP_012068497.1	WP_004223986.1	99.6	480	0.0	958
WP_004184566.1	WP_004898893.1	99.4	480	0.0	967
WP_004152225.1	WP_004152225.1	100	480	0.0	998
WP_002914879.1	WP_002914879.1	100	480	0.0	888
WP_002911440.1	WP_002911440.1	100	480	0.0	912
WP_041937628.1	WP_004224547.1	99.2	479	0.0	923
WP_004211064.1	WP_004180417.1	99.8	479	0.0	972
WP_004153321.1	WP_002887064.1	100	479	0.0	943
WP_004149095.1	WP_004149095.1	100	479	0.0	915
WP_002887553.1	WP_002887553.1	100	479	0.0	957
WP_015958674.1	WP_004194290.1	99.6	478	0.0	928
WP_004177762.1	WP_002885424.1	99.8	478	0.0	936
WP_002914018.1	WP_004899871.1	99.8	478	0.0	926
WP_002912996.1	WP_002912996.1	100	478	0.0	912
WP_025367901.1	WP_014599250.1	99.4	477	0.0	1017
WP_015959366.1	WP_004222374.1	98.7	477	0.0	910
WP_015958714.1	WP_004899441.1	97.1	477	0.0	921
WP_015958603.1	WP_004180372.1	99.4	477	0.0	881
WP_015958499.1	WP_004180137.1	99.4	477	0.0	924
WP_011977675.1	WP_004177363.1	99.8	477	0.0	889
WP_004148845.1	WP_004148845.1	100	477	0.0	957
WP_002923111.1	WP_002923111.1	100	477	0.0	908
WP_002920564.1	WP_002920564.1	100	477	0.0	971
WP_002918420.1	WP_002918420.1	100	477	0.0	898
WP_002918376.1	WP_004149937.1	99.8	477	0.0	867
WP_002916858.1	WP_004174353.1	99.8	477	0.0	916
WP_002916322.1	WP_002916322.1	100	477	0.0	1014
WP_002913829.1	WP_004174870.1	99.8	477	0.0	998
WP_002900680.1	WP_002900680.1	100	477	0.0	920
WP_011977715.1	WP_004222931.1	99.4	476	0.0	920
WP_002903059.1	WP_002903059.1	100	476	0.0	906
WP_002887871.1	WP_004222586.1	99.8	476	0.0	907
WP_015958928.1	WP_004174521.1	99.6	475	0.0	1011
WP_012068366.1	WP_004142690.1	99.8	475	0.0	943
WP_004181094.1	WP_004181094.1	100	475	0.0	930
WP_004176980.1	WP_004223482.1	99.8	475	0.0	898
WP_004151216.1	WP_004175939.1	99.8	475	0.0	935
WP_004151060.1	WP_004151060.1	100	475	0.0	967
WP_015959394.1	WP_004222557.1	99.4	474	0.0	912
WP_015958872.1	WP_004900086.1	99.4	474	0.0	976
WP_015958684.1	WP_004899361.1	99.8	474	0.0	966
WP_015958342.1	WP_004224501.1	96.0	473	0.0	871
WP_004175414.1	WP_004175414.1	100	474	0.0	964
WP_004148352.1	WP_004148352.1	100	474	0.0	909
WP_002894730.1	WP_002894730.1	100	474	0.0	946
WP_002888731.1	WP_002888731.1	100	474	0.0	933
WP_015958546.1	WP_029884560.1	98.3	473	0.0	919
WP_004888415.1	WP_004899887.1	99.2	473	2.16e-317	858
WP_004210603.1	WP_004900233.1	99.6	473	0.0	914
WP_004174229.1	WP_004900756.1	99.8	473	0.0	880
WP_004148871.1	WP_004899180.1	98.9	472	0.0	892
WP_002916001.1	WP_002916001.1	100	473	0.0	906
WP_002898595.1	WP_004224053.1	99.6	473	0.0	953
WP_015959062.1	WP_002918461.1	99.8	472	0.0	967
WP_015958899.1	WP_004900250.1	98.9	472	0.0	932
WP_015958780.1	WP_004145598.1	99.6	472	0.0	960
WP_004210086.1	WP_004898679.1	99.6	472	0.0	931
WP_004186710.1	WP_004222169.1	99.8	472	0.0	914
WP_004151932.1	WP_004191940.1	99.8	472	0.0	900
WP_015958620.1	WP_004898990.1	97.2	471	0.0	881
WP_004218080.1	WP_004218080.1	100	471	0.0	907
WP_004149057.1	WP_004151136.1	99.8	471	0.0	890
WP_002884942.1	WP_002884942.1	100	471	0.0	908
WP_015958940.1	WP_014599252.1	99.1	470	0.0	915
WP_004180141.1	WP_004898563.1	99.8	470	0.0	915
WP_004144547.1	WP_004144547.1	100	470	0.0	956
WP_002917899.1	WP_002917899.1	100	470	0.0	972
WP_002908859.1	WP_002908859.1	100	470	0.0	897
WP_002887384.1	WP_004222417.1	99.8	470	0.0	947
WP_002890161.1	WP_004222908.1	99.8	469	0.0	924
WP_002882753.1	WP_002882753.1	100	469	0.0	946
WP_002882749.1	WP_002882749.1	100	469	0.0	922
WP_073553611.1	WP_002915162.1	99.6	468	0.0	889
WP_032428537.1	WP_004145929.1	99.8	468	0.0	921
WP_015958700.1	WP_004899420.1	97.0	468	0.0	891
WP_004143698.1	WP_004898411.1	99.8	468	0.0	918
WP_004140511.1	WP_004140511.1	100	468	0.0	941
WP_002915313.1	WP_002915313.1	100	468	0.0	957
WP_015959296.1	WP_002886688.1	99.8	467	0.0	884
WP_015958783.1	WP_004899754.1	99.6	467	0.0	876
WP_004213212.1	WP_004213212.1	100	467	0.0	894
WP_004152230.1	WP_004152230.1	100	467	0.0	968
WP_004151534.1	WP_004151534.1	100	467	0.0	913
WP_074182028.1	WP_004200343.1	99.4	466	0.0	941
WP_012068387.1	WP_004223403.1	98.9	466	0.0	999
WP_004177417.1	WP_004177417.1	100	466	0.0	921
WP_002914970.1	WP_002914970.1	100	466	0.0	969
WP_002903315.1	WP_004224578.1	99.8	466	0.0	906
WP_002898206.1	WP_002898206.1	100	466	0.0	939
WP_002889795.1	WP_002889795.1	100	466	0.0	882
WP_002885681.1	WP_002885681.1	100	466	0.0	891
WP_002883016.1	WP_002883016.1	100	466	0.0	941
WP_015958895.1	WP_004900241.1	98.7	465	0.0	899
WP_004190009.1	WP_004224912.1	98.7	465	0.0	887
WP_004151214.1	WP_004151214.1	100	465	0.0	941
WP_002901917.1	WP_002901917.1	100	465	0.0	942
WP_002882539.1	WP_002882539.1	100	465	0.0	875
WP_071526609.1	WP_071526609.1	100	464	0.0	926
WP_021468889.1	WP_004901246.1	99.6	464	3.67e-259	709
WP_015959242.1	WP_004895017.1	99.6	464	0.0	888
WP_015958733.1	WP_004149097.1	99.8	464	0.0	957
WP_014907456.1	WP_004898709.1	99.6	463	1.93e-316	854
WP_002922962.1	WP_004901448.1	99.6	464	0.0	921
WP_002916587.1	WP_002916587.1	100	464	0.0	893
WP_015959165.1	WP_002923280.1	99.8	463	0.0	901
WP_015959144.1	WP_004150226.1	99.6	463	0.0	869
WP_015958798.1	WP_004899825.1	99.6	463	1.86e-263	720
WP_015958235.1	WP_004224290.1	95.5	463	7.28e-291	790
WP_015958221.1	WP_004151918.1	99.8	463	2.87e-304	823
WP_004191747.1	WP_004151345.1	99.8	463	0.0	886
WP_004184088.1	WP_004224854.1	99.6	463	0.0	895
WP_004141463.1	WP_004141463.1	100	463	0.0	905
WP_023325351.1	WP_004900511.1	99.6	462	0.0	870
WP_015958390.1	WP_004224726.1	99.6	461	0.0	891
WP_004186109.1	WP_004901328.1	98.5	462	7.31e-318	858
WP_004183139.1	WP_004183139.1	100	462	0.0	914
WP_004175568.1	WP_004175568.1	100	462	0.0	902
WP_004143947.1	WP_004900298.1	99.4	462	0.0	875
WP_002903386.1	WP_002903386.1	100	462	0.0	872
WP_032428115.1	WP_004222371.1	98.7	461	3.07e-314	848
WP_004145935.1	WP_004145935.1	100	461	0.0	896
WP_004143010.1	WP_004191607.1	99.8	461	0.0	927
WP_002905540.1	WP_004176074.1	100	460	0.0	923
WP_000475512.1	WP_004213577.1	99.3	461	1.71e-320	864
WP_023283774.1	WP_004151231.1	99.8	460	0.0	889
WP_015958481.1	WP_004898499.1	99.6	460	0.0	955
WP_004183892.1	WP_004183892.1	100	460	3.42e-320	863
WP_004147672.1	WP_004147672.1	100	460	0.0	880
WP_004144997.1	WP_004144997.1	100	460	0.0	889
WP_002910201.1	WP_002910201.1	100	460	0.0	941
WP_002887800.1	WP_002887800.1	100	460	0.0	896
WP_015959147.1	WP_004150228.1	99.6	459	0.0	898
WP_015958272.1	WP_004224421.1	99.6	459	0.0	884
WP_004190382.1	WP_004224515.1	99.8	459	3.32e-278	757
WP_004177284.1	WP_004222905.1	99.8	459	0.0	884
WP_004176204.1	WP_014599164.1	99.1	459	0.0	876
WP_004174227.1	WP_004900767.1	99.8	458	0.0	900
WP_004151902.1	WP_004151902.1	100	459	0.0	885
WP_041937665.1	WP_004185466.1	99.1	458	0.0	921
WP_040145971.1	WP_004223813.1	99.6	458	0.0	964
WP_004181304.1	WP_014599261.1	99.1	456	0.0	900
WP_004151811.1	WP_004178890.1	99.3	458	0.0	867
WP_002919153.1	WP_002919153.1	100	458	0.0	878
WP_002913076.1	WP_029884298.1	99.3	458	0.0	918
WP_041937701.1	WP_004222132.1	99.6	457	0.0	927
WP_015958274.1	WP_004151591.1	99.8	457	0.0	886
WP_012068448.1	WP_004142371.1	99.8	457	8.00e-308	832
WP_004148609.1	WP_004148609.1	100	457	1.24e-311	842
WP_004146283.1	WP_004146283.1	100	457	0.0	892
WP_002920252.1	WP_002920252.1	100	457	0.0	899
WP_002890348.1	WP_002890348.1	100	457	0.0	885
WP_002882898.1	WP_002882898.1	100	457	0.0	874
WP_002882745.1	WP_002882745.1	100	457	0.0	919
WP_074195474.1	WP_004224794.1	99.6	445	0.0	893
WP_015958816.1	WP_004899936.1	98.9	456	0.0	902
WP_015958654.1	WP_004184658.1	99.3	456	1.49e-307	831
WP_004180160.1	WP_004180160.1	100	456	0.0	955
WP_004176557.1	WP_004176557.1	100	456	0.0	905
WP_004173839.1	WP_004151550.1	99.6	456	4.01e-312	843
WP_004147090.1	WP_004147090.1	100	456	0.0	883
WP_004146105.1	WP_004146105.1	100	456	0.0	895
WP_002923153.1	WP_002923153.1	100	456	0.0	886
WP_002892640.1	WP_002892640.1	100	456	7.58e-317	855
WP_015959201.1	WP_004150366.1	99.8	455	1.21e-319	862
WP_015958550.1	WP_004898695.1	99.3	455	0.0	890
WP_009486185.1	WP_002912678.1	99.3	455	0.0	922
WP_004210407.1	WP_002889632.1	99.8	455	0.0	894
WP_004174125.1	WP_004900929.1	99.8	455	2.61e-312	843
WP_002915259.1	WP_002915259.1	100	455	0.0	898
WP_002915258.1	WP_002915258.1	100	455	0.0	900
WP_041937686.1	WP_004186228.1	99.8	454	3.01e-306	828
WP_015959224.1	WP_004901855.1	99.8	454	0.0	876
WP_015958380.1	WP_002903916.1	99.8	454	7.20e-298	806
WP_004189044.1	WP_004899495.1	99.6	454	0.0	942
WP_004186273.1	WP_004186273.1	100	454	0.0	874
WP_004151445.1	WP_004151445.1	100	454	0.0	911
WP_004144660.1	WP_004222997.1	99.8	454	4.56e-317	855
WP_002914152.1	WP_002914152.1	100	454	3.57e-298	807
WP_002891473.1	WP_004177260.1	99.8	454	0.0	870
WP_002888345.1	WP_002888345.1	100	454	0.0	876
WP_004152001.1	WP_004152001.1	100	453	0.0	905
WP_004151205.1	WP_004898607.1	99.3	453	0.0	880
WP_004144192.1	WP_004899464.1	99.8	453	0.0	925
WP_015959373.1	WP_004222447.1	99.6	452	0.0	876
WP_012737378.1	WP_004222560.1	99.1	452	0.0	881
WP_009484642.1	WP_004224272.1	99.1	452	0.0	876
WP_004177411.1	WP_004222665.1	99.8	452	3.35e-318	858
WP_004148994.1	WP_004148994.1	100	452	0.0	873
WP_004148091.1	WP_004148091.1	100	452	0.0	871
WP_002894151.1	WP_002894151.1	100	452	0.0	877
WP_015959128.1	WP_004901270.1	99.3	451	8.68e-309	834
WP_015958651.1	WP_004899103.1	99.6	451	0.0	900
WP_004151702.1	WP_004151702.1	100	451	2.08e-300	813
WP_002920333.1	WP_004901073.1	99.8	451	0.0	884
WP_041937680.1	WP_002921271.1	99.8	450	0.0	910
WP_032432406.1	WP_004899449.1	98.7	450	0.0	874
WP_015958359.1	WP_004224612.1	99.1	450	0.0	870
WP_009485662.1	WP_004900305.1	98.7	450	3.50e-319	860
WP_004186565.1	WP_004221977.1	99.6	450	0.0	928
WP_004177661.1	WP_004222163.1	99.6	450	1.36e-316	853
WP_004177358.1	WP_004177358.1	100	450	0.0	873
WP_004152265.1	WP_004152265.1	100	450	0.0	875
WP_002915225.1	WP_002915225.1	100	450	0.0	885
WP_004146591.1	WP_004146591.1	100	449	8.47e-315	849
WP_002918738.1	WP_004174096.1	99.8	449	0.0	895
WP_002885079.1	WP_002885079.1	100	449	3.76e-302	817
WP_004186365.1	WP_004901848.1	99.6	448	0.0	870
WP_004148093.1	WP_004148093.1	100	448	0.0	898
WP_002913019.1	WP_002913019.1	100	448	0.0	882
WP_015959291.1	WP_004178335.1	95.6	450	5.46e-297	804
WP_015958727.1	WP_002912743.1	99.8	447	6.64e-311	839
WP_015958243.1	WP_014599135.1	99.8	446	0.0	884
WP_004212073.1	WP_004224995.1	99.8	447	2.26e-318	858
WP_004176526.1	WP_004176526.1	100	447	0.0	878
WP_004151959.1	WP_004900366.1	99.3	447	0.0	901
WP_004144895.1	WP_004144895.1	100	447	0.0	902
WP_002907549.1	WP_002907549.1	100	447	0.0	884
WP_002898137.1	WP_004224013.1	99.6	447	0.0	880
WP_002889702.1	WP_002889702.1	100	447	0.0	893
WP_002887650.1	WP_004222511.1	100	447	1.59e-318	858
WP_016947153.1	WP_004899025.1	99.3	446	1.24e-319	861
WP_015958348.1	WP_004224541.1	99.6	446	0.0	877
WP_004217197.1	WP_009307654.1	99.8	445	0.0	907
WP_004185436.1	WP_004900218.1	99.8	446	0.0	925
WP_004151375.1	WP_004151375.1	100	446	7.00e-301	813
WP_002920773.1	WP_002920773.1	100	446	8.72e-311	838
WP_002915223.1	WP_002915223.1	100	446	0.0	910
WP_002884148.1	WP_004192681.1	99.8	446	1.92e-314	848
WP_015959168.1	WP_004901558.1	99.3	445	3.43e-296	801
WP_009308842.1	WP_077264482.1	99.6	445	2.25e-299	810
WP_004214933.1	WP_004183313.1	99.8	445	0.0	874
WP_004174520.1	WP_004174520.1	100	445	5.93e-313	844
WP_004150285.1	WP_032448124.1	99.6	445	0.0	886
WP_004149357.1	WP_004149357.1	100	445	3.36e-319	860
WP_004143425.1	WP_002904838.1	99.6	445	0.0	866
WP_002918370.1	WP_004900886.1	99.8	445	1.77e-320	863
WP_002914972.1	WP_002914972.1	100	445	0.0	942
WP_002913158.1	WP_002913158.1	100	445	0.0	920
WP_002886718.1	WP_002886718.1	100	445	2.64e-300	812
WP_015959208.1	WP_002882917.1	98.4	444	3.04e-310	837
WP_012068408.1	WP_004223519.1	99.3	444	0.0	874
WP_002892484.1	WP_002892484.1	100	444	4.91e-316	852
WP_015959243.1	WP_004901934.1	99.3	443	1.07e-314	848
WP_015959079.1	WP_002919515.1	99.8	443	1.25e-313	845
WP_004200322.1	WP_004145486.1	99.8	443	7.53e-315	848
WP_004181656.1	WP_004152060.1	99.8	443	0.0	916
WP_004149911.1	WP_004149911.1	100	443	0.0	872
WP_004149616.1	WP_004149616.1	100	443	0.0	866
WP_002914082.1	WP_002914082.1	100	443	3.90e-317	854
WP_002895749.1	WP_002895749.1	100	443	0.0	871
WP_032428100.1	WP_004173854.1	99.5	441	8.91e-320	861
WP_004210049.1	WP_002885393.1	99.8	442	0.0	886
WP_004145056.1	WP_004145056.1	100	442	0.0	888
WP_004143438.1	WP_004151635.1	99.8	442	0.0	899
WP_015958350.1	WP_004224544.1	99.1	441	1.02e-311	840
WP_015958218.1	WP_004224239.1	98.2	441	1.30e-314	848
WP_004141985.1	WP_004141985.1	100	441	0.0	887
WP_015959171.1	WP_002923306.1	99.8	440	0.0	899
WP_015959086.1	WP_002920241.1	99.5	440	0.0	900
WP_012068538.1	WP_002898810.1	99.5	440	3.93e-304	821
WP_004176197.1	WP_002904792.1	99.5	440	0.0	874
WP_004150118.1	WP_004150118.1	100	440	5.59e-304	821
WP_004148701.1	WP_004148701.1	100	440	0.0	871
WP_002923156.1	WP_002923156.1	100	440	7.57e-318	856
WP_002922139.1	WP_002922139.1	100	440	0.0	917
WP_002913360.1	WP_002913360.1	100	440	0.0	892
WP_002898189.1	WP_002898189.1	100	440	7.57e-318	856
WP_002887787.1	WP_048267181.1	99.8	440	1.26e-310	838
WP_015958679.1	WP_004899343.1	99.8	439	0.0	864
WP_004178432.1	WP_004178432.1	100	439	0.0	914
WP_004153329.1	WP_004223744.1	99.5	405	6.20e-299	806
WP_004148858.1	WP_004899155.1	99.5	439	3.46e-318	857
WP_004144627.1	WP_004144627.1	100	439	1.39e-308	832
WP_015959257.1	WP_004151748.1	99.5	438	5.95e-298	805
WP_004174008.1	WP_004901106.1	99.8	438	0.0	884
WP_004151364.1	WP_004147075.1	99.8	438	1.85e-317	855
WP_004148224.1	WP_004224503.1	99.8	438	0.0	880
WP_002920542.1	WP_002920542.1	100	438	3.44e-297	803
WP_002916483.1	WP_002916483.1	100	438	0.0	878
WP_015958236.1	WP_004224298.1	99.5	437	0.0	869
WP_011977681.1	WP_004177351.1	98.4	437	0.0	871
WP_004214467.1	WP_004179068.1	99.1	441	1.40e-104	315
WP_004146659.1	WP_004146659.1	100	437	9.12e-297	802
WP_041937579.1	WP_004222654.1	99.3	436	2.52e-314	847
WP_015959322.1	WP_004222206.1	98.6	436	1.63e-319	860
WP_015958774.1	WP_002913358.1	99.8	436	4.66e-310	836
WP_015958358.1	WP_004151561.1	99.5	436	2.63e-316	852
WP_004184146.1	WP_004224957.1	99.5	436	0.0	893
WP_004151076.1	WP_004900247.1	99.8	436	1.59e-317	855
WP_015959312.1	WP_004192387.1	99.8	435	1.57e-312	842
WP_015958210.1	WP_004224218.1	99.1	435	0.0	883
WP_004177243.1	WP_004223049.1	99.8	435	5.43e-320	861
WP_029602897.1	WP_004192658.1	99.8	434	5.44e-320	861
WP_004175275.1	WP_004899380.1	99.3	434	3.21e-300	811
WP_004174638.1	WP_004900214.1	99.8	434	2.00e-319	859
WP_004151505.1	WP_004901427.1	99.8	434	3.27e-309	833
WP_004147414.1	WP_004223389.1	99.8	434	0.0	868
WP_004146012.1	WP_002887901.1	99.8	434	1.14e-309	835
WP_002900778.1	WP_002900778.1	100	434	3.99e-319	858
WP_002892192.1	WP_002892192.1	100	434	0.0	887
WP_012068468.1	WP_004222622.1	99.3	433	5.85e-291	787
WP_004188415.1	WP_004222622.1	99.5	433	2.90e-291	788
WP_004181423.1	WP_004222622.1	99.8	433	1.01e-291	789
WP_004176990.1	WP_004176990.1	100	433	0.0	872
WP_004140030.1	WP_004224582.1	99.5	433	1.15e-313	845
WP_002917905.1	WP_002917905.1	100	433	4.68e-313	843
WP_002895884.1	WP_004223819.1	99.8	433	2.73e-319	859
WP_002885423.1	WP_002885423.1	100	433	1.75e-292	791
WP_015958996.1	WP_004900687.1	99.5	432	3.56e-312	841
WP_015958431.1	WP_004224882.1	99.3	432	6.60e-292	790
WP_009307557.1	WP_004899088.1	99.5	432	0.0	866
WP_004147333.1	WP_004147333.1	100	432	3.06e-297	803
WP_004144368.1	WP_004144368.1	100	432	1.62e-308	832
WP_002915213.1	WP_002915213.1	100	432	1.04e-304	822
WP_002913617.1	WP_004174915.1	99.5	432	1.92e-316	852
WP_002885665.1	WP_002885665.1	100	432	0.0	865
WP_015959078.1	WP_004185891.1	99.1	431	0.0	865
WP_011977721.1	WP_002890344.1	99.8	431	9.14e-319	857
WP_004152313.1	WP_004175494.1	99.8	431	1.08e-301	814
WP_004148305.1	WP_004148305.1	100	431	1.87e-302	816
WP_002920566.1	WP_002920566.1	100	431	0.0	873
WP_002884357.1	WP_002884357.1	100	431	7.31e-320	860
WP_015958944.1	WP_004900421.1	99.3	430	2.01e-301	813
WP_015958402.1	WP_002904794.1	99.8	430	0.0	876
WP_004152079.1	WP_004213579.1	99.3	430	1.44e-310	837
WP_004146918.1	WP_004146918.1	100	430	1.76e-311	839
WP_002898139.1	WP_002898139.1	100	430	9.49e-316	850
WP_002895066.1	WP_002895066.1	100	430	4.51e-210	582
WP_012068516.1	WP_004224023.1	99.5	429	9.64e-304	819
WP_012068475.1	WP_004223758.1	99.5	429	0.0	870
WP_004184985.1	WP_004899574.1	99.8	429	4.17e-314	845
WP_004152098.1	WP_004900421.1	86.4	427	6.84e-256	698
WP_004151070.1	WP_004151070.1	100	429	1.15e-295	799
WP_002913045.1	WP_002913045.1	100	429	2.95e-298	805
WP_002884747.1	WP_002884747.1	100	429	0.0	882
WP_032428031.1	WP_004211958.1	98.8	428	0.0	877
WP_015959089.1	WP_004901053.1	99.1	428	2.65e-236	649
WP_015958792.1	WP_002913824.1	99.8	428	1.09e-288	781
WP_004177748.1	WP_004146704.1	67.1	428	1.44e-193	540
WP_004152876.1	WP_004152876.1	100	428	3.25e-306	825
WP_004149392.1	WP_004149392.1	100	428	2.50e-294	795
WP_004148804.1	WP_004148804.1	100	428	9.13e-297	801
WP_002921438.1	WP_004901201.1	99.8	428	1.97e-291	788
WP_002915998.1	WP_004900363.1	99.3	428	0.0	865
WP_002913953.1	WP_002913953.1	100	428	3.68e-320	861
WP_002888329.1	WP_002888329.1	100	428	2.56e-303	818
WP_015958544.1	WP_004898684.1	97.4	427	5.91e-313	842
WP_012068507.1	WP_002898157.1	99.8	427	1.81e-307	828
WP_011977690.1	WP_004222802.1	99.5	427	3.14e-308	830
WP_009485289.1	WP_002903724.1	99.8	427	7.07e-305	822
WP_004175116.1	WP_004175116.1	100	427	1.81e-307	828
WP_004152363.1	WP_004152363.1	100	427	1.40e-295	798
WP_004147893.1	WP_002898921.1	99.8	427	0.0	867
WP_004142122.1	WP_004142122.1	100	427	6.60e-310	835
WP_002918453.1	WP_002918453.1	100	427	1.20e-296	801
WP_002911387.1	WP_004215051.1	99.8	427	1.05e-306	827
WP_002894943.1	WP_002894943.1	100	427	0.0	865
WP_011977630.1	WP_002887863.1	99.8	426	1.63e-314	846
WP_004146725.1	WP_004146725.1	100	426	3.78e-304	820
WP_002921927.1	WP_002921927.1	100	426	1.48e-319	859
WP_002898585.1	WP_004224051.1	99.8	426	0.0	866
WP_002889272.1	WP_002889272.1	100	426	5.08e-318	855
WP_015959255.1	WP_004221850.1	99.1	425	2.16e-298	805
WP_015958808.1	WP_002914002.1	99.5	425	2.06e-312	841
WP_004174005.1	WP_004174005.1	100	425	1.63e-293	793
WP_004146034.1	WP_004146034.1	100	425	1.17e-286	776
WP_002912654.1	WP_002912654.1	100	425	1.00e-303	819
WP_015958440.1	WP_004224926.1	98.3	424	9.09e-295	796
WP_004151574.1	WP_004151574.1	100	424	5.57e-320	860
WP_004151139.1	WP_004149053.1	99.8	424	6.26e-286	774
WP_004149335.1	WP_004149335.1	100	424	6.92e-315	847
WP_004145263.1	WP_002922499.1	99.8	424	1.05e-309	834
WP_002908869.1	WP_002908869.1	100	424	1.34e-312	841
WP_002907740.1	WP_002907740.1	100	424	1.20e-315	849
WP_002891807.1	WP_002891807.1	100	424	5.00e-308	830
WP_002888565.1	WP_002888565.1	100	424	3.04e-293	792
WP_023282557.1	WP_004224704.1	99.5	423	6.40e-315	847
WP_015959113.1	WP_004901177.1	98.1	422	1.19e-294	796
WP_011977820.1	WP_004183665.1	63.0	419	7.37e-186	520
WP_004177240.1	WP_004177240.1	100	423	0.0	870
WP_004152715.1	WP_004183665.1	63.6	420	7.37e-186	520
WP_004151052.1	WP_004900117.1	99.8	423	2.02e-302	815
WP_002922458.1	WP_002922458.1	100	423	7.56e-259	705
WP_015958765.1	WP_002913219.1	99.5	422	3.51e-307	827
WP_012068438.1	WP_004151656.1	99.5	422	1.10e-310	836
WP_012068407.1	WP_004223514.1	98.6	422	8.05e-313	842
WP_004147849.1	WP_004224029.1	99.8	422	7.09e-307	827
WP_002889846.1	WP_004222804.1	99.5	422	1.23e-307	828
WP_322972623.1	WP_004180373.1	99.8	417	3.70e-312	840
WP_041937624.1	WP_004183665.1	85.5	421	1.48e-271	737
WP_015959203.1	WP_004901710.1	99.3	421	8.19e-301	811
WP_009485280.1	WP_004224682.1	99.0	421	5.52e-299	806
WP_004176744.1	WP_004176744.1	100	421	0.0	881
WP_004176258.1	WP_004176258.1	100	421	2.80e-292	790
WP_004152360.1	WP_004183665.1	99.8	421	5.24e-313	842
WP_002920814.1	WP_004901113.1	99.3	421	2.19e-305	823
WP_002883222.1	WP_004901832.1	99.8	421	5.86e-310	834
WP_015959363.1	WP_004222365.1	98.6	420	2.95e-298	805
WP_015959221.1	WP_004186361.1	99.8	420	8.98e-309	831
WP_004176135.1	WP_004224876.1	99.8	420	9.67e-288	778
WP_004146726.1	WP_004146726.1	100	420	2.74e-248	678
WP_002915990.1	WP_002915990.1	100	420	1.97e-312	840
WP_002894162.1	WP_004223614.1	99.0	420	8.29e-289	781
WP_002888625.1	WP_002888625.1	100	420	2.88e-305	822
WP_015959359.1	WP_004222353.1	99.0	419	0.0	864
WP_015958752.1	WP_004899550.1	99.8	419	1.75e-310	835
WP_015958434.1	WP_004224897.1	98.1	419	6.87e-292	788
WP_004190425.1	WP_004148215.1	98.8	419	3.76e-320	860
WP_004150375.1	WP_004150375.1	100	419	2.44e-319	858
WP_002918382.1	WP_002918382.1	100	419	8.53e-302	813
WP_002883293.1	WP_002883293.1	100	419	2.19e-304	820
WP_041937723.1	WP_004175561.1	99.8	418	5.04e-314	844
WP_004147504.1	WP_002893489.1	99.8	418	2.07e-297	802
WP_002922359.1	WP_004901319.1	99.8	418	3.77e-320	860
WP_002910404.1	WP_002910404.1	100	418	2.03e-288	780
WP_011977704.1	WP_004147253.1	99.3	417	9.12e-280	758
WP_011977665.1	WP_004222684.1	99.5	417	5.83e-308	829
WP_004174538.1	WP_004900318.1	99.8	417	2.05e-292	790
WP_004144787.1	WP_004900584.1	99.3	416	7.81e-297	801
WP_003846917.1	WP_004176258.1	61.9	381	3.42e-168	475
WP_002914027.1	WP_002914027.1	100	417	5.00e-309	832
WP_002901255.1	WP_002901255.1	100	417	1.10e-312	841
WP_015959280.1	WP_004222011.1	99.5	416	1.85e-299	807
WP_004188107.1	WP_014599283.1	99.5	416	2.21e-291	787
WP_004176293.1	WP_004176293.1	100	416	4.87e-295	796
WP_004150800.1	WP_004224141.1	99.8	416	3.39e-311	837
WP_002904899.1	WP_004176165.1	99.8	416	2.05e-312	840
WP_002883312.1	WP_002883312.1	100	416	6.34e-291	786
WP_002917895.1	WP_004900820.1	99.8	415	2.24e-279	756
WP_002898698.1	WP_004224055.1	99.3	415	7.08e-308	828
WP_015959055.1	WP_004900870.1	99.3	414	8.77e-297	800
WP_004176565.1	WP_004176565.1	100	414	9.80e-294	793
WP_004174030.1	WP_004174030.1	100	414	4.98e-287	776
WP_004142570.1	WP_004191456.1	99.8	414	2.47e-287	776
WP_002920813.1	WP_004150081.1	99.8	414	1.77e-296	800
WP_002895730.1	WP_002895730.1	100	414	9.04e-315	846
WP_002889742.1	WP_002889742.1	100	414	1.14e-319	858
WP_015958997.1	WP_002916864.1	99.5	413	3.36e-305	822
WP_004894536.1	WP_014599029.1	99.0	413	3.69e-293	791
WP_004179945.1	WP_004224900.1	99.5	413	2.68e-311	837
WP_004178989.1	WP_004183365.1	99.8	413	0.0	862
WP_004147732.1	WP_004223833.1	99.8	413	1.40e-297	802
WP_004147525.1	WP_004223589.1	99.8	413	3.70e-277	751
WP_002916000.1	WP_002916000.1	100	413	1.71e-298	805
WP_002913421.1	WP_002913421.1	100	413	2.18e-285	771
WP_002900666.1	WP_004224089.1	99.8	413	2.83e-297	801
WP_015958399.1	WP_004184017.1	99.8	412	1.22e-270	734
WP_004175207.1	WP_004175207.1	100	412	6.75e-284	768
WP_004147186.1	WP_002889703.1	99.8	412	5.60e-308	828
WP_004141764.1	WP_004224024.1	99.0	412	2.40e-293	791
WP_002894156.1	WP_004223608.1	98.8	412	2.55e-304	819
WP_012068488.1	WP_004223826.1	99.0	411	1.52e-300	810
WP_004154521.1	WP_004899714.1	99.8	411	2.84e-280	758
WP_002894159.1	WP_004223611.1	99.3	411	3.84e-294	793
WP_041937700.1	WP_004222106.1	98.0	410	2.61e-296	799
WP_032421623.1	WP_004899814.1	98.0	410	1.55e-288	779
WP_015959250.1	WP_002884587.1	99.8	410	8.03e-316	848
WP_004150810.1	WP_004224132.1	99.8	410	7.60e-305	820
WP_004149260.1	WP_004149260.1	100	410	5.17e-287	775
WP_004141972.1	WP_004151718.1	99.8	410	8.37e-293	790
WP_002916493.1	WP_002916493.1	100	410	3.05e-295	796
WP_002908368.1	WP_002908368.1	100	410	2.40e-292	789
WP_002905221.1	WP_004148411.1	99.8	410	1.06e-295	797
WP_002891991.1	WP_002891991.1	100	410	2.61e-296	799
WP_002887802.1	WP_002887802.1	100	410	7.09e-310	833
WP_009486271.1	WP_004224019.1	99.0	409	1.38e-311	837
WP_002916058.1	WP_002916058.1	100	409	5.83e-288	778
WP_015959175.1	WP_004150284.1	99.8	408	0.0	874
WP_004142209.1	WP_004142209.1	100	408	2.80e-274	743
WP_002923147.1	WP_002923147.1	100	408	9.09e-296	797
WP_002898984.1	WP_004224072.1	99.8	408	8.19e-283	764
WP_004151380.1	WP_004178550.1	99.8	407	5.00e-313	841
WP_002915263.1	WP_014599248.1	99.5	407	2.62e-299	806
WP_002914116.1	WP_002914116.1	100	407	8.63e-289	780
WP_002894369.1	WP_004223633.1	99.5	407	0.0	874
WP_002889720.1	WP_002889720.1	100	407	1.08e-307	827
WP_023341562.1	WP_004224853.1	99.0	406	4.13e-291	785
WP_015959358.1	WP_004222347.1	99.0	406	1.86e-303	816
WP_015958215.1	WP_002901489.1	99.8	406	1.25e-301	812
WP_004173981.1	WP_004901130.1	99.8	406	3.79e-287	775
WP_004147385.1	WP_004147385.1	100	406	4.93e-283	765
WP_002920226.1	WP_004174049.1	99.8	406	3.59e-301	811
WP_002913291.1	WP_002913291.1	100	406	1.50e-293	791
WP_002908867.1	WP_002908867.1	100	406	1.99e-298	804
WP_002903701.1	WP_002903701.1	100	406	4.50e-295	795
WP_002894742.1	WP_002894742.1	100	406	3.69e-294	793
WP_002890204.1	WP_004222928.1	99.8	406	3.85e-296	798
WP_041937642.1	WP_004189586.1	99.8	405	1.70e-278	753
WP_009485416.1	WP_004224203.1	99.0	405	2.94e-263	715
WP_004143607.1	WP_004143607.1	100	405	1.11e-299	807
WP_002913185.1	WP_002913185.1	100	405	1.79e-305	822
WP_015958924.1	WP_004900310.1	99.0	404	2.38e-289	781
WP_009485795.1	WP_004222704.1	97.8	404	5.01e-259	704
WP_004188117.1	WP_014599282.1	99.8	404	2.78e-288	778
WP_004176581.1	WP_004224079.1	93.8	404	1.27e-245	670
WP_002913992.1	WP_002913992.1	100	404	1.10e-294	794
WP_002913372.1	WP_002913372.1	100	404	9.19e-303	815
WP_002888458.1	WP_004222656.1	99.8	404	1.06e-276	749
WP_015958662.1	WP_004891013.1	99.5	403	1.52e-280	758
WP_004199498.1	WP_004199498.1	100	403	8.49e-303	815
WP_004176831.1	WP_004147656.1	99.8	403	1.92e-299	806
WP_019705362.1	WP_004223574.1	99.3	402	0.0	862
WP_015959306.1	WP_004192412.1	98.8	402	4.17e-298	803
WP_015958642.1	WP_002910759.1	99.8	402	1.04e-282	764
WP_015958429.1	WP_004224871.1	98.5	402	1.83e-276	748
WP_015958353.1	WP_004224561.1	99.5	402	4.54e-302	813
WP_012068550.1	WP_002899096.1	99.8	402	8.29e-289	779
WP_004140494.1	WP_004224183.1	99.8	402	8.42e-298	802
WP_015958902.1	WP_004174604.1	99.8	401	1.27e-287	776
WP_015958343.1	WP_004224502.1	97.3	401	1.52e-279	756
WP_011977720.1	WP_004222942.1	98.8	401	5.40e-289	780
WP_011977654.1	WP_004222670.1	99.3	401	1.45e-277	751
WP_004198867.1	WP_002892885.1	100	400	2.33e-286	773
WP_004176366.1	WP_004176366.1	100	401	2.05e-293	791
WP_004175029.1	WP_004184969.1	99.8	401	2.19e-313	841
WP_002921907.1	WP_002921907.1	100	401	1.80e-255	695
WP_015958887.1	WP_004900188.1	99.3	400	4.21e-281	759
WP_015958238.1	WP_004224321.1	98.8	400	4.12e-272	737
WP_011977678.1	WP_004178642.1	99.5	400	1.87e-284	768
WP_009486216.1	WP_002913423.1	99.8	400	1.26e-266	723
WP_004191175.1	WP_004191175.1	100	400	1.28e-291	786
WP_004179693.1	WP_004179693.1	100	400	4.90e-280	757
WP_004178761.1	WP_004178761.1	100	400	2.37e-312	838
WP_004151719.1	WP_004212672.1	99.8	400	1.15e-278	753
WP_004141630.1	WP_004141630.1	100	400	7.20e-298	802
WP_002922948.1	WP_004901437.1	98.3	400	6.66e-262	711
WP_002916481.1	WP_004900547.1	99.5	400	3.83e-293	790
WP_002914328.1	WP_002914328.1	100	400	5.58e-286	772
WP_002913195.1	WP_002913195.1	100	400	2.21e-292	788
WP_002898217.1	WP_014599117.1	99.8	400	1.65e-303	816
WP_041937613.1	WP_004224414.1	99.0	399	3.79e-288	777
WP_015958570.1	WP_004148650.1	99.7	399	2.57e-270	732
WP_004176566.1	WP_004140628.1	100	399	6.06e-272	736
WP_004151657.1	WP_004151657.1	100	399	3.69e-295	795
WP_002904407.1	WP_002904407.1	100	399	2.30e-273	740
WP_002894539.1	WP_002894539.1	100	399	3.69e-295	795
WP_002890219.1	WP_002890219.1	100	399	6.17e-278	751
WP_023313140.1	WP_004176243.1	99.7	398	8.84e-282	761
WP_015958777.1	WP_004899707.1	98.7	398	6.22e-282	761
WP_009486448.1	WP_004899506.1	99.5	398	7.76e-276	746
WP_009483984.1	WP_004901859.1	99.5	398	1.26e-281	761
WP_004214134.1	WP_004174823.1	99.5	398	1.11e-300	809
WP_004151110.1	WP_004214618.1	99.2	398	5.81e-287	774
WP_004148691.1	WP_004898792.1	99.0	398	1.84e-221	608
WP_041937679.1	WP_004150109.1	99.5	397	3.16e-295	795
WP_024264441.1	WP_004175774.1	100	392	1.18e-266	723
WP_004191957.1	WP_004191957.1	100	397	4.12e-291	785
WP_004177693.1	WP_004177693.1	100	397	3.05e-277	749
WP_004177236.1	WP_004177236.1	100	397	2.06e-275	745
WP_004140529.1	WP_004140529.1	100	397	5.08e-301	810
WP_002923205.1	WP_014599288.1	99.5	397	4.95e-267	724
WP_002922462.1	WP_002922462.1	100	397	1.38e-289	781
WP_002915976.1	WP_002915976.1	100	397	1.58e-279	755
WP_002901730.1	WP_004224270.1	99.7	397	1.23e-292	788
WP_002884946.1	WP_002884946.1	100	397	5.02e-292	787
WP_011977683.1	WP_004222765.1	98.7	396	1.31e-266	723
WP_004185137.1	WP_004899880.1	99.7	396	3.86e-300	807
WP_004184155.1	WP_004224993.1	99.7	396	1.25e-280	758
WP_004179834.1	WP_004179834.1	100	396	6.05e-288	776
WP_002912952.1	WP_004211522.1	99.7	396	1.35e-300	808
WP_002898202.1	WP_002898202.1	100	396	3.97e-293	790
WP_002884740.1	WP_002884740.1	100	396	8.02e-293	789
WP_162467043.1	WP_004898874.1	99.0	395	9.90e-272	736
WP_015959300.1	WP_004222121.1	98.7	395	4.29e-292	787
WP_009484099.1	WP_002892766.1	99.0	395	1.52e-301	811
WP_004899751.1	WP_004899751.1	100	395	3.18e-278	752
WP_004179791.1	WP_004179791.1	100	395	1.51e-276	748
WP_004149836.1	WP_004149836.1	100	395	2.89e-290	782
WP_002920240.1	WP_002920240.1	100	395	3.47e-282	762
WP_032428099.1	WP_004181587.1	99.7	394	4.88e-277	749
WP_004222652.1	WP_004222652.1	100	394	5.69e-276	746
WP_004174069.1	WP_004174069.1	100	394	2.39e-293	790
WP_004151846.1	WP_004898838.1	99.5	394	4.96e-286	771
WP_004146953.1	WP_004146953.1	100	394	1.02e-294	793
WP_002922420.1	WP_002922420.1	100	394	3.40e-293	790
WP_002898911.1	WP_004224065.1	99.5	394	8.44e-262	710
WP_015959225.1	WP_004150429.1	99.7	393	5.97e-250	680
WP_015959006.1	WP_004223947.1	65.4	390	7.39e-185	515
WP_015958985.1	WP_004149825.1	99.7	393	5.58e-287	774
WP_015958554.1	WP_004898705.1	99.0	393	4.14e-273	739
WP_004891956.1	WP_004190091.1	99.5	393	2.77e-287	775
WP_004214922.1	WP_004898973.1	99.7	393	1.27e-267	725
WP_004151122.1	WP_004211524.1	99.5	393	9.92e-281	758
WP_002922349.1	WP_002922349.1	100	393	2.19e-268	727
WP_002907785.1	WP_002907785.1	100	393	5.73e-280	756
WP_032409521.1	WP_004162150.1	99.7	392	4.05e-309	830
WP_015959187.1	WP_004151540.1	98.7	392	4.18e-261	708
WP_015958802.1	WP_002913889.1	99.5	392	6.25e-240	655
WP_015958213.1	WP_004224226.1	99.5	392	4.82e-292	786
WP_012068391.1	WP_004223425.1	98.7	392	1.04e-286	773
WP_004191717.1	WP_004191717.1	100	392	1.40e-300	808
WP_002922351.1	WP_002922351.1	100	392	3.25e-290	782
WP_002918377.1	WP_002918377.1	100	392	1.74e-269	729
WP_002916482.1	WP_002916482.1	100	392	6.56e-290	781
WP_002913041.1	WP_002913041.1	100	392	5.69e-300	806
WP_002911418.1	WP_004151450.1	99.5	392	4.87e-276	746
WP_002903312.1	WP_004183884.1	99.7	392	1.17e-283	765
WP_041937659.1	WP_004149211.1	99.7	391	2.39e-271	734
WP_032422035.1	WP_004192071.1	99.7	391	7.31e-266	720
WP_015958932.1	WP_002916048.1	99.7	391	1.12e-310	833
WP_015958409.1	WP_004224792.1	99.5	391	1.31e-284	768
WP_015958269.1	WP_004148182.1	99.5	391	3.92e-286	771
WP_014343001.1	WP_004224196.1	99.2	391	8.93e-270	730
WP_012068455.1	WP_004179039.1	99.7	391	6.50e-285	768
WP_004176916.1	WP_004223592.1	99.5	391	6.23e-283	763
WP_002914189.1	WP_004149398.1	99.7	391	1.44e-272	737
WP_370693969.1	WP_004224477.1	99.5	385	1.62e-290	782
WP_015958896.1	WP_002915347.1	99.5	390	1.08e-287	775
WP_015958454.1	WP_004224976.1	99.2	390	1.06e-296	798
WP_015958354.1	WP_004224568.1	97.4	390	8.66e-294	791
WP_012068385.1	WP_004191478.1	99.0	390	1.44e-292	788
WP_002914339.1	WP_002914339.1	100	390	2.69e-272	736
WP_004140292.1	WP_002901781.1	99.7	389	3.08e-282	761
WP_002901900.1	WP_002901900.1	100	389	1.89e-292	787
WP_015959299.1	WP_004222115.1	99.2	388	2.04e-291	785
WP_015959189.1	WP_014599291.1	99.2	388	3.78e-287	774
WP_015958696.1	WP_004175261.1	99.7	388	6.43e-279	753
WP_015958506.1	WP_004898576.1	99.5	388	3.73e-262	711
WP_004147828.1	WP_004147828.1	100	388	8.29e-291	783
WP_002913894.1	WP_002913894.1	100	388	1.87e-287	775
WP_002907773.1	WP_002907773.1	100	388	3.73e-262	711
WP_002895039.1	WP_002895039.1	100	388	1.51e-277	749
WP_000523813.1	WP_004211841.1	99.0	388	5.83e-291	783
WP_072143290.1	WP_004898509.1	100	372	6.87e-263	712
WP_015959234.1	WP_004150456.1	99.7	387	2.82e-277	749
WP_015959157.1	WP_002923107.1	99.7	387	4.03e-261	708
WP_015958933.1	WP_002916052.1	98.7	392	3.27e-275	744
WP_004153104.1	WP_004153104.1	100	387	1.42e-286	772
WP_004150927.1	WP_004900746.1	99.5	387	5.95e-279	753
WP_004144551.1	WP_004144551.1	100	387	3.35e-285	769
WP_002916508.1	WP_002916508.1	100	387	2.13e-272	736
WP_004178722.1	WP_004178722.1	100	386	3.93e-288	776
WP_004150975.1	WP_004150975.1	100	386	7.81e-279	753
WP_004150388.1	WP_004901745.1	99.7	386	6.42e-278	750
WP_004144540.1	WP_004900674.1	99.7	386	9.37e-296	795
WP_002898962.1	WP_002898962.1	100	386	5.58e-288	776
WP_041937673.1	WP_004223945.1	75.2	355	2.44e-196	543
WP_015958730.1	WP_004899492.1	99.0	385	3.09e-264	716
WP_015958232.1	WP_004224285.1	98.7	385	2.01e-285	769
WP_012068476.1	WP_004183475.1	99.2	385	9.03e-273	737
WP_004199842.1	WP_004213417.1	99.7	385	3.09e-264	716
WP_004149106.1	WP_002912921.1	99.7	385	2.86e-285	769
WP_004148649.1	WP_004898758.1	99.5	385	1.52e-280	757
WP_002904834.1	WP_004224779.1	99.7	385	4.67e-275	743
WP_002889289.1	WP_002889289.1	100	385	1.20e-277	749
WP_014343130.1	WP_004898591.1	99.2	384	6.87e-256	694
WP_004189101.1	WP_002912648.1	99.5	384	5.41e-294	791
WP_004178372.1	WP_002886900.1	99.7	384	3.89e-262	710
WP_004149807.1	WP_004149807.1	100	384	6.14e-275	743
WP_002906449.1	WP_004898480.1	99.7	384	3.26e-270	731
WP_002904783.1	WP_002904783.1	100	384	2.88e-289	779
WP_002902433.1	WP_002902433.1	100	384	1.43e-289	780
WP_041937691.1	WP_004177969.1	99.7	383	4.11e-293	788
WP_041937588.1	WP_004211610.1	98.7	383	9.55e-283	762
WP_015958577.1	WP_004891252.1	99.0	383	7.01e-285	768
WP_002889374.1	WP_002889374.1	100	383	1.07e-279	754
WP_002888628.1	WP_002888628.1	100	383	6.79e-267	722
WP_002887414.1	WP_002887414.1	100	383	4.23e-286	771
WP_041937663.1	WP_004149581.1	99.7	382	1.68e-271	734
WP_032432391.1	WP_002882871.1	99.5	382	2.39e-271	733
WP_015959133.1	WP_004145239.1	99.7	382	1.18e-271	734
WP_015958982.1	WP_004900618.1	98.7	382	6.39e-276	745
WP_004188256.1	WP_004901183.1	99.5	382	4.13e-272	735
WP_004177433.1	WP_004212571.1	99.7	382	2.64e-284	766
WP_004150843.1	WP_004150843.1	100	382	3.86e-277	748
WP_004150286.1	WP_004150286.1	100	382	7.66e-293	788
WP_004147579.1	WP_004223650.1	99.7	382	4.64e-230	629
WP_002907788.1	WP_002907788.1	100	382	5.86e-297	798
WP_002895144.1	WP_004179071.1	99.7	382	4.90e-280	755
WP_002894747.1	WP_004223668.1	99.7	382	1.53e-283	764
WP_074182014.1	WP_004223629.1	98.7	381	9.87e-283	762
WP_015959048.1	WP_004900844.1	99.5	381	1.28e-270	731
WP_015958668.1	WP_002911596.1	99.7	381	2.01e-283	764
WP_004142997.1	WP_004142997.1	100	381	9.36e-298	800
WP_002907384.1	WP_002907384.1	100	381	1.33e-297	800
WP_002898293.1	WP_002898293.1	100	381	3.57e-277	748
WP_015958461.1	WP_004184158.1	99.5	380	3.63e-290	781
WP_012068389.1	WP_004223411.1	99.2	380	5.15e-265	717
WP_004199916.1	WP_004224866.1	99.7	380	5.32e-283	763
WP_041937597.1	WP_025368307.1	98.7	379	1.17e-265	719
WP_015958918.1	WP_004900269.1	99.5	379	3.56e-276	745
WP_015958890.1	WP_002915222.1	99.7	379	4.08e-266	720
WP_015875241.1	WP_002922603.1	99.2	379	1.52e-261	708
WP_004889389.1	WP_004173962.1	98.9	379	9.12e-279	752
WP_004178333.1	WP_004222057.1	99.2	379	2.80e-273	738
WP_004177835.1	WP_004177835.1	100	379	5.74e-282	760
WP_004144974.1	WP_002919101.1	99.7	379	3.21e-263	712
WP_002911497.1	WP_004184668.1	99.7	379	4.09e-291	783
WP_002895049.1	WP_002895049.1	100	379	3.87e-280	755
WP_041937609.1	WP_004224319.1	97.1	378	7.12e-271	732
WP_015959210.1	WP_032448130.1	98.7	378	3.78e-291	783
WP_015958973.1	WP_004900575.1	96.6	378	1.02e-277	749
WP_014907796.1	WP_004150776.1	99.7	378	3.06e-279	753
WP_004177788.1	WP_004221958.1	99.2	378	2.13e-272	736
WP_004150811.1	WP_004150811.1	100	378	2.22e-274	741
WP_004149349.1	WP_004899864.1	99.2	378	1.21e-262	711
WP_002915107.1	WP_004149542.1	99.5	378	1.21e-223	612
WP_002913228.1	WP_002913228.1	100	378	1.15e-276	746
WP_015959308.1	WP_004222144.1	99.2	377	9.35e-271	731
WP_015959239.1	WP_004177872.1	99.7	377	6.23e-285	767
WP_015959177.1	WP_004901578.1	99.5	377	2.99e-292	786
WP_015958713.1	WP_004180522.1	96.3	377	3.39e-271	733
WP_004890235.1	WP_004211583.1	99.5	377	1.05e-267	724
WP_002896370.1	WP_004176719.1	99.7	377	3.95e-277	748
WP_002895739.1	WP_002895739.1	100	377	1.59e-262	711
WP_002887955.1	WP_002887955.1	100	377	4.27e-251	682
WP_020802532.1	WP_004151706.1	99.7	357	3.99e-260	704
WP_004140835.1	WP_004140835.1	100	376	3.06e-280	755
WP_002917887.1	WP_004900811.1	99.2	376	4.67e-275	742
WP_002912947.1	WP_002912947.1	100	376	4.03e-260	704
WP_002883310.1	WP_004901839.1	99.7	376	1.26e-263	713
WP_002883297.1	WP_002883297.1	100	376	6.44e-282	759
WP_015958789.1	WP_002913766.1	99.5	375	1.71e-281	758
WP_012068495.1	WP_004223969.1	98.9	375	8.71e-275	741
WP_009308781.1	WP_004901367.1	99.7	374	3.59e-283	763
WP_004157740.1	WP_004224067.1	99.7	375	4.95e-265	717
WP_004144945.1	WP_004900926.1	99.7	375	1.29e-276	746
WP_002915997.1	WP_004900362.1	99.5	375	5.88e-273	737
WP_002890395.1	WP_002890395.1	100	375	5.78e-289	777
WP_040221657.1	WP_004222384.1	99.7	374	1.29e-255	693
WP_015958455.1	WP_004224980.1	97.9	374	1.24e-272	736
WP_009484602.1	WP_002919139.1	99.2	374	2.58e-271	733
WP_004150241.1	WP_004150241.1	100	374	4.50e-256	694
WP_004143831.1	WP_004898604.1	99.7	374	7.51e-280	754
WP_002898571.1	WP_004224049.1	99.7	374	8.59e-295	792
WP_015958491.1	WP_004180131.1	99.5	373	1.13e-269	728
WP_004151048.1	WP_004900106.1	99.7	373	2.16e-283	763
WP_004147968.1	WP_004176560.1	99.7	373	1.13e-294	791
WP_002914113.1	WP_004212948.1	99.7	373	2.67e-268	725
WP_002913892.1	WP_002913892.1	100	373	2.01e-263	712
WP_002887282.1	WP_002887282.1	100	373	3.10e-292	785
WP_020803981.1	WP_045145327.1	99.5	372	6.33e-271	731
WP_015959309.1	WP_004222147.1	98.4	372	8.84e-262	708
WP_015958436.1	WP_004224920.1	99.5	372	2.21e-271	733
WP_012068548.1	WP_002898990.1	99.7	372	3.05e-278	750
WP_004151804.1	WP_004223419.1	98.9	372	2.21e-271	733
WP_004143804.1	WP_004143804.1	100	372	3.18e-280	755
WP_014343235.1	WP_004899097.1	99.2	371	1.43e-272	736
WP_012737592.1	WP_004178897.1	99.7	366	1.12e-285	768
WP_012068395.1	WP_004178883.1	99.5	370	1.20e-279	753
WP_004176954.1	WP_004176954.1	100	371	4.54e-284	764
WP_002896440.1	WP_002896440.1	100	371	9.36e-252	683
WP_015958922.1	WP_004900302.1	98.4	370	8.83e-261	706
WP_004150258.1	WP_004901529.1	99.5	370	7.06e-267	721
WP_004148729.1	WP_004148729.1	100	370	1.91e-255	692
WP_002896368.1	WP_004223967.1	99.7	370	8.72e-277	746
WP_002895863.1	WP_002895863.1	100	370	4.57e-263	711
WP_002894613.1	WP_002894613.1	100	370	4.89e-258	699
WP_041937599.1	WP_004179196.1	99.2	369	2.70e-275	742
WP_041937583.1	WP_004223045.1	99.5	369	8.30e-270	728
WP_015959120.1	WP_014599275.1	99.2	369	1.11e-283	763
WP_015958889.1	WP_004900208.1	99.5	369	1.18e-269	728
WP_015958591.1	WP_004200254.1	99.7	369	1.27e-248	675
WP_004184774.1	WP_004184774.1	100	369	5.68e-277	746
WP_004141981.1	WP_004223838.1	99.7	369	1.63e-276	745
WP_002920808.1	WP_002920808.1	100	369	1.38e-268	725
WP_002912992.1	WP_002912992.1	100	369	1.24e-255	692
WP_002912751.1	WP_002912751.1	100	369	4.11e-270	729
WP_002884743.1	WP_002884743.1	100	369	1.38e-268	725
WP_004176140.1	WP_004224873.1	99.7	368	1.13e-223	612
WP_004150803.1	WP_004150803.1	100	368	1.83e-277	748
WP_004147267.1	WP_002890129.1	100	368	1.90e-261	707
WP_004142068.1	WP_004223779.1	99.7	368	1.20e-257	697
WP_002920570.1	WP_002920570.1	100	368	8.35e-274	738
WP_002890207.1	WP_004183146.1	99.7	368	6.76e-264	713
WP_015959214.1	WP_004146274.1	99.7	367	7.94e-267	721
WP_015958749.1	WP_004180702.1	95.4	368	3.44e-256	694
WP_015958675.1	WP_004899318.1	97.5	367	4.59e-266	719
WP_011977728.1	WP_004222978.1	99.5	367	2.48e-270	729
WP_004181579.1	WP_004181579.1	100	367	2.58e-272	734
WP_004148338.1	WP_004224702.1	99.5	367	8.75e-280	753
WP_004144574.1	WP_004144574.1	100	367	4.22e-262	709
WP_002920812.1	WP_004150080.1	100	367	8.22e-268	723
WP_002883295.1	WP_002883295.1	100	367	1.92e-258	699
WP_015959219.1	WP_002883023.1	99.7	366	1.13e-270	730
WP_015958901.1	WP_002915541.1	99.7	366	2.32e-279	752
WP_004145090.1	WP_004145090.1	100	366	1.00e-264	715
WP_002910392.1	WP_002910392.1	100	366	2.88e-248	674
WP_002905225.1	WP_002905225.1	100	366	7.14e-274	738
WP_002905218.1	WP_004184110.1	99.5	366	8.69e-275	741
WP_095858446.1	WP_071526677.1	99.7	341	6.98e-243	659
WP_041937697.1	WP_004221930.1	99.2	365	2.14e-254	689
WP_004224085.1	WP_004140697.1	99.7	365	6.67e-254	689
WP_004179093.1	WP_004147680.1	99.7	365	1.29e-255	692
WP_004176251.1	WP_004176251.1	100	365	3.93e-266	719
WP_004151348.1	WP_004151348.1	100	365	7.60e-264	713
WP_002917681.1	WP_002917681.1	100	365	1.87e-264	714
WP_002915579.1	WP_002915579.1	100	365	1.19e-276	745
WP_002907763.1	WP_002907763.1	100	365	5.20e-271	731
WP_002886955.1	WP_002886955.1	100	365	2.61e-255	691
WP_015959090.1	WP_004901056.1	99.2	364	6.73e-262	708
WP_015958959.1	WP_002916480.1	99.7	364	3.95e-270	729
WP_015958746.1	WP_004200501.1	99.7	364	1.36e-261	707
WP_004185325.1	WP_004900011.1	98.4	364	5.67e-254	688
WP_004145262.1	WP_004145262.1	100	364	5.61e-270	728
WP_002913623.1	WP_002913623.1	100	364	1.80e-266	719
WP_015874843.1	WP_004898476.1	98.6	363	1.41e-258	699
WP_004179293.1	WP_004179293.1	100	363	3.13e-271	731
WP_002910443.1	WP_002910443.1	100	363	1.53e-262	709
WP_002888487.1	WP_002888487.1	100	363	9.63e-266	717
WP_041937753.1	WP_004215173.1	81.7	300	3.34e-184	509
WP_015958513.1	WP_002907491.1	99.7	362	3.19e-259	701
WP_012068433.1	WP_004223601.1	98.1	362	1.25e-256	694
WP_009486275.1	WP_002898155.1	99.7	362	4.11e-271	731
WP_004148645.1	WP_004898753.1	99.4	362	2.86e-262	709
WP_001620097.1	WP_001620097.1	100	362	5.84e-271	731
WP_020802304.1	WP_004224389.1	99.2	361	1.96e-273	737
WP_015958345.1	WP_002902965.1	99.7	361	5.31e-207	569
WP_012068535.1	WP_004224050.1	99.4	361	2.39e-274	739
WP_004147662.1	WP_004223727.1	99.4	361	3.69e-253	686
WP_004145035.1	WP_004173873.1	99.7	361	2.36e-265	716
WP_002914089.1	WP_004174810.1	100	361	7.97e-248	672
WP_002913342.1	WP_002913342.1	100	361	6.05e-268	723
WP_015875264.1	WP_004901581.1	99.7	353	1.09e-261	707
WP_002916629.1	WP_004174420.1	99.7	360	3.22e-265	716
WP_002910403.1	WP_002910403.1	100	360	2.51e-255	691
WP_002888562.1	WP_002888562.1	100	360	2.09e-263	711
WP_002886956.1	WP_002886956.1	100	360	2.06e-254	689
WP_015959259.1	WP_004221880.1	98.9	359	6.21e-260	702
WP_015958799.1	WP_004899827.1	97.8	359	1.75e-250	679
WP_012068402.1	WP_004223497.1	97.2	359	1.10e-221	606
WP_004220208.1	WP_004153148.1	100	346	1.33e-260	704
WP_004176149.1	WP_004176149.1	100	359	1.32e-270	729
WP_004174694.1	WP_004174694.1	100	359	3.25e-271	731
WP_004148647.1	WP_004148647.1	100	359	1.88e-270	729
WP_004144748.1	WP_004144748.1	100	359	6.04e-267	720
WP_015959223.1	WP_004901843.1	99.4	358	1.67e-268	724
WP_015958925.1	WP_004900314.1	99.4	358	2.65e-265	716
WP_004183227.1	WP_004151323.1	99.4	358	1.67e-268	724
WP_004181527.1	WP_004181527.1	100	358	7.08e-270	728
WP_004177647.1	WP_004222208.1	98.9	357	4.36e-259	700
WP_004176247.1	WP_004183965.1	99.4	357	2.94e-257	696
WP_004151532.1	WP_004901590.1	99.7	357	1.59e-261	706
WP_004146038.1	WP_004146038.1	100	357	7.75e-253	684
WP_015958568.1	WP_002908292.1	99.7	356	9.91e-260	702
WP_015958340.1	WP_004224497.1	98.3	356	1.02e-252	684
WP_004214637.1	WP_004899547.1	99.7	356	8.25e-268	722
WP_004150074.1	WP_004150074.1	100	356	1.41e-259	701
WP_002917682.1	WP_002917682.1	100	356	2.65e-264	713
WP_002914114.1	WP_004899928.1	99.7	356	1.47e-261	706
WP_002910887.1	WP_002910887.1	100	356	3.76e-264	713
WP_002898408.1	WP_002898408.1	100	356	3.46e-260	703
WP_002892007.1	WP_002892007.1	100	356	3.97e-250	677
WP_002888566.1	WP_002888566.1	100	356	5.49e-257	695
WP_015958686.1	WP_004144133.1	99.4	355	1.61e-269	726
WP_015958681.1	WP_004899355.1	99.2	355	3.37e-246	667
WP_004900048.1	WP_004900048.1	100	355	9.23e-228	621
WP_004178470.1	WP_004222390.1	98.6	355	1.61e-198	547
WP_004177948.1	WP_004181645.1	99.4	355	9.29e-269	724
WP_004145695.1	WP_004145695.1	100	355	5.37e-268	723
WP_004143002.1	WP_004223112.1	99.7	355	1.32e-268	724
WP_002887394.1	WP_002887394.1	100	355	5.45e-252	682
WP_015959273.1	WP_004221968.1	99.7	354	1.91e-256	693
WP_015958698.1	WP_004181645.1	74.7	352	2.30e-200	551
WP_015958694.1	WP_004181645.1	74.7	352	2.41e-202	556
WP_008805596.1	WP_002894036.1	99.4	354	1.02e-251	681
WP_004211965.1	WP_004899526.1	99.2	354	2.43e-259	701
WP_004194176.1	WP_004222078.1	99.4	354	1.34e-281	757
WP_004176254.1	WP_004224692.1	99.4	354	4.43e-246	667
WP_002918448.1	WP_004181419.1	99.4	354	1.81e-270	729
WP_002898987.1	WP_002898987.1	100	354	8.95e-271	729
WP_002890390.1	WP_002890390.1	100	354	2.43e-259	701
WP_002887411.1	WP_002887411.1	100	354	3.80e-247	670
WP_002884329.1	WP_004178235.1	99.7	354	4.57e-264	712
WP_015958561.1	WP_004898723.1	98.9	353	1.39e-253	686
WP_012737366.1	WP_004222497.1	99.7	353	8.06e-253	684
WP_004183293.1	WP_004223491.1	99.2	353	5.52e-260	702
WP_004153572.1	WP_029884504.1	99.7	353	2.74e-260	703
WP_004151995.1	WP_004180822.1	96.3	353	2.64e-175	488
WP_004149000.1	WP_004149000.1	100	353	6.18e-257	694
WP_004140239.1	WP_004140239.1	100	353	3.67e-249	675
WP_002913806.1	WP_002913806.1	100	353	2.03e-230	627
WP_002906780.1	WP_004898548.1	99.4	353	1.86e-226	617
WP_002885537.1	WP_004178332.1	99.7	353	1.30e-258	699
WP_023328593.1	WP_004224744.1	99.4	352	2.88e-249	675
WP_015958584.1	WP_004898811.1	98.9	352	2.60e-253	685
WP_004189329.1	WP_009484368.1	100	352	9.33e-263	710
WP_004176832.1	WP_004223714.1	99.4	352	2.79e-248	672
WP_004151500.1	WP_004151500.1	100	352	1.25e-260	704
WP_002922465.1	WP_004196077.1	99.7	352	6.48e-263	709
WP_002918568.1	WP_002918568.1	100	352	1.44e-250	678
WP_002916628.1	WP_002916628.1	100	352	1.13e-272	734
WP_002914769.1	WP_002914769.1	100	352	5.03e-251	679
WP_002911885.1	WP_002911885.1	100	352	5.96e-259	699
WP_015958916.1	WP_004900263.1	99.4	351	3.82e-250	677
WP_004174599.1	WP_004900253.1	99.4	351	4.09e-245	664
WP_002920816.1	WP_004173994.1	99.7	351	1.67e-244	663
WP_002889726.1	WP_002889726.1	100	351	6.71e-260	702
WP_015958573.1	WP_004148676.1	99.4	350	7.49e-236	641
WP_004180700.1	WP_004140821.1	99.4	350	1.99e-256	693
WP_004176450.1	WP_004224301.1	99.7	350	3.56e-234	637
WP_004151868.1	WP_004151868.1	100	350	9.45e-255	689
WP_004147342.1	WP_004178752.1	99.1	350	6.74e-264	712
WP_004144576.1	WP_004144576.1	100	350	5.10e-259	699
WP_002913642.1	WP_002913642.1	100	350	4.07e-265	715
WP_002912704.1	WP_004899485.1	99.7	350	4.69e-255	689
WP_002907730.1	WP_004898599.1	99.7	350	8.45e-258	696
WP_002895086.1	WP_004223705.1	99.1	350	7.24e-259	699
WP_004185423.1	WP_004185423.1	100	349	2.24e-257	695
WP_004146229.1	WP_004146229.1	100	349	1.45e-253	686
WP_004145147.1	WP_004145147.1	100	349	4.86e-220	601
WP_004144594.1	WP_004144594.1	100	349	4.09e-244	662
WP_041937706.1	WP_002887653.1	99.7	348	1.10e-252	683
WP_029602469.1	WP_002901758.1	99.4	348	1.65e-238	647
WP_015958617.1	WP_004175547.1	99.7	348	3.68e-251	679
WP_009309515.1	WP_004899770.1	99.4	348	3.89e-262	707
WP_004180369.1	WP_004898885.1	99.7	348	2.42e-256	692
WP_004176871.1	WP_004176871.1	100	348	2.38e-247	670
WP_004176586.1	WP_004176586.1	100	348	7.86e-262	706
WP_004174643.1	WP_004174643.1	100	348	1.63e-254	688
WP_004142166.1	WP_032448147.1	100	334	9.35e-262	706
WP_004140590.1	WP_004140590.1	100	348	3.20e-261	705
WP_002883296.1	WP_002883296.1	100	348	3.16e-252	682
WP_015958438.1	WP_004199950.1	98.6	347	2.58e-230	627
WP_004195876.1	WP_004223897.1	63.9	319	2.83e-149	421
WP_004179363.1	WP_004179363.1	100	347	1.59e-240	652
WP_004176847.1	WP_002895074.1	99.7	347	5.27e-255	689
WP_004151691.1	WP_004223707.1	99.4	347	3.91e-266	717
WP_004145938.1	WP_004145938.1	100	347	2.50e-253	685
WP_002918653.1	WP_002918653.1	100	347	2.11e-245	665
WP_002901388.1	WP_004176528.1	99.7	347	4.15e-252	682
WP_015959052.1	WP_004188467.1	99.7	346	1.87e-243	660
WP_015958452.1	WP_004224969.1	99.4	346	5.60e-245	664
WP_004150308.1	WP_004901623.1	99.7	346	7.42e-250	676
WP_002915975.1	WP_004900348.1	99.7	346	1.15e-253	686
WP_002907650.1	WP_002907650.1	100	346	1.52e-258	698
WP_002895580.1	WP_002895580.1	100	346	5.08e-257	694
WP_015958595.1	WP_001545318.1	96.5	345	2.30e-216	591
WP_015958562.1	WP_004898730.1	99.1	345	4.50e-255	689
WP_015958498.1	WP_002906792.1	99.4	345	5.72e-258	696
WP_012068406.1	WP_004223507.1	99.4	345	6.87e-250	676
WP_004215165.1	WP_004898780.1	99.4	345	6.87e-250	676
WP_004200666.1	WP_004181468.1	99.7	345	6.21e-262	706
WP_004190174.1	WP_004224754.1	98.3	345	7.33e-270	726
WP_004151133.1	WP_004151133.1	100	345	1.17e-241	655
WP_002913836.1	WP_002913836.1	100	345	1.15e-257	696
WP_015959043.1	WP_004174225.1	95.6	344	2.97e-223	608
WP_015958268.1	WP_004224405.1	98.5	344	1.79e-240	652
WP_015958216.1	WP_004179410.1	99.7	344	1.30e-258	698
WP_012068400.1	WP_004223486.1	99.4	344	1.84e-258	697
WP_004149279.1	WP_002913802.1	99.7	344	7.94e-244	660
WP_002903679.1	WP_002903679.1	100	344	5.48e-219	598
WP_002882892.1	WP_002882892.1	100	344	9.41e-252	681
WP_041937592.1	WP_002894692.1	99.7	343	3.64e-244	661
WP_032428391.1	WP_004185408.1	98.8	343	3.54e-251	679
WP_012068386.1	WP_004223399.1	99.4	343	1.10e-254	688
WP_004177837.1	WP_004177837.1	100	343	1.09e-245	665
WP_002921337.1	WP_002921337.1	100	343	2.99e-243	659
WP_002909005.1	WP_004898876.1	99.7	343	1.57e-254	687
WP_002889450.1	WP_002889450.1	100	343	7.67e-246	665
WP_072143255.1	WP_004223415.1	99.7	342	3.34e-221	604
WP_015959236.1	WP_004901905.1	99.4	342	1.06e-256	693
WP_015958963.1	WP_002916512.1	99.7	342	6.90e-253	683
WP_012068440.1	WP_002894255.1	99.7	342	2.12e-247	669
WP_012068437.1	WP_004183373.1	99.1	342	1.16e-235	640
WP_004222626.1	WP_004222626.1	100	342	3.82e-250	676
WP_004218670.1	WP_014599123.1	99.7	311	4.86e-225	612
WP_004179669.1	WP_004179669.1	100	342	7.09e-246	665
WP_004177499.1	WP_004222531.1	99.7	342	1.90e-250	677
WP_004176215.1	WP_004176215.1	100	342	3.56e-255	689
WP_004148253.1	WP_004183880.1	99.7	342	1.87e-241	654
WP_002885500.1	WP_002885500.1	100	342	1.62e-251	680
WP_002882921.1	WP_002882921.1	100	342	2.58e-248	672
WP_041937585.1	WP_004147417.1	99.4	341	1.23e-250	677
WP_015958574.1	WP_004898773.1	99.1	341	1.16e-207	569
WP_004174502.1	WP_004174502.1	100	341	4.86e-232	630
WP_004152011.1	WP_004152011.1	100	341	1.81e-227	619
WP_002922461.1	WP_004901345.1	99.7	341	5.94e-258	696
WP_002912972.1	WP_004149131.1	99.7	341	3.69e-252	681
WP_002907778.1	WP_002907778.1	100	341	1.01e-249	675
WP_002889327.1	WP_002889327.1	100	341	5.60e-192	529
WP_041937603.1	WP_004176577.1	99.1	340	3.01e-246	666
WP_004893657.1	WP_004191458.1	99.1	340	4.03e-260	701
WP_004176937.1	WP_004223530.1	99.1	340	1.41e-235	639
WP_004176158.1	WP_004176158.1	100	340	1.62e-250	677
WP_004152946.1	WP_002892599.1	100	340	7.98e-229	622
WP_004140076.1	WP_014599142.1	99.4	340	8.04e-251	678
WP_002912919.1	WP_002912919.1	100	340	1.22e-245	665
WP_041937667.1	WP_004149693.1	97.6	339	1.04e-241	655
WP_015958459.1	WP_004224999.1	98.8	339	4.87e-256	691
WP_015958208.1	WP_002901285.1	99.4	339	6.83e-247	668
WP_004191476.1	WP_004191476.1	100	339	5.86e-248	671
WP_004178400.1	WP_004178400.1	100	339	3.16e-252	681
WP_004140602.1	WP_004140602.1	100	339	8.98e-227	617
WP_002922427.1	WP_002922427.1	100	339	2.56e-242	656
WP_002921786.1	WP_002921786.1	100	339	4.94e-240	650
WP_072159832.1	WP_032447670.1	98.5	338	2.99e-252	682
WP_015959376.1	WP_004222478.1	98.5	338	3.92e-241	653
WP_015959139.1	WP_004901383.1	98.8	338	1.64e-258	697
WP_015958921.1	WP_004900295.1	99.7	338	4.20e-236	640
WP_015958782.1	WP_002913628.1	99.7	338	2.92e-252	681
WP_015958581.1	WP_004898794.1	98.8	338	3.45e-235	638
WP_015958480.1	WP_004898490.1	97.0	338	3.00e-245	664
WP_004213203.1	WP_004890481.1	99.4	338	3.60e-237	643
WP_002921918.1	WP_002921918.1	100	338	1.12e-240	652
WP_002918451.1	WP_002918451.1	100	338	6.59e-249	673
WP_002915981.1	WP_002915981.1	100	338	2.11e-245	664
WP_002895150.1	WP_002895150.1	100	338	1.29e-255	690
WP_002887791.1	WP_004222537.1	99.4	338	7.17e-253	683
WP_041937612.1	WP_004152912.1	98.5	337	1.93e-236	641
WP_015959162.1	WP_004901533.1	99.1	337	2.04e-247	669
WP_015959111.1	WP_002921192.1	99.4	337	1.58e-235	639
WP_015958767.1	WP_002913227.1	99.7	337	2.01e-238	646
WP_004900709.1	WP_004900709.1	100	337	4.61e-244	660
WP_004186740.1	WP_004186740.1	100	337	3.53e-248	671
WP_004186508.1	WP_004221915.1	99.4	337	2.10e-240	651
WP_004184243.1	WP_004898560.1	99.4	337	2.35e-237	644
WP_004181028.1	WP_004900080.1	98.2	337	7.51e-234	635
WP_004176549.1	WP_004176549.1	100	337	1.27e-241	654
WP_004175574.1	WP_002910107.1	99.7	337	4.12e-247	668
WP_004174685.1	WP_004174685.1	100	337	1.48e-240	652
WP_004151853.1	WP_004151853.1	100	337	4.42e-242	655
WP_002921784.1	WP_002921784.1	100	337	1.01e-247	670
WP_002896399.1	WP_002896399.1	100	337	2.81e-254	686
WP_015959384.1	WP_004222500.1	99.4	336	5.88e-251	678
WP_015958197.1	WP_004140509.1	99.7	336	3.75e-238	645
WP_014907957.1	WP_004177008.1	100	334	4.81e-245	663
WP_014907503.1	WP_004898566.1	99.1	336	5.41e-247	668
WP_012068518.1	WP_002898303.1	99.7	336	9.75e-250	675
WP_009485513.1	WP_004900109.1	99.7	336	6.49e-239	647
WP_004191439.1	WP_004223509.1	99.4	336	5.56e-240	650
WP_004152063.1	WP_004211839.1	97.3	336	4.49e-230	625
WP_004148860.1	WP_004148860.1	100	336	5.80e-242	655
WP_004147935.1	WP_004179329.1	100	336	4.07e-243	658
WP_002922903.1	WP_002922903.1	100	336	1.94e-240	651
WP_002912871.1	WP_002912871.1	100	336	6.38e-230	625
WP_002906221.1	WP_002906221.1	100	336	2.57e-245	664
WP_015959369.1	WP_004178473.1	99.1	335	6.26e-241	652
WP_015959270.1	WP_004221949.1	99.4	334	8.29e-246	665
WP_015959150.1	WP_004901456.1	99.4	335	1.80e-240	651
WP_015958585.1	WP_004898813.1	97.9	335	2.40e-229	623
WP_012068425.1	WP_004223587.1	99.4	335	1.73e-222	606
WP_004220853.1	WP_014599295.1	99.7	334	1.40e-230	626
WP_004179336.1	WP_004179336.1	100	335	3.28e-252	681
WP_004177011.1	WP_004177011.1	100	335	1.21e-238	647
WP_004151219.1	WP_004898544.1	99.7	335	3.47e-238	645
WP_004144267.1	WP_004899515.1	99.7	335	2.73e-235	638
WP_002918234.1	WP_002918234.1	100	335	2.12e-248	671
WP_015959217.1	WP_004181637.1	99.7	334	1.14e-247	669
WP_015959206.1	WP_004901714.1	99.4	334	2.22e-229	623
WP_015958695.1	WP_004899413.1	97.3	334	1.81e-244	661
WP_015958528.1	WP_002907780.1	99.7	334	1.63e-256	692
WP_015958509.1	WP_002907483.1	99.7	334	3.50e-242	655
WP_009485243.1	WP_004224758.1	98.8	334	8.95e-245	662
WP_004223619.1	WP_004223619.1	100	334	1.15e-231	629
WP_004178387.1	WP_002886946.1	99.7	334	2.57e-244	661
WP_004151451.1	WP_004899169.1	99.4	334	1.91e-255	689
WP_004145952.1	WP_004145952.1	100	334	1.05e-243	659
WP_004144922.1	WP_004900908.1	99.7	328	5.55e-233	632
WP_002920253.1	WP_002920253.1	100	334	9.34e-247	667
WP_002910083.1	WP_002910083.1	100	334	4.63e-247	668
WP_002900676.1	WP_004147932.1	99.7	334	2.49e-251	679
WP_002885662.1	WP_002885662.1	100	334	3.16e-229	623
WP_162467041.1	WP_015874807.1	99.7	333	2.11e-225	613
WP_015959121.1	WP_002921526.1	99.4	333	3.56e-255	688
WP_015959041.1	WP_002917725.1	98.5	333	2.85e-236	640
WP_012068498.1	WP_004176702.1	99.7	333	2.37e-244	661
WP_004229436.1	WP_004900359.1	99.7	333	8.89e-243	657
WP_004180590.1	WP_004180590.1	100	333	4.79e-244	660
WP_004151209.1	WP_004151209.1	100	333	1.18e-244	662
WP_002918688.1	WP_004211677.1	99.4	333	1.39e-252	682
WP_041937695.1	WP_004214118.1	99.7	332	3.03e-251	678
WP_041937627.1	WP_004148231.1	99.7	332	4.25e-242	655
WP_024264627.1	WP_004901035.1	99.7	332	2.91e-260	701
WP_020802079.1	WP_004149446.1	99.4	332	9.32e-246	664
WP_015959303.1	WP_002886825.1	99.4	332	3.68e-227	617
WP_015959042.1	WP_002917727.1	98.5	332	1.23e-225	613
WP_004181642.1	WP_004901827.1	99.7	332	8.68e-251	677
WP_004175650.1	WP_004189482.1	99.1	332	5.55e-238	645
WP_002913439.1	WP_002913439.1	100	332	2.07e-233	633
WP_002912878.1	WP_002912878.1	100	332	1.73e-241	654
WP_002903227.1	WP_002903227.1	100	332	5.55e-238	645
WP_002894035.1	WP_002894035.1	100	332	1.31e-220	601
WP_002886827.1	WP_002886827.1	100	332	9.72e-248	669
WP_002885172.1	WP_002885172.1	100	332	1.95e-222	605
WP_032414682.1	WP_004223689.1	99.4	331	1.64e-234	636
WP_020316492.1	WP_004183458.1	99.7	331	4.32e-255	688
WP_015959053.1	WP_002918232.1	99.7	331	6.33e-248	670
WP_015958593.1	WP_004898846.1	97.9	331	1.67e-243	659
WP_015958575.1	WP_004148681.1	99.7	331	1.74e-245	664
WP_004181200.1	WP_004149647.1	99.7	331	3.93e-242	655
WP_004176358.1	WP_004224542.1	99.7	331	5.58e-242	655
WP_004174663.1	WP_004174663.1	100	331	5.52e-217	592
WP_004173929.1	WP_004901304.1	99.4	331	2.89e-244	660
WP_004152040.1	WP_004152040.1	100	331	3.87e-233	632
WP_004151245.1	WP_004151245.1	100	331	2.34e-234	635
WP_004149336.1	WP_004149336.1	100	331	2.27e-186	514
WP_002920777.1	WP_002920777.1	100	331	1.08e-239	649
WP_002916123.1	WP_004900381.1	98.8	331	4.54e-231	627
WP_002901243.1	WP_002901243.1	100	331	4.78e-243	657
WP_002895745.1	WP_002895745.1	100	331	2.15e-191	527
WP_002882866.1	WP_004146243.1	99.7	331	6.52e-241	652
WP_085848693.1	WP_032448128.1	99.4	327	1.66e-235	638
WP_009486218.1	WP_004174934.1	99.7	330	2.67e-244	660
WP_004180015.1	WP_004189934.1	99.7	330	3.53e-249	673
WP_004149974.1	WP_004149974.1	100	330	4.18e-232	630
WP_004147521.1	WP_004223582.1	99.1	330	1.37e-221	603
WP_004140266.1	WP_004140266.1	100	330	1.44e-248	671
WP_002915106.1	WP_002915106.1	100	330	6.64e-229	622
WP_002895757.1	WP_002895757.1	100	330	5.31e-235	637
WP_002883412.1	WP_002883412.1	100	330	1.02e-257	694
WP_002882514.1	WP_002882514.1	100	330	2.67e-244	660
WP_072198902.1	WP_004898677.1	99.4	329	4.14e-252	680
WP_012068478.1	WP_002895665.1	99.7	329	6.32e-247	667
WP_012068441.1	WP_004183384.1	99.4	329	1.80e-221	603
WP_004182903.1	WP_002888327.1	99.7	329	1.13e-240	651
WP_004181399.1	WP_004900816.1	99.7	329	1.31e-239	649
WP_004180237.1	WP_004184309.1	99.1	329	1.01e-243	659
WP_004173909.1	WP_004173909.1	100	329	1.39e-250	676
WP_004148137.1	WP_002901905.1	100	324	4.96e-236	639
WP_002922936.1	WP_004901431.1	99.7	329	1.49e-245	664
WP_002919219.1	WP_002919219.1	100	329	2.96e-236	640
WP_002910762.1	WP_002910762.1	100	329	3.76e-239	647
WP_002902515.1	WP_002902515.1	100	329	5.35e-239	647
WP_041937645.1	WP_004151850.1	99.4	328	2.31e-228	620
WP_026005872.1	WP_045145374.1	98.5	328	5.15e-250	675
WP_015959207.1	WP_002882880.1	99.7	328	7.41e-225	611
WP_015958419.1	WP_004190089.1	98.5	328	3.95e-245	662
WP_012068401.1	WP_004147471.1	99.4	328	5.84e-247	667
WP_004222697.1	WP_004222697.1	100	328	5.53e-236	639
WP_004220885.1	WP_004901768.1	99.7	287	3.42e-211	575
WP_004187940.1	WP_004901659.1	99.4	328	2.12e-249	673
WP_004180445.1	WP_004141132.1	99.7	328	4.36e-233	632
WP_004176005.1	WP_004898473.1	99.1	328	2.35e-237	643
WP_004143241.1	WP_004180358.1	99.7	328	3.90e-236	640
WP_002917922.1	WP_002917922.1	100	328	2.06e-256	691
WP_023286864.1	WP_002916313.1	100	326	3.09e-237	642
WP_015959123.1	WP_004901233.1	99.4	327	7.27e-236	639
WP_011977648.1	WP_004147041.1	99.7	327	1.12e-239	649
WP_004184312.1	WP_004898689.1	99.4	327	1.49e-244	661
WP_004173216.1	WP_004151585.1	100	316	1.48e-230	625
WP_004148192.1	WP_004148192.1	100	327	8.25e-242	654
WP_002921035.1	WP_002921035.1	100	327	1.16e-232	631
WP_002909105.1	WP_002909105.1	100	327	3.36e-241	652
WP_002887349.1	WP_002887349.1	100	327	3.76e-238	645
WP_002884941.1	WP_004186480.1	99.7	327	2.96e-235	637
WP_015959200.1	WP_004901692.1	99.4	326	6.73e-236	639
WP_015958868.1	WP_004890251.1	99.4	326	3.20e-234	635
WP_015958807.1	WP_004185122.1	99.4	326	2.31e-227	617
WP_015958510.1	WP_004148564.1	92.9	326	5.21e-208	568
WP_012068399.1	WP_004176981.1	99.7	326	1.82e-224	610
WP_004183546.1	WP_004224017.1	99.1	326	1.16e-236	641
WP_004151192.1	WP_004898653.1	96.3	326	1.57e-220	600
WP_004149811.1	WP_004900568.1	99.1	326	1.85e-233	633
WP_004140406.1	WP_004224211.1	98.8	326	9.56e-236	639
WP_002914110.1	WP_002914110.1	100	326	1.04e-239	649
WP_002911518.1	WP_002911518.1	100	326	8.90e-241	651
WP_002911507.1	WP_002911507.1	100	326	4.28e-223	607
WP_002909008.1	WP_002909008.1	100	326	1.95e-244	660
WP_002894353.1	WP_002894353.1	100	326	5.53e-235	637
WP_022615607.1	WP_004899591.1	99.7	325	5.72e-232	629
WP_015959059.1	WP_002918397.1	99.7	325	5.51e-214	583
WP_015958743.1	WP_004180647.1	99.4	325	1.42e-241	653
WP_015958572.1	WP_002908380.1	99.1	317	2.35e-229	622
WP_004146714.1	WP_004146714.1	100	325	2.02e-241	653
WP_002913156.1	WP_002913156.1	100	325	2.64e-237	642
WP_002905232.1	WP_002905232.1	100	325	1.24e-226	615
WP_002889847.1	WP_004222807.1	99.7	325	1.73e-242	655
WP_023287632.1	WP_004224752.1	98.8	324	1.08e-240	651
WP_004147313.1	WP_004191727.1	99.7	324	8.53e-238	644
WP_002914067.1	WP_002914067.1	100	324	1.43e-245	663
WP_002911442.1	WP_004899153.1	99.4	324	8.28e-245	661
WP_002901772.1	WP_004224280.1	99.7	324	1.16e-235	638
WP_002890201.1	WP_002890201.1	100	324	1.52e-231	628
WP_162467039.1	WP_002923020.1	99.7	304	5.26e-211	575
WP_015958537.1	WP_004898655.1	99.4	323	7.89e-238	644
WP_009307509.1	WP_002911798.1	99.7	323	2.64e-236	640
WP_004178737.1	WP_004222984.1	99.7	323	5.79e-240	649
WP_004177487.1	WP_004146029.1	99.7	323	2.17e-235	637
WP_004174223.1	WP_004900805.1	98.5	323	1.88e-220	600
WP_004152062.1	WP_004117790.1	98.8	323	5.62e-222	603
WP_004152048.1	WP_004901354.1	94.0	319	2.78e-219	597
WP_004146909.1	WP_004222402.1	99.7	323	1.06e-226	615
WP_004145219.1	WP_004145219.1	100	323	2.43e-232	630
WP_004144907.1	WP_004144907.1	100	323	3.45e-232	629
WP_004144845.1	WP_004144845.1	100	323	2.49e-225	612
WP_002913498.1	WP_002913498.1	100	323	1.91e-229	622
WP_002910917.1	WP_002910917.1	100	323	1.61e-221	602
WP_002890403.1	WP_002890403.1	100	323	4.31e-226	614
WP_002886691.1	WP_002886691.1	100	323	1.36e-238	645
WP_085848893.1	WP_004147057.1	100	316	9.27e-235	635
WP_015958259.1	WP_004225014.1	93.2	322	1.19e-227	618
WP_012068481.1	WP_004179105.1	99.4	322	3.62e-238	644
WP_011977764.1	WP_004225014.1	91.0	322	1.56e-223	607
WP_011977741.1	WP_004225014.1	90.7	322	1.56e-223	607
WP_009486386.1	WP_004898683.1	98.1	322	7.83e-233	631
WP_004189830.1	WP_004898533.1	99.7	322	8.40e-228	618
WP_004151446.1	WP_002911397.1	99.7	322	9.80e-239	646
WP_004147771.1	WP_004147771.1	100	322	2.77e-242	655
WP_002898019.1	WP_004141839.1	100	322	1.98e-235	638
WP_002882919.1	WP_004901737.1	96.3	322	1.27e-170	473
WP_015958755.1	WP_004899567.1	99.4	321	1.71e-231	627
WP_015958237.1	WP_004224304.1	99.4	321	1.15e-229	623
WP_015958219.1	WP_004224242.1	99.1	321	1.80e-242	655
WP_012068532.1	WP_004224047.1	98.8	321	3.90e-237	642
WP_004174691.1	WP_004174691.1	100	321	7.77e-228	618
WP_004149938.1	WP_004149938.1	100	321	2.49e-224	609
WP_004144972.1	WP_004144972.1	100	321	2.87e-239	647
WP_002913377.1	WP_002913377.1	100	321	9.59e-238	643
WP_002901816.1	WP_002901816.1	100	321	7.77e-228	618
WP_002895728.1	WP_002895728.1	100	321	9.07e-227	615
WP_002894467.1	WP_002894467.1	100	321	1.80e-242	655
WP_002882531.1	WP_002882531.1	100	321	3.71e-210	573
WP_015958879.1	WP_004181055.1	99.1	320	1.43e-218	595
WP_015958861.1	WP_002914327.1	99.7	320	4.22e-236	639
WP_012068417.1	WP_004222502.1	64.2	310	3.83e-127	363
WP_004221441.1	WP_002898582.1	100	313	1.73e-231	627
WP_004175710.1	WP_004143317.1	99.7	320	6.60e-224	608
WP_004141753.1	WP_004224027.1	99.7	320	1.07e-229	623
WP_004140612.1	WP_004140612.1	100	320	2.40e-226	614
WP_002922494.1	WP_004901364.1	100	316	8.69e-251	676
WP_002890372.1	WP_002890372.1	100	320	2.18e-238	645
WP_002890192.1	WP_002890192.1	100	320	4.85e-226	613
WP_002885536.1	WP_004222053.1	99.7	320	8.16e-234	633
WP_002883521.1	WP_002883521.1	100	320	4.04e-234	634
WP_002882911.1	WP_002882911.1	100	320	2.97e-236	639
WP_020803604.1	WP_071820783.1	99.4	319	2.32e-228	619
WP_016946654.1	WP_004148291.1	99.4	319	6.70e-212	578
WP_015959355.1	WP_004214857.1	99.4	319	8.20e-238	643
WP_014906992.1	WP_004174579.1	99.4	319	2.56e-241	652
WP_004211197.1	WP_004901602.1	99.4	319	1.42e-238	645
WP_004189593.1	WP_004189593.1	100	319	2.83e-229	622
WP_004175825.1	WP_004189671.1	99.7	319	2.22e-226	614
WP_004147526.1	WP_004147526.1	100	319	1.10e-226	615
WP_004145855.1	WP_004145855.1	100	319	1.34e-227	617
WP_004145004.1	WP_004145004.1	100	319	8.32e-222	603
WP_002900790.1	WP_002900790.1	100	319	3.20e-235	637
WP_004900395.1	WP_004900395.1	100	318	1.06e-228	620
WP_004180478.1	WP_004899347.1	99.7	318	2.96e-235	637
WP_004177778.1	WP_004146678.1	99.7	318	6.42e-230	623
WP_004174884.1	WP_004174884.1	100	318	3.18e-230	624
WP_004151698.1	WP_004223747.1	98.4	318	5.74e-233	631
WP_002914070.1	WP_002914070.1	100	318	5.90e-226	613
WP_002887442.1	WP_004222432.1	99.7	318	2.84e-233	632
WP_002887352.1	WP_002887352.1	100	318	2.21e-221	602
WP_002886769.1	WP_004222126.1	99.7	318	8.98e-221	600
WP_015959151.1	WP_004901466.1	99.1	317	2.16e-232	629
WP_015958473.1	WP_004898465.1	98.4	317	1.29e-224	610
WP_004178910.1	WP_004178910.1	100	317	7.43e-224	608
WP_004176159.1	WP_004151648.1	99.7	317	2.19e-216	589
WP_004147443.1	WP_004147443.1	100	317	2.52e-231	627
WP_002913072.1	WP_004899559.1	97.8	317	6.44e-208	567
WP_002899288.1	WP_002899288.1	100	317	1.34e-226	615
WP_002899271.1	WP_004147927.1	100	317	1.52e-224	610
WP_002896371.1	WP_002896371.1	100	317	2.07e-230	624
WP_002887897.1	WP_004222589.1	99.7	317	1.10e-225	612
WP_002883415.1	WP_002883415.1	100	317	1.36e-235	637
WP_001198018.1	WP_004151892.1	64.6	297	1.23e-129	369
WP_072159829.1	WP_004200149.1	99.0	315	6.91e-226	613
WP_072157843.1	WP_004183375.1	99.7	316	5.38e-226	614
WP_015958844.1	WP_004145693.1	99.4	316	1.08e-236	640
WP_015958671.1	WP_004175385.1	99.7	316	9.11e-229	620
WP_014907417.1	WP_004898796.1	99.1	316	4.26e-218	593
WP_011977656.1	WP_004177405.1	99.7	316	1.56e-254	685
WP_004893550.1	WP_004223565.1	80.3	310	2.17e-173	480
WP_004180615.1	WP_004151126.1	100	315	3.67e-221	601
WP_004178954.1	WP_004223559.1	73.7	315	2.24e-167	465
WP_004147958.1	WP_014599125.1	99.7	316	1.11e-229	622
WP_004143085.1	WP_004224626.1	99.1	316	1.58e-229	622
WP_002916600.1	WP_002916600.1	100	316	1.79e-235	637
WP_002903391.1	WP_002903391.1	100	316	8.85e-236	638
WP_002903384.1	WP_002903384.1	100	316	1.97e-223	607
WP_002887979.1	WP_002887979.1	100	316	8.73e-227	615
WP_002885652.1	WP_002885652.1	100	316	4.33e-227	616
WP_002883524.1	WP_015959237.1	100	316	3.57e-231	626
WP_002883400.1	WP_002883400.1	100	316	7.18e-226	613
WP_015959314.1	WP_004192384.1	99.7	315	3.15e-224	608
WP_015959136.1	WP_004901342.1	98.4	318	5.84e-223	605
WP_015958226.1	WP_004190773.1	99.7	315	4.80e-219	595
WP_009308991.1	WP_004183866.1	99.7	315	7.53e-232	628
WP_004150007.1	WP_004150007.1	100	315	1.25e-230	625
WP_004149083.1	WP_004899491.1	99.4	315	1.15e-226	615
WP_004143533.1	WP_004179782.1	100	307	6.68e-222	602
WP_002910407.1	WP_002910407.1	100	315	2.70e-225	611
WP_002884616.1	WP_004177861.1	100	315	1.35e-230	625
WP_041937651.1	WP_004180437.1	99.7	314	1.39e-222	604
WP_004184016.1	WP_004190181.1	99.7	314	7.48e-227	615
WP_004148696.1	WP_004898803.1	98.1	314	9.49e-230	622
WP_004147641.1	WP_004147641.1	100	314	9.76e-223	605
WP_004144892.1	WP_004144892.1	100	314	1.29e-227	617
WP_002921105.1	WP_002921105.1	100	314	8.96e-219	595
WP_002906228.1	WP_004898468.1	99.7	314	6.62e-205	560
WP_002904491.1	WP_004224725.1	99.7	314	5.05e-225	610
WP_002891641.1	WP_004223012.1	99.7	314	6.68e-230	623
WP_041937635.1	WP_004224961.1	99.4	313	1.63e-225	612
WP_015958670.1	WP_023287796.1	99.4	313	5.93e-228	618
WP_012068489.1	WP_004147725.1	99.7	313	3.15e-223	606
WP_004178031.1	WP_004178031.1	100	313	1.65e-234	634
WP_004147553.1	WP_004147553.1	100	313	8.07e-226	612
WP_004144198.1	WP_002912679.1	99.0	313	4.54e-232	628
WP_002923154.1	WP_002923154.1	100	313	1.63e-225	612
WP_002915261.1	WP_002915261.1	100	313	4.87e-227	615
WP_002915041.1	WP_004900123.1	100	313	9.03e-191	524
WP_002910764.1	WP_002910764.1	100	313	8.07e-226	612
WP_002888547.1	WP_002888547.1	100	313	3.84e-224	608
WP_002885156.1	WP_002885156.1	100	313	1.05e-221	602
WP_002883381.1	WP_002883381.1	100	313	4.67e-225	610
WP_012068543.1	WP_002898938.1	99.7	312	1.53e-234	634
WP_004176613.1	WP_004183619.1	99.4	312	7.54e-210	572
WP_002918570.1	WP_002918570.1	100	312	2.20e-218	593
WP_002912941.1	WP_002912941.1	100	312	1.35e-228	619
WP_002890002.1	WP_029883981.1	99.4	312	7.47e-226	612
WP_002887969.1	WP_002887969.1	100	312	1.51e-225	612
WP_002885229.1	WP_004177781.1	99.7	312	9.88e-231	625
WP_019704284.1	WP_004224761.1	99.4	311	1.11e-231	627
WP_015958497.1	WP_002906791.1	99.4	311	3.72e-230	623
WP_004210091.1	WP_004898663.1	97.0	305	9.67e-211	574
WP_004180008.1	WP_004212078.1	99.7	311	1.70e-226	614
WP_004179591.1	WP_004224433.1	98.4	311	2.51e-228	619
WP_002921921.1	WP_002921921.1	100	311	1.28e-221	602
WP_002886928.1	WP_002886928.1	100	311	3.28e-224	608
WP_015959385.1	WP_004222502.1	98.7	308	1.21e-209	571
WP_015959193.1	WP_004211174.1	99.7	309	2.32e-205	560
WP_015959060.1	WP_002918455.1	99.7	310	1.07e-233	632
WP_015958846.1	WP_004899999.1	99.4	310	1.03e-231	627
WP_015958447.1	WP_004224949.1	99.4	310	1.37e-245	662
WP_015958355.1	WP_004148259.1	99.7	310	3.04e-224	608
WP_012068462.1	WP_004147614.1	99.4	310	3.59e-232	628
WP_004212615.1	WP_004223635.1	99.7	310	5.48e-227	615
WP_004184763.1	WP_002911739.1	99.7	310	1.52e-208	568
WP_004147274.1	WP_004144601.1	99.7	310	1.76e-223	606
WP_004145382.1	WP_004898920.1	100	309	5.40e-218	592
WP_002922463.1	WP_002922463.1	100	310	7.55e-234	632
WP_002918639.1	WP_002918639.1	100	310	2.87e-213	580
WP_002913346.1	WP_002913346.1	100	310	4.55e-235	635
WP_002912862.1	WP_002912862.1	100	310	5.95e-231	625
WP_015958948.1	WP_004900508.1	98.7	309	3.37e-216	588
WP_009309189.1	WP_004178570.1	99.7	309	8.40e-226	612
WP_004189770.1	WP_002906903.1	99.7	309	3.52e-218	593
WP_004150358.1	WP_004901680.1	99.7	309	1.84e-229	621
WP_004149224.1	WP_004899603.1	100	308	1.87e-213	581
WP_004146576.1	WP_004146576.1	100	309	1.21e-234	634
WP_002921434.1	WP_004901196.1	99.7	309	2.31e-223	606
WP_002918641.1	WP_002918641.1	100	309	1.98e-224	608
WP_002910835.1	WP_002910835.1	100	309	1.90e-222	603
WP_002902764.1	WP_004148220.1	99.4	309	2.59e-232	630
WP_002902287.1	WP_004179577.1	99.4	309	2.06e-226	613
WP_002899289.1	WP_004224087.1	99.4	309	1.37e-215	586
WP_002887853.1	WP_002887853.1	100	309	1.92e-231	626
WP_002884627.1	WP_002884627.1	100	309	1.47e-210	573
WP_002883171.1	WP_002883171.1	100	309	9.52e-232	627
WP_269465041.1	WP_004152050.1	99.7	308	4.15e-215	585
WP_020316502.1	WP_004224677.1	98.7	308	1.29e-224	609
WP_015959103.1	WP_002920807.1	99.7	308	3.73e-208	567
WP_015958946.1	WP_004174493.1	99.3	299	7.79e-217	589
WP_015958366.1	WP_002903632.1	99.0	308	7.67e-217	589
WP_009486407.1	WP_004898638.1	99.4	308	6.57e-218	592
WP_009308578.1	WP_002915991.1	99.7	308	6.57e-218	592
WP_004198177.1	WP_014599139.1	98.1	308	6.57e-221	600
WP_004187815.1	WP_002883211.1	99.7	308	7.77e-226	612
WP_004175986.1	WP_004898503.1	99.4	308	7.86e-235	635
WP_004143684.1	WP_004225004.1	99.4	308	1.21e-238	644
WP_002913438.1	WP_004899728.1	99.4	308	9.33e-218	592
WP_002913183.1	WP_002913183.1	100	308	5.63e-219	595
WP_002910715.1	WP_002910715.1	100	308	2.14e-223	606
WP_002906700.1	WP_004184216.1	99.0	308	5.30e-208	567
WP_002888823.1	WP_002888823.1	100	308	1.88e-217	591
WP_002887421.1	WP_004222429.1	98.7	312	3.71e-209	570
WP_020803491.1	WP_004151892.1	99.7	307	6.08e-218	592
WP_016946782.1	WP_004224971.1	99.3	307	3.08e-236	638
WP_015958873.1	WP_004149485.1	99.7	307	2.96e-209	570
WP_015958555.1	WP_004898706.1	99.0	307	6.08e-218	592
WP_015958264.1	WP_004224395.1	99.3	307	8.05e-223	604
WP_012068388.1	WP_004223408.1	99.0	307	8.64e-218	592
WP_004179102.1	WP_004223785.1	99.7	307	1.24e-226	614
WP_004151749.1	WP_004151749.1	100	307	1.60e-213	581
WP_004150274.1	WP_004150274.1	100	307	1.58e-229	621
WP_004143800.1	WP_004143800.1	100	307	3.01e-218	593
WP_002904781.1	WP_002904781.1	100	307	1.13e-213	581
WP_002895284.1	WP_004147660.1	100	307	1.21e-225	612
WP_002892597.1	WP_002892597.1	100	307	4.59e-213	580
WP_227542143.1	WP_004899237.1	99.3	306	5.05e-221	600
WP_015958759.1	WP_004899577.1	99.3	306	2.07e-229	621
WP_012068384.1	WP_002892496.1	98.4	306	6.38e-224	607
WP_004191999.1	WP_002888623.1	99.7	306	3.03e-222	603
WP_004179719.1	WP_004224630.1	99.3	306	8.56e-213	579
WP_004140735.1	WP_004150825.1	99.7	306	2.09e-238	644
WP_002916572.1	WP_002916572.1	100	306	1.25e-230	624
WP_002913220.1	WP_004149206.1	100	306	1.49e-218	594
WP_002910089.1	WP_002910089.1	100	306	1.07e-206	563
WP_002892997.1	WP_002892997.1	100	306	5.63e-218	592
WP_002892400.1	WP_002892400.1	100	306	1.85e-232	629
WP_002882914.1	WP_002882914.1	100	306	5.87e-220	597
WP_015959199.1	WP_004901674.1	97.7	305	1.62e-221	601
WP_004210044.1	WP_002885338.1	99.7	305	3.99e-222	602
WP_004174672.1	WP_004890185.1	99.7	305	1.89e-220	598
WP_004173902.1	WP_004173902.1	100	305	1.24e-225	611
WP_004148478.1	WP_004148478.1	100	305	4.85e-223	605
WP_002915545.1	WP_002915545.1	100	305	1.89e-220	598
WP_002912823.1	WP_002912823.1	100	305	3.51e-216	587
WP_002911729.1	WP_002911729.1	100	305	3.45e-207	565
WP_002892258.1	WP_002892258.1	100	305	3.43e-168	466
WP_002888632.1	WP_002888632.1	100	305	4.33e-226	612
WP_002883015.1	WP_002883015.1	100	305	2.40e-223	605
WP_023287295.1	WP_002890286.1	99.7	304	8.09e-226	612
WP_015958676.1	WP_004899327.1	99.0	304	3.79e-215	585
WP_004190428.1	WP_004190428.1	100	304	2.32e-225	610
WP_004176438.1	WP_004176438.1	100	304	1.13e-216	588
WP_004175489.1	WP_004175489.1	100	304	3.89e-208	567
WP_004175111.1	WP_004151129.1	96.4	304	1.45e-203	555
WP_004151870.1	WP_004224889.1	99.3	304	1.06e-221	601
WP_004151242.1	WP_004898442.1	99.7	304	3.39e-218	592
WP_004151053.1	WP_004151053.1	100	304	1.46e-228	619
WP_004148038.1	WP_004148038.1	100	304	1.30e-231	626
WP_002910883.1	WP_004899079.1	99.3	304	1.15e-225	611
WP_002909089.1	WP_002909089.1	100	304	7.98e-217	589
WP_002895871.1	WP_002895871.1	100	304	1.10e-223	606
WP_002895831.1	WP_004223804.1	99.3	304	5.30e-231	625
WP_002887981.1	WP_004222613.1	99.7	304	4.49e-223	605
WP_072198214.1	WP_004185080.1	99.0	295	2.36e-202	552
WP_015958983.1	WP_004900622.1	99.0	303	7.08e-215	584
WP_015958666.1	WP_004899215.1	99.3	303	8.85e-209	568
WP_015958266.1	WP_004224397.1	98.7	303	1.74e-215	585
WP_015958185.1	WP_004140619.1	99.7	303	1.29e-226	613
WP_004181164.1	WP_004181164.1	100	303	2.50e-224	608
WP_004180365.1	WP_004898848.1	98.7	303	7.59e-210	571
WP_004178742.1	WP_004183164.1	99.3	303	1.45e-223	606
WP_004177233.1	WP_004223076.1	97.4	303	5.89e-197	538
WP_004147729.1	WP_004147729.1	100	303	1.60e-211	575
WP_004145610.1	WP_004899738.1	99.7	303	5.20e-217	589
WP_004140718.1	WP_002899101.1	99.7	303	2.05e-224	608
WP_002922128.1	WP_004205014.1	99.7	303	8.47e-232	627
WP_002914199.1	WP_002914199.1	100	303	2.06e-223	605
WP_002913812.1	WP_004899797.1	99.7	303	2.03e-214	583
WP_002911591.1	WP_002911591.1	100	303	4.50e-202	551
WP_002894712.1	WP_002894712.1	100	303	8.04e-221	599
WP_002890285.1	WP_004222936.1	99.3	303	6.07e-216	587
WP_074195178.1	WP_004224287.1	99.0	301	1.49e-213	580
WP_025368372.1	WP_014599063.1	99.3	302	5.53e-207	564
WP_015959228.1	WP_004901884.1	95.1	306	1.92e-208	568
WP_015959212.1	WP_004901760.1	99.0	302	2.19e-213	580
WP_015959010.1	WP_004223930.1	72.2	302	1.58e-146	411
WP_015958855.1	WP_004145715.1	99.7	302	1.88e-214	583
WP_015958776.1	WP_002913369.1	98.7	302	1.07e-204	558
WP_004222628.1	WP_004222628.1	100	302	1.44e-218	593
WP_004151183.1	WP_004180248.1	99.7	302	8.68e-220	596
WP_004148273.1	WP_002903460.1	99.7	302	1.13e-215	586
WP_004145396.1	WP_004145396.1	100	302	7.37e-196	536
WP_002915160.1	WP_002915160.1	100	302	4.17e-227	615
WP_002904893.1	WP_002904893.1	100	302	7.43e-221	599
WP_002901739.1	WP_004179459.1	99.3	302	8.68e-220	596
WP_015958721.1	WP_004899470.1	99.0	301	3.76e-209	569
WP_015958204.1	WP_004140447.1	99.0	301	4.84e-221	599
WP_004190483.1	WP_004190483.1	100	301	4.84e-221	599
WP_004150236.1	WP_004150236.1	100	301	1.24e-223	606
WP_004145555.1	WP_002911434.1	100	289	1.67e-200	547
WP_004142092.1	WP_004142092.1	100	301	1.43e-213	580
WP_004141420.1	WP_004179309.1	99.7	301	6.33e-217	589
WP_002914063.1	WP_002914063.1	100	301	3.82e-218	592
WP_002889616.1	WP_002889616.1	100	301	1.37e-211	575
WP_024264619.1	WP_004151788.1	99.7	301	4.79e-214	582
WP_015959227.1	WP_002883396.1	99.7	300	1.06e-219	596
WP_015958428.1	WP_004190055.1	99.7	300	8.31e-217	588
WP_015874762.1	WP_004224636.1	99.7	300	1.27e-211	575
WP_009308746.1	WP_004901138.1	98.7	300	2.07e-226	613
WP_004191753.1	WP_004222951.1	99.3	300	1.34e-222	603
WP_004145207.1	WP_004145207.1	100	300	2.11e-194	532
WP_004140140.1	WP_004224455.1	99.3	300	5.23e-220	597
WP_002923118.1	WP_002923118.1	100	300	9.16e-205	558
WP_002923109.1	WP_002923109.1	100	300	1.36e-190	522
WP_002915996.1	WP_002915996.1	100	300	1.23e-218	593
WP_002914281.1	WP_002914281.1	100	300	6.98e-234	632
WP_002910108.1	WP_002910108.1	100	300	1.50e-219	595
WP_002910105.1	WP_002910105.1	100	300	5.02e-218	592
WP_002903955.1	WP_002903955.1	100	300	1.93e-206	562
WP_002903700.1	WP_002903700.1	100	300	1.61e-214	583
WP_002901746.1	WP_002901746.1	100	300	1.54e-212	578
WP_002896363.1	WP_002896363.1	100	300	4.61e-214	582
WP_002882907.1	WP_002882907.1	100	300	8.55e-210	571
WP_002882822.1	WP_004901686.1	99.7	300	2.17e-237	640
WP_015959117.1	WP_004145179.1	99.7	299	6.59e-218	591
WP_012068487.1	WP_004176738.1	99.3	299	4.50e-225	609
WP_004174901.1	WP_004174901.1	100	299	1.12e-209	570
WP_004152315.1	WP_004152315.1	100	299	6.06e-214	581
WP_004150336.1	WP_004150336.1	100	299	2.23e-225	610
WP_004149074.1	WP_004899488.1	99.7	299	3.00e-214	582
WP_004147773.1	WP_004147773.1	100	299	9.47e-202	550
WP_004145617.1	WP_004145617.1	100	299	9.94e-238	641
WP_004145614.1	WP_004145614.1	100	299	2.05e-221	600
WP_004144656.1	WP_004144656.1	100	299	2.03e-212	577
WP_004144552.1	WP_004144552.1	100	299	8.02e-219	593
WP_004143566.1	WP_004143566.1	100	299	1.71e-204	557
WP_002912152.1	WP_002912152.1	100	299	2.88e-212	577
WP_002908057.1	WP_002908057.1	100	299	1.17e-211	575
WP_002890128.1	WP_002890128.1	100	299	5.72e-203	553
WP_002886970.1	WP_002886970.1	100	299	7.23e-231	624
WP_002883414.1	WP_002883414.1	100	299	1.55e-216	588
WP_015958229.1	WP_004224275.1	94.3	298	3.73e-203	554
WP_011977650.1	WP_002888455.1	99.7	298	8.66e-218	591
WP_004175913.1	WP_004180146.1	99.7	298	6.83e-215	583
WP_004151952.1	WP_004900391.1	99.7	298	1.36e-205	560
WP_004151134.1	WP_002912636.1	100	297	3.54e-219	594
WP_004144865.1	WP_004144865.1	100	298	2.19e-211	575
WP_004144729.1	WP_004144729.1	100	298	1.88e-212	577
WP_004143835.1	WP_004143835.1	100	298	1.81e-194	532
WP_002907760.1	WP_004898614.1	99.7	298	7.74e-221	598
WP_002887961.1	WP_002887961.1	100	298	5.45e-221	599
WP_015958793.1	WP_004213188.1	99.0	297	6.39e-224	606
WP_015958578.1	WP_004175704.1	99.3	297	5.81e-211	573
WP_015958457.1	WP_029884165.1	98.7	297	4.77e-210	571
WP_012068510.1	WP_002898182.1	99.3	297	4.69e-226	612
WP_012068412.1	WP_004223543.1	99.0	296	2.47e-212	577
WP_004184171.1	WP_004184171.1	100	297	3.65e-214	582
WP_004178912.1	WP_004178912.1	100	297	1.71e-203	555
WP_002916497.1	WP_002916497.1	100	297	3.81e-216	587
WP_002913203.1	WP_002913203.1	100	297	3.30e-226	612
WP_002910720.1	WP_002910720.1	100	297	2.20e-215	585
WP_002888684.1	WP_002888684.1	100	297	1.49e-213	580
WP_002883402.1	WP_004187777.1	99.7	297	4.64e-217	589
WP_015959372.1	WP_004177537.1	99.7	296	1.39e-222	603
WP_014343110.1	WP_004180102.1	99.6	265	7.39e-181	496
WP_009309007.1	WP_004224459.1	99.0	296	1.61e-212	577
WP_004218747.1	WP_004151871.1	100	296	3.12e-215	584
WP_004189584.1	WP_004898701.1	99.3	296	7.01e-207	563
WP_004175276.1	WP_004175276.1	100	296	4.47e-219	594
WP_004151901.1	WP_004151901.1	100	296	2.19e-210	572
WP_004151547.1	WP_004151547.1	100	296	2.25e-203	554
WP_004150788.1	WP_004150788.1	100	296	4.73e-205	558
WP_004147133.1	WP_004222716.1	99.0	296	1.05e-217	590
WP_002917952.1	WP_004900846.1	99.7	296	9.55e-205	558
WP_002915995.1	WP_002915995.1	100	296	7.96e-213	578
WP_002884725.1	WP_002884725.1	100	296	4.42e-210	571
WP_002883176.1	WP_002883176.1	100	296	1.01e-215	585
WP_002882536.1	WP_002882536.1	100	296	7.51e-202	550
WP_001378118.1	WP_011251290.1	99.7	296	5.02e-221	599
WP_015958492.1	WP_002906776.1	99.7	295	2.11e-212	577
WP_004894651.1	WP_004222209.1	99.3	295	5.19e-213	578
WP_004189004.1	WP_004189004.1	100	295	1.09e-214	583
WP_004181081.1	WP_004151061.1	99.7	295	3.22e-207	564
WP_004181063.1	WP_004181063.1	100	295	3.97e-217	589
WP_004179357.1	WP_004140512.1	99.7	295	3.81e-215	584
WP_002920792.1	WP_004901104.1	99.7	295	1.37e-208	567
WP_002917724.1	WP_002917724.1	100	295	8.01e-217	588
WP_002895842.1	WP_004223808.1	99.7	295	5.71e-201	548
WP_002891629.1	WP_002891629.1	100	295	4.26e-212	576
WP_002882952.1	WP_002882952.1	100	295	5.88e-219	593
WP_015959321.1	WP_004152193.1	99.7	294	3.99e-221	599
WP_012737244.1	WP_032448136.1	98.3	290	9.61e-203	552
WP_011977708.1	WP_004222879.1	98.6	294	1.80e-208	567
WP_004224315.1	WP_004224315.1	100	294	1.01e-214	583
WP_004188324.1	WP_014599273.1	99.7	292	5.42e-214	581
WP_004151176.1	WP_029884633.1	99.7	294	4.23e-207	563
WP_004148772.1	WP_004898970.1	99.7	294	1.80e-208	567
WP_004143747.1	WP_004143747.1	100	294	1.15e-229	620
WP_002918241.1	WP_002918241.1	100	294	6.82e-213	578
WP_002914178.1	WP_004899977.1	99.7	294	1.01e-214	583
WP_002912869.1	WP_004200488.1	99.7	294	1.23e-215	585
WP_002911381.1	WP_002911381.1	100	294	4.34e-200	546
WP_002907799.1	WP_004898640.1	99.7	294	5.84e-214	581
WP_002904829.1	WP_004190135.1	99.7	294	3.47e-206	561
WP_002901240.1	WP_002901240.1	100	294	8.74e-225	608
WP_002890412.1	WP_002890412.1	100	294	1.78e-233	630
WP_041937690.1	WP_004177983.1	99.3	293	9.46e-199	542
WP_015958545.1	WP_004898686.1	99.0	293	1.29e-221	600
WP_011977666.1	WP_004222690.1	99.3	293	4.49e-222	601
WP_009486226.1	WP_029884305.1	99.3	293	3.40e-217	589
WP_004177340.1	WP_004145830.1	99.7	293	1.05e-211	575
WP_002918745.1	WP_004144971.1	99.7	293	1.02e-218	593
WP_002906016.1	WP_002906016.1	100	293	1.27e-212	577
WP_002887643.1	WP_002887643.1	100	293	3.69e-221	599
WP_002885085.1	WP_004221925.1	99.7	293	1.14e-215	585
WP_002883307.1	WP_002883307.1	100	293	1.44e-218	592
WP_080821469.1	WP_004902181.1	99.6	238	6.52e-161	445
WP_015959176.1	WP_004145083.1	99.7	292	1.32e-209	570
WP_015959054.1	WP_004900867.1	99.0	292	3.28e-219	594
WP_015958892.1	WP_002915265.1	99.7	292	1.56e-217	590
WP_015958411.1	WP_004224797.1	98.6	292	1.14e-219	595
WP_004197606.1	WP_004197606.1	100	292	1.26e-207	565
WP_004174698.1	WP_004174698.1	100	292	7.63e-209	568
WP_004151595.1	WP_004151595.1	100	292	1.08e-208	567
WP_002916061.1	WP_002916061.1	100	292	2.77e-211	574
WP_002914158.1	WP_002914158.1	100	292	7.72e-218	590
WP_002913803.1	WP_002913803.1	100	292	4.11e-213	578
WP_002906464.1	WP_002906464.1	100	292	3.10e-208	566
WP_002904495.1	WP_002904495.1	100	292	5.00e-214	581
WP_032434538.1	WP_002904832.1	99.3	291	3.21e-205	558
WP_015959269.1	WP_004146663.1	99.3	291	1.24e-210	573
WP_004148803.1	WP_004148803.1	100	291	6.05e-210	570
WP_002913800.1	WP_002913800.1	100	291	4.63e-214	581
WP_002913625.1	WP_002913625.1	100	291	1.42e-208	567
WP_002884619.1	WP_004221838.1	99.3	291	1.05e-210	572
WP_032412252.1	WP_004224857.1	99.7	290	3.98e-219	593
WP_015959379.1	WP_004222486.1	99.0	290	5.59e-210	570
WP_015958814.1	WP_004174805.1	99.7	290	2.94e-230	622
WP_015958335.1	WP_004224469.1	99.0	290	9.78e-220	595
WP_011977709.1	WP_002890001.1	99.7	290	3.47e-204	556
WP_004890205.1	WP_004181043.1	99.7	290	4.65e-218	591
WP_004179897.1	WP_004224863.1	99.3	290	2.55e-206	561
WP_004151204.1	WP_004898621.1	99.7	290	4.54e-184	505
WP_004145376.1	WP_004145376.1	100	290	1.54e-207	564
WP_002913639.1	WP_002913639.1	100	290	8.17e-203	552
WP_002910036.1	WP_002910036.1	100	290	9.85e-229	618
WP_223174956.1	WP_004224295.1	99.3	289	1.47e-216	587
WP_032411383.1	WP_004152141.1	99.7	289	5.86e-216	585
WP_020324664.1	WP_004224396.1	100	288	7.77e-223	603
WP_004189267.1	WP_004899136.1	99.0	289	2.26e-204	556
WP_004176040.1	WP_004176040.1	100	289	5.40e-212	575
WP_004175258.1	WP_002883307.1	74.8	286	9.32e-159	441
WP_004151372.1	WP_004151372.1	100	289	1.86e-203	554
WP_002920153.1	WP_002920153.1	100	289	7.13e-217	588
WP_002916831.1	WP_004900650.1	99.3	289	5.45e-221	598
WP_002916055.1	WP_004185510.1	99.7	289	1.00e-207	565
WP_002895043.1	WP_002895043.1	100	289	3.35e-206	561
WP_002887812.1	WP_004222550.1	99.7	289	3.53e-217	588
WP_015958582.1	WP_004151837.1	99.7	288	3.41e-219	593
WP_004193729.1	WP_004900312.1	99.0	288	1.57e-211	575
WP_004174917.1	WP_004174917.1	100	288	7.50e-198	540
WP_004151823.1	WP_004151823.1	100	288	3.41e-219	593
WP_004143017.1	WP_004143017.1	100	288	6.53e-208	565
WP_002916742.1	WP_002916742.1	100	288	2.05e-220	597
WP_002912932.1	WP_004899496.1	99.7	288	2.18e-206	561
WP_002892397.1	WP_004223394.1	99.3	288	2.30e-217	589
WP_002884808.1	WP_004221868.1	99.7	288	1.67e-210	572
WP_015959282.1	WP_002885443.1	85.4	287	6.97e-182	499
WP_015959049.1	WP_004900851.1	99.3	287	8.82e-201	547
WP_012068367.1	WP_004223040.1	98.3	289	1.24e-180	496
WP_004183542.1	WP_004150844.1	99.7	287	3.08e-201	548
WP_004181570.1	WP_004901505.1	99.0	287	1.03e-199	544
WP_004177525.1	WP_004177525.1	100	287	1.64e-196	536
WP_004176596.1	WP_004176596.1	100	287	4.62e-212	575
WP_004176514.1	WP_004176514.1	100	287	1.75e-216	587
WP_004175147.1	WP_004175147.1	100	287	1.42e-206	561
WP_004149458.1	WP_002914775.1	99.7	287	1.29e-193	529
WP_004145694.1	WP_004899986.1	99.7	287	9.04e-219	592
WP_004144996.1	WP_004144996.1	100	287	1.78e-200	546
WP_002922636.1	WP_002922636.1	100	287	1.34e-195	534
WP_002901735.1	WP_002901735.1	100	287	3.25e-212	576
WP_002891899.1	WP_002891899.1	100	287	1.18e-214	582
WP_002888460.1	WP_002888460.1	100	287	6.30e-210	570
WP_011977688.1	WP_004222792.1	99.3	286	5.83e-210	570
WP_004199757.1	WP_004224068.1	99.3	286	1.81e-213	579
WP_004176269.1	WP_001620095.1	99.7	286	9.94e-202	549
WP_004151421.1	WP_004151421.1	100	286	3.10e-205	558
WP_004150257.1	WP_002923191.1	99.7	286	7.69e-190	519
WP_004146232.1	WP_002882807.1	99.7	286	1.81e-188	516
WP_002907739.1	WP_004898602.1	99.7	286	6.80e-209	567
WP_002904004.1	WP_001620095.1	99.0	286	2.34e-200	546
WP_002888741.1	WP_004222677.1	99.7	286	1.02e-219	595
WP_002883408.1	WP_002883408.1	100	286	1.76e-220	597
WP_000027057.1	WP_001620095.1	65.7	283	1.58e-131	372
WP_004186517.1	WP_004186517.1	100	285	1.12e-202	551
WP_004152190.1	WP_004152190.1	100	285	2.32e-195	533
WP_004150812.1	WP_004150812.1	100	285	1.99e-196	536
WP_002916504.1	WP_002916504.1	100	285	1.38e-187	513
WP_002913950.1	WP_002913950.1	100	285	2.04e-214	581
WP_002913098.1	WP_004899570.1	99.6	285	8.67e-216	585
WP_002903710.1	WP_002903710.1	100	285	2.26e-202	551
WP_002898150.1	WP_002898150.1	100	285	1.48e-207	564
WP_002889318.1	WP_002889318.1	100	285	1.73e-206	561
WP_002887492.1	WP_004222457.1	99.6	285	4.29e-216	585
WP_012068376.1	WP_002892263.1	99.6	284	8.75e-195	531
WP_004218830.1	WP_004144635.1	99.6	284	2.55e-208	566
WP_004210671.1	WP_004210671.1	100	284	2.03e-209	568
WP_004177406.1	WP_002888694.1	99.6	284	1.54e-204	556
WP_004176976.1	WP_004176976.1	100	284	1.47e-202	551
WP_004176538.1	WP_014599128.1	99.6	284	1.49e-211	574
WP_002922972.1	WP_004901475.1	99.6	284	4.59e-206	560
WP_002920815.1	WP_002920815.1	100	284	6.71e-199	542
WP_002918428.1	WP_002918428.1	100	284	1.37e-207	564
WP_002915035.1	WP_002915035.1	100	284	8.03e-191	521
WP_002912937.1	WP_002912937.1	100	284	1.05e-211	574
WP_002910393.1	WP_002910393.1	100	284	1.87e-205	558
WP_002888835.1	WP_004222687.1	99.6	284	2.44e-201	548
WP_162467042.1	WP_004180121.1	98.9	283	9.42e-203	552
WP_041937705.1	WP_004146068.1	99.6	283	9.59e-203	551
WP_012068427.1	WP_002893884.1	98.6	283	4.43e-208	565
WP_004189881.1	WP_004898447.1	99.6	283	7.34e-207	562
WP_004176946.1	WP_004223523.1	99.3	283	2.99e-206	560
WP_004151930.1	WP_004151930.1	100	283	1.99e-195	533
WP_004147277.1	WP_004222915.1	99.6	283	3.02e-215	583
WP_004145526.1	WP_004145526.1	100	283	5.79e-204	555
WP_002922941.1	WP_002922941.1	100	283	2.29e-210	571
WP_002883026.1	WP_002883026.1	100	283	2.87e-204	555
WP_000079398.1	WP_004204761.1	99.6	283	3.30e-194	530
WP_041937646.1	WP_004898979.1	98.6	282	3.23e-205	558
WP_015958881.1	WP_004151054.1	98.2	282	1.51e-194	531
WP_015958849.1	WP_020803748.1	98.6	282	2.09e-201	548
WP_015958475.1	WP_004148501.1	100	282	1.17e-182	501
WP_004898981.1	WP_004175551.1	100	282	1.73e-207	563
WP_004213673.1	WP_004213673.1	100	282	8.62e-210	569
WP_004144349.1	WP_004144349.1	100	282	9.13e-196	534
WP_002918371.1	WP_002918371.1	100	282	2.97e-201	548
WP_002888321.1	WP_002888321.1	100	282	2.05e-217	588
WP_002886702.1	WP_004222093.1	98.9	282	2.30e-189	518
WP_002885202.1	WP_004221964.1	99.6	282	7.38e-211	572
WP_014907620.1	WP_004224743.1	98.9	281	3.08e-198	540
WP_004185988.1	WP_004901101.1	99.6	281	8.45e-196	534
WP_004176161.1	WP_004176161.1	100	281	4.37e-198	540
WP_004174633.1	WP_004900225.1	99.6	281	5.01e-213	577
WP_004145972.1	WP_004145972.1	100	281	1.97e-219	593
WP_002906551.1	WP_004898529.1	99.3	281	5.43e-217	587
WP_002896372.1	WP_002896372.1	100	281	1.99e-194	530
WP_002895753.1	WP_004223794.1	99.3	281	9.31e-209	566
WP_002882891.1	WP_004901724.1	99.6	281	1.61e-209	568
WP_041937608.1	WP_004140254.1	99.6	280	1.74e-208	566
WP_015958565.1	WP_004898734.1	97.5	280	4.97e-183	501
WP_015958370.1	WP_004143107.1	92.9	280	2.51e-176	484
WP_004177377.1	WP_004222710.1	99.6	280	7.19e-192	524
WP_004177347.1	WP_004212714.1	99.3	280	4.52e-195	532
WP_004177295.1	WP_004177295.1	100	280	1.26e-201	548
WP_004174837.1	WP_004174837.1	100	280	3.77e-203	552
WP_004151854.1	WP_004151854.1	100	280	4.09e-207	562
WP_002921269.1	WP_002921269.1	100	280	4.27e-209	567
WP_002882856.1	WP_002882856.1	100	280	2.54e-201	548
WP_004180842.1	WP_004180842.1	100	279	1.96e-209	568
WP_004176115.1	WP_004176115.1	100	279	3.74e-198	540
WP_015958806.1	WP_004899856.1	99.3	278	8.61e-208	564
WP_015958587.1	WP_004175664.1	98.9	278	4.40e-201	547
WP_012068410.1	WP_004147499.1	98.9	278	1.92e-195	533
WP_004180471.1	WP_004180471.1	100	278	4.44e-210	570
WP_004180178.1	WP_029884586.1	99.3	278	7.60e-202	549
WP_002882888.1	WP_004146257.1	99.6	278	1.22e-207	563
WP_002882828.1	WP_004901688.1	99.3	278	1.87e-202	550
WP_041937721.1	WP_002909061.1	99.6	277	1.52e-196	535
WP_015959109.1	WP_004901155.1	98.9	277	3.21e-198	540
WP_015958737.1	WP_004151123.1	99.6	277	6.08e-212	574
WP_015958369.1	WP_004224641.1	98.2	277	8.10e-192	523
WP_004899867.1	WP_004899867.1	100	277	1.19e-218	591
WP_004177833.1	WP_004177833.1	100	277	3.78e-181	496
WP_004175082.1	WP_002912842.1	99.6	277	1.07e-196	536
WP_004142505.1	WP_004142505.1	100	277	4.56e-198	539
WP_002923296.1	WP_002923296.1	100	277	9.06e-189	516
WP_002913626.1	WP_002913626.1	100	277	1.99e-192	525
WP_015959083.1	WP_004901008.1	98.9	276	1.05e-182	500
WP_015958334.1	WP_004224464.1	96.4	276	6.16e-191	521
WP_004894480.1	WP_032448004.1	98.5	271	2.00e-188	514
WP_004893549.1	WP_004223562.1	78.6	276	1.22e-165	457
WP_004209681.1	WP_004223984.1	99.6	276	2.20e-209	568
WP_004189603.1	WP_004898692.1	98.9	276	1.84e-192	525
WP_004151408.1	WP_004151408.1	100	276	1.88e-210	570
WP_002898913.1	WP_002898913.1	100	276	4.55e-177	486
WP_002888624.1	WP_002888624.1	100	276	8.87e-200	543
WP_002884578.1	WP_002884578.1	100	276	1.72e-197	538
WP_002882882.1	WP_002882882.1	100	276	6.31e-209	566
WP_015958182.1	WP_004224096.1	97.8	275	7.10e-210	569
WP_004151921.1	WP_004151921.1	100	275	7.03e-201	546
WP_004144603.1	WP_004144603.1	100	275	8.68e-186	508
WP_002920260.1	WP_002920260.1	100	275	3.94e-207	562
WP_002916846.1	WP_002916846.1	100	275	5.42e-214	579
WP_002916796.1	WP_002916796.1	100	275	3.52e-210	570
WP_002910080.1	WP_002910080.1	100	275	4.89e-192	524
WP_002888332.1	WP_002888332.1	100	275	3.21e-197	537
WP_041937692.1	WP_002883394.1	99.6	274	2.03e-204	555
WP_004192335.1	WP_002886979.1	99.3	274	1.44e-213	578
WP_004174960.1	WP_004174960.1	100	274	3.50e-205	557
WP_004152513.1	WP_004152513.1	100	274	1.81e-207	563
WP_002916869.1	WP_004174349.1	99.6	274	1.09e-208	566
WP_002915614.1	WP_002915614.1	100	274	3.09e-199	542
WP_002901552.1	WP_004140353.1	100	274	2.62e-199	542
WP_002889295.1	WP_002889295.1	100	274	1.36e-177	487
WP_002886699.1	WP_002886699.1	100	274	5.40e-209	566
WP_002884590.1	WP_002884590.1	100	274	1.30e-191	523
WP_032434106.1	WP_004178747.1	99.3	273	8.81e-194	528
WP_015958880.1	WP_002915033.1	98.9	273	5.32e-195	531
WP_004178392.1	WP_004178392.1	100	273	7.87e-197	536
WP_004151369.1	WP_004151369.1	100	273	4.89e-191	521
WP_004144532.1	WP_004144532.1	100	273	1.99e-190	520
WP_002922426.1	WP_002922426.1	100	273	2.35e-198	540
WP_002919786.1	WP_002919786.1	100	273	1.42e-199	543
WP_002915577.1	WP_004174602.1	99.6	273	2.26e-196	535
WP_002908416.1	WP_002908416.1	100	273	1.66e-198	540
WP_002888324.1	WP_002888324.1	100	273	9.58e-198	538
WP_002883081.1	WP_004181639.1	99.6	273	2.10e-201	547
WP_015958658.1	WP_004899166.1	98.5	272	1.09e-207	563
WP_012068472.1	WP_004223715.1	99.3	272	7.59e-199	541
WP_012068364.1	WP_004151335.1	99.6	272	3.25e-209	567
WP_011977712.1	WP_004222892.1	99.3	272	1.19e-186	510
WP_004224479.1	WP_004224479.1	100	272	8.66e-214	578
WP_004188166.1	WP_004188166.1	100	272	9.93e-195	530
WP_004185409.1	WP_004900130.1	99.6	272	1.02e-187	513
WP_004180084.1	WP_004180084.1	100	272	1.00e-203	553
WP_002919126.1	WP_004900954.1	99.6	272	2.54e-197	537
WP_002891476.1	WP_002891476.1	100	272	3.46e-195	531
WP_015959370.1	WP_004222427.1	99.3	271	6.02e-200	543
WP_015958186.1	WP_004176563.1	100	271	8.45e-199	541
WP_004212174.1	WP_004191195.1	98.2	271	6.47e-195	531
WP_004151552.1	WP_004173838.1	98.9	271	2.53e-192	524
WP_002910832.1	WP_002910832.1	100	271	2.10e-200	545
WP_002908134.1	WP_002908134.1	100	271	7.13e-183	500
WP_002889445.1	WP_002889445.1	100	271	1.85e-194	530
WP_015958766.1	WP_002913226.1	99.6	270	8.25e-202	548
WP_004184404.1	WP_004200238.1	99.6	270	3.88e-191	521
WP_004179130.1	WP_004179130.1	100	270	5.80e-202	548
WP_004151530.1	WP_004901584.1	99.6	270	2.73e-191	521
WP_004150950.1	WP_004150950.1	100	270	1.03e-195	533
WP_002915739.1	WP_002915739.1	100	270	2.30e-183	501
WP_002910900.1	WP_002910900.1	100	270	1.84e-189	517
WP_002910395.1	WP_002910395.1	100	270	2.85e-193	526
WP_002903687.1	WP_002903687.1	100	270	3.80e-207	561
WP_002883417.1	WP_004901889.1	99.6	270	2.02e-202	550
WP_015959164.1	WP_004901536.1	98.9	269	2.63e-193	526
WP_015959152.1	WP_004173884.1	99.6	269	8.81e-192	523
WP_015959138.1	WP_004173907.1	99.6	269	3.78e-202	549
WP_015958784.1	WP_004899759.1	98.1	269	2.96e-192	524
WP_012068377.1	WP_014599051.1	99.2	256	5.39e-183	500
WP_004221827.1	WP_004221827.1	100	269	2.42e-189	516
WP_004178995.1	WP_004151655.1	99.6	269	1.04e-199	543
WP_004177654.1	WP_004177654.1	100	269	7.69e-211	571
WP_004145468.1	WP_004152314.1	99.6	268	3.41e-182	498
WP_004140269.1	WP_004140269.1	100	269	6.47e-194	528
WP_002915732.1	WP_002915732.1	100	269	2.55e-200	544
WP_002913340.1	WP_002913340.1	100	269	3.03e-183	501
WP_002901728.1	WP_002901728.1	100	269	8.81e-192	523
WP_002900669.1	WP_004224090.1	98.5	269	1.54e-201	547
WP_002890227.1	WP_004222932.1	99.3	269	4.49e-185	506
WP_002890106.1	WP_002890106.1	100	269	4.89e-189	516
WP_032424602.1	WP_004222672.1	99.3	268	3.92e-199	541
WP_015958503.1	WP_004143773.1	99.6	268	2.62e-188	514
WP_015958192.1	WP_004183655.1	99.3	268	2.76e-199	541
WP_004151560.1	WP_004151560.1	100	268	9.52e-191	520
WP_002908598.1	WP_004898798.1	99.3	268	5.13e-195	531
WP_002904638.1	WP_002904638.1	100	268	2.24e-189	516
WP_002902393.1	WP_002902393.1	100	268	2.54e-195	531
WP_002901486.1	WP_002901486.1	100	268	3.38e-209	566
WP_032434942.1	WP_004899993.1	98.1	267	6.38e-184	503
WP_015959233.1	WP_002883428.1	99.6	263	1.74e-196	534
WP_015959037.1	WP_002917658.1	99.6	267	2.01e-196	534
WP_004899554.1	WP_004899554.1	100	267	1.52e-191	522
WP_004893054.1	WP_014599122.1	98.9	267	7.24e-190	518
WP_004191899.1	WP_002889598.1	99.6	267	7.24e-190	518
WP_004185540.1	WP_002916291.1	99.3	267	2.23e-184	504
WP_002913995.1	WP_002913995.1	100	267	6.74e-195	530
WP_002887487.1	WP_004222453.1	99.6	267	9.58e-195	530
WP_002884614.1	WP_004221836.1	99.6	267	1.36e-194	530
WP_029602073.1	WP_004899052.1	98.1	266	6.70e-190	518
WP_015959229.1	WP_004146466.1	99.6	266	1.17e-199	542
WP_015958841.1	WP_004899975.1	98.9	266	1.47e-193	527
WP_015958368.1	WP_004224637.1	97.0	266	8.04e-182	497
WP_015958351.1	WP_004224545.1	94.0	266	4.85e-183	500
WP_004872583.1	WP_004901059.1	99.6	266	3.36e-199	541
WP_004227143.1	WP_002911599.1	100	265	1.95e-200	544
WP_004145898.1	WP_004145898.1	100	266	1.26e-194	530
WP_004141135.1	WP_004899204.1	99.6	266	5.28e-187	510
WP_002912707.1	WP_002912707.1	100	266	5.51e-189	515
WP_002910918.1	WP_002910918.1	100	266	8.25e-175	479
WP_002909085.1	WP_002909085.1	100	266	6.43e-188	513
WP_002898187.1	WP_002898187.1	100	266	5.80e-200	543
WP_002894749.1	WP_002894749.1	100	266	1.17e-199	542
WP_002889279.1	WP_004222722.1	99.6	266	1.51e-186	509
WP_002884608.1	WP_002884608.1	100	266	8.25e-175	479
WP_015959374.1	WP_004222450.1	99.2	265	1.25e-189	517
WP_012068390.1	WP_002892698.1	99.6	265	1.63e-185	506
WP_004176884.1	WP_004176884.1	100	265	2.03e-204	554
WP_004148342.1	WP_004148342.1	100	265	2.08e-188	514
WP_004145044.1	WP_004145044.1	100	265	3.03e-181	496
WP_002889629.1	WP_004178666.1	99.6	265	3.07e-193	526
WP_002889212.1	WP_002889212.1	100	265	4.74e-194	528
WP_072198141.1	WP_012968215.1	99.2	263	6.84e-209	565
WP_015958979.1	WP_032448104.1	99.2	257	5.56e-184	502
WP_015958914.1	WP_004900259.1	99.2	264	2.97e-192	523
WP_015958847.1	WP_004180966.1	99.2	264	3.27e-180	493
WP_015958653.1	WP_004899116.1	99.2	264	5.80e-199	540
WP_015958286.1	WP_004899682.1	69.5	259	4.61e-124	351
WP_015958181.1	WP_004140680.1	99.6	264	1.53e-194	529
WP_011977676.1	WP_002889297.1	99.6	264	5.34e-195	530
WP_004211823.1	WP_004224113.1	99.6	264	3.22e-196	533
WP_004178546.1	WP_014599035.1	99.6	264	2.85e-190	518
WP_004151327.1	WP_004178774.1	99.2	264	6.24e-194	528
WP_004140469.1	WP_009308432.1	99.6	263	2.01e-192	524
WP_002915236.1	WP_002915236.1	100	264	1.00e-199	542
WP_002895071.1	WP_002895071.1	100	264	1.88e-126	357
WP_002893737.1	WP_004223579.1	99.6	264	1.21e-191	522
WP_002888739.1	WP_002888739.1	100	264	9.62e-198	537
WP_041937586.1	WP_004223429.1	98.9	263	5.77e-194	528
WP_015958446.1	WP_004224946.1	99.2	263	2.71e-183	501
WP_015958387.1	WP_004224715.1	98.9	263	1.08e-198	540
WP_004889385.1	WP_002921186.1	98.1	263	3.03e-180	493
WP_004223693.1	WP_004223693.1	100	263	2.98e-196	533
WP_004176216.1	WP_004224747.1	99.2	263	6.38e-182	497
WP_004174357.1	WP_004174357.1	100	263	8.27e-203	550
WP_004141755.1	WP_004141755.1	100	263	7.55e-190	517
WP_002915215.1	WP_002915215.1	100	263	3.74e-190	518
WP_002914153.1	WP_002914153.1	100	263	6.94e-186	507
WP_002911378.1	WP_002911378.1	100	263	4.19e-187	510
WP_002888841.1	WP_002888841.1	100	263	3.44e-186	508
WP_020803596.1	WP_004212622.1	99.2	262	6.70e-188	512
WP_015958341.1	WP_004140117.1	99.6	262	1.41e-189	516
WP_004186125.1	WP_002922460.1	99.2	262	1.37e-196	534
WP_004177356.1	WP_002889371.1	96.9	262	3.66e-160	442
WP_004150831.1	WP_004150831.1	100	262	8.05e-180	492
WP_004145418.1	WP_004145418.1	100	262	2.85e-189	516
WP_004140277.1	WP_004140277.1	100	262	1.92e-187	511
WP_002911505.1	WP_002911505.1	100	262	2.00e-189	516
WP_002898923.1	WP_004147894.1	100	262	8.45e-185	508
WP_002898450.1	WP_002898450.1	100	262	2.15e-184	503
WP_002895154.1	WP_002895154.1	100	262	1.77e-183	501
WP_002887652.1	WP_004222513.1	99.6	262	2.46e-199	541
WP_015958915.1	WP_004900260.1	99.2	261	1.36e-191	521
WP_004150813.1	WP_004150813.1	100	261	1.96e-175	481
WP_004143665.1	WP_004143665.1	100	261	6.66e-183	499
WP_002913046.1	WP_004899557.1	99.6	261	9.19e-190	517
WP_002911451.1	WP_004899157.1	94.6	261	1.02e-161	446
WP_002885391.1	WP_002885391.1	100	261	9.46e-183	499
WP_015958805.1	WP_002913952.1	99.2	260	9.91e-184	501
WP_015958405.1	WP_004179825.1	99.2	260	3.09e-192	523
WP_004183945.1	WP_004224680.1	99.6	260	2.02e-197	536
WP_004177550.1	WP_004222411.1	99.2	260	6.55e-203	550
WP_004177223.1	WP_004223098.1	99.6	260	8.62e-174	476
WP_004152340.1	WP_004213560.1	92.2	244	1.01e-158	438
WP_004151354.1	WP_004151354.1	100	260	4.53e-185	505
WP_004150949.1	WP_004150949.1	100	260	3.28e-178	488
WP_002913210.1	WP_002913210.1	100	260	1.84e-184	503
WP_002913209.1	WP_002913209.1	100	260	9.52e-187	509
WP_015959381.1	WP_002887608.1	99.6	259	2.01e-167	460
WP_015958885.1	WP_004900135.1	99.2	259	1.85e-188	513
WP_013214009.1	WP_004213560.1	90.0	259	3.72e-163	449
WP_004173886.1	WP_004901469.1	99.2	259	6.74e-191	520
WP_004141786.1	WP_004224021.1	99.6	259	2.26e-189	516
WP_002914815.1	WP_002914815.1	100	259	8.11e-183	499
WP_002908205.1	WP_002908205.1	100	259	3.10e-196	533
WP_002906697.1	WP_002906697.1	100	259	1.52e-187	511
WP_002888699.1	WP_002888699.1	100	259	8.70e-178	486
WP_002887784.1	WP_002887784.1	100	259	1.40e-183	501
WP_002883427.1	WP_002883427.1	100	259	4.31e-178	487
WP_015959218.1	WP_004177966.1	100	257	9.86e-181	494
WP_012068393.1	WP_004223432.1	98.4	258	1.98e-178	488
WP_004180497.1	WP_004180497.1	100	258	4.21e-189	515
WP_004147268.1	WP_004222901.1	99.6	258	4.72e-186	507
WP_004146059.1	WP_004146059.1	100	258	1.65e-186	508
WP_004145264.1	WP_002922500.1	99.6	258	1.26e-190	519
WP_004144829.1	WP_014599268.1	99.6	257	5.15e-192	522
WP_002917907.1	WP_002917907.1	100	258	1.72e-188	513
WP_002892707.1	WP_002892707.1	100	258	1.03e-189	516
WP_002886897.1	WP_004222141.1	99.6	258	1.30e-183	501
WP_041937719.1	WP_032448162.1	98.1	257	6.21e-186	507
WP_015875043.1	WP_004899486.1	98.8	257	4.43e-170	467
WP_004900267.1	WP_004900267.1	100	257	4.55e-188	512
WP_004181024.1	WP_002914817.1	99.6	257	2.08e-184	503
WP_004180550.1	WP_004899467.1	99.6	257	1.40e-182	498
WP_004176834.1	WP_004176834.1	100	257	3.17e-179	490
WP_004174021.1	WP_004181461.1	99.6	257	4.74e-190	517
WP_004152229.1	WP_004223669.1	99.2	257	1.31e-187	511
WP_004150838.1	WP_004150838.1	100	257	5.48e-180	492
WP_004145006.1	WP_004145006.1	100	257	2.86e-191	520
WP_004143751.1	WP_004143751.1	100	257	3.85e-180	492
WP_002922415.1	WP_002922415.1	100	257	1.10e-179	491
WP_002915985.1	WP_004900355.1	99.6	257	2.08e-184	503
WP_002913206.1	WP_002913206.1	100	257	4.02e-182	497
WP_002908439.1	WP_004175711.1	99.6	257	1.71e-183	501
WP_002887869.1	WP_002887869.1	100	257	1.31e-187	511
WP_002884327.1	WP_002884327.1	100	257	4.09e-200	543
WP_074422810.1	WP_071820808.1	99.2	256	2.14e-189	516
WP_041937709.1	WP_002889689.1	99.6	256	7.05e-196	532
WP_041937640.1	WP_004184291.1	98.4	256	3.99e-177	484
WP_020324206.1	WP_004181543.1	100	254	5.56e-188	512
WP_015959240.1	WP_004146302.1	99.6	256	1.63e-176	483
WP_015958558.1	WP_004151179.1	99.6	256	1.30e-182	498
WP_011977684.1	WP_004222768.1	98.4	256	3.06e-181	495
WP_004189574.1	WP_002908202.1	99.6	256	2.62e-182	498
WP_004144873.1	WP_004900848.1	98.8	256	7.83e-184	501
WP_002916852.1	WP_002916852.1	100	256	4.39e-165	454
WP_002888827.1	WP_002888827.1	100	256	2.15e-181	495
WP_002885048.1	WP_004186510.1	99.6	256	2.99e-197	535
WP_015958818.1	WP_002914147.1	99.6	255	1.36e-188	513
WP_009760646.1	WP_004224499.1	99.2	255	2.39e-173	475
WP_004898768.1	WP_004898768.1	100	255	5.95e-183	499
WP_004893960.1	WP_004222912.1	99.2	255	1.64e-180	493
WP_004224943.1	WP_004224943.1	100	255	2.86e-190	518
WP_004149452.1	WP_004149452.1	100	255	7.02e-191	519
WP_002922909.1	WP_002922909.1	100	255	5.25e-177	484
WP_002920803.1	WP_002920803.1	100	255	1.46e-183	501
WP_002916499.1	WP_002916499.1	100	255	3.48e-166	457
WP_002914891.1	WP_002914891.1	100	255	5.77e-190	517
WP_002901779.1	WP_002901779.1	100	255	6.47e-187	509
WP_002889696.1	WP_002889696.1	100	255	8.60e-201	544
WP_002888373.1	WP_002888373.1	100	255	5.32e-186	507
WP_002887413.1	WP_004177545.1	99.6	255	5.71e-181	494
WP_032430742.1	WP_004900603.1	99.2	254	4.72e-184	502
WP_015959375.1	WP_004177534.1	99.6	254	2.54e-188	513
WP_015959315.1	WP_004222190.1	99.2	254	5.13e-188	512
WP_015959110.1	WP_004173959.1	99.6	254	2.93e-178	487
WP_015958360.1	WP_004151556.1	99.6	254	4.92e-186	507
WP_004176941.1	WP_004176941.1	100	254	2.62e-181	495
WP_004151161.1	WP_004151161.1	100	254	1.16e-184	503
WP_019705656.1	WP_004224735.1	99.2	253	2.98e-191	520
WP_015959088.1	WP_004188345.1	99.6	253	2.63e-185	505
WP_015958596.1	WP_004212506.1	99.2	253	5.96e-182	496
WP_004196459.1	WP_004196459.1	100	253	9.98e-190	516
WP_004179098.1	WP_004223776.1	99.6	253	8.90e-193	524
WP_004177841.1	WP_004177841.1	100	253	1.20e-181	496
WP_004176511.1	WP_004176511.1	100	253	2.95e-182	497
WP_004174922.1	WP_004174922.1	100	253	7.02e-190	516
WP_004151676.1	WP_004151676.1	100	253	7.78e-178	486
WP_002916003.1	WP_002916003.1	100	253	6.95e-181	494
WP_002915109.1	WP_004142750.1	99.6	253	2.35e-188	513
WP_002913362.1	WP_002913362.1	100	253	3.62e-192	522
WP_002912986.1	WP_002912986.1	100	253	1.48e-166	457
WP_002883419.1	WP_002883419.1	100	253	2.83e-180	492
WP_002210513.1	WP_002210513.1	100	253	2.60e-176	482
WP_015958756.1	WP_004899572.1	99.2	252	8.16e-184	501
WP_009486060.1	WP_004224245.1	98.8	252	3.06e-179	489
WP_004178305.1	WP_004221961.1	99.2	252	5.07e-178	486
WP_004178303.1	WP_004221954.1	98.0	252	1.22e-194	528
WP_004177809.1	WP_004177809.1	100	252	7.59e-189	514
WP_004151780.1	WP_004151780.1	100	252	5.44e-173	474
WP_004151717.1	WP_004151717.1	100	252	4.04e-184	502
WP_002921336.1	WP_004901188.1	99.6	252	2.31e-174	477
WP_002920548.1	WP_004901082.1	99.6	252	7.21e-178	486
WP_002910030.1	WP_002910030.1	100	252	8.51e-186	506
WP_002891624.1	WP_002891624.1	100	252	9.93e-185	503
WP_002889316.1	WP_002889316.1	100	252	8.51e-186	506
WP_015958460.1	WP_004225008.1	98.8	251	2.18e-192	523
WP_015958338.1	WP_004224493.1	99.6	251	3.21e-185	504
WP_012068428.1	WP_002893888.1	96.8	251	8.35e-172	471
WP_004177871.1	WP_004152309.1	99.6	251	9.48e-178	486
WP_004177697.1	WP_004177697.1	100	251	4.70e-178	486
WP_004177420.1	WP_004177420.1	100	251	5.26e-175	479
WP_004176214.1	WP_004224750.1	98.8	251	2.64e-184	502
WP_004175724.1	WP_004175724.1	100	251	3.34e-187	509
WP_004151596.1	WP_004224392.1	99.6	251	6.14e-174	476
WP_004145833.1	WP_004222773.1	99.6	251	8.90e-192	521
WP_004142871.1	WP_004142871.1	100	251	5.10e-182	496
WP_004142100.1	WP_004142100.1	100	251	1.78e-182	498
WP_004141998.1	WP_004176736.1	99.6	251	4.19e-181	494
WP_002904983.1	WP_002904983.1	100	251	2.27e-194	528
WP_002883421.1	WP_002883421.1	100	251	5.32e-184	501
WP_223343550.1	WP_004899220.1	97.0	231	7.71e-163	447
WP_032420291.1	WP_004898636.1	99.2	250	1.05e-169	465
WP_004221445.1	WP_004176617.1	99.6	250	7.23e-187	509
WP_004178715.1	WP_004177291.1	99.6	250	7.52e-179	488
WP_004173956.1	WP_004188262.1	100	249	1.92e-181	495
WP_004151455.1	WP_004151455.1	100	250	5.92e-176	481
WP_002903394.1	WP_002903394.1	100	250	6.44e-180	491
WP_002895089.1	WP_002895089.1	100	250	2.18e-187	510
WP_002894738.1	WP_002894738.1	100	250	3.61e-186	507
WP_032432799.1	WP_002894375.1	97.2	249	7.87e-185	503
WP_015958601.1	WP_004898897.1	98.8	249	9.89e-179	488
WP_015958500.1	WP_004189779.1	98.8	249	1.31e-183	500
WP_012068480.1	WP_004223790.1	99.2	249	6.58e-168	461
WP_011977691.1	WP_004222810.1	99.2	249	2.86e-187	509
WP_009485415.1	WP_004213132.1	99.6	249	8.58e-164	450
WP_004180592.1	WP_004180592.1	100	249	6.14e-173	473
WP_004151841.1	WP_004151841.1	100	249	6.96e-179	488
WP_004146011.1	WP_004146011.1	100	249	2.95e-180	492
WP_002921919.1	WP_004901264.1	99.6	249	9.19e-184	501
WP_002903733.1	WP_002903733.1	100	249	1.53e-182	498
WP_002901785.1	WP_002901785.1	100	249	1.40e-178	488
WP_015958608.1	WP_004175592.1	99.6	245	2.33e-130	365
WP_015958206.1	WP_002901236.1	99.6	248	1.66e-190	518
WP_004198552.1	WP_002904975.1	100	248	4.01e-169	464
WP_004181536.1	WP_029884310.1	98.4	248	1.75e-167	459
WP_004180986.1	WP_004900051.1	99.6	248	4.22e-159	438
WP_004173895.1	WP_004173895.1	100	248	3.15e-170	466
WP_004145897.1	WP_004145897.1	100	248	4.39e-186	506
WP_002908876.1	WP_002908876.1	100	248	4.35e-177	484
WP_002902411.1	WP_002902411.1	100	248	3.29e-172	471
WP_002901387.1	WP_002901387.1	100	248	2.25e-179	489
WP_002898180.1	WP_004224020.1	99.2	248	1.52e-177	485
WP_002895839.1	WP_002895839.1	100	248	4.53e-179	489
WP_041937630.1	WP_004224763.1	99.2	247	2.06e-170	467
WP_020316476.1	WP_004224427.1	99.2	247	1.45e-170	467
WP_015958956.1	WP_004215074.1	98.8	247	4.15e-170	466
WP_015958643.1	WP_004899066.1	99.6	247	1.25e-180	493
WP_015958586.1	WP_004898817.1	99.2	247	4.37e-181	494
WP_015958224.1	WP_002901632.1	99.6	247	4.55e-158	436
WP_012068432.1	WP_004183359.1	99.2	247	7.69e-166	455
WP_004183295.1	WP_004183295.1	100	247	1.33e-150	417
WP_004177677.1	WP_004222099.1	99.6	247	5.78e-186	506
WP_004176858.1	WP_004223686.1	99.6	247	3.34e-185	504
WP_004176856.1	WP_004176856.1	100	247	4.03e-177	484
WP_004175417.1	WP_004175417.1	100	247	5.32e-182	496
WP_002911488.1	WP_004145568.1	99.2	247	4.20e-179	489
WP_002888645.1	WP_002888645.1	100	247	1.53e-181	495
WP_002886905.1	WP_004222155.1	99.6	247	1.27e-164	452
WP_015959310.1	WP_002886899.1	99.6	246	7.22e-175	478
WP_015959159.1	WP_002923146.1	99.2	246	2.01e-181	494
WP_015958682.1	WP_004180482.1	99.6	246	5.60e-163	448
WP_015958680.1	WP_004899345.1	98.8	246	4.54e-178	486
WP_015958515.1	WP_004214973.1	99.2	246	4.08e-190	516
WP_004889425.1	WP_004889425.1	100	246	6.50e-187	508
WP_004180014.1	WP_004180014.1	100	246	4.18e-174	476
WP_004180004.1	WP_004180004.1	100	246	7.96e-163	447
WP_004177935.1	WP_004186366.1	99.6	246	1.21e-182	498
WP_004177854.1	WP_004177854.1	100	246	1.75e-166	457
WP_002911459.1	WP_002911459.1	100	246	6.92e-173	473
WP_002898145.1	WP_002898145.1	100	246	7.34e-193	523
WP_002894709.1	WP_004223663.1	99.6	246	3.19e-178	486
WP_002889699.1	WP_002889699.1	100	246	1.86e-186	507
WP_002883380.1	WP_004901862.1	99.6	246	1.16e-180	493
WP_223364929.1	WP_004224046.1	96.7	182	2.03e-127	355
WP_024622969.1	WP_002887623.1	99.6	245	3.31e-175	479
WP_015958687.1	WP_004175272.1	99.2	245	2.72e-174	476
WP_012068544.1	WP_004140764.1	99.6	245	3.21e-182	496
WP_004151907.1	WP_004151907.1	100	245	7.80e-174	475
WP_004151128.1	WP_004180609.1	99.6	245	1.14e-166	457
WP_004145664.1	WP_004145664.1	100	245	1.25e-179	490
WP_004143926.1	WP_004900256.1	99.6	245	3.18e-173	474
WP_004143660.1	WP_004143660.1	100	245	2.24e-173	474
WP_004118669.1	WP_004118669.1	100	245	9.49e-175	478
WP_002916826.1	WP_002916826.1	100	245	1.24e-170	467
WP_002914079.1	WP_002914079.1	100	245	2.75e-183	499
WP_002914062.1	WP_002914062.1	100	245	1.46e-178	487
WP_002913374.1	WP_002913374.1	100	245	3.60e-179	489
WP_002908223.1	WP_002908223.1	100	245	1.07e-180	493
WP_002905758.1	WP_004898393.1	99.2	245	9.20e-182	495
WP_015958412.1	WP_002904841.1	99.2	244	2.82e-171	469
WP_004177729.1	WP_004222049.1	99.6	244	8.23e-189	513
WP_004176830.1	WP_004176830.1	100	244	2.34e-179	489
WP_002915177.1	WP_002915177.1	100	244	4.22e-182	496
WP_002913994.1	WP_002913994.1	100	244	7.22e-174	475
WP_002899294.1	WP_002899294.1	100	244	1.44e-164	452
WP_041937626.1	WP_004224462.1	99.2	243	1.71e-176	482
WP_015958971.1	WP_002916597.1	99.6	243	7.81e-173	473
WP_015958812.1	WP_004899919.1	98.8	243	3.48e-185	504
WP_004900612.1	WP_004900612.1	100	243	1.51e-170	467
WP_004888422.1	WP_004180923.1	99.6	243	7.49e-171	468
WP_004177719.1	WP_004177719.1	100	243	1.92e-173	474
WP_004174395.1	WP_004174395.1	100	243	3.00e-161	443
WP_004152034.1	WP_004145831.1	100	243	1.91e-176	482
WP_002921510.1	WP_002921510.1	100	243	6.22e-179	488
WP_002911879.1	WP_002911879.1	100	243	5.90e-168	460
WP_002896390.1	WP_002896390.1	100	243	2.43e-176	481
WP_002896384.1	WP_002896384.1	100	243	4.38e-179	488
WP_002885669.1	WP_002885669.1	100	243	1.35e-173	474
WP_015958951.1	WP_002916321.1	99.6	242	1.03e-172	472
WP_004180001.1	WP_004224984.1	99.6	242	6.65e-169	462
WP_004177571.1	WP_002887258.1	99.6	242	4.73e-178	486
WP_004174769.1	WP_004899997.1	99.6	242	5.76e-179	488
WP_002913014.1	WP_004211972.1	99.6	242	2.01e-179	489
WP_002896392.1	WP_004223976.1	99.6	242	1.03e-172	472
WP_002885152.1	WP_004177810.1	99.2	242	6.38e-167	457
WP_032414680.1	WP_002894928.1	99.6	241	1.06e-169	464
WP_015958580.1	WP_004898789.1	98.3	241	3.91e-181	493
WP_015958443.1	WP_004224933.1	98.3	241	4.38e-178	486
WP_004177785.1	WP_004177785.1	100	241	8.14e-174	475
WP_004145007.1	WP_004145007.1	100	241	4.71e-173	473
WP_004144927.1	WP_004174135.1	99.2	241	2.84e-174	476
WP_004143930.1	WP_004143930.1	100	241	2.24e-171	469
WP_002918417.1	WP_002918417.1	100	241	3.18e-171	468
WP_002895358.1	WP_002895358.1	100	241	3.08e-178	486
WP_002894706.1	WP_002894706.1	100	241	1.11e-171	469
WP_002889306.1	WP_002889306.1	100	241	1.84e-170	466
WP_002889299.1	WP_002889299.1	100	241	3.32e-173	473
WP_041937744.1	WP_002887645.1	99.6	240	2.32e-168	461
WP_015958720.1	WP_004175198.1	99.2	240	6.46e-175	478
WP_012068493.1	WP_004179133.1	99.6	240	2.74e-176	481
WP_004894582.1	WP_004222350.1	98.8	240	2.18e-182	496
WP_004889196.1	WP_004173889.1	99.6	240	2.85e-178	486
WP_004191610.1	WP_004191610.1	100	240	5.14e-181	493
WP_004189541.1	WP_004143359.1	99.6	240	1.25e-172	472
WP_004176334.1	WP_004224588.1	99.2	240	1.03e-171	469
WP_004151520.1	WP_004151520.1	100	240	3.58e-172	471
WP_004142040.1	WP_004223805.1	99.2	240	2.42e-170	466
WP_002920130.1	WP_002920130.1	100	240	1.46e-171	469
WP_002911542.1	WP_002911542.1	100	240	5.35e-183	498
WP_002895648.1	WP_002895648.1	100	240	2.63e-174	476
WP_002889685.1	WP_002889685.1	100	240	1.08e-182	497
WP_002883185.1	WP_002883185.1	100	240	2.23e-166	456
WP_041937687.1	WP_004145049.1	99.2	239	7.89e-180	490
WP_015959360.1	WP_004222355.1	99.2	239	2.62e-169	463
WP_015959188.1	WP_004901614.1	99.6	239	2.15e-168	461
WP_012068404.1	WP_004223503.1	98.3	239	4.71e-172	470
WP_004197828.1	WP_002911449.1	99.6	239	1.48e-173	474
WP_004176303.1	WP_004224629.1	99.6	239	8.15e-173	472
WP_004175491.1	WP_004175491.1	100	239	4.86e-165	452
WP_004151689.1	WP_004223702.1	99.6	239	4.52e-170	465
WP_004144215.1	WP_004144215.1	100	239	7.82e-171	467
WP_002916627.1	WP_002916627.1	100	239	4.07e-182	496
WP_002916619.1	WP_002916619.1	100	239	8.75e-168	459
WP_002912977.1	WP_002912977.1	100	239	2.64e-178	486
WP_002910890.1	WP_002910890.1	100	239	1.08e-177	484
WP_002903377.1	WP_002903377.1	100	239	3.46e-174	476
WP_002887789.1	WP_002887789.1	100	239	2.84e-173	473
WP_001157751.1	WP_001157751.1	100	239	1.16e-172	472
WP_015958448.1	WP_004179987.1	99.2	238	5.09e-171	468
WP_004210116.1	WP_004898645.1	98.7	238	4.89e-169	462
WP_004192466.1	WP_004178343.1	99.6	238	1.47e-179	489
WP_004151705.1	WP_004151705.1	100	238	4.06e-177	483
WP_004146477.1	WP_002883397.1	99.6	238	4.74e-176	480
WP_004144002.1	WP_004149658.1	99.6	238	2.97e-179	488
WP_002922602.1	WP_002922602.1	100	238	8.11e-168	459
WP_002913207.1	WP_002913207.1	100	238	1.64e-167	459
WP_002912870.1	WP_002912870.1	100	238	6.46e-174	475
WP_002896386.1	WP_002896386.1	100	238	3.69e-164	450
WP_002896380.1	WP_002896380.1	100	238	3.20e-174	476
WP_002894954.1	WP_002894954.1	100	238	3.77e-182	496
WP_002888848.1	WP_002888848.1	100	238	7.86e-175	477
WP_002887843.1	WP_002887843.1	100	238	3.20e-174	476
WP_015958744.1	WP_002912965.1	99.6	237	9.52e-171	467
WP_015958262.1	WP_004179573.1	99.6	237	1.45e-165	454
WP_015958195.1	WP_004224172.1	97.9	237	7.51e-168	459
WP_004157874.1	WP_004157874.1	100	237	4.16e-165	452
WP_004151745.1	WP_004151745.1	100	237	2.54e-175	478
WP_004145133.1	WP_004151414.1	100	233	6.23e-166	454
WP_004145036.1	WP_004901508.1	98.7	237	9.52e-171	467
WP_002916694.1	WP_002916694.1	100	237	2.37e-155	428
WP_002916301.1	WP_004185548.1	99.6	237	5.74e-172	470
WP_002915992.1	WP_002915992.1	100	237	9.13e-169	462
WP_002915973.1	WP_002915973.1	100	237	4.47e-160	440
WP_002913801.1	WP_002913801.1	100	237	5.12e-175	478
WP_015958867.1	WP_032448179.1	99.6	225	5.85e-162	444
WP_015958214.1	WP_004151923.1	99.2	236	2.71e-165	453
WP_009485534.1	WP_004174645.1	99.6	236	5.31e-172	470
WP_009308386.1	WP_004224061.1	99.2	236	7.86e-174	474
WP_004183934.1	WP_004224657.1	99.6	236	4.74e-175	478
WP_004142883.1	WP_004142883.1	100	236	8.81e-171	467
WP_002921929.1	WP_002921929.1	100	236	2.71e-165	453
WP_002915624.1	WP_004900258.1	99.6	236	1.20e-166	456
WP_002910191.1	WP_002910191.1	100	236	3.30e-166	455
WP_002890273.1	WP_002890273.1	100	236	9.34e-157	431
WP_002890061.1	WP_002890061.1	100	236	9.57e-175	477
WP_002887465.1	WP_014599030.1	99.6	236	1.20e-179	491
WP_015958552.1	WP_004175762.1	99.6	235	1.41e-171	469
WP_004152134.1	WP_004152134.1	100	235	4.24e-182	495
WP_002917889.1	WP_002917889.1	100	235	3.88e-169	462
WP_002916589.1	WP_002916589.1	100	235	1.17e-179	489
WP_002911594.1	WP_002911594.1	100	235	2.73e-169	463
WP_002889441.1	WP_004222760.1	99.6	235	8.85e-175	477
WP_002883395.1	WP_002883395.1	100	235	1.92e-169	463
WP_015958487.1	WP_004151229.1	99.1	233	1.77e-162	446
WP_004222618.1	WP_004222618.1	100	234	1.20e-167	459
WP_004188425.1	WP_004185859.1	99.1	234	1.15e-165	454
WP_004178936.1	WP_004176939.1	99.6	234	1.11e-163	449
WP_004152886.1	WP_004152886.1	100	234	1.25e-169	464
WP_004151175.1	WP_004151175.1	100	234	2.92e-159	437
WP_004150840.1	WP_004150840.1	100	234	1.91e-164	451
WP_004142079.1	WP_004142079.1	100	234	1.14e-156	431
WP_002884036.1	WP_002884036.1	100	234	1.69e-158	436
WP_020947395.1	WP_020947395.1	100	233	2.54e-173	473
WP_011977647.1	WP_004178579.1	99.6	233	1.70e-162	446
WP_004151141.1	WP_004899452.1	99.6	233	1.92e-168	461
WP_004144780.1	WP_004144780.1	100	233	1.07e-165	454
WP_002917925.1	WP_004900840.1	99.6	233	5.75e-170	464
WP_002900798.1	WP_002900798.1	100	233	2.16e-165	453
WP_002898014.1	WP_002898014.1	100	233	4.96e-180	490
WP_002891863.1	WP_002891863.1	100	233	3.09e-174	475
WP_002883448.1	WP_002883448.1	100	233	4.72e-169	462
WP_002882540.1	WP_002882540.1	100	233	3.33e-169	462
WP_000820818.1	WP_014599251.1	99.1	233	1.70e-162	446
WP_041937649.1	WP_004899029.1	98.3	232	1.25e-168	461
WP_015958893.1	WP_002915267.1	99.6	232	6.15e-160	439
WP_015958520.1	WP_002907733.1	99.6	232	1.62e-155	428
WP_004151507.1	WP_004901459.1	99.6	232	4.03e-165	452
WP_002919766.1	WP_002919766.1	100	232	1.41e-165	453
WP_002914092.1	WP_004899905.1	99.1	232	3.45e-166	455
WP_002910899.1	WP_004180423.1	99.6	232	2.84e-165	452
WP_002904825.1	WP_002904825.1	100	232	7.26e-168	459
WP_002892021.1	WP_002892021.1	100	232	7.61e-179	487
WP_002889435.1	WP_004145846.1	99.6	232	1.29e-174	476
WP_002889282.1	WP_002889282.1	100	232	4.70e-164	449
WP_002888337.1	WP_002888337.1	100	232	8.47e-167	456
WP_002882901.1	WP_002882901.1	100	232	3.60e-168	460
WP_041937589.1	WP_004223536.1	99.6	231	1.53e-173	473
WP_015958790.1	WP_002913770.1	99.6	231	8.17e-169	461
WP_015958471.1	WP_014599174.1	92.2	231	1.83e-156	430
WP_015958456.1	WP_004189951.1	99.1	231	3.19e-166	455
WP_015958404.1	WP_004224760.1	97.8	231	2.63e-165	452
WP_012068380.1	WP_004223391.1	98.7	231	7.22e-163	446
WP_011977727.1	WP_004178736.1	98.3	231	4.88e-161	442
WP_011977644.1	WP_002888353.1	99.6	231	5.56e-176	479
WP_004151443.1	WP_004899101.1	99.6	231	6.45e-166	454
WP_004143995.1	WP_004143995.1	100	231	7.90e-176	479
WP_004143967.1	WP_004143967.1	100	231	7.84e-167	456
WP_002920779.1	WP_004901099.1	99.6	231	6.50e-175	477
WP_002912867.1	WP_002912867.1	100	231	2.49e-154	425
WP_002906547.1	WP_004898522.1	99.1	231	2.25e-166	455
WP_002903703.1	WP_002903703.1	100	231	5.52e-167	457
WP_002896434.1	WP_002896434.1	100	231	3.58e-163	447
WP_002890126.1	WP_002890126.1	100	231	1.63e-159	438
WP_002884344.1	WP_004218866.1	99.6	231	3.58e-168	460
WP_004213891.1	WP_004191866.1	99.6	230	8.14e-164	449
WP_004152221.1	WP_004142197.1	100	227	2.16e-156	430
WP_004140471.1	WP_004224192.1	99.6	230	1.59e-170	466
WP_002898152.1	WP_002898152.1	100	230	3.87e-162	444
WP_015958785.1	WP_004185056.1	98.7	229	2.42e-160	440
WP_012068444.1	WP_004179015.1	99.6	229	8.18e-168	459
WP_008806302.1	WP_004185474.1	99.6	229	1.50e-154	425
WP_004210006.1	WP_004186536.1	99.6	229	2.25e-165	452
WP_004181538.1	WP_004181538.1	100	229	1.07e-163	448
WP_004178714.1	WP_004177292.1	99.6	229	4.68e-158	434
WP_004176431.1	WP_004176431.1	100	229	1.37e-175	478
WP_004145084.1	WP_004145084.1	100	229	4.88e-160	439
WP_004140953.1	WP_004214089.1	98.7	229	3.55e-137	381
WP_002914088.1	WP_002914088.1	100	229	2.87e-177	483
WP_002895159.1	WP_002895159.1	100	229	1.63e-158	435
WP_002890343.1	WP_002890343.1	100	229	9.95e-169	461
WP_002887820.1	WP_004222554.1	99.1	229	2.25e-165	452
WP_002885088.1	WP_002885088.1	100	229	1.75e-153	422
WP_015959293.1	WP_002885687.1	99.6	228	8.55e-174	474
WP_015958937.1	WP_004144024.1	99.6	228	5.73e-163	446
WP_015958199.1	WP_004150790.1	99.1	228	3.91e-170	464
WP_004200032.1	WP_004898453.1	99.6	228	1.42e-172	471
WP_004184165.1	WP_004184165.1	100	228	1.78e-166	455
WP_004177740.1	WP_004152418.1	92.5	228	4.65e-153	421
WP_004151733.1	WP_004151733.1	100	228	8.49e-165	451
WP_004146399.1	WP_004151324.1	99.6	228	3.18e-160	439
WP_002914033.1	WP_002914033.1	100	228	1.16e-162	446
WP_002913208.1	WP_002913208.1	100	228	2.93e-156	429
WP_002903730.1	WP_002903730.1	100	228	4.71e-162	444
WP_002903522.1	WP_002903522.1	100	228	1.16e-162	446
WP_002887846.1	WP_002887846.1	100	228	1.64e-162	445
WP_026005887.1	WP_004221988.1	99.6	227	2.67e-147	407
WP_015959093.1	WP_004181456.1	99.6	227	2.27e-173	473
WP_009486400.1	WP_004175829.1	99.6	227	8.88e-171	466
WP_004151347.1	WP_004222930.1	99.6	227	9.18e-164	448
WP_002898160.1	WP_002898160.1	100	227	6.66e-157	431
WP_002892774.1	WP_002892774.1	100	227	3.59e-161	442
WP_002887273.1	WP_002887273.1	100	227	4.36e-162	444
WP_015959324.1	WP_004222220.1	94.7	226	3.06e-157	432
WP_015959272.1	WP_004221959.1	99.1	226	2.00e-162	445
WP_004180107.1	WP_004180107.1	100	226	3.22e-168	459
WP_004179925.1	WP_004179925.1	100	226	2.64e-167	457
WP_004152258.1	WP_004152258.1	100	226	3.35e-170	464
WP_004144619.1	WP_002890280.1	100	221	4.74e-153	421
WP_002914065.1	WP_002914065.1	100	226	1.92e-160	440
WP_002906011.1	WP_002906011.1	100	226	3.06e-157	432
WP_001572351.1	WP_004213574.1	97.3	226	1.07e-157	433
WP_001188930.1	WP_001188930.1	100	226	1.58e-159	437
WP_015958913.1	WP_004143925.1	99.6	225	2.95e-159	437
WP_015958329.1	WP_004224669.1	88.8	169	2.60e-115	323
WP_012068459.1	WP_004223679.1	98.7	225	1.52e-161	442
WP_004177224.1	WP_004177224.1	100	225	1.59e-163	447
WP_004146044.1	WP_004146044.1	100	225	2.98e-168	459
WP_004140326.1	WP_004140326.1	100	225	4.23e-168	459
WP_002920259.1	WP_002920259.1	100	225	3.74e-162	444
WP_002911385.1	WP_002911385.1	100	225	1.27e-144	400
WP_002910189.1	WP_002910189.1	100	225	1.31e-162	445
WP_002898927.1	WP_002898927.1	100	225	2.74e-139	386
WP_015959000.1	WP_004900702.1	98.7	224	5.99e-163	446
WP_009485285.1	WP_004224669.1	98.8	169	4.81e-129	358
WP_004212642.1	WP_004212642.1	100	224	1.34e-150	415
WP_004190420.1	WP_004224474.1	94.2	224	2.04e-145	402
WP_004181626.1	WP_004901728.1	98.7	224	3.22e-167	457
WP_004160062.1	WP_004185961.1	99.6	224	1.73e-171	468
WP_004151576.1	WP_004224512.1	99.6	224	3.09e-165	452
WP_004146507.1	WP_004146507.1	100	224	3.88e-159	436
WP_002913178.1	WP_002913178.1	100	224	1.94e-168	460
WP_002887647.1	WP_002887647.1	100	224	6.24e-165	451
WP_004152311.1	WP_004152311.1	100	223	2.98e-167	457
WP_004150807.1	WP_004150807.1	100	223	3.60e-159	436
WP_002916849.1	WP_002916849.1	100	223	1.11e-153	422
WP_002915210.1	WP_002915210.1	100	223	4.59e-171	466
WP_002895659.1	WP_002895659.1	100	223	3.08e-160	439
WP_009486158.1	WP_004900010.1	61.1	221	1.99e-89	261
WP_004209895.1	WP_004140335.1	99.5	222	6.45e-157	431
WP_004184878.1	WP_004184878.1	100	222	1.30e-156	430
WP_004184252.1	WP_002907480.1	99.5	222	9.16e-157	430
WP_004144586.1	WP_004144586.1	100	222	1.93e-158	434
WP_004141917.1	WP_004191163.1	98.2	222	4.12e-144	398
WP_004141106.1	WP_004899193.1	99.5	222	5.57e-167	456
WP_002920817.1	WP_002920817.1	100	222	1.36e-158	435
WP_002911547.1	WP_002911547.1	100	222	6.93e-152	418
WP_002904403.1	WP_002904403.1	100	222	8.79e-155	425
WP_002902397.1	WP_004224411.1	99.5	222	1.04e-137	382
WP_002901908.1	WP_002901908.1	100	222	2.52e-94	272
WP_002885078.1	WP_002885078.1	100	222	6.50e-166	453
WP_004177299.1	WP_004177299.1	100	221	3.75e-160	439
WP_004176117.1	WP_004224905.1	99.5	221	2.61e-151	416
WP_004145102.1	WP_004901610.1	99.5	221	2.02e-164	449
WP_002922589.1	WP_002922589.1	100	221	4.71e-154	423
WP_002920860.1	WP_002920860.1	100	221	1.03e-157	432
WP_002893189.1	WP_002893189.1	100	221	2.61e-151	416
WP_015959035.1	WP_004150926.1	97.7	213	6.36e-134	372
WP_015958723.1	WP_004899476.1	88.9	217	6.27e-138	382
WP_004212041.1	WP_004901765.1	99.1	220	2.52e-153	421
WP_004185341.1	WP_004900016.1	99.1	220	6.00e-161	441
WP_004177543.1	WP_004177543.1	100	220	9.45e-149	410
WP_004152016.1	WP_004152016.1	100	220	7.30e-162	443
WP_002921917.1	WP_002921917.1	100	220	6.54e-140	387
WP_002917909.1	WP_002917909.1	100	220	6.73e-158	433
WP_002892378.1	WP_002892378.1	100	220	1.25e-153	422
WP_002888821.1	WP_002888821.1	100	220	1.17e-167	457
WP_015958989.1	WP_004900654.1	99.1	219	1.26e-157	432
WP_015958449.1	WP_004224958.1	99.1	219	7.94e-170	463
WP_012068421.1	WP_004223568.1	84.5	193	1.91e-115	325
WP_004891310.1	WP_004898742.1	99.1	219	7.07e-139	385
WP_004217626.1	WP_002904633.1	100	219	1.75e-149	412
WP_004195589.1	WP_004195589.1	100	219	5.91e-147	405
WP_004180422.1	WP_002910897.1	99.5	219	8.22e-163	445
WP_004174996.1	WP_004899585.1	99.5	219	5.12e-157	431
WP_004174905.1	WP_004174905.1	100	219	3.18e-151	416
WP_004145980.1	WP_002888348.1	99.5	219	1.17e-162	445
WP_004145550.1	WP_004145550.1	100	219	5.28e-150	413
WP_002916791.1	WP_002916791.1	100	219	1.53e-158	434
WP_002916495.1	WP_002916495.1	100	219	1.58e-151	417
WP_002916317.1	WP_002916317.1	100	219	1.64e-153	422
WP_002913221.1	WP_002913221.1	100	219	6.43e-151	415
WP_002911407.1	WP_002911407.1	100	219	9.28e-169	460
WP_002898458.1	WP_002898458.1	100	219	3.28e-144	398
WP_002895837.1	WP_002895837.1	100	219	1.51e-149	412
WP_002895746.1	WP_002895746.1	100	219	7.89e-161	440
WP_015958553.1	WP_004898703.1	96.3	218	4.08e-145	400
WP_004190824.1	WP_004140389.1	99.5	218	6.95e-150	412
WP_004176857.1	WP_004176857.1	100	218	3.10e-162	444
WP_004176118.1	WP_004176118.1	100	218	1.46e-151	417
WP_004151559.1	WP_004151559.1	100	218	3.10e-162	444
WP_002911539.1	WP_002911539.1	100	218	1.52e-153	422
WP_002907742.1	WP_002907742.1	100	218	1.60e-164	449
WP_002906457.1	WP_004898484.1	99.5	218	3.48e-159	436
WP_001008622.1	WP_002895837.1	69.9	219	8.42e-103	293
WP_032421529.1	WP_004899022.1	99.1	217	3.09e-157	431
WP_015959101.1	WP_004188304.1	99.1	217	2.95e-130	363
WP_015959075.1	WP_004900945.1	99.1	217	1.16e-152	419
WP_004891053.1	WP_004891053.1	100	217	1.22e-172	470
WP_004185856.1	WP_004889584.1	99.1	217	5.75e-153	420
WP_004185664.1	WP_004185664.1	100	217	8.16e-153	420
WP_004176973.1	WP_004178896.1	99.5	217	8.51e-155	425
WP_004176583.1	WP_004224077.1	99.5	217	9.93e-154	422
WP_004140817.1	WP_004151113.1	99.5	217	2.56e-165	451
WP_002916607.1	WP_002916607.1	100	217	8.51e-155	425
WP_002889448.1	WP_002889448.1	100	217	4.75e-120	337
WP_012068451.1	WP_004223656.1	99.1	216	1.32e-162	444
WP_004899839.1	WP_004899839.1	100	216	1.26e-160	439
WP_004187297.1	WP_004901773.1	99.5	216	1.95e-164	449
WP_004150801.1	WP_004224139.1	99.5	216	2.86e-157	431
WP_002914072.1	WP_004899897.1	99.5	216	9.89e-149	409
WP_002913007.1	WP_004899528.1	99.5	216	6.96e-149	410
WP_002910198.1	WP_002910198.1	100	216	3.31e-147	405
WP_002892080.1	WP_002892080.1	100	216	5.11e-151	415
WP_002885684.1	WP_002885684.1	100	216	3.90e-155	426
WP_015959155.1	WP_004901490.1	97.7	215	6.72e-151	415
WP_004148751.1	WP_004898943.1	99.0	192	6.32e-137	379
WP_002918218.1	WP_004181410.1	99.5	215	2.01e-152	419
WP_002915470.1	WP_002915470.1	100	215	7.30e-155	425
WP_002910095.1	WP_002910095.1	100	215	3.73e-148	408
WP_002907766.1	WP_004898618.1	99.5	215	2.87e-161	441
WP_002898200.1	WP_002898200.1	100	215	3.79e-166	453
WP_002887811.1	WP_002887811.1	100	215	1.87e-157	431
WP_002887794.1	WP_002887794.1	100	215	1.07e-147	407
WP_041937699.1	WP_004222044.1	93.9	214	4.84e-139	385
WP_041937593.1	WP_004223691.1	98.1	214	2.08e-149	411
WP_004152267.1	WP_004152267.1	100	214	1.16e-146	404
WP_002904912.1	WP_004224859.1	99.5	214	3.63e-159	436
WP_002894472.1	WP_004223647.1	99.5	214	1.48e-158	434
WP_002892184.1	WP_002892184.1	100	214	1.31e-152	419
WP_015959140.1	WP_004901387.1	98.6	213	4.06e-151	415
WP_004892853.1	WP_004224206.1	99.5	213	2.46e-161	441
WP_004151802.1	WP_009308080.1	99.5	213	1.03e-156	431
WP_004145656.1	WP_004145656.1	100	213	7.61e-156	427
WP_004145379.1	WP_004145379.1	100	213	1.79e-154	424
WP_004140557.1	WP_004224136.1	99.5	213	4.55e-148	407
WP_002912442.1	WP_002912442.1	100	213	1.04e-153	422
WP_002911423.1	WP_002911423.1	100	213	1.65e-150	414
WP_002900674.1	WP_002900674.1	100	213	4.55e-148	407
WP_002893187.1	WP_004223524.1	99.5	213	5.70e-142	392
WP_002890357.1	WP_002890357.1	100	213	7.61e-156	427
WP_032434910.1	WP_004185124.1	99.1	212	1.04e-157	432
WP_014342994.1	WP_004140668.1	100	212	1.77e-127	355
WP_009307378.1	WP_002913199.1	99.5	212	5.34e-151	415
WP_004150783.1	WP_004150783.1	100	212	9.13e-143	394
WP_002918467.1	WP_002918467.1	100	212	9.61e-154	422
WP_002911528.1	WP_004899182.1	98.6	211	3.35e-154	423
WP_002908844.1	WP_002908844.1	100	212	1.47e-148	409
WP_002901634.1	WP_002901634.1	100	212	6.03e-157	430
WP_002898883.1	WP_002898883.1	100	212	4.92e-147	405
WP_002889716.1	WP_002889716.1	100	212	3.88e-144	397
WP_002886721.1	WP_002886721.1	100	212	1.43e-164	449
WP_023287613.1	WP_032448154.1	93.8	211	3.44e-142	392
WP_015959058.1	WP_002918386.1	99.5	211	8.20e-150	412
WP_015958961.1	WP_004144747.1	99.5	211	3.48e-151	415
WP_004180922.1	WP_002914050.1	99.5	211	1.60e-156	429
WP_004152310.1	WP_004152310.1	100	211	8.20e-150	412
WP_004151856.1	WP_004151856.1	100	211	2.42e-142	393
WP_004140640.1	WP_004224105.1	99.5	211	1.07e-145	401
WP_002916122.1	WP_002916122.1	100	211	2.03e-159	436
WP_002915711.1	WP_002915711.1	100	211	1.12e-147	406
WP_002907811.1	WP_002907811.1	100	211	3.23e-156	428
WP_002907792.1	WP_002907792.1	100	211	3.48e-151	415
WP_002907734.1	WP_002907734.1	100	211	3.23e-156	428
WP_002882818.1	WP_004901683.1	99.5	211	1.54e-154	424
WP_015958211.1	WP_004224220.1	99.5	210	2.27e-151	416
WP_004181378.1	WP_004181378.1	100	210	1.53e-149	411
WP_004150791.1	WP_004183660.1	99.5	210	1.21e-146	404
WP_004146085.1	WP_004146085.1	100	210	9.63e-153	419
WP_002916848.1	WP_002916848.1	100	210	3.77e-150	412
WP_002915810.1	WP_004900284.1	99.5	210	1.72e-146	403
WP_002882734.1	WP_002882734.1	100	210	4.58e-151	415
WP_000242758.1	WP_000242758.1	100	210	2.76e-152	418
WP_023279871.1	WP_002887990.1	99.0	209	5.16e-152	417
WP_015959057.1	WP_004185827.1	99.5	209	1.94e-147	405
WP_015958763.1	WP_004174988.1	99.5	209	1.74e-159	436
WP_004151650.1	WP_004151650.1	100	209	4.27e-160	437
WP_004151150.1	WP_004184823.1	98.6	209	5.55e-147	404
WP_002919796.1	WP_002919796.1	100	209	2.87e-149	410
WP_002918373.1	WP_002918373.1	100	209	5.78e-149	409
WP_002907812.1	WP_002907812.1	100	209	1.57e-137	380
WP_015959153.1	WP_002923018.1	99.5	208	4.78e-152	417
WP_012967893.1	WP_004899661.1	95.2	208	2.53e-145	400
WP_009485545.1	WP_004223841.1	99.5	208	8.95e-157	429
WP_004173987.1	WP_004173987.1	100	208	1.54e-148	408
WP_004151651.1	WP_004223631.1	98.1	208	5.14e-147	404
WP_002915108.1	WP_002915108.1	100	208	4.59e-150	412
WP_002913827.1	WP_002913827.1	100	208	1.04e-146	404
WP_041937702.1	WP_004222437.1	98.6	207	4.76e-147	404
WP_004196998.1	WP_002892267.1	100	207	5.81e-155	424
WP_004173953.1	WP_002921273.1	99.5	207	1.81e-160	438
WP_004151554.1	WP_004151554.1	100	207	1.09e-152	419
WP_004151165.1	WP_004898745.1	99.5	207	1.48e-150	413
WP_004146224.1	WP_004146224.1	100	207	1.22e-149	411
WP_002922664.1	WP_002922664.1	100	207	7.05e-149	409
WP_002911561.1	WP_004180447.1	99.5	207	1.37e-146	403
WP_002901398.1	WP_004183674.1	99.5	207	5.80e-148	407
WP_002891804.1	WP_002891804.1	100	207	1.73e-149	410
WP_002889277.1	WP_002889277.1	100	207	1.59e-145	400
WP_015958848.1	WP_004145700.1	98.1	206	2.16e-138	382
WP_015958516.1	WP_004143799.1	99.0	206	4.44e-156	427
WP_004190051.1	WP_004190051.1	100	206	2.10e-145	400
WP_004181651.1	WP_002883411.1	99.5	206	6.74e-142	391
WP_004177928.1	WP_004152056.1	99.5	206	8.55e-145	399
WP_004146042.1	WP_004222535.1	99.5	206	5.23e-130	361
WP_002919224.1	WP_002919224.1	100	206	2.35e-142	392
WP_002916862.1	WP_002916862.1	100	206	4.41e-147	404
WP_002913890.1	WP_002913890.1	100	206	1.17e-142	393
WP_002907731.1	WP_002907731.1	100	206	4.79e-151	414
WP_002901738.1	WP_002901738.1	100	206	6.80e-151	414
WP_002888649.1	WP_004222669.1	99.5	206	2.74e-141	390
WP_002886687.1	WP_002886687.1	100	206	2.19e-147	405
WP_002882894.1	WP_002882894.1	100	206	3.65e-155	425
WP_002210516.1	WP_002210516.1	100	206	5.59e-150	412
WP_015958998.1	WP_004144530.1	99.5	205	2.37e-146	402
WP_015958372.1	WP_004152235.1	99.5	205	1.18e-164	449
WP_015958367.1	WP_004152239.1	99.5	205	6.56e-153	419
WP_012068506.1	WP_004152235.1	99.0	205	6.85e-164	447
WP_004175955.1	WP_004898537.1	99.0	205	1.32e-152	418
WP_004145082.1	WP_004145082.1	100	205	2.37e-146	402
WP_002922654.1	WP_002922654.1	100	205	7.29e-141	389
WP_002916877.1	WP_002916877.1	100	205	1.05e-149	411
WP_002910100.1	WP_002910100.1	100	205	3.12e-151	415
WP_012068482.1	WP_002895828.1	99.5	204	3.66e-154	422
WP_004223037.1	WP_004223037.1	100	204	9.60e-141	388
WP_004176405.1	WP_004176405.1	100	204	3.63e-145	399
WP_004174237.1	WP_004900721.1	99.5	204	6.28e-146	401
WP_004143215.1	WP_004143215.1	100	204	3.49e-143	394
WP_002883449.1	WP_002883449.1	100	204	7.04e-143	394
WP_015958954.1	WP_004900534.1	97.0	203	2.18e-141	390
WP_009483956.1	WP_004899454.1	99.5	203	4.10e-146	402
WP_004145431.1	WP_002910405.1	99.5	203	9.33e-152	416
WP_002911454.1	WP_002911454.1	100	203	6.26e-141	389
WP_002910846.1	WP_002910846.1	100	203	5.40e-151	414
WP_002903816.1	WP_002903816.1	100	203	2.68e-151	415
WP_002898132.1	WP_004224009.1	99.5	203	3.80e-151	414
WP_002891635.1	WP_002891635.1	100	203	2.68e-151	415
WP_041937662.1	WP_004151047.1	99.5	202	1.74e-151	415
WP_015959072.1	WP_004185869.1	99.5	202	4.43e-145	399
WP_004179727.1	WP_004209765.1	99.5	202	1.68e-149	410
WP_004145238.1	WP_004145238.1	100	202	1.66e-140	387
WP_002916189.1	WP_002916189.1	100	202	3.95e-148	407
WP_002916128.1	WP_002916128.1	100	202	1.31e-137	380
WP_002894164.1	WP_002894164.1	100	202	1.28e-153	421
WP_002884822.1	WP_002884822.1	100	202	7.05e-142	391
WP_015958917.1	WP_004151092.1	98.5	201	7.95e-143	393
WP_012068413.1	WP_004223546.1	99.0	201	1.32e-141	390
WP_011977651.1	WP_002888481.1	99.5	201	4.63e-151	414
WP_004174743.1	WP_004212889.1	99.5	201	4.42e-140	386
WP_004151951.1	WP_004151951.1	100	201	1.96e-152	417
WP_002919794.1	WP_002919794.1	100	201	4.06e-136	376
WP_002915158.1	WP_002915158.1	100	201	8.62e-147	403
WP_002907736.1	WP_002907736.1	100	201	3.51e-146	402
WP_002902889.1	WP_004224508.1	99.5	201	2.55e-139	384
WP_002892177.1	WP_002892177.1	100	201	3.51e-146	402
WP_002883422.1	WP_002883422.1	100	201	3.94e-143	394
WP_041937685.1	WP_004901421.1	98.5	200	1.95e-138	382
WP_015958984.1	WP_004174410.1	99.0	200	2.37e-139	384
WP_004181446.1	WP_004181446.1	100	200	6.09e-151	414
WP_004178733.1	WP_004178733.1	100	200	5.01e-150	411
WP_004150936.1	WP_004144842.1	99.5	200	1.60e-137	380
WP_002908526.1	WP_002908526.1	100	200	1.50e-151	415
WP_002901778.1	WP_002901778.1	100	200	1.96e-147	405
WP_015958474.1	WP_002906218.1	99.0	199	1.32e-140	387
WP_009486422.1	WP_004175857.1	99.5	199	1.18e-143	395
WP_004151865.1	WP_004901669.1	99.5	199	5.21e-147	404
WP_004146077.1	WP_004146077.1	100	199	3.64e-138	381
WP_002913188.1	WP_004899584.1	99.5	199	2.19e-139	384
WP_002889376.1	WP_002889376.1	100	199	6.82e-143	393
WP_032427942.1	WP_002898704.1	99.5	198	4.27e-141	389
WP_015959105.1	WP_002920820.1	99.5	198	9.35e-145	398
WP_015959009.1	WP_004223933.1	76.6	197	1.73e-115	324
WP_015958508.1	WP_002907481.1	99.5	198	1.14e-145	400
WP_011977687.1	WP_004177335.1	99.5	198	2.55e-133	369
WP_004222700.1	WP_004222700.1	100	198	8.27e-139	383
WP_004184787.1	WP_004144136.1	99.0	198	6.82e-145	398
WP_004179217.1	WP_004179217.1	100	198	2.57e-142	392
WP_004144265.1	WP_004144265.1	100	198	2.68e-144	397
WP_002922598.1	WP_002922598.1	100	198	1.04e-132	367
WP_002922401.1	WP_004145240.1	100	198	1.36e-135	375
WP_002916490.1	WP_002916490.1	100	198	5.02e-149	409
WP_002913754.1	WP_002913754.1	100	198	3.13e-143	394
WP_002902883.1	WP_004224506.1	99.5	198	1.02e-123	345
WP_015958263.1	WP_004179574.1	99.5	197	3.00e-136	376
WP_012068396.1	WP_004223443.1	96.6	178	4.47e-125	347
WP_012068355.1	WP_004222993.1	99.0	197	2.57e-137	379
WP_004179313.1	WP_004179313.1	100	197	3.22e-131	363
WP_004141974.1	WP_004141974.1	100	197	4.65e-149	409
WP_002923282.1	WP_002923282.1	100	197	4.44e-138	381
WP_002916615.1	WP_002916615.1	100	197	5.40e-139	383
WP_002915099.1	WP_002915099.1	100	197	5.62e-141	388
WP_002882862.1	WP_002882862.1	100	197	5.22e-146	401
WP_015959241.1	WP_002884331.1	99.5	196	7.70e-143	393
WP_008804113.1	WP_002912227.1	99.5	196	1.39e-145	400
WP_004178672.1	WP_004178672.1	100	196	6.28e-133	368
WP_004174800.1	WP_004174800.1	100	196	1.93e-127	354
WP_004141442.1	WP_002898814.1	99.5	196	2.05e-147	404
WP_002918211.1	WP_002918211.1	100	196	7.10e-139	383
WP_002901749.1	WP_002901749.1	100	196	6.33e-142	390
WP_002901611.1	WP_002901611.1	100	196	7.44e-150	410
WP_002894693.1	WP_002894693.1	100	196	3.07e-124	346
WP_004151671.1	WP_004151671.1	100	195	4.63e-139	383
WP_004151162.1	WP_004175718.1	99.5	195	1.15e-141	390
WP_004144230.1	WP_004144230.1	100	195	2.68e-138	381
WP_002920140.1	WP_002920140.1	100	195	3.96e-115	323
WP_002890053.1	WP_002890053.1	100	195	3.77e-129	358
WP_002887898.1	WP_002887898.1	100	195	1.38e-140	387
WP_004180389.1	WP_004180389.1	100	194	1.19e-145	400
WP_002917672.1	WP_002917672.1	100	194	1.75e-138	382
WP_002899273.1	WP_002899273.1	100	194	1.14e-143	395
WP_002899099.1	WP_002899099.1	100	194	2.60e-149	409
WP_002885207.1	WP_004221970.1	99.5	194	4.29e-139	383
WP_015958649.1	WP_002910905.1	99.5	193	3.82e-137	378
WP_015958527.1	WP_002907771.1	99.5	193	7.44e-144	395
WP_014906797.1	WP_004173936.1	99.0	193	2.73e-144	397
WP_009307908.1	WP_004222964.1	99.5	193	9.42e-147	402
WP_004178039.1	WP_002882607.1	99.5	193	6.12e-143	393
WP_004176968.1	WP_014599061.1	99.5	193	3.52e-133	368
WP_004151228.1	WP_004151228.1	100	193	5.24e-144	395
WP_004151145.1	WP_004151145.1	100	193	3.54e-142	391
WP_004145825.1	WP_004222780.1	99.5	193	1.82e-135	374
WP_004145710.1	WP_004145710.1	100	193	2.48e-133	369
WP_002921914.1	WP_004145213.1	99.5	193	7.75e-146	400
WP_002918646.1	WP_002918646.1	100	193	3.01e-134	371
WP_002916840.1	WP_004900659.1	99.5	193	6.37e-145	398
WP_002907658.1	WP_002907658.1	100	193	1.80e-126	351
WP_002906794.1	WP_002906794.1	100	193	1.14e-138	382
WP_074187135.1	WP_004224885.1	96.1	178	3.40e-125	347
WP_015958960.1	WP_004144745.1	99.5	192	1.61e-138	382
WP_015958511.1	WP_002907487.1	99.0	192	2.39e-135	374
WP_004211544.1	WP_004211544.1	100	192	1.01e-136	377
WP_004180429.1	WP_004180429.1	100	192	7.14e-137	377
WP_004176128.1	WP_004176128.1	100	192	3.03e-138	381
WP_004175848.1	WP_004898632.1	99.5	192	5.23e-139	383
WP_004143816.1	WP_004143816.1	100	192	1.81e-130	361
WP_002891647.1	WP_002891647.1	100	192	4.44e-131	363
WP_015959051.1	WP_002918214.1	99.5	191	3.07e-117	328
WP_004888643.1	WP_004888643.1	100	191	2.21e-135	374
WP_004218175.1	WP_002885410.1	99.5	191	2.17e-134	371
WP_004185750.1	WP_002917651.1	99.5	191	2.80e-138	381
WP_004176862.1	WP_004142248.1	99.5	191	5.38e-127	352
WP_004175291.1	WP_004899323.1	99.0	191	4.61e-128	355
WP_004145098.1	WP_004151542.1	100	191	1.72e-137	381
WP_002920540.1	WP_002920540.1	100	191	6.89e-139	382
WP_002918413.1	WP_002918413.1	100	191	1.28e-134	372
WP_002916845.1	WP_004900664.1	99.5	191	3.70e-143	393
WP_002914074.1	WP_002914074.1	100	191	2.59e-134	371
WP_002913630.1	WP_002913630.1	100	191	1.51e-142	392
WP_002898296.1	WP_002898296.1	100	191	4.65e-137	378
WP_015958842.1	WP_004174789.1	99.5	190	8.07e-142	390
WP_015958741.1	WP_002912951.1	99.5	190	2.50e-136	376
WP_004224069.1	WP_004224069.1	100	190	8.02e-133	367
WP_002919132.1	WP_002919132.1	100	190	1.63e-141	389
WP_002916283.1	WP_004900425.1	99.5	190	2.71e-149	409
WP_002916079.1	WP_004149657.1	99.5	190	4.40e-131	363
WP_015958659.1	WP_002911491.1	99.5	189	3.70e-142	390
WP_002920238.1	WP_002920238.1	100	189	1.28e-133	369
WP_002915684.1	WP_002915684.1	100	189	4.48e-134	370
WP_002913212.1	WP_014599227.1	99.5	189	3.68e-133	368
WP_002912967.1	WP_002912967.1	100	189	2.91e-130	360
WP_002912833.1	WP_002912833.1	100	170	4.97e-122	340
WP_002907473.1	WP_002907473.1	100	189	2.31e-136	376
WP_041937581.1	WP_002889452.1	99.5	188	2.71e-139	383
WP_015958972.1	WP_004900571.1	98.9	188	9.69e-124	344
WP_015958657.1	WP_004145564.1	99.5	188	2.60e-137	378
WP_011977632.1	WP_002887905.1	99.5	188	1.39e-132	366
WP_004222859.1	WP_004222859.1	100	188	3.57e-144	395
WP_004190556.1	WP_004224336.1	99.5	188	3.17e-138	380
WP_004174701.1	WP_004174701.1	100	188	6.39e-138	380
WP_004151543.1	WP_004151543.1	100	188	1.02e-134	372
WP_002918405.1	WP_002918405.1	100	188	6.14e-136	375
WP_002913804.1	WP_002913804.1	100	188	4.32e-136	375
WP_002910921.1	WP_002910921.1	100	188	2.81e-132	365
WP_002892030.1	WP_002892030.1	100	188	4.68e-140	385
WP_002885506.1	WP_002885506.1	100	188	9.08e-138	379
WP_002885396.1	WP_002885396.1	100	188	2.31e-131	363
WP_015959271.1	WP_004221955.1	98.9	187	6.65e-135	372
WP_015959085.1	WP_004151401.1	99.5	187	1.29e-141	389
WP_012068521.1	WP_002898392.1	99.5	187	1.34e-134	371
WP_011977655.1	WP_002888692.1	99.5	187	2.33e-144	396
WP_004190861.1	WP_004190861.1	100	187	1.10e-133	369
WP_004177738.1	WP_004200767.1	90.4	187	3.30e-110	310
WP_004143457.1	WP_004143457.1	100	187	2.12e-122	340
WP_004143055.1	WP_004143055.1	100	187	8.08e-136	374
WP_004141969.1	WP_004223846.1	99.5	187	1.83e-132	366
WP_002920229.1	WP_002920229.1	100	187	4.17e-138	380
WP_002916603.1	WP_002916603.1	100	187	5.69e-136	375
WP_002914812.1	WP_002914812.1	100	187	2.82e-136	375
WP_002894394.1	WP_002894394.1	100	187	1.02e-138	382
WP_012068549.1	WP_004150824.1	99.5	186	5.23e-127	352
WP_004176519.1	WP_004224229.1	98.9	186	4.00e-131	362
WP_004151792.1	WP_004223390.1	96.8	186	4.82e-123	342
WP_004150918.1	WP_004900632.1	99.5	186	8.11e-140	384
WP_002922970.1	WP_002922970.1	100	186	4.51e-137	377
WP_002920321.1	WP_002920321.1	100	186	2.81e-131	363
WP_002903719.1	WP_004179730.1	99.5	186	2.24e-137	378
WP_021313451.1	WP_004183054.1	98.9	185	1.57e-132	366
WP_015958437.1	WP_004176109.1	98.9	185	1.40e-135	374
WP_004192602.1	WP_004151736.1	100	179	1.04e-122	341
WP_004181226.1	WP_014599255.1	98.9	185	4.02e-135	372
WP_004143963.1	WP_004143963.1	100	185	4.51e-132	365
WP_002920861.1	WP_002920861.1	100	185	7.72e-124	344
WP_002898590.1	WP_002898590.1	100	185	9.09e-132	364
WP_002889308.1	WP_002889308.1	100	185	1.83e-106	300
WP_002886706.1	WP_002886706.1	100	185	7.48e-131	362
WP_004210995.1	WP_004210995.1	100	184	3.72e-135	372
WP_004189556.1	WP_004189556.1	100	184	2.43e-140	385
WP_004151971.1	WP_004181171.1	99.5	184	1.06e-125	348
WP_004151695.1	WP_004151695.1	100	184	2.24e-136	375
WP_004140758.1	WP_004140758.1	100	184	9.50e-138	379
WP_002919123.1	WP_004900950.1	99.5	184	3.81e-119	332
WP_002917897.1	WP_002917897.1	100	184	2.94e-132	365
WP_002917718.1	WP_002917718.1	100	184	5.25e-126	349
WP_002916298.1	WP_002916298.1	100	184	9.89e-140	384
WP_002913150.1	WP_002913150.1	100	184	2.80e-121	337
WP_002912829.1	WP_002912829.1	100	184	4.71e-138	380
WP_015959356.1	WP_004177586.1	99.5	183	2.83e-134	370
WP_004899586.1	WP_004899586.1	100	183	4.03e-134	370
WP_004889953.1	WP_002915932.1	99.5	183	5.10e-137	377
WP_004180132.1	WP_004180132.1	100	183	1.11e-140	386
WP_004177664.1	WP_004177664.1	100	183	4.00e-125	347
WP_004176531.1	WP_004176531.1	100	183	2.33e-133	368
WP_004175610.1	WP_004898898.1	98.9	183	3.31e-133	367
WP_002918387.1	WP_002918387.1	100	183	1.07e-129	358
WP_002918367.1	WP_002918367.1	100	183	2.93e-127	352
WP_002913348.1	WP_002913348.1	100	183	5.72e-134	369
WP_002913197.1	WP_002913197.1	100	183	2.95e-136	375
WP_002898198.1	WP_002898198.1	100	183	4.90e-135	372
WP_002892145.1	WP_004223080.1	99.5	183	5.50e-132	364
WP_015958772.1	WP_004185005.1	99.5	182	1.46e-140	386
WP_015958267.1	WP_004224398.1	98.4	182	1.89e-118	330
WP_004185634.1	WP_004185634.1	100	182	2.14e-124	345
WP_004151734.1	WP_002885137.1	99.4	170	1.98e-115	322
WP_004150977.1	WP_004150977.1	100	182	7.84e-136	374
WP_004141115.1	WP_004141115.1	100	182	7.23e-132	364
WP_002916190.1	WP_002916190.1	100	182	3.01e-115	322
WP_002894771.1	WP_002894771.1	100	182	1.15e-128	356
WP_002882865.1	WP_002882865.1	100	182	1.40e-129	358
WP_015959290.1	WP_002885538.1	99.4	181	3.46e-134	370
WP_015958856.1	WP_004900029.1	98.3	181	1.29e-120	335
WP_004177540.1	WP_004177540.1	100	181	4.53e-130	359
WP_004174597.1	WP_004174597.1	100	181	2.73e-131	362
WP_002918415.1	WP_002918415.1	100	181	2.07e-126	350
WP_002915253.1	WP_002915253.1	100	181	1.92e-131	363
WP_002890365.1	WP_002890365.1	100	181	9.91e-134	369
WP_002889431.1	WP_002889431.1	100	181	3.88e-131	362
WP_001287521.1	WP_001287521.1	100	181	9.52e-132	363
WP_009485199.1	WP_004223627.1	98.9	180	1.65e-136	375
WP_004189469.1	WP_004189469.1	100	180	6.17e-123	341
WP_004176417.1	WP_004176417.1	100	180	1.11e-125	348
WP_004152967.1	WP_004152967.1	100	180	1.36e-135	373
WP_004145330.1	WP_004145330.1	100	180	2.59e-115	322
WP_004144585.1	WP_004144585.1	100	180	6.69e-127	351
WP_002914893.1	WP_002914893.1	100	180	1.30e-124	345
WP_002913152.1	WP_002913152.1	100	180	4.34e-123	342
WP_002913070.1	WP_002913070.1	100	180	1.78e-131	363
WP_002900775.1	WP_004224099.1	99.4	180	8.17e-137	376
WP_002898308.1	WP_002898308.1	100	180	4.73e-136	374
WP_002910652.1	WP_004899028.1	100	179	1.41e-115	323
WP_002901631.1	WP_002901631.1	100	179	3.74e-128	354
WP_002900781.1	WP_002900781.1	100	179	9.78e-115	320
WP_002890414.1	WP_002890414.1	100	179	1.15e-122	340
WP_002888347.1	WP_004222645.1	98.9	179	4.92e-133	367
WP_002887624.1	WP_002887624.1	100	179	8.81e-127	351
WP_001096200.1	WP_001096200.1	100	179	2.16e-127	352
WP_041937666.1	WP_004174507.1	98.9	178	1.03e-129	358
WP_015959232.1	WP_004181653.1	98.3	178	9.72e-110	308
WP_015958222.1	WP_002901627.1	99.4	178	3.07e-122	339
WP_004188074.1	WP_004145017.1	99.4	178	1.46e-120	335
WP_004177389.1	WP_004177389.1	100	178	3.75e-132	364
WP_004175532.1	WP_004898993.1	99.4	178	1.30e-123	343
WP_002918221.1	WP_004900860.1	99.4	178	2.85e-127	352
WP_002888819.1	WP_002888819.1	100	178	3.33e-126	349
WP_041937682.1	WP_004901229.1	84.9	179	2.92e-74	218
WP_004179939.1	WP_002905230.1	100	162	2.23e-29	103
WP_004174028.1	WP_004174028.1	100	177	1.25e-116	325
WP_004144994.1	WP_004144994.1	100	177	3.88e-120	334
WP_002921333.1	WP_004901185.1	99.4	177	3.09e-135	372
WP_002919662.1	WP_002919662.1	100	177	5.12e-125	346
WP_002890276.1	WP_002890276.1	100	177	2.08e-124	345
WP_002888068.1	WP_002888068.1	100	177	6.50e-137	376
WP_002887560.1	WP_002887560.1	100	177	1.03e-124	345
WP_002887280.1	WP_004178461.1	99.4	177	1.12e-128	355
WP_002887259.1	WP_002887259.1	100	177	2.09e-133	367
WP_002885523.1	WP_004222047.1	99.4	177	6.00e-133	366
WP_002883453.1	WP_002883453.1	100	177	3.34e-130	359
WP_015959301.1	WP_002886766.1	99.4	176	3.09e-130	359
WP_015959039.1	WP_002917679.1	98.9	176	2.64e-122	339
WP_009308905.1	WP_004224728.1	98.9	176	7.56e-122	338
WP_002920775.1	WP_002920775.1	100	176	4.94e-127	351
WP_002915936.1	WP_002915936.1	100	176	1.66e-134	370
WP_002914337.1	WP_002914337.1	100	176	4.74e-125	346
WP_002910894.1	WP_002910894.1	100	176	1.86e-131	362
WP_002894765.1	WP_002894765.1	100	176	9.61e-134	368
WP_002882918.1	WP_002882918.1	100	176	7.87e-124	343
WP_032418373.1	WP_004900407.1	97.7	175	7.54e-117	325
WP_015959305.1	WP_002886889.1	98.3	175	3.35e-129	357
WP_004176593.1	WP_004176593.1	100	175	1.26e-124	345
WP_004144550.1	WP_004900644.1	99.4	175	1.80e-133	367
WP_004140943.1	WP_004140943.1	100	175	1.94e-128	355
WP_002914875.1	WP_002914875.1	100	175	3.10e-134	369
WP_002907918.1	WP_004898657.1	100	175	1.64e-95	271
WP_002907640.1	WP_002907640.1	100	175	6.02e-132	363
WP_002892142.1	WP_014599050.1	99.4	175	3.58e-115	321
WP_004186821.1	WP_004222332.1	98.9	174	4.41e-129	356
WP_004151744.1	WP_004151744.1	100	174	8.76e-111	310
WP_002918231.1	WP_002918231.1	100	174	4.57e-122	338
WP_002915750.1	WP_002915750.1	100	174	1.86e-121	337
WP_002895068.1	WP_002895068.1	100	174	2.64e-121	337
WP_004184268.1	WP_004898612.1	99.4	173	5.36e-125	346
WP_004144730.1	WP_002916308.1	99.4	173	8.58e-131	360
WP_002920267.1	WP_002920267.1	100	173	9.59e-119	330
WP_002911456.1	WP_002911456.1	100	173	4.56e-117	326
WP_002899276.1	WP_002899276.1	100	173	6.26e-124	343
WP_004183399.1	WP_004191339.1	99.4	172	4.01e-137	377
WP_004176166.1	WP_004176166.1	100	172	2.88e-124	344
WP_002906796.1	WP_002906796.1	100	172	2.19e-128	354
WP_002898398.1	WP_002898398.1	100	172	9.29e-130	358
WP_032434465.1	WP_004224598.1	99.4	171	5.82e-128	353
WP_004213437.1	WP_004191951.1	99.4	171	1.22e-120	335
WP_004185638.1	WP_019704321.1	100	151	1.65e-100	283
WP_004178555.1	WP_004178555.1	100	171	1.48e-121	337
WP_004174835.1	WP_004174835.1	100	171	4.08e-119	331
WP_002914351.1	WP_002914351.1	100	171	4.79e-127	351
WP_002896394.1	WP_004223978.1	99.4	171	8.93e-123	340
WP_002884931.1	WP_002884931.1	100	171	4.60e-125	346
WP_072143249.1	WP_016946574.1	99.4	170	9.43e-126	348
WP_002903810.1	WP_004224675.1	99.4	170	8.57e-116	322
WP_002895845.1	WP_002895845.1	100	170	1.67e-122	339
WP_002895668.1	WP_002895668.1	100	170	1.37e-121	337
WP_002887467.1	WP_002887467.1	100	170	6.54e-120	333
WP_015959030.1	WP_004223868.1	68.5	168	1.19e-85	246
WP_004180920.1	WP_004890375.1	99.4	169	5.59e-123	341
WP_004180127.1	WP_002906702.1	99.4	169	8.96e-122	337
WP_004177856.1	WP_004186456.1	99.4	169	2.38e-126	349
WP_004176547.1	WP_004176547.1	100	169	2.11e-120	334
WP_004175413.1	WP_004175413.1	100	169	1.05e-120	335
WP_004174804.1	WP_004174804.1	100	169	9.33e-124	342
WP_004174081.1	WP_004150006.1	99.4	169	6.53e-115	320
WP_004151322.1	WP_004223115.1	99.4	169	2.66e-114	318
WP_002898418.1	WP_002898418.1	100	169	5.82e-118	328
WP_000522253.1	WP_000522253.1	100	169	3.37e-117	326
WP_004181483.1	WP_004151420.1	100	167	9.39e-130	357
WP_004151243.1	WP_004898435.1	99.4	168	7.67e-118	327
WP_004140514.1	WP_004140514.1	100	168	3.65e-116	323
WP_002917636.1	WP_002917636.1	100	168	1.43e-122	339
WP_002916184.1	WP_002916184.1	100	168	2.29e-119	331
WP_002895283.1	WP_002895283.1	100	168	1.05e-124	345
WP_002882743.1	WP_002882743.1	100	168	3.18e-101	285
WP_002882596.1	WP_004901656.1	99.4	168	2.78e-120	333
WP_015958469.1	WP_004898422.1	97.6	167	1.05e-119	332
WP_004889808.1	WP_004900536.1	96.4	167	7.40e-120	332
WP_004178004.1	WP_002882903.1	99.4	167	1.94e-106	298
WP_004177266.1	WP_004177266.1	100	167	7.71e-131	360
WP_004152275.1	WP_004222194.1	99.4	167	4.46e-121	335
WP_002919545.1	WP_004900968.1	99.4	167	6.55e-114	317
WP_002918229.1	WP_004174193.1	99.4	167	5.42e-122	338
WP_002895841.1	WP_002895841.1	100	167	2.38e-116	323
WP_015958401.1	WP_004224756.1	95.8	166	2.10e-105	296
WP_004892876.1	WP_002901088.1	99.4	166	3.01e-114	318
WP_004213244.1	WP_004213244.1	100	166	3.97e-119	330
WP_004144843.1	WP_004144843.1	100	166	2.39e-120	333
WP_002916588.1	WP_002916588.1	100	166	5.02e-122	338
WP_002913160.1	WP_002913160.1	100	166	2.13e-123	341
WP_002902516.1	WP_002902516.1	100	166	3.66e-115	320
WP_002887973.1	WP_002887973.1	100	166	4.13e-121	335
WP_015958339.1	WP_004224495.1	98.8	165	3.03e-127	351
WP_004141101.1	WP_004141101.1	100	165	6.11e-118	327
WP_002914771.1	WP_002914771.1	100	165	1.33e-112	314
WP_002888635.1	WP_004152922.1	99.4	165	9.30e-118	327
WP_002884807.1	WP_004221866.1	99.4	165	7.43e-119	330
WP_002884324.1	WP_002884324.1	100	165	3.68e-119	330
WP_001207203.1	WP_001207203.1	100	165	2.37e-106	298
WP_009309032.1	WP_004224390.1	98.8	164	3.68e-114	318
WP_004200342.1	WP_004200342.1	100	164	1.56e-124	344
WP_004176611.1	WP_002898812.1	99.4	164	7.16e-121	335
WP_004151751.1	WP_004151751.1	100	164	9.78e-119	329
WP_004151319.1	WP_004151319.1	100	164	2.50e-121	336
WP_004148027.1	WP_004148027.1	100	164	3.65e-105	295
WP_004105804.1	WP_004105804.1	100	164	3.02e-113	315
WP_002918465.1	WP_002918465.1	100	164	1.62e-117	326
WP_000228469.1	WP_000228469.1	100	164	7.73e-116	322
WP_012068356.1	WP_002891465.1	99.4	163	4.47e-110	307
WP_004900288.1	WP_004900288.1	100	163	3.53e-107	300
WP_004177504.1	WP_002887620.1	99.4	163	2.19e-101	285
WP_004176434.1	WP_004224339.1	99.4	163	1.33e-111	311
WP_004175048.1	WP_004175048.1	100	163	1.02e-115	322
WP_002913993.1	WP_002913993.1	100	163	9.78e-114	317
WP_002902160.1	WP_002902160.1	100	163	2.81e-122	338
WP_002891903.1	WP_002891903.1	100	163	1.50e-108	303
WP_002888536.1	WP_002888536.1	100	163	4.47e-110	307
WP_004181470.1	WP_004181470.1	100	162	5.06e-120	332
WP_004175817.1	WP_004175817.1	100	162	9.09e-123	339
WP_004144926.1	WP_004144926.1	100	162	1.02e-110	309
WP_002918648.1	WP_002918648.1	100	162	1.76e-111	311
WP_002913214.1	WP_002913214.1	100	162	1.06e-112	314
WP_002896376.1	WP_002896376.1	100	162	4.49e-114	317
WP_002895670.1	WP_002895670.1	100	162	3.16e-114	318
WP_002884935.1	WP_002884935.1	100	162	9.08e-132	362
WP_002883430.1	WP_004901899.1	99.4	162	6.64e-116	322
WP_015959357.1	WP_004222343.1	96.3	161	3.69e-108	302
WP_015959081.1	WP_004212528.1	99.4	161	5.07e-124	342
WP_014907781.1	WP_002901540.1	99.4	160	2.93e-107	300
WP_011977668.1	WP_004151943.1	99.4	161	4.33e-116	322
WP_004229447.1	WP_002916195.1	99.4	161	5.98e-106	297
WP_004212764.1	WP_004184275.1	99.4	161	1.70e-113	316
WP_004180096.1	WP_004898496.1	98.8	161	6.16e-125	345
WP_004178645.1	WP_002889325.1	99.4	161	3.81e-101	285
WP_004151997.1	WP_004151997.1	100	161	2.49e-106	298
WP_002922360.1	WP_004901322.1	98.8	161	7.48e-117	324
WP_002913355.1	WP_002913355.1	100	161	1.34e-119	331
WP_002882913.1	WP_002882913.1	100	161	1.24e-115	321
WP_015958886.1	WP_002902160.1	63.2	163	1.40e-71	210
WP_015958775.1	WP_002913367.1	99.4	160	1.40e-116	323
WP_015958318.1	WP_004899613.1	66.0	159	3.45e-69	204
WP_015958227.1	WP_004224267.1	98.8	160	6.16e-111	309
WP_004145671.1	WP_004145671.1	100	160	1.64e-115	321
WP_003026803.1	WP_004098919.1	97.5	160	1.84e-112	313
WP_002914164.1	WP_002914164.1	100	160	6.94e-117	324
WP_002910657.1	WP_002910657.1	100	160	2.23e-113	315
WP_002904614.1	WP_002904614.1	100	160	5.49e-123	340
WP_002904493.1	WP_002904493.1	100	160	1.91e-114	318
WP_002904389.1	WP_002904389.1	100	160	4.33e-111	310
WP_002901230.1	WP_002901230.1	100	160	1.52e-120	333
WP_002898950.1	WP_002898950.1	100	160	2.23e-113	315
WP_002894699.1	WP_002894699.1	100	160	4.02e-116	322
WP_020317242.1	WP_002904614.1	65.4	159	3.80e-82	236
WP_004181093.1	WP_002915113.1	99.4	159	2.16e-115	320
WP_004179667.1	WP_004224565.1	99.4	159	1.10e-120	334
WP_004178602.1	WP_004178602.1	100	159	3.06e-115	320
WP_004174522.1	WP_002915983.1	98.7	159	1.64e-119	331
WP_004144354.1	WP_004144354.1	100	159	3.30e-110	307
WP_002922501.1	WP_002922501.1	100	159	1.70e-112	313
WP_002913727.1	WP_002913727.1	100	159	1.30e-116	323
WP_002908128.1	WP_002908128.1	100	159	5.08e-114	317
WP_002902405.1	WP_002902405.1	100	159	2.42e-112	313
WP_002896365.1	WP_002896365.1	100	159	2.42e-112	313
WP_002892205.1	WP_002892205.1	100	159	5.71e-111	309
WP_002888320.1	WP_002888320.1	100	159	1.92e-118	328
WP_000888203.1	WP_000888203.1	100	159	4.89e-112	312
WP_004215466.1	WP_004181345.1	98.7	158	1.10e-103	291
WP_004178740.1	WP_004222991.1	99.4	158	8.81e-119	329
WP_002921529.1	WP_002921529.1	100	158	1.78e-118	328
WP_002919971.1	WP_002919971.1	100	158	1.58e-112	313
WP_002918375.1	WP_002918375.1	100	158	1.07e-110	308
WP_002910717.1	WP_002910717.1	100	158	1.41e-115	321
WP_002895575.1	WP_004223755.1	99.4	158	1.07e-119	331
WP_002885425.1	WP_002885425.1	100	158	4.50e-103	289
WP_041937707.1	WP_002887814.1	99.4	157	8.48e-112	311
WP_015958379.1	WP_002903808.1	98.7	157	2.00e-110	308
WP_015958317.1	WP_004899614.1	69.3	153	6.53e-80	231
WP_004183487.1	WP_004176765.1	99.4	157	1.84e-106	298
WP_004144123.1	WP_002911889.1	99.4	157	4.91e-120	332
WP_002922423.1	WP_002922423.1	100	157	9.18e-116	321
WP_002920503.1	WP_002920503.1	100	157	1.78e-113	315
WP_002919137.1	WP_002919137.1	100	157	1.71e-111	310
WP_002894722.1	WP_002894722.1	100	157	2.08e-112	313
WP_002887631.1	WP_002887631.1	100	157	6.70e-109	304
WP_015369416.1	WP_002920113.1	99.4	156	2.00e-105	295
WP_004174683.1	WP_004174683.1	100	156	1.21e-115	321
WP_004173883.1	WP_004173883.1	100	156	2.85e-123	340
WP_004107293.1	WP_004107293.1	100	156	1.46e-82	237
WP_002918625.1	WP_002918625.1	100	156	8.14e-105	293
WP_002913805.1	WP_004899792.1	99.4	156	4.38e-118	327
WP_002912756.1	WP_004899490.1	99.4	156	3.74e-110	307
WP_002905131.1	WP_002905131.1	100	156	1.52e-109	305
WP_002893014.1	WP_004176974.1	99.4	156	2.33e-104	292
WP_002892026.1	WP_002892026.1	100	156	7.55e-110	306
WP_002887607.1	WP_002887607.1	100	156	1.25e-108	303
WP_001021161.1	WP_001021161.1	100	156	2.33e-104	292
WP_015959149.1	WP_004901452.1	98.7	155	3.09e-113	315
WP_004206250.1	WP_002918736.1	99.4	155	4.64e-90	256
WP_002922428.1	WP_002922428.1	100	155	2.97e-111	310
WP_002907749.1	WP_002907749.1	100	155	1.38e-75	219
WP_002894620.1	WP_002894620.1	100	155	1.12e-115	321
WP_002889686.1	WP_002889686.1	100	155	2.09e-120	333
WP_002885683.1	WP_002885683.1	100	155	2.44e-110	307
WP_015958728.1	WP_004899489.1	98.7	153	1.73e-116	323
WP_004222151.1	WP_004222151.1	100	154	3.22e-119	330
WP_004183080.1	WP_004222817.1	98.1	154	2.26e-110	307
WP_004180158.1	WP_004180158.1	100	154	9.60e-112	311
WP_004177547.1	WP_004177547.1	100	154	4.39e-108	301
WP_004150939.1	WP_004150939.1	100	154	6.24e-108	301
WP_002909082.1	WP_002909082.1	100	154	5.35e-118	327
WP_002883404.1	WP_002883404.1	100	154	3.61e-107	299
WP_015959245.1	WP_004178258.1	99.3	153	1.08e-112	313
WP_004184987.1	WP_004184987.1	100	153	3.10e-112	312
WP_004175770.1	WP_004175770.1	100	153	1.66e-107	300
WP_002916056.1	WP_002916056.1	100	153	5.56e-106	296
WP_002898209.1	WP_002898209.1	100	153	1.53e-103	290
WP_002886927.1	WP_002886927.1	100	153	1.48e-110	308
WP_002885589.1	WP_002885589.1	100	153	3.63e-111	309
WP_015958817.1	WP_004899939.1	98.7	152	2.10e-105	295
WP_011977717.1	WP_002890230.1	99.3	152	2.10e-105	295
WP_011977652.1	WP_002888541.1	99.3	152	7.62e-108	301
WP_009486224.1	WP_004899702.1	99.3	152	8.91e-107	298
WP_004215046.1	WP_004215046.1	100	152	4.07e-103	289
WP_004189455.1	WP_002910109.1	99.3	152	1.87e-117	325
WP_004179338.1	WP_004179338.1	100	152	1.87e-108	302
WP_004151383.1	WP_004151383.1	100	152	3.11e-107	299
WP_004151325.1	WP_004151325.1	100	152	1.27e-106	298
WP_004150802.1	WP_004150802.1	100	152	1.80e-115	320
WP_004145270.1	WP_004145270.1	100	152	9.27e-109	303
WP_004143391.1	WP_004143391.1	100	152	1.54e-107	300
WP_002898432.1	WP_004224034.1	99.3	152	8.25e-112	311
WP_002891873.1	WP_002891873.1	100	152	3.78e-108	301
WP_002889733.1	WP_002889733.1	100	152	2.02e-112	312
WP_002885077.1	WP_002885077.1	100	152	7.93e-110	306
WP_002882510.1	WP_002882510.1	100	152	6.03e-105	293
WP_004177857.1	WP_004177857.1	100	151	6.29e-111	308
WP_004145858.1	WP_004145858.1	100	151	1.48e-109	305
WP_002913194.1	WP_002913194.1	100	151	1.54e-111	310
WP_002892701.1	WP_004223423.1	98.0	151	5.38e-112	311
WP_002888845.1	WP_002888845.1	100	151	1.67e-106	297
WP_004894676.1	WP_004186717.1	99.3	149	3.25e-108	301
WP_004210036.1	WP_004210036.1	100	150	3.12e-106	296
WP_004181583.1	WP_004901545.1	98.7	150	4.44e-106	296
WP_004144967.1	WP_004174104.1	99.3	150	2.20e-106	297
WP_002918364.1	WP_004188453.1	99.3	150	1.71e-104	292
WP_002898404.1	WP_002898404.1	100	150	4.26e-104	291
WP_002895674.1	WP_004223773.1	99.3	150	1.18e-110	308
WP_002894761.1	WP_002894761.1	100	150	7.09e-112	311
WP_002889727.1	WP_004145818.1	99.3	150	1.88e-107	300
WP_004210047.1	WP_004177775.1	97.3	149	4.62e-103	288
WP_004180135.1	WP_004180135.1	100	149	1.95e-95	269
WP_004141456.1	WP_004141456.1	100	149	3.52e-107	299
WP_002914925.1	WP_002914925.1	100	149	3.13e-110	306
WP_002914289.1	WP_002914289.1	100	149	2.90e-106	296
WP_002913635.1	WP_002913635.1	100	149	3.13e-110	306
WP_002904908.1	WP_004224855.1	99.3	149	6.56e-103	288
WP_002890417.1	WP_002890417.1	100	149	2.90e-106	296
WP_002887976.1	WP_002887976.1	100	149	2.78e-104	291
WP_002886682.1	WP_002886682.1	100	149	1.67e-96	272
WP_001023257.1	WP_001023257.1	100	149	1.41e-72	211
WP_074194234.1	WP_023285244.1	98.0	148	4.72e-101	283
WP_014907624.1	WP_004224732.1	98.0	148	5.01e-111	308
WP_004222533.1	WP_004222533.1	100	148	3.67e-104	291
WP_004210923.1	WP_071603220.1	98.6	148	1.54e-102	288
WP_004188180.1	WP_004901307.1	99.3	147	6.12e-105	293
WP_004148482.1	WP_004148482.1	100	148	5.18e-95	268
WP_002923294.1	WP_002923294.1	100	148	1.28e-113	315
WP_002915808.1	WP_002915808.1	100	148	3.39e-100	281
WP_002913181.1	WP_002913181.1	100	148	2.58e-104	291
WP_002910896.1	WP_002910896.1	100	148	3.26e-116	322
WP_002901080.1	WP_002901080.1	100	148	1.61e-98	277
WP_002898425.1	WP_004224032.1	99.3	148	1.23e-102	287
WP_023317007.1	WP_004175538.1	98.6	147	1.62e-102	287
WP_015959317.1	WP_002886953.1	99.3	147	9.03e-109	303
WP_015958609.1	WP_004211128.1	98.6	147	1.56e-100	282
WP_011977725.1	WP_002890380.1	98.6	147	7.41e-99	278
WP_002918223.1	WP_002918223.1	100	147	2.69e-110	306
WP_002915235.1	WP_002915235.1	100	147	1.28e-108	302
WP_002911477.1	WP_002911477.1	100	147	4.83e-104	291
WP_002904819.1	WP_002904819.1	100	147	3.54e-106	296
WP_015959126.1	WP_004181509.1	98.6	146	8.70e-111	308
WP_015958923.1	WP_002915858.1	99.3	146	3.28e-106	296
WP_015958518.1	WP_002907654.1	99.3	146	1.56e-95	269
WP_015958477.1	WP_002906451.1	99.3	146	3.41e-108	301
WP_004177394.1	WP_004177394.1	100	146	6.12e-111	308
WP_004176252.1	WP_004224697.1	99.3	146	9.05e-104	290
WP_004144988.1	WP_004144988.1	100	146	9.41e-106	295
WP_004143833.1	WP_004143833.1	100	146	9.76e-99	277
WP_002902513.1	WP_002902513.1	100	146	1.50e-102	287
WP_002887503.1	WP_002887503.1	100	146	5.03e-101	283
WP_000758228.1	WP_000758228.1	100	146	4.48e-104	291
WP_004224879.1	WP_004224879.1	100	145	1.19e-103	290
WP_004223677.1	WP_004223677.1	100	145	2.06e-104	291
WP_004176793.1	WP_004176793.1	100	145	6.63e-101	283
WP_004145683.1	WP_015875096.1	99.3	145	2.54e-101	284
WP_004145166.1	WP_004145166.1	100	145	2.41e-103	289
WP_002884346.1	WP_002884346.1	100	145	1.20e-78	226
WP_002882861.1	WP_002882861.1	100	145	1.63e-101	284
WP_002882809.1	WP_002882809.1	100	145	1.98e-102	286
WP_031592319.1	WP_004213675.1	73.6	144	7.88e-79	227
WP_023316785.1	WP_004140161.1	99.3	144	2.41e-98	276
WP_012068500.1	WP_014599114.1	99.3	144	8.07e-97	272
WP_004190423.1	WP_004190423.1	100	144	9.46e-105	292
WP_004189223.1	WP_004899208.1	99.3	143	2.07e-101	284
WP_004180313.1	WP_004898761.1	95.8	144	1.24e-100	282
WP_004178448.1	WP_002887256.1	99.3	144	2.06e-108	301
WP_004150827.1	WP_004150827.1	100	144	7.78e-104	290
WP_004143863.1	WP_004898643.1	99.3	144	5.48e-104	290
WP_004143563.1	WP_004143563.1	100	144	6.40e-103	288
WP_002919516.1	WP_002919516.1	100	144	8.34e-90	254
WP_002893017.1	WP_002893017.1	100	144	2.06e-99	279
WP_002885221.1	WP_002885221.1	100	144	2.93e-108	301
WP_015958858.1	WP_004145727.1	99.3	143	2.24e-98	276
WP_004183465.1	WP_004183465.1	100	143	7.79e-99	277
WP_004176285.1	WP_002903728.1	99.3	143	2.61e-97	273
WP_004152352.1	WP_002901192.1	61.7	120	6.25e-49	151
WP_004144312.1	WP_004144312.1	100	143	1.40e-101	284
WP_004142894.1	WP_004142894.1	100	143	1.35e-99	279
WP_002922436.1	WP_002922436.1	100	143	2.72e-99	278
WP_002906030.1	WP_002906030.1	100	143	1.99e-101	284
WP_002902969.1	WP_004224518.1	99.3	143	1.45e-94	266
WP_002888683.1	WP_002888683.1	100	143	1.99e-101	284
WP_001568036.1	WP_002901192.1	62.5	120	1.54e-49	152
WP_041937676.1	WP_014599267.1	97.2	142	1.84e-92	261
WP_015959173.1	WP_004145074.1	99.3	142	7.52e-101	282
WP_015959091.1	WP_004889463.1	98.6	142	1.85e-101	284
WP_004901418.1	WP_004901418.1	100	142	2.33e-104	291
WP_004179900.1	WP_014599166.1	99.3	142	7.23e-99	277
WP_004175415.1	WP_002911500.1	99.3	142	2.52e-99	278
WP_002918559.1	WP_002918559.1	100	142	1.35e-103	289
WP_002914355.1	WP_002914355.1	100	142	3.06e-100	281
WP_002895061.1	WP_002895061.1	100	142	3.18e-93	263
WP_002894401.1	WP_002894401.1	100	142	7.23e-99	277
WP_002884034.1	WP_002884034.1	100	142	8.12e-96	270
WP_001554382.1	WP_004901287.1	96.5	142	1.77e-108	301
WP_004191485.1	WP_014599056.1	97.9	141	2.43e-101	283
WP_004185894.1	WP_004900962.1	100	141	1.20e-99	279
WP_004152097.1	WP_004900419.1	77.0	139	3.95e-75	217
WP_002917670.1	WP_004900734.1	99.3	141	4.36e-95	268
WP_002916785.1	WP_002916785.1	100	141	1.07e-95	269
WP_002914091.1	WP_002914091.1	100	141	2.63e-105	293
WP_002913637.1	WP_002913637.1	100	141	2.53e-103	288
WP_002885667.1	WP_002885667.1	100	141	7.84e-98	275
WP_021462571.1	WP_002904629.1	98.6	140	3.46e-105	293
WP_015958900.1	WP_002915538.1	99.3	140	1.78e-98	276
WP_009484772.1	WP_004899561.1	96.5	141	1.92e-100	281
WP_004212128.1	WP_004224917.1	98.6	140	3.20e-92	260
WP_004151130.1	WP_004151130.1	100	140	2.09e-97	273
WP_002923302.1	WP_002923302.1	100	140	3.08e-108	301
WP_002916847.1	WP_002916847.1	100	140	2.74e-102	286
WP_002916278.1	WP_004900419.1	98.6	140	3.75e-100	280
WP_002902876.1	WP_002902876.1	100	140	4.38e-99	278
WP_002889054.1	WP_002889054.1	100	140	1.31e-100	281
WP_002887606.1	WP_002887606.1	100	140	1.47e-97	274
WP_002886947.1	WP_002886947.1	100	140	6.45e-92	259
WP_015959192.1	WP_002882527.1	99.3	139	1.53e-94	266
WP_004179627.1	WP_002901192.1	84.9	139	1.20e-82	236
WP_004151539.1	WP_004901598.1	99.3	139	6.00e-101	282
WP_004146118.1	WP_004222414.1	99.3	139	2.54e-102	286
WP_002903693.1	WP_002903693.1	100	139	1.02e-23	87.0
WP_002901192.1	WP_002901192.1	100	139	8.20e-99	277
WP_002891356.1	WP_002891356.1	100	139	5.55e-97	272
WP_001251971.1	WP_001251971.1	100	139	1.26e-93	264
WP_015958589.1	WP_002908865.1	99.3	138	1.04e-96	271
WP_004183289.1	WP_004223473.1	98.6	138	1.17e-93	264
WP_004173879.1	WP_004173879.1	100	138	1.31e-99	279
WP_002916605.1	WP_002916605.1	100	138	3.10e-98	275
WP_002884951.1	WP_002884951.1	100	138	1.42e-103	289
WP_001044770.1	WP_004213072.1	89.9	138	1.70e-88	251
WP_015959390.1	WP_004222532.1	98.5	137	8.25e-98	274
WP_008805589.1	WP_002893892.1	97.8	137	1.42e-98	276
WP_004151523.1	WP_004151523.1	100	137	3.93e-96	270
WP_004145325.1	WP_004145325.1	100	137	8.56e-91	256
WP_004144085.1	WP_004144085.1	100	137	1.13e-95	269
WP_002901633.1	WP_002901633.1	100	137	2.76e-105	293
WP_002901246.1	WP_002901246.1	100	137	1.04e-109	304
WP_002889433.1	WP_002889433.1	100	137	6.49e-86	244
WP_024940864.1	WP_004151577.1	100	135	2.04e-104	291
WP_004149907.1	WP_004900842.1	99.3	136	1.80e-87	248
WP_002919759.1	WP_002919759.1	100	136	3.51e-94	265
WP_002916310.1	WP_002916310.1	100	136	6.55e-99	277
WP_002914887.1	WP_002914887.1	100	136	8.95e-97	271
WP_002914321.1	WP_002914321.1	100	136	2.37e-101	283
WP_002909015.1	WP_002909015.1	100	136	7.65e-98	274
WP_002894404.1	WP_002894404.1	100	136	8.60e-95	266
WP_002892208.1	WP_002892208.1	100	136	1.54e-97	273
WP_002888804.1	WP_004145917.1	99.3	136	1.08e-88	251
WP_002884721.1	WP_002884721.1	100	136	5.37e-89	252
WP_015959253.1	WP_002884611.1	98.5	135	5.62e-95	267
WP_004181182.1	WP_004181182.1	100	135	2.20e-92	260
WP_004178755.1	WP_004178755.1	100	135	3.51e-89	252
WP_002915102.1	WP_002915102.1	100	135	2.20e-92	260
WP_002910103.1	WP_002910103.1	100	135	1.22e-89	253
WP_002907764.1	WP_002907764.1	100	135	7.10e-98	274
WP_002889443.1	WP_002889443.1	100	135	9.33e-94	264
WP_002885086.1	WP_002885086.1	100	135	7.09e-89	251
WP_008805591.1	WP_004176911.1	97.8	134	1.01e-92	261
WP_004182892.1	WP_004222594.1	98.5	134	7.12e-93	261
WP_004142216.1	WP_004142216.1	100	134	9.35e-89	251
WP_002920158.1	WP_002920158.1	100	134	2.48e-93	263
WP_002906035.1	WP_002906035.1	100	134	1.05e-94	266
WP_002895056.1	WP_002895056.1	100	134	4.12e-92	259
WP_002920326.1	WP_002920326.1	100	133	1.56e-91	258
WP_002918248.1	WP_002918248.1	100	133	1.50e-89	253
WP_002914287.1	WP_002914287.1	100	133	1.97e-85	243
WP_002892366.1	WP_002892366.1	100	133	1.97e-94	265
WP_002891860.1	WP_002891860.1	100	133	3.98e-94	265
WP_038807949.1	WP_004224699.1	98.5	132	1.56e-95	268
WP_002921188.1	WP_004181488.1	99.2	132	1.10e-93	263
WP_002918565.1	WP_002918565.1	100	132	3.99e-89	252
WP_002917917.1	WP_002917917.1	100	132	1.38e-80	230
WP_002912865.1	WP_004175078.1	99.2	132	5.67e-89	251
WP_002901629.1	WP_002901629.1	100	132	4.32e-93	262
WP_002889793.1	WP_004222799.1	98.5	132	9.78e-99	276
WP_015959287.1	WP_002885530.1	99.2	131	4.87e-94	264
WP_015958988.1	WP_002916833.1	100	130	2.05e-77	222
WP_004213330.1	WP_004213330.1	100	131	3.17e-90	254
WP_004209729.1	WP_004180829.1	98.5	131	4.68e-92	259
WP_004183101.1	WP_002908370.1	65.1	126	6.32e-58	173
WP_002915543.1	WP_002915543.1	100	131	4.50e-90	254
WP_002911484.1	WP_002911484.1	100	131	2.06e-95	268
WP_002898886.1	WP_002898886.1	100	131	2.14e-88	250
WP_002885691.1	WP_004222085.1	99.2	131	2.61e-89	252
WP_004224558.1	WP_004224558.1	100	130	1.57e-94	265
WP_004222482.1	WP_004222482.1	100	130	5.49e-95	266
WP_004150798.1	WP_004190914.1	99.2	130	6.17e-92	259
WP_004145942.1	WP_004145942.1	100	130	1.91e-95	268
WP_004145428.1	WP_004145428.1	100	130	2.07e-90	255
WP_002919665.1	WP_002919665.1	100	130	4.69e-87	246
WP_002917920.1	WP_002917920.1	100	130	4.18e-90	254
WP_002913435.1	WP_002913435.1	100	130	5.28e-93	261
WP_002908370.1	WP_002908370.1	100	130	1.20e-98	276
WP_002898877.1	WP_002898877.1	100	130	7.80e-95	266
WP_000829818.1	WP_000829818.1	100	130	2.33e-87	247
WP_015958958.1	WP_002916479.1	99.2	129	4.36e-87	246
WP_004219658.1	WP_032448046.1	98.4	129	1.40e-83	238
WP_004175282.1	WP_004899351.1	99.2	129	1.92e-90	255
WP_004143067.1	WP_004143067.1	100	129	1.46e-94	265
WP_002919257.1	WP_002919257.1	100	129	5.73e-92	259
WP_002889387.1	WP_002889387.1	100	129	1.07e-96	271
WP_004179737.1	WP_002903735.1	99.2	128	1.25e-90	255
WP_002920128.1	WP_002920128.1	100	128	9.18e-93	261
WP_002919206.1	WP_002919206.1	100	128	9.54e-86	243
WP_002918206.1	WP_002918206.1	100	128	3.74e-92	259
WP_002913991.1	WP_002913991.1	100	128	3.60e-90	254
WP_002905421.1	WP_002905421.1	100	128	1.52e-91	258
WP_002898981.1	WP_002898981.1	100	128	5.11e-90	254
WP_002889292.1	WP_002889292.1	100	128	9.93e-88	248
WP_002886926.1	WP_002886926.1	100	128	2.85e-87	247
WP_002886893.1	WP_002886893.1	100	128	7.54e-83	236
WP_015959104.1	WP_002920810.1	99.2	127	7.01e-92	258
WP_004889465.1	WP_002920279.1	99.2	127	3.20e-97	272
WP_004175834.1	WP_004175834.1	100	127	2.35e-90	254
WP_004151712.1	WP_014599110.1	99.2	127	1.36e-89	253
WP_004150923.1	WP_004150923.1	100	127	4.56e-88	249
WP_002914084.1	WP_002914084.1	100	127	3.34e-90	254
WP_002896351.1	WP_002896351.1	100	127	5.99e-93	261
WP_002894459.1	WP_004223642.1	99.2	127	1.03e-93	263
WP_002883772.1	WP_002883772.1	100	127	2.63e-78	224
WP_002882817.1	WP_002882817.1	100	127	3.90e-89	251
WP_041937623.1	WP_004899612.1	79.4	126	6.73e-76	218
WP_015958394.1	WP_004190202.1	97.6	126	1.04e-88	250
WP_004178266.1	WP_004178266.1	100	126	1.12e-83	238
WP_004151392.1	WP_004151392.1	100	126	9.24e-92	258
WP_004144991.1	WP_004144991.1	100	126	4.23e-79	226
WP_004144351.1	WP_004144351.1	100	126	6.02e-88	248
WP_002920863.1	WP_002920863.1	100	126	1.26e-89	253
WP_002888834.1	WP_002888834.1	100	126	1.04e-88	250
WP_000025662.1	WP_000025662.1	100	126	2.02e-86	244
WP_004218213.1	WP_002917911.1	100	125	5.31e-91	256
WP_004182901.1	WP_004182901.1	100	125	7.06e-91	256
WP_004143232.1	WP_004143232.1	100	125	8.91e-94	263
WP_002915104.1	WP_004900191.1	99.2	125	4.97e-91	256
WP_002892144.1	WP_002892144.1	100	125	2.28e-87	247
WP_041937708.1	WP_004194926.1	99.2	124	3.38e-84	239
WP_015958189.1	WP_004140600.1	99.2	124	4.43e-89	251
WP_004151448.1	WP_004151448.1	100	124	1.13e-82	235
WP_002920115.1	WP_004900999.1	99.2	124	4.27e-87	246
WP_002904397.1	WP_002904397.1	100	124	1.09e-89	253
WP_002900683.1	WP_002900683.1	100	124	2.38e-84	239
WP_002892066.1	WP_002892066.1	100	124	3.37e-93	261
WP_015958567.1	WP_002908289.1	99.2	123	4.81e-88	248
WP_004186571.1	WP_004221983.1	91.6	131	1.20e-67	197
WP_004181516.1	WP_002922133.1	99.2	123	1.43e-89	252
WP_004152015.1	WP_004152015.1	100	123	1.96e-87	247
WP_002919748.1	WP_002919748.1	100	123	1.89e-85	242
WP_002882947.1	WP_002882947.1	100	123	7.40e-83	235
WP_009308687.1	WP_002919204.1	99.2	122	1.82e-87	247
WP_004186495.1	WP_002885023.1	99.2	122	4.47e-88	248
WP_004144860.1	WP_004144860.1	100	122	3.02e-77	221
WP_004144680.1	WP_004223022.1	98.4	122	2.04e-75	216
WP_004142557.1	WP_004142557.1	100	122	4.82e-92	258
WP_002917923.1	WP_002917923.1	100	122	1.05e-95	268
WP_002904598.1	WP_004224727.1	99.2	122	3.97e-91	256
WP_002884819.1	WP_002884819.1	100	122	9.38e-81	230
WP_026005884.1	WP_004900718.1	98.3	121	6.12e-90	253
WP_011977726.1	WP_002890404.1	99.2	121	1.39e-86	244
WP_009309187.1	WP_004222616.1	97.5	121	9.42e-85	240
WP_004174641.1	WP_014599245.1	98.3	120	1.02e-90	255
WP_002895084.1	WP_002895084.1	100	121	1.90e-75	216
WP_002892824.1	WP_002892824.1	100	121	7.16e-89	250
WP_002889025.1	WP_002889025.1	100	121	7.45e-82	233
WP_002888550.1	WP_002888550.1	100	121	5.25e-82	233
WP_002884142.1	WP_002884142.1	100	121	1.68e-69	201
WP_032447701.1	WP_032432318.1	99.2	120	5.26e-86	243
WP_015959307.1	WP_002886895.1	99.2	120	2.41e-82	234
WP_015958193.1	WP_004213084.1	99.2	120	5.47e-88	248
WP_004219442.1	WP_004143623.1	99.1	108	1.77e-77	221
WP_004174693.1	WP_004174693.1	100	120	1.57e-87	247
WP_004143806.1	WP_004143806.1	100	120	3.62e-59	175
WP_002923304.1	WP_002923304.1	100	120	1.02e-83	237
WP_002922410.1	WP_002922410.1	100	120	1.45e-74	214
WP_002914291.1	WP_002914291.1	100	120	2.23e-87	246
WP_002914181.1	WP_023286793.1	99.2	120	5.23e-84	238
WP_002913200.1	WP_002913200.1	100	120	4.33e-85	241
WP_002903681.1	WP_004179723.1	99.2	120	1.69e-73	211
WP_002903374.1	WP_002903374.1	100	120	2.81e-90	254
WP_002888737.1	WP_002888737.1	100	120	9.09e-87	245
WP_015958952.1	WP_004900527.1	98.3	119	3.44e-77	221
WP_004174061.1	WP_004901003.1	98.3	119	8.12e-85	240
WP_004173863.1	WP_004151518.1	99.2	119	3.87e-83	236
WP_004151535.1	WP_004151535.1	100	119	1.11e-82	234
WP_004145754.1	WP_004145754.1	100	119	1.35e-83	237
WP_002913810.1	WP_002913810.1	100	119	9.13e-82	232
WP_002913419.1	WP_004899719.1	100	107	1.03e-64	189
WP_002901913.1	WP_002901913.1	100	119	1.77e-79	226
WP_002885526.1	WP_002885526.1	100	119	9.86e-86	242
WP_002883021.1	WP_002883021.1	100	119	2.24e-82	234
WP_074187136.1	WP_004199954.1	97.5	118	2.18e-81	232
WP_004176301.1	WP_004179716.1	99.2	118	6.44e-86	243
WP_002919259.1	WP_002919259.1	100	118	1.65e-79	226
WP_002900681.1	WP_002900681.1	100	118	6.20e-84	238
WP_002884953.1	WP_002884953.1	100	118	2.96e-82	233
WP_000124850.1	WP_000124850.1	100	118	3.07e-75	216
WP_004179665.1	WP_002903236.1	98.3	117	2.64e-71	206
WP_004152419.1	WP_004152419.1	100	117	2.26e-81	231
WP_004143154.1	WP_002909094.1	99.1	117	4.56e-81	230
WP_002917678.1	WP_002917678.1	100	117	1.65e-83	236
WP_002913764.1	WP_002913764.1	100	117	1.21e-85	242
WP_002913434.1	WP_002913434.1	100	117	3.90e-82	233
WP_002910380.1	WP_004184593.1	99.1	117	8.86e-79	224
WP_002885039.1	WP_002885039.1	100	117	2.25e-90	254
WP_001246153.1	WP_004213578.1	95.0	120	9.39e-77	219
WP_000358960.1	WP_000358960.1	100	117	1.65e-74	214
WP_004173989.1	WP_002920825.1	99.1	116	2.67e-62	183
WP_004152101.1	WP_002916281.1	79.6	103	3.46e-56	167
WP_002915850.1	WP_002915850.1	100	116	1.17e-78	224
WP_002915803.1	WP_004900279.1	99.1	116	5.35e-84	238
WP_015959361.1	WP_004222358.1	97.4	115	8.93e-78	222
WP_004140356.1	WP_004140356.1	100	115	1.67e-73	211
WP_002923305.1	WP_002923305.1	100	115	1.04e-76	219
WP_002914293.1	WP_002914293.1	100	115	7.64e-79	224
WP_002914145.1	WP_002914145.1	100	115	7.35e-77	219
WP_002911410.1	WP_004175424.1	99.1	115	5.59e-72	207
WP_002907768.1	WP_002907768.1	100	115	4.09e-83	235
WP_002894949.1	WP_002894949.1	100	115	2.46e-75	216
WP_002888808.1	WP_002888808.1	100	115	1.32e-79	226
WP_015959364.1	WP_004222368.1	97.4	114	9.33e-75	214
WP_015958187.1	WP_004224112.1	99.1	114	5.62e-76	217
WP_004185642.1	WP_004900626.1	99.1	114	7.09e-79	224
WP_002914928.1	WP_002914928.1	100	114	3.12e-82	233
WP_002912974.1	WP_002912974.1	100	114	4.61e-84	238
WP_002910910.1	WP_002910910.1	100	114	8.62e-80	227
WP_002910895.1	WP_002910895.1	100	114	4.78e-86	243
WP_002901254.1	WP_002901254.1	100	114	2.88e-87	246
WP_002892695.1	WP_004178874.1	99.1	114	2.38e-77	221
WP_002889275.1	WP_002889275.1	100	114	1.27e-81	231
WP_002886724.1	WP_002886724.1	100	114	1.73e-88	249
WP_004900121.1	WP_014599241.1	100	113	9.42e-85	240
WP_002914160.1	WP_002914160.1	100	113	4.64e-79	225
WP_002903720.1	WP_002903720.1	100	113	2.58e-76	218
WP_002893035.1	WP_002893035.1	100	113	2.04e-82	233
WP_015959029.1	WP_004223879.1	62.8	113	1.79e-44	137
WP_014343000.1	WP_014599127.1	98.2	112	1.06e-78	224
WP_004223118.1	WP_004223118.1	100	112	2.05e-77	221
WP_004146520.1	WP_004146520.1	100	112	1.56e-72	208
WP_002920864.1	WP_002920864.1	100	112	4.47e-81	230
WP_002914032.1	WP_002914032.1	100	112	8.37e-77	219
WP_002911404.1	WP_002911404.1	100	112	2.81e-75	215
WP_002901544.1	WP_002901544.1	100	112	5.23e-80	227
WP_002891893.1	WP_002891893.1	100	112	2.31e-74	213
WP_002886894.1	WP_042632493.1	99.1	106	2.14e-71	205
WP_004210038.1	WP_004177783.1	99.1	111	2.50e-82	233
WP_004174712.1	WP_004174712.1	100	111	3.71e-75	215
WP_004148980.1	WP_002911862.1	99.1	111	1.57e-76	218
WP_002921203.1	WP_002921203.1	100	111	1.19e-80	229
WP_002914111.1	WP_002914111.1	100	111	9.09e-76	216
WP_002913956.1	WP_002913956.1	100	111	2.06e-81	231
WP_002913729.1	WP_002913729.1	100	111	1.57e-76	218
WP_002903379.1	WP_004224585.1	99.1	111	3.71e-75	215
WP_012068456.1	WP_002894759.1	99.1	110	2.42e-75	215
WP_004151524.1	WP_004151524.1	100	110	5.72e-74	212
WP_002919773.1	WP_002919773.1	100	110	1.58e-71	206
WP_002911866.1	WP_004899331.1	99.1	110	1.34e-81	231
WP_002892173.1	WP_002892173.1	100	110	1.02e-58	173
WP_002890398.1	WP_002890398.1	100	110	1.92e-72	208
WP_004151738.1	WP_004151738.1	100	109	1.16e-77	221
WP_004145442.1	WP_004898985.1	99.1	109	1.03e-71	206
WP_002920552.1	WP_002920552.1	100	109	4.35e-82	232
WP_002918369.1	WP_004900883.1	89.3	112	4.25e-58	172
WP_002916488.1	WP_002916488.1	100	109	4.21e-71	204
WP_002916281.1	WP_002916281.1	100	109	9.53e-77	219
WP_002915249.1	WP_002915249.1	100	109	4.04e-78	222
WP_002910650.1	WP_002910650.1	100	109	1.30e-83	236
WP_002910079.1	WP_002910079.1	100	109	4.04e-78	222
WP_002903683.1	WP_002903683.1	100	109	1.52e-73	211
WP_002898457.1	WP_002898457.1	100	109	3.32e-77	220
WP_002891634.1	WP_002891634.1	100	109	3.46e-70	202
WP_002887809.1	WP_002887809.1	100	109	1.25e-72	208
WP_002883224.1	WP_002883224.1	100	109	2.84e-78	223
WP_004190739.1	WP_002901782.1	99.1	108	4.06e-73	209
WP_002920249.1	WP_002920249.1	100	108	1.86e-78	223
WP_002916620.1	WP_002916620.1	100	108	1.08e-77	221
WP_002915993.1	WP_002915993.1	100	108	2.74e-80	228
WP_002915157.1	WP_002915157.1	100	108	1.94e-71	205
WP_002904788.1	WP_004224757.1	99.1	108	4.94e-74	212
WP_015958196.1	WP_004150797.1	99.1	107	3.77e-73	209
WP_009309011.1	WP_002902522.1	99.1	107	4.09e-68	197
WP_004173862.1	WP_004173862.1	100	107	1.08e-72	208
WP_002915888.1	WP_002915888.1	100	107	3.77e-73	209
WP_002914095.1	WP_004899914.1	98.1	107	1.37e-75	216
WP_002913979.1	WP_002913979.1	100	107	2.76e-75	215
WP_002911883.1	WP_002911883.1	100	107	4.09e-68	197
WP_002907744.1	WP_002907744.1	100	107	8.22e-77	219
WP_002885422.1	WP_002885422.1	100	107	1.12e-74	213
WP_002882863.1	WP_002882863.1	100	107	1.60e-65	190
WP_015958395.1	WP_004143517.1	98.1	106	1.43e-72	208
WP_004212509.1	WP_004184563.1	99.1	106	6.82e-71	204
WP_004177855.1	WP_004177855.1	100	106	1.05e-65	191
WP_004150073.1	WP_004185983.1	95.3	106	5.08e-48	146
WP_002916872.1	WP_002916872.1	100	106	2.28e-78	223
WP_002915873.1	WP_004900320.1	99.1	106	1.22e-73	211
WP_002901547.1	WP_002901547.1	100	106	6.82e-71	204
WP_002891541.1	WP_002891541.1	100	106	2.47e-73	210
WP_002883389.1	WP_002883389.1	100	106	2.36e-80	228
WP_002915156.1	WP_002915156.1	100	105	1.55e-71	205
WP_002912749.1	WP_002912749.1	100	105	2.47e-77	220
WP_002898441.1	WP_002898441.1	100	105	2.68e-72	207
WP_002896520.1	WP_002896520.1	100	105	2.38e-75	215
WP_002894623.1	WP_002894623.1	100	105	9.35e-73	208
WP_002891649.1	WP_002891649.1	100	105	9.71e-75	213
WP_002887322.1	WP_002887322.1	100	105	6.83e-75	214
WP_002885521.1	WP_002885521.1	100	105	1.62e-64	187
WP_002884149.1	WP_004212847.1	99.0	105	3.53e-68	197
WP_002882924.1	WP_002882924.1	100	105	6.83e-75	214
WP_015959204.1	WP_002882870.1	98.1	104	9.02e-75	213
WP_015958991.1	WP_004205233.1	97.1	104	1.75e-72	207
WP_015958864.1	WP_002914359.1	99.0	104	3.84e-67	194
WP_015958466.1	WP_004180041.1	99.0	104	5.45e-67	194
WP_004151864.1	WP_004151864.1	100	104	2.31e-68	197
WP_004145041.1	WP_004145041.1	100	104	2.49e-72	207
WP_002914983.1	WP_002914983.1	100	104	1.34e-67	195
WP_002914979.1	WP_002914979.1	100	104	1.69e-70	202
WP_002892003.1	WP_002892003.1	100	104	4.84e-70	201
WP_002885722.1	WP_002885722.1	100	104	2.21e-75	215
WP_000729185.1	WP_000729185.1	100	104	2.81e-69	199
WP_015958398.1	WP_002904646.1	97.1	103	1.19e-74	213
WP_004177812.1	WP_004177812.1	100	103	1.51e-68	197
WP_004176139.1	WP_004190049.1	98.1	103	9.84e-65	188
WP_004144734.1	WP_004144734.1	100	103	9.44e-72	206
WP_004142687.1	WP_004142687.1	100	103	3.55e-76	217
WP_002918379.1	WP_002918379.1	100	103	2.23e-70	202
WP_002912109.1	WP_004899368.1	99.0	103	1.91e-71	205
WP_002901229.1	WP_002901229.1	100	103	3.03e-77	219
WP_001181005.1	WP_001181005.1	100	103	7.48e-69	198
WP_012737232.1	WP_002886907.1	99.0	102	4.53e-65	189
WP_004177699.1	WP_002885674.1	99.0	102	7.22e-71	203
WP_004151785.1	WP_004900427.1	99.0	102	3.86e-75	214
WP_002914883.1	WP_002914883.1	100	102	8.45e-70	201
WP_002901780.1	WP_002901780.1	100	102	9.15e-65	188
WP_002885659.1	WP_004222066.1	99.0	102	3.28e-49	149
WP_004191501.1	WP_004191501.1	100	101	1.31e-68	197
WP_004147654.1	WP_004147654.1	100	101	6.22e-67	193
WP_002919667.1	WP_002919667.1	100	101	4.55e-69	199
WP_002917916.1	WP_002917916.1	100	101	4.06e-63	184
WP_002917655.1	WP_002917655.1	100	101	1.16e-71	205
WP_002885682.1	WP_002885682.1	100	101	3.89e-70	201
WP_002885324.1	WP_002885324.1	100	101	9.18e-69	198
WP_002884150.1	WP_002884150.1	100	101	1.07e-67	195
WP_021466040.1	WP_029884163.1	87.1	101	1.11e-31	104
WP_012068431.1	WP_004147534.1	96.0	100	7.03e-68	196
WP_002923158.1	WP_004901514.1	99.0	100	5.78e-67	193
WP_002916871.1	WP_002916871.1	100	100	1.66e-66	192
WP_002913148.1	WP_002913148.1	100	100	4.24e-60	176
WP_002890210.1	WP_002890210.1	100	100	4.23e-69	199
WP_000617546.1	WP_000617546.1	100	100	1.60e-64	187
WP_032431760.1	WP_004143106.1	99.0	99	1.80e-65	189
WP_015958496.1	WP_002906788.1	99.0	99	7.08e-63	183
WP_002922129.1	WP_004152038.1	100	92	2.41e-64	186
WP_002916274.1	WP_002916274.1	100	99	1.37e-69	200
WP_002914277.1	WP_002914277.1	100	99	9.28e-68	195
WP_002909098.1	WP_002909098.1	100	99	3.78e-67	194
WP_002886896.1	WP_002886896.1	100	99	3.00e-64	186
WP_004181402.1	WP_004144862.1	99.0	98	1.49e-68	197
WP_004181386.1	WP_002917723.1	99.0	98	4.27e-68	196
WP_002910042.1	WP_002910042.1	100	98	7.10e-67	193
WP_000462905.1	WP_000462905.1	100	98	2.38e-65	189
WP_015959281.1	WP_004152420.1	99.0	97	1.24e-62	182
WP_004151373.1	WP_004151373.1	100	97	1.19e-60	177
WP_002918374.1	WP_002918374.1	100	97	1.10e-65	190
WP_002915045.1	WP_004174667.1	99.0	97	3.01e-72	206
WP_002894767.1	WP_002894767.1	100	97	5.04e-62	181
WP_002892360.1	WP_002892360.1	100	97	1.10e-65	190
WP_004153693.1	WP_004153693.1	100	96	1.56e-69	199
WP_004145682.1	WP_004145682.1	100	96	4.87e-64	186
WP_004144912.1	WP_004185850.1	100	95	6.71e-64	185
WP_002923120.1	WP_002923120.1	100	96	5.91e-65	188
WP_002922965.1	WP_002922965.1	100	96	3.04e-67	194
WP_002921931.1	WP_002921931.1	100	96	8.40e-65	187
WP_002918226.1	WP_045145354.1	96.9	96	4.69e-64	186
WP_002916614.1	WP_002916614.1	100	96	1.70e-64	187
WP_002911374.1	WP_002911374.1	100	96	1.29e-59	174
WP_002906471.1	WP_002906471.1	100	96	9.06e-69	197
WP_002904624.1	WP_004224737.1	99.0	96	4.48e-69	198
WP_002895053.1	WP_002895053.1	100	96	5.25e-68	196
WP_002885663.1	WP_002885663.1	100	96	2.50e-48	146
WP_000387720.1	WP_000387720.1	100	96	2.23e-60	176
WP_041937629.1	WP_004176193.1	98.9	95	4.02e-67	193
WP_008805812.1	WP_002896354.1	97.9	95	4.91e-59	173
WP_004176376.1	WP_004224492.1	97.9	95	3.43e-68	196
WP_002923283.1	WP_002923283.1	100	95	6.93e-68	195
WP_002920119.1	WP_002920119.1	100	95	1.35e-65	189
WP_002918423.1	WP_002918423.1	100	95	2.72e-65	189
WP_002916743.1	WP_002916743.1	100	95	1.45e-69	199
WP_002913719.1	WP_002913719.1	100	95	1.64e-66	192
WP_002898165.1	WP_002898165.1	100	95	1.15e-66	192
WP_002890376.1	WP_002890376.1	100	95	1.92e-65	189
WP_015958607.1	WP_002910033.1	98.9	94	4.05e-62	181
WP_004189006.1	WP_004189006.1	100	94	2.08e-64	186
WP_004177403.1	WP_002888732.1	98.9	94	1.16e-61	179
WP_002915737.1	WP_002915737.1	100	94	6.49e-59	172
WP_002913359.1	WP_002913359.1	100	94	8.82e-66	190
WP_002890284.1	WP_002890284.1	100	94	5.11e-65	188
WP_023316620.1	WP_004224045.1	95.6	90	1.22e-61	179
WP_015958299.1	WP_004899663.1	97.8	93	9.25e-63	182
WP_004177826.1	WP_004177826.1	100	93	3.10e-61	178
WP_004151461.1	WP_004151461.1	100	93	2.53e-69	199
WP_002915619.1	WP_002915619.1	100	93	2.35e-65	189
WP_002913338.1	WP_002913338.1	100	93	1.60e-63	184
WP_002910898.1	WP_002910898.1	100	93	1.36e-64	187
WP_002883181.1	WP_002883181.1	100	93	6.76e-65	187
WP_002883180.1	WP_002883180.1	100	93	7.01e-67	192
WP_041937636.1	WP_004143686.1	97.8	92	1.22e-62	182
WP_004188380.1	WP_004145324.1	98.9	92	2.47e-62	181
WP_002901249.1	WP_002901249.1	100	92	3.00e-63	183
WP_001138115.1	WP_001138115.1	100	92	3.11e-65	188
WP_004105744.1	WP_004105744.1	100	91	4.99e-66	190
WP_002920822.1	WP_002920822.1	100	91	7.71e-61	177
WP_002918629.1	WP_002918629.1	100	91	1.14e-62	182
WP_002915814.1	WP_002915814.1	100	91	6.34e-60	175
WP_002915806.1	WP_002915806.1	100	91	2.05e-56	166
WP_002910437.1	WP_002910437.1	100	91	4.81e-64	185
WP_002907563.1	WP_002907563.1	100	91	2.21e-60	176
WP_002885689.1	WP_002885689.1	100	91	5.22e-59	172
WP_002885673.1	WP_004872741.1	100	91	4.00e-57	168
WP_002437846.1	WP_002907563.1	83.5	91	7.44e-50	149
WP_000135058.1	WP_000135058.1	100	91	5.03e-57	167
WP_012068383.1	WP_002892402.1	98.9	90	8.39e-60	174
WP_002918431.1	WP_002918431.1	100	90	2.82e-58	171
WP_002918381.1	WP_004900897.1	98.9	90	7.72e-65	187
WP_002917638.1	WP_014599266.1	95.4	65	2.38e-41	127
WP_002916856.1	WP_004174355.1	98.9	90	9.10e-55	162
WP_002916204.1	WP_002916204.1	100	90	3.15e-64	186
WP_002916201.1	WP_002916201.1	100	90	2.59e-63	183
WP_002914934.1	WP_002914934.1	100	90	1.50e-62	181
WP_002891985.1	WP_002891985.1	100	90	1.39e-58	171
WP_002884625.1	WP_004177859.1	98.9	90	1.91e-56	166
WP_002884342.1	WP_002884342.1	100	90	3.29e-57	168
WP_002444653.1	WP_002444653.1	100	90	7.78e-56	164
WP_015958374.1	WP_002903714.1	98.9	89	1.35e-60	176
WP_002920510.1	WP_002920510.1	100	89	5.29e-58	170
WP_002918244.1	WP_002918244.1	100	89	1.52e-57	169
WP_002910902.1	WP_002910902.1	100	89	1.30e-58	171
WP_002882858.1	WP_002882858.1	100	89	3.72e-58	170
WP_002882612.1	WP_002882612.1	100	89	1.35e-60	176
WP_032428116.1	WP_004222378.1	97.7	88	1.59e-54	161
WP_015959332.1	WP_004222284.1	76.1	88	1.12e-45	139
WP_004176134.1	WP_004176134.1	100	88	9.57e-56	164
WP_003026799.1	WP_003026799.1	100	88	5.98e-59	172
WP_002918627.1	WP_002918627.1	100	88	1.86e-53	158
WP_002916312.1	WP_002916312.1	100	88	1.11e-63	184
WP_002904790.1	WP_004176198.1	98.9	88	2.53e-60	176
WP_002895824.1	WP_002895824.1	100	88	1.58e-63	184
WP_002895168.1	WP_002895168.1	100	88	1.72e-58	171
WP_004140489.1	WP_004140489.1	100	87	5.56e-59	172
WP_004140155.1	WP_004140155.1	100	87	2.19e-56	166
WP_002904643.1	WP_002904643.1	100	87	5.99e-63	182
WP_002896352.1	WP_002896352.1	100	87	1.25e-64	186
WP_002894474.1	WP_002894474.1	100	87	1.94e-59	173
WP_002892011.1	WP_002892011.1	100	87	1.41e-61	179
WP_002887965.1	WP_002887965.1	100	87	2.03e-52	155
WP_004888420.1	WP_004144350.1	98.8	86	9.96e-66	189
WP_004176772.1	WP_004176772.1	100	86	9.00e-51	151
WP_004176771.1	WP_004191222.1	97.7	86	3.77e-54	160
WP_004176262.1	WP_004176262.1	100	86	1.80e-59	173
WP_002890221.1	WP_002890221.1	100	86	9.70e-55	161
WP_002889424.1	WP_002889424.1	100	86	1.05e-58	171
WP_004892998.1	WP_002900788.1	98.8	85	1.45e-51	153
WP_004151536.1	WP_004151536.1	100	85	2.19e-64	186
WP_002919125.1	WP_004900952.1	98.8	85	3.51e-61	177
WP_002913505.1	WP_002913505.1	100	85	5.23e-54	159
WP_002891977.1	WP_002891977.1	100	85	8.70e-53	156
WP_002889848.1	WP_002889848.1	100	85	6.60e-57	167
WP_002883170.1	WP_004886870.1	97.6	85	2.59e-54	160
WP_002434222.1	WP_002434222.1	100	85	5.64e-58	169
WP_011977779.1	WP_002911406.1	60.0	65	1.80e-18	69.7
WP_008807754.1	WP_004140343.1	98.8	84	2.87e-58	171
WP_004175066.1	WP_004151121.1	81.0	84	7.51e-49	146
WP_004144910.1	WP_004144910.1	100	84	6.37e-59	172
WP_004140836.1	WP_002913017.1	98.8	84	1.97e-62	181
WP_004118476.1	WP_002911406.1	60.0	65	8.95e-19	70.5
WP_002919751.1	WP_002919751.1	100	84	1.83e-58	171
WP_002898992.1	WP_002898992.1	100	84	4.48e-59	172
WP_002887412.1	WP_002887412.1	100	84	1.90e-60	176
WP_015958502.1	WP_004898555.1	96.4	83	1.78e-51	153
WP_011977638.1	WP_004151376.1	96.4	83	4.92e-49	147
WP_004188412.1	WP_004151376.1	97.6	83	2.08e-50	150
WP_004140729.1	WP_004140729.1	100	83	1.35e-55	163
WP_002922429.1	WP_002922429.1	100	83	5.06e-60	174
WP_002911524.1	WP_002911524.1	100	83	2.63e-53	157
WP_002901761.1	WP_002901761.1	100	83	1.40e-57	168
WP_002883425.1	WP_002883425.1	100	83	1.72e-49	148
WP_029497017.1	WP_004144011.1	98.8	82	9.17e-58	169
WP_021441439.1	WP_004151376.1	95.0	80	2.63e-46	140
WP_004175772.1	WP_004175772.1	100	82	1.53e-56	166
WP_002914149.1	WP_002914149.1	100	82	1.04e-54	161
WP_002909014.1	WP_002909014.1	100	82	6.00e-54	159
WP_002904810.1	WP_002904810.1	100	82	6.22e-56	164
WP_002895672.1	WP_004214252.1	98.8	82	2.86e-52	155
WP_002893037.1	WP_002893037.1	100	82	1.21e-53	158
WP_023288894.1	WP_004151693.1	98.8	81	7.94e-54	159
WP_004180069.1	WP_002906114.1	98.8	81	1.32e-52	155
WP_004150222.1	WP_002922939.1	97.5	79	1.58e-37	117
WP_004141189.1	WP_004141189.1	100	81	1.21e-57	168
WP_002920858.1	WP_002920858.1	100	81	1.21e-57	168
WP_002914320.1	WP_002914320.1	100	81	1.72e-57	168
WP_009484997.1	WP_002884940.1	98.8	80	3.16e-46	139
WP_004189722.1	WP_002907761.1	98.7	79	1.50e-55	163
WP_004150355.1	WP_002882814.1	100	80	9.18e-53	156
WP_002918740.1	WP_002918740.1	100	80	1.88e-56	165
WP_002910387.1	WP_002910387.1	100	80	5.39e-56	164
WP_002901096.1	WP_004224200.1	98.8	80	4.28e-53	157
WP_002891398.1	WP_002891398.1	100	80	3.40e-50	149
WP_002886901.1	WP_002886901.1	100	80	8.65e-53	156
WP_015958661.1	WP_004175410.1	98.7	79	8.05e-53	156
WP_004179827.1	WP_002904816.1	98.7	79	2.81e-53	157
WP_004176548.1	WP_004179368.1	98.7	79	2.49e-56	165
WP_004145533.1	WP_004145533.1	100	79	6.63e-52	154
WP_002920509.1	WP_002920509.1	100	79	5.67e-53	156
WP_002913605.1	WP_004174919.1	98.7	79	4.84e-54	159
WP_002911393.1	WP_002911393.1	100	79	3.13e-59	172
WP_002887654.1	WP_004222515.1	98.7	79	3.17e-50	149
WP_002887416.1	WP_002887416.1	100	79	5.67e-53	156
WP_000429386.1	WP_000429386.1	100	79	6.16e-48	144
WP_004143834.1	WP_004143834.1	100	78	1.29e-53	158
WP_002915098.1	WP_002915098.1	100	78	5.88e-59	171
WP_002908860.1	WP_002908860.1	100	78	6.23e-34	108
WP_000103754.1	WP_000103754.1	100	78	1.41e-48	145
WP_000091955.1	WP_000091955.1	100	78	1.51e-52	155
WP_048337121.1	WP_004898659.1	98.7	77	6.98e-53	156
WP_015958606.1	WP_004898916.1	96.1	77	2.75e-50	149
WP_004180136.1	WP_002906801.1	98.7	77	2.18e-47	142
WP_002903233.1	WP_002903233.1	100	77	2.95e-54	159
WP_002888059.1	WP_002888059.1	100	77	5.35e-48	144
WP_004192625.1	WP_004221910.1	98.7	76	1.96e-45	137
WP_004143390.1	WP_004143390.1	100	76	1.38e-45	137
WP_002916202.1	WP_002916202.1	100	76	1.16e-55	163
WP_002911406.1	WP_002911406.1	100	76	1.08e-51	153
WP_002910389.1	WP_002910389.1	100	76	3.77e-52	154
WP_001261282.1	WP_004213073.1	93.2	74	2.03e-47	142
WP_004195346.1	WP_004195346.1	100	75	5.44e-47	141
WP_004175957.1	WP_004898536.1	96.0	75	4.82e-50	149
WP_004140530.1	WP_004140530.1	100	75	2.75e-58	169
WP_002920506.1	WP_002920506.1	100	75	4.82e-50	149
WP_002898978.1	WP_002898978.1	100	75	7.35e-54	158
WP_002898701.1	WP_004224056.1	98.7	75	4.11e-51	151
WP_000135199.1	WP_000135199.1	100	75	6.84e-50	148
WP_004199962.1	WP_004176101.1	97.3	74	3.56e-47	141
WP_002922402.1	WP_002922402.1	100	74	3.16e-50	149
WP_002915549.1	WP_002915549.1	100	74	6.38e-50	148
WP_002911541.1	WP_002911541.1	100	74	4.88e-45	136
WP_002901911.1	WP_002901911.1	100	74	1.06e-48	145
WP_015959027.1	WP_004223883.1	60.0	70	8.00e-26	87.8
WP_002919103.1	WP_002919103.1	100	73	9.88e-49	145
WP_002911589.1	WP_077251988.1	98.6	73	8.38e-48	143
WP_002906779.1	WP_002906779.1	100	73	2.84e-48	144
WP_002898602.1	WP_002898602.1	100	73	9.53e-47	140
WP_002896516.1	WP_002896516.1	100	73	7.47e-53	155
WP_020805169.1	WP_004884401.1	98.6	72	8.16e-49	145
WP_004174055.1	WP_004174055.1	100	72	3.21e-49	146
WP_004144303.1	WP_004201901.1	98.6	72	2.88e-43	131
WP_002920136.1	WP_004901011.1	98.6	72	1.48e-45	137
WP_002915974.1	WP_002915974.1	100	72	5.34e-48	143
WP_002913440.1	WP_002913440.1	100	72	2.26e-49	147
WP_002904808.1	WP_002904808.1	100	72	2.64e-48	144
WP_002904394.1	WP_002904394.1	100	72	1.08e-47	142
WP_002901915.1	WP_002901915.1	100	72	3.62e-46	139
WP_002901783.1	WP_004151906.1	100	72	6.75e-40	123
WP_002892050.1	WP_002892050.1	100	72	3.21e-49	146
WP_001040187.1	WP_001040187.1	100	72	6.48e-49	145
WP_015958823.1	WP_004900157.1	69.6	56	9.02e-24	82.4
WP_014599264.1	WP_014599264.1	100	71	7.07e-48	143
WP_009309791.1	WP_004178678.1	97.2	71	1.09e-42	130
WP_004210741.1	WP_004210741.1	100	71	4.98e-48	143
WP_004205985.1	WP_004205985.1	100	71	2.99e-49	146
WP_004145398.1	WP_004145398.1	100	71	3.38e-46	139
WP_004143717.1	WP_004143717.1	100	71	2.78e-45	136
WP_004142688.1	WP_004142688.1	100	71	3.21e-53	156
WP_002907652.1	WP_002907652.1	100	71	2.89e-47	141
WP_001144069.1	WP_001144069.1	100	71	5.42e-43	130
WP_004180357.1	WP_004180357.1	100	70	3.82e-47	141
WP_004143016.1	WP_004223130.1	98.6	70	1.56e-46	139
WP_002902432.1	WP_002902432.1	100	70	9.71e-50	147
WP_002895652.1	WP_002895652.1	100	70	5.63e-49	145
WP_002895280.1	WP_002895280.1	100	70	3.15e-46	139
WP_002882922.1	WP_002882922.1	100	70	4.25e-53	156
WP_002882830.1	WP_002882830.1	100	70	1.35e-38	119
WP_000014594.1	WP_000014594.1	100	70	1.14e-48	145
WP_004210114.1	WP_002907807.1	97.1	69	1.21e-36	114
WP_004151747.1	WP_004151747.1	100	69	1.83e-49	147
WP_004142243.1	WP_002894847.1	100	68	2.44e-47	141
WP_002916131.1	WP_002916131.1	100	69	3.88e-42	128
WP_002439184.1	WP_020956870.1	100	69	2.35e-47	142
WP_001062678.1	WP_001062678.1	100	69	6.14e-48	143
WP_004176413.1	WP_004179576.1	98.5	68	2.55e-42	129
WP_002894464.1	WP_002894464.1	100	68	1.43e-39	122
WP_002886707.1	WP_002886707.1	100	68	9.20e-45	135
WP_004176919.1	WP_004176919.1	100	67	1.35e-50	149
WP_004151566.1	WP_004151566.1	100	67	3.10e-47	141
WP_002918640.1	WP_002918640.1	100	67	3.50e-44	133
WP_002913768.1	WP_002913768.1	100	67	4.40e-47	140
WP_002890215.1	WP_002890215.1	100	67	1.86e-48	144
WP_002887451.1	WP_002887451.1	100	67	1.59e-49	147
WP_002883392.1	WP_004901868.1	98.5	67	4.25e-45	135
WP_032433679.1	WP_004223870.1	80.3	66	3.43e-37	115
WP_015958289.1	WP_000158002.1	81.5	65	1.39e-34	109
WP_004226113.1	WP_004226113.1	100	66	8.00e-45	135
WP_002920143.1	WP_002920143.1	100	66	8.29e-47	140
WP_002913954.1	WP_002913954.1	100	66	2.89e-47	141
WP_002889429.1	WP_002889429.1	100	66	1.10e-42	129
WP_002884183.1	WP_002884183.1	100	66	2.38e-46	139
WP_012068430.1	WP_002893903.1	98.5	65	1.33e-47	142
WP_004189776.1	WP_004189776.1	100	65	3.57e-43	130
WP_004140506.1	WP_004224177.1	98.5	65	5.07e-43	130
WP_002921518.1	WP_004901215.1	98.5	65	8.15e-40	122
WP_002916857.1	WP_002916857.1	100	65	3.83e-47	140
WP_002908880.1	WP_002908880.1	100	65	9.88e-41	124
WP_002885664.1	WP_002885664.1	100	65	1.02e-42	129
WP_001124225.1	WP_001124225.1	100	65	7.21e-43	130
WP_000843497.1	WP_000843497.1	100	65	6.24e-35	110
WP_004176404.1	WP_004176404.1	100	64	1.20e-45	137
WP_004152415.1	WP_004900993.1	98.4	64	2.84e-44	133
WP_002904612.1	WP_002904612.1	100	64	7.60e-40	122
WP_002888644.1	WP_002888644.1	100	64	5.07e-47	140
WP_004211674.1	WP_004211674.1	100	63	6.27e-43	130
WP_002919754.1	WP_002919754.1	100	63	1.90e-35	111
WP_002911586.1	WP_004141144.1	100	63	1.14e-43	132
WP_002911395.1	WP_002911395.1	100	63	2.34e-47	141
WP_002890278.1	WP_002890278.1	100	63	4.41e-43	130
WP_004176624.1	WP_004176624.1	100	62	8.32e-43	129
WP_004176439.1	WP_004176439.1	100	62	3.64e-46	138
WP_002921513.1	WP_002921513.1	100	62	3.39e-42	128
WP_002916738.1	WP_002916738.1	100	62	1.90e-39	121
WP_002903388.1	WP_002903388.1	100	62	7.75e-39	119
WP_041937660.1	WP_004188912.1	96.7	61	3.17e-42	128
WP_020324489.1	WP_032415719.1	95.1	61	3.34e-35	110
WP_014343108.1	WP_004175994.1	98.4	61	1.71e-37	116
WP_004176113.1	WP_004176113.1	100	61	2.61e-41	125
WP_004150795.1	WP_004150795.1	100	61	1.01e-18	68.9
WP_004145519.1	WP_004145519.1	100	61	6.99e-37	114
WP_004143718.1	WP_004143718.1	100	61	1.43e-18	68.6
WP_004140145.1	WP_004140145.1	100	61	3.46e-37	115
WP_002907644.1	WP_002907644.1	100	61	5.76e-36	112
WP_000906486.1	WP_000906486.1	100	61	2.85e-36	113
WP_004891697.1	WP_004898430.1	96.7	60	5.01e-32	102
WP_004143707.1	WP_004143707.1	100	60	1.71e-41	126
WP_002898177.1	WP_002898177.1	100	60	1.71e-41	126
WP_020804451.1	WP_020324969.1	96.6	59	5.89e-35	109
WP_014343179.1	WP_002909070.1	100	59	1.38e-38	119
WP_004145206.1	WP_004145206.1	100	59	2.12e-37	115
WP_002914284.1	WP_002914284.1	100	59	5.20e-38	117
WP_002901786.1	WP_002901786.1	100	59	2.58e-38	118
WP_001140434.1	WP_001140434.1	100	59	2.12e-37	115
WP_303632692.1	WP_071820795.1	96.6	58	1.42e-20	73.6
WP_004174861.1	WP_004174861.1	100	57	5.32e-37	114
WP_002906888.1	WP_002906888.1	100	57	4.23e-34	107
WP_002898708.1	WP_002898708.1	100	57	3.70e-17	64.7
WP_002892136.1	WP_002892136.1	100	57	1.73e-33	105
WP_000290724.1	WP_000290724.1	100	57	2.63e-37	115
WP_015958198.1	WP_004140501.1	94.9	59	1.74e-33	105
WP_011977706.1	WP_032451343.1	91.1	45	3.54e-22	77.0
WP_002892370.1	WP_002892370.1	100	56	1.18e-35	111
WP_020806151.1	WP_002907471.1	98.2	55	2.53e-37	115
WP_002922510.1	WP_002922510.1	100	55	4.49e-35	109
WP_002920231.1	WP_002920231.1	100	55	3.05e-33	105
WP_002901776.1	WP_002901776.1	100	55	3.83e-36	112
WP_002898396.1	WP_002898396.1	100	55	2.30e-37	115
WP_002887388.1	WP_002887388.1	100	54	5.08e-36	112
WP_004118124.1	WP_004181898.1	70.0	50	2.90e-19	69.7
WP_002887716.1	WP_002887716.1	100	53	4.29e-30	97.1
WP_014343172.1	WP_072769602.1	100	52	2.23e-38	118
WP_004148869.1	WP_004148869.1	100	52	3.02e-34	107
WP_002903398.1	WP_002903398.1	100	52	6.92e-31	99.0
WP_002903230.1	WP_002903230.1	100	52	2.58e-35	110
WP_002922102.1	WP_002922102.1	100	50	2.56e-32	102
WP_002915097.1	WP_002915097.1	100	50	6.86e-28	91.3
WP_002888448.1	WP_002888448.1	100	50	3.63e-32	102
WP_004145554.1	WP_004145554.1	100	49	3.00e-35	109
WP_002895156.1	WP_002895156.1	100	49	2.62e-27	89.7
WP_004144529.1	WP_004144529.1	100	48	1.85e-31	100
WP_002885518.1	WP_002885518.1	100	48	2.88e-26	87.0
WP_002911375.1	WP_002911375.1	100	47	4.23e-32	101
WP_004143727.1	WP_004143727.1	100	46	2.23e-29	94.7
WP_002892018.1	WP_002892018.1	100	46	1.84e-28	92.4
WP_000831330.1	WP_000831330.1	100	46	1.03e-25	85.5
WP_004227851.1	WP_004898594.1	97.8	45	8.51e-29	93.2
WP_002916578.1	WP_004144772.1	100	43	1.53e-26	87.8
WP_002885511.1	WP_002885511.1	100	43	7.00e-25	83.2
WP_004180143.1	WP_004180143.1	100	41	5.96e-23	78.2
WP_002895851.1	WP_002895851.1	100	41	1.10e-27	90.1
WP_004145488.1	WP_004899049.1	97.5	40	2.28e-22	76.6
WP_004145059.1	WP_002923292.1	100	29	4.47e-12	50.4
WP_002903685.1	WP_004224649.1	97.4	38	2.77e-20	71.2
WP_002895051.1	WP_002895051.1	100	38	1.42e-22	77.0
WP_000868187.1	WP_000868187.1	100	38	2.01e-22	76.6
WP_002912762.1	WP_002912762.1	100	37	1.77e-18	66.6
WP_002898988.1	WP_002898988.1	100	37	1.29e-20	72.0
WP_002886930.1	WP_002886930.1	100	34	4.52e-22	75.5
WP_001311244.1	WP_001311244.1	100	32	1.74e-14	56.2
WP_002923286.1	WP_002923286.1	100	31	2.64e-11	48.1
WP_002906891.1	WP_002906891.1	100	30	1.87e-15	58.5
WP_020323459.1	WP_020323459.1	100	29	2.43e-13	53.1
WP_004222662.1	WP_004222662.1	100	28	9.70e-15	56.6
WP_002905689.1	WP_002905689.1	100	23	7.14e-13	51.6
WP_004222578.1	WP_004222578.1	100	22	3.78e-10	44.7
