YFI99184.1	WP_004899837.1	99.9	1649	0.0	3233
YFI96322.1	WP_004224022.1	100	1482	0.0	2756
YFI96351.1	WP_004224007.1	100	1441	0.0	2045
YFI97783.1	WP_002884146.1	100	1407	0.0	2707
YFI99833.1	WP_004898968.1	100	1355	0.0	2699
YFI97784.1	WP_004901914.1	100	1342	0.0	2628
YFI96244.1	WP_004224062.1	99.9	1320	0.0	2563
YFI99154.1	WP_004185139.1	100	1295	0.0	2581
YFI96643.1	WP_004223577.1	100	1293	0.0	2575
YFJ00500.1	WP_004224509.1	100	1281	0.0	2536
YFI98445.1	WP_004181431.1	100	1265	0.0	2549
YFI97552.1	WP_004222112.1	100	1258	0.0	2463
YFI99839.1	WP_004898960.1	100	1247	0.0	2606
YFJ00162.1	WP_004898518.1	100	1246	0.0	2604
YFI97757.1	WP_077251096.1	99.9	1227	0.0	2424
YFJ00685.1	WP_023302798.1	100	1214	0.0	2294
YFI98747.1	WP_004900497.1	99.9	1214	0.0	2369
YFI98843.1	WP_004900327.1	100	1178	0.0	2328
YFI95919.1	WP_004224446.1	100	1175	0.0	2319
YFI97129.1	WP_004222758.1	100	1160	0.0	2313
YFI98227.1	WP_004901204.1	100	1159	0.0	2150
YFI96177.1	WP_004224109.1	99.9	1148	0.0	2256
YFI95954.1	WP_004224382.1	99.9	1142	0.0	2255
YFI98841.1	WP_004211885.1	100	1125	0.0	2267
YFI96893.1	WP_004223072.1	100	1115	0.0	2077
YFI97606.1	WP_004146716.1	100	1109	0.0	1936
YFI99804.1	WP_004899002.1	99.9	988	0.0	1955
YFI97164.1	WP_004222712.1	100	1102	0.0	2126
YFI99161.1	WP_032448083.1	100	1091	0.0	2246
YFI98600.1	WP_004900724.1	100	1080	0.0	2097
YFI96206.1	WP_004224083.1	100	1077	0.0	1631
YFI97282.1	WP_002888056.1	100	1074	0.0	2097
YFI99092.1	WP_004899982.1	100	1050	0.0	1987
YFI97433.1	WP_004222362.1	100	1049	0.0	2018
YFI96896.1	WP_002892069.1	100	1048	0.0	1989
YFI96999.1	WP_004222939.1	100	1045	0.0	1805
YFI99496.1	WP_004899457.1	100	1040	0.0	1916
YFI99981.1	WP_004898716.1	100	1038	0.0	1937
YFI99229.1	WP_004899778.1	99.9	1037	0.0	1957
YFI98427.1	WP_004174089.1	100	1036	0.0	1942
YFI98069.1	WP_004901494.1	100	1035	0.0	1905
YFI95711.1	WP_004224683.1	99.9	1035	0.0	2197
YFI99907.1	WP_004898841.1	100	1030	0.0	1948
YFI98577.1	WP_004900774.1	100	1030	0.0	2158
YFI96688.1	WP_004223499.1	100	1030	0.0	1905
YFI99495.1	WP_004899459.1	100	1025	0.0	1911
YFI95792.1	WP_004899611.1	61.0	1028	0.0	1250
YFI99656.1	WP_004899611.1	93.2	1022	0.0	1858
YFI96489.1	WP_004223724.1	100	1021	0.0	1943
YFJ00458.1	WP_004175614.1	100	1018	0.0	2048
YFI97938.1	WP_004178025.1	100	804	0.0	1670
YFJ00173.1	WP_014599176.1	99.9	803	0.0	1658
YFI97265.1	WP_004222647.1	99.9	968	0.0	1893
YFI98842.1	WP_014599249.1	100	961	0.0	1900
YFI98723.1	WP_004900541.1	100	957	0.0	1895
YFI97502.1	WP_004222197.1	100	951	0.0	1928
YFI99389.1	WP_004899529.1	100	946	0.0	1855
YFI98623.1	WP_004900683.1	100	945	0.0	1863
YFI97713.1	WP_004146620.1	100	941	0.0	1872
YFI97302.1	WP_004212580.1	100	938	0.0	1920
YFI96527.1	WP_004147623.1	100	935	0.0	1890
YFI97955.1	WP_004187174.1	100	930	0.0	1808
YFI95773.1	WP_004152245.1	100	925	0.0	1799
YFI99574.1	WP_004899261.1	100	924	0.0	1828
YFI97372.1	WP_004222493.1	99.9	921	0.0	1799
YFI97423.1	WP_004222387.1	100	914	0.0	1756
YFI96703.1	WP_002893000.1	100	909	0.0	1785
YFI99351.1	WP_004149179.1	100	908	0.0	1821
YFI96690.1	WP_004223496.1	100	907	0.0	1734
YFI97516.1	WP_004222172.1	100	902	0.0	1766
YFI98316.1	WP_002920545.1	100	901	0.0	1768
YFI97222.1	WP_002888638.1	100	901	0.0	1737
YFI98511.1	WP_002918250.1	100	896	0.0	1484
YFI96548.1	WP_004223680.1	100	895	0.0	1731
YFI96486.1	WP_004223731.1	100	895	0.0	1702
YFI99853.1	WP_002910097.1	100	891	0.0	1723
YFI96015.1	WP_004176472.1	100	890	0.0	1779
YFI97206.1	WP_002888700.1	100	887	0.0	1793
YFI97145.1	WP_004151931.1	100	887	0.0	1774
YFI99391.1	WP_002913006.1	100	885	0.0	1694
YFI99130.1	WP_004899908.1	99.9	883	0.0	1729
YFI97882.1	WP_004181636.1	100	883	0.0	1745
YFJ00566.1	WP_004222823.1	99.9	881	0.0	1777
YFI95914.1	WP_004224451.1	100	879	0.0	1760
YFI99382.1	WP_004184961.1	100	878	0.0	1647
YFI99720.1	WP_002911388.1	100	877	0.0	1711
YFI99797.1	WP_004899018.1	100	875	0.0	1603
YFI99039.1	WP_004174700.1	100	875	0.0	1702
YFJ00624.1	WP_004901211.1	99.8	871	0.0	1769
YFI96313.1	WP_002898220.1	100	871	0.0	1742
YFI98782.1	WP_004900404.1	100	870	0.0	1758
YFI99834.1	WP_004898965.1	100	866	0.0	1766
YFI97201.1	WP_004147096.1	99.9	865	0.0	1719
YFI96018.1	WP_002901763.1	100	865	0.0	1732
YFJ00390.1	WP_004900600.1	100	864	0.0	1594
YFI96577.1	WP_077251475.1	100	860	0.0	1752
YFI97686.1	WP_004221929.1	100	859	0.0	1694
YFI99127.1	WP_004150973.1	100	857	0.0	1617
YFI98962.1	WP_032448090.1	100	853	0.0	1648
YFI98337.1	WP_004901063.1	100	852	0.0	1696
YFI99077.1	WP_045145299.1	99.9	851	0.0	1693
YFI97833.1	WP_002883383.1	100	850	0.0	1731
YFI97161.1	WP_004213431.1	100	850	0.0	1578
YFJ00320.1	WP_029884178.1	100	847	0.0	1682
YFI98352.1	WP_002920243.1	100	847	0.0	1704
YFI97622.1	WP_004222042.1	99.9	847	0.0	1672
YFJ00441.1	WP_004899617.1	88.3	848	0.0	1372
YFI96222.1	WP_002898967.1	100	842	0.0	1700
YFI97044.1	WP_004222889.1	100	841	0.0	1640
YFJ00352.1	WP_004224759.1	100	833	0.0	1648
YFI96875.1	WP_004223093.1	100	833	0.0	1563
YFI98974.1	WP_004900147.1	100	829	0.0	1677
YFI98794.1	WP_000813718.1	100	828	0.0	1669
YFI96798.1	WP_004223351.1	99.0	822	0.0	1641
YFI97320.1	WP_002887848.1	100	820	0.0	1592
YFI98311.1	WP_002920561.1	100	815	0.0	1626
YFI97642.1	WP_026008390.1	100	815	0.0	1608
YFI97101.1	WP_002889690.1	100	814	0.0	1608
YFI95957.1	WP_004224376.1	100	813	0.0	1638
YFI96347.1	WP_004147794.1	100	812	0.0	1662
YFI98217.1	WP_014599279.1	100	811	0.0	1587
YFI96763.1	WP_014599055.1	99.8	811	0.0	1636
YFI95743.1	WP_004224655.1	100	811	0.0	1649
YFI97893.1	WP_004901750.1	100	810	0.0	1582
YFI97589.1	WP_002885668.1	100	810	0.0	1567
YFI96417.1	WP_004223823.1	100	810	0.0	1627
YFI97177.1	WP_004222692.1	100	809	0.0	1554
YFI97136.1	WP_004177357.1	100	809	0.0	1639
YFI97729.1	WP_004178269.1	100	807	0.0	1581
YFI97706.1	WP_004186501.1	100	807	0.0	1613
YFI98011.1	WP_004901586.1	99.9	804	0.0	1588
YFI96866.1	WP_004147400.1	100	804	0.0	1540
YFI98317.1	WP_004151407.1	100	796	0.0	1615
YFI97192.1	WP_002888816.1	100	796	0.0	1631
YFI99878.1	WP_004898908.1	100	795	0.0	1564
YFI99894.1	WP_002909055.1	100	792	0.0	1554
YFJ00096.1	WP_004898584.1	100	790	0.0	1602
YFJ00505.1	WP_032447503.1	99.9	789	0.0	1578
YFI98982.1	WP_004174666.1	100	787	0.0	1575
YFI96421.1	WP_004223816.1	100	787	0.0	1667
YFI97264.1	WP_004222649.1	100	785	0.0	1609
YFI96938.1	WP_004151336.1	100	784	0.0	1503
YFI98572.1	WP_004900790.1	100	783	0.0	1617
YFI97272.1	WP_004147026.1	100	782	0.0	1601
YFI98225.1	WP_004901208.1	100	781	0.0	1535
YFI98472.1	WP_002918444.1	100	779	0.0	1470
YFI98327.1	WP_004889453.1	100	776	0.0	1502
YFI98201.1	WP_004901259.1	100	776	0.0	1559
YFI99185.1	WP_004899835.1	100	774	0.0	1563
YFI95995.1	WP_014599132.1	99.9	773	0.0	1549
YFI98325.1	WP_002920508.1	100	772	0.0	1477
YFI98092.1	WP_004901445.1	100	772	0.0	1633
YFI96608.1	WP_004223625.1	100	769	0.0	1579
YFJ00210.1	WP_004898414.1	100	766	0.0	1540
YFI99455.1	WP_004899493.1	100	765	0.0	1506
YFJ00450.1	WP_004899045.1	100	764	0.0	1524
YFI97365.1	WP_004222503.1	100	763	0.0	1547
YFI99380.1	WP_002913016.1	100	761	0.0	1454
YFI97671.1	WP_004221952.1	100	761	0.0	1414
YFI96038.1	WP_004224256.1	100	761	0.0	1506
YFI96342.1	WP_002898148.1	100	760	0.0	1514
YFI99235.1	WP_002913731.1	100	759	0.0	1468
YFI96358.1	WP_004224001.1	99.9	759	0.0	1459
YFI95898.1	WP_004224485.1	99.9	755	0.0	1550
YFI97814.1	WP_002883416.1	100	754	0.0	1519
YFI96333.1	WP_004224016.1	100	754	0.0	1471
YFJ00081.1	WP_004898597.1	100	562	0.0	1058
YFI98645.1	WP_004900648.1	99.9	752	0.0	1452
YFI97710.1	WP_004221902.1	100	752	0.0	1524
YFI96051.1	WP_004224248.1	100	752	0.0	1515
YFI98834.1	WP_004900342.1	99.9	748	0.0	1399
YFI98931.1	WP_002915217.1	100	745	0.0	1496
YFI99021.1	WP_004900083.1	99.9	744	0.0	1422
YFI99204.1	WP_004899809.1	100	742	0.0	1467
YFI96646.1	WP_004223570.1	100	742	0.0	1514
YFJ00666.1	WP_004215174.1	100	741	0.0	1474
YFI97471.1	WP_004222296.1	100	740	0.0	1499
YFI98272.1	WP_004901124.1	100	736	0.0	1346
YFI97160.1	WP_004178624.1	100	735	0.0	1458
YFJ00651.1	WP_004213924.1	100	733	0.0	1467
YFI96714.1	WP_014599059.1	99.9	732	0.0	1462
YFI97897.1	WP_004901742.1	100	731	0.0	1465
YFI96436.1	WP_004142041.1	99.9	731	0.0	1391
YFI98999.1	WP_004900114.1	100	730	0.0	1474
YFI97799.1	WP_004901902.1	100	729	0.0	1432
YFI96183.1	WP_004150817.1	100	729	0.0	1469
YFI98307.1	WP_004901096.1	99.9	728	0.0	1553
YFI96797.1	WP_032448013.1	99.6	727	0.0	1372
YFI96044.1	WP_004224251.1	100	727	0.0	1469
YFJ00216.1	WP_004176050.1	100	725	0.0	1447
YFJ00683.1	WP_032448255.1	100	724	0.0	1451
YFI99279.1	WP_004899723.1	100	723	0.0	1401
YFI99509.1	WP_004899437.1	99.9	722	0.0	1332
YFI96442.1	WP_004223798.1	100	722	0.0	1410
YFI97827.1	WP_002883398.1	100	720	0.0	1431
YFI98826.1	WP_004900350.1	100	719	0.0	1415
YFJ00571.1	WP_002889384.1	100	717	0.0	1466
YFI99657.1	WP_004899610.1	97.5	717	0.0	1333
YFI95791.1	WP_004899610.1	97.2	717	0.0	1323
YFI99959.1	WP_004180308.1	100	716	0.0	1472
YFI97396.1	WP_002887454.1	100	716	0.0	1405
YFI99337.1	WP_002913196.1	100	715	0.0	1362
YFI97679.1	WP_012737173.1	100	715	0.0	1450
YFI96756.1	WP_002892486.1	100	715	0.0	1460
YFI99302.1	WP_004899596.1	100	714	0.0	1393
YFI99057.1	WP_004900041.1	100	713	0.0	1401
YFI98676.1	WP_004900586.1	100	712	0.0	1447
YFI97524.1	WP_004222153.1	100	712	0.0	1447
YFI98515.1	WP_004150944.1	100	711	0.0	1347
YFI96293.1	WP_002898422.1	100	711	0.0	1379
YFI98335.1	WP_004174025.1	100	709	0.0	1405
YFJ00690.1	WP_004213640.1	100	708	0.0	1435
YFI97924.1	WP_004901707.1	99.9	707	0.0	1466
YFI97627.1	WP_004222033.1	100	707	0.0	1359
YFI99764.1	WP_004175467.1	100	706	0.0	1427
YFI98112.1	WP_004150214.1	100	706	0.0	1376
YFI98378.1	WP_002920103.1	100	704	0.0	1389
YFI98216.1	WP_004901226.1	100	703	0.0	1387
YFI98531.1	WP_004900854.1	100	702	0.0	1283
YFJ00142.1	WP_004189794.1	100	701	0.0	1412
YFI96633.1	WP_002893896.1	100	701	0.0	1366
YFI96305.1	WP_004147847.1	100	701	0.0	1413
YFI99546.1	WP_004899365.1	100	700	0.0	1390
YFI98318.1	WP_004185965.1	100	697	0.0	1430
YFI97638.1	WP_004222004.1	100	695	0.0	1389
YFI98674.1	WP_029884113.1	100	693	0.0	1395
YFI98110.1	WP_004901415.1	100	693	0.0	1352
YFI98360.1	WP_004151402.1	100	692	0.0	1352
YFI97464.1	WP_004222275.1	100	691	0.0	1368
YFI99948.1	WP_004898777.1	100	690	0.0	1369
YFI99001.1	WP_004185384.1	100	690	0.0	1341
YFI98184.1	WP_004901297.1	100	689	0.0	1337
YFI99709.1	WP_004899137.1	100	686	0.0	1418
YFI99206.1	WP_002913838.1	100	686	0.0	1356
YFI96908.1	WP_004223054.1	100	685	0.0	1447
YFI96291.1	WP_004224033.1	100	684	0.0	1359
YFI98232.1	WP_004901194.1	100	683	0.0	1340
YFI99723.1	WP_004145536.1	100	682	0.0	1331
YFI96546.1	WP_004147607.1	100	682	0.0	1251
YFI95897.1	WP_004224488.1	100	681	0.0	1340
YFI95732.1	WP_004224667.1	100	681	0.0	1362
YFI98244.1	WP_004901172.1	100	680	0.0	1381
YFI99568.1	WP_004899304.1	100	679	0.0	1315
YFJ00423.1	WP_002912753.1	100	677	0.0	1372
YFI98171.1	WP_004901315.1	100	677	0.0	1419
YFI97248.1	WP_004222658.1	100	677	0.0	1348
YFI96661.1	WP_004142478.1	100	677	0.0	1333
YFI99798.1	WP_021440344.1	100	675	0.0	1331
YFJ00066.1	WP_004898611.1	100	674	0.0	1333
YFI98563.1	WP_004900808.1	100	673	0.0	1325
YFI97857.1	WP_004181641.1	100	673	0.0	1326
YFI96470.1	WP_004223766.1	99.9	673	0.0	1286
YFI99272.1	WP_004180820.1	100	671	0.0	1302
YFI97643.1	WP_004221994.1	100	671	0.0	1380
YFI98727.1	WP_014599259.1	100	669	0.0	1308
YFI97557.1	WP_004222103.1	100	669	0.0	1373
YFI98228.1	WP_077251995.1	99.9	668	0.0	1258
YFI99224.1	WP_004899786.1	100	667	0.0	1301
YFI96164.1	WP_004224120.1	100	667	0.0	1340
YFJ00486.1	WP_004199891.1	99.8	664	0.0	1255
YFI99233.1	WP_004899767.1	100	664	0.0	1340
YFI98705.1	WP_004174438.1	100	663	0.0	1326
YFI96946.1	WP_002891638.1	100	663	0.0	1338
YFI99310.1	WP_004185003.1	100	662	0.0	1353
YFI98262.1	WP_004901142.1	100	661	0.0	1349
YFI99230.1	WP_004899775.1	99.8	660	0.0	1336
YFI97157.1	WP_004222718.1	100	660	0.0	1239
YFI98702.1	WP_032448102.1	99.8	658	0.0	1313
YFJ00575.1	WP_014599043.1	100	657	0.0	1220
YFI99433.1	WP_002912926.1	100	657	0.0	1340
YFI98450.1	WP_002918632.1	100	655	0.0	1257
YFJ00114.1	WP_004898574.1	99.8	653	0.0	1315
YFI99099.1	WP_004899960.1	100	652	0.0	1289
YFI97682.1	WP_002885145.1	100	652	0.0	1352
YFI96560.1	WP_004147599.1	100	651	0.0	1210
YFI99973.1	WP_004898737.1	99.8	650	0.0	1278
YFI96079.1	WP_004183670.1	100	648	0.0	1303
YFI98907.1	WP_004174618.1	100	647	0.0	1268
YFI97562.1	WP_004222096.1	100	647	0.0	1295
YFI98439.1	WP_002918686.1	100	646	0.0	1259
YFI97491.1	WP_004186736.1	100	646	0.0	1260
YFI96361.1	WP_004191149.1	100	646	0.0	1222
YFI98776.1	WP_004900414.1	100	645	0.0	1213
YFI97331.1	WP_004182874.1	100	645	0.0	1273
YFI98502.1	WP_002918372.1	100	644	0.0	1254
YFI96094.1	WP_002901234.1	100	644	0.0	1280
YFI96006.1	WP_004224284.1	99.8	644	0.0	1274
YFI98517.1	WP_004150943.1	100	643	0.0	1043
YFI99874.1	WP_002910026.1	100	642	0.0	1318
YFI98589.1	WP_004900751.1	100	641	0.0	1254
YFI97308.1	WP_004146997.1	100	638	0.0	1203
YFI97492.1	WP_004146797.1	100	637	0.0	1281
YFJ00218.1	WP_004898397.1	100	636	0.0	1277
YFI99745.1	WP_004175456.1	100	636	0.0	1245
YFI99560.1	WP_004899334.1	100	636	0.0	1227
YFI97527.1	WP_004222149.1	100	636	0.0	1247
YFI98165.1	WP_002922397.1	100	635	0.0	1203
YFI96887.1	WP_004177229.1	100	635	0.0	1148
YFI96304.1	WP_004224028.1	100	635	0.0	1226
YFI98365.1	WP_004901033.1	100	634	0.0	1081
YFI96583.1	WP_002894617.1	100	633	0.0	1276
YFI97205.1	WP_004147092.1	100	632	0.0	1063
YFI99527.1	WP_019724801.1	99.8	631	0.0	1283
YFI98638.1	WP_002916844.1	100	631	0.0	1253
YFI97774.1	WP_004901924.1	99.8	631	0.0	1293
YFI97976.1	WP_004144989.1	100	629	0.0	1226
YFJ00241.1	WP_004224960.1	100	624	0.0	1267
YFI96936.1	WP_004223019.1	100	624	0.0	1080
YFI96884.1	WP_004177228.1	100	624	0.0	1217
YFI99199.1	WP_004899821.1	100	622	0.0	1298
YFI97970.1	WP_002882520.1	100	622	0.0	1212
YFI96989.1	WP_004222954.1	100	622	0.0	1269
YFI98660.1	WP_002916740.1	100	621	0.0	1286
YFI97279.1	WP_004222636.1	100	621	0.0	1149
YFI96966.1	WP_004144655.1	99.8	620	0.0	1240
YFI97597.1	WP_004222064.1	100	619	0.0	1201
YFI96412.1	WP_004183494.1	100	619	0.0	1185
YFJ00426.1	WP_004899450.1	100	618	0.0	1209
YFI99925.1	WP_004148702.1	100	617	0.0	1244
YFI96083.1	WP_004140411.1	100	617	0.0	1201
YFI99176.1	WP_004149343.1	100	616	0.0	1149
YFI97863.1	WP_002883173.1	100	616	0.0	1201
YFI99503.1	WP_004899446.1	100	615	0.0	1184
YFI98605.1	WP_004174339.1	99.7	615	0.0	1098
YFI96978.1	WP_002890400.1	100	615	0.0	1144
YFI98844.1	WP_004900323.1	100	614	0.0	1173
YFI99356.1	WP_004899579.1	100	613	0.0	1185
YFI98168.1	WP_004901325.1	100	613	0.0	1205
YFI97872.1	WP_004901782.1	100	612	0.0	1248
YFI99607.1	WP_004214380.1	100	610	0.0	1203
YFI99342.1	WP_004149189.1	100	610	0.0	1142
YFI98864.1	WP_004900276.1	100	610	0.0	1147
YFI97988.1	WP_004150309.1	100	609	0.0	1157
YFI99388.1	WP_029884297.1	100	608	0.0	1160
YFI99009.1	WP_004900095.1	100	608	0.0	1127
YFI97822.1	WP_004152055.1	100	608	0.0	1211
YFI98596.1	WP_004900731.1	99.8	607	0.0	1144
YFI97948.1	WP_002882755.1	100	607	0.0	1189
YFI96993.1	WP_004147293.1	100	605	0.0	1265
YFI99704.1	WP_002911425.1	100	603	0.0	1199
YFI99469.1	WP_004899487.1	100	603	0.0	1184
YFI99348.1	WP_004195340.1	100	598	0.0	1235
YFI99416.1	WP_004899502.1	100	601	0.0	1237
YFI98367.1	WP_004150031.1	100	601	0.0	1114
YFI99143.1	WP_002914069.1	100	599	0.0	1177
YFI98938.1	WP_004151065.1	100	599	0.0	1174
YFI97636.1	WP_004222008.1	100	598	0.0	1158
YFI96576.1	WP_004176876.1	100	597	0.0	1020
YFI97609.1	WP_004177727.1	100	596	0.0	1204
YFI97292.1	WP_004222624.1	100	596	0.0	1057
YFI96321.1	WP_002898195.1	100	596	0.0	1172
YFI99690.1	WP_002911479.1	100	595	0.0	1171
YFI99073.1	WP_004151036.1	100	595	0.0	1178
YFI99966.1	WP_002908285.1	100	594	0.0	1236
YFI97759.1	WP_004221825.1	100	594	0.0	1211
YFI99837.1	WP_004175566.1	100	592	0.0	1137
YFI96927.1	WP_004223030.1	100	592	0.0	1105
YFJ00707.1	WP_004212803.1	100	591	0.0	1115
YFI98902.1	WP_002915510.1	100	591	0.0	1201
YFI96928.1	WP_004147344.1	99.8	590	0.0	1124
YFI99962.1	WP_004898750.1	99.8	589	0.0	1120
YFI97236.1	WP_002888559.1	100	588	0.0	1155
YFI96529.1	WP_004179067.1	100	588	0.0	1186
YFI96354.1	WP_004224005.1	100	588	0.0	1126
YFI99805.1	WP_004898999.1	100	587	0.0	1188
YFI99401.1	WP_002912990.1	100	586	0.0	1160
YFI97708.1	WP_029884338.1	100	586	0.0	1188
YFI96340.1	WP_004150842.1	100	586	0.0	1181
YFI99409.1	WP_004899509.1	100	585	0.0	1193
YFI96298.1	WP_004224030.1	100	585	0.0	1155
YFI95952.1	WP_004224386.1	100	584	0.0	1194
YFI99731.1	WP_002910924.1	100	582	0.0	1166
YFI96332.1	WP_002898170.1	100	582	0.0	1074
YFI99765.1	WP_004211063.1	100	581	0.0	1177
YFI99454.1	WP_002912827.1	100	581	0.0	1182
YFI98606.1	WP_004149864.1	100	581	0.0	1159
YFI98297.1	WP_004901100.1	99.8	581	0.0	1098
YFI99515.1	WP_004899426.1	100	579	0.0	1162
YFI96452.1	WP_004223782.1	100	579	0.0	1153
YFJ00650.1	WP_004213922.1	100	577	0.0	1183
YFI99761.1	WP_004899081.1	99.8	577	0.0	1098
YFI99682.1	WP_004899171.1	100	577	0.0	1138
YFI98738.1	WP_004149758.1	100	577	0.0	1146
YFI97553.1	WP_004222110.1	99.7	577	0.0	1162
YFI96727.1	WP_004223434.1	100	577	0.0	1186
YFI99267.1	WP_002913506.1	100	575	0.0	1085
YFJ00648.1	WP_004213920.1	100	574	0.0	1155
YFI97242.1	WP_002888534.1	100	574	0.0	1140
YFI96162.1	WP_004224125.1	100	574	0.0	1152
YFI96355.1	WP_004224003.1	100	573	0.0	1072
YFI97119.1	WP_004151928.1	100	572	0.0	1118
YFI97020.1	WP_004222919.1	100	572	0.0	1172
YFI96369.1	WP_004176700.1	100	572	0.0	1134
YFI96168.1	WP_004224117.1	100	572	0.0	1126
YFI98096.1	WP_004901441.1	100	571	0.0	1125
YFI98939.1	WP_004900203.1	100	570	0.0	1159
YFI99011.1	WP_004151044.1	100	569	0.0	1162
YFI98984.1	WP_004900126.1	100	569	0.0	1110
YFI97261.1	WP_004177423.1	100	569	0.0	1137
YFJ00141.1	WP_004898550.1	100	568	0.0	1137
YFI95962.1	WP_004224349.1	99.8	568	0.0	1125
YFJ00029.1	WP_004898651.1	99.8	567	0.0	1129
YFI98612.1	WP_004900700.1	100	567	0.0	1132
YFI98121.1	WP_004901394.1	100	566	0.0	1158
YFI96932.1	WP_002891866.1	100	566	0.0	1169
YFJ00188.1	WP_002906125.1	100	565	0.0	1119
YFI99796.1	WP_004899020.1	100	565	0.0	1135
YFI99288.1	WP_004149230.1	100	565	0.0	1085
YFI99428.1	WP_004899497.1	100	564	0.0	1016
YFI99461.1	WP_002912760.1	99.8	562	0.0	1070
YFI98039.1	WP_004173858.1	100	562	0.0	1098
YFI96481.1	WP_004223750.1	100	562	0.0	1139
YFI99748.1	WP_002910904.1	100	561	0.0	1114
YFI96394.1	WP_004179131.1	100	561	0.0	1070
YFI99985.1	WP_004175750.1	100	559	0.0	1078
YFI99816.1	WP_004200291.1	100	559	0.0	976
YFI99596.1	WP_004899213.1	99.8	559	0.0	1105
YFI98220.1	WP_004173944.1	100	559	0.0	1094
YFI97448.1	WP_004222327.1	100	559	0.0	1164
YFI96545.1	WP_004223682.1	100	559	0.0	1060
YFI96283.1	WP_004224042.1	100	559	0.0	1116
YFI99047.1	WP_004185353.1	100	558	0.0	1137
YFI98970.1	WP_004900161.1	100	558	0.0	1123
YFI98115.1	WP_004901407.1	100	558	0.0	1149
YFI96953.1	WP_004223003.1	100	558	0.0	1103
YFI96880.1	WP_002892195.1	100	558	0.0	1022
YFI98206.1	WP_004152427.1	100	557	0.0	1134
YFI96335.1	WP_004224015.1	100	557	0.0	1067
YFI99362.1	WP_004214600.1	100	556	0.0	1111
YFI96575.1	WP_004223659.1	100	556	0.0	1112
YFI98593.1	WP_002917676.1	100	555	0.0	1064
YFI97332.1	WP_002887805.1	100	555	0.0	1093
YFI96685.1	WP_004191441.1	100	555	0.0	1122
YFI96559.1	WP_002894753.1	100	555	0.0	1144
YFI99933.1	WP_004898806.1	100	554	0.0	1116
YFI98867.1	WP_002915744.1	100	554	0.0	1089
YFI96664.1	WP_077251986.1	99.8	554	0.0	1156
YFI96565.1	WP_002894734.1	100	554	0.0	1135
YFI99284.1	WP_004159719.1	100	553	0.0	1081
YFI99105.1	WP_004174799.1	100	553	0.0	1049
YFI98024.1	WP_004901568.1	100	553	0.0	1047
YFI96363.1	WP_004176693.1	100	552	0.0	1099
YFJ00345.1	WP_004143447.1	100	551	0.0	1103
YFJ00157.1	WP_004898531.1	100	551	0.0	1019
YFJ00103.1	WP_002907489.1	100	551	0.0	1145
YFI98264.1	WP_004901135.1	100	551	0.0	1075
YFI98161.1	WP_002922413.1	100	551	0.0	1025
YFI97744.1	WP_004221841.1	100	551	0.0	1110
YFI97519.1	WP_004222166.1	99.8	551	0.0	1174
YFI97255.1	WP_004211715.1	100	551	0.0	1143
YFI95759.1	WP_004224644.1	99.8	551	0.0	1099
YFJ00600.1	WP_024623073.1	100	550	0.0	1030
YFI98238.1	WP_004150117.1	100	550	0.0	1144
YFI96878.1	WP_002892203.1	100	550	0.0	1120
YFI96366.1	WP_004176696.1	100	550	0.0	1112
YFI96277.1	WP_004176629.1	99.8	550	0.0	1115
YFI95879.1	WP_002902967.1	100	550	0.0	1068
YFI95775.1	WP_004224621.1	100	550	0.0	1105
YFJ00717.1	WP_004212831.1	100	549	0.0	1071
YFI98583.1	WP_004900760.1	100	549	0.0	1040
YFI98004.1	WP_004150295.1	100	548	0.0	1061
YFI97866.1	WP_002883142.1	100	548	0.0	1089
YFI97692.1	WP_002885082.1	100	548	0.0	1015
YFI97630.1	WP_032448134.1	100	467	1.26e-314	853
YFI95850.1	WP_004179678.1	100	548	0.0	1108
YFI99785.1	WP_004180410.1	100	547	0.0	1102
YFI99396.1	WP_004899524.1	100	547	0.0	1056
YFI97043.1	WP_002890060.1	100	547	0.0	1100
YFI95997.1	WP_002901817.1	100	547	0.0	1100
YFJ00746.1	WP_032448134.1	77.3	467	7.81e-250	689
YFI97808.1	WP_002883424.1	100	546	0.0	1108
YFI96551.1	WP_002894773.1	99.8	546	0.0	1075
YFI96467.1	WP_004223770.1	100	546	0.0	1091
YFI98933.1	WP_004142808.1	100	545	0.0	1086
YFI97587.1	WP_004222074.1	100	545	0.0	1093
YFI96302.1	WP_002898390.1	100	545	0.0	1070
YFI99856.1	WP_004148754.1	100	544	0.0	1105
YFI99585.1	WP_004148971.1	100	544	0.0	997
YFI99398.1	WP_002912994.1	100	544	0.0	1080
YFI97994.1	WP_004150305.1	100	544	0.0	1098
YFI97756.1	WP_004177864.1	100	543	0.0	989
YFJ00582.1	WP_004151379.1	100	542	0.0	1043
YFI96163.1	WP_004224123.1	100	542	0.0	1094
YFJ00199.1	WP_004898428.1	100	541	0.0	1108
YFI97269.1	WP_004222643.1	100	541	0.0	1038
YFJ00183.1	WP_002906226.1	100	540	0.0	1093
YFI99583.1	WP_004899238.1	100	540	0.0	1060
YFI99485.1	WP_004899473.1	100	540	0.0	1078
YFI99376.1	WP_004899549.1	100	540	0.0	1085
YFI98331.1	WP_004901070.1	100	540	0.0	1103
YFI98026.1	WP_002923307.1	100	540	0.0	1056
YFI99138.1	WP_004144357.1	100	539	0.0	1082
YFI98190.1	WP_004901278.1	100	539	0.0	1045
YFJ00180.1	WP_004898472.1	100	538	0.0	994
YFI99153.1	WP_004144346.1	100	538	0.0	1063
YFI95978.1	WP_004224309.1	100	538	0.0	1088
YFI95776.1	WP_004224616.1	100	538	0.0	1024
YFI95770.1	WP_004183910.1	100	538	0.0	1048
YFJ00495.1	WP_004190310.1	100	536	0.0	1061
YFI97257.1	WP_004147039.1	100	536	0.0	1018
YFJ00275.1	WP_004224893.1	100	535	0.0	1072
YFI99476.1	WP_004899483.1	100	535	0.0	1058
YFI98609.1	WP_004900707.1	100	535	0.0	1038
YFI98209.1	WP_002921789.1	100	535	0.0	1093
YFI97202.1	WP_004222675.1	100	535	0.0	914
YFI96636.1	WP_004223595.1	100	535	0.0	1074
YFI96271.1	WP_004183615.1	100	535	0.0	1026
YFI97697.1	WP_004177824.1	99.8	534	0.0	1065
YFI97760.1	WP_002884559.1	100	533	0.0	1080
YFI98564.1	WP_004149900.1	100	532	0.0	1055
YFI97193.1	WP_004222681.1	100	532	0.0	1058
YFI96030.1	WP_004148109.1	100	531	0.0	1027
YFJ00325.1	WP_004224801.1	100	530	0.0	1071
YFI96422.1	WP_002895876.1	100	530	0.0	1035
YFI95953.1	WP_004183804.1	100	530	0.0	1041
YFI95854.1	WP_004224570.1	99.8	530	0.0	1026
YFI99413.1	WP_004151118.1	100	529	0.0	1008
YFI98755.1	WP_004900484.1	100	529	0.0	1085
YFI97763.1	WP_004901938.1	100	529	0.0	1031
YFI97346.1	WP_004222534.1	99.8	529	0.0	1055
YFJ00264.1	WP_004224908.1	100	528	0.0	1046
YFI99739.1	WP_004899105.1	99.6	527	0.0	1017
YFI99680.1	WP_002911499.1	100	527	0.0	1018
YFI99504.1	WP_002912435.1	100	527	0.0	987
YFI99940.1	WP_004898788.1	100	526	0.0	1028
YFI97711.1	WP_004221898.1	100	526	0.0	1025
YFI96429.1	WP_002895847.1	100	526	0.0	1056
YFI99198.1	WP_004151979.1	100	525	0.0	1064
YFI95852.1	WP_004224576.1	99.8	504	0.0	967
YFI95704.1	WP_004224706.1	100	524	0.0	966
YFI98533.1	WP_002917960.1	100	523	0.0	981
YFI97244.1	WP_004178594.1	100	523	0.0	1014
YFJ00538.1	WP_002895047.1	100	522	0.0	1018
YFI98257.1	WP_004181484.1	100	522	0.0	1033
YFI96758.1	WP_004223397.1	100	522	0.0	993
YFI96666.1	WP_004223533.1	100	522	0.0	1032
YFI97509.1	WP_032447992.1	100	521	0.0	1073
YFI96600.1	WP_004142378.1	100	521	0.0	1021
YFJ00255.1	WP_004224924.1	100	520	0.0	1015
YFI99417.1	WP_004899499.1	99.8	520	0.0	1024
YFI97393.1	WP_004222444.1	100	520	0.0	1075
YFI96029.1	WP_004176488.1	100	520	0.0	1004
YFI99738.1	WP_004145524.1	100	519	0.0	974
YFI98095.1	WP_002922953.1	100	519	0.0	1031
YFI96914.1	WP_004142709.1	100	519	0.0	1033
YFJ00324.1	WP_004224803.1	100	518	0.0	1044
YFI99044.1	WP_002914353.1	100	518	0.0	1045
YFI97891.1	WP_004901757.1	100	518	0.0	1040
YFI98773.1	WP_004900417.1	100	517	0.0	996
YFI98222.1	WP_002921516.1	100	517	0.0	1050
YFI96223.1	WP_023282355.1	100	517	0.0	1062
YFI99756.1	WP_004184648.1	100	516	0.0	967
YFI99025.1	WP_004174690.1	100	516	0.0	989
YFJ00396.1	WP_004149695.1	100	514	0.0	989
YFJ00161.1	WP_004148517.1	100	514	0.0	1078
YFI98152.1	WP_004901339.1	100	514	0.0	1016
YFI97862.1	WP_002883174.1	100	514	0.0	1005
YFI97736.1	WP_004221855.1	100	514	0.0	1020
YFI96654.1	WP_004223550.1	99.8	514	0.0	1000
YFI95965.1	WP_004224342.1	100	514	0.0	1021
YFI98175.1	WP_002922346.1	100	513	0.0	994
YFI97983.1	WP_004144995.1	100	513	0.0	978
YFI96411.1	WP_004223829.1	99.8	513	0.0	1017
YFI95984.1	WP_002901979.1	100	513	0.0	1008
YFI99048.1	WP_004900055.1	99.8	512	0.0	989
YFI96570.1	WP_004223664.1	100	512	0.0	997
YFI99840.1	WP_002910193.1	100	511	0.0	1068
YFI97074.1	WP_004222820.1	100	511	0.0	956
YFI96209.1	WP_015874634.1	100	511	0.0	949
YFI96073.1	WP_004224221.1	100	511	0.0	988
YFJ00337.1	WP_004224762.1	100	510	0.0	987
YFJ00021.1	WP_004898661.1	100	510	0.0	900
YFI99758.1	WP_002910889.1	100	510	0.0	1046
YFI99205.1	WP_004149289.1	100	510	0.0	1004
YFI97780.1	WP_004171439.1	100	510	0.0	1010
YFI95968.1	WP_004224331.1	100	510	0.0	1016
YFI99357.1	WP_002913146.1	100	509	0.0	1001
YFI95839.1	WP_014599149.1	100	509	0.0	962
YFJ00708.1	WP_004212804.1	100	508	0.0	980
YFJ00019.1	WP_004898666.1	100	508	0.0	965
YFI97286.1	WP_004222627.1	100	508	0.0	996
YFI96480.1	WP_004223753.1	100	508	0.0	968
YFJ00377.1	WP_004901121.1	100	507	3.11e-319	865
YFI98889.1	WP_004900254.1	100	507	0.0	1000
YFI98279.1	WP_004901116.1	100	507	0.0	1006
YFI99439.1	WP_002912876.1	100	506	0.0	987
YFI99086.1	WP_004899995.1	100	506	0.0	955
YFI99074.1	WP_004900022.1	100	506	0.0	1022
YFI97868.1	WP_002883134.1	100	506	0.0	979
YFI97672.1	WP_002885173.1	100	506	0.0	965
YFI96651.1	WP_002893599.1	100	506	0.0	1014
YFI95905.1	WP_004224471.1	99.8	506	0.0	972
YFI99322.1	WP_002913213.1	100	505	0.0	996
YFI98740.1	WP_002916299.1	100	505	0.0	993
YFI96754.1	WP_002892491.1	100	505	0.0	995
YFI96742.1	WP_004147437.1	100	505	0.0	916
YFI99676.1	WP_002911516.1	100	504	0.0	988
YFI97150.1	WP_004222730.1	100	504	0.0	1011
YFJ00443.1	WP_045145336.1	99.8	503	0.0	974
YFI98099.1	WP_002922944.1	100	503	0.0	1010
YFI97918.1	WP_004151860.1	100	503	0.0	974
YFI97600.1	WP_004222059.1	100	503	0.0	987
YFI97500.1	WP_002886954.1	99.8	503	0.0	997
YFI95774.1	WP_004148278.1	100	503	0.0	956
YFI98312.1	WP_004901088.1	100	502	0.0	1013
YFI97853.1	WP_002883220.1	100	499	0.0	960
YFI96243.1	WP_004147889.1	100	502	0.0	966
YFI96122.1	WP_004224180.1	99.8	502	0.0	1006
YFJ00101.1	WP_004151211.1	100	501	0.0	1016
YFJ00077.1	WP_004151206.1	100	501	0.0	957
YFI97968.1	WP_002882529.1	100	501	0.0	963
YFI97495.1	WP_004146794.1	100	501	0.0	998
YFJ00544.1	WP_004223622.1	100	500	0.0	975
YFI98230.1	WP_004901198.1	100	500	0.0	984
YFI97657.1	WP_004177782.1	100	500	0.0	963
YFI97607.1	WP_004178330.1	100	500	0.0	961
YFI97546.1	WP_004222129.1	99.8	500	0.0	958
YFI97497.1	WP_002886957.1	99.8	500	0.0	971
YFI97262.1	WP_004177424.1	100	500	0.0	1028
YFI96627.1	WP_004223603.1	100	500	0.0	991
YFJ00165.1	WP_004175980.1	100	499	4.52e-317	859
YFI97971.1	WP_004151555.1	100	499	0.0	968
YFI96719.1	WP_004223446.1	99.8	499	0.0	984
YFI95910.1	WP_004140136.1	100	499	0.0	991
YFJ00244.1	WP_004224955.1	100	498	0.0	989
YFI98248.1	WP_002921200.1	100	498	0.0	939
YFI96614.1	WP_004176893.1	100	498	0.0	979
YFI98075.1	WP_004901486.1	100	497	0.0	947
YFI97166.1	WP_004222706.1	100	497	0.0	953
YFJ00522.1	WP_004224052.1	100	495	0.0	988
YFI99914.1	WP_004898831.1	99.6	495	0.0	1006
YFI99599.1	WP_004899206.1	100	495	0.0	1040
YFI98566.1	WP_004900802.1	100	495	0.0	956
YFI98554.1	WP_004900826.1	100	495	0.0	999
YFI98510.1	WP_002918252.1	100	495	0.0	937
YFI97378.1	WP_004222484.1	100	495	0.0	937
YFI97235.1	WP_004182923.1	100	495	0.0	979
YFI97419.1	WP_004222399.1	100	494	0.0	964
YFI96746.1	WP_004142660.1	100	494	0.0	959
YFI96716.1	WP_004223455.1	100	494	0.0	958
YFJ00614.1	WP_004181585.1	99.8	493	0.0	961
YFJ00231.1	WP_004143675.1	100	490	0.0	941
YFI99493.1	WP_004149058.1	100	492	0.0	936
YFI99193.1	WP_004144309.1	100	492	0.0	960
YFI96541.1	WP_004142240.1	100	492	0.0	951
YFI96065.1	WP_004224236.1	100	492	0.0	971
YFI99703.1	WP_004899141.1	100	491	0.0	995
YFI97860.1	WP_004901819.1	100	491	0.0	966
YFI97802.1	WP_004146456.1	100	491	0.0	1016
YFI97455.1	WP_032447996.1	100	491	0.0	971
YFI97229.1	WP_004145947.1	100	491	0.0	966
YFI96944.1	WP_004178749.1	100	491	0.0	941
YFI96755.1	WP_004151795.1	100	491	0.0	951
YFI98633.1	WP_014599265.1	100	490	0.0	893
YFI96663.1	WP_004191424.1	100	490	0.0	962
YFI96505.1	WP_004223711.1	100	490	0.0	966
YFI96381.1	WP_002896382.1	100	490	0.0	940
YFI99432.1	WP_002912929.1	100	489	0.0	961
YFI98444.1	WP_002918644.1	100	489	0.0	949
YFI97481.1	WP_004222216.1	100	489	0.0	920
YFI97478.1	WP_004222224.1	99.8	489	0.0	955
YFI99421.1	WP_004211510.1	100	488	0.0	981
YFI99197.1	WP_004151980.1	100	488	0.0	920
YFI97914.1	WP_002882885.1	100	488	0.0	984
YFI97386.1	WP_004222460.1	100	488	0.0	977
YFI96153.1	WP_004147969.1	100	488	0.0	941
YFI95871.1	WP_004224537.1	100	488	0.0	961
YFI99481.1	WP_004899479.1	100	487	0.0	985
YFI99215.1	WP_002913807.1	100	487	0.0	936
YFI96678.1	WP_004223521.1	100	487	0.0	986
YFI95736.1	WP_004224666.1	100	487	0.0	967
YFI99863.1	WP_002910077.1	100	486	0.0	967
YFI99532.1	WP_004899393.1	100	486	0.0	949
YFI99514.1	WP_004899428.1	100	485	0.0	906
YFI99358.1	WP_004151107.1	100	485	0.0	905
YFI97087.1	WP_004222796.1	100	485	0.0	958
YFJ00145.1	WP_002906778.1	100	484	0.0	946
YFI99581.1	WP_004899241.1	100	484	0.0	990
YFI98178.1	WP_004150156.1	100	484	0.0	959
YFJ00379.1	WP_004181435.1	100	483	0.0	891
YFI97796.1	WP_002883450.1	100	483	0.0	944
YFI96902.1	WP_002892023.1	100	483	0.0	951
YFI95674.1	WP_004224730.1	100	483	0.0	974
YFJ00625.1	WP_004901169.1	99.8	482	0.0	929
YFI99024.1	WP_004145759.1	100	482	0.0	981
YFI98775.1	WP_002916272.1	100	482	0.0	904
YFI97972.1	WP_002882517.1	100	482	0.0	934
YFI97811.1	WP_002883420.1	100	482	0.0	899
YFI97081.1	WP_004213888.1	100	482	0.0	939
YFI96963.1	WP_004151340.1	100	482	0.0	946
YFI96273.1	WP_004224048.1	100	482	0.0	936
YFJ00339.1	WP_004143440.1	100	481	0.0	916
YFI98446.1	WP_004900934.1	100	481	0.0	928
YFI95786.1	WP_004176321.1	100	481	0.0	952
YFI99889.1	WP_004898893.1	100	480	0.0	977
YFI99700.1	WP_002911440.1	100	480	0.0	912
YFI99018.1	WP_002914879.1	100	480	0.0	888
YFI96542.1	WP_004152225.1	100	480	0.0	998
YFI96371.1	WP_004223986.1	99.8	480	0.0	962
YFJ00590.1	WP_002887064.1	100	479	0.0	943
YFI99766.1	WP_004180417.1	100	479	0.0	974
YFI99449.1	WP_004149095.1	100	479	0.0	915
YFI97380.1	WP_002887553.1	100	479	0.0	957
YFI95865.1	WP_004224547.1	100	479	0.0	930
YFI99580.1	WP_004194290.1	99.8	478	0.0	929
YFI99397.1	WP_002912996.1	100	478	0.0	912
YFI99162.1	WP_004899871.1	100	478	0.0	927
YFI97634.1	WP_002885424.1	100	478	0.0	938
YFJ00400.1	WP_014599250.1	100	477	0.0	1026
YFJ00132.1	WP_004180137.1	100	477	0.0	930
YFI99883.1	WP_004180372.1	100	477	0.0	885
YFI99719.1	WP_004148845.1	100	477	0.0	957
YFI99506.1	WP_004899441.1	100	477	0.0	939
YFI99210.1	WP_004174870.1	100	477	0.0	999
YFI98729.1	WP_002916322.1	100	477	0.0	1014
YFI98624.1	WP_004174353.1	100	477	0.0	918
YFI98575.1	WP_004900781.1	100	477	0.0	921
YFI98574.1	WP_004900784.1	100	477	0.0	913
YFI98499.1	WP_004149937.1	100	477	0.0	868
YFI98479.1	WP_002918420.1	100	477	0.0	898
YFI98310.1	WP_002920564.1	100	477	0.0	971
YFI98065.1	WP_002923111.1	100	477	0.0	908
YFI97428.1	WP_004222374.1	100	477	0.0	922
YFI97149.1	WP_004177363.1	100	477	0.0	890
YFI96191.1	WP_002900680.1	100	477	0.0	920
YFI97315.1	WP_004222586.1	100	476	0.0	909
YFI97010.1	WP_004222931.1	100	476	0.0	928
YFI95868.1	WP_002903059.1	100	476	0.0	906
YFJ00125.1	WP_004175939.1	100	475	0.0	936
YFI98959.1	WP_004151060.1	100	475	0.0	967
YFI98943.1	WP_004181094.1	100	475	0.0	930
YFI98822.1	WP_004174521.1	100	475	0.0	1015
YFI96918.1	WP_004142690.1	100	475	0.0	944
YFI96706.1	WP_004223482.1	100	475	0.0	900
YFI96143.1	WP_004224162.1	100	475	0.0	908
YFJ00579.1	WP_002888731.1	100	474	0.0	933
YFI99678.1	WP_004175414.1	100	474	0.0	964
YFI99671.1	WP_004899180.1	100	474	0.0	904
YFI99547.1	WP_004899361.1	100	474	0.0	966
YFI99017.1	WP_004900086.1	100	474	0.0	984
YFI96567.1	WP_002894730.1	100	474	0.0	946
YFI95889.1	WP_004224501.1	100	473	0.0	912
YFI95676.1	WP_004148352.1	100	474	0.0	909
YFJ00412.1	WP_004899887.1	99.8	473	4.60e-319	862
YFJ00003.1	WP_029884560.1	100	473	0.0	940
YFI98915.1	WP_004900233.1	100	473	0.0	919
YFI98808.1	WP_002916001.1	100	473	0.0	906
YFI98584.1	WP_004900756.1	100	473	0.0	882
YFI96265.1	WP_004224053.1	99.8	473	0.0	955
YFJ00013.1	WP_004898679.1	100	472	0.0	934
YFI99276.1	WP_004145598.1	100	472	0.0	962
YFI98901.1	WP_004900250.1	100	472	0.0	946
YFI98466.1	WP_002918461.1	100	472	0.0	968
YFI97518.1	WP_004222169.1	100	472	0.0	917
YFI97508.1	WP_004186723.1	100	472	0.0	899
YFI97155.1	WP_004191940.1	100	472	0.0	902
YFI99809.1	WP_004898990.1	100	471	0.0	904
YFI99519.1	WP_004899418.1	100	471	0.0	950
YFI99494.1	WP_004151136.1	100	471	0.0	891
YFI97718.1	WP_002884942.1	100	471	0.0	908
YFI97654.1	WP_004218080.1	100	471	0.0	907
YFJ00120.1	WP_004898563.1	100	470	0.0	917
YFI99921.1	WP_002908859.1	100	470	0.0	897
YFI98781.1	WP_014599252.1	100	470	0.0	923
YFI98647.1	WP_004144547.1	100	470	0.0	956
YFI98553.1	WP_002917899.1	100	470	0.0	972
YFI97414.1	WP_004222417.1	100	470	0.0	950
YFJ00610.1	WP_002882749.1	100	469	0.0	922
YFI97949.1	WP_002882753.1	100	469	0.0	946
YFI97026.1	WP_004222908.1	100	469	0.0	926
YFI95688.1	WP_004151621.1	100	469	0.0	902
YFJ00404.1	WP_002915162.1	99.8	468	0.0	890
YFJ00213.1	WP_004898411.1	100	468	0.0	920
YFI99518.1	WP_004899420.1	100	468	0.0	917
YFI98911.1	WP_002915313.1	100	468	0.0	957
YFI97209.1	WP_004145929.1	100	468	0.0	924
YFI96129.1	WP_004140511.1	100	468	0.0	941
YFI99246.1	WP_004213212.1	100	467	0.0	894
YFI99242.1	WP_004899754.1	100	467	0.0	878
YFI98008.1	WP_004151534.1	100	467	0.0	913
YFI97567.1	WP_002886688.1	100	467	0.0	885
YFI96557.1	WP_004152230.1	100	467	0.0	968
YFJ00568.1	WP_002889795.1	100	466	0.0	882
YFI99593.1	WP_004200343.1	99.8	466	0.0	945
YFI99000.1	WP_002914970.1	100	466	0.0	969
YFI97876.1	WP_002883016.1	100	466	0.0	941
YFI97581.1	WP_002885681.1	100	466	0.0	891
YFI97246.1	WP_004177417.1	100	466	0.0	921
YFI96744.1	WP_004223403.1	100	466	0.0	1006
YFI96318.1	WP_002898206.1	100	466	0.0	939
YFI95849.1	WP_004224578.1	100	466	0.0	907
YFJ00262.1	WP_004224912.1	100	465	0.0	895
YFJ00119.1	WP_004151214.1	100	465	0.0	941
YFI99517.1	WP_032448057.1	99.8	465	0.0	906
YFI98910.1	WP_004900241.1	100	465	0.0	910
YFI97963.1	WP_002882539.1	100	465	0.0	875
YFI97075.1	WP_004222818.1	100	465	0.0	919
YFI96281.1	WP_004224044.1	100	465	0.0	932
YFI95987.1	WP_002901917.1	100	465	0.0	942
YFJ00576.1	WP_071526609.1	100	464	0.0	926
YFI99989.1	WP_004898709.1	100	463	1.43e-318	860
YFI99448.1	WP_004149097.1	100	464	0.0	959
YFI98699.1	WP_002916587.1	100	464	0.0	893
YFI98207.1	WP_004901246.1	100	464	1.10e-260	713
YFI97766.1	WP_004895017.1	100	464	0.0	892
YFJ00307.1	WP_004224854.1	99.8	463	0.0	899
YFI99196.1	WP_004899825.1	100	463	7.93e-265	724
YFI98097.1	WP_004150226.1	100	463	0.0	870
YFI98043.1	WP_002923280.1	100	463	0.0	903
YFI96987.1	WP_004151345.1	100	463	0.0	887
YFI96264.1	WP_004141463.1	100	463	0.0	905
YFI96049.1	WP_004151918.1	100	463	1.22e-305	827
YFI95993.1	WP_004224290.1	100	463	2.81e-311	841
YFJ00393.1	WP_004900511.1	100	462	0.0	872
YFI99838.1	WP_004175568.1	100	462	0.0	902
YFI98856.1	WP_004900298.1	100	462	0.0	882
YFI98167.1	WP_004901328.1	100	462	0.0	875
YFI97029.1	WP_004183139.1	99.8	462	0.0	913
YFI95838.1	WP_002903386.1	100	462	0.0	872
YFI95679.1	WP_004224726.1	100	461	0.0	897
YFJ00232.1	WP_004176074.1	100	460	0.0	923
YFI99387.1	WP_004184948.1	100	461	0.0	894
YFI97838.1	WP_004901855.1	99.8	461	0.0	891
YFI97430.1	WP_004222371.1	100	461	9.60e-318	857
YFI97215.1	WP_004145935.1	100	461	0.0	896
YFI96857.1	WP_004191607.1	100	461	0.0	927
YFJ00168.1	WP_004898499.1	100	460	0.0	959
YFJ00163.1	WP_004151231.1	100	460	0.0	892
YFI99835.1	WP_002910201.1	100	460	0.0	941
YFI97985.1	WP_004144997.1	100	460	0.0	889
YFI97334.1	WP_002887800.1	100	460	0.0	896
YFI96479.1	WP_004147672.1	100	460	0.0	880
YFI95842.1	WP_004183892.1	100	460	3.42e-320	863
YFJ00358.1	WP_014599164.1	100	459	0.0	882
YFI98580.1	WP_004900767.1	100	459	0.0	904
YFI98094.1	WP_004150228.1	100	459	0.0	900
YFI97028.1	WP_004222905.1	100	459	0.0	885
YFI96002.1	WP_004151902.1	100	459	0.0	885
YFI95929.1	WP_004224421.1	100	459	0.0	889
YFI95881.1	WP_004224515.1	100	459	4.05e-279	759
YFI99366.1	WP_029884298.1	100	458	0.0	925
YFI98873.1	WP_004185466.1	100	458	0.0	928
YFI98667.1	WP_014599261.1	100	456	0.0	911
YFI98415.1	WP_002919153.1	100	458	0.0	878
YFI96713.1	WP_004178890.1	100	458	0.0	872
YFI96425.1	WP_004223813.1	100	458	0.0	968
YFJ00047.1	WP_004148609.1	100	457	1.24e-311	842
YFI98350.1	WP_002920252.1	100	457	0.0	899
YFI97952.1	WP_002882745.1	100	457	0.0	919
YFI97908.1	WP_002882898.1	100	457	0.0	874
YFI97878.1	WP_004146283.1	100	457	0.0	892
YFI97542.1	WP_004222132.1	99.8	457	0.0	931
YFI96994.1	WP_002890348.1	100	457	0.0	885
YFI96596.1	WP_004142371.1	100	457	1.39e-308	834
YFI95924.1	WP_004151591.1	99.8	457	0.0	885
YFJ00330.1	WP_004224794.1	100	445	0.0	898
YFJ00086.1	WP_004180160.1	100	456	0.0	955
YFI99725.1	WP_004184658.1	100	456	1.10e-309	837
YFI99520.1	WP_004899416.1	100	456	0.0	914
YFI99115.1	WP_004899936.1	100	456	0.0	914
YFI98058.1	WP_002923153.1	100	456	0.0	886
YFI97987.1	WP_004151550.1	100	456	6.94e-313	845
YFI97400.1	WP_004146105.1	100	456	0.0	895
YFI97208.1	WP_004147090.1	100	456	0.0	883
YFI96743.1	WP_002892640.1	100	456	7.58e-317	855
YFI96149.1	WP_004176557.1	100	456	0.0	905
YFJ00002.1	WP_004898695.1	100	455	0.0	894
YFI99480.1	WP_002912678.1	100	455	0.0	926
YFI98919.1	WP_002915258.1	100	455	0.0	900
YFI98917.1	WP_002915259.1	100	455	0.0	898
YFI98457.1	WP_004900929.1	100	455	1.58e-313	846
YFI97933.1	WP_004150366.1	100	455	5.19e-320	863
YFI97108.1	WP_002889632.1	100	455	0.0	895
YFI99740.1	WP_004151445.1	100	454	0.0	911
YFI99446.1	WP_004899495.1	100	454	0.0	946
YFI99110.1	WP_002914152.1	100	454	3.57e-298	807
YFI98068.1	WP_004186228.1	100	454	5.20e-307	830
YFI98003.1	WP_004186273.1	100	454	0.0	874
YFI97268.1	WP_002888345.1	100	454	0.0	876
YFI96958.1	WP_004222997.1	99.8	454	4.56e-317	855
YFI96956.1	WP_004177260.1	100	454	0.0	873
YFI95721.1	WP_002903916.1	100	454	3.06e-299	810
YFJ00070.1	WP_004898607.1	100	453	0.0	882
YFI99491.1	WP_004899464.1	100	453	0.0	926
YFI99247.1	WP_004152001.1	100	453	0.0	905
YFI99544.1	WP_004148994.1	100	452	0.0	873
YFI97391.1	WP_004222447.1	100	452	0.0	880
YFI97324.1	WP_004222560.1	100	452	0.0	889
YFI97234.1	WP_004222665.1	100	452	2.35e-318	858
YFI96620.1	WP_002894151.1	100	452	0.0	877
YFI96056.1	WP_004148091.1	100	452	0.0	871
YFI96031.1	WP_004224272.1	100	452	0.0	881
YFI99742.1	WP_004899103.1	100	451	0.0	904
YFI98330.1	WP_004901073.1	100	451	0.0	885
YFI98193.1	WP_004901270.1	100	451	4.50e-311	840
YFI97598.1	WP_004178335.1	99.8	451	1.65e-299	810
YFJ00427.1	WP_004899449.1	99.8	450	0.0	882
YFI99061.1	WP_004900038.1	100	450	0.0	899
YFI98925.1	WP_002915225.1	100	450	0.0	885
YFI98854.1	WP_004900305.1	100	450	0.0	870
YFI98241.1	WP_002921271.1	100	450	0.0	912
YFI97655.1	WP_004221977.1	99.8	450	0.0	929
YFI97538.1	WP_004152265.1	100	450	0.0	875
YFI97520.1	WP_004222163.1	99.8	450	2.35e-317	855
YFI97137.1	WP_004177358.1	100	450	0.0	873
YFI95779.1	WP_004224612.1	100	450	0.0	876
YFI98433.1	WP_004174096.1	100	449	0.0	898
YFI98091.1	WP_004901448.1	100	449	0.0	894
YFI97745.1	WP_004146591.1	100	449	8.47e-315	849
YFI97693.1	WP_002885079.1	100	449	3.76e-302	817
YFJ00629.1	WP_011154555.1	100	448	0.0	911
YFI99377.1	WP_002913019.1	100	448	0.0	882
YFI97840.1	WP_004901848.1	100	448	0.0	872
YFI97070.1	WP_004222829.1	100	448	0.0	892
YFI96053.1	WP_004148093.1	100	448	0.0	898
YFJ00227.1	WP_004224995.1	100	447	5.29e-320	862
YFJ00100.1	WP_002907549.1	100	447	0.0	884
YFI99468.1	WP_002912743.1	100	447	3.29e-311	840
YFI98812.1	WP_004900366.1	100	447	0.0	902
YFI98641.1	WP_004900656.1	100	447	1.94e-319	860
YFI98508.1	WP_004144895.1	100	447	0.0	902
YFI97463.1	WP_004222271.1	100	447	0.0	889
YFI97355.1	WP_004222511.1	100	447	1.59e-318	858
YFI97097.1	WP_002889702.1	100	447	0.0	893
YFI96349.1	WP_004224013.1	100	447	0.0	882
YFI96077.1	WP_004176526.1	100	447	0.0	878
YFI95964.1	WP_014599135.1	100	446	0.0	886
YFI99967.1	WP_009307654.1	100	445	0.0	909
YFI99794.1	WP_004899025.1	100	446	0.0	869
YFI98927.1	WP_002915223.1	100	446	0.0	910
YFI98926.1	WP_004900218.1	100	446	0.0	927
YFI98304.1	WP_002920773.1	100	446	8.72e-311	838
YFI97782.1	WP_004192681.1	100	446	9.52e-315	848
YFI97290.1	WP_004151375.1	100	446	7.00e-301	813
YFI95870.1	WP_004224541.1	100	446	0.0	880
YFJ00328.1	WP_002904838.1	100	445	0.0	870
YFJ00016.1	WP_004898670.1	100	445	0.0	894
YFI99350.1	WP_002913158.1	100	445	0.0	920
YFI99156.1	WP_004149357.1	100	445	3.36e-319	860
YFI98998.1	WP_002914972.1	100	445	0.0	942
YFI98821.1	WP_004174520.1	100	445	5.93e-313	844
YFI98504.1	WP_004900886.1	99.8	445	3.54e-320	862
YFI98030.1	WP_004901558.1	100	445	3.07e-299	809
YFI98019.1	WP_032448124.1	100	445	0.0	889
YFI97998.1	WP_077264482.1	99.8	445	7.84e-300	811
YFI97555.1	WP_002886718.1	100	445	2.64e-300	812
YFI96672.1	WP_004183313.1	100	445	0.0	875
YFI97901.1	WP_002882917.1	100	444	8.14e-315	848
YFI96757.1	WP_002892484.1	100	444	4.91e-316	852
YFI96679.1	WP_004223519.1	100	444	0.0	882
YFI99777.1	WP_004145486.1	100	443	1.85e-315	850
YFI99136.1	WP_002914082.1	100	443	3.90e-317	854
YFI98846.1	WP_004149616.1	100	443	0.0	866
YFI98534.1	WP_004149911.1	100	443	0.0	872
YFI98404.1	WP_002919515.1	100	443	3.73e-315	849
YFI97798.1	WP_004152060.1	100	443	0.0	919
YFI97765.1	WP_004901934.1	100	443	2.74e-317	855
YFI96447.1	WP_002895749.1	100	443	0.0	871
YFJ00613.1	WP_004173854.1	100	442	0.0	867
YFJ00338.1	WP_004151635.1	99.8	442	0.0	897
YFI98042.1	WP_004145056.1	100	442	0.0	888
YFI97644.1	WP_002885393.1	100	442	0.0	888
YFI96517.1	WP_004179068.1	100	441	3.57e-106	319
YFI96408.1	WP_004141985.1	100	441	0.0	887
YFI96064.1	WP_004224239.1	100	441	0.0	867
YFI95867.1	WP_004224544.1	100	441	1.24e-312	843
YFJ00355.1	WP_002904792.1	100	440	0.0	878
YFI99926.1	WP_004148701.1	99.8	440	0.0	867
YFI99384.1	WP_004184957.1	100	440	3.08e-317	854
YFI99299.1	WP_002913360.1	100	440	0.0	892
YFI98995.1	WP_002914981.1	100	440	1.20e-314	848
YFI98751.1	WP_004900488.1	100	440	1.10e-157	450
YFI98353.1	WP_002920241.1	100	440	0.0	905
YFI98233.1	WP_004150118.1	100	440	5.59e-304	821
YFI98177.1	WP_002922139.1	100	440	0.0	917
YFI98056.1	WP_002923156.1	100	440	7.57e-318	856
YFI98027.1	WP_002923306.1	100	440	0.0	900
YFI97340.1	WP_048267181.1	99.8	440	1.26e-310	838
YFI96324.1	WP_002898189.1	100	440	7.57e-318	856
YFI96253.1	WP_002898810.1	100	440	2.38e-305	824
YFI99698.1	WP_004899155.1	100	439	7.18e-320	861
YFI99559.1	WP_004899343.1	100	439	0.0	864
YFI97447.1	WP_004178432.1	100	439	0.0	914
YFI96995.1	WP_004144627.1	100	439	1.39e-308	832
YFI96484.1	WP_004223744.1	100	405	2.64e-300	810
YFI98718.1	WP_002916483.1	100	438	0.0	878
YFI98319.1	WP_002920542.1	100	438	3.44e-297	803
YFI98291.1	WP_004901106.1	100	438	0.0	885
YFI97726.1	WP_004151748.1	100	438	4.38e-300	811
YFI97232.1	WP_004147075.1	100	438	6.47e-318	856
YFI95886.1	WP_004224503.1	100	438	0.0	881
YFI97681.1	WP_004146659.1	100	437	9.12e-297	802
YFI97126.1	WP_004177351.1	100	437	0.0	882
YFI95985.1	WP_004224298.1	100	437	0.0	874
YFJ00243.1	WP_004224957.1	100	436	0.0	895
YFI99301.1	WP_002913358.1	100	436	3.28e-310	836
YFI98903.1	WP_004900247.1	99.8	436	1.59e-317	855
YFI97487.1	WP_004222206.1	100	436	0.0	869
YFI97252.1	WP_004222654.1	100	436	1.85e-316	852
YFI95785.1	WP_004151561.1	100	436	1.59e-317	855
YFI97521.1	WP_004192387.1	100	435	1.91e-313	844
YFI96911.1	WP_004223049.1	100	435	1.81e-320	862
YFI96075.1	WP_004224218.1	99.8	435	0.0	892
YFJ00604.1	WP_004192658.1	100	434	0.0	864
YFI99540.1	WP_004899380.1	100	434	1.17e-302	817
YFI98930.1	WP_004900214.1	100	434	0.0	863
YFI98104.1	WP_004901427.1	99.8	434	6.60e-309	833
YFI97312.1	WP_002887901.1	100	434	2.81e-310	836
YFI96881.1	WP_002892192.1	100	434	0.0	887
YFI96768.1	WP_004223389.1	100	434	0.0	868
YFI96443.1	WP_004151702.1	99.8	434	9.41e-288	780
YFI96185.1	WP_002900778.1	100	434	3.99e-319	858
YFI98963.1	WP_004900177.1	100	433	1.07e-318	857
YFI97635.1	WP_002885423.1	100	433	1.75e-292	791
YFI97293.1	WP_004222622.1	100	433	2.49e-292	791
YFI96717.1	WP_004176990.1	100	433	0.0	872
YFI96420.1	WP_004223819.1	100	433	5.46e-320	861
YFI95847.1	WP_004224582.1	100	433	2.42e-315	849
YFJ00281.1	WP_004224882.1	100	432	9.79e-294	794
YFI99759.1	WP_004899088.1	100	432	0.0	873
YFI99263.1	WP_004174915.1	100	432	4.05e-318	856
YFI99128.1	WP_004144368.1	100	432	1.62e-308	832
YFI98934.1	WP_002915213.1	100	432	1.04e-304	822
YFI98622.1	WP_004900687.1	100	432	2.15e-313	844
YFI97590.1	WP_002885665.1	100	432	0.0	865
YFI97473.1	WP_004222301.1	100	431	0.0	871
YFI96941.1	WP_004147333.1	100	432	3.06e-297	803
YFI99788.1	WP_004175494.1	100	431	4.59e-303	818
YFI98416.1	WP_004185891.1	100	431	0.0	875
YFI98309.1	WP_002920566.1	100	431	0.0	873
YFI97764.1	WP_002884357.1	100	431	7.31e-320	860
YFI96996.1	WP_002890344.1	99.8	431	4.57e-319	858
YFI95747.1	WP_004148305.1	100	431	1.87e-302	816
YFJ00537.1	WP_002895066.1	100	430	4.51e-210	582
YFJ00354.1	WP_002904794.1	100	430	0.0	878
YFI98771.1	WP_004900421.1	100	430	4.24e-303	818
YFI97460.1	WP_004222263.1	99.8	427	1.16e-307	832
YFI97404.1	WP_004146918.1	100	430	1.76e-311	839
YFI96348.1	WP_002898139.1	99.8	430	1.11e-314	847
YFJ00420.1	WP_002913045.1	100	429	2.95e-298	805
YFI99361.1	WP_004899574.1	100	429	7.21e-315	847
YFI98918.1	WP_004151070.1	100	429	1.15e-295	799
YFI97733.1	WP_002884747.1	100	429	0.0	882
YFI96477.1	WP_004223758.1	100	429	0.0	873
YFI96317.1	WP_004224023.1	100	429	2.88e-305	823
YFI99781.1	WP_004148804.1	100	428	9.13e-297	801
YFI99406.1	WP_004211958.1	100	428	0.0	887
YFI99212.1	WP_002913824.1	100	428	9.33e-290	784
YFI99179.1	WP_002913953.1	100	428	3.68e-320	861
YFI99108.1	WP_004149392.1	100	428	2.50e-294	795
YFI98813.1	WP_004900363.1	100	428	0.0	870
YFI98345.1	WP_004901053.1	100	428	2.79e-238	654
YFI98229.1	WP_004901201.1	99.8	428	1.97e-291	788
YFI97626.1	WP_004146704.1	100	428	1.04e-286	776
YFI97273.1	WP_002888329.1	100	428	2.56e-303	818
YFI96925.1	WP_004152876.1	100	428	3.25e-306	825
YFJ00009.1	WP_004898684.1	100	427	0.0	866
YFI99721.1	WP_004215051.1	100	427	1.28e-307	829
YFI99475.1	WP_004175116.1	100	427	1.81e-307	828
YFI98469.1	WP_002918453.1	100	427	1.20e-296	801
YFI97082.1	WP_004222802.1	100	427	1.33e-309	834
YFI96532.1	WP_002894943.1	100	427	0.0	865
YFI96485.1	WP_004142122.1	100	427	6.60e-310	835
YFI96337.1	WP_002898157.1	100	427	1.55e-308	831
YFI96238.1	WP_002898921.1	100	427	0.0	869
YFI96095.1	WP_004152363.1	100	427	1.40e-295	798
YFI95737.1	WP_002903724.1	100	427	1.74e-305	823
YFI98196.1	WP_002921927.1	100	426	1.48e-319	859
YFI97594.1	WP_004146725.1	100	426	3.78e-304	820
YFI97318.1	WP_002887863.1	100	426	4.01e-315	848
YFI97156.1	WP_002889272.1	100	426	5.08e-318	855
YFI96268.1	WP_004224051.1	100	426	0.0	868
YFI99482.1	WP_002912654.1	100	425	1.00e-303	819
YFI99165.1	WP_002914002.1	100	425	3.05e-314	845
YFI98286.1	WP_004174005.1	100	425	1.63e-293	793
YFI97342.1	WP_004146034.1	100	425	1.17e-286	776
YFJ00254.1	WP_004224926.1	100	424	2.97e-300	810
YFJ00074.1	WP_002907740.1	100	424	1.20e-315	849
YFI99190.1	WP_004149335.1	100	424	6.92e-315	847
YFI98136.1	WP_002922499.1	100	424	2.59e-310	835
YFI97231.1	WP_002888565.1	100	424	3.04e-293	792
YFI96939.1	WP_002891807.1	100	424	5.00e-308	830
YFI95875.1	WP_004151574.1	100	424	5.57e-320	860
YFI99916.1	WP_002908869.1	99.8	424	5.01e-310	835
YFI98997.1	WP_004900117.1	100	423	3.49e-303	817
YFI98243.1	WP_004901177.1	100	423	2.35e-301	813
YFI98151.1	WP_002922458.1	100	423	7.56e-259	705
YFI97069.1	WP_004222831.1	100	423	4.02e-318	855
YFI96906.1	WP_004177240.1	100	423	0.0	870
YFI95705.1	WP_004224704.1	100	423	1.35e-316	851
YFI99579.1	WP_004899245.1	100	422	3.06e-317	853
YFI99319.1	WP_002913219.1	100	422	2.12e-308	830
YFI97080.1	WP_004222804.1	100	422	3.67e-309	832
YFI96680.1	WP_004223514.1	99.8	422	8.40e-315	847
YFI96621.1	WP_004151656.1	100	422	1.14e-312	841
YFI96303.1	WP_004224029.1	100	422	1.74e-307	828
YFI98280.1	WP_004901113.1	100	421	3.25e-307	827
YFI97923.1	WP_004901710.1	99.8	421	7.02e-302	814
YFI97852.1	WP_004901832.1	99.8	421	5.86e-310	834
YFI96419.1	WP_004176744.1	100	421	0.0	881
YFI96103.1	WP_004183665.1	100	421	3.16e-314	845
YFI95718.1	WP_004224682.1	99.8	421	1.65e-300	810
YFI95712.1	WP_004176258.1	100	421	2.80e-292	790
YFJ00286.1	WP_004224876.1	100	420	4.79e-288	779
YFI98820.1	WP_002915990.1	100	420	1.97e-312	840
YFI97846.1	WP_004186361.1	100	420	3.13e-309	832
YFI97593.1	WP_004146726.1	100	420	2.74e-248	678
YFI97432.1	WP_004222365.1	100	420	1.37e-303	818
YFI97226.1	WP_002888625.1	100	420	2.88e-305	822
YFI96616.1	WP_004223614.1	100	420	7.43e-292	788
YFJ00271.1	WP_004224897.1	100	419	1.35e-298	805
YFI99375.1	WP_004899550.1	100	419	3.02e-311	837
YFI98492.1	WP_002918382.1	100	419	8.53e-302	813
YFI97915.1	WP_004150375.1	100	419	2.44e-319	858
YFI97850.1	WP_002883293.1	100	419	2.19e-304	820
YFI97439.1	WP_004222353.1	100	419	0.0	871
YFI95903.1	WP_004148215.1	100	419	0.0	872
YFI99830.1	WP_004175561.1	100	418	1.51e-315	848
YFI99819.1	WP_002910404.1	100	418	2.03e-288	780
YFI98170.1	WP_004901319.1	100	418	0.0	862
YFJ00577.1	WP_004222684.1	100	417	5.00e-309	832
YFI99881.1	WP_004180373.1	99.8	417	1.56e-312	840
YFI99159.1	WP_002914027.1	100	417	5.00e-309	832
YFI98847.1	WP_004900318.1	100	417	1.24e-293	793
YFI98677.1	WP_004900584.1	100	417	1.16e-298	805
YFI97479.1	WP_004222222.1	100	417	6.52e-305	821
YFI97057.1	WP_004147253.1	100	417	3.88e-281	761
YFI96086.1	WP_002901255.1	100	417	1.10e-312	841
YFJ00308.1	WP_004176165.1	100	416	5.03e-313	842
YFI98143.1	WP_004901359.1	100	416	1.74e-288	780
YFI98117.1	WP_014599283.1	100	416	1.15e-293	793
YFI97842.1	WP_002883312.1	100	416	6.34e-291	786
YFI97632.1	WP_004222011.1	100	416	2.74e-301	812
YFI96144.1	WP_004224141.1	99.8	416	3.39e-311	837
YFI95750.1	WP_004176293.1	100	416	4.87e-295	796
YFI98683.1	WP_004181281.1	100	415	6.70e-281	760
YFI98556.1	WP_004900820.1	99.8	415	2.24e-279	756
YFI96259.1	WP_004224055.1	100	415	7.39e-310	833
YFJ00709.1	WP_004212807.1	99.8	414	1.09e-290	785
YFI99513.1	WP_004180513.1	99.8	414	5.29e-288	779
YFI98518.1	WP_004900870.1	100	414	5.29e-298	803
YFI98342.1	WP_004174030.1	100	414	4.98e-287	776
YFI98281.1	WP_004150081.1	99.8	414	1.45e-295	797
YFI97085.1	WP_002889742.1	100	414	1.14e-319	858
YFI96707.1	WP_004191456.1	100	414	3.00e-288	779
YFI96457.1	WP_002895730.1	100	414	9.04e-315	846
YFI96173.1	WP_004176565.1	100	414	9.80e-294	793
YFJ00270.1	WP_004224900.1	100	413	1.39e-313	843
YFI99281.1	WP_002913421.1	100	413	2.18e-285	771
YFI98811.1	WP_002916000.1	100	413	1.71e-298	805
YFI98620.1	WP_002916864.1	100	413	2.88e-306	824
YFI97405.1	WP_014599029.1	100	413	2.71e-295	796
YFI96639.1	WP_004223589.1	100	413	4.50e-278	753
YFI96624.1	WP_004183365.1	100	413	0.0	863
YFI96407.1	WP_004223833.1	100	413	4.20e-299	806
YFI96197.1	WP_004224089.1	100	413	1.40e-297	802
YFJ00363.1	WP_004184017.1	100	412	4.25e-271	735
YFI99497.1	WP_004175207.1	100	412	6.75e-284	768
YFI97096.1	WP_002889703.1	100	412	2.77e-308	829
YFI96618.1	WP_004223608.1	100	412	7.95e-308	828
YFI96316.1	WP_004224024.1	100	412	1.77e-295	797
YFI99285.1	WP_004899714.1	99.8	411	5.72e-280	758
YFI96617.1	WP_004223611.1	100	411	2.42e-297	801
YFI96414.1	WP_004223826.1	100	411	6.75e-304	818
YFI95685.1	WP_004224723.1	100	411	1.56e-293	792
YFJ00688.1	WP_004213628.1	100	410	0.0	867
YFJ00424.1	WP_004149053.1	100	410	9.99e-277	750
YFJ00276.1	WP_004148411.1	100	410	5.27e-296	798
YFI99955.1	WP_002908368.1	100	410	2.40e-292	789
YFI99245.1	WP_004149260.1	100	410	5.17e-287	775
YFI99201.1	WP_004899814.1	100	410	3.55e-294	793
YFI98714.1	WP_002916493.1	100	410	3.05e-295	796
YFI97754.1	WP_002884587.1	100	410	3.98e-316	849
YFI97556.1	WP_004222106.1	100	410	4.04e-300	808
YFI97333.1	WP_002887802.1	100	410	7.09e-310	833
YFI96912.1	WP_002891991.1	100	410	2.61e-296	799
YFI96401.1	WP_004151718.1	100	410	5.89e-293	790
YFI96155.1	WP_004224132.1	100	410	1.08e-304	820
YFJ00684.1	WP_004902400.1	100	409	4.61e-310	833
YFI98801.1	WP_002916058.1	100	409	5.83e-288	778
YFI96330.1	WP_004224019.1	100	409	1.75e-314	845
YFI98060.1	WP_002923147.1	99.8	408	7.47e-295	795
YFI98020.1	WP_004150284.1	100	408	0.0	875
YFI96526.1	WP_004142209.1	100	408	2.80e-274	743
YFI96219.1	WP_004224072.1	100	408	2.01e-283	766
YFJ00403.1	WP_014599248.1	100	407	2.25e-300	809
YFI99117.1	WP_002914116.1	100	407	8.63e-289	780
YFI97339.1	WP_004178550.1	100	407	3.01e-314	844
YFI97092.1	WP_002889720.1	100	407	1.08e-307	827
YFI96604.1	WP_004223633.1	100	407	0.0	880
YFJ00716.1	WP_004212827.1	100	406	1.07e-302	815
YFJ00563.1	WP_004222928.1	100	406	9.47e-297	800
YFJ00494.1	WP_002903701.1	100	406	4.50e-295	795
YFJ00485.1	WP_004224853.1	100	406	8.69e-293	790
YFI99917.1	WP_002908867.1	100	406	1.99e-298	804
YFI99311.1	WP_002913291.1	100	406	1.50e-293	791
YFI98359.1	WP_004174049.1	100	406	6.22e-302	813
YFI98268.1	WP_004901130.1	100	406	9.31e-288	777
YFI97441.1	WP_004222347.1	100	406	4.76e-306	823
YFI96879.1	WP_004147385.1	100	406	4.93e-283	765
YFI96563.1	WP_002894742.1	100	406	3.69e-294	793
YFI96067.1	WP_002901489.1	100	406	6.22e-302	813
YFI99997.1	WP_004189586.1	100	405	7.24e-280	757
YFI99344.1	WP_002913185.1	100	405	1.79e-305	822
YFI98744.1	WP_004889828.1	100	405	4.05e-302	813
YFI96101.1	WP_004224203.1	100	405	1.31e-266	723
YFI95723.1	WP_004143607.1	100	405	1.11e-299	807
YFJ00620.1	WP_014599282.1	100	404	9.69e-289	779
YFJ00581.1	WP_004222656.1	100	404	3.71e-277	750
YFI99291.1	WP_002913372.1	100	404	9.19e-303	815
YFI99172.1	WP_002913992.1	100	404	1.10e-294	794
YFI98850.1	WP_004900310.1	100	404	7.43e-293	790
YFI97167.1	WP_004222704.1	100	404	3.46e-266	722
YFI96208.1	WP_004224079.1	100	404	2.44e-266	723
YFI99803.1	WP_004899005.1	100	403	1.35e-299	806
YFI99667.1	WP_004891013.1	100	403	3.21e-282	763
YFI96495.1	WP_004147656.1	100	403	4.71e-300	808
YFJ00292.1	WP_004224871.1	100	402	1.16e-279	756
YFI99778.1	WP_002910759.1	100	402	6.25e-284	767
YFI99531.1	WP_004899398.1	100	402	1.79e-283	766
YFI97540.1	WP_004192412.1	100	402	7.53e-301	810
YFI96645.1	WP_004223574.1	100	402	0.0	864
YFI96211.1	WP_002899096.1	100	402	2.04e-289	781
YFI96119.1	WP_004224183.1	100	402	7.22e-299	805
YFI95860.1	WP_004224561.1	100	402	3.33e-304	818
YFI99372.1	WP_004184969.1	100	401	2.67e-314	843
YFI98895.1	WP_004174604.1	100	401	4.43e-288	777
YFI98205.1	WP_002921907.1	100	401	1.80e-255	695
YFI97216.1	WP_004222670.1	100	401	5.30e-280	757
YFI96998.1	WP_004222942.1	99.8	401	1.68e-292	788
YFI96712.1	WP_002892885.1	100	400	2.33e-286	773
YFI95887.1	WP_004224502.1	100	401	1.04e-286	774
YFI95873.1	WP_004176366.1	100	401	2.05e-293	791
YFJ00529.1	WP_004191175.1	100	400	1.28e-291	786
YFJ00496.1	WP_004179693.1	100	400	4.90e-280	757
YFI99338.1	WP_002913195.1	100	400	2.21e-292	788
YFI99280.1	WP_002913423.1	100	400	7.61e-268	726
YFI99055.1	WP_002914328.1	100	400	5.58e-286	772
YFI98955.1	WP_004900188.1	100	400	3.09e-283	765
YFI98720.1	WP_004900547.1	100	400	8.06e-295	794
YFI98098.1	WP_004901437.1	100	400	1.03e-265	721
YFI97139.1	WP_004178642.1	100	400	3.37e-287	775
YFI97063.1	WP_004222844.1	100	400	1.07e-299	806
YFI96909.1	WP_004178761.1	100	400	2.37e-312	838
YFI96399.1	WP_004212672.1	100	400	2.00e-279	755
YFI96314.1	WP_014599117.1	100	400	2.85e-304	818
YFI96287.1	WP_004141630.1	100	400	7.20e-298	802
YFI95974.1	WP_004224321.1	100	400	1.57e-276	748
YFJ00730.1	WP_004213919.1	100	399	4.04e-269	729
YFJ00720.1	WP_004902162.1	99.5	399	5.24e-295	795
YFJ00642.1	WP_004902162.1	100	399	6.38e-296	797
YFI99957.1	WP_004148650.1	100	399	2.20e-271	735
YFI97012.1	WP_002890219.1	100	399	6.17e-278	751
YFI96623.1	WP_004151657.1	100	399	3.69e-295	795
YFI96586.1	WP_002894539.1	100	399	3.69e-295	795
YFI96175.1	WP_004140628.1	100	399	6.06e-272	736
YFI95932.1	WP_004224414.1	100	399	5.87e-292	787
YFI95693.1	WP_002904407.1	100	399	2.30e-273	740
YFI99938.1	WP_004898792.1	100	398	7.09e-226	620
YFI99411.1	WP_004899506.1	99.7	398	5.47e-276	746
YFI99370.1	WP_004214618.1	100	398	2.12e-289	780
YFI99292.1	WP_004899707.1	99.7	398	3.22e-284	767
YFI99160.1	WP_004174823.1	100	398	2.33e-302	813
YFI97837.1	WP_004901859.1	99.7	398	2.17e-282	763
YFI95699.1	WP_004176243.1	100	398	1.08e-282	763
YFJ00001.1	WP_004175774.1	100	392	1.18e-266	723
YFI98827.1	WP_002915976.1	100	397	1.58e-279	755
YFI98249.1	WP_004150109.1	100	397	2.70e-296	798
YFI98148.1	WP_002922462.1	100	397	1.38e-289	781
YFI98047.1	WP_014599288.1	99.7	397	4.25e-268	726
YFI97716.1	WP_002884946.1	100	397	5.02e-292	787
YFI97575.1	WP_004177693.1	100	397	3.05e-277	749
YFI97173.1	WP_004191957.1	100	397	4.12e-291	785
YFI96895.1	WP_004177236.1	100	397	2.06e-275	745
YFI96134.1	WP_004140529.1	100	397	5.08e-301	810
YFI96032.1	WP_004224270.1	100	397	4.30e-293	790
YFJ00327.1	WP_004179834.1	99.7	396	2.46e-287	775
YFJ00228.1	WP_004224993.1	100	396	3.08e-281	759
YFI99422.1	WP_004211522.1	100	396	9.48e-301	809
YFI99158.1	WP_004899880.1	100	396	2.72e-300	808
YFI97735.1	WP_002884740.1	100	396	8.02e-293	789
YFI97110.1	WP_004222765.1	100	396	1.95e-268	727
YFI96319.1	WP_002898202.1	100	396	3.97e-293	790
YFJ00459.1	WP_004898874.1	99.7	395	3.10e-275	745
YFI99573.1	WP_004899263.1	100	395	7.83e-263	713
YFI99244.1	WP_004899751.1	100	395	3.18e-278	752
YFI98652.1	WP_004149836.1	100	395	2.89e-290	782
YFI98354.1	WP_002920240.1	100	395	3.47e-282	762
YFI97549.1	WP_004222121.1	100	395	9.41e-296	796
YFI96726.1	WP_002892766.1	100	395	2.00e-306	823
YFI95666.1	WP_004179791.1	100	395	1.51e-276	748
YFJ00622.1	WP_002922420.1	100	394	3.40e-293	790
YFI99908.1	WP_004898838.1	99.7	394	2.99e-287	775
YFI99383.1	WP_004899541.1	100	394	3.22e-266	721
YFI98379.1	WP_004174069.1	100	394	2.39e-293	790
YFI98033.1	WP_004181587.1	100	394	8.43e-278	751
YFI97791.1	WP_004174069.1	100	394	2.39e-293	790
YFI97359.1	WP_004146953.1	100	394	1.02e-294	793
YFI97253.1	WP_004222652.1	100	394	5.69e-276	746
YFI96241.1	WP_004224065.1	100	394	7.24e-263	713
YFJ00312.1	WP_004190091.1	100	393	1.01e-289	781
YFJ00050.1	WP_002907785.1	100	393	5.73e-280	756
YFI99991.1	WP_004898705.1	100	393	1.24e-274	743
YFI99829.1	WP_004898973.1	100	393	1.54e-268	727
YFI99425.1	WP_004211524.1	100	393	5.13e-283	764
YFI98661.1	WP_004149825.1	100	393	1.37e-287	775
YFI98174.1	WP_002922349.1	99.7	393	6.28e-268	726
YFI97836.1	WP_004150429.1	100	393	1.03e-250	682
YFI99706.1	WP_004151450.1	100	392	2.07e-277	749
YFI99374.1	WP_002913041.1	100	392	5.69e-300	806
YFI99200.1	WP_004162150.1	100	392	9.94e-310	831
YFI99192.1	WP_002913889.1	100	392	9.29e-242	659
YFI98804.1	WP_002916052.1	100	392	2.25e-281	759
YFI98719.1	WP_002916482.1	100	392	6.56e-290	781
YFI98498.1	WP_002918377.1	100	392	1.74e-269	729
YFI98173.1	WP_002922351.1	100	392	3.25e-290	782
YFI98001.1	WP_004151540.1	100	392	1.31e-264	717
YFI96957.1	WP_004191717.1	100	392	1.40e-300	808
YFI96732.1	WP_004223425.1	100	392	2.67e-289	780
YFI96072.1	WP_004224226.1	100	392	4.13e-293	789
YFI95851.1	WP_004183884.1	100	392	2.86e-284	767
YFJ00512.1	WP_004224196.1	99.7	391	1.32e-271	735
YFJ00331.1	WP_004224792.1	100	391	1.94e-286	772
YFI99312.1	WP_004149211.1	100	391	7.14e-273	738
YFI99093.1	WP_004149398.1	100	391	1.75e-273	739
YFI98806.1	WP_002916048.1	100	391	2.74e-311	835
YFI97306.1	WP_004192071.1	100	391	7.31e-266	720
YFI96637.1	WP_004223592.1	100	391	4.58e-285	769
YFI96566.1	WP_004179039.1	100	391	3.22e-285	769
YFI95936.1	WP_004148182.1	100	391	8.26e-288	776
YFJ00237.1	WP_004224976.1	99.7	390	9.06e-298	801
YFI99049.1	WP_002914339.1	100	390	2.69e-272	736
YFI98909.1	WP_002915347.1	99.7	390	5.38e-288	776
YFI98144.1	WP_004901358.1	99.7	390	2.13e-294	792
YFI96751.1	WP_004191478.1	100	390	1.50e-294	793
YFI96724.1	WP_004223438.1	100	390	4.56e-264	716
YFI95855.1	WP_004224568.1	100	390	2.24e-305	820
YFI96011.1	WP_002901781.1	100	389	7.57e-283	763
YFI95994.1	WP_002901900.1	100	389	1.89e-292	787
YFJ00111.1	WP_004898576.1	99.7	388	1.36e-264	717
YFJ00054.1	WP_002907773.1	100	388	3.73e-262	711
YFI99521.1	WP_004175261.1	100	388	1.58e-279	754
YFI99512.1	WP_004180514.1	100	388	1.32e-287	775
YFI99187.1	WP_002913894.1	100	388	1.87e-287	775
YFI97995.1	WP_014599291.1	100	388	1.67e-290	782
YFI97550.1	WP_004222115.1	99.5	388	3.52e-292	786
YFI96525.1	WP_002895039.1	100	388	1.51e-277	749
YFI96315.1	WP_004147828.1	100	388	8.29e-291	783
YFI95689.1	WP_004183980.1	100	388	2.72e-305	820
YFJ00473.1	WP_004898509.1	100	372	6.87e-263	712
YFI99548.1	WP_004153104.1	100	387	1.42e-286	772
YFI98707.1	WP_002916508.1	100	387	2.13e-272	736
YFI98650.1	WP_004144551.1	100	387	3.35e-285	769
YFI98592.1	WP_004900746.1	100	387	3.08e-281	759
YFI98067.1	WP_002923107.1	100	387	4.91e-262	710
YFI97800.1	WP_004150456.1	100	387	1.70e-278	752
YFJ00421.1	WP_004184917.1	96.1	385	3.24e-243	664
YFI99122.1	WP_004150975.1	100	386	7.81e-279	753
YFI98631.1	WP_004900674.1	100	386	2.30e-296	797
YFI97894.1	WP_004901745.1	99.7	386	6.42e-278	750
YFI97018.1	WP_004178722.1	100	386	3.93e-288	776
YFI96224.1	WP_002898962.1	100	386	5.58e-288	776
YFJ00558.1	WP_004191604.1	99.7	385	4.63e-296	796
YFJ00502.1	WP_004224477.1	100	385	1.38e-292	787
YFJ00374.1	WP_004213417.1	100	385	1.87e-265	719
YFJ00332.1	WP_004224779.1	100	385	8.08e-276	745
YFI99958.1	WP_004898758.1	100	385	1.30e-281	759
YFI99457.1	WP_004899492.1	100	385	6.80e-268	725
YFI99436.1	WP_002912921.1	100	385	4.07e-285	768
YFI97148.1	WP_002889289.1	100	385	1.20e-277	749
YFI96475.1	WP_004183475.1	100	385	1.40e-276	747
YFI96005.1	WP_004224285.1	100	385	1.09e-289	780
YFJ00359.1	WP_002904783.1	100	384	2.88e-289	779
YFJ00177.1	WP_004898480.1	100	384	3.97e-271	733
YFJ00090.1	WP_004898591.1	100	384	5.90e-257	697
YFI99528.1	WP_004890861.1	100	384	1.19e-297	800
YFI99484.1	WP_002912648.1	100	384	3.26e-295	794
YFI98700.1	WP_004149807.1	100	384	6.14e-275	743
YFI97528.1	WP_002886900.1	100	384	1.93e-262	711
YFI95920.1	WP_002902433.1	100	384	1.43e-289	780
YFJ00524.1	WP_004199498.1	99.7	383	2.21e-286	772
YFI99943.1	WP_004891252.1	100	383	6.27e-288	775
YFI97881.1	WP_004177969.1	100	383	3.52e-294	791
YFI97407.1	WP_002887414.1	100	383	4.23e-286	771
YFI97225.1	WP_002888628.1	100	383	6.79e-267	722
YFI97131.1	WP_002889374.1	100	383	1.07e-279	754
YFI96710.1	WP_004211610.1	100	383	2.55e-287	774
YFJ00535.1	WP_004179071.1	100	382	4.20e-281	758
YFJ00049.1	WP_002907788.1	100	382	5.86e-297	798
YFI98905.1	WP_004149581.1	100	382	7.15e-273	737
YFI98666.1	WP_004900618.1	100	382	1.20e-280	757
YFI98239.1	WP_004901183.1	100	382	3.54e-273	738
YFI98164.1	WP_004145239.1	100	382	1.01e-272	737
YFI98018.1	WP_004150286.1	100	382	7.66e-293	788
YFI97921.1	WP_002882871.1	100	382	1.76e-273	739
YFI97283.1	WP_004212571.1	100	382	3.21e-285	768
YFI96585.1	WP_004223650.1	100	382	1.98e-231	632
YFI96562.1	WP_004223668.1	100	382	1.86e-284	766
YFI96344.1	WP_004150843.1	100	382	3.86e-277	748
YFI95686.1	WP_004224721.1	100	382	2.14e-274	741
YFJ00543.1	WP_004223629.1	99.7	381	1.03e-284	767
YFJ00121.1	WP_002907384.1	100	381	1.33e-297	800
YFI99590.1	WP_002911596.1	100	381	4.93e-284	765
YFI98537.1	WP_004900844.1	100	381	1.56e-271	734
YFI96864.1	WP_004142997.1	100	381	9.36e-298	800
YFI96310.1	WP_002898293.1	100	381	3.57e-277	748
YFJ00296.1	WP_004224866.1	100	380	1.59e-284	766
YFJ00220.1	WP_004184158.1	100	380	8.93e-291	782
YFI99530.1	WP_032448056.1	100	376	6.23e-281	757
YFI96739.1	WP_004223411.1	100	380	1.32e-267	724
YFI99681.1	WP_004184668.1	100	379	1.00e-291	785
YFI98928.1	WP_002915222.1	100	379	1.42e-266	721
YFI98876.1	WP_004900269.1	100	379	1.51e-277	749
YFI98686.1	WP_004900575.1	100	379	4.77e-290	780
YFI98428.1	WP_002919101.1	100	379	2.26e-263	713
YFI98260.1	WP_004173962.1	100	379	6.70e-281	757
YFI97701.1	WP_004177835.1	100	379	5.74e-282	760
YFI97601.1	WP_004222057.1	99.7	379	9.78e-274	739
YFI96523.1	WP_002895049.1	100	379	3.87e-280	755
YFI96374.1	WP_025368307.1	100	379	1.49e-268	726
YFI95955.1	WP_004224379.1	100	379	1.58e-279	754
YFJ00511.1	WP_004150776.1	100	378	1.07e-279	754
YFI99507.1	WP_004180522.1	100	378	1.46e-279	754
YFI99314.1	WP_002913228.1	100	378	1.15e-276	746
YFI99164.1	WP_004899864.1	100	378	7.62e-266	719
YFI98952.1	WP_004149542.1	100	378	1.47e-224	615
YFI97892.1	WP_032448130.1	100	378	7.10e-296	795
YFI97667.1	WP_004221958.1	100	378	3.84e-275	743
YFI96156.1	WP_004150811.1	100	378	2.22e-274	741
YFI95975.1	WP_004224319.1	100	378	3.58e-280	755
YFJ00661.1	WP_004213075.1	100	377	1.41e-281	759
YFJ00528.1	WP_004176719.1	99.7	377	3.95e-277	748
YFI99023.1	WP_004211583.1	100	377	4.44e-269	727
YFI98014.1	WP_004901578.1	100	377	1.27e-293	789
YFI97779.1	WP_004177872.1	100	377	2.17e-285	768
YFI97531.1	WP_004222144.1	100	377	1.97e-272	736
YFI97307.1	WP_002887955.1	100	377	4.27e-251	682
YFI96453.1	WP_002895739.1	100	377	1.59e-262	711
YFJ00718.1	WP_004212832.1	100	376	1.32e-290	781
YFJ00531.1	WP_004151706.1	99.7	357	2.81e-260	704
YFI99426.1	WP_002912947.1	100	376	4.03e-260	704
YFI99379.1	WP_004140835.1	100	376	3.06e-280	755
YFI98562.1	WP_004900811.1	100	376	6.91e-277	747
YFI97847.1	WP_002883297.1	100	376	6.44e-282	759
YFI97843.1	WP_004901839.1	100	376	2.18e-264	715
YFI99227.1	WP_002913766.1	100	375	2.08e-282	761
YFI98814.1	WP_004900362.1	100	375	1.76e-274	741
YFI98459.1	WP_004900926.1	100	375	4.50e-277	747
YFI98139.1	WP_004901367.1	100	375	1.53e-284	766
YFI96980.1	WP_002890395.1	100	375	5.78e-289	777
YFI96383.1	WP_004223969.1	100	375	1.64e-279	753
YFI96239.1	WP_004224067.1	100	375	1.22e-265	718
YFJ00589.1	WP_004222384.1	100	374	4.50e-256	694
YFJ00072.1	WP_004898604.1	100	374	1.84e-280	756
YFI98419.1	WP_002919139.1	100	374	2.31e-274	740
YFI98070.1	WP_004150241.1	99.7	374	7.45e-255	691
YFI96272.1	WP_004224049.1	100	374	1.48e-295	794
YFJ00149.1	WP_004180131.1	100	373	9.72e-271	731
YFI99511.1	WP_004180515.1	100	373	9.06e-276	744
YFI99189.1	WP_002913892.1	100	373	2.01e-263	712
YFI99120.1	WP_004212948.1	100	373	6.56e-269	726
YFI99003.1	WP_004900106.1	100	373	3.74e-284	765
YFI97425.1	WP_002887282.1	100	373	3.10e-292	785
YFI96154.1	WP_004176560.1	100	373	2.77e-295	793
YFJ00260.1	WP_004224920.1	100	372	2.69e-272	735
YFJ00095.1	WP_004143804.1	100	372	3.18e-280	755
YFI97530.1	WP_004222147.1	100	372	2.76e-265	717
YFI96737.1	WP_004223419.1	100	372	1.97e-274	740
YFI96215.1	WP_002898990.1	100	372	2.61e-279	753
YFI95926.1	WP_045145327.1	100	372	3.27e-273	737
YFJ00686.1	WP_004213623.1	100	371	1.20e-279	753
YFJ00447.1	WP_004899097.1	100	371	1.05e-274	741
YFI97457.1	WP_004222303.1	99.7	371	1.03e-280	756
YFI96723.1	WP_004178883.1	100	371	3.58e-281	757
YFI96693.1	WP_004178897.1	100	366	4.76e-287	772
YFI96686.1	WP_004176954.1	100	371	4.54e-284	764
YFI96362.1	WP_002896440.1	100	371	9.36e-252	683
YFI99895.1	WP_004148729.1	100	370	1.91e-255	692
YFI98855.1	WP_004900302.1	100	370	3.36e-265	717
YFI98052.1	WP_004901529.1	100	370	2.11e-268	725
YFI97449.1	WP_004222324.1	100	370	1.69e-274	740
YFI96584.1	WP_002894613.1	100	370	4.89e-258	699
YFI96426.1	WP_002895863.1	100	370	4.57e-263	711
YFI96387.1	WP_004223967.1	100	370	1.51e-277	748
YFI99906.1	WP_004200254.1	100	369	4.43e-249	676
YFI99554.1	WP_004184774.1	100	369	5.68e-277	746
YFI99464.1	WP_002912751.1	100	369	4.11e-270	729
YFI99400.1	WP_002912992.1	100	369	1.24e-255	692
YFI98935.1	WP_004900208.1	100	369	1.43e-270	730
YFI98284.1	WP_002920808.1	100	369	1.38e-268	725
YFI98226.1	WP_014599275.1	100	369	5.74e-286	769
YFI97734.1	WP_002884743.1	100	369	1.38e-268	725
YFI96913.1	WP_004223045.1	100	369	3.52e-271	732
YFI96406.1	WP_004223838.1	100	369	4.00e-277	747
YFI96306.1	WP_004179196.1	100	369	1.63e-276	745
YFJ00480.1	WP_004224980.1	100	368	2.60e-277	747
YFJ00290.1	WP_004224873.1	100	368	1.13e-223	612
YFI98306.1	WP_002920570.1	100	368	8.35e-274	738
YFI97032.1	WP_002890129.1	100	368	1.90e-261	707
YFI97017.1	WP_004183146.1	100	368	1.66e-264	715
YFI96454.1	WP_004223779.1	99.7	368	1.20e-257	697
YFI96147.1	WP_004150803.1	100	368	1.83e-277	748
YFI99567.1	WP_004899318.1	100	367	2.21e-273	737
YFI98282.1	WP_004150080.1	100	367	8.22e-268	723
YFI98049.1	WP_004181579.1	100	367	2.58e-272	734
YFI97886.1	WP_004146274.1	100	367	1.95e-267	722
YFI97849.1	WP_002883295.1	100	367	1.92e-258	699
YFI97056.1	WP_004144574.1	100	367	4.22e-262	709
YFI96971.1	WP_004222978.1	100	367	2.12e-271	732
YFI95706.1	WP_004224702.1	99.7	367	1.51e-280	755
YFJ00278.1	WP_004184110.1	100	366	3.16e-277	747
YFJ00274.1	WP_002905225.1	100	366	7.14e-274	738
YFI99824.1	WP_002910392.1	100	366	2.88e-248	674
YFI98898.1	WP_002915541.1	100	366	8.09e-280	753
YFI98009.1	WP_004145090.1	100	366	1.00e-264	715
YFI97873.1	WP_002883023.1	100	366	7.99e-271	731
YFJ00518.1	WP_004140697.1	99.7	365	6.67e-254	689
YFJ00061.1	WP_002907763.1	100	365	5.20e-271	731
YFI99392.1	WP_004180702.1	100	365	5.42e-273	736
YFI98892.1	WP_002915579.1	100	365	1.19e-276	745
YFI98739.1	WP_071526677.1	99.7	341	6.98e-243	659
YFI98588.1	WP_002917681.1	100	365	1.87e-264	714
YFI97684.1	WP_004221930.1	100	365	6.40e-256	693
YFI97499.1	WP_002886955.1	100	365	2.61e-255	691
YFI97014.1	WP_004151348.1	100	365	7.60e-264	713
YFI96469.1	WP_004147680.1	100	365	3.17e-256	694
YFI95708.1	WP_004176251.1	99.7	365	9.25e-265	715
YFJ00619.1	WP_002922603.1	100	363	3.18e-250	679
YFI99415.1	WP_004200501.1	100	364	6.73e-262	708
YFI99260.1	WP_002913623.1	100	364	1.80e-266	719
YFI99078.1	WP_004900011.1	100	364	2.07e-256	694
YFI98721.1	WP_002916480.1	100	364	1.38e-270	730
YFI98344.1	WP_004901056.1	100	364	1.42e-263	712
YFI98138.1	WP_004145262.1	100	364	5.61e-270	728
YFJ00178.1	WP_004898476.1	100	363	3.22e-264	714
YFI99812.1	WP_002910443.1	100	363	1.53e-262	709
YFI97245.1	WP_002888487.1	100	363	9.63e-266	717
YFI96247.1	WP_004179293.1	100	363	3.13e-271	731
YFJ00727.1	WP_004215173.1	84.3	300	4.70e-191	526
YFJ00102.1	WP_002907491.1	100	362	1.93e-260	704
YFI99961.1	WP_004898753.1	100	362	4.94e-263	711
YFI96628.1	WP_004223601.1	100	362	9.96e-263	710
YFI96338.1	WP_002898155.1	100	362	1.01e-271	733
YFI95713.1	WP_001620097.1	100	362	5.84e-271	731
YFI99306.1	WP_002913342.1	100	361	6.05e-268	723
YFI99133.1	WP_004174810.1	100	361	7.97e-248	672
YFI98063.1	WP_004173873.1	100	361	2.87e-266	719
YFI96488.1	WP_004223727.1	100	361	9.46e-256	692
YFI96270.1	WP_004224050.1	99.7	361	1.01e-275	743
YFI95951.1	WP_004224389.1	100	361	5.03e-276	743
YFI95880.1	WP_002902965.1	100	361	3.22e-208	572
YFJ00391.1	WP_004174420.1	100	360	1.12e-265	717
YFI99820.1	WP_002910403.1	100	360	2.51e-255	691
YFI98013.1	WP_004901581.1	100	353	9.30e-263	709
YFI97498.1	WP_002886956.1	100	360	2.06e-254	689
YFI97233.1	WP_002888562.1	100	360	2.09e-263	711
YFI96715.1	WP_004223459.1	100	360	3.47e-262	708
YFJ00298.1	WP_004176149.1	100	359	1.32e-270	729
YFI99960.1	WP_004148647.1	100	359	1.88e-270	729
YFI99194.1	WP_004899827.1	100	359	2.08e-258	699
YFI99033.1	WP_004174694.1	100	359	3.25e-271	731
YFI98708.1	WP_004144748.1	100	359	6.04e-267	720
YFI97717.1	WP_004221880.1	100	359	7.88e-263	710
YFI96689.1	WP_004223497.1	100	359	1.63e-223	610
YFJ00526.1	WP_004141771.1	100	358	3.64e-270	728
YFI99510.1	WP_004180517.1	100	358	5.13e-263	710
YFI98848.1	WP_004900314.1	100	358	3.93e-267	721
YFI98140.1	WP_004181527.1	100	358	7.08e-270	728
YFI97841.1	WP_004901843.1	100	358	2.47e-270	729
YFI96863.1	WP_004151323.1	100	358	1.43e-269	727
YFI98010.1	WP_004901590.1	100	357	4.75e-263	710
YFI97486.1	WP_004222208.1	100	357	1.36e-262	709
YFI97344.1	WP_004146038.1	100	357	7.75e-253	684
YFI95703.1	WP_004183965.1	100	357	1.07e-259	702
YFI99963.1	WP_002908292.1	100	356	2.96e-261	706
YFI99760.1	WP_002910887.1	100	356	3.76e-264	713
YFI99119.1	WP_004899928.1	100	356	1.26e-262	709
YFI98586.1	WP_002917682.1	100	356	2.65e-264	713
YFI98294.1	WP_004150074.1	100	356	1.41e-259	701
YFI97230.1	WP_002888566.1	100	356	5.49e-257	695
YFI96905.1	WP_002892007.1	100	356	3.97e-250	677
YFI96296.1	WP_002898408.1	100	356	3.46e-260	703
YFI95892.1	WP_004224497.1	100	356	5.73e-259	700
YFI99553.1	WP_004899355.1	100	355	3.52e-248	672
YFI99538.1	WP_004144133.1	100	355	3.38e-271	731
YFI99087.1	WP_004145695.1	100	355	5.37e-268	723
YFI99054.1	WP_004900048.1	100	355	9.23e-228	621
YFI97845.1	WP_004181645.1	100	355	1.95e-270	729
YFI97454.1	WP_004222310.1	100	355	1.80e-266	719
YFI97451.1	WP_004222319.1	99.7	355	2.45e-264	713
YFI97422.1	WP_004222390.1	99.7	355	3.40e-200	551
YFI97411.1	WP_002887394.1	100	355	5.45e-252	682
YFI96862.1	WP_004223112.1	100	355	4.60e-269	725
YFI96655.1	WP_002893591.1	100	355	7.93e-245	664
YFI99394.1	WP_004899526.1	100	354	1.26e-261	706
YFI98471.1	WP_004181419.1	100	354	1.55e-271	731
YFI97771.1	WP_004178235.1	100	354	1.37e-265	716
YFI97663.1	WP_004221968.1	100	354	9.49e-257	694
YFI97582.1	WP_004222078.1	100	354	1.63e-282	759
YFI97410.1	WP_002887411.1	100	354	3.80e-247	670
YFI96981.1	WP_002890390.1	100	354	2.43e-259	701
YFI96625.1	WP_002894036.1	100	354	6.13e-253	684
YFI96217.1	WP_002898987.1	100	354	8.95e-271	729
YFI95710.1	WP_004224692.1	100	354	3.80e-247	670
YFJ00215.1	WP_029884504.1	100	353	6.72e-261	704
YFJ00143.1	WP_004898548.1	100	353	3.92e-228	622
YFI99978.1	WP_004898723.1	100	353	1.77e-256	693
YFI99539.1	WP_004149000.1	100	353	6.18e-257	694
YFI99271.1	WP_004180822.1	100	353	1.03e-186	517
YFI99217.1	WP_002913806.1	100	353	2.03e-230	627
YFI99098.1	WP_004899963.1	100	353	3.33e-261	705
YFI97604.1	WP_004178332.1	100	353	2.25e-259	701
YFI97368.1	WP_004222497.1	100	353	1.98e-253	686
YFI96701.1	WP_004223491.1	99.7	353	4.05e-262	707
YFI95986.1	WP_004140239.1	100	353	3.67e-249	675
YFJ00534.1	WP_004223714.1	100	352	8.34e-250	676
YFJ00451.1	WP_009484368.1	100	352	9.33e-263	710
YFJ00372.1	WP_004224744.1	100	352	3.51e-250	677
YFI99931.1	WP_004898811.1	100	352	4.02e-257	695
YFI99550.1	WP_002911885.1	100	352	5.96e-259	699
YFI99037.1	WP_002914769.1	100	352	5.03e-251	679
YFI98679.1	WP_002916628.1	100	352	1.13e-272	734
YFI98573.1	WP_004900787.1	100	352	2.04e-275	741
YFI98456.1	WP_002918568.1	100	352	1.44e-250	678
YFI98146.1	WP_004196077.1	100	352	1.94e-264	713
YFI98118.1	WP_004151500.1	100	352	1.25e-260	704
YFI96142.1	WP_004224164.1	100	352	3.86e-255	690
YFJ00017.1	WP_004898669.1	100	343	3.49e-260	702
YFI98891.1	WP_004900253.1	100	351	2.12e-247	670
YFI98880.1	WP_004900263.1	99.7	351	3.28e-251	680
YFI97089.1	WP_002889726.1	100	351	6.71e-260	702
YFJ00283.1	WP_004151868.1	100	350	9.45e-255	689
YFJ00080.1	WP_004898599.1	100	350	5.10e-259	699
YFI99951.1	WP_004148676.1	100	350	1.58e-237	645
YFI99474.1	WP_004899485.1	100	350	1.63e-255	691
YFI99393.1	WP_004140821.1	100	350	1.20e-257	696
YFI98277.1	WP_004173994.1	99.1	351	1.87e-243	660
YFI97055.1	WP_004144576.1	100	350	5.10e-259	699
YFI96930.1	WP_004178752.1	100	350	1.42e-265	716
YFI96510.1	WP_004223705.1	100	350	3.74e-261	705
YFI95983.1	WP_004224301.1	100	350	4.33e-235	639
YFI99430.1	WP_002912935.1	100	349	9.21e-241	653
YFI98949.1	WP_004185423.1	100	349	2.24e-257	695
YFI98267.1	WP_004145147.1	100	349	4.86e-220	601
YFI98086.1	WP_004901462.1	100	349	2.09e-262	708
YFI97950.1	WP_004146229.1	100	349	1.45e-253	686
YFI97034.1	WP_004144594.1	100	349	4.09e-244	662
YFI99891.1	WP_004898885.1	99.7	348	2.42e-256	692
YFI99815.1	WP_004175547.1	100	348	1.29e-251	681
YFI99232.1	WP_004899770.1	100	348	4.74e-263	709
YFI98941.1	WP_004174643.1	100	348	1.63e-254	688
YFI98685.1	WP_004185615.1	100	348	1.75e-249	675
YFI97848.1	WP_002883296.1	100	348	3.16e-252	682
YFI97353.1	WP_002887653.1	99.4	348	6.37e-252	681
YFI96568.1	WP_004176871.1	100	348	2.38e-247	670
YFI96507.1	WP_032448147.1	100	334	9.35e-262	706
YFI96213.1	WP_004176586.1	100	348	7.86e-262	706
YFI96159.1	WP_004140590.1	100	348	3.20e-261	705
YFI96020.1	WP_002901758.1	100	348	2.85e-239	649
YFJ00536.1	WP_002895074.1	100	347	2.24e-256	692
YFJ00256.1	WP_004199950.1	100	347	1.40e-234	637
YFI98440.1	WP_002918653.1	100	347	2.11e-245	665
YFI97217.1	WP_004145938.1	100	347	2.50e-253	685
YFI96508.1	WP_004223707.1	100	347	4.76e-267	719
YFI96118.1	WP_004179363.1	100	347	1.59e-240	652
YFI96080.1	WP_004176528.1	100	347	1.45e-252	683
YFJ00239.1	WP_004224969.1	100	346	3.38e-246	667
YFJ00088.1	WP_002907650.1	100	346	1.52e-258	698
YFI98828.1	WP_004900348.1	100	346	4.00e-254	687
YFI98527.1	WP_004188467.1	100	346	3.24e-244	662
YFI97989.1	WP_004901623.1	99.7	346	7.42e-250	676
YFI96476.1	WP_002895580.1	100	346	5.08e-257	694
YFJ00361.1	WP_004224754.1	100	345	1.13e-273	736
YFJ00137.1	WP_002906792.1	100	345	1.71e-259	700
YFI99976.1	WP_004898730.1	100	345	4.90e-259	699
YFI99945.1	WP_004898780.1	100	345	5.88e-251	679
YFI99902.1	WP_001545318.1	99.7	345	6.89e-218	595
YFI99486.1	WP_004151133.1	100	345	1.17e-241	655
YFI99208.1	WP_002913836.1	100	345	1.15e-257	696
YFI98300.1	WP_004181468.1	100	345	6.21e-262	706
YFI96682.1	WP_004223507.1	100	345	2.05e-251	680
YFI99221.1	WP_002913802.1	100	344	3.94e-244	661
YFI98567.1	WP_004174225.1	100	344	2.23e-234	637
YFI97911.1	WP_002882892.1	100	344	9.41e-252	681
YFI97623.1	WP_029884094.1	100	344	1.37e-244	662
YFI96704.1	WP_004223486.1	100	344	4.53e-259	699
YFI96066.1	WP_004179410.1	100	344	2.24e-259	700
YFI95937.1	WP_004224405.1	100	344	5.59e-244	661
YFI95758.1	WP_002903679.1	100	344	5.48e-219	598
YFJ00542.1	WP_002894692.1	100	343	6.30e-245	663
YFI99900.1	WP_004898876.1	100	343	3.85e-255	689
YFI98981.1	WP_004185408.1	100	343	4.50e-254	686
YFI98234.1	WP_002921337.1	100	343	2.99e-243	659
YFI97702.1	WP_004177837.1	100	343	1.09e-245	665
YFI97114.1	WP_002889450.1	100	343	7.67e-246	665
YFI96750.1	WP_004223399.1	99.7	343	1.64e-256	692
YFJ00549.1	WP_004223415.1	99.7	342	3.34e-221	604
YFJ00368.1	WP_004176215.1	100	342	3.56e-255	689
YFI98706.1	WP_002916512.1	100	342	3.42e-253	684
YFI97898.1	WP_002882921.1	100	342	2.58e-248	672
YFI97794.1	WP_004901905.1	100	342	1.30e-257	695
YFI97618.1	WP_002885500.1	100	342	1.62e-251	680
YFI97350.1	WP_004222531.1	100	342	2.69e-250	677
YFI97289.1	WP_004222626.1	100	342	3.82e-250	676
YFI96622.1	WP_004183373.1	100	342	2.54e-239	649
YFI96613.1	WP_002894255.1	100	342	1.49e-247	670
YFI96207.1	WP_014599123.1	99.7	311	4.86e-225	612
YFI95856.1	WP_004179669.1	100	342	7.09e-246	665
YFI95853.1	WP_004183880.1	100	342	6.51e-242	655
YFJ00052.1	WP_002907778.1	100	341	1.01e-249	675
YFI99950.1	WP_004898773.1	100	341	3.63e-211	578
YFI99414.1	WP_004149131.1	99.7	341	1.29e-252	682
YFI98777.1	WP_004174502.1	100	341	4.86e-232	630
YFI98149.1	WP_004901345.1	100	341	1.03e-258	698
YFI97545.1	WP_004152011.1	100	341	1.81e-227	619
YFI97134.1	WP_002889327.1	100	341	5.60e-192	529
YFI96762.1	WP_004147417.1	99.7	341	1.75e-250	677
YFJ00630.1	WP_004214536.1	100	340	1.09e-248	672
YFJ00551.1	WP_002892599.1	100	340	7.98e-229	622
YFJ00300.1	WP_004176158.1	100	340	1.62e-250	677
YFI99437.1	WP_002912919.1	100	340	1.22e-245	665
YFI98912.1	WP_004174621.1	100	340	4.20e-237	643
YFI96711.1	WP_004191458.1	100	340	1.03e-262	708
YFI96667.1	WP_004223530.1	100	340	2.54e-238	646
YFI96195.1	WP_004176577.1	100	340	5.43e-249	673
YFI95872.1	WP_014599142.1	100	340	6.89e-252	681
YFJ00224.1	WP_004224999.1	100	339	1.77e-258	697
YFI98765.1	WP_004149693.1	100	339	2.04e-248	672
YFI98210.1	WP_002921786.1	100	339	4.94e-240	650
YFI98156.1	WP_002922427.1	100	339	2.56e-242	656
YFI97482.1	WP_004178400.1	100	339	3.16e-252	681
YFI97073.1	WP_002889881.1	100	339	8.92e-243	657
YFI96748.1	WP_004191476.1	100	339	5.86e-248	671
YFI96167.1	WP_004140602.1	100	339	8.98e-227	617
YFI96084.1	WP_002901285.1	100	339	1.01e-248	672
YFJ00416.1	WP_004890481.1	100	338	1.53e-238	647
YFJ00170.1	WP_004898490.1	100	338	1.76e-253	684
YFI99937.1	WP_004898794.1	100	338	3.76e-239	648
YFI99806.1	WP_032447670.1	100	338	6.56e-256	691
YFI99257.1	WP_002913628.1	100	338	5.05e-253	683
YFI98857.1	WP_004900295.1	100	338	1.03e-236	642
YFI98825.1	WP_002915981.1	100	338	2.11e-245	664
YFI98470.1	WP_002918451.1	100	338	6.59e-249	673
YFI98199.1	WP_002921918.1	100	338	1.12e-240	652
YFI98127.1	WP_004901383.1	100	338	1.25e-262	707
YFI97382.1	WP_004222478.1	100	338	1.05e-245	665
YFI97337.1	WP_004222537.1	100	338	1.51e-254	687
YFI96506.1	WP_002895150.1	100	338	1.29e-255	690
YFJ00669.1	WP_004210218.1	100	337	2.78e-245	664
YFJ00122.1	WP_004898560.1	100	337	2.86e-238	646
YFI99859.1	WP_004151853.1	100	337	4.42e-242	655
YFI99848.1	WP_002910107.1	100	337	2.90e-247	669
YFI99315.1	WP_002913227.1	100	337	1.21e-239	649
YFI99022.1	WP_004900080.1	100	337	6.44e-235	637
YFI99019.1	WP_004174685.1	100	337	1.48e-240	652
YFI98608.1	WP_004900709.1	100	337	4.61e-244	660
YFI98250.1	WP_002921192.1	100	337	3.33e-237	643
YFI98213.1	WP_002921784.1	99.7	337	1.18e-246	667
YFI98051.1	WP_004901533.1	100	337	6.10e-249	673
YFI97703.1	WP_004221915.1	100	337	8.91e-242	655
YFI97490.1	WP_004186740.1	100	337	3.53e-248	671
YFI96372.1	WP_002896399.1	100	337	2.81e-254	686
YFI96112.1	WP_004176549.1	100	337	1.27e-241	654
YFI95977.1	WP_004224312.1	100	337	4.94e-239	648
YFI95934.1	WP_004152912.1	100	337	3.48e-239	648
YFJ00184.1	WP_002906221.1	100	336	2.57e-245	664
YFJ00118.1	WP_004898566.1	100	336	1.97e-249	674
YFI99695.1	WP_004148860.1	100	336	5.80e-242	655
YFI99440.1	WP_002912871.1	100	336	6.38e-230	625
YFI99002.1	WP_004900109.1	100	336	3.22e-239	648
YFI98109.1	WP_002922903.1	100	336	1.94e-240	651
YFI97367.1	WP_004222500.1	100	336	7.16e-252	680
YFI96745.1	WP_004177008.1	100	334	4.81e-245	663
YFI96681.1	WP_004223509.1	100	336	1.17e-241	654
YFI96308.1	WP_002898303.1	99.7	336	1.62e-248	672
YFI96187.1	WP_004179329.1	100	336	4.07e-243	658
YFI96128.1	WP_004140509.1	100	336	1.31e-238	647
YFJ00515.1	WP_004179336.1	100	335	3.28e-252	681
YFJ00148.1	WP_004898544.1	100	335	1.21e-238	647
YFI99930.1	WP_004898813.1	100	335	4.53e-234	635
YFI99403.1	WP_004899515.1	100	335	1.16e-236	642
YFI98519.1	WP_002918234.1	100	335	2.12e-248	671
YFI98089.1	WP_004901456.1	100	335	1.87e-242	656
YFI97919.1	WP_014599295.1	100	334	1.20e-231	629
YFI97675.1	WP_004221949.1	100	335	2.12e-248	671
YFI97421.1	WP_004178473.1	100	335	9.68e-245	662
YFI96749.1	WP_004177011.1	100	335	1.21e-238	647
YFI96640.1	WP_004223587.1	100	335	2.57e-224	610
YFJ00729.1	WP_032412871.1	100	332	4.16e-229	622
YFJ00353.1	WP_004224758.1	100	334	1.33e-246	667
YFJ00106.1	WP_002907483.1	100	334	1.73e-242	656
YFJ00051.1	WP_002907780.1	100	334	1.40e-257	694
YFI99860.1	WP_002910083.1	100	334	4.63e-247	668
YFI99685.1	WP_004899169.1	100	334	4.68e-256	691
YFI99523.1	WP_004899413.1	100	334	5.87e-250	675
YFI98349.1	WP_002920253.1	100	334	9.34e-247	667
YFI97920.1	WP_004901714.1	99.7	334	1.10e-229	624
YFI97880.1	WP_004181637.1	100	334	3.96e-248	671
YFI97592.1	WP_002885662.1	100	334	3.16e-229	623
YFI97506.1	WP_002886946.1	100	334	8.95e-245	662
YFI97240.1	WP_004145952.1	100	334	1.05e-243	659
YFI96611.1	WP_004223619.1	99.7	334	1.91e-230	626
YFI96193.1	WP_004147932.1	100	334	1.24e-251	679
YFJ00401.1	WP_004900359.1	99.7	333	8.89e-243	657
YFJ00299.1	WP_015874807.1	100	333	2.57e-226	615
YFJ00089.1	WP_004151209.1	100	333	1.18e-244	662
YFI99478.1	WP_004180590.1	100	333	4.79e-244	660
YFI98569.1	WP_002917725.1	100	333	7.30e-239	647
YFI98437.1	WP_004211677.1	100	333	2.06e-254	686
YFI98219.1	WP_002921526.1	100	333	3.05e-256	691
YFI96370.1	WP_004176702.1	100	333	5.83e-245	662
YFJ00395.1	WP_045145301.1	100	332	2.29e-246	666
YFI99903.1	WP_004189482.1	100	332	1.00e-240	652
YFI99438.1	WP_002912878.1	100	332	1.73e-241	654
YFI99274.1	WP_002913439.1	100	332	2.07e-233	633
YFI99053.1	WP_004149446.1	100	332	1.13e-246	667
YFI98756.1	WP_004149719.1	100	332	2.36e-239	648
YFI98568.1	WP_002917727.1	100	332	3.68e-227	617
YFI97855.1	WP_004901827.1	100	332	8.68e-251	677
YFI97721.1	WP_004214118.1	100	332	1.29e-252	682
YFI97673.1	WP_002885172.1	100	332	1.95e-222	605
YFI97544.1	WP_002886825.1	100	332	1.56e-228	621
YFI97543.1	WP_002886827.1	100	332	9.72e-248	669
YFI96626.1	WP_002894035.1	100	332	1.31e-220	601
YFI95876.1	WP_004148231.1	100	332	5.17e-243	657
YFI95864.1	WP_002903227.1	100	332	5.55e-238	645
YFJ00668.1	WP_004225018.1	100	331	3.01e-246	665
YFJ00200.1	WP_004151245.1	100	331	2.34e-234	635
YFI99946.1	WP_004148681.1	100	331	2.12e-246	666
YFI99905.1	WP_004898846.1	100	331	5.42e-249	672
YFI99188.1	WP_004149336.1	100	331	2.27e-186	514
YFI98979.1	WP_004174663.1	100	331	5.52e-217	592
YFI98809.1	WP_004149647.1	100	331	3.37e-243	658
YFI98795.1	WP_004900381.1	98.8	331	4.54e-231	627
YFI98521.1	WP_002918232.1	100	331	7.70e-249	672
YFI98302.1	WP_002920777.1	100	331	1.08e-239	649
YFI98181.1	WP_004901304.1	100	331	6.07e-246	665
YFI98176.1	WP_004152040.1	100	331	3.87e-233	632
YFI97925.1	WP_004146243.1	100	331	7.93e-242	654
YFI96535.1	WP_004223689.1	100	331	1.41e-235	639
YFI96499.1	WP_004183458.1	100	331	5.26e-256	690
YFI96451.1	WP_002895745.1	100	331	2.15e-191	527
YFI96090.1	WP_002901243.1	100	331	4.78e-243	657
YFI95869.1	WP_004224542.1	100	331	3.37e-243	658
YFJ00225.1	WP_004189934.1	100	330	2.48e-249	673
YFI99283.1	WP_004174934.1	100	330	1.13e-245	664
YFI98953.1	WP_002915106.1	100	330	6.64e-229	622
YFI98441.1	WP_004149974.1	100	330	4.18e-232	630
YFI97973.1	WP_002882514.1	100	330	2.67e-244	660
YFI97964.1	WP_032448128.1	100	327	1.73e-237	643
YFI97818.1	WP_002883412.1	100	330	1.02e-257	694
YFI96641.1	WP_004223582.1	100	330	6.09e-225	612
YFI96444.1	WP_002895757.1	100	330	5.31e-235	637
YFI96000.1	WP_004140266.1	100	330	1.44e-248	671
YFJ00014.1	WP_004898677.1	100	329	8.70e-254	684
YFJ00012.1	WP_004184309.1	100	329	3.66e-246	665
YFI99776.1	WP_002910762.1	100	329	3.76e-239	647
YFI98558.1	WP_004900816.1	100	329	4.58e-240	650
YFI98409.1	WP_002919219.1	100	329	2.96e-236	640
YFI98137.1	WP_004173909.1	100	329	1.39e-250	676
YFI98102.1	WP_004901431.1	100	329	1.05e-245	664
YFI97274.1	WP_002888327.1	100	329	3.93e-241	652
YFI96610.1	WP_004183384.1	100	329	5.40e-223	607
YFI96465.1	WP_002895665.1	100	329	1.55e-247	669
YFI95992.1	WP_002901905.1	100	324	4.96e-236	639
YFI95916.1	WP_002902515.1	100	329	5.35e-239	647
YFJ00311.1	WP_004190089.1	100	328	4.29e-249	672
YFJ00179.1	WP_004898473.1	100	328	3.48e-239	647
YFI99919.1	WP_004180358.1	100	328	1.36e-236	641
YFI99884.1	WP_004151850.1	100	328	1.63e-228	620
YFI99771.1	WP_045145374.1	99.7	328	7.95e-254	685
YFI99601.1	WP_004141132.1	100	328	6.46e-235	637
YFI98975.1	WP_004900144.1	100	328	4.67e-228	619
YFI98544.1	WP_002917922.1	100	328	2.06e-256	691
YFI98484.1	WP_004900908.1	100	328	7.53e-234	634
YFI97958.1	WP_004901659.1	100	328	9.40e-253	682
YFI97917.1	WP_002882880.1	100	328	9.02e-226	613
YFI97884.1	WP_004901768.1	100	287	2.93e-212	578
YFI97172.1	WP_004222697.1	100	328	5.53e-236	639
YFI97065.1	WP_004222841.1	100	328	2.67e-243	658
YFI96702.1	WP_004147471.1	100	328	1.75e-248	671
YFI95684.1	WP_004224724.1	100	328	3.34e-237	642
YFJ00006.1	WP_004898689.1	100	327	3.80e-247	667
YFI99877.1	WP_002909105.1	100	327	3.36e-241	652
YFI98732.1	WP_002916313.1	100	327	1.86e-238	645
YFI98578.1	WP_004900771.1	100	327	1.41e-233	633
YFI98261.1	WP_002921035.1	100	327	1.16e-232	631
YFI98212.1	WP_004901233.1	100	327	3.09e-237	642
YFI98142.1	WP_004901362.1	100	327	2.68e-247	668
YFI97719.1	WP_004186480.1	100	327	2.54e-236	640
YFI97420.1	WP_002887349.1	100	327	3.76e-238	645
YFI97256.1	WP_004147041.1	100	327	2.76e-240	650
YFI95925.1	WP_004148192.1	100	327	8.25e-242	654
YFI95899.1	WP_004151585.1	100	316	1.48e-230	625
YFJ00444.1	WP_002911507.1	100	326	4.28e-223	607
YFJ00105.1	WP_004148564.1	100	326	1.15e-227	618
YFI99899.1	WP_002909008.1	100	326	1.95e-244	660
YFI99675.1	WP_002911518.1	100	326	8.90e-241	651
YFI99627.1	WP_004899673.1	97.2	326	7.63e-242	654
YFI99533.1	WP_032448055.1	99.7	326	1.25e-231	628
YFI99167.1	WP_004185122.1	100	326	1.20e-229	623
YFI99125.1	WP_002914110.1	100	326	1.04e-239	649
YFI99031.1	WP_004890251.1	100	326	1.93e-235	638
YFI98691.1	WP_004900568.1	100	326	4.74e-236	639
YFI97935.1	WP_004901692.1	99.7	326	1.16e-236	641
YFI96708.1	WP_004176981.1	100	326	6.34e-225	611
YFI96609.1	WP_002894353.1	100	326	5.53e-235	637
YFI96331.1	WP_004224017.1	100	326	2.10e-239	648
YFI96078.1	WP_004224211.1	100	326	1.72e-238	645
YFI95820.1	WP_004899673.1	98.2	326	1.18e-245	664
YFJ00567.1	WP_004222807.1	99.7	325	1.73e-242	655
YFJ00463.1	WP_002908380.1	100	317	4.95e-231	626
YFJ00272.1	WP_002905232.1	100	325	1.24e-226	615
YFI99420.1	WP_004180647.1	100	325	3.50e-242	655
YFI99352.1	WP_002913156.1	100	325	2.64e-237	642
YFI99313.1	WP_004899591.1	100	325	2.43e-233	632
YFI98973.1	WP_029884157.1	100	325	9.22e-238	644
YFI98485.1	WP_002918397.1	100	325	3.33e-215	587
YFI97608.1	WP_004146714.1	100	325	2.02e-241	653
YFJ00362.1	WP_004224752.1	100	324	1.13e-242	656
YFI99699.1	WP_004899153.1	100	324	2.47e-246	665
YFI99144.1	WP_002914067.1	100	324	1.43e-245	663
YFI97510.1	WP_002886940.1	99.7	324	2.28e-242	655
YFI97019.1	WP_002890201.1	100	324	1.52e-231	628
YFI96967.1	WP_004191727.1	100	324	7.31e-239	646
YFI96017.1	WP_004224280.1	100	324	1.41e-236	640
YFJ00697.1	WP_004026332.1	99.7	323	3.54e-236	642
YFJ00594.1	WP_002886691.1	100	323	1.36e-238	645
YFJ00025.1	WP_004898655.1	100	323	1.17e-239	648
YFI99737.1	WP_002910917.1	100	323	1.61e-221	602
YFI99566.1	WP_002911798.1	100	323	4.56e-237	642
YFI99269.1	WP_002913498.1	100	323	1.91e-229	622
YFI98565.1	WP_004900805.1	100	323	3.39e-223	607
YFI98557.1	WP_004144845.1	100	323	2.49e-225	612
YFI98494.1	WP_004144907.1	100	323	3.45e-232	629
YFI98195.1	WP_004145219.1	100	323	2.43e-232	630
YFI97418.1	WP_004222402.1	100	323	6.39e-228	619
YFI97335.1	WP_004146029.1	100	323	5.33e-236	639
YFI96977.1	WP_002890403.1	100	323	4.31e-226	614
YFI96968.1	WP_004222984.1	100	323	1.42e-240	650
YFJ00694.1	WP_004225014.1	100	322	1.32e-240	650
YFJ00671.1	WP_004225014.1	100	322	1.32e-240	650
YFJ00638.1	WP_004225014.1	100	322	1.32e-240	650
YFJ00341.1	WP_004225014.1	100	322	1.32e-240	650
YFJ00289.1	WP_004225014.1	100	322	1.32e-240	650
YFJ00259.1	WP_004225014.1	100	322	1.32e-240	650
YFJ00156.1	WP_004898533.1	100	322	1.45e-228	620
YFJ00010.1	WP_004898683.1	100	322	1.79e-238	645
YFI99715.1	WP_002911397.1	99.7	322	9.80e-239	646
YFI99524.1	WP_004225014.1	100	322	1.32e-240	650
YFI99100.1	WP_004225014.1	100	322	1.32e-240	650
YFI99065.1	WP_004225014.1	100	322	1.32e-240	650
YFI98871.1	WP_004225014.1	100	322	1.32e-240	650
YFI98761.1	WP_004225014.1	100	322	1.32e-240	650
YFI97475.1	WP_004225014.1	100	322	1.32e-240	650
YFI97459.1	WP_004225014.1	100	322	1.32e-240	650
YFI97243.1	WP_004147057.1	100	316	9.27e-235	635
YFI97197.1	WP_004225014.1	100	322	1.32e-240	650
YFI96441.1	WP_004179105.1	100	322	2.65e-240	650
YFI96367.1	WP_004147771.1	100	322	2.77e-242	655
YFI96353.1	WP_004141839.1	100	322	1.98e-235	638
YFI96284.1	WP_004225014.1	100	322	1.32e-240	650
YFI99365.1	WP_004899567.1	100	321	3.59e-233	632
YFI99286.1	WP_002913377.1	100	321	9.59e-238	643
YFI99026.1	WP_004174691.1	100	321	7.77e-228	618
YFI98497.1	WP_004149938.1	100	321	2.49e-224	609
YFI97967.1	WP_002882531.1	100	321	3.71e-210	573
YFI96590.1	WP_002894467.1	100	321	1.80e-242	655
YFI96458.1	WP_002895728.1	100	321	9.07e-227	615
YFI96274.1	WP_004224047.1	100	321	2.45e-240	650
YFI96178.1	WP_002900790.1	100	319	4.94e-235	636
YFI96063.1	WP_004224242.1	100	321	1.32e-244	660
YFI95998.1	WP_002901816.1	100	321	7.77e-228	618
YFI95981.1	WP_004224304.1	100	321	4.19e-232	629
YFJ00434.1	WP_004899237.1	99.7	320	2.32e-232	630
YFI99944.1	WP_004143317.1	100	320	3.98e-225	611
YFI99056.1	WP_002914327.1	100	320	2.54e-237	642
YFI98992.1	WP_004181055.1	100	320	1.81e-221	602
YFI98145.1	WP_004901354.1	100	320	4.22e-236	639
YFI97904.1	WP_002882911.1	100	320	2.97e-236	639
YFI97793.1	WP_002883521.1	100	320	4.04e-234	634
YFI97605.1	WP_004222053.1	100	320	2.85e-234	634
YFI97024.1	WP_002890192.1	100	320	4.85e-226	613
YFI96988.1	WP_002890372.1	100	320	2.18e-238	645
YFI96882.1	WP_004223083.1	99.7	320	1.87e-239	647
YFI96269.1	WP_002898582.1	100	313	1.73e-231	627
YFI96169.1	WP_004140612.1	100	320	2.40e-226	614
YFJ00468.1	WP_004189593.1	100	319	2.83e-229	622
YFJ00378.1	WP_004901035.1	100	319	2.81e-250	676
YFJ00028.1	WP_004189671.1	100	319	7.76e-227	615
YFI98874.1	WP_004174579.1	100	319	5.37e-243	656
YFI98000.1	WP_004901602.1	100	319	1.48e-240	650
YFI97990.1	WP_004145004.1	100	319	8.32e-222	603
YFI97445.1	WP_004214857.1	100	319	1.21e-239	648
YFI97128.1	WP_004145855.1	100	319	1.34e-227	617
YFI97072.1	WP_002889884.1	100	319	6.94e-230	623
YFI96638.1	WP_004147526.1	100	319	1.10e-226	615
YFI95764.1	WP_004148291.1	100	319	5.74e-213	580
YFJ00640.1	WP_004213250.1	100	318	4.21e-235	636
YFI99557.1	WP_004899347.1	100	318	2.54e-236	639
YFI99234.1	WP_004174884.1	100	318	3.18e-230	624
YFI99141.1	WP_002914070.1	100	318	5.90e-226	613
YFI98788.1	WP_004900395.1	100	318	1.06e-228	620
YFI98150.1	WP_004901342.1	100	318	3.05e-228	619
YFI97652.1	WP_004146678.1	100	318	7.81e-231	625
YFI97547.1	WP_004222126.1	99.7	318	8.98e-221	600
YFI97417.1	WP_002887352.1	100	318	2.21e-221	602
YFI97398.1	WP_004222432.1	100	318	1.41e-233	632
YFI96483.1	WP_004223747.1	100	318	7.28e-236	638
YFJ00301.1	WP_004151648.1	100	317	5.37e-217	590
YFI98141.1	WP_004901364.1	100	317	3.26e-252	679
YFI98085.1	WP_004901466.1	100	317	1.12e-234	635
YFI97815.1	WP_002883415.1	100	317	1.36e-235	637
YFI97314.1	WP_004222589.1	100	317	1.34e-226	615
YFI96730.1	WP_004147443.1	100	317	2.52e-231	627
YFI96684.1	WP_004178910.1	100	317	7.43e-224	608
YFI96386.1	WP_002896371.1	100	317	2.07e-230	624
YFI96205.1	WP_004147927.1	100	317	1.52e-224	610
YFI96201.1	WP_002899288.1	100	317	1.34e-226	615
YFJ00545.1	WP_004183375.1	99.7	316	5.38e-226	614
YFJ00514.1	WP_014599125.1	100	316	1.92e-230	624
YFJ00027.1	WP_004200149.1	100	315	1.02e-227	617
YFI99936.1	WP_004898796.1	100	316	8.97e-220	597
YFI99587.1	WP_004175385.1	100	316	1.58e-229	622
YFI99452.1	WP_004151126.1	100	315	3.67e-221	601
YFI99089.1	WP_004145693.1	100	316	1.12e-238	645
YFI98757.1	WP_004149718.1	100	316	1.86e-237	642
YFI98695.1	WP_002916600.1	100	316	1.79e-235	637
YFI97899.1	WP_004901737.1	100	316	8.58e-179	494
YFI97826.1	WP_002883400.1	100	316	7.18e-226	613
YFI97792.1	WP_015959237.1	100	316	3.57e-231	626
YFI97596.1	WP_002885652.1	100	316	4.33e-227	616
YFI97299.1	WP_002887979.1	100	316	8.73e-227	615
YFI97210.1	WP_004177405.1	100	316	1.89e-255	687
YFI96650.1	WP_004223559.1	100	316	2.50e-226	614
YFI95841.1	WP_002903384.1	100	316	1.97e-223	607
YFI95837.1	WP_002903391.1	100	316	8.85e-236	638
YFI95772.1	WP_004224626.1	100	316	6.97e-233	630
YFJ00667.1	WP_004215186.1	100	315	2.66e-216	588
YFJ00649.1	WP_004213921.1	100	315	3.13e-249	672
YFJ00603.1	WP_004177861.1	100	315	1.35e-230	625
YFJ00026.1	WP_004898653.1	100	315	3.15e-224	608
YFI99817.1	WP_002910407.1	100	315	2.70e-225	611
YFI99458.1	WP_004899491.1	100	315	4.87e-228	618
YFI98417.1	WP_004150007.1	99.7	315	4.18e-229	621
YFI97517.1	WP_004192384.1	100	315	3.84e-225	611
YFI96035.1	WP_004190773.1	100	315	8.30e-220	597
YFI95877.1	WP_004183866.1	100	315	6.45e-233	630
YFJ00364.1	WP_004190181.1	100	314	1.84e-227	617
YFJ00313.1	WP_004190093.1	100	314	1.41e-231	627
YFJ00182.1	WP_004898468.1	100	314	8.06e-206	562
YFI99934.1	WP_004898803.1	100	314	3.60e-234	634
YFI99697.1	WP_004180437.1	100	314	8.36e-224	607
YFI98513.1	WP_004144892.1	100	314	1.29e-227	617
YFI98256.1	WP_002921105.1	100	314	8.96e-219	595
YFI96945.1	WP_004223012.1	99.7	314	6.68e-230	623
YFI96512.1	WP_004147641.1	100	314	9.76e-223	605
YFI95682.1	WP_004224725.1	100	314	6.14e-226	613
YFJ00616.1	WP_002923154.1	100	313	1.63e-225	612
YFJ00240.1	WP_004224961.1	100	313	2.41e-227	616
YFI99775.1	WP_002910764.1	100	313	8.07e-226	612
YFI99588.1	WP_023287796.1	100	313	2.52e-229	621
YFI99479.1	WP_002912679.1	100	313	2.34e-234	634
YFI99368.1	WP_004899559.1	100	313	1.21e-211	577
YFI98985.1	WP_004900123.1	100	313	9.03e-191	524
YFI98916.1	WP_002915261.1	100	313	4.87e-227	615
YFI97944.1	WP_004178031.1	100	313	1.65e-234	634
YFI97834.1	WP_002883381.1	100	313	4.67e-225	610
YFI97674.1	WP_002885156.1	100	313	1.05e-221	602
YFI97238.1	WP_002888547.1	100	313	3.84e-224	608
YFI96612.1	WP_004147553.1	100	313	8.07e-226	612
YFI96413.1	WP_004147725.1	100	313	3.84e-224	608
YFI99427.1	WP_002912941.1	100	312	1.35e-228	619
YFI98455.1	WP_002918570.1	100	312	2.20e-218	593
YFI98064.1	WP_002923118.1	100	300	1.04e-204	558
YFI97656.1	WP_004177781.1	100	312	2.43e-231	626
YFI97401.1	WP_004222429.1	100	312	9.18e-211	574
YFI97303.1	WP_002887969.1	100	312	1.51e-225	612
YFI97049.1	WP_029883981.1	100	312	1.11e-227	617
YFI96254.1	WP_004183619.1	100	312	5.31e-210	572
YFI96230.1	WP_002898938.1	100	312	7.56e-235	635
YFJ00722.1	WP_004214545.1	100	311	1.25e-228	619
YFJ00344.1	WP_004224761.1	100	311	1.35e-232	629
YFJ00233.1	WP_004212078.1	99.7	311	3.42e-226	613
YFJ00138.1	WP_002906791.1	100	311	3.88e-232	628
YFI99977.1	WP_004898726.1	100	311	3.61e-237	641
YFI98197.1	WP_002921921.1	100	311	1.28e-221	602
YFI97513.1	WP_002886928.1	100	311	3.28e-224	608
YFI96652.1	WP_002893597.1	100	311	1.67e-217	591
YFI96648.1	WP_004223565.1	100	311	4.29e-220	598
YFI95923.1	WP_004224433.1	100	311	6.44e-231	625
YFJ00246.1	WP_004224949.1	100	310	2.03e-247	667
YFI99871.1	WP_004898920.1	100	310	6.57e-219	595
YFI99584.1	WP_002911739.1	100	310	2.63e-209	570
YFI99445.1	WP_002912862.1	100	310	5.95e-231	625
YFI99305.1	WP_002913346.1	100	310	4.55e-235	635
YFI99084.1	WP_004899999.1	100	310	3.74e-234	633
YFI98468.1	WP_002918455.1	100	310	2.63e-234	634
YFI98449.1	WP_002918639.1	100	310	2.87e-213	580
YFI98147.1	WP_002922463.1	100	310	7.55e-234	632
YFI97965.1	WP_004211174.1	100	309	2.83e-206	563
YFI97366.1	WP_004222502.1	100	308	7.63e-213	579
YFI97025.1	WP_004144601.1	100	310	3.04e-224	608
YFI96603.1	WP_004223635.1	100	310	1.91e-227	616
YFI96538.1	WP_004147614.1	100	310	6.21e-233	630
YFI95848.1	WP_004148259.1	100	310	1.83e-225	611
YFJ00637.1	WP_011154537.1	100	309	6.97e-209	570
YFJ00123.1	WP_002906903.1	100	309	1.23e-218	594
YFI99767.1	WP_002910835.1	100	309	1.90e-222	603
YFI99297.1	WP_004899603.1	100	309	3.23e-214	583
YFI98743.1	WP_004900508.1	100	309	1.43e-217	591
YFI98447.1	WP_002918641.1	100	309	1.98e-224	608
YFI98231.1	WP_004901196.1	100	309	8.06e-224	607
YFI97941.1	WP_004901680.1	99.7	309	1.84e-229	621
YFI97864.1	WP_002883171.1	100	309	9.52e-232	627
YFI97761.1	WP_004146576.1	100	309	1.21e-234	634
YFI97746.1	WP_002884627.1	100	309	1.47e-210	573
YFI97319.1	WP_002887853.1	100	309	1.92e-231	626
YFI97296.1	WP_004178570.1	100	309	4.16e-226	613
YFI96200.1	WP_004224087.1	100	309	5.83e-217	590
YFI95943.1	WP_004179577.1	100	309	1.24e-227	617
YFI95896.1	WP_004148220.1	99.7	309	4.48e-233	632
YFJ00491.1	WP_004224677.1	100	308	4.89e-229	620
YFJ00223.1	WP_004225004.1	99.7	308	2.09e-239	646
YFJ00167.1	WP_004898503.1	100	308	1.65e-236	639
YFJ00151.1	WP_004184216.1	100	308	3.20e-209	570
YFJ00041.1	WP_004898638.1	100	308	1.96e-219	596
YFI99787.1	WP_002910715.1	100	308	2.14e-223	606
YFI99345.1	WP_002913183.1	100	308	5.63e-219	595
YFI99275.1	WP_004899728.1	100	308	2.79e-219	595
YFI98819.1	WP_002915991.1	100	308	2.29e-218	593
YFI98285.1	WP_002920807.1	100	308	6.46e-209	569
YFI97854.1	WP_002883211.1	100	308	1.91e-226	613
YFI97188.1	WP_002888823.1	100	308	1.88e-217	591
YFI95885.1	WP_014599139.1	100	308	1.01e-224	609
YFI95767.1	WP_002903632.1	100	308	3.96e-219	595
YFI95678.1	WP_004179782.1	100	308	1.76e-222	603
YFJ00533.1	WP_004147660.1	100	307	1.21e-225	612
YFJ00360.1	WP_002904781.1	100	307	1.13e-213	581
YFJ00238.1	WP_004224971.1	100	307	1.31e-237	642
YFJ00208.1	WP_004151892.1	100	307	7.40e-219	594
YFJ00097.1	WP_004143800.1	100	307	3.01e-218	593
YFI99990.1	WP_004898706.1	100	307	6.34e-220	597
YFI99010.1	WP_004149485.1	100	307	1.47e-209	571
YFI98032.1	WP_004150274.1	100	307	1.58e-229	621
YFI97732.1	WP_004151749.1	100	307	1.60e-213	581
YFI97062.1	WP_004222846.1	100	307	6.08e-218	592
YFI96747.1	WP_002892597.1	100	307	4.59e-213	580
YFI96741.1	WP_004223408.1	100	307	7.72e-221	599
YFI96449.1	WP_004223785.1	100	307	2.15e-227	616
YFI95941.1	WP_004224395.1	100	307	4.86e-224	607
YFJ00657.1	WP_004213934.1	100	306	2.10e-213	580
YFI99857.1	WP_002910089.1	100	306	1.07e-206	563
YFI99359.1	WP_004899577.1	100	306	6.19e-231	625
YFI99318.1	WP_004149206.1	100	306	1.49e-218	594
YFI98703.1	WP_002916572.1	100	306	1.25e-230	624
YFI97902.1	WP_002882914.1	100	306	5.87e-220	597
YFI97820.1	WP_004901884.1	100	306	6.03e-213	579
YFI97228.1	WP_002888623.1	100	306	4.31e-222	602
YFI97068.1	WP_004222833.1	100	306	6.29e-215	584
YFI96760.1	WP_002892400.1	100	306	1.85e-232	629
YFI96752.1	WP_002892496.1	100	306	4.88e-228	617
YFI96410.1	WP_002892997.1	100	306	5.63e-218	592
YFI96218.1	WP_004150825.1	100	306	1.47e-238	644
YFI95768.1	WP_004224630.1	100	306	2.20e-215	585
YFJ00209.1	WP_004148478.1	100	305	4.85e-223	605
YFJ00020.1	WP_004898663.1	100	305	1.01e-215	586
YFI99586.1	WP_002911729.1	100	305	3.45e-207	565
YFI99456.1	WP_002912823.1	100	305	3.51e-216	587
YFI98991.1	WP_004890185.1	100	305	4.65e-221	600
YFI98896.1	WP_002915545.1	100	305	1.89e-220	598
YFI98124.1	WP_004173902.1	100	305	1.24e-225	611
YFI97943.1	WP_004901674.1	100	305	1.24e-225	611
YFI97877.1	WP_002883015.1	100	305	2.40e-223	605
YFI97676.1	WP_004146663.1	100	305	1.98e-222	603
YFI97649.1	WP_002885338.1	100	305	3.41e-223	605
YFI97224.1	WP_002888632.1	100	305	4.33e-226	612
YFI96872.1	WP_002892258.1	100	305	3.43e-168	466
YFJ00277.1	WP_004224889.1	100	304	7.76e-224	607
YFJ00194.1	WP_004898442.1	100	304	2.91e-219	595
YFI99882.1	WP_002909089.1	100	304	7.98e-217	589
YFI99810.1	WP_002910453.1	100	304	8.56e-212	576
YFI99780.1	WP_004175489.1	100	304	3.89e-208	567
YFI99762.1	WP_004899079.1	100	304	1.99e-226	613
YFI99563.1	WP_004899327.1	100	304	1.38e-217	591
YFI99470.1	WP_004151129.1	100	304	2.99e-212	577
YFI98993.1	WP_004151053.1	100	304	1.46e-228	619
YFI98076.1	WP_002923020.1	100	304	7.03e-211	574
YFI97298.1	WP_004222613.1	100	304	1.57e-223	606
YFI97000.1	WP_002890286.1	100	304	1.99e-226	613
YFI96437.1	WP_004223804.1	100	304	5.52e-233	630
YFI96423.1	WP_002895871.1	100	304	1.10e-223	606
YFI96117.1	WP_004148038.1	100	304	1.30e-231	626
YFI95970.1	WP_004176438.1	100	304	1.13e-216	588
YFI95904.1	WP_004190428.1	100	304	2.32e-225	610
YFJ00519.1	WP_002899101.1	99.7	303	2.05e-224	608
YFI99904.1	WP_004898848.1	100	303	7.92e-212	576
YFI99595.1	WP_002911591.1	100	303	4.50e-202	551
YFI99594.1	WP_004899215.1	100	303	6.51e-211	574
YFI99261.1	WP_004899738.1	100	303	6.33e-218	592
YFI99213.1	WP_004899797.1	100	303	6.07e-216	587
YFI99202.1	WP_004185080.1	100	295	4.97e-204	556
YFI99090.1	WP_002914199.1	100	303	2.06e-223	605
YFI98872.1	WP_004181164.1	100	303	2.50e-224	608
YFI98665.1	WP_004900622.1	100	303	6.33e-218	592
YFI98183.1	WP_004205014.1	100	303	2.95e-232	628
YFI97001.1	WP_004222936.1	100	303	1.05e-216	588
YFI96960.1	WP_004183164.1	100	303	8.73e-225	609
YFI96571.1	WP_002894712.1	100	303	8.04e-221	599
YFI96409.1	WP_004147729.1	100	303	1.60e-211	575
YFI96172.1	WP_004140619.1	100	303	6.41e-227	614
YFI95939.1	WP_004224397.1	100	303	6.33e-218	592
YFJ00548.1	WP_014599063.1	100	302	3.48e-210	572
YFJ00310.1	WP_002904893.1	100	302	7.43e-221	599
YFI99996.1	WP_004180248.1	100	302	4.30e-220	597
YFI99858.1	WP_004145396.1	100	302	7.37e-196	536
YFI99294.1	WP_002913369.1	100	302	5.77e-209	569
YFI99072.1	WP_004145715.1	100	302	1.13e-215	586
YFI98942.1	WP_002915160.1	100	302	4.17e-227	615
YFI97889.1	WP_004901760.1	100	302	1.13e-215	586
YFI97285.1	WP_004222628.1	100	302	1.44e-218	593
YFI96026.1	WP_004179459.1	100	302	1.50e-220	598
YFI95996.1	WP_004224287.1	100	301	4.45e-215	584
YFI95784.1	WP_002903460.1	100	302	2.39e-217	590
YFJ00397.1	WP_004151788.1	100	301	7.38e-216	586
YFI99701.1	WP_002911434.1	100	289	1.67e-200	547
YFI99487.1	WP_004899470.1	100	301	6.50e-210	571
YFI99146.1	WP_002914063.1	100	301	3.82e-218	592
YFI98080.1	WP_004150236.1	100	301	1.24e-223	606
YFI97111.1	WP_002889616.1	100	301	1.37e-211	575
YFI96466.1	WP_004142092.1	100	301	1.43e-213	580
YFI96233.1	WP_004179309.1	100	301	4.45e-217	589
YFI96102.1	WP_004140447.1	100	301	6.14e-224	607
YFI95942.1	WP_004190483.1	100	301	4.84e-221	599
YFJ00681.1	WP_004213613.1	100	300	1.77e-202	552
YFJ00293.1	WP_004190055.1	100	300	2.49e-218	592
YFI99849.1	WP_002910105.1	100	300	5.02e-218	592
YFI99847.1	WP_002910108.1	100	300	1.50e-219	595
YFI99068.1	WP_002914281.1	100	300	6.98e-234	632
YFI98815.1	WP_002915996.1	100	300	1.23e-218	593
YFI98263.1	WP_004901138.1	100	300	4.53e-230	622
YFI98211.1	WP_004145207.1	100	300	2.11e-194	532
YFI98066.1	WP_002923109.1	100	300	1.36e-190	522
YFI97939.1	WP_004901686.1	100	300	7.57e-238	642
YFI97905.1	WP_002882907.1	100	300	8.55e-210	571
YFI97829.1	WP_002883396.1	100	300	3.68e-220	597
YFI96992.1	WP_004222951.1	100	300	6.91e-225	609
YFI96389.1	WP_002896363.1	100	300	4.61e-214	582
YFI96024.1	WP_002901746.1	100	300	1.54e-212	578
YFI95911.1	WP_004224455.1	100	300	4.48e-221	599
YFI95766.1	WP_004224636.1	100	300	2.19e-212	577
YFI95749.1	WP_002903700.1	100	300	1.61e-214	583
YFI95717.1	WP_002903955.1	100	300	1.93e-206	562
YFJ00665.1	WP_004225022.1	100	299	2.57e-215	585
YFJ00388.1	WP_004144552.1	100	299	8.02e-219	593
YFJ00253.1	WP_020802863.1	100	299	2.71e-226	612
YFJ00011.1	WP_002908057.1	100	299	1.17e-211	575
YFI99790.1	WP_004152315.1	100	299	6.06e-214	581
YFI99541.1	WP_002912152.1	100	299	2.88e-212	577
YFI99467.1	WP_004899488.1	100	299	2.57e-215	585
YFI99256.1	WP_004145614.1	100	299	2.05e-221	600
YFI99251.1	WP_004145617.1	99.7	299	4.05e-237	640
YFI99248.1	WP_004174901.1	100	299	1.12e-209	570
YFI98768.1	WP_004174493.1	100	299	1.62e-218	593
YFI98235.1	WP_004145179.1	100	299	8.02e-219	593
YFI97956.1	WP_004150336.1	100	299	2.23e-225	610
YFI97816.1	WP_002883414.1	100	299	1.55e-216	588
YFI97488.1	WP_002886970.1	100	299	7.23e-231	624
YFI97033.1	WP_002890128.1	100	299	5.72e-203	553
YFI96965.1	WP_004144656.1	100	299	2.03e-212	577
YFI96892.1	WP_004223076.1	100	299	5.47e-201	548
YFI96416.1	WP_004176738.1	100	299	6.66e-227	614
YFI96365.1	WP_004147773.1	100	299	9.47e-202	550
YFI95698.1	WP_004143566.1	100	299	1.71e-204	557
YFJ00109.1	WP_004180146.1	100	298	4.81e-215	584
YFJ00067.1	WP_004143835.1	100	298	1.81e-194	532
YFJ00064.1	WP_004898614.1	100	298	2.70e-221	600
YFI99843.1	WP_004180381.1	100	298	1.85e-203	555
YFI99577.1	WP_004899253.1	100	298	9.30e-213	578
YFI99490.1	WP_002912636.1	100	297	3.54e-219	594
YFI98790.1	WP_004900391.1	100	298	1.65e-206	562
YFI98736.1	WP_004144729.1	100	298	1.88e-212	577
YFI98542.1	WP_004144865.1	100	298	2.19e-211	575
YFI97305.1	WP_002887961.1	100	298	5.45e-221	599
YFI97251.1	WP_002888455.1	100	298	4.29e-218	592
YFI96589.1	WP_071820783.1	100	298	4.97e-213	580
YFI96025.1	WP_004224275.1	100	298	5.52e-205	558
YFJ00230.1	WP_029884165.1	100	297	7.37e-214	581
YFJ00192.1	WP_004184171.1	100	297	3.65e-214	582
YFI99942.1	WP_004175704.1	100	297	2.03e-211	575
YFI99784.1	WP_002910720.1	100	297	2.20e-215	585
YFI99529.1	WP_004899405.1	100	297	1.02e-220	598
YFI99331.1	WP_002913203.1	100	297	3.30e-226	612
YFI99209.1	WP_004213188.1	100	297	3.30e-226	612
YFI98712.1	WP_002916497.1	100	297	3.81e-216	587
YFI97825.1	WP_004187777.1	100	297	1.62e-217	590
YFI97213.1	WP_002888684.1	100	297	1.49e-213	580
YFI96683.1	WP_004178912.1	100	297	1.71e-203	555
YFI96659.1	WP_004223543.1	100	297	4.45e-215	584
YFI96327.1	WP_002898182.1	100	297	8.10e-227	613
YFJ00482.1	WP_004151871.1	100	296	3.12e-215	584
YFJ00472.1	WP_004180102.1	100	265	4.46e-182	499
YFI99994.1	WP_004898701.1	100	296	5.15e-209	568
YFI99543.1	WP_004175276.1	100	296	4.47e-219	594
YFI98816.1	WP_002915995.1	100	296	7.96e-213	578
YFI98536.1	WP_004900846.1	99.7	296	9.55e-205	558
YFI97991.1	WP_004151547.1	100	296	2.25e-203	554
YFI97966.1	WP_002882536.1	100	296	7.51e-202	550
YFI97861.1	WP_002883176.1	100	296	1.01e-215	585
YFI97737.1	WP_002884725.1	100	296	4.42e-210	571
YFI97392.1	WP_004177537.1	100	296	3.42e-223	604
YFI97158.1	WP_004222716.1	100	296	7.73e-220	596
YFI96121.1	WP_004150788.1	100	296	4.73e-205	558
YFI95999.1	WP_004151901.1	100	296	2.19e-210	572
YFI95909.1	WP_004224459.1	100	296	1.96e-213	580
YFJ00146.1	WP_002906776.1	100	295	1.05e-212	578
YFI99407.1	WP_004189004.1	100	295	1.09e-214	583
YFI98986.1	WP_004181063.1	100	295	3.97e-217	589
YFI98956.1	WP_004151061.1	100	295	5.56e-208	566
YFI98570.1	WP_002917724.1	100	295	8.01e-217	588
YFI98292.1	WP_004901104.1	100	295	1.94e-208	567
YFI98123.1	WP_004152050.1	100	295	1.62e-204	558
YFI97888.1	WP_002882952.1	100	295	5.88e-219	593
YFI97484.1	WP_004222209.1	100	295	2.68e-215	584
YFI96949.1	WP_002891629.1	100	295	4.26e-212	576
YFI96431.1	WP_004223808.1	100	295	3.45e-202	551
YFI96130.1	WP_004140512.1	100	295	3.26e-216	587
YFJ00467.1	WP_029884633.1	100	294	1.26e-208	567
YFJ00334.1	WP_004190135.1	100	294	1.21e-206	562
YFJ00319.1	WP_004224840.1	100	294	6.54e-211	573
YFJ00174.1	WP_004143747.1	100	294	1.15e-229	620
YFJ00040.1	WP_004898640.1	100	294	1.01e-214	583
YFI99831.1	WP_004898970.1	100	294	1.87e-210	572
YFI99724.1	WP_002911381.1	100	294	4.34e-200	546
YFI99576.1	WP_004899254.1	100	294	1.00e-189	520
YFI99442.1	WP_004200488.1	100	294	3.02e-216	587
YFI99095.1	WP_004899977.1	100	294	1.75e-215	585
YFI98516.1	WP_002918241.1	100	294	6.82e-213	578
YFI98332.1	WP_014599273.1	100	292	6.60e-215	583
YFI97489.1	WP_004152193.1	100	294	9.79e-222	600
YFI97483.1	WP_032448136.1	99.7	290	2.11e-206	561
YFI97051.1	WP_004222879.1	100	294	6.54e-211	573
YFI96974.1	WP_002890412.1	100	294	1.78e-233	630
YFI96091.1	WP_002901240.1	100	294	8.74e-225	608
YFI95976.1	WP_004224315.1	100	294	1.01e-214	583
YFI95687.1	WP_002904419.1	100	294	2.78e-212	577
YFJ00608.1	WP_002883307.1	100	293	1.44e-218	592
YFJ00211.1	WP_002906016.1	100	293	1.27e-212	577
YFJ00007.1	WP_004898686.1	100	293	3.29e-224	607
YFI99665.1	WP_023301076.1	100	293	2.46e-210	572
YFI99295.1	WP_029884305.1	100	293	5.03e-219	593
YFI98431.1	WP_004144971.1	100	293	1.24e-219	595
YFI97887.1	WP_004177983.1	100	293	2.83e-200	546
YFI97691.1	WP_004221925.1	100	293	2.79e-216	587
YFI97358.1	WP_002887643.1	100	293	3.69e-221	599
YFI97181.1	WP_004222690.1	100	293	1.15e-224	608
YFI97103.1	WP_004145830.1	100	293	1.81e-212	577
YFI96100.1	WP_004179386.1	100	293	8.96e-213	578
YFJ00540.1	WP_004197606.1	100	292	1.26e-207	565
YFJ00405.1	WP_004174698.1	100	292	7.63e-209	568
YFJ00329.1	WP_004224797.1	100	292	5.05e-223	603
YFJ00322.1	WP_004224815.1	100	292	7.95e-211	573
YFJ00172.1	WP_002906464.1	100	292	3.10e-208	566
YFI99220.1	WP_002913803.1	100	292	4.11e-213	578
YFI99106.1	WP_002914158.1	100	292	7.72e-218	590
YFI98914.1	WP_002915265.1	100	292	3.82e-218	591
YFI98800.1	WP_002916061.1	100	292	2.77e-211	574
YFI98520.1	WP_004900867.1	100	292	9.78e-221	598
YFI98016.1	WP_004145083.1	100	292	2.77e-211	574
YFI95945.1	WP_004151595.1	100	292	1.08e-208	567
YFI95680.1	WP_002904495.1	100	292	5.00e-214	581
YFJ00333.1	WP_002904832.1	100	291	3.91e-206	561
YFI99782.1	WP_004148803.1	100	291	6.05e-210	570
YFI99259.1	WP_002913625.1	100	291	1.42e-208	567
YFI99223.1	WP_002913800.1	100	291	4.63e-214	581
YFI98964.1	WP_004900173.1	100	291	6.57e-214	580
YFI97748.1	WP_004221838.1	100	291	1.09e-212	577
YFJ00305.1	WP_004224857.1	100	290	2.80e-219	594
YFJ00302.1	WP_004224863.1	100	290	3.78e-208	566
YFJ00057.1	WP_004898621.1	100	290	7.86e-185	507
YFI99987.1	WP_004145376.1	100	290	1.54e-207	564
YFI99869.1	WP_002910036.1	100	290	9.85e-229	618
YFI99252.1	WP_002913639.1	100	290	8.17e-203	552
YFI99121.1	WP_004174805.1	100	290	3.58e-231	624
YFI99005.1	WP_004181043.1	100	290	1.14e-218	592
YFI97377.1	WP_004222486.1	100	290	1.43e-212	577
YFI97050.1	WP_002890001.1	100	290	8.53e-205	557
YFI95906.1	WP_004224469.1	100	290	1.45e-221	600
YFJ00205.1	WP_004176040.1	100	289	5.40e-212	575
YFJ00110.1	WP_004151213.1	100	289	1.28e-219	595
YFI99712.1	WP_004899136.1	100	289	2.87e-207	563
YFI98803.1	WP_004185510.1	100	289	3.50e-208	566
YFI98746.1	WP_004149733.1	100	289	1.54e-203	555
YFI98644.1	WP_004900650.1	100	289	3.29e-222	601
YFI98363.1	WP_002920153.1	100	289	7.13e-217	588
YFI97327.1	WP_004222550.1	100	289	6.11e-218	590
YFI97287.1	WP_004151372.1	100	289	1.86e-203	554
YFI97053.1	WP_004222863.1	99.7	289	4.12e-191	523
YFI96916.1	WP_004223040.1	100	289	1.71e-183	503
YFI96524.1	WP_002895043.1	100	289	3.35e-206	561
YFI95973.1	WP_004152141.1	100	289	4.13e-216	586
YFI95940.1	WP_004224396.1	100	288	7.77e-223	603
YFJ00626.1	WP_004214541.1	99.7	288	2.29e-213	580
YFI99935.1	WP_004151837.1	100	288	8.37e-220	595
YFI99431.1	WP_004899496.1	100	288	3.77e-207	563
YFI99264.1	WP_004174917.1	99.7	288	4.34e-197	538
YFI98849.1	WP_004900312.1	99.7	288	5.49e-212	576
YFI98658.1	WP_002916742.1	100	288	2.05e-220	597
YFI97730.1	WP_004221868.1	100	288	8.28e-211	572
YFI97452.1	WP_004222316.1	100	288	1.41e-202	551
YFI96855.1	WP_004143017.1	100	288	6.53e-208	565
YFI96761.1	WP_004223394.1	100	288	4.84e-219	593
YFI96705.1	WP_004151823.1	99.7	288	1.97e-218	592
YFJ00617.1	WP_004901505.1	100	287	9.21e-203	552
YFI99570.1	WP_004899294.1	100	287	1.12e-203	554
YFI99488.1	WP_004175147.1	100	287	1.42e-206	561
YFI99088.1	WP_004899986.1	100	287	2.22e-219	594
YFI99035.1	WP_002914775.1	100	287	1.10e-194	531
YFI98532.1	WP_004900851.1	100	287	2.64e-202	551
YFI98120.1	WP_002922636.1	100	287	1.34e-195	534
YFI97984.1	WP_004144996.1	100	287	1.78e-200	546
YFI97628.1	WP_002885443.1	100	287	3.64e-209	568
YFI97375.1	WP_004177525.1	100	287	1.64e-196	536
YFI97249.1	WP_002888460.1	100	287	6.30e-210	570
YFI96924.1	WP_002891899.1	100	287	1.18e-214	582
YFI96345.1	WP_004150844.1	100	287	3.21e-203	553
YFI96231.1	WP_004176596.1	100	287	4.62e-212	575
YFI96061.1	WP_004176514.1	100	287	1.75e-216	587
YFI96028.1	WP_002901735.1	100	287	3.25e-212	576
YFJ00748.1	WP_001620095.1	99.0	286	2.34e-200	546
YFJ00615.1	WP_002923191.1	100	286	2.68e-190	520
YFJ00075.1	WP_004898602.1	100	286	1.18e-209	569
YFI98258.1	WP_004151421.1	100	286	3.10e-205	558
YFI97946.1	WP_002882807.1	100	286	4.45e-189	517
YFI97823.1	WP_002883408.1	100	286	1.76e-220	597
YFI97198.1	WP_004222677.1	99.7	286	1.76e-220	597
YFI97090.1	WP_004222792.1	100	286	8.63e-212	575
YFI96234.1	WP_004224068.1	99.7	286	4.45e-214	580
YFI95715.1	WP_001620095.1	100	286	2.44e-202	551
YFI99575.1	WP_004899257.1	100	285	3.44e-197	538
YFI99364.1	WP_004899570.1	100	285	6.10e-216	585
YFI99183.1	WP_002913950.1	100	285	2.04e-214	581
YFI98709.1	WP_002916504.1	100	285	1.38e-187	513
YFI97699.1	WP_004186517.1	100	285	1.12e-202	551
YFI97493.1	WP_004152190.1	100	285	2.32e-195	533
YFI97387.1	WP_004222457.1	100	285	5.22e-217	588
YFI97138.1	WP_002889318.1	100	285	1.73e-206	561
YFI96341.1	WP_002898150.1	100	285	1.48e-207	564
YFI96157.1	WP_004150812.1	100	285	1.99e-196	536
YFI95745.1	WP_002903710.1	100	285	2.26e-202	551
YFJ00562.1	WP_004144635.1	99.6	284	2.55e-208	566
YFJ00506.1	WP_004224295.1	99.6	284	1.34e-213	580
YFI99823.1	WP_002910393.1	100	284	1.87e-205	558
YFI99429.1	WP_002912937.1	100	284	1.05e-211	574
YFI98988.1	WP_002915035.1	100	284	8.03e-191	521
YFI98476.1	WP_002918428.1	100	284	1.37e-207	564
YFI98278.1	WP_002920815.1	100	284	6.71e-199	542
YFI98082.1	WP_004901475.1	99.6	284	4.59e-206	560
YFI97577.1	WP_004210671.1	100	284	2.03e-209	568
YFI97211.1	WP_002888694.1	99.6	284	1.08e-204	556
YFI97184.1	WP_004222687.1	100	284	8.52e-202	549
YFI96869.1	WP_002892263.1	100	284	2.15e-195	533
YFI96700.1	WP_004176976.1	100	284	1.47e-202	551
YFI96092.1	WP_014599128.1	100	284	1.81e-212	576
YFJ00628.1	WP_004214538.1	100	283	2.21e-217	588
YFJ00191.1	WP_004898447.1	99.6	283	7.34e-207	562
YFI99735.1	WP_004145526.1	100	283	5.79e-204	555
YFI98100.1	WP_002922941.1	100	283	2.29e-210	571
YFI97871.1	WP_002883026.1	100	283	2.87e-204	555
YFI97369.1	WP_004146068.1	100	283	6.75e-203	552
YFI97142.1	WP_004151930.1	100	283	1.99e-195	533
YFI97021.1	WP_004222915.1	100	283	1.05e-215	584
YFI96910.1	WP_004204761.1	100	283	1.15e-194	531
YFI96677.1	WP_004223523.1	99.6	283	1.04e-206	561
YFI96635.1	WP_002893884.1	100	283	3.25e-210	570
YFJ00454.1	WP_004898979.1	100	282	2.03e-208	566
YFJ00453.1	WP_004175551.1	100	282	1.73e-207	563
YFJ00181.1	WP_004148501.1	100	282	1.17e-182	501
YFI99500.1	WP_004213673.1	100	282	8.62e-210	569
YFI99151.1	WP_004144349.1	100	282	9.13e-196	534
YFI99081.1	WP_020803748.1	100	282	7.61e-204	554
YFI98989.1	WP_004151054.1	100	282	1.58e-196	536
YFI98503.1	WP_002918371.1	100	282	2.97e-201	548
YFI97664.1	WP_004221964.1	100	282	5.19e-211	572
YFI97564.1	WP_004222093.1	100	282	8.38e-192	524
YFI97277.1	WP_002888321.1	100	282	2.05e-217	588
YFJ00373.1	WP_004224743.1	100	281	1.59e-200	546
YFJ00303.1	WP_004176161.1	100	281	4.37e-198	540
YFJ00158.1	WP_004898529.1	100	281	4.65e-218	590
YFI98920.1	WP_004900225.1	100	281	4.29e-214	580
YFI98293.1	WP_004901101.1	100	281	4.19e-196	535
YFI97912.1	WP_004901724.1	99.6	281	1.61e-209	568
YFI97260.1	WP_004145972.1	100	281	1.97e-219	593
YFI96445.1	WP_004223794.1	100	281	3.95e-210	570
YFI96385.1	WP_002896372.1	100	281	1.99e-194	530
YFJ00507.1	WP_004140254.1	100	280	8.61e-209	566
YFI99975.1	WP_004898734.1	100	280	9.37e-188	513
YFI99845.1	WP_004151854.1	100	280	4.09e-207	562
YFI99181.1	WP_004174837.1	100	280	3.77e-203	552
YFI98242.1	WP_002921269.1	100	280	4.27e-209	567
YFI97932.1	WP_002882856.1	100	280	2.54e-201	548
YFI97165.1	WP_004222710.1	99.6	280	7.19e-192	524
YFI97120.1	WP_004212714.1	100	280	1.35e-196	536
YFI97048.1	WP_004177295.1	100	280	1.26e-201	548
YFI95760.1	WP_004143107.1	100	280	9.13e-195	531
YFJ00704.1	WP_004212797.1	100	279	2.90e-211	573
YFJ00265.1	WP_004176115.1	100	279	3.74e-198	540
YFI99243.1	WP_004180842.1	100	279	1.96e-209	568
YFI97067.1	WP_004222836.1	99.6	279	2.95e-195	532
YFJ00039.1	WP_029884586.1	100	278	1.95e-204	555
YFI99927.1	WP_004175664.1	100	278	2.27e-203	553
YFI99565.1	WP_004180471.1	100	278	4.44e-210	570
YFI99168.1	WP_004899856.1	100	278	3.65e-209	567
YFI97937.1	WP_004901688.1	99.6	278	4.58e-203	552
YFI97913.1	WP_004146257.1	100	278	4.26e-208	565
YFI97453.1	WP_004222313.1	100	278	1.84e-193	528
YFI96669.1	WP_004147499.1	100	278	4.92e-198	539
YFJ00710.1	WP_004212808.1	100	277	1.93e-199	543
YFI99892.1	WP_002909061.1	100	277	6.47e-198	539
YFI99447.1	WP_002912842.1	100	277	1.85e-197	538
YFI99434.1	WP_004151123.1	100	277	1.82e-213	578
YFI99258.1	WP_002913626.1	100	277	1.99e-192	525
YFI99163.1	WP_004899867.1	100	277	1.19e-218	591
YFI98255.1	WP_004901155.1	100	277	1.17e-200	546
YFI98034.1	WP_002923296.1	100	277	9.06e-189	516
YFI97700.1	WP_004177833.1	100	277	3.78e-181	496
YFI96668.1	WP_004142505.1	100	277	4.56e-198	539
YFI95762.1	WP_004224641.1	99.6	277	2.08e-194	530
YFJ00591.1	WP_002886941.1	100	276	1.09e-209	568
YFJ00005.1	WP_004898692.1	100	276	1.92e-194	530
YFI98371.1	WP_004901008.1	100	276	3.81e-185	506
YFI98314.1	WP_004151408.1	100	276	1.88e-210	570
YFI97916.1	WP_002882882.1	100	276	6.31e-209	566
YFI97758.1	WP_002884578.1	100	276	1.72e-197	538
YFI97450.1	WP_004222322.1	100	276	3.13e-209	567
YFI97227.1	WP_002888624.1	100	276	8.87e-200	543
YFI96649.1	WP_004223562.1	100	276	4.26e-207	562
YFI96373.1	WP_004223984.1	99.6	276	2.20e-209	568
YFI96240.1	WP_002898913.1	100	276	4.55e-177	486
YFI96171.1	WP_004176563.1	100	276	2.27e-202	550
YFI95907.1	WP_004224464.1	100	276	8.51e-198	538
YFJ00639.1	WP_004213252.1	100	275	3.07e-195	532
YFI99861.1	WP_002910080.1	100	275	4.89e-192	524
YFI98649.1	WP_002916796.1	100	275	3.52e-210	570
YFI98636.1	WP_002916846.1	100	275	5.42e-214	579
YFI98346.1	WP_002920260.1	100	275	3.94e-207	562
YFI97271.1	WP_002888332.1	100	275	3.21e-197	537
YFI97022.1	WP_004144603.1	100	275	8.68e-186	508
YFI96188.1	WP_004224096.1	100	275	1.33e-214	581
YFI96060.1	WP_004151921.1	100	275	7.03e-201	546
YFJ00627.1	WP_004214540.1	100	274	3.76e-200	544
YFJ00607.1	WP_002883394.1	100	274	4.97e-205	556
YFI99542.1	WP_004152513.1	100	274	1.81e-207	563
YFI99307.1	WP_004174960.1	100	274	3.50e-205	557
YFI98888.1	WP_002915614.1	100	274	3.09e-199	542
YFI98615.1	WP_004174349.1	100	274	1.88e-209	568
YFI97753.1	WP_002884590.1	100	274	1.30e-191	523
YFI97565.1	WP_002886699.1	100	274	5.40e-209	566
YFI97485.1	WP_002886979.1	100	274	6.10e-215	582
YFI97146.1	WP_002889295.1	100	274	1.36e-177	487
YFI96054.1	WP_004140353.1	100	274	2.62e-199	542
YFJ00728.1	WP_077250520.1	100	270	1.22e-197	538
YFI99949.1	WP_002908416.1	100	273	1.66e-198	540
YFI98990.1	WP_002915033.1	100	273	6.47e-196	533
YFI98893.1	WP_004174602.1	100	273	7.87e-197	536
YFI98619.1	WP_004144532.1	100	273	1.99e-190	520
YFI98387.1	WP_002919786.1	100	273	1.42e-199	543
YFI98157.1	WP_002922426.1	100	273	2.35e-198	540
YFI97870.1	WP_004181639.1	100	273	5.16e-202	549
YFI97496.1	WP_004178392.1	99.6	273	2.26e-196	535
YFI97373.1	WP_032448004.1	99.6	271	1.58e-191	522
YFI97284.1	WP_004151369.1	100	273	4.89e-191	521
YFI97275.1	WP_002888324.1	100	273	9.58e-198	538
YFI96952.1	WP_004178747.1	100	273	3.07e-194	529
YFJ00499.1	WP_004224545.1	100	265	2.89e-197	536
YFJ00175.1	WP_004180084.1	100	272	1.00e-203	553
YFI99688.1	WP_004899166.1	100	272	5.85e-212	574
YFI98980.1	WP_004900130.1	99.6	272	1.45e-187	512
YFI98423.1	WP_004900954.1	100	272	1.53e-198	540
YFI98172.1	WP_004188166.1	100	272	9.93e-195	530
YFI97039.1	WP_004222892.1	100	272	8.75e-189	515
YFI96955.1	WP_002891476.1	100	272	3.46e-195	531
YFI96931.1	WP_004151335.1	100	272	2.29e-209	567
YFI96500.1	WP_004223715.1	100	272	9.24e-200	543
YFI95900.1	WP_004224479.1	100	272	8.66e-214	578
YFJ00004.1	WP_002908134.1	100	271	7.13e-183	500
YFI99768.1	WP_002910832.1	100	271	2.10e-200	545
YFI97979.1	WP_004173838.1	100	271	6.47e-195	531
YFI97402.1	WP_004222427.1	99.6	271	1.04e-200	545
YFI97116.1	WP_002889445.1	100	271	1.85e-194	530
YFI96418.1	WP_004191195.1	100	271	4.95e-199	541
YFJ00394.1	WP_004889844.1	100	270	1.79e-196	535
YFI99932.1	WP_004200238.1	100	270	2.73e-191	521
YFI99822.1	WP_002910395.1	100	270	2.85e-193	526
YFI99750.1	WP_002910900.1	100	270	1.84e-189	517
YFI99316.1	WP_002913226.1	100	270	1.43e-202	550
YFI98868.1	WP_002915739.1	100	270	2.30e-183	501
YFI98486.1	WP_004150950.1	100	270	1.03e-195	533
YFI98012.1	WP_004901584.1	99.6	270	2.73e-191	521
YFI97813.1	WP_004901889.1	100	270	3.50e-203	551
YFI96400.1	WP_004179130.1	100	270	5.80e-202	548
YFI95754.1	WP_002903687.1	100	270	3.80e-207	561
YFJ00711.1	WP_004212810.1	100	269	1.79e-187	512
YFI99789.1	WP_004152314.1	100	268	6.87e-182	498
YFI99625.1	WP_004206656.1	97.0	269	7.32e-200	543
YFI99308.1	WP_002913340.1	100	269	3.03e-183	501
YFI98870.1	WP_002915732.1	100	269	2.55e-200	544
YFI98684.1	WP_004181271.1	100	269	1.63e-187	512
YFI98133.1	WP_004173907.1	100	269	3.24e-203	551
YFI98081.1	WP_004173884.1	100	269	4.37e-192	523
YFI98048.1	WP_004901536.1	100	269	5.54e-195	531
YFI97755.1	WP_004221827.1	100	269	2.42e-189	516
YFI97494.1	WP_004177654.1	100	269	7.69e-211	571
YFI97472.1	WP_004177598.1	99.6	269	1.95e-204	555
YFI97038.1	WP_002890106.1	100	269	4.89e-189	516
YFI97008.1	WP_004222932.1	100	269	9.45e-187	510
YFI96868.1	WP_014599051.1	100	256	3.25e-184	503
YFI96619.1	WP_004151655.1	100	269	6.27e-201	546
YFI96196.1	WP_004224090.1	100	269	5.59e-204	553
YFI96033.1	WP_002901728.1	100	269	8.81e-192	523
YFI96001.1	WP_004140269.1	100	269	6.47e-194	528
YFI95822.1	WP_004206656.1	98.1	269	7.63e-202	548
YFJ00462.1	WP_004898798.1	100	268	4.39e-196	533
YFJ00433.1	WP_004899307.1	100	268	1.12e-198	540
YFJ00369.1	WP_002904638.1	100	268	2.24e-189	516
YFJ00124.1	WP_004143773.1	100	268	3.88e-190	518
YFI99572.1	WP_004899266.1	100	268	1.41e-192	525
YFI99239.1	WP_004899759.1	100	268	1.86e-197	537
YFI98754.1	WP_004889841.1	100	268	1.08e-196	535
YFI97203.1	WP_004222672.1	100	268	6.78e-200	543
YFI96151.1	WP_004183655.1	100	268	5.80e-201	546
YFI96068.1	WP_002901486.1	100	268	3.38e-209	566
YFI95935.1	WP_002902393.1	100	268	2.54e-195	531
YFI95782.1	WP_004151560.1	100	268	9.52e-191	520
YFJ00406.1	WP_004899993.1	100	267	1.40e-187	512
YFI99373.1	WP_004899554.1	100	267	1.52e-191	522
YFI99169.1	WP_002913995.1	100	267	6.74e-195	530
YFI98764.1	WP_002916291.1	100	267	9.45e-186	507
YFI98597.1	WP_002917658.1	100	267	9.98e-197	535
YFI97804.1	WP_002883428.1	100	263	8.61e-197	535
YFI97749.1	WP_004221836.1	100	267	6.74e-195	530
YFI97389.1	WP_004222453.1	100	267	1.17e-195	532
YFI97112.1	WP_002889598.1	100	267	1.78e-190	519
YFI96250.1	WP_014599122.1	100	267	6.47e-193	525
YFJ00252.1	WP_032448162.1	100	257	9.71e-190	517
YFI99885.1	WP_002909085.1	100	266	6.43e-188	513
YFI99772.1	WP_004899052.1	100	266	5.13e-194	528
YFI99736.1	WP_002910918.1	100	266	8.25e-175	479
YFI99600.1	WP_004899204.1	100	266	5.28e-187	510
YFI99589.1	WP_002911599.1	100	265	1.95e-200	544
YFI99473.1	WP_002912707.1	100	266	5.51e-189	515
YFI99096.1	WP_004899975.1	100	266	1.86e-196	534
YFI98338.1	WP_004901059.1	100	266	8.24e-200	543
YFI97817.1	WP_004146466.1	100	266	7.06e-201	545
YFI97752.1	WP_002884608.1	100	266	8.25e-175	479
YFI97176.1	WP_004145898.1	100	266	1.26e-194	530
YFI97152.1	WP_004222722.1	100	266	7.50e-187	510
YFI96561.1	WP_002894749.1	100	266	1.17e-199	542
YFI96325.1	WP_002898187.1	100	266	5.80e-200	543
YFI95763.1	WP_004224637.1	100	266	9.13e-188	512
YFJ00570.1	WP_004178666.1	99.6	265	3.07e-193	526
YFI98053.1	WP_004145044.1	100	265	3.03e-181	496
YFI97390.1	WP_004222450.1	100	265	7.55e-191	520
YFI97159.1	WP_002889212.1	100	265	4.74e-194	528
YFI96738.1	WP_002892698.1	100	265	2.42e-187	511
YFI96656.1	WP_002893589.1	100	265	1.72e-196	534
YFI96597.1	WP_004176884.1	100	265	2.03e-204	554
YFI95702.1	WP_004148342.1	100	265	2.08e-188	514
YFJ00516.1	WP_004224113.1	100	264	3.92e-197	536
YFJ00294.1	WP_012968215.1	100	263	5.86e-210	568
YFI99732.1	WP_004899116.1	100	264	4.25e-201	546
YFI99083.1	WP_004180966.1	100	264	8.04e-181	494
YFI98923.1	WP_002915236.1	100	264	1.00e-199	542
YFI98883.1	WP_004900259.1	100	264	2.54e-193	526
YFI98672.1	WP_032448104.1	100	257	1.37e-184	504
YFI97343.1	WP_014599035.1	100	264	4.92e-191	520
YFI97199.1	WP_002888739.1	100	264	9.62e-198	537
YFI97144.1	WP_002889297.1	100	264	9.23e-196	532
YFI97095.1	WP_004222784.1	100	264	5.74e-190	518
YFI96876.1	WP_004178774.1	100	264	2.65e-195	531
YFI96642.1	WP_004223579.1	100	264	1.47e-192	524
YFI96515.1	WP_002895071.1	100	264	1.88e-126	357
YFI96192.1	WP_004140680.1	100	264	7.59e-195	530
YFI96108.1	WP_009308432.1	100	263	7.02e-193	525
YFJ00675.1	WP_029884223.1	100	263	4.06e-194	528
YFJ00370.1	WP_004224747.1	100	263	6.66e-184	502
YFJ00247.1	WP_004224946.1	99.6	263	9.46e-184	502
YFI99726.1	WP_002911378.1	100	263	4.19e-187	510
YFI99109.1	WP_002914153.1	100	263	6.94e-186	507
YFI98932.1	WP_002915215.1	100	263	3.74e-190	518
YFI98630.1	WP_004174357.1	100	263	8.27e-203	550
YFI98253.1	WP_002921186.1	100	263	1.15e-184	504
YFI97183.1	WP_002888841.1	100	263	3.44e-186	508
YFI96729.1	WP_004223429.1	100	263	7.32e-197	535
YFI96533.1	WP_004223693.1	100	263	2.98e-196	533
YFI96311.1	WP_004141755.1	100	263	7.55e-190	517
YFI95692.1	WP_004224715.1	100	263	4.59e-200	543
YFI99832.1	WP_004145418.1	100	262	2.85e-189	516
YFI99677.1	WP_002911505.1	100	262	2.00e-189	516
YFI97354.1	WP_004222513.1	100	262	6.04e-200	543
YFI97132.1	WP_002889371.1	99.6	262	2.58e-160	442
YFI96592.1	WP_004212622.1	100	262	4.04e-189	515
YFI96504.1	WP_002895154.1	100	262	1.77e-183	501
YFI96285.1	WP_002898450.1	100	262	2.15e-184	503
YFI96261.1	WP_004150831.1	100	262	8.05e-180	492
YFI96237.1	WP_004147894.1	100	262	8.45e-185	508
YFI96004.1	WP_004140277.1	100	262	1.92e-187	511
YFI95890.1	WP_004140117.1	100	262	4.92e-190	518
YFJ00266.1	WP_004143665.1	100	261	6.66e-183	499
YFI99696.1	WP_004899157.1	100	261	1.54e-172	473
YFI99615.1	WP_004899682.1	98.5	261	1.01e-177	486
YFI99371.1	WP_004899557.1	100	261	4.55e-190	518
YFI98882.1	WP_004900260.1	100	261	1.42e-193	526
YFI97646.1	WP_002885391.1	100	261	9.46e-183	499
YFI96657.1	WP_004151668.1	100	261	2.53e-187	511
YFI96158.1	WP_004150813.1	100	261	1.96e-175	481
YFI95829.1	WP_004899682.1	86.5	260	5.98e-154	426
YFJ00348.1	WP_004179825.1	100	260	3.76e-193	525
YFJ00015.1	WP_004898673.1	100	260	2.62e-184	503
YFI99326.1	WP_002913209.1	100	260	9.52e-187	509
YFI99325.1	WP_002913210.1	100	260	1.84e-184	503
YFI98487.1	WP_004150949.1	100	260	3.28e-178	488
YFI97416.1	WP_004222411.1	100	260	2.78e-204	553
YFI97035.1	WP_004151354.1	100	260	4.53e-185	505
YFI96870.1	WP_004223098.1	100	260	6.07e-174	477
YFI96161.1	WP_004224127.1	100	260	1.12e-194	529
YFI95720.1	WP_004224680.1	100	260	8.58e-199	540
YFJ00636.1	WP_004213560.1	100	259	1.40e-183	501
YFJ00504.1	WP_004224359.1	100	259	4.59e-198	538
YFJ00152.1	WP_002906697.1	100	259	1.52e-187	511
YFI99986.1	WP_002908205.1	100	259	3.10e-196	533
YFI99029.1	WP_002914815.1	99.6	259	4.69e-182	497
YFI98978.1	WP_004900135.1	100	259	3.34e-191	520
YFI98084.1	WP_004901469.1	100	259	1.42e-192	524
YFI97805.1	WP_002883427.1	100	259	4.31e-178	487
YFI97370.1	WP_002887608.1	100	259	1.21e-168	463
YFI97341.1	WP_002887784.1	100	259	1.40e-183	501
YFI97207.1	WP_002888699.1	100	259	8.70e-178	486
YFI96326.1	WP_004224021.1	100	259	7.87e-190	517
YFI99535.1	WP_004180497.1	100	258	4.21e-189	515
YFI99180.1	WP_002913952.1	100	258	9.52e-186	506
YFI98582.1	WP_014599268.1	100	257	3.62e-192	523
YFI98552.1	WP_002917907.1	100	258	1.72e-188	513
YFI98135.1	WP_002922500.1	100	258	5.34e-192	522
YFI97879.1	WP_004177966.1	100	257	9.86e-181	494
YFI97533.1	WP_004222141.1	99.6	258	1.30e-183	501
YFI97360.1	WP_004146059.1	100	258	1.65e-186	508
YFI97030.1	WP_004222901.1	100	258	8.16e-187	509
YFI96840.1	WP_004178817.1	99.6	258	3.61e-190	518
YFI96731.1	WP_002892707.1	100	258	1.03e-189	516
YFI96728.1	WP_004223432.1	100	258	1.77e-181	496
YFJ00696.1	WP_004902228.1	100	257	1.31e-187	511
YFJ00171.1	WP_004143751.1	100	257	3.85e-180	492
YFJ00018.1	WP_004898667.1	100	256	1.11e-181	496
YFI99947.1	WP_004175711.1	100	257	1.03e-184	504
YFI99489.1	WP_004899467.1	100	257	1.20e-183	501
YFI99472.1	WP_004899486.1	99.6	257	2.79e-173	475
YFI99328.1	WP_002913206.1	100	257	4.02e-182	497
YFI99027.1	WP_002914817.1	100	257	7.24e-185	504
YFI98879.1	WP_004900267.1	100	257	4.55e-188	512
YFI98823.1	WP_004900355.1	100	257	3.59e-185	505
YFI98322.1	WP_004181461.1	100	257	5.77e-191	520
YFI98160.1	WP_002922415.1	100	257	1.10e-179	491
YFI97992.1	WP_004145006.1	100	257	2.86e-191	520
YFI97772.1	WP_002884327.1	100	257	4.09e-200	543
YFI97316.1	WP_002887869.1	100	257	1.31e-187	511
YFI96553.1	WP_004223669.1	100	257	3.90e-189	515
YFI96502.1	WP_004176834.1	100	257	3.17e-179	490
YFI96312.1	WP_004150838.1	100	257	5.48e-180	492
YFJ00569.1	WP_002889689.1	100	256	1.22e-196	534
YFJ00493.1	WP_071820808.1	100	256	2.60e-190	519
YFJ00032.1	WP_004184291.1	100	256	2.15e-181	495
YFI99988.1	WP_002908202.1	100	256	4.53e-183	499
YFI99984.1	WP_004151179.1	100	256	9.14e-183	499
YFI99079.1	WP_004900010.1	100	256	1.31e-191	521
YFI98629.1	WP_002916852.1	100	256	4.39e-165	454
YFI98535.1	WP_004900848.1	100	256	2.34e-185	505
YFI98103.1	WP_004181543.1	100	254	5.56e-188	512
YFI97778.1	WP_004146302.1	100	256	5.67e-177	484
YFI97187.1	WP_002888827.1	100	256	2.15e-181	495
YFI97109.1	WP_004222768.1	100	256	5.51e-184	502
YFI97064.1	WP_004222843.1	100	256	5.92e-179	489
YFJ00248.1	WP_004224943.1	100	255	2.86e-190	518
YFI99952.1	WP_004898768.1	100	255	5.95e-183	499
YFI99525.1	WP_002912373.1	100	255	8.11e-181	494
YFI99112.1	WP_002914147.1	100	255	3.34e-189	515
YFI99046.1	WP_004149452.1	100	255	7.02e-191	519
YFI99013.1	WP_002914891.1	100	255	5.77e-190	517
YFI98711.1	WP_002916499.1	100	255	3.48e-166	457
YFI98287.1	WP_002920803.1	100	255	1.46e-183	501
YFI98105.1	WP_002922909.1	100	255	5.25e-177	484
YFI97408.1	WP_004177545.1	100	255	1.99e-181	495
YFI97259.1	WP_002888373.1	100	255	5.32e-186	507
YFI97099.1	WP_002889696.1	100	255	8.60e-201	544
YFI97023.1	WP_004222912.1	100	255	4.19e-183	499
YFI96013.1	WP_002901779.1	100	255	6.47e-187	509
YFI95891.1	WP_004224499.1	100	255	2.05e-174	478
YFI99953.1	WP_004151161.1	100	254	1.16e-184	503
YFI98673.1	WP_004900603.1	100	254	4.04e-185	504
YFI98254.1	WP_004173959.1	100	254	1.02e-178	488
YFI97504.1	WP_004222190.1	100	254	8.86e-189	514
YFI97385.1	WP_004177534.1	100	254	1.53e-189	516
YFI96809.1	WP_004223316.1	96.9	254	2.31e-175	480
YFI96673.1	WP_004176941.1	100	254	2.62e-181	495
YFI95778.1	WP_004151556.1	100	254	1.72e-186	508
YFJ00749.1	WP_002210513.1	100	253	2.60e-176	482
YFJ00509.1	WP_004176511.1	100	253	2.95e-182	497
YFI99901.1	WP_004212506.1	100	253	6.21e-184	501
YFI99404.1	WP_002912986.1	100	253	1.48e-166	457
YFI99298.1	WP_002913362.1	100	253	3.62e-192	522
YFI99270.1	WP_004174922.1	100	253	7.02e-190	516
YFI98950.1	WP_004142750.1	100	253	5.77e-189	514
YFI98807.1	WP_002916003.1	100	253	6.95e-181	494
YFI98348.1	WP_004188345.1	100	253	2.26e-186	508
YFI97812.1	WP_002883419.1	100	253	2.83e-180	492
YFI97704.1	WP_004177841.1	100	253	1.20e-181	496
YFI97058.1	WP_004222855.1	100	253	1.99e-180	493
YFI96674.1	WP_004151676.1	100	253	7.78e-178	486
YFI96456.1	WP_004223776.1	100	253	2.18e-193	525
YFI96022.1	WP_004196459.1	100	253	9.98e-190	516
YFI95969.1	WP_004224329.1	100	253	5.25e-176	481
YFI95716.1	WP_002210513.1	100	253	2.60e-176	482
YFI95683.1	WP_002904489.1	100	253	1.35e-178	488
YFI95668.1	WP_004224735.1	100	253	2.55e-192	523
YFJ00601.1	WP_004186510.1	99.6	252	6.99e-195	529
YFJ00572.1	WP_002889316.1	100	252	8.51e-186	506
YFI99872.1	WP_002910030.1	100	252	8.51e-186	506
YFI99363.1	WP_004899572.1	100	252	1.21e-185	506
YFI98704.1	WP_004151780.1	100	252	5.44e-173	474
YFI98315.1	WP_004901082.1	99.6	252	7.21e-178	486
YFI98236.1	WP_004901188.1	100	252	4.87e-176	481
YFI97677.1	WP_004177809.1	100	252	7.59e-189	514
YFI97669.1	WP_004221954.1	100	252	1.09e-197	536
YFI97665.1	WP_004221961.1	100	252	3.06e-179	489
YFI96951.1	WP_002891624.1	100	252	9.93e-185	503
YFI96403.1	WP_004151717.1	100	252	4.04e-184	502
YFI96052.1	WP_004224245.1	100	252	2.25e-181	495
YFJ00365.1	WP_004224750.1	100	251	6.74e-187	509
YFJ00297.1	WP_002904983.1	100	251	2.27e-194	528
YFJ00222.1	WP_004225008.1	100	251	1.60e-194	528
YFI99965.1	WP_004175724.1	100	251	3.34e-187	509
YFI98906.1	WP_004142871.1	100	251	5.10e-182	496
YFI97810.1	WP_002883421.1	100	251	5.32e-184	501
YFI97776.1	WP_004152309.1	100	251	8.12e-179	488
YFI97583.1	WP_004177697.1	100	251	4.70e-178	486
YFI97250.1	WP_004177420.1	100	251	5.26e-175	479
YFI97107.1	WP_004222773.1	100	251	2.18e-192	523
YFI96474.1	WP_004142100.1	100	251	1.78e-182	498
YFI96415.1	WP_004176736.1	100	251	1.03e-181	496
YFI95946.1	WP_004224392.1	100	251	3.70e-175	479
YFI95894.1	WP_004224493.1	100	251	2.75e-186	507
YFJ00435.1	WP_004899220.1	100	231	2.15e-169	464
YFJ00042.1	WP_004898636.1	100	250	1.56e-171	470
YFI99603.1	WP_004151455.1	100	250	5.92e-176	481
YFI98245.1	WP_004188262.1	100	250	4.72e-182	496
YFI97060.1	WP_004222850.1	100	250	3.47e-184	502
YFI97040.1	WP_004177291.1	100	250	3.19e-180	492
YFI96564.1	WP_002894738.1	100	250	3.61e-186	507
YFI96509.1	WP_002895089.1	100	250	2.18e-187	510
YFI96266.1	WP_004176617.1	100	250	1.77e-187	510
YFI95836.1	WP_002903394.1	100	250	6.44e-180	491
YFJ00131.1	WP_004189779.1	100	249	2.35e-186	507
YFI99929.1	WP_004151841.1	100	249	6.96e-179	488
YFI99887.1	WP_004898897.1	100	249	3.59e-181	494
YFI99477.1	WP_004180592.1	100	249	6.14e-173	473
YFI98198.1	WP_004901264.1	100	249	1.59e-184	503
YFI97310.1	WP_004146011.1	100	249	2.95e-180	492
YFI97078.1	WP_004222810.1	100	249	8.54e-189	513
YFI96602.1	WP_002894375.1	100	249	4.23e-189	514
YFI96446.1	WP_004223790.1	100	249	1.39e-169	465
YFI96008.1	WP_002901785.1	100	249	1.40e-178	488
YFI95733.1	WP_002903733.1	100	249	1.53e-182	498
YFJ00546.1	WP_002893888.1	99.6	248	4.66e-175	479
YFJ00484.1	WP_002904975.1	100	248	4.01e-169	464
YFI99915.1	WP_002908876.1	100	248	4.35e-177	484
YFI99868.1	WP_004175592.1	100	245	2.00e-131	368
YFI99052.1	WP_004900051.1	100	248	4.40e-161	443
YFI98119.1	WP_029884310.1	100	248	5.45e-171	468
YFI98108.1	WP_004173895.1	100	248	3.15e-170	466
YFI97175.1	WP_004145897.1	100	248	4.39e-186	506
YFI96433.1	WP_002895839.1	100	248	4.53e-179	489
YFI96328.1	WP_004224020.1	100	248	9.15e-179	488
YFI96093.1	WP_002901236.1	100	248	1.00e-191	521
YFI96081.1	WP_002901387.1	100	248	2.25e-179	489
YFI95928.1	WP_002902411.1	100	248	3.29e-172	471
YFJ00503.1	WP_004224427.1	100	247	1.06e-172	473
YFJ00335.1	WP_004224763.1	100	247	1.24e-171	470
YFI99928.1	WP_004898817.1	100	247	5.32e-182	496
YFI99769.1	WP_004899066.1	100	247	2.17e-181	494
YFI99686.1	WP_004175417.1	100	247	5.32e-182	496
YFI99684.1	WP_004145568.1	100	247	1.25e-180	493
YFI98724.1	WP_004215074.1	99.6	247	5.89e-170	466
YFI97561.1	WP_004222099.1	100	247	4.94e-187	509
YFI97523.1	WP_004222155.1	100	247	3.13e-165	454
YFI97219.1	WP_002888645.1	100	247	1.53e-181	495
YFI96699.1	WP_004183295.1	100	247	1.33e-150	417
YFI96629.1	WP_004183359.1	100	247	3.27e-167	459
YFI96540.1	WP_004223686.1	100	247	8.20e-186	506
YFI96537.1	WP_004176856.1	100	247	4.03e-177	484
YFI96042.1	WP_002901632.1	100	247	1.12e-158	437
YFJ00234.1	WP_004180004.1	100	246	7.96e-163	447
YFJ00226.1	WP_004180014.1	100	246	4.18e-174	476
YFJ00099.1	WP_004214973.1	100	246	2.46e-191	520
YFI99692.1	WP_002911459.1	100	246	6.92e-173	473
YFI99558.1	WP_004899345.1	100	246	4.73e-180	491
YFI99552.1	WP_004180482.1	100	246	3.38e-164	451
YFI99526.1	WP_004175264.1	100	246	5.93e-174	476
YFI98295.1	WP_004889425.1	100	246	6.50e-187	508
YFI98061.1	WP_002923146.1	100	246	5.99e-183	498
YFI97839.1	WP_004186366.1	100	246	2.09e-183	499
YFI97835.1	WP_004901862.1	100	246	1.41e-181	495
YFI97739.1	WP_004177854.1	99.6	246	5.01e-166	456
YFI97529.1	WP_002886899.1	100	246	1.77e-175	479
YFI97098.1	WP_002889699.1	100	246	1.86e-186	507
YFI96572.1	WP_004223663.1	100	246	2.74e-179	489
YFI96343.1	WP_002898145.1	100	246	7.34e-193	523
YFJ00621.1	WP_002922460.1	100	245	2.27e-186	508
YFJ00269.1	WP_004143660.1	100	245	2.24e-173	474
YFJ00219.1	WP_004898393.1	100	245	1.93e-183	499
YFI99970.1	WP_002908223.1	100	245	1.07e-180	493
YFI99536.1	WP_004175272.1	100	245	1.16e-175	480
YFI99459.1	WP_004180609.1	100	245	3.98e-167	458
YFI99287.1	WP_002913374.1	100	245	3.60e-179	489
YFI99147.1	WP_002914062.1	100	245	1.46e-178	487
YFI99137.1	WP_002914079.1	100	245	2.75e-183	499
YFI99124.1	WP_004145664.1	100	245	1.25e-179	490
YFI98967.1	WP_004900166.1	100	245	2.96e-178	486
YFI98885.1	WP_004900256.1	100	245	5.49e-174	476
YFI98646.1	WP_002916826.1	100	245	1.24e-170	467
YFI97363.1	WP_002887623.1	100	245	8.13e-176	480
YFI96229.1	WP_004140764.1	100	245	1.12e-182	498
YFI96010.1	WP_004151907.1	100	245	7.80e-174	475
YFJ00326.1	WP_002904841.1	100	244	9.84e-172	470
YFI99658.1	WP_004899608.1	100	244	2.52e-174	476
YFI99170.1	WP_002913994.1	100	244	7.22e-174	475
YFI98940.1	WP_002915177.1	100	244	4.22e-182	496
YFI97610.1	WP_004222049.1	100	244	1.42e-189	515
YFI96796.1	WP_004223357.1	100	244	9.16e-177	483
YFI96494.1	WP_004176830.1	100	244	2.34e-179	489
YFI96199.1	WP_002899294.1	100	244	1.44e-164	452
YFI95790.1	WP_004223357.1	99.2	242	1.77e-174	477
YFI99555.1	WP_002911879.1	100	243	5.90e-168	460
YFI99148.1	WP_004180923.1	100	243	2.24e-172	471
YFI99126.1	WP_004899919.1	100	243	2.55e-187	509
YFI98696.1	WP_002916597.1	100	243	1.92e-173	474
YFI98669.1	WP_004900612.1	100	243	1.51e-170	467
YFI98654.1	WP_004174395.1	100	243	3.00e-161	443
YFI98224.1	WP_002921510.1	100	243	6.22e-179	488
YFI97602.1	WP_004177719.1	100	243	1.92e-173	474
YFI97588.1	WP_002885669.1	100	243	1.35e-173	474
YFI97104.1	WP_004145831.1	100	243	1.91e-176	482
YFI96380.1	WP_002896384.1	100	243	4.38e-179	488
YFI96377.1	WP_002896390.1	100	243	2.43e-176	481
YFI95908.1	WP_004224462.1	99.6	243	1.03e-177	485
YFJ00565.1	WP_020316552.1	100	242	8.76e-177	483
YFJ00556.1	WP_032448145.1	98.8	242	2.16e-174	476
YFJ00392.1	WP_002916321.1	100	242	1.25e-173	474
YFJ00235.1	WP_004224984.1	100	242	1.99e-170	466
YFI99381.1	WP_004211972.1	100	242	4.93e-180	491
YFI99085.1	WP_004899997.1	100	242	3.47e-180	491
YFI97678.1	WP_004177810.1	100	242	2.71e-168	461
YFI97436.1	WP_002887258.1	100	242	2.34e-178	486
YFI96376.1	WP_004223976.1	100	242	2.52e-173	474
YFJ00251.1	WP_004224933.1	100	241	2.75e-181	494
YFI99939.1	WP_004898789.1	100	241	4.24e-185	503
YFI98881.1	WP_004143930.1	100	241	2.24e-171	469
YFI98783.1	WP_004144024.1	100	228	2.38e-163	448
YFI98480.1	WP_002918417.1	100	241	3.18e-171	468
YFI98474.1	WP_004174135.1	100	241	2.43e-175	479
YFI97993.1	WP_004145007.1	100	241	4.71e-173	473
YFI97660.1	WP_004177785.1	100	241	8.14e-174	475
YFI97507.1	WP_002886945.1	100	241	9.51e-173	472
YFI97143.1	WP_002889299.1	100	241	3.32e-173	473
YFI97141.1	WP_002889306.1	100	241	1.84e-170	466
YFI96574.1	WP_002894706.1	100	241	1.11e-171	469
YFI96536.1	WP_002894928.1	100	241	2.61e-170	466
YFI96482.1	WP_002895358.1	100	241	3.08e-178	486
YFJ00585.1	WP_002887645.1	100	240	1.99e-169	464
YFJ00464.1	WP_004143359.1	100	240	1.25e-172	472
YFI99604.1	WP_002911542.1	100	240	5.35e-183	498
YFI99578.1	WP_032448172.1	100	240	4.82e-161	442
YFI99492.1	WP_004175198.1	100	240	9.55e-177	482
YFI98372.1	WP_002920130.1	100	240	1.46e-171	469
YFI98093.1	WP_004173889.1	100	240	4.93e-179	488
YFI98025.1	WP_004151520.1	100	240	3.58e-172	471
YFI97856.1	WP_002883185.1	100	240	2.23e-166	456
YFI97440.1	WP_004222350.1	100	240	1.87e-183	499
YFI97106.1	WP_002889685.1	100	240	1.08e-182	497
YFI96859.1	WP_004191610.1	100	240	5.14e-181	493
YFI96473.1	WP_002895648.1	100	240	2.63e-174	476
YFI96472.1	WP_004152853.1	100	240	1.41e-178	487
YFI96435.1	WP_004223805.1	100	240	8.80e-173	472
YFI96390.1	WP_004179133.1	100	240	6.73e-177	483
YFI95843.1	WP_004224588.1	100	240	1.52e-173	474
YFJ00445.1	WP_002911449.1	99.6	239	1.48e-173	474
YFI99783.1	WP_004175491.1	100	239	4.86e-165	452
YFI99757.1	WP_002910890.1	100	239	1.08e-177	484
YFI99462.1	WP_004144215.1	100	239	7.82e-171	467
YFI99410.1	WP_002912977.1	100	239	2.64e-178	486
YFI98682.1	WP_002916619.1	100	239	8.75e-168	459
YFI98680.1	WP_002916627.1	100	239	4.07e-182	496
YFI98329.1	WP_001157751.1	100	239	1.16e-172	472
YFI98050.1	WP_004145049.1	100	239	5.78e-182	495
YFI97996.1	WP_004901614.1	100	239	9.13e-170	464
YFI97438.1	WP_004222355.1	100	239	4.52e-170	465
YFI97338.1	WP_002887789.1	100	239	2.84e-173	473
YFI96687.1	WP_004223503.1	100	239	2.08e-175	479
YFI96513.1	WP_004223702.1	100	239	3.87e-171	468
YFI95845.1	WP_002903377.1	100	239	3.46e-174	476
YFI95771.1	WP_004224629.1	100	239	9.91e-174	474
YFJ00245.1	WP_004179987.1	100	238	1.07e-172	472
YFJ00036.1	WP_004898645.1	100	238	6.20e-172	470
YFI99441.1	WP_002912870.1	100	238	6.46e-174	475
YFI99327.1	WP_002913207.1	100	238	1.64e-167	459
YFI98797.1	WP_004149658.1	100	238	2.09e-179	489
YFI98125.1	WP_002922602.1	100	238	8.11e-168	459
YFI97828.1	WP_002883397.1	100	238	1.65e-176	481
YFI97584.1	WP_004178343.1	100	238	2.55e-180	491
YFI97323.1	WP_002887843.1	100	238	3.20e-174	476
YFI97179.1	WP_002888848.1	100	238	7.86e-175	477
YFI96528.1	WP_002894954.1	100	238	3.77e-182	496
YFI96424.1	WP_004151705.1	100	238	4.06e-177	483
YFI96382.1	WP_002896380.1	100	238	3.20e-174	476
YFI96378.1	WP_002896386.1	100	238	3.69e-164	450
YFI99419.1	WP_002912965.1	100	237	3.32e-171	468
YFI99222.1	WP_002913801.1	100	237	5.12e-175	478
YFI98884.1	WP_004900258.1	100	237	1.51e-167	459
YFI98830.1	WP_002915973.1	100	237	4.47e-160	440
YFI98818.1	WP_002915992.1	100	237	9.13e-169	462
YFI98742.1	WP_004157874.1	100	237	4.16e-165	452
YFI98737.1	WP_004185548.1	99.6	237	5.74e-172	470
YFI98675.1	WP_002916694.1	99.6	237	1.37e-154	426
YFI98288.1	WP_004151414.1	100	233	6.23e-166	454
YFI98062.1	WP_004901508.1	100	237	4.91e-173	473
YFI97715.1	WP_004151745.1	100	237	2.54e-175	478
YFI96140.1	WP_004224172.1	100	237	1.11e-169	464
YFI95948.1	WP_004179573.1	100	237	2.51e-166	456
YFJ00588.1	WP_014599030.1	100	236	2.94e-180	492
YFI99841.1	WP_002910191.1	100	236	3.30e-166	455
YFI99034.1	WP_032448179.1	100	225	1.01e-162	446
YFI98947.1	WP_004174645.1	100	236	1.30e-172	471
YFI98899.1	WP_004142883.1	100	236	8.81e-171	467
YFI98759.1	WP_004889850.1	100	236	4.69e-166	455
YFI98194.1	WP_002921929.1	100	236	2.71e-165	453
YFI97042.1	WP_002890061.1	100	236	9.57e-175	477
YFI97006.1	WP_002890273.1	100	236	9.34e-157	431
YFI96248.1	WP_004224061.1	100	236	1.65e-175	479
YFI96070.1	WP_004151923.1	100	236	1.15e-166	456
YFI95741.1	WP_004224657.1	100	236	1.16e-175	479
YFJ00641.1	WP_004213424.1	100	235	1.66e-179	489
YFI99993.1	WP_004175762.1	100	235	1.41e-171	469
YFI99592.1	WP_002911594.1	100	235	2.73e-169	463
YFI98697.1	WP_002916589.1	100	235	1.17e-179	489
YFI98561.1	WP_002917889.1	100	235	3.88e-169	462
YFI97830.1	WP_002883395.1	100	235	1.92e-169	463
YFI97118.1	WP_004222760.1	100	235	1.53e-175	479
YFI97066.1	WP_004222839.1	100	235	1.26e-174	476
YFI96037.1	WP_004224257.1	100	235	1.16e-170	466
YFI95980.1	WP_004152134.1	100	235	4.24e-182	495
YFJ00155.1	WP_004151229.1	100	233	1.52e-163	448
YFI99979.1	WP_004151175.1	100	234	2.92e-159	437
YFI98799.1	WP_004152886.1	100	234	1.25e-169	464
YFI98465.1	WP_004185859.1	100	234	6.96e-167	457
YFI97787.1	WP_002884036.1	100	234	1.69e-158	436
YFI97294.1	WP_004222618.1	100	234	1.20e-167	459
YFI96808.1	WP_004223319.1	99.1	226	9.23e-169	461
YFI96670.1	WP_004176939.1	100	234	6.67e-165	452
YFI96460.1	WP_004142079.1	100	234	1.14e-156	431
YFI96323.1	WP_004150840.1	100	234	1.91e-164	451
YFJ00414.1	WP_020947395.1	100	233	2.54e-173	473
YFI99499.1	WP_004899452.1	100	233	9.53e-169	461
YFI98793.1	WP_014599251.1	100	233	1.07e-165	454
YFI98690.1	WP_004144780.1	100	233	1.07e-165	454
YFI98541.1	WP_004900840.1	100	233	2.00e-170	466
YFI97962.1	WP_002882540.1	100	233	3.33e-169	462
YFI97801.1	WP_002883448.1	100	233	4.72e-169	462
YFI97258.1	WP_004178579.1	100	233	1.20e-162	446
YFI96933.1	WP_002891863.1	100	233	3.09e-174	475
YFI96356.1	WP_002898014.1	100	233	4.96e-180	490
YFI96174.1	WP_002900798.1	100	233	2.16e-165	453
YFJ00452.1	WP_004899029.1	100	232	1.36e-172	471
YFJ00448.1	WP_004180423.1	100	232	3.45e-166	455
YFJ00336.1	WP_002904825.1	100	232	7.26e-168	459
YFJ00079.1	WP_002907733.1	100	232	3.98e-156	429
YFI99131.1	WP_004899905.1	100	232	4.20e-167	457
YFI98913.1	WP_002915267.1	100	232	4.33e-160	439
YFI98390.1	WP_002919766.1	100	232	1.41e-165	453
YFI98087.1	WP_004901459.1	100	232	6.96e-166	454
YFI97907.1	WP_002882901.1	100	232	3.60e-168	460
YFI97270.1	WP_002888337.1	100	232	8.47e-167	456
YFI97151.1	WP_002889282.1	100	232	4.70e-164	449
YFI97121.1	WP_004145846.1	99.6	232	1.29e-174	476
YFI96903.1	WP_002892021.1	100	232	7.61e-179	487
YFI95701.1	WP_004176246.1	100	232	2.43e-166	455
YFJ00605.1	WP_004218866.1	99.6	231	3.58e-168	460
YFJ00510.1	WP_004213132.1	99.6	231	1.12e-152	421
YFJ00351.1	WP_004224760.1	100	231	3.33e-168	460
YFJ00250.1	WP_004176102.1	100	231	1.85e-165	453
YFJ00236.1	WP_004189951.1	100	231	6.72e-168	459
YFJ00187.1	WP_014599174.1	100	231	8.87e-173	471
YFJ00160.1	WP_004898522.1	100	231	3.89e-167	457
YFI99746.1	WP_004899101.1	100	231	1.11e-166	456
YFI99443.1	WP_002912867.1	100	231	2.49e-154	425
YFI99225.1	WP_002913770.1	100	231	1.41e-169	463
YFI98831.1	WP_004143967.1	100	231	7.84e-167	456
YFI98805.1	WP_004143995.1	100	231	7.90e-176	479
YFI98301.1	WP_004901099.1	100	231	3.22e-175	478
YFI97263.1	WP_002888353.1	100	231	6.77e-177	482
YFI97059.1	WP_004222853.1	100	231	2.70e-158	435
YFI97036.1	WP_002890126.1	100	231	1.63e-159	438
YFI96975.1	WP_004178736.1	100	231	2.16e-164	450
YFI96764.1	WP_004223391.1	100	231	3.89e-167	457
YFI96665.1	WP_004223536.1	100	231	1.86e-174	476
YFI96364.1	WP_002896434.1	100	231	3.58e-163	447
YFI95748.1	WP_002903703.1	100	231	5.52e-167	457
YFI97083.1	WP_004191866.1	100	230	1.41e-164	451
YFI96519.1	WP_004142197.1	100	227	2.16e-156	430
YFI96339.1	WP_002898152.1	100	230	3.87e-162	444
YFI96141.1	WP_004224167.1	100	230	8.55e-175	476
YFI96109.1	WP_004224192.1	100	230	2.75e-171	468
YFI99320.1	WP_004214089.1	100	229	1.51e-138	385
YFI99238.1	WP_004185056.1	100	229	1.46e-161	443
YFI99134.1	WP_002914088.1	100	229	2.87e-177	483
YFI98866.1	WP_004185474.1	100	229	5.24e-155	426
YFI98111.1	WP_004181538.1	100	229	1.07e-163	448
YFI98015.1	WP_004145084.1	100	229	4.88e-160	439
YFI97689.1	WP_002885088.1	100	229	1.75e-153	422
YFI97687.1	WP_004186536.1	100	229	5.53e-166	454
YFI97325.1	WP_004222554.1	100	229	3.33e-167	457
YFI97041.1	WP_004177292.1	100	229	1.15e-158	436
YFI96997.1	WP_002890343.1	100	229	9.95e-169	461
YFI96606.1	WP_004179015.1	100	229	8.18e-168	459
YFI96501.1	WP_002895159.1	100	229	1.63e-158	435
YFI95963.1	WP_004176431.1	100	229	1.37e-175	478
YFJ00422.1	WP_002912948.1	99.6	228	3.71e-164	451
YFJ00419.1	WP_002913208.1	100	228	2.93e-156	429
YFJ00206.1	WP_004184165.1	100	228	1.78e-166	455
YFJ00186.1	WP_004898453.1	100	228	8.55e-174	474
YFI99155.1	WP_002914033.1	100	228	1.16e-162	446
YFI97680.1	WP_004151733.1	100	228	8.49e-165	451
YFI97621.1	WP_004152418.1	100	228	1.71e-164	450
YFI97576.1	WP_002885687.1	100	228	1.48e-174	476
YFI97321.1	WP_002887846.1	100	228	1.64e-162	445
YFI96867.1	WP_004151324.1	100	228	1.58e-160	440
YFI96124.1	WP_004150790.1	100	228	4.75e-171	467
YFI95781.1	WP_002903522.1	100	228	1.16e-162	446
YFI95734.1	WP_002903730.1	100	228	4.71e-162	444
YFJ00030.1	WP_004175829.1	100	227	6.25e-171	466
YFI98334.1	WP_004181456.1	100	227	7.91e-174	474
YFI97647.1	WP_004221988.1	100	227	6.56e-148	408
YFI97467.1	WP_029884609.1	100	227	5.09e-161	441
YFI97429.1	WP_002887273.1	100	227	4.36e-162	444
YFI97013.1	WP_004222930.1	100	227	1.59e-164	450
YFI96725.1	WP_002892774.1	100	227	3.59e-161	442
YFI96336.1	WP_002898160.1	100	227	6.66e-157	431
YFJ00287.1	WP_004179925.1	100	226	2.64e-167	457
YFJ00214.1	WP_002906011.1	100	226	3.06e-157	432
YFJ00159.1	WP_004180107.1	100	226	3.22e-168	459
YFI99826.1	WP_004152258.1	100	226	3.35e-170	464
YFI99145.1	WP_002914065.1	100	226	1.92e-160	440
YFI97666.1	WP_004221959.1	100	226	5.98e-164	449
YFI97480.1	WP_004222220.1	100	226	5.34e-167	456
YFI97003.1	WP_002890280.1	100	221	4.74e-153	421
YFI99842.1	WP_002910189.1	100	225	1.31e-162	445
YFI99722.1	WP_002911385.1	100	225	1.27e-144	400
YFI98887.1	WP_004143925.1	100	225	2.08e-159	437
YFI98347.1	WP_002920259.1	100	225	3.74e-162	444
YFI97347.1	WP_004146044.1	100	225	2.98e-168	459
YFI96871.1	WP_004177224.1	100	225	1.59e-163	447
YFI96549.1	WP_004223679.1	100	225	1.93e-164	450
YFI96235.1	WP_002898927.1	100	225	2.74e-139	386
YFI96039.1	WP_004140326.1	100	225	4.23e-168	459
YFI95691.1	WP_004183978.1	100	225	1.57e-154	425
YFJ00386.1	WP_004900702.1	100	224	8.86e-165	451
YFI99347.1	WP_002913178.1	100	224	1.94e-168	460
YFI98745.1	WP_004900503.1	100	224	9.53e-160	438
YFI98321.1	WP_004185961.1	100	224	1.04e-172	471
YFI97909.1	WP_004901728.1	99.6	224	6.76e-169	461
YFI97844.1	WP_004146507.1	100	224	3.88e-159	436
YFI97569.1	WP_004222090.1	100	224	3.72e-157	431
YFI97357.1	WP_002887647.1	100	224	6.24e-165	451
YFI96573.1	WP_004212642.1	100	224	1.34e-150	415
YFI95901.1	WP_004224474.1	100	224	3.15e-149	411
YFI95882.1	WP_004224512.1	100	224	7.59e-166	453
YFJ00385.1	WP_004150926.1	100	213	2.61e-136	378
YFI98936.1	WP_002915210.1	100	223	4.59e-171	466
YFI98632.1	WP_002916849.1	100	223	1.11e-153	422
YFI97770.1	WP_004152311.1	100	223	2.98e-167	457
YFI96468.1	WP_002895659.1	100	223	3.08e-160	439
YFI96152.1	WP_004150807.1	100	223	3.60e-159	436
YFJ00108.1	WP_002907480.1	100	222	1.58e-157	432
YFI99666.1	WP_004899193.1	100	222	3.35e-168	459
YFI99602.1	WP_002911547.1	100	222	6.93e-152	418
YFI99435.1	WP_004184878.1	100	222	1.30e-156	430
YFI98276.1	WP_002920817.1	100	222	1.36e-158	435
YFI97694.1	WP_002885078.1	100	222	6.50e-166	453
YFI97045.1	WP_004144586.1	100	222	1.93e-158	434
YFI96379.1	WP_004191163.1	100	222	7.12e-145	400
YFI96047.1	WP_004140335.1	100	222	7.84e-158	433
YFI95991.1	WP_002901908.1	100	222	2.52e-94	272
YFI95933.1	WP_004224411.1	100	222	1.79e-138	384
YFI95694.1	WP_002904403.1	100	222	8.79e-155	425
YFJ00267.1	WP_004224905.1	99.5	221	2.61e-151	416
YFI98270.1	WP_002920860.1	100	221	1.03e-157	432
YFI98130.1	WP_002922589.1	100	221	4.71e-154	423
YFI97997.1	WP_004901610.1	100	221	8.55e-166	453
YFI97052.1	WP_004177299.1	100	221	3.75e-160	439
YFI96675.1	WP_002893189.1	100	221	2.61e-151	416
YFI96282.1	WP_004224043.1	100	221	4.24e-166	454
YFI99483.1	WP_004899476.1	100	220	3.74e-155	426
YFI99386.1	WP_004899534.1	100	220	1.59e-156	429
YFI99076.1	WP_004900016.1	100	220	1.79e-162	444
YFI98551.1	WP_002917909.1	100	220	6.73e-158	433
YFI98200.1	WP_002921917.1	100	220	6.54e-140	387
YFI97885.1	WP_004901765.1	99.5	220	4.36e-154	423
YFI97566.1	WP_004152016.1	100	220	7.30e-162	443
YFI97403.1	WP_004177543.1	100	220	9.45e-149	410
YFI97189.1	WP_002888821.1	100	220	1.17e-167	457
YFI96766.1	WP_002892378.1	100	220	1.25e-153	422
YFI95831.1	WP_004223140.1	60.4	225	2.37e-79	233
YFJ00371.1	WP_002904633.1	100	219	1.75e-149	412
YFJ00242.1	WP_004224958.1	100	219	4.78e-171	466
YFI99969.1	WP_004898742.1	100	219	2.58e-141	391
YFI99752.1	WP_002910897.1	100	219	2.02e-163	447
YFI99710.1	WP_002911407.1	100	219	9.28e-169	460
YFI99708.1	WP_004145550.1	100	219	5.28e-150	413
YFI99341.1	WP_004899585.1	100	219	2.54e-157	431
YFI99317.1	WP_002913221.1	100	219	6.43e-151	415
YFI99249.1	WP_004174905.1	100	219	3.18e-151	416
YFI98972.1	WP_004900154.1	100	218	3.48e-157	431
YFI98731.1	WP_002916317.1	100	219	1.64e-153	422
YFI98713.1	WP_002916495.1	100	219	1.58e-151	417
YFI98651.1	WP_002916791.1	100	219	1.53e-158	434
YFI98642.1	WP_004900654.1	100	219	2.17e-158	434
YFI97927.1	WP_004195589.1	100	219	5.91e-147	405
YFI97266.1	WP_002888348.1	100	219	2.02e-163	447
YFI96450.1	WP_002895746.1	100	219	7.89e-161	440
YFI96434.1	WP_002895837.1	100	219	1.51e-149	412
YFI96278.1	WP_002898458.1	100	219	3.28e-144	398
YFJ00474.1	WP_004898484.1	100	218	4.23e-160	438
YFJ00469.1	WP_002907742.1	100	218	1.60e-164	449
YFJ00268.1	WP_004176118.1	100	218	1.46e-151	417
YFI99992.1	WP_004898703.1	96.8	218	1.73e-146	404
YFI99606.1	WP_002911539.1	100	218	1.52e-153	422
YFI99097.1	WP_004899972.1	99.5	218	2.26e-155	426
YFI96539.1	WP_004176857.1	100	218	3.10e-162	444
YFI96069.1	WP_004140389.1	100	218	8.46e-151	415
YFI95780.1	WP_004151559.1	100	218	3.10e-162	444
YFJ00679.1	WP_023302796.1	100	217	1.22e-163	447
YFI99795.1	WP_004899022.1	100	217	6.50e-159	435
YFI99716.1	WP_004891053.1	100	217	1.22e-172	470
YFI99395.1	WP_004151113.1	100	217	1.08e-166	455
YFI98692.1	WP_002916607.1	100	217	8.51e-155	425
YFI98628.1	WP_004185664.1	100	217	8.16e-153	420
YFI98473.1	WP_004889584.1	100	217	2.00e-153	421
YFI98429.1	WP_004900945.1	100	217	6.99e-154	422
YFI98299.1	WP_004188304.1	100	217	8.84e-132	367
YFI97115.1	WP_002889448.1	100	217	4.75e-120	337
YFI96696.1	WP_004178896.1	100	217	2.09e-155	426
YFI96210.1	WP_004224077.1	100	217	5.99e-155	425
YFI99836.1	WP_002910198.1	100	216	3.31e-147	405
YFI99390.1	WP_004899528.1	99.5	216	6.96e-149	410
YFI99385.1	WP_004899537.1	100	216	9.98e-158	432
YFI99182.1	WP_004899839.1	100	216	1.26e-160	439
YFI99140.1	WP_004899897.1	100	216	8.47e-150	412
YFI97883.1	WP_004901773.1	100	216	2.37e-165	451
YFI97578.1	WP_002885684.1	100	216	3.90e-155	426
YFI96894.1	WP_002892080.1	100	216	5.11e-151	415
YFI96579.1	WP_004223656.1	100	216	2.77e-164	449
YFI96145.1	WP_004224139.1	100	216	9.98e-158	432
YFJ00059.1	WP_004898618.1	100	215	1.73e-162	444
YFI99865.1	WP_004898943.1	99.5	192	2.21e-137	380
YFI99855.1	WP_002910095.1	100	215	3.73e-148	408
YFI98904.1	WP_002915470.1	100	215	7.30e-155	425
YFI98526.1	WP_004181410.1	100	215	1.41e-152	419
YFI98074.1	WP_004901490.1	100	215	4.40e-156	428
YFI97336.1	WP_002887794.1	100	215	1.07e-147	407
YFI97328.1	WP_002887811.1	100	215	1.87e-157	431
YFI96320.1	WP_002898200.1	100	215	3.79e-166	453
YFJ00699.1	WP_004902226.1	100	214	1.08e-151	417
YFJ00687.1	WP_004213626.1	100	214	2.02e-156	429
YFJ00304.1	WP_004224859.1	100	214	6.27e-160	437
YFI97619.1	WP_004222044.1	99.5	214	4.20e-149	410
YFI97532.1	WP_004152267.1	100	214	1.16e-146	404
YFI96883.1	WP_002892184.1	100	214	1.31e-152	419
YFI96588.1	WP_004223647.1	100	214	2.56e-159	436
YFI96534.1	WP_004223691.1	100	214	1.86e-152	419
YFI96236.1	WP_004183625.1	100	214	1.66e-155	426
YFJ00550.1	WP_009308080.1	100	213	2.54e-157	432
YFI99983.1	WP_004145379.1	100	213	1.79e-154	424
YFI99705.1	WP_002911423.1	100	213	1.65e-150	414
YFI99501.1	WP_002912442.1	100	213	1.04e-153	422
YFI99207.1	WP_004145656.1	100	213	7.61e-156	427
YFI98126.1	WP_004901387.1	100	213	6.01e-153	420
YFI96991.1	WP_002890357.1	100	213	7.61e-156	427
YFI96676.1	WP_004223524.1	100	213	5.70e-142	392
YFI96194.1	WP_002900674.1	100	213	4.55e-148	407
YFI96148.1	WP_004224136.1	100	213	1.59e-148	409
YFI96085.1	WP_004224206.1	100	213	2.11e-162	444
YFJ00517.1	WP_004140668.1	100	212	1.77e-127	355
YFI99924.1	WP_002908844.1	100	212	1.47e-148	409
YFI99670.1	WP_004899182.1	100	212	1.04e-157	432
YFI99334.1	WP_002913199.1	100	212	3.22e-152	418
YFI99166.1	WP_004185124.1	100	212	4.42e-159	435
YFI98463.1	WP_002918467.1	100	212	9.61e-154	422
YFI97554.1	WP_002886721.1	100	212	1.43e-164	449
YFI97094.1	WP_002889716.1	100	212	3.88e-144	397
YFI97077.1	WP_004222813.1	100	212	1.27e-158	434
YFI96822.1	WP_029497274.1	89.6	212	4.21e-148	407
YFI96246.1	WP_002898883.1	100	212	4.92e-147	405
YFI96116.1	WP_004150783.1	100	212	9.13e-143	394
YFI96040.1	WP_002901634.1	100	212	6.03e-157	430
YFJ00078.1	WP_002907734.1	100	211	3.23e-156	428
YFJ00048.1	WP_002907792.1	100	211	3.48e-151	415
YFJ00034.1	WP_002907811.1	100	211	3.23e-156	428
YFI98875.1	WP_002915711.1	100	211	1.12e-147	406
YFI98796.1	WP_002916122.1	100	211	2.03e-159	436
YFI98710.1	WP_004144747.1	100	211	5.15e-153	420
YFI98489.1	WP_002918386.1	100	211	2.86e-150	413
YFI97940.1	WP_004901683.1	100	211	1.32e-155	426
YFI97875.1	WP_004151856.1	100	211	2.42e-142	393
YFI97775.1	WP_004152310.1	100	211	8.20e-150	412
YFI96181.1	WP_004224105.1	99.5	211	1.07e-145	401
YFI95728.1	WP_032448154.1	100	211	2.10e-152	418
YFJ00680.1	WP_004213609.1	100	210	1.09e-158	434
YFJ00217.1	WP_004898401.1	100	210	2.01e-145	400
YFI99909.1	WP_004898835.1	100	210	6.25e-149	409
YFI98860.1	WP_004900284.1	100	210	4.22e-147	405
YFI98634.1	WP_002916848.1	100	210	3.77e-150	412
YFI98585.1	WP_004181378.1	100	210	1.53e-149	411
YFI98361.1	WP_000242758.1	100	210	2.76e-152	418
YFI97954.1	WP_002882734.1	100	210	4.58e-151	415
YFI97384.1	WP_004146085.1	100	210	9.63e-153	419
YFI96126.1	WP_004183660.1	100	210	2.97e-147	405
YFI96074.1	WP_004224220.1	99.5	210	1.87e-150	413
YFJ00033.1	WP_002907812.1	100	209	1.57e-137	380
YFI99505.1	WP_004184823.1	100	209	3.49e-150	412
YFI99333.1	WP_004174988.1	100	209	6.06e-160	437
YFI98507.1	WP_004185827.1	100	209	3.35e-148	407
YFI98501.1	WP_002918373.1	100	209	5.78e-149	409
YFI98384.1	WP_002919796.1	100	209	2.87e-149	410
YFI97295.1	WP_002887990.1	100	209	1.08e-153	421
YFI96580.1	WP_004151650.1	100	209	4.27e-160	437
YFI95815.1	WP_004899661.1	64.3	213	1.78e-90	261
YFI99211.1	WP_002913827.1	100	208	1.04e-146	404
YFI98951.1	WP_002915108.1	100	208	4.59e-150	412
YFI98763.1	WP_004900436.1	100	208	3.50e-154	422
YFI98273.1	WP_004173987.1	100	208	1.54e-148	408
YFI98077.1	WP_002923018.1	100	208	2.03e-153	421
YFI96605.1	WP_004223631.1	99.5	208	2.65e-149	410
YFI96405.1	WP_004223841.1	100	208	1.55e-157	431
YFJ00559.1	WP_002892267.1	100	207	5.81e-155	424
YFI99968.1	WP_004898745.1	100	207	5.17e-151	414
YFI99597.1	WP_004180447.1	100	207	2.36e-147	405
YFI98758.1	WP_004149717.1	100	207	1.42e-148	408
YFI98748.1	WP_004149730.1	100	207	8.23e-148	406
YFI98240.1	WP_002921273.1	100	207	1.28e-160	439
YFI98114.1	WP_002922664.1	100	207	7.05e-149	409
YFI97977.1	WP_004151554.1	100	207	1.09e-152	419
YFI97957.1	WP_004146224.1	100	207	1.22e-149	411
YFI97395.1	WP_004222437.1	100	207	6.04e-150	412
YFI97153.1	WP_002889277.1	100	207	1.59e-145	400
YFI96940.1	WP_002891804.1	100	207	1.73e-149	410
YFI96647.1	WP_004223568.1	100	207	9.68e-156	426
YFI96076.1	WP_004183674.1	100	207	4.96e-149	409
YFJ00470.1	WP_002907731.1	100	206	4.79e-151	414
YFJ00291.1	WP_004190051.1	100	206	2.10e-145	400
YFJ00098.1	WP_004143799.1	100	206	1.88e-157	431
YFI99191.1	WP_002913890.1	100	206	1.17e-142	393
YFI99082.1	WP_004145700.1	100	206	1.36e-141	390
YFI98621.1	WP_002916862.1	100	206	4.41e-147	404
YFI98408.1	WP_002919224.1	100	206	2.35e-142	392
YFI97910.1	WP_002882894.1	100	206	3.65e-155	425
YFI97821.1	WP_004152056.1	100	206	1.04e-145	401
YFI97819.1	WP_002883411.1	100	206	4.74e-142	392
YFI97568.1	WP_002886687.1	100	206	2.19e-147	405
YFI97345.1	WP_004222535.1	100	206	1.50e-129	360
YFI97218.1	WP_004222669.1	100	206	1.36e-141	390
YFI96653.1	WP_004223554.1	100	206	3.24e-149	410
YFI96027.1	WP_002901738.1	100	206	6.80e-151	414
YFI95719.1	WP_002210516.1	100	206	5.59e-150	412
YFJ00153.1	WP_004898537.1	100	205	1.96e-154	423
YFI99852.1	WP_002910100.1	100	205	3.12e-151	415
YFI98977.1	WP_004900138.1	100	205	1.13e-153	421
YFI98618.1	WP_004144530.1	100	205	4.97e-148	407
YFI98610.1	WP_002916877.1	100	205	1.05e-149	411
YFI98116.1	WP_002922654.1	100	205	7.29e-141	389
YFI98017.1	WP_004145082.1	100	205	2.37e-146	402
YFI96346.1	WP_004224014.1	100	205	2.04e-165	451
YFI95765.1	WP_004152239.1	100	205	3.95e-154	422
YFI95744.1	WP_004152235.1	100	205	2.04e-165	451
YFI98601.1	WP_004900721.1	100	204	2.19e-146	402
YFI97797.1	WP_002883449.1	100	204	7.04e-143	394
YFI96917.1	WP_004223037.1	100	204	9.60e-141	388
YFI96438.1	WP_002895828.1	100	204	6.32e-155	424
YFI95931.1	WP_004176405.1	100	204	3.63e-145	399
YFJ00411.1	WP_002914050.1	99.5	203	5.07e-151	414
YFI99818.1	WP_002910405.1	99.5	203	4.62e-152	417
YFI99763.1	WP_002910846.1	100	203	5.40e-151	414
YFI99694.1	WP_002911454.1	100	203	6.26e-141	389
YFI99498.1	WP_004899454.1	100	203	2.47e-147	405
YFI98726.1	WP_004900534.1	100	203	3.37e-145	399
YFI96947.1	WP_002891635.1	100	203	2.68e-151	415
YFI96350.1	WP_004224009.1	100	203	3.25e-152	417
YFI95722.1	WP_002903816.1	100	203	2.68e-151	415
YFI99008.1	WP_004151047.1	100	202	6.08e-152	416
YFI98792.1	WP_002916128.1	100	202	1.31e-137	380
YFI98786.1	WP_002916189.1	100	202	3.95e-148	407
YFI98436.1	WP_004185869.1	100	202	3.12e-145	399
YFI98166.1	WP_004145238.1	100	202	1.66e-140	387
YFI97727.1	WP_002884822.1	100	202	7.05e-142	391
YFI96615.1	WP_002894164.1	100	202	1.28e-153	421
YFI95746.1	WP_004209765.1	100	202	4.11e-150	412
YFJ00076.1	WP_002907736.1	100	201	3.51e-146	402
YFI99071.1	WP_004212889.1	100	201	1.54e-140	387
YFI98944.1	WP_002915158.1	100	201	8.62e-147	403
YFI98877.1	WP_004151092.1	100	201	3.51e-146	402
YFI98787.1	WP_004151951.1	100	201	1.96e-152	417
YFI98385.1	WP_002919794.1	100	201	4.06e-136	376
YFI97809.1	WP_002883422.1	100	201	3.94e-143	394
YFI97247.1	WP_002888481.1	100	201	1.61e-151	415
YFI96885.1	WP_002892177.1	100	201	3.51e-146	402
YFI96658.1	WP_004223546.1	100	201	7.95e-143	393
YFI95883.1	WP_004224508.1	100	201	7.63e-141	388
YFI99941.1	WP_002908526.1	100	200	1.50e-151	415
YFI98664.1	WP_004174410.1	100	200	2.88e-140	387
YFI98560.1	WP_004144842.1	99.5	200	3.77e-136	376
YFI98357.1	WP_004181446.1	100	200	6.09e-151	414
YFI98106.1	WP_004901421.1	100	200	2.88e-140	387
YFI96984.1	WP_004178733.1	100	200	5.01e-150	411
YFI96014.1	WP_002901778.1	100	200	1.96e-147	405
YFJ00185.1	WP_002906218.1	100	199	3.25e-141	389
YFJ00062.1	WP_004175857.1	100	199	5.00e-145	399
YFI99534.1	WP_004144136.1	100	199	1.49e-146	402
YFI99343.1	WP_004899584.1	100	199	2.19e-139	384
YFI97947.1	WP_004901669.1	100	199	1.82e-147	405
YFI97376.1	WP_004146077.1	100	199	3.64e-138	381
YFI97130.1	WP_002889376.1	100	199	6.82e-143	393
YFJ00623.1	WP_004145240.1	100	198	1.36e-135	375
YFJ00107.1	WP_002907481.1	100	198	1.38e-146	402
YFI99405.1	WP_004144265.1	100	198	2.68e-144	397
YFI99231.1	WP_002913754.1	100	198	3.13e-143	394
YFI98715.1	WP_002916490.1	100	198	5.02e-149	409
YFI98275.1	WP_002920820.1	100	198	1.62e-145	400
YFI98128.1	WP_002922598.1	100	198	1.04e-132	367
YFI97171.1	WP_004222700.1	100	198	8.27e-139	383
YFI97093.1	WP_004177335.1	100	198	5.36e-135	373
YFI96294.1	WP_004179217.1	100	198	2.57e-142	392
YFI96257.1	WP_002898704.1	100	198	1.81e-142	392
YFI95884.1	WP_004224506.1	100	198	1.77e-124	347
YFI98958.1	WP_002915099.1	100	197	5.62e-141	388
YFI98753.1	WP_004889839.1	100	197	7.41e-146	400
YFI98687.1	WP_002916615.1	100	197	5.40e-139	383
YFI98041.1	WP_002923282.1	100	197	4.44e-138	381
YFI97929.1	WP_002882862.1	100	197	5.22e-146	401
YFI96961.1	WP_004222993.1	100	197	3.80e-139	384
YFI96402.1	WP_004141974.1	100	197	4.65e-149	409
YFI96225.1	WP_004179313.1	100	197	3.22e-131	363
YFI95947.1	WP_004179574.1	100	197	3.65e-137	379
YFI99537.1	WP_002912227.1	100	196	4.83e-146	401
YFI99107.1	WP_004174800.1	100	196	1.93e-127	354
YFI98529.1	WP_002918211.1	100	196	7.10e-139	383
YFI97769.1	WP_002884331.1	100	196	3.82e-143	394
YFI97637.1	WP_002885410.1	100	196	2.89e-138	381
YFI97102.1	WP_004178672.1	100	196	6.28e-133	368
YFI96578.1	WP_002894693.1	100	196	3.07e-124	346
YFI96251.1	WP_002898814.1	100	196	2.49e-148	407
YFI96048.1	WP_002901611.1	100	196	7.44e-150	410
YFI96023.1	WP_002901749.1	100	196	6.33e-142	390
YFJ00465.1	WP_004175718.1	99.5	195	1.15e-141	390
YFJ00321.1	WP_004224821.1	100	195	1.34e-147	405
YFI99451.1	WP_004144230.1	100	195	2.68e-138	381
YFI98369.1	WP_002920140.1	100	195	3.96e-115	323
YFI97313.1	WP_002887898.1	100	195	1.38e-140	387
YFI97046.1	WP_002890053.1	100	195	3.77e-129	358
YFI96662.1	WP_004151671.1	100	195	4.63e-139	383
YFJ00520.1	WP_002899099.1	100	194	2.60e-149	409
YFI99813.1	WP_004180389.1	100	194	1.19e-145	400
YFI98594.1	WP_002917672.1	100	194	1.75e-138	382
YFI97662.1	WP_004221970.1	100	194	4.29e-139	383
YFI96204.1	WP_002899273.1	100	194	1.14e-143	395
YFJ00136.1	WP_002906794.1	100	193	1.14e-138	382
YFJ00083.1	WP_002907658.1	100	193	1.80e-126	351
YFJ00055.1	WP_002907771.1	100	193	1.83e-144	397
YFI99747.1	WP_002910905.1	100	193	9.37e-138	380
YFI99502.1	WP_004151145.1	100	193	3.54e-142	391
YFI99075.1	WP_004145710.1	100	193	2.48e-133	369
YFI98640.1	WP_004900659.1	100	193	1.56e-145	399
YFI98443.1	WP_002918646.1	100	193	3.01e-134	371
YFI98204.1	WP_004173936.1	99.5	193	6.70e-145	399
YFI98203.1	WP_004145213.1	100	193	7.75e-146	400
YFI97960.1	WP_002882607.1	100	193	2.13e-143	394
YFI97100.1	WP_004222780.1	99.5	193	1.82e-135	374
YFI96983.1	WP_004222964.1	100	193	3.28e-147	404
YFI96694.1	WP_014599061.1	100	193	4.28e-134	370
YFJ00279.1	WP_004176128.1	100	192	3.03e-138	381
YFJ00104.1	WP_002907487.1	100	192	8.68e-138	380
YFJ00082.1	WP_004143816.1	100	192	1.81e-130	361
YFJ00045.1	WP_004898632.1	100	192	2.22e-140	386
YFI99741.1	WP_004180429.1	100	192	7.14e-137	377
YFI99628.1	WP_004899672.1	79.2	192	1.44e-111	313
YFI98717.1	WP_004144745.1	100	192	6.83e-140	385
YFI98671.1	WP_004211544.1	100	192	1.01e-136	377
YFI96943.1	WP_002891647.1	100	192	4.44e-131	363
YFI95819.1	WP_004899672.1	77.6	192	9.67e-110	309
YFJ00611.1	WP_004151542.1	100	191	1.72e-137	381
YFJ00164.1	WP_004888643.1	100	191	2.21e-135	374
YFI99564.1	WP_004899323.1	100	191	6.83e-130	360
YFI99255.1	WP_002913630.1	100	191	1.51e-142	392
YFI99139.1	WP_002914074.1	100	191	2.59e-134	371
YFI98637.1	WP_004900664.1	99.5	191	3.70e-143	393
YFI98599.1	WP_002917651.1	100	191	1.39e-138	382
YFI98528.1	WP_002918214.1	100	191	7.53e-118	329
YFI98482.1	WP_002918413.1	100	191	1.28e-134	372
YFI98320.1	WP_002920540.1	100	191	6.89e-139	382
YFI96547.1	WP_004142248.1	100	191	1.88e-127	353
YFI96309.1	WP_002898296.1	100	191	4.65e-137	378
YFI99516.1	WP_004899424.1	100	190	4.51e-119	333
YFI99423.1	WP_002912951.1	100	190	3.04e-137	378
YFI99094.1	WP_004174789.1	100	190	2.41e-143	394
YFI98798.1	WP_004149657.1	99.5	190	4.40e-131	363
YFI98770.1	WP_004900425.1	99.5	190	2.71e-149	409
YFI98422.1	WP_002919132.1	100	190	1.63e-141	389
YFI96232.1	WP_004224069.1	100	190	8.02e-133	367
YFJ00112.1	WP_002907473.1	100	189	2.31e-136	376
YFI99683.1	WP_002911491.1	100	189	2.23e-143	394
YFI99450.1	WP_002912833.1	100	170	4.97e-122	340
YFI99418.1	WP_002912967.1	100	189	2.91e-130	360
YFI99323.1	WP_014599227.1	100	189	6.37e-134	370
YFI98878.1	WP_002915684.1	100	189	4.48e-134	370
YFI98355.1	WP_002920238.1	100	189	1.28e-133	369
YFJ00676.1	WP_004902370.1	100	188	2.60e-137	378
YFJ00598.1	WP_002885396.1	100	188	2.31e-131	363
YFI99733.1	WP_002910921.1	100	188	2.81e-132	365
YFI99689.1	WP_004145564.1	100	188	1.10e-138	382
YFI99219.1	WP_002913804.1	100	188	4.32e-136	375
YFI99042.1	WP_004174701.1	100	188	6.39e-138	380
YFI98689.1	WP_004900571.1	100	188	1.67e-124	346
YFI98483.1	WP_002918405.1	100	188	6.14e-136	375
YFI97999.1	WP_004151543.1	100	188	1.02e-134	372
YFI97617.1	WP_002885506.1	100	188	9.08e-138	379
YFI97311.1	WP_002887905.1	100	188	6.89e-133	367
YFI97113.1	WP_002889452.1	100	188	4.68e-140	385
YFI97054.1	WP_004222859.1	100	188	3.57e-144	395
YFI96899.1	WP_002892030.1	100	188	4.68e-140	385
YFI95967.1	WP_004224336.1	99.5	188	3.17e-138	380
YFJ00350.1	WP_004143457.1	100	187	2.12e-122	340
YFI99032.1	WP_002914812.1	100	187	2.82e-136	375
YFI98694.1	WP_002916603.1	100	187	5.69e-136	375
YFI98366.1	WP_004151401.1	100	187	2.24e-142	391
YFI98358.1	WP_002920229.1	100	187	4.17e-138	380
YFI97668.1	WP_004221955.1	100	187	2.82e-136	375
YFI97620.1	WP_004200767.1	100	187	3.36e-119	332
YFI97212.1	WP_002888692.1	100	187	5.71e-145	397
YFI96601.1	WP_002894394.1	100	187	1.02e-138	382
YFI96398.1	WP_004223846.1	100	187	6.38e-133	367
YFI96301.1	WP_002898392.1	100	187	3.29e-135	373
YFI96096.1	WP_004190861.1	100	187	1.10e-133	369
YFI95783.1	WP_004143055.1	100	187	8.08e-136	374
YFJ00723.1	WP_004214543.1	100	186	3.18e-137	378
YFJ00653.1	WP_004213927.1	100	186	3.05e-135	373
YFI98659.1	WP_004900632.1	100	186	9.86e-141	387
YFI98336.1	WP_002920321.1	100	186	2.81e-131	363
YFI98083.1	WP_002922970.1	100	186	4.51e-137	377
YFI96765.1	WP_004223390.1	100	186	1.83e-127	353
YFI96212.1	WP_004150824.1	100	186	3.15e-128	355
YFI96071.1	WP_004224229.1	100	186	8.40e-133	367
YFI95740.1	WP_004179730.1	100	186	2.72e-138	380
YFJ00257.1	WP_004176109.1	100	185	7.22e-138	379
YFI98838.1	WP_004143963.1	100	185	4.51e-132	365
YFI98766.1	WP_014599255.1	100	185	3.44e-136	375
YFI98269.1	WP_002920861.1	100	185	7.72e-124	344
YFI97688.1	WP_004151736.1	100	179	1.04e-122	341
YFI97560.1	WP_002886706.1	100	185	7.48e-131	362
YFI97163.1	WP_004183054.1	100	185	6.66e-134	369
YFI97140.1	WP_002889308.1	100	185	1.83e-106	300
YFI96267.1	WP_002898590.1	100	185	9.09e-132	364
YFI99974.1	WP_004189556.1	100	184	2.43e-140	385
YFI99453.1	WP_002912829.1	100	184	4.71e-138	380
YFI99354.1	WP_002913150.1	100	184	2.80e-121	337
YFI98853.1	WP_004181171.1	100	184	6.39e-127	352
YFI98741.1	WP_002916298.1	100	184	9.89e-140	384
YFI98581.1	WP_002917718.1	100	184	5.25e-126	349
YFI98555.1	WP_002917897.1	100	184	2.94e-132	365
YFI98425.1	WP_004900950.1	100	184	1.89e-119	333
YFI96493.1	WP_004151695.1	100	184	2.24e-136	375
YFI96286.1	WP_004210995.1	100	184	3.72e-135	372
YFI96228.1	WP_004140758.1	100	184	9.50e-138	379
YFJ00527.1	WP_002898198.1	100	183	4.90e-135	372
YFJ00147.1	WP_004180132.1	100	183	1.11e-140	386
YFI99886.1	WP_004898898.1	100	183	1.99e-134	370
YFI99336.1	WP_002913197.1	100	183	2.95e-136	375
YFI99335.1	WP_004899586.1	100	183	4.03e-134	370
YFI99304.1	WP_002913348.1	100	183	5.72e-134	369
YFI99080.1	WP_004145703.1	99.5	183	5.28e-130	359
YFI98837.1	WP_002915932.1	100	183	1.25e-137	379
YFI98506.1	WP_002918367.1	100	183	2.93e-127	352
YFI98488.1	WP_002918387.1	100	183	1.07e-129	358
YFI97539.1	WP_004177664.1	100	183	4.00e-125	347
YFI97444.1	WP_004177586.1	100	183	1.40e-134	371
YFI96888.1	WP_004223080.1	100	183	1.92e-132	365
YFI96082.1	WP_004176531.1	100	183	2.33e-133	368
YFJ00408.1	WP_004150977.1	100	182	7.84e-136	374
YFI99608.1	WP_004141115.1	100	182	7.23e-132	364
YFI99309.1	WP_004185005.1	100	182	1.07e-142	391
YFI98785.1	WP_002916190.1	100	182	3.01e-115	322
YFI98670.1	WP_004185634.1	100	182	2.14e-124	345
YFI97926.1	WP_002882865.1	100	182	1.40e-129	358
YFI97685.1	WP_002885137.1	99.4	170	1.98e-115	322
YFI96552.1	WP_002894771.1	100	182	1.15e-128	356
YFI96276.1	WP_004224046.1	100	182	2.07e-131	363
YFI95938.1	WP_004224398.1	100	182	9.78e-121	336
YFI99069.1	WP_004900029.1	100	181	1.63e-123	343
YFI98921.1	WP_002915253.1	100	181	1.92e-131	363
YFI98890.1	WP_004174597.1	100	181	2.73e-131	362
YFI98481.1	WP_002918415.1	100	181	2.07e-126	350
YFI97789.1	WP_001287521.1	100	181	9.52e-132	363
YFI97603.1	WP_002885538.1	100	181	1.21e-134	371
YFI97399.1	WP_004177540.1	100	181	4.53e-130	359
YFI97123.1	WP_002889431.1	100	181	3.88e-131	362
YFI96990.1	WP_002890365.1	100	181	9.91e-134	369
YFJ00456.1	WP_004189469.1	100	180	6.17e-123	341
YFI99369.1	WP_002913070.1	100	180	1.78e-131	363
YFI99353.1	WP_002913152.1	100	180	4.34e-123	342
YFI99012.1	WP_002914893.1	100	180	1.30e-124	345
YFI98421.1	WP_004145330.1	100	180	2.59e-115	322
YFI97477.1	WP_029884611.1	100	137	1.20e-99	281
YFI97047.1	WP_004144585.1	100	180	6.69e-127	351
YFI96720.1	WP_004223443.1	100	180	6.46e-134	369
YFI96607.1	WP_004223627.1	100	180	1.41e-137	378
YFI96307.1	WP_002898308.1	100	180	4.73e-136	374
YFI96186.1	WP_004224099.1	100	180	2.01e-137	378
YFI96003.1	WP_004152967.1	100	180	1.36e-135	373
YFI95950.1	WP_004176417.1	100	180	1.11e-125	348
YFI99792.1	WP_004899028.1	100	179	1.41e-115	323
YFI99647.1	WP_004899627.1	99.4	179	1.71e-124	345
YFI98396.1	WP_001096200.1	100	179	2.16e-127	352
YFI98215.1	WP_004901229.1	100	179	2.35e-83	241
YFI97456.1	WP_004222304.1	100	179	5.10e-126	349
YFI97362.1	WP_002887624.1	100	179	8.81e-127	351
YFI97267.1	WP_004222645.1	100	179	2.97e-134	370
YFI96973.1	WP_002890414.1	100	179	1.15e-122	340
YFI96184.1	WP_002900781.1	100	179	9.78e-115	320
YFI96043.1	WP_002901631.1	100	179	3.74e-128	354
YFJ00460.1	WP_004143215.1	100	178	3.79e-122	340
YFJ00280.1	WP_004224885.1	100	178	5.12e-130	359
YFI99807.1	WP_004898993.1	100	178	2.25e-124	345
YFI98784.1	WP_004174507.1	100	178	7.57e-132	363
YFI98525.1	WP_004900860.1	100	178	6.99e-128	353
YFI98079.1	WP_004145017.1	100	178	5.09e-121	336
YFI97806.1	WP_004181653.1	100	178	2.05e-111	312
YFI97190.1	WP_002888819.1	100	178	3.33e-126	349
YFI97178.1	WP_004177389.1	100	178	3.75e-132	364
YFI96046.1	WP_002901627.1	100	178	1.07e-122	340
YFJ00273.1	WP_002905230.1	100	162	2.23e-29	103
YFI98399.1	WP_002919662.1	100	177	5.12e-125	346
YFI98339.1	WP_004174028.1	100	177	1.25e-116	325
YFI98237.1	WP_004901185.1	100	177	3.76e-136	374
YFI97982.1	WP_004144994.1	100	177	3.88e-120	334
YFI97795.1	WP_002883453.1	100	177	3.34e-130	359
YFI97613.1	WP_004222047.1	100	177	5.14e-134	369
YFI97435.1	WP_002887259.1	100	177	2.09e-133	367
YFI97426.1	WP_004178461.1	100	177	7.88e-129	356
YFI97374.1	WP_002887560.1	100	177	1.03e-124	345
YFI97280.1	WP_002888068.1	100	177	6.50e-137	376
YFI97005.1	WP_002890276.1	100	177	2.08e-124	345
YFI99755.1	WP_002910894.1	100	176	1.86e-131	362
YFI99050.1	WP_002914337.1	100	176	4.74e-125	346
YFI98833.1	WP_002915936.1	100	176	1.66e-134	370
YFI98590.1	WP_002917679.1	100	176	2.26e-123	342
YFI98303.1	WP_002920775.1	100	176	4.94e-127	351
YFI97900.1	WP_002882918.1	100	176	7.87e-124	343
YFI97548.1	WP_002886766.1	100	176	3.09e-130	359
YFI96555.1	WP_002894765.1	100	176	9.61e-134	368
YFI95960.1	WP_004224366.1	100	176	1.12e-132	365
YFI95959.1	WP_004224370.1	100	176	6.76e-134	369
YFI95958.1	WP_004224374.1	100	176	6.50e-132	363
YFI95675.1	WP_004224728.1	100	176	7.87e-124	343
YFJ00670.1	WP_004210220.1	100	175	5.56e-128	353
YFJ00399.1	WP_004900407.1	100	175	1.36e-119	332
YFJ00093.1	WP_002907640.1	100	175	6.02e-132	363
YFJ00024.1	WP_004898657.1	100	175	1.64e-95	271
YFI99329.1	WP_004140943.1	100	175	1.94e-128	355
YFI99020.1	WP_002914875.1	100	175	3.10e-134	369
YFI98648.1	WP_004900644.1	100	175	4.41e-134	369
YFI97541.1	WP_002886889.1	100	175	1.04e-132	365
YFI96890.1	WP_014599050.1	100	175	1.25e-115	322
YFI96226.1	WP_004176593.1	100	175	1.26e-124	345
YFI98865.1	WP_002915750.1	100	174	1.86e-121	337
YFI98522.1	WP_002918231.1	100	174	4.57e-122	338
YFI97712.1	WP_004151744.1	100	174	8.76e-111	310
YFI97443.1	WP_004222332.1	100	174	1.08e-129	358
YFI96516.1	WP_002895068.1	100	174	2.64e-121	337
YFJ00689.1	WP_004213635.1	100	173	1.42e-120	335
YFJ00065.1	WP_004898612.1	100	173	1.13e-126	350
YFI99693.1	WP_002911456.1	100	173	4.56e-117	326
YFI98735.1	WP_002916308.1	100	173	2.11e-131	362
YFI98343.1	WP_002920267.1	100	173	9.59e-119	330
YFI96203.1	WP_002899276.1	100	173	6.26e-124	343
YFJ00309.1	WP_004176166.1	100	172	2.88e-124	344
YFJ00135.1	WP_002906796.1	100	172	2.19e-128	354
YFI96595.1	WP_004191339.1	99.4	172	4.01e-137	377
YFI96299.1	WP_002898398.1	100	172	9.29e-130	358
YFI99175.1	WP_004174835.1	100	171	4.08e-119	331
YFI99045.1	WP_002914351.1	100	171	4.79e-127	351
YFI98668.1	WP_019704321.1	100	151	1.65e-100	283
YFI97723.1	WP_002884931.1	100	171	4.60e-125	346
YFI97329.1	WP_004178555.1	100	171	1.48e-121	337
YFI97169.1	WP_004191951.1	100	171	2.99e-121	336
YFI96375.1	WP_004223978.1	100	171	1.54e-123	342
YFI95835.1	WP_004224598.1	100	171	2.03e-128	354
YFJ00564.1	WP_016946574.1	100	170	6.64e-126	348
YFI97394.1	WP_002887467.1	100	170	6.54e-120	333
YFI96464.1	WP_002895668.1	100	170	1.37e-121	337
YFI96430.1	WP_002895845.1	100	170	1.67e-122	339
YFI95724.1	WP_004224675.1	100	170	7.33e-117	325
YFJ00645.1	WP_004145290.1	100	169	3.93e-116	323
YFJ00150.1	WP_002906702.1	100	169	3.13e-122	338
YFI99674.1	WP_004175413.1	100	169	1.05e-120	335
YFI99266.1	WP_000522253.1	100	169	3.37e-117	326
YFI99152.1	WP_004890375.1	99.4	169	5.59e-123	341
YFI99118.1	WP_004174804.1	100	169	9.33e-124	342
YFI98418.1	WP_004150006.1	100	169	7.94e-116	322
YFI97742.1	WP_004186456.1	99.4	169	2.38e-126	349
YFI96861.1	WP_004223115.1	100	169	1.60e-115	322
YFI96295.1	WP_002898418.1	100	169	5.82e-118	328
YFI96110.1	WP_004176547.1	100	169	2.11e-120	334
YFJ00197.1	WP_004898435.1	100	168	3.25e-119	331
YFI98789.1	WP_002916184.1	100	168	2.29e-119	331
YFI98604.1	WP_002917636.1	100	168	1.43e-122	339
YFI98259.1	WP_004151420.1	100	167	9.39e-130	357
YFI97961.1	WP_004901656.1	100	168	1.38e-120	334
YFI97953.1	WP_002882743.1	100	168	3.18e-101	285
YFI96490.1	WP_002895283.1	100	168	1.05e-124	345
YFI96131.1	WP_004140514.1	100	168	3.65e-116	323
YFI95982.1	WP_004152131.1	100	168	3.00e-115	321
YFJ00202.1	WP_004898422.1	100	167	6.59e-123	340
YFI98725.1	WP_004900536.1	100	167	6.59e-123	340
YFI98523.1	WP_004174193.1	100	167	9.36e-123	340
YFI98401.1	WP_004900968.1	99.4	167	6.55e-114	317
YFI97906.1	WP_002882903.1	100	167	3.35e-107	300
YFI97503.1	WP_004222194.1	100	167	5.42e-122	338
YFI96825.1	WP_014599053.1	97.0	167	4.28e-119	330
YFI96432.1	WP_002895841.1	100	167	2.38e-116	323
YFJ00714.1	WP_004212823.1	100	166	1.82e-124	344
YFJ00357.1	WP_004224756.1	100	166	1.38e-110	309
YFI99349.1	WP_002913160.1	100	166	2.13e-123	341
YFI99038.1	WP_004213244.1	100	166	3.97e-119	330
YFI98698.1	WP_002916588.1	100	166	5.02e-122	338
YFI98559.1	WP_004144843.1	100	166	2.39e-120	333
YFI97301.1	WP_002887973.1	100	166	4.13e-121	335
YFI96106.1	WP_002901088.1	100	166	1.05e-114	319
YFI95915.1	WP_002902516.1	100	166	3.66e-115	320
YFI99669.1	WP_004141101.1	100	165	6.11e-118	327
YFI99036.1	WP_002914771.1	100	165	1.33e-112	314
YFI97786.1	WP_001207203.1	100	165	2.37e-106	298
YFI97773.1	WP_002884324.1	100	165	3.68e-119	330
YFI97731.1	WP_004221866.1	100	165	1.82e-119	331
YFI97223.1	WP_004152922.1	99.4	165	9.30e-118	327
YFI95893.1	WP_004224495.1	100	165	9.04e-129	355
YFJ00726.1	WP_004212794.1	100	164	2.22e-115	321
YFJ00436.1	WP_004200342.1	100	164	1.56e-124	344
YFI99340.1	WP_002913193.1	100	164	1.45e-120	334
YFI98656.1	WP_004105804.1	100	164	3.02e-113	315
YFI98464.1	WP_002918465.1	100	164	1.62e-117	326
YFI97751.1	WP_004151751.1	100	164	9.78e-119	329
YFI96858.1	WP_004151319.1	100	164	2.50e-121	336
YFI96352.1	WP_000228469.1	100	164	7.73e-116	322
YFI96252.1	WP_002898812.1	100	164	3.04e-122	338
YFI96132.1	WP_004148027.1	100	164	3.65e-105	295
YFI95949.1	WP_004224390.1	100	164	4.47e-115	320
YFJ00656.1	WP_011251327.1	100	163	1.45e-115	321
YFI99649.1	WP_004104226.1	100	163	2.60e-118	328
YFI99399.1	WP_004175048.1	100	163	1.02e-115	322
YFI99171.1	WP_002913993.1	100	163	9.78e-114	317
YFI98859.1	WP_004900288.1	100	163	3.53e-107	300
YFI97364.1	WP_002887620.1	100	163	1.54e-101	286
YFI97241.1	WP_002888536.1	100	163	4.47e-110	307
YFI96959.1	WP_002891465.1	100	163	2.21e-110	308
YFI96923.1	WP_002891903.1	100	163	1.50e-108	303
YFI95966.1	WP_004224339.1	100	163	2.31e-112	313
YFI95961.1	WP_002902160.1	100	163	2.81e-122	338
YFJ00673.1	WP_004902361.1	100	162	1.02e-119	332
YFJ00023.1	WP_004175817.1	100	162	9.09e-123	339
YFI99321.1	WP_002913214.1	100	162	1.06e-112	314
YFI98477.1	WP_004144926.1	100	162	1.02e-110	309
YFI98442.1	WP_002918648.1	100	162	1.76e-111	311
YFI98298.1	WP_004181470.1	100	162	5.06e-120	332
YFI97803.1	WP_004901899.1	100	162	5.68e-117	325
YFI97722.1	WP_002884935.1	100	162	9.08e-132	362
YFI96463.1	WP_002895670.1	100	162	3.16e-114	318
YFI96384.1	WP_002896376.1	100	162	4.49e-114	317
YFJ00713.1	WP_011154565.1	100	161	3.71e-117	325
YFJ00398.1	WP_002916195.1	99.4	161	5.98e-106	297
YFJ00316.1	WP_004224844.1	100	157	5.57e-118	327
YFJ00169.1	WP_004898496.1	100	161	3.05e-125	345
YFJ00056.1	WP_004184275.1	100	161	1.19e-113	316
YFI99303.1	WP_002913355.1	100	161	1.34e-119	331
YFI99250.1	WP_004151997.1	100	161	2.49e-106	298
YFI98382.1	WP_004212528.1	100	161	1.24e-124	344
YFI98188.1	WP_004901283.1	100	161	1.51e-116	323
YFI98169.1	WP_004901322.1	100	161	3.17e-118	328
YFI97903.1	WP_002882913.1	100	161	1.24e-115	321
YFI97442.1	WP_004222343.1	100	161	1.63e-111	311
YFI97174.1	WP_004151943.1	100	161	1.84e-117	326
YFI97135.1	WP_002889325.1	100	161	6.58e-102	286
YFI96062.1	WP_002901540.1	100	160	7.19e-108	301
YFJ00541.1	WP_002894699.1	100	160	4.02e-116	322
YFI99791.1	WP_002910657.1	100	160	2.23e-113	315
YFI99654.1	WP_004899613.1	99.4	160	2.83e-116	323
YFI99296.1	WP_002913367.1	100	160	1.70e-117	326
YFI99116.1	WP_004145671.1	100	160	1.64e-115	321
YFI99101.1	WP_002914164.1	100	160	6.94e-117	324
YFI96227.1	WP_002898950.1	100	160	2.23e-113	315
YFI96097.1	WP_002901230.1	100	160	1.52e-120	333
YFI96034.1	WP_004224267.1	100	160	1.29e-112	313
YFI95700.1	WP_002904389.1	100	160	4.33e-111	310
YFI95681.1	WP_002904493.1	100	160	1.91e-114	318
YFI95671.1	WP_002904614.1	100	160	5.49e-123	340
YFJ00705.1	WP_004212799.1	100	159	2.73e-118	328
YFJ00008.1	WP_002908128.1	100	159	5.08e-114	317
YFI99653.1	WP_004899614.1	99.4	159	1.77e-123	341
YFI99237.1	WP_002913727.1	100	159	1.30e-116	323
YFI99142.1	WP_004144354.1	100	159	3.30e-110	307
YFI99091.1	WP_000888203.1	100	159	4.89e-112	312
YFI98948.1	WP_002915113.1	100	159	7.52e-116	322
YFI98824.1	WP_002915983.1	99.4	159	3.31e-119	330
YFI98134.1	WP_002922501.1	100	159	1.70e-112	313
YFI97278.1	WP_002888320.1	100	159	1.92e-118	328
YFI97182.1	WP_004178602.1	100	159	3.06e-115	320
YFI96877.1	WP_002892205.1	100	159	5.71e-111	309
YFI96388.1	WP_002896365.1	100	159	2.42e-112	313
YFI95930.1	WP_002902405.1	100	159	2.42e-112	313
YFI95858.1	WP_004224565.1	100	159	1.62e-122	339
YFI99786.1	WP_002910717.1	100	158	1.41e-115	321
YFI98611.1	WP_004181345.1	100	158	3.85e-104	292
YFI98500.1	WP_002918375.1	100	158	1.07e-110	308
YFI98381.1	WP_002919971.1	100	158	1.58e-112	313
YFI98218.1	WP_002921529.1	100	158	1.78e-118	328
YFI97633.1	WP_002885425.1	100	158	4.50e-103	289
YFI96962.1	WP_004222991.1	100	158	1.07e-119	331
YFI96801.1	WP_032448012.1	99.4	158	3.07e-119	330
YFI96478.1	WP_004223755.1	100	158	1.30e-120	333
YFI95794.1	WP_004899613.1	67.1	158	9.12e-69	202
YFI99549.1	WP_002911889.1	100	157	8.49e-121	334
YFI98420.1	WP_002919137.1	100	157	1.71e-111	310
YFI98328.1	WP_002920503.1	100	157	1.78e-113	315
YFI98159.1	WP_002922423.1	100	157	9.18e-116	321
YFI97361.1	WP_002887631.1	100	157	6.70e-109	304
YFI97326.1	WP_002887814.1	100	157	2.96e-112	312
YFI96569.1	WP_002894722.1	100	157	2.08e-112	313
YFI96427.1	WP_004176765.1	100	157	7.82e-108	301
YFI95795.1	WP_004899614.1	63.2	152	8.06e-74	215
YFI95725.1	WP_002903808.1	100	157	1.71e-111	310
YFI95690.1	WP_004190215.1	100	157	1.78e-113	315
YFJ00693.1	WP_004026354.1	100	156	4.73e-113	314
YFJ00586.1	WP_002887607.1	100	156	1.25e-108	303
YFJ00288.1	WP_002905131.1	100	156	1.52e-109	305
YFI99463.1	WP_004899490.1	100	156	9.18e-111	308
YFI99218.1	WP_004899792.1	100	156	2.17e-118	328
YFI99015.1	WP_004174683.1	99.4	156	4.05e-114	317
YFI98454.1	WP_002918625.1	100	156	8.14e-105	293
YFI98377.1	WP_002920113.1	100	156	9.90e-106	296
YFI98078.1	WP_004173883.1	100	156	2.85e-123	340
YFI97981.1	WP_004107293.1	100	156	1.46e-82	237
YFI96970.1	WP_001021161.1	100	156	2.33e-104	292
YFI96901.1	WP_002892026.1	100	156	7.55e-110	306
YFI96800.1	WP_004223344.1	100	156	2.44e-115	320
YFI96698.1	WP_004176974.1	100	156	4.03e-105	294
YFJ00561.1	WP_004177266.1	100	155	5.71e-123	340
YFJ00071.1	WP_002907749.1	100	155	1.38e-75	219
YFI99622.1	WP_004213338.1	94.6	149	9.93e-96	270
YFI98434.1	WP_002918736.1	100	155	1.14e-90	258
YFI98155.1	WP_002922428.1	100	155	2.97e-111	310
YFI98090.1	WP_004901452.1	100	155	1.86e-114	318
YFI97579.1	WP_002885683.1	100	155	2.44e-110	307
YFI97105.1	WP_002889686.1	100	155	2.09e-120	333
YFI96821.1	WP_004223268.1	60.9	133	3.28e-56	171
YFI96582.1	WP_002894620.1	100	155	1.12e-115	321
YFI99888.1	WP_002909082.1	100	154	5.35e-118	327
YFI99465.1	WP_004899489.1	100	153	5.16e-118	327
YFI98760.1	WP_004900479.1	100	154	8.54e-103	290
YFI98538.1	WP_004150939.1	100	154	6.24e-108	301
YFI97824.1	WP_002883404.1	100	154	3.61e-107	299
YFI97525.1	WP_004222151.1	100	154	3.22e-119	330
YFI97412.1	WP_004177547.1	100	154	4.39e-108	301
YFI97076.1	WP_004222817.1	100	154	5.78e-113	314
YFJ00731.1	WP_004215188.1	100	153	8.55e-110	306
YFJ00525.1	WP_002898209.1	100	153	1.53e-103	290
YFI99998.1	WP_004175770.1	100	153	1.66e-107	300
YFI99360.1	WP_004184987.1	100	153	3.10e-112	312
YFI98802.1	WP_002916056.1	100	153	5.56e-106	296
YFI97762.1	WP_004178258.1	100	153	1.31e-113	315
YFI97599.1	WP_002885589.1	100	153	3.63e-111	309
YFI97514.1	WP_002886927.1	100	153	1.48e-110	308
YFI96160.1	WP_004224129.1	100	153	1.73e-109	305
YFI95825.1	WP_004213338.1	100	153	9.23e-105	293
YFI99972.1	WP_004143391.1	100	152	1.54e-107	300
YFI99846.1	WP_002910109.1	100	152	1.13e-118	328
YFI99734.1	WP_004215046.1	100	152	4.07e-103	289
YFI99293.1	WP_004899702.1	100	152	7.62e-108	301
YFI99114.1	WP_004899939.1	100	152	8.91e-107	298
YFI98129.1	WP_004145270.1	100	152	9.27e-109	303
YFI97974.1	WP_002882510.1	100	152	6.03e-105	293
YFI97695.1	WP_002885077.1	100	152	7.93e-110	306
YFI97356.1	WP_004151383.1	100	152	3.11e-107	299
YFI97239.1	WP_002888541.1	100	152	1.32e-108	303
YFI97086.1	WP_002889733.1	100	152	2.02e-112	312
YFI97007.1	WP_002890230.1	100	152	5.16e-106	296
YFI96929.1	WP_002891873.1	99.3	152	2.19e-107	300
YFI96873.1	WP_004151325.1	100	152	1.27e-106	298
YFI96290.1	WP_004224034.1	100	152	2.02e-112	312
YFI96165.1	WP_004179338.1	100	152	1.87e-108	302
YFI96146.1	WP_004150802.1	100	152	1.80e-115	320
YFI99339.1	WP_002913194.1	100	151	1.54e-111	310
YFI97743.1	WP_004177857.1	100	151	6.29e-111	308
YFI97180.1	WP_002888845.1	100	151	1.67e-106	297
YFI97133.1	WP_004145858.1	100	151	1.48e-109	305
YFI97071.1	WP_004222825.1	99.3	151	1.94e-96	272
YFI96735.1	WP_004223423.1	100	151	6.80e-115	318
YFJ00719.1	WP_011251268.1	100	150	3.25e-108	301
YFI98509.1	WP_004188453.1	99.3	150	1.71e-104	292
YFI98435.1	WP_004174104.1	100	150	1.55e-106	297
YFI98044.1	WP_004901545.1	100	150	7.66e-107	298
YFI97661.1	WP_004210036.1	100	150	3.12e-106	296
YFI97511.1	WP_004186717.1	100	150	7.97e-109	303
YFI97088.1	WP_004145818.1	100	150	1.88e-107	300
YFI96556.1	WP_002894761.1	100	150	7.09e-112	311
YFI96461.1	WP_004223773.1	100	150	8.29e-111	308
YFI96297.1	WP_002898404.1	100	150	4.26e-104	291
YFJ00306.1	WP_004224855.1	100	149	1.61e-103	290
YFJ00134.1	WP_004180135.1	100	149	1.95e-95	269
YFI99254.1	WP_002913635.1	100	149	3.13e-110	306
YFI99064.1	WP_002914289.1	100	149	2.90e-106	296
YFI99007.1	WP_002914925.1	100	149	3.13e-110	306
YFI98576.1	WP_004900777.1	100	149	1.09e-110	308
YFI97645.1	WP_004177775.1	100	149	3.38e-105	294
YFI97570.1	WP_002886682.1	100	149	1.67e-96	272
YFI97300.1	WP_002887976.1	100	149	2.78e-104	291
YFI96972.1	WP_002890417.1	100	149	2.90e-106	296
YFI96260.1	WP_004141456.1	100	149	3.52e-107	299
YFJ00466.1	WP_023285244.1	100	148	1.41e-102	287
YFJ00201.1	WP_004148482.1	100	148	5.18e-95	268
YFI99753.1	WP_002910896.1	100	148	3.26e-116	322
YFI99346.1	WP_002913181.1	100	148	2.58e-104	291
YFI98861.1	WP_002915808.1	100	148	3.39e-100	281
YFI98749.1	WP_071531383.1	100	148	6.35e-104	291
YFI98180.1	WP_004901307.1	100	147	2.13e-105	294
YFI98035.1	WP_002923294.1	100	148	1.28e-113	315
YFI97348.1	WP_004222533.1	100	148	3.67e-104	291
YFI96660.1	WP_071603220.1	100	148	1.60e-104	293
YFI96292.1	WP_004224032.1	100	148	2.12e-103	289
YFI96107.1	WP_002901080.1	100	148	1.61e-98	277
YFI95673.1	WP_004224732.1	100	148	9.00e-114	315
YFJ00692.1	WP_004026357.1	100	147	3.40e-104	291
YFJ00659.1	WP_004213072.1	100	147	1.68e-104	292
YFI99844.1	WP_004211128.1	100	147	2.30e-102	286
YFI99808.1	WP_004175538.1	100	147	3.40e-104	291
YFI99691.1	WP_002911477.1	100	147	4.83e-104	291
YFI98924.1	WP_002915235.1	100	147	1.28e-108	302
YFI98524.1	WP_002918223.1	100	147	2.69e-110	306
YFI97501.1	WP_002886953.1	100	147	2.21e-109	304
YFI96985.1	WP_002890380.1	100	147	7.71e-101	283
YFJ00176.1	WP_002906451.1	100	146	3.41e-108	301
YFJ00084.1	WP_002907654.1	100	146	1.56e-95	269
YFJ00069.1	WP_004143833.1	100	146	9.76e-99	277
YFI98851.1	WP_002915858.1	100	146	1.14e-106	297
YFI98202.1	WP_004181509.1	100	146	3.69e-112	311
YFI97975.1	WP_004144988.1	100	146	9.41e-106	295
YFI97383.1	WP_002887503.1	100	146	5.03e-101	283
YFI97186.1	WP_004177394.1	100	146	6.12e-111	308
YFI97061.1	WP_004222848.1	100	145	1.70e-101	284
YFI95917.1	WP_002902513.1	100	146	1.50e-102	287
YFI95709.1	WP_004224697.1	100	146	1.56e-104	292
YFJ00284.1	WP_004224879.1	100	145	1.19e-103	290
YFI99102.1	WP_015875096.1	100	145	6.24e-102	286
YFI98246.1	WP_004145166.1	100	145	2.41e-103	289
YFI97945.1	WP_002882809.1	100	145	1.98e-102	286
YFI97930.1	WP_002882861.1	100	145	1.63e-101	284
YFI97767.1	WP_002884346.1	100	145	1.20e-78	226
YFI96550.1	WP_004223677.1	99.3	145	2.41e-103	289
YFI96455.1	WP_004176793.1	100	145	6.63e-101	283
YFJ00037.1	WP_004898643.1	100	144	1.91e-104	291
YFI99956.1	WP_004898761.1	100	144	5.48e-104	290
YFI99598.1	WP_004899208.1	100	143	5.09e-102	285
YFI99508.1	WP_004213675.1	100	144	2.61e-102	286
YFI98403.1	WP_002919516.1	100	144	8.34e-90	254
YFI97659.1	WP_002885221.1	100	144	2.93e-108	301
YFI97437.1	WP_002887256.1	100	144	3.56e-109	303
YFI96697.1	WP_002893017.1	100	144	2.06e-99	279
YFI96368.1	WP_014599114.1	100	144	9.82e-98	275
YFI96242.1	WP_004150827.1	100	144	7.78e-104	290
YFI95922.1	WP_004140161.1	100	144	4.16e-99	278
YFI95902.1	WP_004190423.1	100	144	9.46e-105	292
YFI95696.1	WP_004143563.1	100	144	6.40e-103	288
YFJ00204.1	WP_002906030.1	100	143	1.99e-101	284
YFI99186.1	WP_004144312.1	100	143	1.40e-101	284
YFI99060.1	WP_004145727.1	100	143	1.57e-98	276
YFI98894.1	WP_004142894.1	100	143	1.35e-99	279
YFI98153.1	WP_002922436.1	100	143	2.72e-99	278
YFI97214.1	WP_002888683.1	100	143	1.99e-101	284
YFI96487.1	WP_004183465.1	100	143	7.79e-99	277
YFI95878.1	WP_004224518.1	100	143	1.45e-94	266
YFI95735.1	WP_002903728.1	100	143	1.29e-97	274
YFJ00654.1	WP_004902152.1	100	142	3.31e-95	268
YFJ00384.1	WP_014599267.1	100	142	2.83e-96	271
YFJ00295.1	WP_014599166.1	100	142	3.58e-99	278
YFI99679.1	WP_002911500.1	100	142	8.79e-100	280
YFI99043.1	WP_002914355.1	100	142	3.06e-100	281
YFI98460.1	WP_002918559.1	100	142	1.35e-103	289
YFI98340.1	WP_004889463.1	100	142	3.19e-102	286
YFI98186.1	WP_004901287.1	100	142	2.72e-112	311
YFI98107.1	WP_004901418.1	100	142	2.33e-104	291
YFI98023.1	WP_004145074.1	100	142	6.44e-102	285
YFI97788.1	WP_002884034.1	100	142	8.12e-96	270
YFI96599.1	WP_002894401.1	100	142	7.23e-99	277
YFI96518.1	WP_002895061.1	100	142	3.18e-93	263
YFJ00595.1	WP_002885667.1	100	141	7.84e-98	275
YFI99367.1	WP_004899561.1	100	141	9.17e-106	295
YFI99253.1	WP_002913637.1	100	141	2.53e-103	288
YFI99132.1	WP_002914091.1	100	141	2.63e-105	293
YFI98655.1	WP_002916785.1	100	141	1.07e-95	269
YFI98595.1	WP_004900734.1	100	141	4.54e-97	273
YFI98412.1	WP_004900962.1	100	141	1.20e-99	279
YFI96753.1	WP_014599056.1	100	141	3.59e-103	288
YFJ00721.1	WP_004214547.1	100	140	4.05e-95	268
YFJ00612.1	WP_002923302.1	100	140	3.08e-108	301
YFJ00375.1	WP_002904629.1	100	140	6.22e-108	300
YFI99471.1	WP_004151130.1	100	140	2.09e-97	273
YFI98900.1	WP_002915538.1	100	140	4.38e-99	278
YFI98772.1	WP_004900419.1	100	140	9.19e-101	282
YFI98635.1	WP_002916847.1	100	140	2.74e-102	286
YFI97505.1	WP_002886947.1	100	140	6.45e-92	259
YFI97371.1	WP_002887606.1	100	140	1.47e-97	274
YFI97168.1	WP_002889054.1	100	140	1.31e-100	281
YFI95888.1	WP_002902876.1	100	140	4.38e-99	278
YFI98002.1	WP_004901598.1	100	139	8.87e-103	287
YFI97986.1	WP_001251971.1	100	139	1.26e-93	264
YFI97969.1	WP_002882527.1	100	139	3.75e-95	268
YFI97415.1	WP_004222414.1	100	139	8.87e-103	287
YFI96969.1	WP_002891356.1	100	139	5.55e-97	272
YFI96104.1	WP_002901192.1	100	139	8.20e-99	277
YFI95753.1	WP_002903693.1	100	139	1.02e-23	87.0
YFJ00632.1	WP_004213072.1	97.8	138	1.65e-95	269
YFJ00602.1	WP_002884951.1	100	138	1.42e-103	289
YFI99918.1	WP_002908865.1	100	138	1.80e-97	273
YFI98693.1	WP_002916605.1	100	138	3.10e-98	275
YFI98073.1	WP_004173879.1	100	138	1.31e-99	279
YFI96709.1	WP_004223473.1	100	138	1.42e-94	266
YFJ00674.1	WP_004902363.1	100	137	7.63e-94	264
YFI98414.1	WP_004145325.1	100	137	8.56e-91	256
YFI98022.1	WP_004151523.1	100	137	3.93e-96	270
YFI97349.1	WP_004222532.1	100	137	2.02e-98	276
YFI97122.1	WP_002889433.1	100	137	6.49e-86	244
YFI96634.1	WP_002893892.1	100	137	1.04e-100	281
YFI96289.1	WP_004144085.1	100	137	1.13e-95	269
YFI96089.1	WP_002901246.1	100	137	1.04e-109	304
YFI96041.1	WP_002901633.1	100	137	2.76e-105	293
YFJ00672.1	WP_004026379.1	100	136	2.67e-98	275
YFJ00501.1	WP_004151577.1	100	135	2.04e-104	291
YFI99896.1	WP_002909015.1	100	136	7.65e-98	274
YFI99058.1	WP_002914321.1	100	136	2.37e-101	283
YFI99014.1	WP_002914887.1	100	136	8.95e-97	271
YFI98734.1	WP_002916310.1	100	136	6.55e-99	277
YFI98539.1	WP_004900842.1	100	136	8.92e-88	249
YFI98391.1	WP_002919759.1	100	136	3.51e-94	265
YFI97738.1	WP_002884721.1	100	136	5.37e-89	252
YFI97195.1	WP_004145917.1	100	136	7.63e-89	251
YFI96874.1	WP_002892208.1	100	136	1.54e-97	273
YFI96598.1	WP_002894404.1	100	136	8.60e-95	266
YFJ00060.1	WP_002907764.1	100	135	7.10e-98	274
YFI99850.1	WP_002910103.1	100	135	1.22e-89	253
YFI98957.1	WP_002915102.1	100	135	2.20e-92	260
YFI98839.1	WP_004181182.1	100	135	2.20e-92	260
YFI97750.1	WP_002884611.1	100	135	4.11e-97	272
YFI97690.1	WP_002885086.1	100	135	7.09e-89	251
YFI97117.1	WP_002889443.1	100	135	9.33e-94	264
YFI96921.1	WP_004178755.1	100	135	3.51e-89	252
YFJ00478.1	WP_002906035.1	100	134	1.05e-94	266
YFI98362.1	WP_002920158.1	100	134	2.48e-93	263
YFI97309.1	WP_004222594.1	100	134	8.66e-94	264
YFI96631.1	WP_004176911.1	100	134	1.49e-94	266
YFI96531.1	WP_004142216.1	100	134	9.35e-89	251
YFI96520.1	WP_002895056.1	100	134	4.12e-92	259
YFJ00725.1	WP_004213611.1	99.2	133	2.53e-92	262
YFJ00715.1	WP_004212825.1	100	133	1.10e-100	281
YFI99066.1	WP_002914287.1	100	133	1.97e-85	243
YFI98512.1	WP_002918248.1	100	133	1.50e-89	253
YFI98333.1	WP_002920326.1	100	133	1.56e-91	258
YFI98252.1	WP_004181488.1	100	133	4.84e-95	267
YFI96934.1	WP_002891860.1	100	133	3.98e-94	265
YFI96771.1	WP_002892366.1	100	133	1.97e-94	265
YFJ00703.1	WP_004212796.1	100	132	4.66e-88	249
YFI99571.1	WP_004899290.1	100	132	4.49e-95	267
YFI99444.1	WP_004175078.1	100	132	4.85e-90	254
YFI98547.1	WP_002917917.1	100	132	1.38e-80	230
YFI98458.1	WP_002918565.1	100	132	3.99e-89	252
YFI97084.1	WP_004222799.1	100	132	2.05e-100	280
YFI96045.1	WP_002901629.1	100	132	4.32e-93	262
YFI95707.1	WP_004224699.1	100	132	2.31e-97	273
YFI99910.1	WP_004143228.1	100	131	1.02e-95	268
YFI99687.1	WP_002911484.1	100	131	2.06e-95	268
YFI99262.1	WP_004180829.1	100	131	2.41e-94	265
YFI98897.1	WP_002915543.1	100	131	4.50e-90	254
YFI98643.1	WP_002916833.1	100	131	3.54e-78	224
YFI97651.1	WP_004221983.1	100	131	1.09e-72	210
YFI97611.1	WP_002885530.1	100	131	1.70e-94	265
YFI97573.1	WP_004222085.1	100	131	4.50e-90	254
YFI96799.1	WP_004223348.1	99.2	131	2.71e-100	280
YFI96245.1	WP_002898886.1	100	131	2.14e-88	250
YFI95817.1	WP_004213330.1	100	131	3.17e-90	254
YFI99954.1	WP_002908370.1	100	130	1.20e-98	276
YFI99821.1	WP_004145428.1	100	130	2.07e-90	255
YFI99277.1	WP_002913435.1	100	130	5.28e-93	261
YFI98545.1	WP_002917920.1	100	130	4.18e-90	254
YFI98461.1	WP_000829818.1	100	130	2.33e-87	247
YFI98398.1	WP_002919665.1	100	130	4.69e-87	246
YFI97379.1	WP_004222482.1	100	130	5.49e-95	266
YFI97221.1	WP_004145942.1	100	130	1.91e-95	268
YFI96249.1	WP_002898877.1	100	130	7.80e-95	266
YFI96139.1	WP_004190914.1	100	130	5.28e-93	261
YFI95862.1	WP_004224558.1	100	130	1.57e-94	265
YFI99980.1	WP_032448046.1	100	129	3.44e-84	239
YFI99556.1	WP_004899351.1	100	129	4.71e-91	256
YFI98722.1	WP_002916479.1	100	129	5.30e-88	249
YFI98407.1	WP_002919257.1	100	129	5.73e-92	259
YFI97127.1	WP_002889387.1	100	129	1.07e-96	271
YFI95777.1	WP_004143067.1	100	129	1.46e-94	265
YFJ00643.1	WP_004902159.1	100	128	1.93e-94	265
YFJ00261.1	WP_002905421.1	100	128	1.52e-91	258
YFI99173.1	WP_002913991.1	100	128	3.60e-90	254
YFI98530.1	WP_002918206.1	100	128	3.74e-92	259
YFI98410.1	WP_002919206.1	100	128	9.54e-86	243
YFI98373.1	WP_002920128.1	100	128	9.18e-93	261
YFI97537.1	WP_002886893.1	100	128	7.54e-83	236
YFI97515.1	WP_002886926.1	100	128	2.85e-87	247
YFI97462.1	WP_004222267.1	100	128	1.65e-86	245
YFI97147.1	WP_002889292.1	100	128	9.93e-88	248
YFI96220.1	WP_002898981.1	100	128	5.11e-90	254
YFI95731.1	WP_002903735.1	100	128	4.37e-91	256
YFJ00530.1	WP_014599110.1	100	127	4.74e-90	254
YFJ00471.1	WP_004180158.1	100	127	2.03e-90	256
YFJ00387.1	WP_004150923.1	100	127	4.56e-88	249
YFJ00031.1	WP_004175834.1	100	127	2.35e-90	254
YFI99650.1	WP_004899623.1	91.3	127	1.41e-82	235
YFI99135.1	WP_002914084.1	100	127	3.34e-90	254
YFI98341.1	WP_002920279.1	100	127	1.59e-97	273
YFI98283.1	WP_002920810.1	100	127	1.21e-92	260
YFI97942.1	WP_002882817.1	100	127	3.90e-89	251
YFI97790.1	WP_002883772.1	100	127	2.63e-78	224
YFI96810.1	WP_032448011.1	96.9	127	9.58e-90	253
YFI96593.1	WP_004223642.1	100	127	1.03e-93	263
YFI96393.1	WP_002896351.1	100	127	5.99e-93	261
YFI99655.1	WP_004899612.1	97.6	126	1.72e-96	270
YFI99149.1	WP_004144351.1	100	126	6.02e-88	248
YFI98266.1	WP_002920863.1	100	126	1.26e-89	253
YFI97978.1	WP_004144991.1	100	126	4.23e-79	226
YFI97741.1	WP_004178266.1	100	126	1.12e-83	238
YFI97388.1	WP_004151392.1	100	126	9.24e-92	258
YFI97185.1	WP_002888834.1	100	126	1.04e-88	250
YFI95793.1	WP_004899612.1	79.4	126	5.77e-77	221
YFI95670.1	WP_004190202.1	100	126	3.77e-91	256
YFI99913.1	WP_004143232.1	100	125	8.91e-94	263
YFI99626.1	WP_004184734.1	98.4	125	1.13e-87	248
YFI98954.1	WP_004900191.1	100	125	2.99e-92	259
YFI98550.1	WP_002917911.1	100	125	5.31e-91	256
YFI97317.1	WP_004222583.1	100	125	7.94e-88	248
YFI97276.1	WP_004182901.1	100	125	7.06e-91	256
YFI96889.1	WP_002892144.1	100	125	2.28e-87	247
YFI95821.1	WP_004184734.1	100	125	2.37e-89	252
YFJ00573.1	WP_004194926.1	100	124	4.10e-85	241
YFJ00489.1	WP_002904397.1	100	124	1.09e-89	253
YFI99711.1	WP_004151448.1	100	124	1.13e-82	235
YFI98376.1	WP_004900999.1	99.2	124	4.27e-87	246
YFI96897.1	WP_002892066.1	100	124	3.37e-93	261
YFI96189.1	WP_002900683.1	99.2	124	4.61e-82	233
YFI96166.1	WP_004140600.1	100	124	1.09e-89	253
YFI99964.1	WP_002908289.1	100	123	1.38e-87	247
YFI98394.1	WP_002919748.1	100	123	1.89e-85	242
YFI98179.1	WP_002922133.1	100	123	2.48e-90	254
YFI97890.1	WP_002882947.1	100	123	7.40e-83	235
YFI97563.1	WP_004152015.1	100	123	1.96e-87	247
YFI99662.1	WP_032447769.1	91.8	122	1.38e-80	229
YFI98549.1	WP_004144860.1	100	122	3.02e-77	221
YFI98543.1	WP_002917923.1	100	122	1.05e-95	268
YFI98411.1	WP_002919204.1	100	122	4.47e-88	248
YFI97728.1	WP_002884819.1	100	122	9.38e-81	230
YFI97709.1	WP_002885023.1	100	122	2.69e-89	251
YFI97625.1	WP_002885447.1	100	122	5.29e-29	99.4
YFI96935.1	WP_004223022.1	100	122	1.23e-76	219
YFI96811.1	WP_004223311.1	98.4	122	1.89e-80	229
YFI96695.1	WP_004142557.1	100	122	4.82e-92	258
YFI95677.1	WP_004224727.1	100	122	1.18e-92	260
YFI99648.1	WP_004899626.1	100	121	3.03e-90	254
YFI98937.1	WP_014599245.1	100	120	2.14e-92	259
YFI98602.1	WP_004900718.1	100	121	5.23e-91	256
YFI97785.1	WP_002884142.1	100	121	1.68e-69	201
YFI97624.1	WP_004222037.1	100	121	1.23e-29	100
YFI97297.1	WP_004222616.1	100	121	4.15e-88	248
YFI97237.1	WP_002888550.1	100	121	5.25e-82	233
YFI97170.1	WP_002889025.1	100	121	7.45e-82	233
YFI96976.1	WP_002890404.1	100	121	4.85e-87	246
YFI96718.1	WP_002892824.1	100	121	7.16e-89	250
YFI96511.1	WP_002895084.1	100	121	1.90e-75	216
YFJ00407.1	WP_023286793.1	100	120	9.04e-85	240
YFJ00092.1	WP_004143806.1	100	120	3.62e-59	175
YFI99332.1	WP_002913200.1	100	120	4.33e-85	241
YFI99063.1	WP_002914291.1	100	120	2.23e-87	246
YFI99030.1	WP_004174693.1	100	120	1.57e-87	247
YFI98305.1	WP_032432318.1	100	120	6.39e-87	245
YFI98162.1	WP_002922410.1	100	120	1.45e-74	214
YFI98029.1	WP_002923304.1	100	120	1.02e-83	237
YFI97535.1	WP_002886895.1	100	120	1.70e-82	234
YFI97200.1	WP_002888737.1	100	120	9.09e-87	245
YFI96812.1	WP_004223307.1	93.3	119	6.92e-82	233
YFI96721.1	WP_004196125.1	100	119	1.77e-86	244
YFI96150.1	WP_004213084.1	100	120	1.91e-88	249
YFI95846.1	WP_002903374.1	100	120	2.81e-90	254
YFI95757.1	WP_004179723.1	100	120	4.16e-74	213
YFI95738.1	WP_004143623.1	100	108	1.24e-77	221
YFI99214.1	WP_002913810.1	100	119	9.13e-82	232
YFI99028.1	WP_004145754.1	100	119	1.35e-83	237
YFI98728.1	WP_004900527.1	100	119	2.52e-79	226
YFI98374.1	WP_004901003.1	100	119	4.89e-86	243
YFI98251.1	WP_004181489.1	100	119	1.40e-85	242
YFI98046.1	WP_004151518.1	100	119	4.70e-84	238
YFI98006.1	WP_004151535.1	100	119	1.11e-82	234
YFI97874.1	WP_002883021.1	100	119	2.24e-82	234
YFI97612.1	WP_002885526.1	100	119	9.86e-86	242
YFI95989.1	WP_002901913.1	100	119	1.77e-79	226
YFJ00481.1	WP_004199954.1	100	118	1.32e-82	235
YFJ00323.1	WP_004224813.1	100	118	1.58e-86	244
YFI99876.1	WP_000124850.1	100	118	3.07e-75	216
YFI98406.1	WP_002919259.1	100	118	1.65e-79	226
YFI97714.1	WP_002884953.1	100	118	2.96e-82	233
YFI96190.1	WP_002900681.1	100	118	6.20e-84	238
YFI95769.1	WP_004179716.1	100	118	4.53e-86	243
YFI99880.1	WP_002909094.1	100	117	3.21e-81	231
YFI99828.1	WP_004184593.1	100	117	2.17e-79	226
YFI99282.1	WP_004899719.1	100	107	9.50e-65	189
YFI99278.1	WP_002913434.1	100	117	3.90e-82	233
YFI99228.1	WP_002913764.1	100	117	1.21e-85	242
YFI98591.1	WP_002917678.1	100	117	1.65e-83	236
YFI98400.1	WP_000358960.1	100	117	1.65e-74	214
YFI97705.1	WP_002885039.1	100	117	2.25e-90	254
YFI97629.1	WP_004152419.1	100	117	2.26e-81	231
YFI95859.1	WP_002903236.1	100	117	5.54e-73	210
YFJ00376.1	WP_002920825.1	99.1	116	2.67e-62	183
YFI98863.1	WP_004900279.1	100	116	2.65e-84	238
YFI98852.1	WP_002915850.1	100	116	1.17e-78	224
YFI95811.1	WP_004899645.1	96.6	116	3.91e-86	243
YFJ00058.1	WP_002907768.1	100	115	4.09e-83	235
YFI99707.1	WP_004175424.1	100	115	5.59e-72	207
YFI99113.1	WP_002914145.1	100	115	7.35e-77	219
YFI99062.1	WP_002914293.1	100	115	7.64e-79	224
YFI98028.1	WP_002923305.1	100	115	1.04e-76	219
YFI97434.1	WP_004222358.1	100	115	1.60e-80	229
YFI97194.1	WP_002888808.1	100	115	1.32e-79	226
YFI96530.1	WP_002894949.1	100	115	2.46e-75	216
YFI96055.1	WP_004140356.1	100	115	1.67e-73	211
YFI99754.1	WP_002910895.1	100	114	4.78e-86	243
YFI99744.1	WP_002910910.1	100	114	8.62e-80	227
YFI99412.1	WP_002912974.1	100	114	4.61e-84	238
YFI99006.1	WP_002914928.1	100	114	3.12e-82	233
YFI98663.1	WP_004900626.1	100	114	1.74e-79	226
YFI97551.1	WP_002886724.1	100	114	1.73e-88	249
YFI97431.1	WP_004222368.1	100	114	1.96e-76	218
YFI97154.1	WP_002889275.1	100	114	1.27e-81	231
YFI96740.1	WP_004178874.1	100	114	8.30e-78	222
YFI96170.1	WP_004224112.1	100	114	2.38e-77	221
YFI96087.1	WP_002901254.1	100	114	2.88e-87	246
YFI99104.1	WP_002914160.1	100	113	4.64e-79	225
YFI98987.1	WP_014599241.1	100	113	9.42e-85	240
YFI96692.1	WP_002893035.1	100	113	2.04e-82	233
YFI95739.1	WP_002903720.1	100	113	2.58e-76	218
YFJ00513.1	WP_014599127.1	99.1	112	4.48e-80	228
YFJ00046.1	WP_004175849.1	100	112	6.91e-14	60.1
YFI99713.1	WP_002911404.1	100	112	2.81e-75	215
YFI99157.1	WP_002914032.1	100	112	8.37e-77	219
YFI98505.1	WP_004900883.1	100	112	2.58e-62	182
YFI98265.1	WP_002920864.1	100	112	4.47e-81	230
YFI97869.1	WP_004146520.1	100	112	1.56e-72	208
YFI97536.1	WP_042632493.1	99.1	106	2.14e-71	205
YFI96926.1	WP_002891893.1	100	112	2.31e-74	213
YFI96860.1	WP_004223118.1	100	112	2.05e-77	221
YFI96059.1	WP_002901544.1	100	112	5.23e-80	227
YFI99562.1	WP_002911862.1	100	111	2.71e-77	220
YFI99236.1	WP_002913729.1	100	111	1.57e-76	218
YFI99177.1	WP_002913956.1	100	111	2.06e-81	231
YFI99123.1	WP_002914111.1	100	111	9.09e-76	216
YFI99051.1	WP_004174712.1	100	111	3.71e-75	215
YFI98247.1	WP_002921203.1	100	111	1.19e-80	229
YFI97658.1	WP_004177783.1	100	111	6.13e-83	234
YFI96854.1	WP_004223135.1	100	111	1.06e-74	214
YFI95972.1	WP_004224326.1	99.0	102	4.27e-70	202
YFI95844.1	WP_004224585.1	100	111	1.84e-75	216
YFJ00539.1	WP_002894759.1	100	110	5.94e-76	217
YFI99646.1	WP_004899631.1	97.3	110	1.99e-74	213
YFI99561.1	WP_004899331.1	100	110	1.63e-82	233
YFI98579.1	WP_004900769.1	100	110	2.94e-76	218
YFI98389.1	WP_002919773.1	100	110	1.58e-71	206
YFI98021.1	WP_004151524.1	100	110	5.72e-74	212
YFI96979.1	WP_002890398.1	100	110	1.92e-72	208
YFI96886.1	WP_002892173.1	100	110	1.02e-58	173
YFI99862.1	WP_002910079.1	100	109	4.04e-78	222
YFI99811.1	WP_004898985.1	99.1	109	1.03e-71	206
YFI99793.1	WP_002910650.1	100	109	1.30e-83	236
YFI99660.1	WP_004194556.1	100	109	2.96e-71	205
YFI99659.1	WP_004194558.1	100	109	2.17e-73	210
YFI98922.1	WP_002915249.1	100	109	4.04e-78	222
YFI98716.1	WP_002916488.1	100	109	4.21e-71	204
YFI98313.1	WP_002920552.1	100	109	4.35e-82	232
YFI97851.1	WP_002883224.1	100	109	2.84e-78	223
YFI97696.1	WP_004151738.1	100	109	1.16e-77	221
YFI97330.1	WP_002887809.1	100	109	1.25e-72	208
YFI96948.1	WP_002891634.1	100	109	3.46e-70	202
YFI96279.1	WP_002898457.1	100	109	3.32e-77	220
YFI95756.1	WP_002903683.1	100	109	1.52e-73	211
YFJ00356.1	WP_004224757.1	100	108	8.52e-75	214
YFJ00318.1	WP_004224842.1	100	108	8.53e-66	191
YFJ00317.1	WP_004224843.1	100	108	1.42e-73	211
YFI98945.1	WP_002915157.1	100	108	1.94e-71	205
YFI98817.1	WP_002915993.1	100	108	2.74e-80	228
YFI98681.1	WP_002916620.1	100	108	1.08e-77	221
YFI98351.1	WP_002920249.1	100	108	1.86e-78	223
YFI96009.1	WP_002901782.1	100	108	1.42e-73	211
YFJ00597.1	WP_002885422.1	100	107	1.12e-74	213
YFJ00073.1	WP_002907744.1	100	107	8.22e-77	219
YFI99551.1	WP_002911883.1	100	107	4.09e-68	197
YFI99174.1	WP_002913979.1	100	107	2.76e-75	215
YFI99129.1	WP_004899914.1	100	107	3.35e-76	217
YFI98840.1	WP_002915888.1	100	107	3.77e-73	209
YFI98045.1	WP_004173862.1	100	107	1.08e-72	208
YFI97928.1	WP_002882863.1	100	107	1.60e-65	190
YFI96138.1	WP_004150797.1	100	107	4.59e-74	212
YFI95912.1	WP_002902522.1	100	107	2.88e-68	197
YFI99898.1	WP_004184563.1	100	106	9.68e-71	203
YFI98845.1	WP_004900320.1	100	106	3.00e-74	212
YFI98752.1	WP_045145304.1	99.0	101	3.37e-70	202
YFI98613.1	WP_002916872.1	100	106	2.28e-78	223
YFI98296.1	WP_004185983.1	100	106	1.25e-48	147
YFI97832.1	WP_002883389.1	100	106	2.36e-80	228
YFI97740.1	WP_004177855.1	100	106	1.05e-65	191
YFI96954.1	WP_002891541.1	100	106	2.47e-73	210
YFI96058.1	WP_002901547.1	100	106	6.82e-71	204
YFI95669.1	WP_004143517.1	100	106	1.22e-73	211
YFJ00644.1	WP_004213915.1	100	105	3.38e-75	214
YFI99466.1	WP_002912749.1	100	105	2.47e-77	220
YFI98946.1	WP_002915156.1	100	105	1.55e-71	205
YFI97895.1	WP_002882924.1	100	105	6.83e-75	214
YFI97781.1	WP_004212847.1	100	105	3.53e-68	197
YFI97614.1	WP_002885521.1	100	105	1.62e-64	187
YFI97424.1	WP_002887322.1	100	105	6.83e-75	214
YFI96942.1	WP_002891649.1	100	105	9.71e-75	213
YFI96581.1	WP_002894623.1	100	105	9.35e-73	208
YFI96359.1	WP_002896520.1	100	105	2.38e-75	215
YFI96288.1	WP_002898441.1	100	105	2.68e-72	207
YFJ00212.1	WP_004180041.1	100	104	8.05e-69	198
YFI99041.1	WP_002914359.1	100	104	1.90e-67	195
YFI98996.1	WP_002914979.1	100	104	1.69e-70	202
YFI98994.1	WP_002914983.1	100	104	1.34e-67	195
YFI98639.1	WP_004205233.1	100	104	2.59e-74	212
YFI98395.1	WP_000729185.1	100	104	2.81e-69	199
YFI98057.1	WP_004145041.1	100	104	2.49e-72	207
YFI97934.1	WP_004151864.1	100	104	2.31e-68	197
YFI97922.1	WP_002882870.1	100	104	4.64e-77	219
YFI97572.1	WP_002885722.1	100	104	2.21e-75	215
YFI96907.1	WP_002892003.1	100	104	4.84e-70	201
YFI96826.1	WP_004223255.1	99.0	104	6.27e-71	204
YFJ00366.1	WP_002904646.1	100	103	2.50e-76	217
YFI99545.1	WP_004899368.1	100	103	2.32e-72	207
YFI98730.1	WP_004144734.1	100	103	9.44e-72	206
YFI98495.1	WP_002918379.1	100	103	2.23e-70	202
YFI98383.1	WP_001181005.1	100	103	7.48e-69	198
YFI97683.1	WP_004177812.1	100	103	1.51e-68	197
YFI96922.1	WP_004142687.1	100	103	3.55e-76	217
YFI96098.1	WP_002901229.1	100	103	3.03e-77	219
YFI99016.1	WP_002914883.1	100	102	8.45e-70	201
YFI98767.1	WP_004900427.1	100	102	6.65e-76	216
YFI97595.1	WP_004222066.1	99.0	102	3.28e-49	149
YFI97585.1	WP_002885674.1	100	102	5.08e-71	204
YFI96558.1	WP_014599099.1	100	102	4.18e-70	201
YFI96012.1	WP_002901780.1	100	102	9.15e-65	188
YFI98598.1	WP_002917655.1	100	101	1.16e-71	205
YFI98548.1	WP_002917916.1	100	101	4.06e-63	184
YFI98397.1	WP_002919667.1	100	101	4.55e-69	199
YFI97650.1	WP_002885324.1	100	101	9.18e-69	198
YFI97580.1	WP_002885682.1	100	101	3.89e-70	201
YFI96767.1	WP_004191501.1	100	101	1.31e-68	197
YFI96497.1	WP_004147654.1	100	101	6.22e-67	193
YFI99355.1	WP_002913148.1	100	100	4.24e-60	176
YFI98614.1	WP_002916871.1	100	100	1.66e-66	192
YFI98386.1	WP_000617546.1	100	100	1.60e-64	187
YFI98055.1	WP_004901514.1	100	100	1.42e-67	195
YFI97016.1	WP_002890210.1	100	100	4.23e-69	199
YFI96839.1	WP_004223202.1	95.0	100	1.53e-71	205
YFI96806.1	WP_004223331.1	70.0	70	5.72e-25	86.7
YFI96722.1	WP_004178884.1	100	100	1.53e-71	205
YFI96630.1	WP_004147534.1	100	100	2.17e-71	204
YFJ00140.1	WP_002906788.1	100	99	1.74e-63	184
YFI99879.1	WP_002909098.1	100	99	3.78e-67	194
YFI99616.1	WP_004899681.1	92.9	99	4.79e-61	178
YFI99070.1	WP_002914277.1	100	99	9.28e-68	195
YFI98774.1	WP_002916274.1	100	99	1.37e-69	200
YFI98182.1	WP_004152038.1	100	92	2.41e-64	186
YFI97534.1	WP_002886896.1	100	99	3.00e-64	186
YFI95828.1	WP_004899681.1	93.9	99	2.37e-61	179
YFI95761.1	WP_004143106.1	100	99	8.94e-66	190
YFI99867.1	WP_002910042.1	100	98	7.10e-67	193
YFI98571.1	WP_002917723.1	100	98	1.49e-68	197
YFI98546.1	WP_004144862.1	100	98	7.38e-69	198
YFI98430.1	WP_000462905.1	100	98	2.38e-65	189
YFJ00662.1	WP_004213076.1	100	97	7.38e-73	208
YFJ00380.1	WP_002918374.1	100	97	1.10e-65	190
YFI98983.1	WP_004174667.1	100	97	3.66e-73	209
YFI97631.1	WP_004152420.1	100	97	2.13e-63	184
YFI97288.1	WP_004151373.1	100	97	1.19e-60	177
YFI96772.1	WP_002892360.1	100	97	1.10e-65	190
YFI96554.1	WP_002894767.1	100	97	5.04e-62	181
YFI96280.1	WP_004224045.1	100	97	3.52e-71	204
YFJ00664.1	WP_004213078.1	100	96	1.91e-61	179
YFJ00596.1	WP_002885663.1	100	96	2.50e-48	146
YFJ00383.1	WP_045145354.1	99.0	96	1.40e-65	190
YFJ00166.1	WP_002906471.1	100	96	9.06e-69	197
YFI99729.1	WP_002911374.1	100	96	1.29e-59	174
YFI99240.1	WP_000387720.1	100	96	2.23e-60	176
YFI99103.1	WP_004145682.1	100	96	4.87e-64	186
YFI98688.1	WP_002916614.1	100	96	1.70e-64	187
YFI98192.1	WP_002921931.1	100	96	8.40e-65	187
YFI98088.1	WP_002922965.1	100	96	3.04e-67	194
YFI97640.1	WP_004153693.1	100	96	1.56e-69	199
YFI96521.1	WP_002895053.1	100	96	5.25e-68	196
YFI95667.1	WP_004224737.1	100	96	1.56e-69	199
YFJ00523.1	WP_004191035.1	100	95	4.70e-66	191
YFJ00349.1	WP_004176193.1	100	95	2.83e-67	194
YFI99241.1	WP_002913719.1	100	95	1.64e-66	192
YFI98657.1	WP_002916743.1	100	95	1.45e-69	199
YFI98490.1	WP_004185850.1	100	95	6.43e-64	185
YFI98478.1	WP_002918423.1	100	95	2.72e-65	189
YFI98375.1	WP_002920119.1	100	95	1.35e-65	189
YFI98040.1	WP_002923283.1	100	95	6.93e-68	195
YFI96986.1	WP_002890376.1	100	95	1.92e-65	189
YFI96391.1	WP_002896354.1	100	95	8.47e-60	175
YFI96334.1	WP_002898165.1	100	95	1.15e-66	192
YFI95895.1	WP_004224492.1	100	95	1.02e-69	200
YFJ00428.1	WP_004899388.1	100	94	4.58e-63	184
YFJ00116.1	WP_029884163.1	100	94	9.10e-41	127
YFI99870.1	WP_002910033.1	100	94	1.41e-62	182
YFI99408.1	WP_004189006.1	100	94	2.08e-64	186
YFI99300.1	WP_002913359.1	100	94	8.82e-66	190
YFI98869.1	WP_002915737.1	100	94	6.49e-59	172
YFI97204.1	WP_002888732.1	100	94	2.44e-63	184
YFI97002.1	WP_002890284.1	100	94	5.11e-65	188
YFI96846.1	WP_004223159.1	74.5	94	7.88e-51	152
YFJ00418.1	WP_002913338.1	100	93	1.60e-63	184
YFI99751.1	WP_002910898.1	100	93	1.36e-64	187
YFI99591.1	WP_004151461.1	100	93	2.53e-69	199
YFI98886.1	WP_002915619.1	100	93	2.35e-65	189
YFI97859.1	WP_002883180.1	100	93	7.01e-67	192
YFI97858.1	WP_002883181.1	100	93	6.76e-65	187
YFI97698.1	WP_004177826.1	100	93	3.10e-61	178
YFI95816.1	WP_004899663.1	98.9	93	7.61e-62	180
YFJ00695.1	WP_004196337.1	100	92	3.00e-66	192
YFJ00221.1	WP_004143686.1	100	92	2.56e-64	186
YFI98413.1	WP_004145324.1	100	92	1.22e-62	182
YFI98388.1	WP_001138115.1	100	92	3.11e-65	188
YFI96088.1	WP_002901249.1	100	92	3.00e-63	183
YFJ00655.1	WP_004213932.1	100	91	5.03e-57	167
YFJ00618.1	WP_002923120.1	100	91	3.67e-60	176
YFJ00094.1	WP_002907563.1	100	91	2.21e-60	176
YFI99814.1	WP_002910437.1	100	91	4.81e-64	185
YFI99633.1	WP_032448071.1	78.0	91	1.05e-40	126
YFI98862.1	WP_002915806.1	100	91	2.05e-56	166
YFI98858.1	WP_002915814.1	100	91	6.34e-60	175
YFI98678.1	WP_004105744.1	100	91	4.99e-66	190
YFI98451.1	WP_002918629.1	100	91	1.14e-62	182
YFI98274.1	WP_002920822.1	100	91	7.71e-61	177
YFI98113.1	WP_000135058.1	100	91	5.03e-57	167
YFI97586.1	WP_004872741.1	100	91	4.00e-57	168
YFI97574.1	WP_002885689.1	100	91	5.22e-59	172
YFI99004.1	WP_002914934.1	100	90	1.50e-62	181
YFI98780.1	WP_002916201.1	100	90	2.59e-63	183
YFI98778.1	WP_002916204.1	100	90	3.15e-64	186
YFI98627.1	WP_004174355.1	100	90	1.57e-55	164
YFI98493.1	WP_004900897.1	100	90	1.89e-65	189
YFI98475.1	WP_002918431.1	100	90	2.82e-58	171
YFI97768.1	WP_002884342.1	100	90	3.29e-57	168
YFI97747.1	WP_004177859.1	100	90	6.65e-57	167
YFI96937.1	WP_002444653.1	100	90	7.78e-56	164
YFI96915.1	WP_002891985.1	100	90	1.39e-58	171
YFI96759.1	WP_002892402.1	100	90	5.90e-60	175
YFI99749.1	WP_002910902.1	100	89	1.30e-58	171
YFI98514.1	WP_002918244.1	100	89	1.52e-57	169
YFI98323.1	WP_002920510.1	100	89	5.29e-58	170
YFI97959.1	WP_002882612.1	100	89	1.35e-60	176
YFI97931.1	WP_002882858.1	100	89	3.72e-58	170
YFI96397.1	WP_004223848.1	100	89	5.70e-62	180
YFI95742.1	WP_002903714.1	100	89	6.67e-61	177
YFJ00488.1	WP_004176198.1	100	88	7.53e-62	179
YFJ00285.1	WP_004176134.1	100	88	9.57e-56	164
YFI98733.1	WP_002916312.1	100	88	1.11e-63	184
YFI98452.1	WP_002918627.1	100	88	1.86e-53	158
YFI98187.1	WP_003026799.1	100	88	5.98e-59	172
YFI97468.1	WP_004222284.1	100	88	2.62e-62	181
YFI97427.1	WP_004222378.1	100	88	2.75e-55	163
YFI96498.1	WP_002895168.1	100	88	1.72e-58	171
YFI96439.1	WP_002895824.1	100	88	1.58e-63	184
YFJ00593.1	WP_002886907.1	100	87	4.05e-55	163
YFJ00367.1	WP_002904643.1	100	87	5.99e-63	182
YFI99651.1	WP_004899621.1	97.7	86	1.36e-59	174
YFI98453.1	WP_002918626.1	100	87	4.41e-56	165
YFI97304.1	WP_002887965.1	100	87	2.03e-52	155
YFI96904.1	WP_002892011.1	100	87	1.41e-61	179
YFI96587.1	WP_002894474.1	100	87	1.94e-59	173
YFI96392.1	WP_002896352.1	100	87	1.25e-64	186
YFI96115.1	WP_004140489.1	100	87	5.56e-59	172
YFI95918.1	WP_004140155.1	100	87	2.19e-56	166
YFJ00652.1	WP_004213925.1	100	86	9.70e-55	161
YFJ00606.1	WP_002884150.1	100	86	2.26e-56	166
YFJ00532.1	WP_004191222.1	100	86	1.60e-55	164
YFI99150.1	WP_004144350.1	100	86	2.44e-66	191
YFI97125.1	WP_002889424.1	100	86	1.05e-58	171
YFI97011.1	WP_002890221.1	100	86	9.70e-55	161
YFI96440.1	WP_004176772.1	100	86	9.00e-51	151
YFI95714.1	WP_004176262.1	100	86	1.80e-59	173
YFI99802.1	WP_004899008.1	100	85	9.72e-59	171
YFI99268.1	WP_002913505.1	100	85	5.23e-54	159
YFI98496.1	WP_002434222.1	100	85	5.64e-58	169
YFI98424.1	WP_004900952.1	100	85	8.62e-62	179
YFI98005.1	WP_004151536.1	100	85	2.19e-64	186
YFI97865.1	WP_004886870.1	100	85	1.10e-55	164
YFI97079.1	WP_002889848.1	100	85	6.60e-57	167
YFI96920.1	WP_002891977.1	100	85	8.70e-53	156
YFI96179.1	WP_002900788.1	100	85	2.06e-51	153
YFI95956.1	WP_002902252.1	100	85	1.32e-65	189
YFJ00521.1	WP_002898992.1	100	84	4.48e-59	172
YFI99424.1	WP_004151121.1	100	84	1.38e-62	181
YFI99378.1	WP_002913017.1	100	84	3.39e-63	182
YFI98491.1	WP_004144910.1	100	84	6.37e-59	172
YFI98393.1	WP_002919751.1	100	84	1.83e-58	171
YFI97409.1	WP_002887412.1	100	84	1.90e-60	176
YFJ00128.1	WP_004898555.1	100	83	9.16e-54	159
YFI99672.1	WP_002911524.1	100	83	2.63e-53	157
YFI98154.1	WP_002922429.1	100	83	5.06e-60	174
YFI97807.1	WP_002883425.1	100	83	1.72e-49	148
YFI97291.1	WP_004151376.1	100	83	1.52e-52	155
YFI96214.1	WP_004140729.1	100	83	1.35e-55	163
YFI96019.1	WP_002901761.1	100	83	1.40e-57	168
YFJ00346.1	WP_002904810.1	100	82	6.22e-56	164
YFI99999.1	WP_004175772.1	100	82	1.53e-56	166
YFI99897.1	WP_002909014.1	100	82	6.00e-54	159
YFI99111.1	WP_002914149.1	100	82	1.04e-54	161
YFI96691.1	WP_002893037.1	100	82	1.21e-53	158
YFI96462.1	WP_004214252.1	100	82	3.48e-53	157
YFJ00193.1	WP_002906114.1	100	81	2.28e-53	157
YFI99635.1	WP_004216876.1	97.5	81	3.01e-49	147
YFI99582.1	WP_004141189.1	100	81	1.21e-57	168
YFI99059.1	WP_002914320.1	100	81	1.72e-57	168
YFI98762.1	WP_004900442.1	100	81	2.67e-52	155
YFI98271.1	WP_002920858.1	100	81	1.21e-57	168
YFI98101.1	WP_002922939.1	97.5	79	1.58e-37	117
YFI96496.1	WP_004151693.1	100	81	9.64e-55	161
YFJ00609.1	WP_002882814.1	100	80	9.18e-53	156
YFJ00063.1	WP_002907761.1	98.7	79	1.50e-55	163
YFI99827.1	WP_002910387.1	100	80	5.39e-56	164
YFI98432.1	WP_002918740.1	100	80	1.88e-56	165
YFI97720.1	WP_002884940.1	100	80	5.45e-47	141
YFI97526.1	WP_002886901.1	100	80	8.65e-53	156
YFI96964.1	WP_002891398.1	100	80	3.40e-50	149
YFI96105.1	WP_004224200.1	100	80	1.49e-53	158
YFJ00752.1	WP_023284987.1	64.1	78	3.44e-36	114
YFJ00342.1	WP_002904816.1	100	79	5.88e-55	161
YFI99727.1	WP_004145533.1	100	79	6.63e-52	154
YFI99718.1	WP_002911393.1	100	79	3.13e-59	172
YFI99668.1	WP_004175410.1	100	79	9.78e-54	158
YFI99661.1	WP_023284987.1	98.7	79	3.02e-57	167
YFI99265.1	WP_004174919.1	100	79	5.88e-55	161
YFI98324.1	WP_002920509.1	100	79	5.67e-53	156
YFI97980.1	WP_000429386.1	100	79	6.16e-48	144
YFI97406.1	WP_002887416.1	100	79	5.67e-53	156
YFI97351.1	WP_004222515.1	100	79	7.77e-51	151
YFI96111.1	WP_004179368.1	100	79	2.49e-56	165
YFI96050.1	WP_004140343.1	100	79	7.49e-55	162
YFJ00068.1	WP_004143834.1	100	78	1.29e-53	158
YFI99920.1	WP_002908860.1	100	78	6.23e-34	108
YFI98960.1	WP_002915098.1	100	78	5.88e-59	171
YFI98131.1	WP_000091955.1	100	78	1.51e-52	155
YFI96198.1	WP_000103754.1	100	78	1.41e-48	145
YFJ00133.1	WP_002906801.1	100	77	2.65e-48	144
YFJ00022.1	WP_004898659.1	100	77	1.71e-53	157
YFI99873.1	WP_004898916.1	100	77	1.65e-51	152
YFI97469.1	WP_004192273.1	100	76	5.24e-50	149
YFI97281.1	WP_002888059.1	100	77	5.35e-48	144
YFI95861.1	WP_002903233.1	100	77	2.95e-54	159
YFJ00706.1	WP_011154571.1	100	76	6.05e-49	146
YFJ00660.1	WP_004213073.1	100	76	9.24e-53	155
YFJ00633.1	WP_004213073.1	98.7	76	2.19e-51	152
YFJ00446.1	WP_002911406.1	100	76	1.08e-51	153
YFJ00139.1	WP_032414321.1	100	76	1.80e-50	150
YFI99971.1	WP_004143390.1	100	76	1.38e-45	137
YFI99825.1	WP_002910389.1	100	76	3.77e-52	154
YFI98779.1	WP_002916202.1	100	76	1.16e-55	163
YFI97707.1	WP_004221910.1	100	76	5.83e-47	141
YFJ00154.1	WP_004898536.1	100	75	3.51e-52	154
YFI99402.1	WP_004195346.1	100	75	5.44e-47	141
YFI98603.1	WP_014599266.1	98.5	65	2.69e-43	131
YFI98326.1	WP_002920506.1	100	75	4.82e-50	149
YFI97571.1	WP_000135199.1	100	75	6.84e-50	148
YFI96258.1	WP_004224056.1	100	75	7.09e-52	153
YFI96221.1	WP_002898978.1	100	75	7.35e-54	158
YFI96135.1	WP_004140530.1	100	75	2.75e-58	169
YFJ00402.1	WP_002915549.1	100	74	6.38e-50	148
YFI99605.1	WP_002911541.1	100	74	4.88e-45	136
YFI98163.1	WP_002922402.1	100	74	3.16e-50	149
YFI95990.1	WP_002901911.1	100	74	1.06e-48	145
YFJ00691.1	WP_004213643.1	100	73	1.02e-50	150
YFJ00682.1	WP_004213615.1	100	73	1.46e-50	150
YFJ00437.1	WP_077251988.1	100	73	4.15e-48	144
YFJ00144.1	WP_002906779.1	100	73	2.84e-48	144
YFI98426.1	WP_002919103.1	100	73	9.88e-49	145
YFI96841.1	WP_004223188.1	98.6	73	1.64e-47	142
YFI96360.1	WP_002896516.1	100	73	7.47e-53	155
YFI96262.1	WP_002898602.1	100	73	9.53e-47	140
YFJ00508.1	WP_004151906.1	100	72	6.75e-40	123
YFJ00347.1	WP_002904808.1	100	72	2.64e-48	144
YFJ00282.1	WP_004884401.1	100	72	1.71e-50	150
YFJ00249.1	WP_004176101.1	97.3	74	2.70e-46	139
YFI99273.1	WP_002913440.1	100	72	2.26e-49	147
YFI99195.1	WP_004201901.1	100	72	7.06e-44	133
YFI98829.1	WP_002915974.1	100	72	5.34e-48	143
YFI98370.1	WP_004901011.1	100	72	2.55e-46	139
YFI98364.1	WP_004174055.1	100	72	3.21e-49	146
YFI96898.1	WP_002892050.1	100	72	3.21e-49	146
YFI96853.1	WP_014599052.1	95.8	72	1.26e-46	140
YFI96357.1	WP_001040187.1	100	72	6.48e-49	145
YFI95988.1	WP_002901915.1	100	72	3.62e-46	139
YFI95697.1	WP_002904394.1	100	72	1.08e-47	142
YFJ00490.1	WP_004205985.1	100	71	2.99e-49	146
YFJ00196.1	WP_004143717.1	98.6	71	1.14e-44	135
YFJ00085.1	WP_002907652.1	100	71	2.89e-47	141
YFI99854.1	WP_004145398.1	100	71	3.38e-46	139
YFI99569.1	WP_004899298.1	100	71	2.78e-45	136
YFI98971.1	WP_004900157.1	100	71	2.46e-48	144
YFI98653.1	WP_014599264.1	100	71	7.07e-48	143
YFI98607.1	WP_001144069.1	100	71	5.42e-43	130
YFI97091.1	WP_004178678.1	100	71	7.99e-45	135
YFI96919.1	WP_004142688.1	100	71	3.21e-53	156
YFI96021.1	WP_004210741.1	100	71	4.98e-48	143
YFI99923.1	WP_004180357.1	100	70	3.82e-47	141
YFI98191.1	WP_000014594.1	100	70	1.14e-48	145
YFI97936.1	WP_002882830.1	100	70	1.35e-38	119
YFI97896.1	WP_002882922.1	100	70	4.25e-53	156
YFI96856.1	WP_004223130.1	100	70	1.89e-47	142
YFI96492.1	WP_002895280.1	100	70	3.15e-46	139
YFI96471.1	WP_002895652.1	100	70	5.63e-49	145
YFI95921.1	WP_002902432.1	100	70	9.71e-50	147
YFJ00035.1	WP_002907807.1	100	69	1.47e-37	117
YFI99730.1	WP_001062678.1	100	69	6.14e-48	143
YFI98791.1	WP_002916131.1	100	69	3.88e-42	128
YFI97724.1	WP_004151747.1	100	69	1.83e-49	147
YFI96594.1	WP_020956870.1	100	69	2.35e-47	142
YFI96543.1	WP_002894847.1	100	68	2.44e-47	141
YFJ00663.1	WP_004213077.1	100	68	3.25e-36	113
YFI97559.1	WP_002886707.1	100	68	9.20e-45	135
YFI96591.1	WP_002894464.1	100	68	1.43e-39	122
YFI95944.1	WP_004179576.1	100	68	6.25e-43	130
YFI99226.1	WP_002913768.1	100	67	4.40e-47	140
YFI98750.1	WP_004900490.1	100	67	5.34e-48	143
YFI98448.1	WP_002918640.1	100	67	3.50e-44	133
YFI97831.1	WP_004901868.1	100	67	2.55e-46	139
YFI97397.1	WP_002887451.1	100	67	1.59e-49	147
YFI97015.1	WP_002890215.1	98.5	67	6.25e-47	140
YFI96644.1	WP_004176919.1	100	67	1.35e-50	149
YFI95857.1	WP_004151566.1	100	67	3.10e-47	141
YFJ00599.1	WP_004226113.1	100	66	8.00e-45	135
YFI99178.1	WP_002913954.1	100	66	2.89e-47	141
YFI98966.1	WP_004900171.1	100	66	1.89e-43	131
YFI98368.1	WP_002920143.1	100	66	8.29e-47	140
YFI97777.1	WP_002884183.1	100	66	2.38e-46	139
YFI97124.1	WP_002889429.1	100	66	1.10e-42	129
YFJ00127.1	WP_004189776.1	100	65	3.57e-43	130
YFI99912.1	WP_002908880.1	100	65	9.88e-41	124
YFI99875.1	WP_001124225.1	100	65	7.21e-43	130
YFI99645.1	WP_004899632.1	98.5	65	2.74e-38	118
YFI98626.1	WP_002916857.1	100	65	3.83e-47	140
YFI98221.1	WP_004901215.1	100	65	1.40e-40	124
YFI97591.1	WP_002885664.1	100	65	1.02e-42	129
YFI96632.1	WP_002893903.1	100	65	3.27e-48	143
YFI96127.1	WP_004224177.1	100	65	6.15e-44	132
YFI95726.1	WP_004190251.1	100	65	1.24e-43	132
YFJ00439.1	WP_004899656.1	83.9	56	2.15e-30	98.6
YFI98380.1	WP_004900993.1	100	64	2.84e-44	133
YFI97220.1	WP_002888644.1	100	64	5.07e-47	140
YFI95927.1	WP_004176404.1	100	64	1.20e-45	137
YFI95672.1	WP_002904612.1	100	64	7.60e-40	122
YFJ00438.1	WP_004141144.1	100	63	1.14e-43	132
YFI99717.1	WP_002911395.1	100	63	2.34e-47	141
YFI98438.1	WP_004211674.1	100	63	6.27e-43	130
YFI98392.1	WP_002919754.1	100	63	1.90e-35	111
YFI97004.1	WP_002890278.1	100	63	4.41e-43	130
YFJ00498.1	WP_002903388.1	100	62	7.75e-39	119
YFI98662.1	WP_002916738.1	100	62	1.90e-39	121
YFI98223.1	WP_002921513.1	100	62	3.39e-42	128
YFI96275.1	WP_004176624.1	100	62	8.32e-43	129
YFI95971.1	WP_004176439.1	100	62	3.64e-46	138
YFJ00476.1	WP_004175994.1	100	61	4.20e-38	117
YFJ00263.1	WP_004176113.1	100	61	2.61e-41	125
YFJ00195.1	WP_004143718.1	100	61	1.43e-18	68.6
YFJ00091.1	WP_002907644.1	100	61	5.76e-36	112
YFI99743.1	WP_004145519.1	100	61	6.99e-37	114
YFI99290.1	WP_004188912.1	100	61	3.84e-43	130
YFI99040.1	WP_000906486.1	100	61	2.85e-36	113
YFI98587.1	WP_032415719.1	100	61	4.20e-38	117
YFI96133.1	WP_004150795.1	100	61	1.01e-18	68.9
YFI95913.1	WP_004140145.1	100	61	3.46e-37	115
YFJ00497.1	WP_004899656.1	89.1	55	1.89e-32	103
YFJ00207.1	WP_004143707.1	100	60	1.71e-41	126
YFJ00198.1	WP_004898430.1	98.3	60	4.13e-31	100
YFI96329.1	WP_002898177.1	100	60	1.71e-41	126
YFI95840.1	WP_032448019.1	100	60	7.00e-41	124
YFJ00442.1	WP_020324969.1	100	59	8.66e-37	114
YFI99890.1	WP_002909070.1	100	59	1.38e-38	119
YFI99623.1	WP_071557781.1	89.7	58	1.41e-37	116
YFI99067.1	WP_002914284.1	100	59	5.20e-38	117
YFI98402.1	WP_001140434.1	100	59	2.12e-37	115
YFI98214.1	WP_004145206.1	100	59	2.12e-37	115
YFI96136.1	WP_004224175.1	100	59	6.31e-39	119
YFI96125.1	WP_004140501.1	100	59	1.49e-37	116
YFI96007.1	WP_002901786.1	100	59	2.58e-38	118
YFI95824.1	WP_071557781.1	87.9	58	1.16e-36	114
YFJ00130.1	WP_002906888.1	100	57	4.23e-34	107
YFI99203.1	WP_004174861.1	100	57	5.32e-37	114
YFI96891.1	WP_002892136.1	100	57	1.73e-33	105
YFI96255.1	WP_002898708.1	100	57	3.70e-17	64.7
YFI96202.1	WP_000290724.1	100	57	2.63e-37	115
YFI96832.1	WP_032413853.1	81.1	53	2.73e-23	80.1
YFI96770.1	WP_002892370.1	100	56	1.18e-35	111
YFJ00113.1	WP_002907471.1	100	55	2.63e-39	120
YFI98356.1	WP_002920231.1	100	55	3.05e-33	105
YFI98132.1	WP_002922510.1	100	55	4.49e-35	109
YFI96300.1	WP_002898396.1	100	55	2.30e-37	115
YFI96016.1	WP_002901776.1	100	55	3.83e-36	112
YFJ00646.1	WP_004213918.1	98.1	54	7.69e-35	109
YFI97413.1	WP_002887388.1	100	54	5.08e-36	112
YFJ00584.1	WP_002887716.1	100	53	4.29e-30	97.1
YFJ00461.1	WP_072769602.1	100	52	2.23e-38	118
YFI99673.1	WP_004148869.1	100	52	3.02e-34	107
YFI95863.1	WP_002903230.1	100	52	2.58e-35	110
YFI95834.1	WP_002903398.1	100	52	6.92e-31	99.0
YFI98961.1	WP_002915097.1	100	50	6.86e-28	91.3
YFI98189.1	WP_002922102.1	100	50	2.56e-32	102
YFI97254.1	WP_002888448.1	100	50	3.63e-32	102
YFI99702.1	WP_004145554.1	100	49	3.00e-35	109
YFI96503.1	WP_002895156.1	100	49	2.62e-27	89.7
YFI98616.1	WP_004144529.1	100	48	1.85e-31	100
YFI97615.1	WP_002885518.1	100	48	2.88e-26	87.0
YFI99728.1	WP_002911375.1	100	47	4.23e-32	101
YFJ00560.1	WP_002892018.1	100	46	1.84e-28	92.4
YFJ00190.1	WP_004143727.1	100	46	2.23e-29	94.7
YFI98007.1	WP_000831330.1	100	46	1.03e-25	85.5
YFJ00087.1	WP_004898594.1	100	45	8.51e-29	93.2
YFI98701.1	WP_004144772.1	100	43	1.53e-26	87.8
YFI97616.1	WP_002885511.1	100	43	7.00e-25	83.2
YFJ00117.1	WP_004180143.1	100	41	5.96e-23	78.2
YFI96428.1	WP_002895851.1	100	41	1.10e-27	90.1
YFI99773.1	WP_004899049.1	100	40	6.78e-24	80.5
YFI98036.1	WP_002923292.1	100	29	4.47e-12	50.4
YFI98405.1	WP_000868187.1	100	38	2.01e-22	76.6
YFI96522.1	WP_002895051.1	100	38	1.42e-22	77.0
YFI95755.1	WP_004224649.1	100	38	6.78e-21	72.8
YFI99460.1	WP_002912762.1	100	37	1.77e-18	66.6
YFI96216.1	WP_002898988.1	100	37	1.29e-20	72.0
YFI97512.1	WP_002886930.1	100	34	4.52e-22	75.5
YFI97867.1	WP_001311244.1	100	32	1.74e-14	56.2
YFI98038.1	WP_002923286.1	100	31	2.64e-11	48.1
YFJ00129.1	WP_002906891.1	100	30	1.87e-15	58.5
YFI96544.1	WP_020323459.1	100	29	2.43e-13	53.1
YFJ00580.1	WP_004222662.1	100	28	9.70e-15	56.6
YFJ00479.1	WP_002905689.1	100	23	7.14e-13	51.6
YFJ00583.1	WP_004222578.1	100	22	3.78e-10	44.7
