KPN_00001	WP_004222578.1	BN373_04831
KPN_00002	WP_011977629.1	BN373_04841
KPN_00003	WP_002887853.1	BN373_04851
KPN_00004	WP_011977630.1	BN373_04861
KPN_00006	WP_002887869.1	BN373_04881
KPN_00007	WP_002887871.1	BN373_04891
KPN_00008	WP_002887897.1	BN373_04901
KPN_00009	WP_002887898.1	BN373_04911
KPN_00010	WP_004146012.1	BN373_04921
KPN_00011	WP_011977632.1	BN373_04931
KPN_00012	WP_004146011.1	BN373_04941
KPN_00013	WP_004182892.1	BN373_04951
KPN_00014	WP_004146997.1	BN373_04961
KPN_00015	WP_002887955.1	BN373_04971
KPN_00016	WP_032422035.1	BN373_04981
KPN_00017	WP_002887961.1	BN373_04991
KPN_00018	WP_002887965.1	BN373_05001
KPN_00020	WP_002887969.1	BN373_05011
KPN_00021	WP_002887972.1	BN373_05021
KPN_00022	WP_002887973.1	BN373_05031
KPN_00023	WP_002887976.1	BN373_05041
KPN_00024	WP_002887979.1	BN373_05051
KPN_00025	WP_002887981.1	BN373_05061
KPN_00027	WP_009309189.1	BN373_05081
KPN_00028	WP_004222618.1	BN373_05101
KPN_00029	WP_004151379.1	BN373_05111
KPN_00030	WP_004181423.1	BN373_05131
KPN_00033	WP_004151375.1	BN373_05181
KPN_00034	WP_004222626.1	BN373_05191
KPN_00035	WP_004151373.1	BN373_05201
KPN_00036	WP_004151372.1	BN373_05211
KPN_00037	WP_032422031.1	BN373_05221
KPN_00038	WP_004222628.1	BN373_05231
KPN_00039	WP_004151369.1	BN373_05241
KPN_00040	WP_004177433.1	BN373_05271
KPN_00041	WP_002888056.1	BN373_05281
KPN_00042	WP_002888059.1	BN373_05291
KPN_00043	WP_002888068.1	BN373_05301
KPN_00044	WP_004145992.1	BN373_05311
KPN_00045	WP_002888320.1	BN373_05321
KPN_00046	WP_002888321.1	BN373_05331
KPN_00047	WP_004182901.1	BN373_05341
KPN_00048	WP_002888324.1	BN373_05351
KPN_00049	WP_004182903.1	BN373_05361
KPN_00050	WP_002888329.1	BN373_05371
KPN_00051	WP_004147026.1	BN373_05381
KPN_00052	WP_002888332.1	BN373_05391
KPN_00053	WP_002888337.1	BN373_05401
KPN_00054	WP_002888340.1	BN373_05411
KPN_00055	WP_002888345.1	BN373_05421
KPN_00056	WP_002888347.1	BN373_05431
KPN_00057	WP_004145980.1	BN373_05441
KPN_00058	WP_004177426.1	BN373_05451
KPN_00059	WP_011977643.1	BN373_05471
KPN_00060	WP_011977644.1	BN373_05481
KPN_00061	WP_011977645.1	BN373_05491
KPN_00062	WP_011977646.1	BN373_05501
KPN_00063	WP_004145972.1	BN373_05511
KPN_00064	WP_002888373.1	BN373_05521
KPN_00065	WP_011977647.1	BN373_05531
KPN_00066	WP_004147039.1	BN373_05541
KPN_00067	WP_011977648.1	BN373_05551
KPN_00068	WP_004145968.1	BN373_05561
KPN_00069	WP_002888448.1	BN373_05571
KPN_00070	WP_004222652.1	BN373_05581
KPN_00071	WP_041937579.1	BN373_05591
KPN_00072	WP_011977650.1	BN373_05601
KPN_00073	WP_004177420.1	BN373_05611
KPN_00074	WP_002888458.1	BN373_05621
KPN_00075	WP_002888460.1	BN373_05631
KPN_00076	WP_004147052.1	BN373_05641
KPN_00077	WP_011977651.1	BN373_05651
KPN_00078	WP_004177417.1	BN373_05661
KPN_00079	WP_002888487.1	BN373_05671
KPN_00080	WP_004178594.1	BN373_05681
KPN_00081	WP_085848893.1	BN373_05701
KPN_00082	WP_002888534.1	BN373_05711
KPN_00083	WP_002888536.1	BN373_05721
KPN_00084	WP_004145952.1	BN373_05731
KPN_00085	WP_011977652.1	BN373_05741
KPN_00086	WP_002888547.1	BN373_05751
KPN_00087	WP_002888550.1	BN373_05761
KPN_00088	WP_002888559.1	BN373_05771
KPN_00089	WP_004147071.1	BN373_05781
KPN_00090	WP_004177411.1	BN373_05791
KPN_00091	WP_002888562.1	BN373_05801
KPN_00092	WP_004151364.1	BN373_05811
KPN_00093	WP_002888565.1	BN373_05821
KPN_00094	WP_002888566.1	BN373_05831
KPN_00095	WP_004192000.1	BN373_05841
KPN_00096	WP_004191999.1	BN373_05851
KPN_00097	WP_002888624.1	BN373_05861
KPN_00098	WP_002888625.1	BN373_05871
KPN_00099	WP_002888628.1	BN373_05881
KPN_00100	WP_002888632.1	BN373_05891
KPN_00102	WP_002888638.1	BN373_05911
KPN_00103	WP_004145942.1	BN373_05921
KPN_00104	WP_002888644.1	BN373_05931
KPN_00105	WP_002888645.1	BN373_05941
KPN_00106	WP_002888649.1	BN373_05951
KPN_00107	WP_004145938.1	BN373_05961
KPN_00108	WP_011977654.1	BN373_05971
KPN_00109	WP_004145935.1	BN373_05981
KPN_00110	WP_002888683.1	BN373_05991
KPN_00111	WP_002888684.1	BN373_06011
KPN_00112	WP_011977655.1	BN373_06021
KPN_00113	WP_004177406.1	BN373_06031
KPN_00114	WP_011977656.1	BN373_06041
KPN_00115	WP_032428537.1	BN373_06051
KPN_00116	WP_004147090.1	BN373_06061
KPN_00117	WP_002888699.1	BN373_06071
KPN_00118	WP_002888700.1	BN373_06081
KPN_00119	WP_004178598.1	BN373_06091
KPN_00120	WP_002888731.1	BN373_06101
KPN_00121	WP_004177403.1	BN373_06111
KPN_00122	WP_032424602.1	BN373_06121
KPN_00123	WP_011977659.1	BN373_06131
KPN_00124	WP_002888735.1	BN373_06141
KPN_00125	WP_002888737.1	BN373_06151
KPN_00126	WP_002888739.1	BN373_06161
KPN_00127	WP_002888741.1	BN373_06171
KPN_00129	WP_002888804.1	BN373_06191
KPN_00130	WP_002888808.1	BN373_06201
KPN_00131	WP_004177397.1	BN373_06211
KPN_00132	WP_002888816.1	BN373_06221
KPN_00133	WP_002888819.1	BN373_06231
KPN_00134	WP_002888821.1	BN373_06241
KPN_00135	WP_002888823.1	BN373_06251
KPN_00136	WP_002888827.1	BN373_06261
KPN_00137	WP_004177394.1	BN373_06271
KPN_00138	WP_011977665.1	BN373_06281
KPN_00139	WP_002888834.1	BN373_06291
KPN_00140	WP_002888835.1	BN373_06301
KPN_00141	WP_002888841.1	BN373_06311
KPN_00142	WP_004178602.1	BN373_06321
KPN_00143	WP_071526609.1	BN373_06331
KPN_00144	WP_011977666.1	BN373_06341
KPN_00145	WP_002888845.1	BN373_06351
KPN_00146	WP_002888848.1	BN373_06361
KPN_00147	WP_004177389.1	BN373_06371
KPN_00148	WP_011977667.1	BN373_06381
KPN_00149	WP_004145898.1	BN373_06391
KPN_00150	WP_004145897.1	BN373_06401
KPN_00151	WP_011977668.1	BN373_06411
KPN_00152	WP_004191957.1	BN373_06421
KPN_00153	WP_004222697.1	BN373_06431
KPN_00154	WP_004222700.1	BN373_06441
KPN_00155	WP_002889025.1	BN373_06451
KPN_00156	WP_004213437.1	BN373_06461
KPN_00157	WP_002889054.1	BN373_06471
KPN_00158	WP_009485795.1	BN373_06481
KPN_00159	WP_004151936.1	BN373_06491
KPN_00160	WP_004194880.1	BN373_06501
KPN_00161	WP_004177377.1	BN373_06511
KPN_00163	WP_041937580.1	BN373_06521
KPN_00164	WP_011977673.1	BN373_06551
KPN_00165	WP_004178624.1	BN373_06561
KPN_00166	WP_002889212.1	BN373_06571
KPN_00167	WP_004147133.1	BN373_06581
KPN_00168	WP_011977674.1	BN373_06591
KPN_00169	WP_002889272.1	BN373_06601
KPN_00170	WP_004151932.1	BN373_06611
KPN_00171	WP_002889275.1	BN373_06621
KPN_00172	WP_002889277.1	BN373_06631
KPN_00173	WP_002889279.1	BN373_06641
KPN_00174	WP_002889282.1	BN373_06651
KPN_00175	WP_004145871.1	BN373_06661
KPN_00176	WP_011977675.1	BN373_06671
KPN_00177	WP_002889289.1	BN373_06681
KPN_00178	WP_002889292.1	BN373_06691
KPN_00179	WP_002889295.1	BN373_06701
KPN_00180	WP_004191934.1	BN373_06721
KPN_00181	WP_011977676.1	BN373_06731
KPN_00182	WP_002889299.1	BN373_06741
KPN_00183	WP_004151930.1	BN373_06751
KPN_00184	WP_002889306.1	BN373_06761
KPN_00185	WP_002889308.1	BN373_06771
KPN_00186	WP_011977678.1	BN373_06781
KPN_00187	WP_002889316.1	BN373_06791
KPN_00188	WP_002889318.1	BN373_06801
KPN_00189	WP_004177358.1	BN373_06811
KPN_00190	WP_011977680.1	BN373_06821
KPN_00191	WP_004178645.1	BN373_06831
KPN_00192	WP_002889327.1	BN373_06841
KPN_00193	WP_004145858.1	BN373_06851
KPN_00194	WP_004177356.1	BN373_06861
KPN_00195	WP_002889374.1	BN373_06871
KPN_00196	WP_002889376.1	BN373_06881
KPN_00197	WP_004177353.1	BN373_06891
KPN_00198	WP_004145855.1	BN373_06901
KPN_00199	WP_002889384.1	BN373_06911
KPN_00200	WP_002889387.1	BN373_06921
KPN_00201	WP_011977681.1	BN373_06931
KPN_00202	WP_002889424.1	BN373_06941
KPN_00204	WP_002889431.1	BN373_06951
KPN_00205	WP_002889433.1	BN373_06961
KPN_00206	WP_002889435.1	BN373_06971
KPN_00207	WP_004177347.1	BN373_06981
KPN_00208	WP_004151928.1	BN373_06991
KPN_00209	WP_002889441.1	BN373_07001
KPN_00210	WP_002889443.1	BN373_07011
KPN_00211	WP_002889445.1	BN373_07021
KPN_00212	WP_002889448.1	BN373_07031
KPN_00213	WP_002889450.1	BN373_07041
KPN_00214	WP_041937581.1	BN373_07051
KPN_00221	WP_004191899.1	BN373_07061
KPN_00222	WP_002889616.1	BN373_07071
KPN_00223	WP_011977683.1	BN373_07081
KPN_00224	WP_002889629.1	BN373_07091
KPN_00225	WP_011977684.1	BN373_07101
KPN_00226	WP_004210407.1	BN373_07111
KPN_00227	WP_004145833.1	BN373_07121
KPN_00228	WP_002889685.1	BN373_07131
KPN_00229	WP_002889686.1	BN373_07141
KPN_00230	WP_004152034.1	BN373_07151
KPN_00232	WP_004177340.1	BN373_07161
KPN_00233	WP_004178672.1	BN373_07171
KPN_00234	WP_041937709.1	BN373_07181
KPN_00235	WP_002889690.1	BN373_07191
KPN_00236	WP_004145825.1	BN373_07201
KPN_00237	WP_002889696.1	BN373_07211
KPN_00238	WP_002889699.1	BN373_07221
KPN_00239	WP_002889702.1	BN373_07231
KPN_00240	WP_004147186.1	BN373_07241
KPN_00242	WP_002889716.1	BN373_07261
KPN_00243	WP_011977687.1	BN373_07271
KPN_00244	WP_002889720.1	BN373_07281
KPN_00246	WP_011977688.1	BN373_07301
KPN_00247	WP_002889726.1	BN373_07311
KPN_00248	WP_002889727.1	BN373_07321
KPN_00249	WP_016530034.1	BN373_07331
KPN_00250	WP_002889733.1	BN373_07341
KPN_00251	WP_002889742.1	BN373_07351
KPN_00252	WP_002889793.1	BN373_07361
KPN_00253	WP_004213891.1	BN373_07371
KPN_00254	WP_002889795.1	BN373_07381
KPN_00255	WP_011977690.1	BN373_07391
KPN_00256	WP_002889845.1	BN373_07401
KPN_00257	WP_002889846.1	BN373_07411
KPN_00258	WP_002889847.1	BN373_07421
KPN_00259	WP_002889848.1	BN373_07431
KPN_00260	WP_011977691.1	BN373_07441
KPN_00261	WP_004183080.1	BN373_07461
KPN_00280	WP_011977704.1	BN373_07681
KPN_00281	WP_004144574.1	BN373_07691
KPN_00282	WP_004144576.1	BN373_07701
KPN_00283	WP_004222859.1	BN373_07711
KPN_00286	WP_011977708.1	BN373_07741
KPN_00287	WP_011977709.1	BN373_07751
KPN_00288	WP_004177295.1	BN373_07771
KPN_00290	WP_004144585.1	BN373_07781
KPN_00291	WP_002890053.1	BN373_07791
KPN_00292	WP_004144586.1	BN373_07801
KPN_00293	WP_041937582.1	BN373_07811
KPN_00294	WP_002890060.1	BN373_07821
KPN_00295	WP_002890061.1	BN373_07831
KPN_00296	WP_004178714.1	BN373_07841
KPN_00297	WP_004178715.1	BN373_07851
KPN_00298	WP_011977712.1	BN373_07861
KPN_00299	WP_002890106.1	BN373_07871
KPN_00301	WP_002890126.1	BN373_07891
KPN_00302	WP_004151354.1	BN373_07901
KPN_00303	WP_004144594.1	BN373_07911
KPN_00304	WP_002890128.1	BN373_07921
KPN_00305	WP_004147267.1	BN373_07931
KPN_00306	WP_004147268.1	BN373_07941
KPN_00307	WP_004183139.1	BN373_07951
KPN_00308	WP_004177284.1	BN373_07961
KPN_00309	WP_002890161.1	BN373_07971
KPN_00310	WP_004147274.1	BN373_07981
KPN_00311	WP_002890192.1	BN373_07991
KPN_00312	WP_004893960.1	BN373_08001
KPN_00313	WP_004144603.1	BN373_08011
KPN_00314	WP_004147277.1	BN373_08021
KPN_00315	WP_011977713.1	BN373_08031
KPN_00316	WP_002890201.1	BN373_08041
KPN_00317	WP_004178722.1	BN373_08051
KPN_00318	WP_072143249.1	BN373_08061
KPN_00319	WP_002890204.1	BN373_08071
KPN_00320	WP_002890207.1	BN373_08081
KPN_00321	WP_002890210.1	BN373_08091
KPN_00323	WP_004151348.1	BN373_08111
KPN_00324	WP_004151347.1	BN373_08121
KPN_00325	WP_002890219.1	BN373_08131
KPN_00326	WP_002890221.1	BN373_08141
KPN_00327	WP_011977715.1	BN373_08151
KPN_00329	WP_002890227.1	BN373_08171
KPN_00330	WP_011977717.1	BN373_08181
KPN_00331	WP_002890273.1	BN373_08191
KPN_00332	WP_002890276.1	BN373_08201
KPN_00333	WP_002890278.1	BN373_08211
KPN_00334	WP_004144619.1	BN373_08221
KPN_00335	WP_002890284.1	BN373_08231
KPN_00336	WP_002890285.1	BN373_08241
KPN_00337	WP_023287295.1	BN373_08251
KPN_00338	WP_011977719.1	BN373_08261
KPN_00339	WP_011977720.1	BN373_08271
KPN_00340	WP_002890343.1	BN373_08281
KPN_00341	WP_011977721.1	BN373_08291
KPN_00342	WP_004144627.1	BN373_08301
KPN_00343	WP_002890348.1	BN373_08311
KPN_00344	WP_004147293.1	BN373_08321
KPN_00345	WP_004191753.1	BN373_08331
KPN_00346	WP_002890357.1	BN373_08341
KPN_00347	WP_002890365.1	BN373_08351
KPN_00348	WP_011977723.1	BN373_08361
KPN_00349	WP_004218830.1	BN373_08371
KPN_00350	WP_002890372.1	BN373_08381
KPN_00351	WP_004191747.1	BN373_08391
KPN_00352	WP_002890376.1	BN373_08401
KPN_00353	WP_011977725.1	BN373_08411
KPN_00354	WP_004178733.1	BN373_08431
KPN_00355	WP_009307908.1	BN373_08441
KPN_00356	WP_002890390.1	BN373_08451
KPN_00357	WP_002890395.1	BN373_08461
KPN_00358	WP_002890398.1	BN373_08471
KPN_00359	WP_002890400.1	BN373_08481
KPN_00360	WP_002890403.1	BN373_08491
KPN_00361	WP_011977726.1	BN373_08501
KPN_00362	WP_011977727.1	BN373_08511
KPN_00363	WP_002890412.1	BN373_08521
KPN_00364	WP_002890414.1	BN373_08531
KPN_00365	WP_002890417.1	BN373_08541
KPN_00366	WP_011977728.1	BN373_08551
KPN_00367	WP_001021161.1	BN373_08561
KPN_00368	WP_002891356.1	BN373_08571
KPN_00369	WP_004178737.1	BN373_08581
KPN_00370	WP_004177266.1	BN373_08591
KPN_00371	WP_004147313.1	BN373_08601
KPN_00372	WP_012068354.1	BN373_08611
KPN_00373	WP_004144656.1	BN373_08621
KPN_00374	WP_002891398.1	BN373_08631
KPN_00375	WP_004151340.1	BN373_08641
KPN_00376	WP_004178740.1	BN373_08651
KPN_00377	WP_012068355.1	BN373_08661
KPN_00378	WP_004178742.1	BN373_08671
KPN_00379	WP_012068356.1	BN373_08681
KPN_00380	WP_004144660.1	BN373_08691
KPN_00381	WP_004191717.1	BN373_08701
KPN_00382	WP_002891473.1	BN373_08711
KPN_00383	WP_002891476.1	BN373_08721
KPN_00385	WP_002891541.1	BN373_08741
KPN_00386	WP_012068358.1	BN373_08751
KPN_00387	WP_032434106.1	BN373_08761
KPN_00388	WP_002891624.1	BN373_08771
KPN_00390	WP_002891629.1	BN373_08791
KPN_00391	WP_002891634.1	BN373_08801
KPN_00392	WP_002891635.1	BN373_08811
KPN_00393	WP_002891638.1	BN373_08821
KPN_00394	WP_002891641.1	BN373_08831
KPN_00395	WP_004178749.1	BN373_08841
KPN_00396	WP_002891647.1	BN373_08851
KPN_00397	WP_002891649.1	BN373_08861
KPN_00398	WP_004147333.1	BN373_08871
KPN_00399	WP_002891804.1	BN373_08881
KPN_00400	WP_002891807.1	BN373_08891
KPN_00401	WP_004151336.1	BN373_08901
KPN_00402	WP_002444653.1	BN373_08911
KPN_00403	WP_004177252.1	BN373_08921
KPN_00404	WP_004144680.1	BN373_08931
KPN_00405	WP_002891860.1	BN373_08941
KPN_00406	WP_002891863.1	BN373_08951
KPN_00407	WP_012068363.1	BN373_08961
KPN_00408	WP_012068364.1	BN373_08971
KPN_00409	WP_004147342.1	BN373_08981
KPN_00410	WP_002891873.1	BN373_08991
KPN_00411	WP_012068365.1	BN373_09001
KPN_00412	WP_004147345.1	BN373_09011
KPN_00413	WP_002891893.1	BN373_09021
KPN_00414	WP_004152876.1	BN373_09031
KPN_00415	WP_002891899.1	BN373_09041
KPN_00416	WP_002891903.1	BN373_09051
KPN_00417	WP_004142687.1	BN373_09061
KPN_00418	WP_004178755.1	BN373_09071
KPN_00419	WP_002891977.1	BN373_09081
KPN_00421	WP_012068366.1	BN373_09091
KPN_00422	WP_004223037.1	BN373_09101
KPN_00423	WP_012068367.1	BN373_09111
KPN_00424	WP_002891985.1	BN373_09121
KPN_00425	WP_012068368.1	BN373_09131
KPN_00426	WP_041937583.1	BN373_09141
KPN_00427	WP_002891991.1	BN373_09151
KPN_00428	WP_004177243.1	BN373_09161
KPN_00429	WP_000079398.1	BN373_09171
KPN_00430	WP_004178761.1	BN373_09181
KPN_00431	WP_012068370.1	BN373_09191
KPN_00432	WP_002892003.1	BN373_09201
KPN_00433	WP_004177240.1	BN373_09211
KPN_00434	WP_002892007.1	BN373_09221
KPN_00435	WP_002892011.1	BN373_09231
KPN_00436	WP_002892018.1	BN373_09241
KPN_00437	WP_002892021.1	BN373_09251
KPN_00438	WP_012068372.1	BN373_09261
KPN_00439	WP_002892026.1	BN373_09271
KPN_00440	WP_002892030.1	BN373_09281
KPN_00441	WP_002892050.1	BN373_09291
KPN_00442	WP_002892066.1	BN373_09301
KPN_00443	WP_002892069.1	BN373_09311
KPN_00444	WP_004177236.1	BN373_09321
KPN_00445	WP_002892080.1	BN373_09331
KPN_00446	WP_004177234.1	BN373_09341
KPN_00447	WP_004177233.1	BN373_09351
KPN_00448	WP_002892136.1	BN373_09361
KPN_00449	WP_002892142.1	BN373_09371
KPN_00450	WP_002892144.1	BN373_09381
KPN_00451	WP_002892145.1	BN373_09391
KPN_00452	WP_004177229.1	BN373_09401
KPN_00453	WP_002892173.1	BN373_09411
KPN_00454	WP_002892177.1	BN373_09421
KPN_00455	WP_004177228.1	BN373_09431
KPN_00456	WP_002892184.1	BN373_09441
KPN_00458	WP_002892192.1	BN373_09461
KPN_00459	WP_002892195.1	BN373_09471
KPN_00460	WP_004147385.1	BN373_09491
KPN_00461	WP_002892203.1	BN373_09501
KPN_00462	WP_002892205.1	BN373_09511
KPN_00463	WP_004151327.1	BN373_09521
KPN_00464	WP_041937710.1	BN373_09531
KPN_00465	WP_002892208.1	BN373_09541
KPN_00466	WP_004151325.1	BN373_09551
KPN_00467	WP_002892258.1	BN373_09561
KPN_00468	WP_004177224.1	BN373_09571
KPN_00469	WP_004177223.1	BN373_09581
KPN_00470	WP_012068376.1	BN373_09591
KPN_00471	WP_012068377.1	BN373_09601
KPN_00472	WP_004196998.1	BN373_09611
KPN_00473	WP_004146399.1	BN373_09621
KPN_00474	WP_004147400.1	BN373_09631
KPN_00475	WP_004142997.1	BN373_09641
KPN_00476	WP_004183227.1	BN373_09651
KPN_00477	WP_004143002.1	BN373_09661
KPN_00478	WP_004151322.1	BN373_09671
KPN_00479	WP_004223118.1	BN373_09681
KPN_00480	WP_004191610.1	BN373_09691
KPN_00481	WP_004151319.1	BN373_09701
KPN_00482	WP_004143010.1	BN373_09711
KPN_00483	WP_004143016.1	BN373_09721
KPN_00484	WP_004143017.1	BN373_09731
KPN_00487	WP_002892360.1	BN373_10511
KPN_00488	WP_002892366.1	BN373_10521
KPN_00489	WP_004147414.1	BN373_10531
KPN_00490	WP_002892378.1	BN373_10541
KPN_00491	WP_004151792.1	BN373_10551
KPN_00492	WP_012068380.1	BN373_10561
KPN_00493	WP_012068381.1	BN373_10571
KPN_00494	WP_041937585.1	BN373_10581
KPN_00495	WP_002892397.1	BN373_10591
KPN_00496	WP_002892400.1	BN373_10601
KPN_00497	WP_012068383.1	BN373_10611
KPN_00498	WP_004147422.1	BN373_10621
KPN_00499	WP_002892484.1	BN373_10631
KPN_00500	WP_002892486.1	BN373_10641
KPN_00501	WP_004151795.1	BN373_10651
KPN_00502	WP_002892491.1	BN373_10661
KPN_00504	WP_012068384.1	BN373_10671
KPN_00505	WP_012068385.1	BN373_10681
KPN_00506	WP_012068386.1	BN373_10691
KPN_00507	WP_004177011.1	BN373_10701
KPN_00508	WP_004191476.1	BN373_10711
KPN_00509	WP_002892597.1	BN373_10721
KPN_00510	WP_004142660.1	BN373_10731
KPN_00511	WP_004152946.1	BN373_10741
KPN_00512	WP_014907957.1	BN373_10751
KPN_00513	WP_012068387.1	BN373_10761
KPN_00514	WP_002892640.1	BN373_10771
KPN_00515	WP_004147437.1	BN373_10781
KPN_00516	WP_012068388.1	BN373_10791
KPN_00517	WP_012068389.1	BN373_10811
KPN_00518	WP_012068390.1	BN373_10821
KPN_00519	WP_072143255.1	BN373_10831
KPN_00520	WP_004151804.1	BN373_10841
KPN_00523	WP_012068391.1	BN373_10871
KPN_00524	WP_002892707.1	BN373_10881
KPN_00525	WP_004147443.1	BN373_10891
KPN_00526	WP_012068393.1	BN373_10921
KPN_00527	WP_004893684.1	BN373_10931
KPN_00528	WP_009484099.1	BN373_10941
KPN_00529	WP_002892774.1	BN373_10951
KPN_00530	WP_012068395.1	BN373_10971
KPN_00531	WP_012068396.1	BN373_11001
KPN_00532	WP_002892820.1	BN373_11011
KPN_00533	WP_002892824.1	BN373_11021
KPN_00534	WP_004176990.1	BN373_11031
KPN_00535	WP_004151810.1	BN373_11041
KPN_00536	WP_041937587.1	BN373_11061
KPN_00537	WP_004151811.1	BN373_11071
KPN_00538	WP_004198867.1	BN373_11081
KPN_00539	WP_004893657.1	BN373_11091
KPN_00540	WP_041937588.1	BN373_11101
KPN_00541	WP_004183289.1	BN373_11111
KPN_00542	WP_012068399.1	BN373_11121
KPN_00543	WP_004142570.1	BN373_11131
KPN_00544	WP_004151823.1	BN373_11151
KPN_00545	WP_012068400.1	BN373_11161
KPN_00546	WP_004147470.1	BN373_11171
KPN_00547	WP_012068401.1	BN373_11181
KPN_00548	WP_004183293.1	BN373_11191
KPN_00549	WP_004176976.1	BN373_11201
KPN_00550	WP_004183295.1	BN373_11211
KPN_00551	WP_002893014.1	BN373_11221
KPN_00552	WP_002893017.1	BN373_11231
KPN_00553	WP_004176973.1	BN373_11241
KPN_00554	WP_004142557.1	BN373_11251
KPN_00555	WP_004176968.1	BN373_11261
KPN_00556	WP_002893035.1	BN373_11281
KPN_00557	WP_002893037.1	BN373_11291
KPN_00559	WP_019704896.1	BN373_11311
KPN_00560	WP_012068402.1	BN373_11321
KPN_00561	WP_012068403.1	BN373_11331
KPN_00562	WP_012068404.1	BN373_11341
KPN_00563	WP_004176954.1	BN373_11351
KPN_00564	WP_012068405.1	BN373_11361
KPN_00565	WP_004178910.1	BN373_11371
KPN_00566	WP_004178912.1	BN373_11381
KPN_00567	WP_012068406.1	BN373_11391
KPN_00568	WP_004191439.1	BN373_11401
KPN_00569	WP_012068407.1	BN373_11411
KPN_00570	WP_012068408.1	BN373_11431
KPN_00571	WP_023300819.1	BN373_11441
KPN_00572	WP_004176946.1	BN373_11451
KPN_00573	WP_002893187.1	BN373_11461
KPN_00574	WP_002893189.1	BN373_11471
KPN_00575	WP_004151676.1	BN373_11481
KPN_00576	WP_004176941.1	BN373_11491
KPN_00577	WP_004214933.1	BN373_11501
KPN_00578	WP_004178936.1	BN373_11541
KPN_00579	WP_012068410.1	BN373_11551
KPN_00580	WP_004142505.1	BN373_11561
KPN_00581	WP_004176937.1	BN373_11571
KPN_00582	WP_004142499.1	BN373_11581
KPN_00583	WP_041937589.1	BN373_11591
KPN_00584	WP_004142489.1	BN373_11611
KPN_00585	WP_004147503.1	BN373_11621
KPN_00586	WP_004151671.1	BN373_11631
KPN_00587	WP_004142478.1	BN373_11641
KPN_00588	WP_004147504.1	BN373_11661
KPN_00589	WP_012068412.1	BN373_11671
KPN_00590	WP_012068413.1	BN373_11681
KPN_00591	WP_012068414.1	BN373_11751
KPN_00593	WP_004893550.1	BN373_11781
KPN_00594	WP_004893549.1	BN373_11771
KPN_00595	WP_004178954.1	BN373_11761
KPN_00601	WP_012068421.1	BN373_11791
KPN_00602	WP_012068422.1	BN373_11801
KPN_00603	WP_019705362.1	BN373_11811
KPN_00604	WP_004176919.1	BN373_11821
KPN_00605	WP_041937591.1	BN373_11831
KPN_00606	WP_002893737.1	BN373_11841
KPN_00607	WP_004147521.1	BN373_11851
KPN_00608	WP_012068425.1	BN373_11861
KPN_00609	WP_004147525.1	BN373_11871
KPN_00610	WP_004147526.1	BN373_11881
KPN_00611	WP_004176916.1	BN373_11891
KPN_00612	WP_012068426.1	BN373_11901
KPN_00613	WP_012068427.1	BN373_11911
KPN_00614	WP_012068428.1	BN373_11921
KPN_00615	WP_008805589.1	BN373_11931
KPN_00616	WP_012068429.1	BN373_11941
KPN_00617	WP_012068430.1	BN373_11951
KPN_00618	WP_008805591.1	BN373_11961
KPN_00619	WP_012068431.1	BN373_11971
KPN_00620	WP_012068432.1	BN373_11981
KPN_00621	WP_012068433.1	BN373_11991
KPN_00622	WP_012068434.1	BN373_12001
KPN_00623	WP_002894035.1	BN373_12011
KPN_00624	WP_008805596.1	BN373_12021
KPN_00625	WP_004178989.1	BN373_12031
KPN_00626	WP_004151657.1	BN373_12041
KPN_00627	WP_012068437.1	BN373_12051
KPN_00628	WP_012068438.1	BN373_12061
KPN_00629	WP_002894151.1	BN373_12071
KPN_00630	WP_004178995.1	BN373_12081
KPN_00631	WP_072157843.1	BN373_12091
KPN_00632	WP_002894156.1	BN373_12101
KPN_00633	WP_002894162.1	BN373_12121
KPN_00634	WP_002894164.1	BN373_12131
KPN_00635	WP_012068439.1	BN373_12141
KPN_00636	WP_012068440.1	BN373_12151
KPN_00637	WP_004147553.1	BN373_12161
KPN_00638	WP_004223619.1	BN373_12171
KPN_00639	WP_012068441.1	BN373_12181
KPN_00640	WP_162467040.1	BN373_12191
KPN_00641	WP_002894353.1	BN373_12201
KPN_00642	WP_012068443.1	BN373_12211
KPN_00643	WP_009485199.1	BN373_12221
KPN_00644	WP_012068444.1	BN373_12231
KPN_00645	WP_074182014.1	BN373_12241
KPN_00646	WP_004151651.1	BN373_12251
KPN_00647	WP_002894369.1	BN373_12261
KPN_00648	WP_004212615.1	BN373_12271
KPN_00649	WP_032432799.1	BN373_12281
KPN_00650	WP_002894394.1	BN373_12291
KPN_00651	WP_004142378.1	BN373_12301
KPN_00652	WP_002894401.1	BN373_12311
KPN_00653	WP_002894404.1	BN373_12321
KPN_00654	WP_012068448.1	BN373_12341
KPN_00655	WP_004183399.1	BN373_12351
KPN_00656	WP_002439184.1	BN373_12361
KPN_00657	WP_002894459.1	BN373_12371
KPN_00658	WP_020803596.1	BN373_12381
KPN_00659	WP_002894464.1	BN373_12391
KPN_00660	WP_002894467.1	BN373_12401
KPN_00661	WP_020803604.1	BN373_12411
KPN_00662	WP_002894472.1	BN373_12421
KPN_00663	WP_002894474.1	BN373_12431
KPN_00664	WP_002894539.1	BN373_12441
KPN_00665	WP_004147579.1	BN373_12451
KPN_00666	WP_002894613.1	BN373_12461
KPN_00667	WP_002894617.1	BN373_12471
KPN_00668	WP_002894620.1	BN373_12481
KPN_00669	WP_002894623.1	BN373_12491
KPN_00670	WP_004151650.1	BN373_12501
KPN_00671	WP_012068451.1	BN373_12511
KPN_00672	WP_041937592.1	BN373_12521
KPN_00673	WP_002894693.1	BN373_12531
KPN_00674	WP_004147581.1	BN373_12541
KPN_00675	WP_002894699.1	BN373_12551
KPN_00676	WP_004176876.1	BN373_12561
KPN_00677	WP_004176875.1	BN373_12571
KPN_00678	WP_002894706.1	BN373_12581
KPN_00679	WP_004212642.1	BN373_12591
KPN_00680	WP_002894709.1	BN373_12601
KPN_00681	WP_002894712.1	BN373_12611
KPN_00682	WP_004179036.1	BN373_12621
KPN_00683	WP_004197606.1	BN373_12631
KPN_00684	WP_002894722.1	BN373_12641
KPN_00685	WP_004176871.1	BN373_12651
KPN_00686	WP_002894730.1	BN373_12661
KPN_00687	WP_012068455.1	BN373_12671
KPN_00695	WP_002894734.1	BN373_12681
KPN_00696	WP_002894738.1	BN373_12691
KPN_00697	WP_002894742.1	BN373_12701
KPN_00698	WP_002894747.1	BN373_12711
KPN_00699	WP_002894749.1	BN373_12721
KPN_00700	WP_004147599.1	BN373_12731
KPN_00701	WP_002894753.1	BN373_12741
KPN_00703	WP_004152230.1	BN373_12751
KPN_00704	WP_012068456.1	BN373_12761
KPN_00706	WP_002894761.1	BN373_12771
KPN_00707	WP_002894765.1	BN373_12781
KPN_00708	WP_002894767.1	BN373_12791
KPN_00709	WP_004152229.1	BN373_12801
KPN_00710	WP_002894771.1	BN373_12811
KPN_00711	WP_002894773.1	BN373_12821
KPN_00712	WP_004223677.1	BN373_12831
KPN_00713	WP_012068459.1	BN373_12841
KPN_00714	WP_012068460.1	BN373_12851
KPN_00715	WP_004176862.1	BN373_12861
KPN_00716	WP_004147607.1	BN373_12871
KPN_00717	WP_012068461.1	BN373_12881
KPN_00718	WP_004142243.1	BN373_12891
KPN_00719	WP_004152225.1	BN373_12901
KPN_00720	WP_004199663.1	BN373_12911
KPN_00721	WP_004176858.1	BN373_12921
KPN_00722	WP_004176857.1	BN373_12931
KPN_00723	WP_012068462.1	BN373_12941
KPN_00724	WP_004176856.1	BN373_12951
KPN_00725	WP_041937593.1	BN373_12981
KPN_00726	WP_004223693.1	BN373_12991
KPN_00727	WP_002894943.1	BN373_13001
KPN_00728	WP_004142216.1	BN373_13011
KPN_00729	WP_002894949.1	BN373_13021
KPN_00730	WP_004179067.1	BN373_13031
KPN_00731	WP_002894954.1	BN373_13041
KPN_00732	WP_012068464.1	BN373_13051
KPN_00733	WP_004142209.1	BN373_13061
KPN_00734	WP_002895039.1	BN373_13071
KPN_00735	WP_002895043.1	BN373_13081
KPN_00736	WP_002895047.1	BN373_13101
KPN_00737	WP_002895049.1	BN373_13111
KPN_00739	WP_002895053.1	BN373_13121
KPN_00740	WP_002895056.1	BN373_13131
KPN_00741	WP_004152221.1	BN373_13141
KPN_00742	WP_002895061.1	BN373_13151
KPN_00743	WP_004214467.1	BN373_13161
KPN_00744	WP_002895066.1	BN373_13171
KPN_00745	WP_002895068.1	BN373_13181
KPN_00746	WP_002895071.1	BN373_13191
KPN_00754	WP_004176847.1	BN373_13201
KPN_00755	WP_004151689.1	BN373_13211
KPN_00756	WP_004147641.1	BN373_13221
KPN_00757	WP_002895084.1	BN373_13231
KPN_00758	WP_002895086.1	BN373_13241
KPN_00765	WP_012068467.1	BN373_05151
KPN_00768	WP_002895089.1	BN373_13251
KPN_00770	WP_004151691.1	BN373_13261
KPN_00771	WP_002895144.1	BN373_13271
KPN_00773	WP_002895150.1	BN373_13291
KPN_00774	WP_002895152.1	BN373_13301
KPN_00775	WP_002895154.1	BN373_13311
KPN_00776	WP_002895156.1	BN373_13321
KPN_00777	WP_004176834.1	BN373_13331
KPN_00778	WP_002895159.1	BN373_13341
KPN_00779	WP_004176832.1	BN373_13351
KPN_00780	WP_012068472.1	BN373_13361
KPN_00781	WP_020316492.1	BN373_13371
KPN_00782	WP_004176831.1	BN373_13411
KPN_00783	WP_004176830.1	BN373_13421
KPN_00784	WP_004151695.1	BN373_13431
KPN_00785	WP_002895283.1	BN373_13461
KPN_00786	WP_012068473.1	BN373_13481
KPN_00787	WP_004147662.1	BN373_13491
KPN_00789	WP_004183465.1	BN373_13511
KPN_00790	WP_004179084.1	BN373_13521
KPN_00791	WP_004142122.1	BN373_13531
KPN_00792	WP_004153329.1	BN373_13541
KPN_00793	WP_004151698.1	BN373_13551
KPN_00794	WP_002895358.1	BN373_13561
KPN_00795	WP_012068474.1	BN373_13571
KPN_00796	WP_004893303.1	BN373_13581
KPN_00797	WP_004147672.1	BN373_13591
KPN_00798	WP_002895575.1	BN373_13601
KPN_00799	WP_012068475.1	BN373_13611
KPN_00800	WP_002895580.1	BN373_13621
KPN_00801	WP_012068476.1	BN373_13631
KPN_00802	WP_004142100.1	BN373_13641
KPN_00803	WP_002895648.1	BN373_13651
KPN_00804	WP_002895655.1	BN373_13681
KPN_00806	WP_004179093.1	BN373_13691
KPN_00807	WP_002895659.1	BN373_13701
KPN_00808	WP_012068477.1	BN373_13711
KPN_00809	WP_004142092.1	BN373_13721
KPN_00810	WP_012068478.1	BN373_13731
KPN_00811	WP_002895668.1	BN373_13741
KPN_00812	WP_002895670.1	BN373_13751
KPN_00813	WP_002895672.1	BN373_13761
KPN_00814	WP_002895674.1	BN373_13771
KPN_00815	WP_004142079.1	BN373_13781
KPN_00816	WP_002895728.1	BN373_13791
KPN_00817	WP_002895730.1	BN373_13801
KPN_00818	WP_004179098.1	BN373_13811
KPN_00819	WP_004176793.1	BN373_13821
KPN_00820	WP_004142068.1	BN373_13831
KPN_00821	WP_002895739.1	BN373_13841
KPN_00822	WP_012068479.1	BN373_13851
KPN_00823	WP_002895745.1	BN373_13861
KPN_00824	WP_002895746.1	BN373_13871
KPN_00825	WP_004179102.1	BN373_13881
KPN_00826	WP_002895749.1	BN373_13891
KPN_00827	WP_012068480.1	BN373_13901
KPN_00828	WP_002895753.1	BN373_13911
KPN_00829	WP_002895757.1	BN373_13921
KPN_00830	WP_004151702.1	BN373_13931
KPN_00831	WP_004147693.1	BN373_13941
KPN_00832	WP_012068481.1	BN373_13951
KPN_00833	WP_004176772.1	BN373_13961
KPN_00834	WP_004176771.1	BN373_13981
KPN_00835	WP_012068482.1	BN373_13991
KPN_00836	WP_002895831.1	BN373_14001
KPN_00837	WP_004142041.1	BN373_14011
KPN_00838	WP_004142040.1	BN373_14021
KPN_00839	WP_002895837.1	BN373_14031
KPN_00840	WP_002895839.1	BN373_14041
KPN_00841	WP_002895841.1	BN373_14051
KPN_00842	WP_002895842.1	BN373_14061
KPN_00843	WP_002895845.1	BN373_14071
KPN_00844	WP_012068483.1	BN373_14081
KPN_00845	WP_004183487.1	BN373_14101
KPN_00846	WP_002895863.1	BN373_14111
KPN_00847	WP_040145971.1	BN373_14121
KPN_00848	WP_004151705.1	BN373_14131
KPN_00849	WP_002895871.1	BN373_14141
KPN_00851	WP_002895876.1	BN373_14161
KPN_00852	WP_012068486.1	BN373_14181
KPN_00853	WP_002895884.1	BN373_14191
KPN_00854	WP_020802532.1	BN373_14201
KPN_00855	WP_004176744.1	BN373_14211
KPN_00856	WP_004212174.1	BN373_14221
KPN_00857	WP_004179127.1	BN373_14231
KPN_00858	WP_012068487.1	BN373_14241
KPN_00859	WP_004141998.1	BN373_14251
KPN_00860	WP_012068488.1	BN373_14261
KPN_00861	WP_012068489.1	BN373_14271
KPN_00862	WP_004151710.1	BN373_14281
KPN_00863	WP_012068490.1	BN373_14291
KPN_00864	WP_002892997.1	BN373_14301
KPN_00865	WP_004147729.1	BN373_14311
KPN_00866	WP_004141985.1	BN373_14321
KPN_00867	WP_004147732.1	BN373_14331
KPN_00868	WP_004151712.1	BN373_14341
KPN_00869	WP_004141981.1	BN373_14351
KPN_00870	WP_009485545.1	BN373_14361
KPN_00871	WP_004191175.1	BN373_14381
KPN_00872	WP_004151717.1	BN373_14391
KPN_00873	WP_004141974.1	BN373_14401
KPN_00874	WP_004141972.1	BN373_14411
KPN_00875	WP_004179130.1	BN373_14421
KPN_00876	WP_004151719.1	BN373_14431
KPN_00877	WP_004141969.1	BN373_14441
KPN_00878	WP_004179131.1	BN373_14931
KPN_00879	WP_002896351.1	BN373_14941
KPN_00880	WP_002896352.1	BN373_14951
KPN_00881	WP_008805812.1	BN373_14961
KPN_00882	WP_012068493.1	BN373_14971
KPN_00883	WP_002896363.1	BN373_14981
KPN_00884	WP_002896365.1	BN373_14991
KPN_00885	WP_002896368.1	BN373_15001
KPN_00886	WP_002896370.1	BN373_15011
KPN_00887	WP_002896371.1	BN373_15021
KPN_00888	WP_002896372.1	BN373_15031
KPN_00889	WP_002896376.1	BN373_15041
KPN_00890	WP_012068495.1	BN373_15051
KPN_00891	WP_002896380.1	BN373_15061
KPN_00892	WP_002896382.1	BN373_15071
KPN_00893	WP_002896384.1	BN373_15081
KPN_00894	WP_004141917.1	BN373_15091
KPN_00895	WP_002896386.1	BN373_15101
KPN_00896	WP_002896390.1	BN373_15111
KPN_00897	WP_002896392.1	BN373_15121
KPN_00898	WP_002896394.1	BN373_15131
KPN_00899	WP_041937597.1	BN373_15151
KPN_00900	WP_004209681.1	BN373_15161
KPN_00901	WP_002896399.1	BN373_15171
KPN_00902	WP_012068497.1	BN373_15181
KPN_00903	WP_012068498.1	BN373_15191
KPN_00904	WP_041937711.1	BN373_15201
KPN_00905	WP_012068500.1	BN373_15211
KPN_00906	WP_004147771.1	BN373_15221
KPN_00907	WP_004183528.1	BN373_15231
KPN_00908	WP_004147773.1	BN373_15241
KPN_00909	WP_002896434.1	BN373_15251
KPN_00910	WP_004176693.1	BN373_15261
KPN_00911	WP_002896440.1	BN373_15271
KPN_00912	WP_012068502.1	BN373_15281
KPN_00913	WP_002896516.1	BN373_15291
KPN_00914	WP_002896520.1	BN373_15301
KPN_00915	WP_002896522.1	BN373_15311
KPN_00916	WP_001040187.1	BN373_15321
KPN_00917	WP_002898014.1	BN373_15331
KPN_00918	WP_012068503.1	BN373_15341
KPN_00919	WP_002898017.1	BN373_15351
KPN_00920	WP_002898019.1	BN373_15361
KPN_00921	WP_000228469.1	BN373_15371
KPN_00922	WP_012068504.1	BN373_15381
KPN_00923	WP_002898132.1	BN373_15391
KPN_00924	WP_002898137.1	BN373_15401
KPN_00925	WP_002898139.1	BN373_15411
KPN_00926	WP_012068505.1	BN373_15421
KPN_00928	WP_004183542.1	BN373_15441
KPN_00929	WP_004150843.1	BN373_15451
KPN_00930	WP_002898145.1	BN373_15461
KPN_00931	WP_002898148.1	BN373_15471
KPN_00932	WP_002898150.1	BN373_15481
KPN_00933	WP_004150842.1	BN373_15491
KPN_00934	WP_002898152.1	BN373_15501
KPN_00935	WP_009486275.1	BN373_15511
KPN_00936	WP_012068507.1	BN373_15521
KPN_00937	WP_002898160.1	BN373_15531
KPN_00938	WP_002898162.1	BN373_15541
KPN_00939	WP_002898165.1	BN373_15551
KPN_00940	WP_012068508.1	BN373_15561
KPN_00941	WP_002898170.1	BN373_15571
KPN_00942	WP_004183546.1	BN373_15581
KPN_00943	WP_009486271.1	BN373_15591
KPN_00944	WP_002898177.1	BN373_15601
KPN_00945	WP_002898180.1	BN373_15611
KPN_00946	WP_012068510.1	BN373_15621
KPN_00947	WP_004141786.1	BN373_15631
KPN_00948	WP_002898187.1	BN373_15641
KPN_00949	WP_002898189.1	BN373_15651
KPN_00950	WP_004150840.1	BN373_15661
KPN_00951	WP_012068512.1	BN373_15671
KPN_00952	WP_041937598.1	BN373_15681
KPN_00953	WP_002898198.1	BN373_15691
KPN_00954	WP_002898200.1	BN373_15701
KPN_00955	WP_002898202.1	BN373_15711
KPN_00961	WP_002898206.1	BN373_15731
KPN_00962	WP_002898209.1	BN373_15741
KPN_00963	WP_004199498.1	BN373_15751
KPN_00964	WP_012068516.1	BN373_15761
KPN_00965	WP_004141764.1	BN373_15771
KPN_00966	WP_004147828.1	BN373_15781
KPN_00967	WP_002898217.1	BN373_15791
KPN_00968	WP_012068517.1	BN373_15801
KPN_00969	WP_004150838.1	BN373_15811
KPN_00970	WP_004141755.1	BN373_15821
KPN_00971	WP_002898293.1	BN373_15831
KPN_00972	WP_004141753.1	BN373_15841
KPN_00973	WP_002898296.1	BN373_15851
KPN_00974	WP_012068518.1	BN373_15861
KPN_00975	WP_002898308.1	BN373_15871
KPN_00976	WP_041937599.1	BN373_15881
KPN_00977	WP_004147847.1	BN373_15891
KPN_00978	WP_012068520.1	BN373_15901
KPN_00979	WP_004147849.1	BN373_15911
KPN_00980	WP_002898390.1	BN373_15921
KPN_00981	WP_012068521.1	BN373_15931
KPN_00982	WP_002898396.1	BN373_15941
KPN_00983	WP_002898398.1	BN373_15951
KPN_00984	WP_004147851.1	BN373_15961
KPN_00985	WP_002898404.1	BN373_15971
KPN_00987	WP_002898418.1	BN373_15991
KPN_00988	WP_004179217.1	BN373_16011
KPN_00989	WP_012068522.1	BN373_16021
KPN_00990	WP_002898425.1	BN373_16031
KPN_00991	WP_012068523.1	BN373_16041
KPN_00992	WP_002898432.1	BN373_16051
KPN_00993	WP_004144085.1	BN373_16061
KPN_01000	WP_002898441.1	BN373_16071
KPN_01001	WP_004141630.1	BN373_16081
KPN_01002	WP_004210995.1	BN373_16091
KPN_01003	WP_002898450.1	BN373_16101
KPN_01004	WP_023316620.1	BN373_16181
KPN_01005	WP_002898457.1	BN373_16191
KPN_01006	WP_002898458.1	BN373_16201
KPN_01007	WP_004176629.1	BN373_16211
KPN_01010	WP_223364929.1	BN373_16221
KPN_01011	WP_012068532.1	BN373_16241
KPN_01012	WP_012068533.1	BN373_16251
KPN_01013	WP_002898571.1	BN373_16261
KPN_01015	WP_012068535.1	BN373_16281
KPN_01016	WP_004221441.1	BN373_16291
KPN_01017	WP_002898585.1	BN373_16301
KPN_01018	WP_004150832.1	BN373_16311
KPN_01019	WP_002898590.1	BN373_16321
KPN_01020	WP_004221445.1	BN373_16331
KPN_01021	WP_002898595.1	BN373_16341
KPN_01022	WP_004141463.1	BN373_16351
KPN_01024	WP_002898602.1	BN373_16371
KPN_01025	WP_004150831.1	BN373_16381
KPN_01026	WP_004141456.1	BN373_16391
KPN_01027	WP_002898698.1	BN373_16401
KPN_01028	WP_002898701.1	BN373_16411
KPN_01029	WP_032427942.1	BN373_16421
KPN_01030	WP_002898708.1	BN373_16441
KPN_01031	WP_004176613.1	BN373_16451
KPN_01032	WP_012068538.1	BN373_16471
KPN_01033	WP_004176611.1	BN373_16481
KPN_01034	WP_004141442.1	BN373_16491
KPN_01035	WP_004893054.1	BN373_16501
KPN_01036	WP_002898877.1	BN373_16511
KPN_01037	WP_009308386.1	BN373_16521
KPN_01038	WP_004179293.1	BN373_16531
KPN_01039	WP_002898883.1	BN373_16541
KPN_01040	WP_002898886.1	BN373_16551
KPN_01041	WP_041937601.1	BN373_16561
KPN_01042	WP_004147889.1	BN373_16571
KPN_01043	WP_004150827.1	BN373_16581
KPN_01044	WP_002898911.1	BN373_16591
KPN_01045	WP_002898913.1	BN373_16601
KPN_01046	WP_004157740.1	BN373_16611
KPN_01047	WP_004147893.1	BN373_16621
KPN_01050	WP_002898927.1	BN373_16651
KPN_01051	WP_004199757.1	BN373_16661
KPN_01052	WP_004141420.1	BN373_16671
KPN_01053	WP_004224069.1	BN373_16681
KPN_01054	WP_004176596.1	BN373_16691
KPN_01056	WP_012068543.1	BN373_16701
KPN_01057	WP_012068544.1	BN373_16711
KPN_01058	WP_004140758.1	BN373_16721
KPN_01059	WP_002898950.1	BN373_16731
KPN_01060	WP_004176593.1	BN373_16741
KPN_01061	WP_004179313.1	BN373_16751
KPN_01062	WP_002898962.1	BN373_16761
KPN_01063	WP_004183630.1	BN373_16771
KPN_01064	WP_012068545.1	BN373_16781
KPN_01065	WP_002898978.1	BN373_16791
KPN_01066	WP_002898981.1	BN373_16801
KPN_01067	WP_002898984.1	BN373_16811
KPN_01068	WP_004140735.1	BN373_16821
KPN_01069	WP_002898987.1	BN373_16831
KPN_01070	WP_002898988.1	BN373_16841
KPN_01071	WP_012068548.1	BN373_16851
KPN_01072	WP_002898992.1	BN373_16861
KPN_01073	WP_004140729.1	BN373_16871
KPN_01074	WP_004176586.1	BN373_16881
KPN_01075	WP_012068549.1	BN373_16891
KPN_01076	WP_012068550.1	BN373_16901
KPN_01077	WP_002899099.1	BN373_16911
KPN_01078	WP_004176583.1	BN373_16921
KPN_01079	WP_004140718.1	BN373_16931
KPN_01080	WP_002899104.1	BN373_16941
KPN_01081	WP_004176581.1	BN373_16951
KPN_01082	WP_004218670.1	BN373_16961
KPN_01083	WP_041937602.1	BN373_16971
KPN_01084	WP_002899271.1	BN373_16981
KPN_01085	WP_002899273.1	BN373_16991
KPN_01086	WP_002899276.1	BN373_17001
KPN_01087	WP_000290724.1	BN373_17011
KPN_01088	WP_004224085.1	BN373_17021
KPN_01089	WP_002899288.1	BN373_17031
KPN_01090	WP_002899289.1	BN373_17041
KPN_01091	WP_002899294.1	BN373_17051
KPN_01092	WP_000103754.1	BN373_17061
KPN_01093	WP_002900666.1	BN373_17071
KPN_01094	WP_002900669.1	BN373_17081
KPN_01095	WP_041937603.1	BN373_17091
KPN_01096	WP_002900674.1	BN373_17101
KPN_01097	WP_002900676.1	BN373_17111
KPN_01098	WP_015958181.1	BN373_17121
KPN_01099	WP_002900680.1	BN373_17131
KPN_01100	WP_002900681.1	BN373_17141
KPN_01101	WP_002900683.1	BN373_17151
KPN_01102	WP_014342994.1	BN373_17161
KPN_01103	WP_015958182.1	BN373_17171
KPN_01104	WP_004147935.1	BN373_17181
KPN_01105	WP_002900775.1	BN373_17191
KPN_01106	WP_002900778.1	BN373_17201
KPN_01107	WP_002900781.1	BN373_17211
KPN_01108	WP_041937604.1	BN373_17221
KPN_01109	WP_004140640.1	BN373_17231
KPN_01110	WP_004892998.1	BN373_17241
KPN_01111	WP_002900790.1	BN373_17251
KPN_01112	WP_020325001.1	BN373_17261
KPN_01113	WP_004176566.1	BN373_17271
KPN_01114	WP_002900798.1	BN373_17281
KPN_01115	WP_004176565.1	BN373_17291
KPN_01116	WP_015958185.1	BN373_17301
KPN_01117	WP_015958186.1	BN373_17311
KPN_01118	WP_015958187.1	BN373_17321
KPN_01119	WP_004140612.1	BN373_17331
KPN_01120	WP_004211823.1	BN373_17341
KPN_01121	WP_004179336.1	BN373_17351
KPN_01122	WP_015958188.1	BN373_17361
KPN_01123	WP_004140602.1	BN373_17371
KPN_01124	WP_015958189.1	BN373_17381
KPN_01125	WP_004179338.1	BN373_17391
KPN_01126	WP_004147958.1	BN373_17401
KPN_01127	WP_015958190.1	BN373_17411
KPN_01128	WP_015958191.1	BN373_17421
KPN_01129	WP_004140590.1	BN373_17461
KPN_01130	WP_004150813.1	BN373_17471
KPN_01131	WP_004150812.1	BN373_17481
KPN_01132	WP_004150811.1	BN373_17491
KPN_01133	WP_004150810.1	BN373_17501
KPN_01134	WP_004147968.1	BN373_17511
KPN_01135	WP_004147969.1	BN373_17521
KPN_01136	WP_004150807.1	BN373_17531
KPN_01137	WP_015958192.1	BN373_17541
KPN_01138	WP_015958193.1	BN373_17551
KPN_01139	WP_004176557.1	BN373_17561
KPN_01140	WP_004140557.1	BN373_17571
KPN_01141	WP_004150803.1	BN373_17581
KPN_01142	WP_004150802.1	BN373_17591
KPN_01143	WP_004150801.1	BN373_17601
KPN_01144	WP_004150800.1	BN373_17611
KPN_01145	WP_015958195.1	BN373_17681
KPN_01146	WP_004150798.1	BN373_17691
KPN_01147	WP_015958196.1	BN373_17701
KPN_01148	WP_004140529.1	BN373_17731
KPN_01149	WP_004150795.1	BN373_17741
KPN_01150	WP_004148027.1	BN373_17751
KPN_01151	WP_004140514.1	BN373_17761
KPN_01152	WP_004179357.1	BN373_17771
KPN_01153	WP_004140511.1	BN373_17781
KPN_01154	WP_015958197.1	BN373_17791
KPN_01155	WP_004140506.1	BN373_17801
KPN_01157	WP_004150791.1	BN373_17811
KPN_01159	WP_015958199.1	BN373_17821
KPN_01161	WP_004140497.1	BN373_17841
KPN_01162	WP_004150788.1	BN373_17851
KPN_01164	WP_004140494.1	BN373_17871
KPN_01165	WP_004179363.1	BN373_17881
KPN_01167	WP_004148038.1	BN373_17891
KPN_01168	WP_004150783.1	BN373_17901
KPN_01169	WP_004140489.1	BN373_17911
KPN_01172	WP_004176549.1	BN373_17941
KPN_01173	WP_004176548.1	BN373_17951
KPN_01174	WP_014343000.1	BN373_17961
KPN_01175	WP_004176547.1	BN373_17971
KPN_01176	WP_014343001.1	BN373_17991
KPN_01177	WP_004140469.1	BN373_18001
KPN_01178	WP_002901080.1	BN373_18011
KPN_01179	WP_004892876.1	BN373_18021
KPN_01180	WP_014907796.1	BN373_18031
KPN_01181	WP_002901096.1	BN373_18041
KPN_01183	WP_002901192.1	BN373_18051
KPN_01184	WP_004152360.1	BN373_18061
KPN_01185	WP_015958204.1	BN373_18071
KPN_01186	WP_009485415.1	BN373_18081
KPN_01187	WP_009485416.1	BN373_18091
KPN_01189	WP_002901229.1	BN373_18111
KPN_01190	WP_002901230.1	BN373_18121
KPN_01191	WP_004190861.1	BN373_18131
KPN_01192	WP_004152363.1	BN373_18141
KPN_01193	WP_002901234.1	BN373_18151
KPN_01194	WP_015958206.1	BN373_18161
KPN_01195	WP_004176538.1	BN373_18171
KPN_01196	WP_002901240.1	BN373_18181
KPN_01197	WP_002901243.1	BN373_18191
KPN_01198	WP_002901246.1	BN373_18201
KPN_01199	WP_002901249.1	BN373_18211
KPN_01200	WP_002901254.1	BN373_18221
KPN_01201	WP_002901255.1	BN373_18231
KPN_01202	WP_004892853.1	BN373_18241
KPN_01203	WP_015958208.1	BN373_18251
KPN_01204	WP_004176533.1	BN373_18261
KPN_01205	WP_004176531.1	BN373_18271
KPN_01206	WP_002901387.1	BN373_18291
KPN_01207	WP_002901388.1	BN373_18301
KPN_01208	WP_004148065.1	BN373_18311
KPN_01209	WP_004140406.1	BN373_18321
KPN_01210	WP_004176526.1	BN373_18331
KPN_01212	WP_002901398.1	BN373_18351
KPN_01213	WP_015958210.1	BN373_18361
KPN_01214	WP_015958211.1	BN373_18371
KPN_01215	WP_015958212.1	BN373_18381
KPN_01216	WP_015958213.1	BN373_18391
KPN_01217	WP_004176519.1	BN373_18401
KPN_01218	WP_015958214.1	BN373_18411
KPN_01219	WP_004190824.1	BN373_18421
KPN_01220	WP_002901486.1	BN373_18431
KPN_01221	WP_015958215.1	BN373_18441
KPN_01222	WP_015958216.1	BN373_18451
KPN_01223	WP_015958217.1	BN373_18461
KPN_01224	WP_015958218.1	BN373_18471
KPN_01225	WP_015958219.1	BN373_18481
KPN_01226	WP_014907781.1	BN373_18491
KPN_01227	WP_004176514.1	BN373_18501
KPN_01228	WP_004151921.1	BN373_18511
KPN_01229	WP_002901544.1	BN373_18521
KPN_01230	WP_002901547.1	BN373_18531
KPN_01231	WP_004148091.1	BN373_18541
KPN_01232	WP_004140356.1	BN373_18551
KPN_01233	WP_002901552.1	BN373_18561
KPN_01234	WP_004148093.1	BN373_18571
KPN_01235	WP_009486060.1	BN373_18581
KPN_01236	WP_002901554.1	BN373_18591
KPN_01237	WP_008807754.1	BN373_18601
KPN_01238	WP_015958221.1	BN373_18611
KPN_01239	WP_002901611.1	BN373_18621
KPN_01240	WP_004176511.1	BN373_18631
KPN_01241	WP_004209895.1	BN373_18641
KPN_01242	WP_015958222.1	BN373_18651
KPN_01243	WP_002901629.1	BN373_18661
KPN_01244	WP_015958223.1	BN373_18671
KPN_01245	WP_002901631.1	BN373_18681
KPN_01246	WP_015958224.1	BN373_18691
KPN_01247	WP_002901633.1	BN373_18701
KPN_01248	WP_002901634.1	BN373_18711
KPN_01249	WP_004140326.1	BN373_18721
KPN_01250	WP_004210760.1	BN373_18731
KPN_01251	WP_015958226.1	BN373_18761
KPN_01252	WP_015958227.1	BN373_18781
KPN_01253	WP_002901728.1	BN373_18791
KPN_01254	WP_002901730.1	BN373_18801
KPN_01255	WP_009484642.1	BN373_18811
KPN_01256	WP_004148109.1	BN373_18821
KPN_01257	WP_004176488.1	BN373_18831
KPN_01258	WP_002901735.1	BN373_18841
KPN_01259	WP_002901738.1	BN373_18851
KPN_01260	WP_015958229.1	BN373_18871
KPN_01265	WP_002901746.1	BN373_18881
KPN_01266	WP_002901749.1	BN373_18891
KPN_01267	WP_004196459.1	BN373_18901
KPN_01268	WP_029602469.1	BN373_18921
KPN_01269	WP_002901761.1	BN373_18931
KPN_01270	WP_002901763.1	BN373_18951
KPN_01271	WP_002901772.1	BN373_18961
KPN_01272	WP_015958231.1	BN373_18981
KPN_01273	WP_002901778.1	BN373_18991
KPN_01274	WP_002901779.1	BN373_19001
KPN_01275	WP_002901780.1	BN373_19011
KPN_01276	WP_004140292.1	BN373_19021
KPN_01277	WP_004151907.1	BN373_19031
KPN_01278	WP_004190739.1	BN373_19041
KPN_01280	WP_002901785.1	BN373_19061
KPN_01281	WP_002901786.1	BN373_19071
KPN_01282	WP_002901787.1	BN373_19081
KPN_01283	WP_015958232.1	BN373_19091
KPN_01284	WP_004140277.1	BN373_19101
KPN_01285	WP_004152967.1	BN373_19111
KPN_01286	WP_004151902.1	BN373_19121
KPN_01287	WP_004140269.1	BN373_19131
KPN_01288	WP_004140266.1	BN373_19141
KPN_01289	WP_004151901.1	BN373_19151
KPN_01290	WP_002901816.1	BN373_19161
KPN_01291	WP_002901817.1	BN373_19171
KPN_01292	WP_041937608.1	BN373_19191
KPN_01293	WP_015958234.1	BN373_19201
KPN_01294	WP_002901900.1	BN373_19211
KPN_01295	WP_015958235.1	BN373_19221
KPN_01296	WP_004148137.1	BN373_19231
KPN_01297	WP_002901908.1	BN373_19241
KPN_01298	WP_002901911.1	BN373_19251
KPN_01299	WP_002901913.1	BN373_19261
KPN_01300	WP_002901915.1	BN373_19271
KPN_01301	WP_002901917.1	BN373_19281
KPN_01302	WP_004140239.1	BN373_19291
KPN_01303	WP_223174956.1	BN373_19301
KPN_01304	WP_015958236.1	BN373_19311
KPN_01305	WP_002901979.1	BN373_19321
KPN_01306	WP_004176450.1	BN373_19331
KPN_01308	WP_015958237.1	BN373_19351
KPN_01309	WP_004152134.1	BN373_19361
KPN_01310	WP_004176446.1	BN373_19371
KPN_01313	WP_004224315.1	BN373_19391
KPN_01314	WP_015958238.1	BN373_19411
KPN_01315	WP_032411383.1	BN373_19421
KPN_01318	WP_004176438.1	BN373_19441
KPN_01320	WP_015958241.1	BN373_19461
KPN_01321	WP_004190556.1	BN373_19481
KPN_01322	WP_004176434.1	BN373_19491
KPN_01323	WP_004190552.1	BN373_19501
KPN_01324	WP_015958243.1	BN373_19511
KPN_01325	WP_004176431.1	BN373_19521
KPN_01326	WP_015958244.1	BN373_19531
KPN_01327	WP_002902160.1	BN373_19541
KPN_01329	WP_015958246.1	BN373_19561
KPN_01342	WP_077250640.1	BN373_19641
KPN_01343	WP_015958257.1	BN373_19651
KPN_01346	WP_015958259.1	BN373_p00011
KPN_01347	WP_004892596.1	BN373_19661
KPN_01349	WP_009309032.1	BN373_19691
KPN_01350	WP_015958262.1	BN373_19701
KPN_01351	WP_015958263.1	BN373_19711
KPN_01352	WP_004151596.1	BN373_19721
KPN_01353	WP_004151595.1	BN373_19731
KPN_01354	WP_002902287.1	BN373_19751
KPN_01355	WP_004190483.1	BN373_19761
KPN_01356	WP_015958264.1	BN373_19771
KPN_01357	WP_020324664.1	BN373_19781
KPN_01358	WP_015958266.1	BN373_19791
KPN_01359	WP_015958267.1	BN373_19801
KPN_01360	WP_015958268.1	BN373_19811
KPN_01361	WP_015958269.1	BN373_19821
KPN_01362	WP_002902393.1	BN373_19831
KPN_01363	WP_041937612.1	BN373_19841
KPN_01364	WP_002902397.1	BN373_19851
KPN_01365	WP_041937613.1	BN373_19861
KPN_01366	WP_004176405.1	BN373_19871
KPN_01367	WP_002902405.1	BN373_19881
KPN_01368	WP_015958272.1	BN373_19891
KPN_01369	WP_002902411.1	BN373_19901
KPN_01370	WP_004176404.1	BN373_19911
KPN_01371	WP_020803981.1	BN373_19921
KPN_01372	WP_020316476.1	BN373_19931
KPN_01373	WP_004148192.1	BN373_19941
KPN_01374	WP_015958274.1	BN373_19951
KPN_01375	WP_004179591.1	BN373_19961
KPN_01389	WP_015958286.1	BN373_33871
KPN_01392	WP_015958289.1	BN373_33881
KPN_01404	WP_015958299.1	BN373_33731
KPN_01405	WP_012967893.1	BN373_33721
KPN_01430	WP_015958317.1	BN373_33471
KPN_01431	WP_015958318.1	BN373_33461
KPN_01444	WP_023316785.1	BN373_19971
KPN_01445	WP_002902433.1	BN373_19991
KPN_01446	WP_015958331.1	BN373_20001
KPN_01447	WP_004140155.1	BN373_20011
KPN_01448	WP_002902513.1	BN373_20021
KPN_01449	WP_002902515.1	BN373_20031
KPN_01450	WP_002902516.1	BN373_20041
KPN_01451	WP_004224451.1	BN373_20051
KPN_01452	WP_004140145.1	BN373_20061
KPN_01453	WP_009309011.1	BN373_20071
KPN_01454	WP_004140140.1	BN373_20081
KPN_01455	WP_004140136.1	BN373_20091
KPN_01456	WP_009309007.1	BN373_20101
KPN_01457	WP_041937626.1	BN373_20111
KPN_01458	WP_015958334.1	BN373_20121
KPN_01459	WP_015958335.1	BN373_20131
KPN_01460	WP_004190429.1	BN373_20141
KPN_01461	WP_004190428.1	BN373_20151
KPN_01462	WP_004190425.1	BN373_20161
KPN_01463	WP_004190423.1	BN373_20171
KPN_01464	WP_370693969.1	BN373_20191
KPN_01465	WP_004224479.1	BN373_20201
KPN_01466	WP_004173216.1	BN373_20211
KPN_01467	WP_002902695.1	BN373_20221
KPN_01468	WP_015958337.1	BN373_20231
KPN_01469	WP_002902764.1	BN373_20241
KPN_01470	WP_004176376.1	BN373_20251
KPN_01471	WP_015958338.1	BN373_20261
KPN_01472	WP_015958339.1	BN373_20271
KPN_01473	WP_015958340.1	BN373_20281
KPN_01474	WP_009760646.1	BN373_20291
KPN_01475	WP_015958341.1	BN373_20301
KPN_01476	WP_015958342.1	BN373_20311
KPN_01477	WP_002902876.1	BN373_20321
KPN_01478	WP_015958343.1	BN373_20331
KPN_01479	WP_004148224.1	BN373_20341
KPN_01480	WP_004198177.1	BN373_20351
KPN_01481	WP_002902883.1	BN373_20361
KPN_01482	WP_024940864.1	BN373_20371
KPN_01483	WP_002902889.1	BN373_20381
KPN_01484	WP_015958344.1	BN373_20391
KPN_01485	WP_004151576.1	BN373_20401
KPN_01486	WP_004190382.1	BN373_20411
KPN_01487	WP_015958345.1	BN373_20421
KPN_01489	WP_002902969.1	BN373_20441
KPN_01490	WP_009308991.1	BN373_20451
KPN_01491	WP_041937627.1	BN373_20461
KPN_01492	WP_004151574.1	BN373_20471
KPN_01493	WP_004176366.1	BN373_20491
KPN_01494	WP_004140076.1	BN373_20501
KPN_01496	WP_015958348.1	BN373_20521
KPN_01497	WP_004176358.1	BN373_20531
KPN_01498	WP_002903059.1	BN373_20541
KPN_01499	WP_015958350.1	BN373_20551
KPN_01500	WP_015958351.1	BN373_20561
KPN_01501	WP_041937628.1	BN373_20571
KPN_01502	WP_002903227.1	BN373_20581
KPN_01503	WP_002903230.1	BN373_20591
KPN_01504	WP_004224558.1	BN373_20601
KPN_01505	WP_002903233.1	BN373_20611
KPN_01506	WP_015958353.1	BN373_20621
KPN_01507	WP_004179665.1	BN373_20631
KPN_01508	WP_004179667.1	BN373_20641
KPN_01509	WP_004151566.1	BN373_20651
KPN_01510	WP_004179669.1	BN373_20661
KPN_01511	WP_015958354.1	BN373_20671
KPN_01512	WP_002903245.1	BN373_20681
KPN_01513	WP_004148253.1	BN373_20691
KPN_01514	WP_004210343.1	BN373_20701
KPN_01515	WP_002903312.1	BN373_20711
KPN_01516	WP_004179678.1	BN373_20721
KPN_01517	WP_002903315.1	BN373_20731
KPN_01518	WP_015958355.1	BN373_20741
KPN_01519	WP_004140030.1	BN373_20751
KPN_01520	WP_002903374.1	BN373_20761
KPN_01521	WP_002903377.1	BN373_20771
KPN_01522	WP_002903379.1	BN373_20781
KPN_01523	WP_004176334.1	BN373_20791
KPN_01524	WP_004183892.1	BN373_20801
KPN_01525	WP_002903384.1	BN373_20811
KPN_01526	WP_004148265.1	BN373_20821
KPN_01527	WP_002903386.1	BN373_20831
KPN_01528	WP_002903388.1	BN373_20841
KPN_01529	WP_002903391.1	BN373_20851
KPN_01531	WP_032434465.1	BN373_20871
KPN_01532	WP_014907663.1	BN373_20891
KPN_01533	WP_004176321.1	BN373_20901
KPN_01534	WP_015958358.1	BN373_20911
KPN_01535	WP_004148273.1	BN373_20921
KPN_01536	WP_004143055.1	BN373_20931
KPN_01537	WP_004151560.1	BN373_20941
KPN_01538	WP_002903522.1	BN373_20951
KPN_01539	WP_004151559.1	BN373_20961
KPN_01540	WP_004179693.1	BN373_20971
KPN_01541	WP_015958359.1	BN373_20981
KPN_01542	WP_015958360.1	BN373_20991
KPN_01543	WP_004143067.1	BN373_21001
KPN_01546	WP_004152246.1	BN373_21021
KPN_01547	WP_004148278.1	BN373_21031
KPN_01548	WP_015958362.1	BN373_21041
KPN_01549	WP_004143085.1	BN373_21051
KPN_01550	WP_004176303.1	BN373_21061
KPN_01551	WP_004183910.1	BN373_21071
KPN_01552	WP_004176301.1	BN373_21081
KPN_01553	WP_004179719.1	BN373_21091
KPN_01554	WP_076750587.1	BN373_21101
KPN_01557	WP_015958366.1	BN373_21111
KPN_01558	WP_015874762.1	BN373_21121
KPN_01559	WP_015958367.1	BN373_21131
KPN_01560	WP_015958368.1	BN373_21151
KPN_01561	WP_015958369.1	BN373_21161
KPN_01562	WP_015958370.1	BN373_21181
KPN_01563	WP_004190296.1	BN373_21191
KPN_01565	WP_002903681.1	BN373_21211
KPN_01566	WP_002903683.1	BN373_21221
KPN_01567	WP_002903687.1	BN373_21241
KPN_01572	WP_004176293.1	BN373_21291
KPN_01573	WP_002903700.1	BN373_21301
KPN_01574	WP_002903701.1	BN373_21311
KPN_01575	WP_002903703.1	BN373_21321
KPN_01576	WP_004148305.1	BN373_21331
KPN_01577	WP_004179727.1	BN373_21341
KPN_01578	WP_002903710.1	BN373_21351
KPN_01579	WP_015958372.1	BN373_21361
KPN_01580	WP_015958373.1	BN373_21371
KPN_01581	WP_015958374.1	BN373_21381
KPN_01582	WP_004183934.1	BN373_21391
KPN_01583	WP_002903719.1	BN373_21401
KPN_01584	WP_002903720.1	BN373_21411
KPN_01585	WP_004219442.1	BN373_21421
KPN_01586	WP_009485289.1	BN373_21431
KPN_01587	WP_015958376.1	BN373_21441
KPN_01588	WP_004176285.1	BN373_21451
KPN_01589	WP_002903730.1	BN373_21461
KPN_01590	WP_002903733.1	BN373_21471
KPN_01591	WP_009485287.1	BN373_21481
KPN_01592	WP_004179737.1	BN373_21491
KPN_01595	WP_023287613.1	BN373_21521
KPN_01596	WP_015958379.1	BN373_21541
KPN_01597	WP_002903810.1	BN373_21551
KPN_01598	WP_004143607.1	BN373_21561
KPN_01599	WP_002903816.1	BN373_21571
KPN_01600	WP_020316502.1	BN373_21581
KPN_01601	WP_015958380.1	BN373_21591
KPN_01602	WP_004183945.1	BN373_21611
KPN_01603	WP_002210516.1	BN373_21631
KPN_01604	WP_009485280.1	BN373_21651
KPN_01605	WP_002903955.1	BN373_21671
KPN_01606	WP_002210513.1	BN373_21691
KPN_01607	WP_004176269.1	BN373_21711
KPN_01608	WP_004176262.1	BN373_21731
KPN_01609	WP_004176258.1	BN373_21761
KPN_01610	WP_015958381.1	BN373_21771
KPN_01611	WP_004176254.1	BN373_21781
KPN_01613	WP_004205985.1	BN373_21801
KPN_01614	WP_004176251.1	BN373_21811
KPN_01615	WP_004148338.1	BN373_21831
KPN_01616	WP_023282557.1	BN373_21841
KPN_01617	WP_015958384.1	BN373_21851
KPN_01618	WP_004176247.1	BN373_21861
KPN_01619	WP_004148342.1	BN373_21871
KPN_01621	WP_023313140.1	BN373_21901
KPN_01622	WP_004143566.1	BN373_21911
KPN_01623	WP_002904394.1	BN373_21921
KPN_01624	WP_002904397.1	BN373_21931
KPN_01625	WP_004143563.1	BN373_21941
KPN_01627	WP_002904403.1	BN373_21961
KPN_01628	WP_002904407.1	BN373_21971
KPN_01629	WP_015958387.1	BN373_21981
KPN_01632	WP_002904491.1	BN373_22081
KPN_01633	WP_002904493.1	BN373_22091
KPN_01634	WP_002904495.1	BN373_22101
KPN_01635	WP_015958390.1	BN373_22111
KPN_01636	WP_004143533.1	BN373_22121
KPN_01637	WP_002904598.1	BN373_22131
KPN_01638	WP_004148352.1	BN373_22141
KPN_01639	WP_009308905.1	BN373_22151
KPN_01640	WP_015958391.1	BN373_22161
KPN_01644	WP_015958394.1	BN373_22221
KPN_01645	WP_015958395.1	BN373_22231
KPN_01646	WP_019705656.1	BN373_22241
KPN_01647	WP_002904624.1	BN373_22251
KPN_01648	WP_004179791.1	BN373_22261
KPN_01649	WP_021462571.1	BN373_22271
KPN_01650	WP_004199842.1	BN373_22281
KPN_01651	WP_014907620.1	BN373_22291
KPN_01652	WP_004217626.1	BN373_22311
KPN_01653	WP_004176216.1	BN373_22321
KPN_01654	WP_002904638.1	BN373_22331
KPN_01655	WP_004176215.1	BN373_22341
KPN_01656	WP_002904643.1	BN373_22351
KPN_01657	WP_015958398.1	BN373_22361
KPN_01658	WP_004176214.1	BN373_22371
KPN_01659	WP_004184016.1	BN373_22381
KPN_01660	WP_015958399.1	BN373_22391
KPN_01661	WP_023287632.1	BN373_22401
KPN_01662	WP_002904781.1	BN373_22421
KPN_01663	WP_002904783.1	BN373_22431
KPN_01664	WP_004176204.1	BN373_22441
KPN_01665	WP_015958401.1	BN373_22451
KPN_01666	WP_002904788.1	BN373_22461
KPN_01667	WP_002904790.1	BN373_22471
KPN_01668	WP_004176197.1	BN373_22481
KPN_01669	WP_015958402.1	BN373_22491
KPN_01670	WP_009485243.1	BN373_22501
KPN_01671	WP_015958403.1	BN373_22511
KPN_01672	WP_015958404.1	BN373_22521
KPN_01673	WP_004143457.1	BN373_22531
KPN_01674	WP_015958405.1	BN373_22551
KPN_01675	WP_002904808.1	BN373_22561
KPN_01677	WP_004143447.1	BN373_22571
KPN_01678	WP_019704284.1	BN373_22581
KPN_01680	WP_002904819.1	BN373_22611
KPN_01681	WP_004143440.1	BN373_22621
KPN_01682	WP_004143438.1	BN373_22631
KPN_01683	WP_004184044.1	BN373_22641
KPN_01684	WP_002904825.1	BN373_22651
KPN_01685	WP_002904829.1	BN373_22671
KPN_01687	WP_032434538.1	BN373_22681
KPN_01688	WP_002904834.1	BN373_22701
KPN_01689	WP_015958409.1	BN373_22711
KPN_01690	WP_074195474.1	BN373_22721
KPN_01691	WP_015958411.1	BN373_22731
KPN_01692	WP_004143425.1	BN373_22741
KPN_01693	WP_004179834.1	BN373_22751
KPN_01694	WP_015958412.1	BN373_22761
KPN_01695	WP_015958413.1	BN373_22771
KPN_01696	WP_015958414.1	BN373_22781
KPN_01716	WP_004891956.1	BN373_22921
KPN_01717	WP_015958419.1	BN373_22931
KPN_01718	WP_002904893.1	BN373_22941
KPN_01720	WP_004176166.1	BN373_22951
KPN_01721	WP_002904899.1	BN373_22961
KPN_01722	WP_004176164.1	BN373_22971
KPN_01723	WP_023341562.1	BN373_22981
KPN_01724	WP_004184088.1	BN373_22991
KPN_01725	WP_002904908.1	BN373_23001
KPN_01727	WP_002904912.1	BN373_23021
KPN_01728	WP_004176161.1	BN373_23031
KPN_01729	WP_004179897.1	BN373_23041
KPN_01730	WP_004176159.1	BN373_23051
KPN_01731	WP_004176158.1	BN373_23061
KPN_01732	WP_004198552.1	BN373_23071
KPN_01733	WP_162467041.1	BN373_23081
KPN_01734	WP_004176149.1	BN373_23091
KPN_01735	WP_004199916.1	BN373_23111
KPN_01736	WP_072198141.1	BN373_23121
KPN_01738	WP_015958428.1	BN373_23141
KPN_01739	WP_015958429.1	BN373_23151
KPN_01740	WP_004190051.1	BN373_23161
KPN_01741	WP_004176140.1	BN373_23171
KPN_01742	WP_004176139.1	BN373_23181
KPN_01743	WP_002905131.1	BN373_23191
KPN_01744	WP_004179925.1	BN373_23201
KPN_01745	WP_004176135.1	BN373_23211
KPN_01746	WP_004176134.1	BN373_23221
KPN_01747	WP_004224879.1	BN373_23231
KPN_01748	WP_004151868.1	BN373_23241
KPN_01750	WP_015958431.1	BN373_23251
KPN_01751	WP_074187135.1	BN373_23261
KPN_01752	WP_004176128.1	BN373_23271
KPN_01753	WP_002905218.1	BN373_23281
KPN_01754	WP_004151870.1	BN373_23291
KPN_01755	WP_002905221.1	BN373_23301
KPN_01756	WP_015958433.1	BN373_23311
KPN_01757	WP_002905225.1	BN373_23321
KPN_01758	WP_004179939.1	BN373_23331
KPN_01759	WP_004218747.1	BN373_23341
KPN_01760	WP_002905232.1	BN373_23351
KPN_01761	WP_015958434.1	BN373_23361
KPN_01762	WP_004179945.1	BN373_23371
KPN_01763	WP_004143660.1	BN373_23381
KPN_01764	WP_004176118.1	BN373_23391
KPN_01765	WP_004176117.1	BN373_23401
KPN_01766	WP_004143665.1	BN373_23411
KPN_01767	WP_004176115.1	BN373_23421
KPN_01768	WP_015958435.1	BN373_23431
KPN_01769	WP_004176113.1	BN373_23441
KPN_01770	WP_004190009.1	BN373_23451
KPN_01771	WP_002905421.1	BN373_23461
KPN_01772	WP_004212128.1	BN373_23471
KPN_01773	WP_015958436.1	BN373_23481
KPN_01774	WP_015958437.1	BN373_23491
KPN_01775	WP_015958438.1	BN373_23501
KPN_01776	WP_015958439.1	BN373_23511
KPN_01777	WP_015958440.1	BN373_23521
KPN_01778	WP_074187136.1	BN373_23531
KPN_01780	WP_041937719.1	BN373_23551
KPN_01781	WP_015958443.1	BN373_23561
KPN_01785	WP_004224943.1	BN373_23591
KPN_01786	WP_015958446.1	BN373_23601
KPN_01787	WP_015958447.1	BN373_23611
KPN_01789	WP_015958448.1	BN373_23631
KPN_01790	WP_004176095.1	BN373_23641
KPN_01791	WP_004184146.1	BN373_23651
KPN_01792	WP_015958449.1	BN373_23661
KPN_01793	WP_041937634.1	BN373_23671
KPN_01795	WP_015958452.1	BN373_23701
KPN_01796	WP_016946782.1	BN373_23711
KPN_01797	WP_015958454.1	BN373_23721
KPN_01798	WP_015958455.1	BN373_23731
KPN_01799	WP_015958456.1	BN373_23751
KPN_01800	WP_004180001.1	BN373_23761
KPN_01801	WP_004180004.1	BN373_23771
KPN_01802	WP_002905540.1	BN373_23791
KPN_01803	WP_004217942.1	BN373_23801
KPN_01804	WP_015958457.1	BN373_23811
KPN_01805	WP_004184155.1	BN373_23841
KPN_01806	WP_004212073.1	BN373_23851
KPN_01807	WP_004180014.1	BN373_23861
KPN_01808	WP_004180015.1	BN373_23871
KPN_01809	WP_015958459.1	BN373_23881
KPN_01810	WP_004143684.1	BN373_23901
KPN_01811	WP_015958460.1	BN373_23911
KPN_01812	WP_015958461.1	BN373_23931
KPN_01813	WP_015958462.1	BN373_23941
KPN_01814	WP_002905758.1	BN373_23951
KPN_01815	WP_002905759.1	BN373_23961
KPN_01819	WP_004176050.1	BN373_23981
KPN_01821	WP_002906011.1	BN373_24001
KPN_01822	WP_004143698.1	BN373_24011
KPN_01823	WP_015958466.1	BN373_24021
KPN_01824	WP_002906016.1	BN373_24031
KPN_01825	WP_015958467.1	BN373_24041
KPN_01826	WP_004148478.1	BN373_24051
KPN_01827	WP_020803491.1	BN373_24061
KPN_01828	WP_004143707.1	BN373_24071
KPN_01829	WP_004184165.1	BN373_24081
KPN_01830	WP_004176040.1	BN373_24091
KPN_01831	WP_002906030.1	BN373_24101
KPN_01833	WP_002906035.1	BN373_24121
KPN_01834	WP_015958469.1	BN373_24131
KPN_01835	WP_004148482.1	BN373_24141
KPN_01837	WP_004151245.1	BN373_24161
KPN_01838	WP_004184169.1	BN373_24171
KPN_01839	WP_004891697.1	BN373_24181
KPN_01840	WP_004151243.1	BN373_24191
KPN_01841	WP_004143718.1	BN373_24221
KPN_01842	WP_004151242.1	BN373_24231
KPN_01843	WP_004180069.1	BN373_24241
KPN_01844	WP_004184171.1	BN373_24251
KPN_01845	WP_004189881.1	BN373_24261
KPN_01846	WP_004143727.1	BN373_24271
KPN_01847	WP_002906125.1	BN373_24281
KPN_01849	WP_004200032.1	BN373_24291
KPN_01850	WP_015958472.1	BN373_24301
KPN_01851	WP_015958473.1	BN373_24311
KPN_01852	WP_015958474.1	BN373_24321
KPN_01853	WP_002906221.1	BN373_24331
KPN_01854	WP_002906226.1	BN373_24341
KPN_01855	WP_002906228.1	BN373_24351
KPN_01856	WP_015958475.1	BN373_24361
KPN_01857	WP_015958476.1	BN373_24371
KPN_01858	WP_004176005.1	BN373_24381
KPN_01859	WP_015874843.1	BN373_24391
KPN_01860	WP_002906449.1	BN373_24401
KPN_01861	WP_015958477.1	BN373_24411
KPN_01862	WP_004180084.1	BN373_24421
KPN_01863	WP_014343108.1	BN373_24431
KPN_01865	WP_002906457.1	BN373_24451
KPN_01866	WP_004143747.1	BN373_24461
KPN_01868	WP_002906464.1	BN373_24491
KPN_01869	WP_004143751.1	BN373_24501
KPN_01870	WP_015958480.1	BN373_24511
KPN_01871	WP_004180096.1	BN373_24521
KPN_01872	WP_015958481.1	BN373_24531
KPN_01873	WP_004175986.1	BN373_24541
KPN_01874	WP_002906471.1	BN373_24551
KPN_01875	WP_072143290.1	BN373_24561
KPN_01876	WP_014343110.1	BN373_24571
KPN_01877	WP_004175980.1	BN373_24581
KPN_01878	WP_004888643.1	BN373_24591
KPN_01879	WP_023283774.1	BN373_24601
KPN_01880	WP_015958484.1	BN373_24611
KPN_01881	WP_015958485.1	BN373_24621
KPN_01882	WP_002906547.1	BN373_24631
KPN_01883	WP_004180107.1	BN373_24641
KPN_01884	WP_002906551.1	BN373_24651
KPN_01885	WP_041937637.1	BN373_24661
KPN_01886	WP_004189830.1	BN373_24671
KPN_01887	WP_015958487.1	BN373_24681
KPN_01888	WP_004151228.1	BN373_24691
KPN_01895	WP_004175957.1	BN373_24701
KPN_01896	WP_004175955.1	BN373_24711
KPN_01897	WP_162467042.1	BN373_24721
KPN_01898	WP_002906697.1	BN373_24731
KPN_01899	WP_002906700.1	BN373_24741
KPN_01900	WP_004180127.1	BN373_24751
KPN_01902	WP_015958491.1	BN373_24781
KPN_01903	WP_004151219.1	BN373_24791
KPN_01904	WP_004180132.1	BN373_24801
KPN_01905	WP_015958492.1	BN373_24811
KPN_01906	WP_002906778.1	BN373_24821
KPN_01907	WP_002906779.1	BN373_24831
KPN_01908	WP_002906780.1	BN373_24841
KPN_01909	WP_015958494.1	BN373_24851
KPN_01910	WP_015958495.1	BN373_24861
KPN_01911	WP_015958496.1	BN373_24871
KPN_01912	WP_015958497.1	BN373_24881
KPN_01913	WP_015958498.1	BN373_24891
KPN_01914	WP_002906794.1	BN373_24901
KPN_01915	WP_002906796.1	BN373_24911
KPN_01916	WP_004180135.1	BN373_24921
KPN_01917	WP_004180136.1	BN373_24931
KPN_01918	WP_002906804.1	BN373_24941
KPN_01919	WP_015958499.1	BN373_24951
KPN_01920	WP_015958500.1	BN373_24961
KPN_01921	WP_002906888.1	BN373_24971
KPN_01922	WP_015958502.1	BN373_24991
KPN_01924	WP_004151216.1	BN373_25021
KPN_01925	WP_015958503.1	BN373_25031
KPN_01926	WP_004189770.1	BN373_25041
KPN_01927	WP_004184243.1	BN373_25051
KPN_01928	WP_002907384.1	BN373_25061
KPN_01929	WP_004180141.1	BN373_25071
KPN_01930	WP_004151214.1	BN373_25091
KPN_01931	WP_014907503.1	BN373_25101
KPN_01932	WP_004180143.1	BN373_25111
KPN_01934	WP_002907469.1	BN373_25151
KPN_01935	WP_002907473.1	BN373_25161
KPN_01936	WP_015958506.1	BN373_25171
KPN_01938	WP_004175913.1	BN373_25191
KPN_01939	WP_004184252.1	BN373_25201
KPN_01940	WP_015958508.1	BN373_25211
KPN_01941	WP_015958509.1	BN373_25221
KPN_01942	WP_015958510.1	BN373_25231
KPN_01943	WP_015958511.1	BN373_25241
KPN_01944	WP_002907489.1	BN373_25251
KPN_01945	WP_015958513.1	BN373_25261
KPN_01946	WP_015958514.1	BN373_25271
KPN_01947	WP_002907549.1	BN373_25281
KPN_01948	WP_015958515.1	BN373_25291
KPN_01949	WP_015958516.1	BN373_25301
KPN_01950	WP_004143800.1	BN373_25311
KPN_01952	WP_004143804.1	BN373_25331
KPN_01953	WP_002907563.1	BN373_25341
KPN_01954	WP_002907640.1	BN373_25351
KPN_01956	WP_004180158.1	BN373_25381
KPN_01957	WP_014343130.1	BN373_25391
KPN_01958	WP_004151209.1	BN373_25401
KPN_01959	WP_002907650.1	BN373_25411
KPN_01960	WP_004227851.1	BN373_25421
KPN_01961	WP_004180160.1	BN373_25431
KPN_01962	WP_002907652.1	BN373_25441
KPN_01963	WP_015958518.1	BN373_25451
KPN_01964	WP_002907658.1	BN373_25461
KPN_01965	WP_004143816.1	BN373_25471
KPN_01966	WP_015958519.1	BN373_25481
KPN_01967	WP_002907730.1	BN373_25491
KPN_01968	WP_002907731.1	BN373_25501
KPN_01969	WP_015958520.1	BN373_25511
KPN_01970	WP_002907734.1	BN373_25521
KPN_01972	WP_041937639.1	BN373_25531
KPN_01973	WP_002907736.1	BN373_25541
KPN_01974	WP_002907739.1	BN373_25551
KPN_01975	WP_002907740.1	BN373_25561
KPN_01976	WP_002907742.1	BN373_25571
KPN_01977	WP_002907744.1	BN373_25581
KPN_01978	WP_004143831.1	BN373_25591
KPN_01979	WP_002907749.1	BN373_25601
KPN_01980	WP_004151205.1	BN373_25611
KPN_01981	WP_004143833.1	BN373_25621
KPN_01982	WP_004143834.1	BN373_25631
KPN_01983	WP_004143835.1	BN373_25641
KPN_01984	WP_015958526.1	BN373_25651
KPN_01985	WP_004184268.1	BN373_25661
KPN_01986	WP_002907760.1	BN373_25671
KPN_01987	WP_004189722.1	BN373_25681
KPN_01988	WP_009486422.1	BN373_25691
KPN_01989	WP_002907763.1	BN373_25701
KPN_01990	WP_002907764.1	BN373_25711
KPN_01991	WP_002907766.1	BN373_25721
KPN_01992	WP_002907768.1	BN373_25731
KPN_01993	WP_004151204.1	BN373_25741
KPN_01994	WP_015958527.1	BN373_25761
KPN_01995	WP_002907773.1	BN373_25771
KPN_01996	WP_002907778.1	BN373_25791
KPN_01997	WP_015958528.1	BN373_25801
KPN_01998	WP_002907785.1	BN373_25811
KPN_01999	WP_002907788.1	BN373_25821
KPN_02000	WP_002907792.1	BN373_25831
KPN_02001	WP_004148609.1	BN373_25841
KPN_02004	WP_004175848.1	BN373_25861
KPN_02008	WP_032420291.1	BN373_25881
KPN_02009	WP_009486407.1	BN373_25891
KPN_02010	WP_002907799.1	BN373_25901
KPN_02012	WP_004210116.1	BN373_25951
KPN_02013	WP_004210114.1	BN373_25961
KPN_02014	WP_002907811.1	BN373_25981
KPN_02015	WP_002907812.1	BN373_25991
KPN_02016	WP_041937640.1	BN373_26001
KPN_02017	WP_004175834.1	BN373_26011
KPN_02018	WP_009486400.1	BN373_26021
KPN_02019	WP_040238101.1	BN373_26031
KPN_02020	WP_004175825.1	BN373_26041
KPN_02021	WP_072159829.1	BN373_26051
KPN_02022	WP_004151192.1	BN373_26061
KPN_02023	WP_015958537.1	BN373_26071
KPN_02024	WP_002907918.1	BN373_26091
KPN_02025	WP_004175817.1	BN373_26101
KPN_02026	WP_041937641.1	BN373_26121
KPN_02027	WP_004210091.1	BN373_26131
KPN_02030	WP_001554382.1	BN373_45621
KPN_02031	WP_072198902.1	BN373_26191
KPN_02032	WP_004210086.1	BN373_26201
KPN_02033	WP_004180237.1	BN373_26211
KPN_02034	WP_002908057.1	BN373_26221
KPN_02035	WP_009486386.1	BN373_26241
KPN_02036	WP_015958544.1	BN373_26251
KPN_02037	WP_002908128.1	BN373_26261
KPN_02038	WP_015958545.1	BN373_26271
KPN_02039	WP_004184312.1	BN373_26281
KPN_02040	WP_004189603.1	BN373_26291
KPN_02041	WP_002908134.1	BN373_26301
KPN_02042	WP_015958546.1	BN373_26311
KPN_02046	WP_015958550.1	BN373_26321
KPN_02047	WP_004189593.1	BN373_26331
KPN_02048	WP_024264441.1	BN373_26341
KPN_02049	WP_004175772.1	BN373_26351
KPN_02050	WP_004151183.1	BN373_26381
KPN_02052	WP_004189584.1	BN373_26401
KPN_02053	WP_015958552.1	BN373_26411
KPN_02054	WP_015958553.1	BN373_26421
KPN_02055	WP_015958554.1	BN373_26431
KPN_02056	WP_015958555.1	BN373_26441
KPN_02057	WP_004189574.1	BN373_26461
KPN_02058	WP_004145376.1	BN373_26471
KPN_02059	WP_002908205.1	BN373_26481
KPN_02060	WP_015958557.1	BN373_26491
KPN_02061	WP_015958558.1	BN373_26501
KPN_02062	WP_004145379.1	BN373_26511
KPN_02064	WP_015958559.1	BN373_26531
KPN_02066	WP_004151175.1	BN373_26551
KPN_02067	WP_015958561.1	BN373_26561
KPN_02069	WP_015958562.1	BN373_26581
KPN_02073	WP_015958565.1	BN373_26591
KPN_02075	WP_004189556.1	BN373_26601
KPN_02076	WP_015958566.1	BN373_26611
KPN_02077	WP_004143391.1	BN373_26621
KPN_02078	WP_004143390.1	BN373_26631
KPN_02079	WP_002908223.1	BN373_26641
KPN_02080	WP_004891310.1	BN373_26651
KPN_02081	WP_004151165.1	BN373_26661
KPN_02082	WP_004217197.1	BN373_26671
KPN_02083	WP_004189551.1	BN373_26681
KPN_02084	WP_004175724.1	BN373_26691
KPN_02085	WP_015958567.1	BN373_26701
KPN_02086	WP_015958568.1	BN373_26711
KPN_02087	WP_002908294.1	BN373_26721
KPN_02088	WP_004148645.1	BN373_26731
KPN_02089	WP_004148647.1	BN373_26741
KPN_02090	WP_015958569.1	BN373_26751
KPN_02091	WP_004148649.1	BN373_26761
KPN_02092	WP_015958570.1	BN373_26771
KPN_02093	WP_004180313.1	BN373_26781
KPN_02094	WP_002908368.1	BN373_26791
KPN_02095	WP_002908370.1	BN373_26801
KPN_02096	WP_004151162.1	BN373_26811
KPN_02097	WP_004189541.1	BN373_26821
KPN_02098	WP_004151161.1	BN373_26831
KPN_02099	WP_004898768.1	BN373_26841
KPN_02101	WP_015958572.1	BN373_26861
KPN_02102	WP_015958573.1	BN373_26871
KPN_02103	WP_015958574.1	BN373_26881
KPN_02104	WP_002908416.1	BN373_26891
KPN_02105	WP_004200219.1	BN373_26901
KPN_02106	WP_002908439.1	BN373_26911
KPN_02107	WP_015958575.1	BN373_26921
KPN_02108	WP_004215165.1	BN373_26931
KPN_02109	WP_004175710.1	BN373_26941
KPN_02110	WP_015958577.1	BN373_26951
KPN_02112	WP_015958578.1	BN373_26971
KPN_02113	WP_002908526.1	BN373_26981
KPN_02114	WP_015958579.1	BN373_26991
KPN_02115	WP_015958580.1	BN373_27001
KPN_02116	WP_004148691.1	BN373_27011
KPN_02117	WP_015958581.1	BN373_27021
KPN_02118	WP_014907417.1	BN373_27031
KPN_02119	WP_002908598.1	BN373_27041
KPN_02120	WP_015958582.1	BN373_27051
KPN_02121	WP_004148696.1	BN373_27061
KPN_02122	WP_015958583.1	BN373_27071
KPN_02123	WP_004184404.1	BN373_27081
KPN_02124	WP_015958584.1	BN373_27091
KPN_02125	WP_015958585.1	BN373_27101
KPN_02126	WP_004151841.1	BN373_27111
KPN_02127	WP_015958586.1	BN373_27121
KPN_02128	WP_015958587.1	BN373_27131
KPN_02129	WP_004148701.1	BN373_27141
KPN_02130	WP_015958588.1	BN373_27151
KPN_02131	WP_002908844.1	BN373_27161
KPN_02132	WP_004180357.1	BN373_27171
KPN_02133	WP_002908859.1	BN373_27181
KPN_02134	WP_002908860.1	BN373_27191
KPN_02135	WP_004143241.1	BN373_27201
KPN_02136	WP_015958589.1	BN373_27211
KPN_02137	WP_002908867.1	BN373_27221
KPN_02138	WP_002908869.1	BN373_27231
KPN_02139	WP_002908876.1	BN373_27241
KPN_02140	WP_002908877.1	BN373_27251
KPN_02141	WP_004143232.1	BN373_27261
KPN_02143	WP_004151846.1	BN373_27291
KPN_02144	WP_015958590.1	BN373_27301
KPN_02145	WP_015958591.1	BN373_27311
KPN_02146	WP_004143215.1	BN373_27321
KPN_02147	WP_015958593.1	BN373_27331
KPN_02148	WP_004180365.1	BN373_27341
KPN_02149	WP_004175650.1	BN373_27351
KPN_02150	WP_015958595.1	BN373_27361
KPN_02151	WP_015958596.1	BN373_27371
KPN_02152	WP_002909005.1	BN373_27391
KPN_02153	WP_002909008.1	BN373_27401
KPN_02155	WP_004212509.1	BN373_27411
KPN_02156	WP_002909014.1	BN373_27421
KPN_02157	WP_002909015.1	BN373_27431
KPN_02158	WP_015958598.1	BN373_27441
KPN_02159	WP_004148729.1	BN373_27451
KPN_02160	WP_015958599.1	BN373_27461
KPN_02161	WP_041937721.1	BN373_27471
KPN_02162	WP_004180369.1	BN373_27481
KPN_02163	WP_014343179.1	BN373_27491
KPN_02164	WP_004184566.1	BN373_27501
KPN_02165	WP_002909082.1	BN373_27511
KPN_02166	WP_015958601.1	BN373_27521
KPN_02167	WP_004175610.1	BN373_27531
KPN_02168	WP_002909085.1	BN373_27541
KPN_02169	WP_041937645.1	BN373_27551
KPN_02170	WP_015958603.1	BN373_27561
KPN_02171	WP_002909089.1	BN373_27571
KPN_02172	WP_322972623.1	BN373_27581
KPN_02173	WP_004143154.1	BN373_27591
KPN_02174	WP_002909098.1	BN373_27601
KPN_02175	WP_015958605.1	BN373_27611
KPN_02176	WP_002909105.1	BN373_27621
KPN_02177	WP_000124850.1	BN373_27631
KPN_02178	WP_001124225.1	BN373_27641
KPN_02180	WP_002910026.1	BN373_27661
KPN_02181	WP_015958606.1	BN373_27671
KPN_02182	WP_002910030.1	BN373_27681
KPN_02183	WP_004145382.1	BN373_27691
KPN_02184	WP_015958607.1	BN373_27701
KPN_02185	WP_002910036.1	BN373_27711
KPN_02186	WP_015958608.1	BN373_27721
KPN_02187	WP_002910042.1	BN373_27831
KPN_02188	WP_004148751.1	BN373_27841
KPN_02190	WP_002910077.1	BN373_27861
KPN_02191	WP_002910079.1	BN373_27871
KPN_02192	WP_002910080.1	BN373_27881
KPN_02193	WP_002910083.1	BN373_27891
KPN_02194	WP_004151853.1	BN373_27901
KPN_02195	WP_004145396.1	BN373_27911
KPN_02196	WP_002910089.1	BN373_27921
KPN_02197	WP_004148754.1	BN373_27931
KPN_02198	WP_002910095.1	BN373_27941
KPN_02199	WP_002910097.1	BN373_27951
KPN_02200	WP_002910100.1	BN373_27961
KPN_02201	WP_002910103.1	BN373_27971
KPN_02202	WP_002910105.1	BN373_27981
KPN_02203	WP_004175574.1	BN373_27991
KPN_02204	WP_002910108.1	BN373_28001
KPN_02205	WP_004189455.1	BN373_28011
KPN_02206	WP_004151854.1	BN373_28021
KPN_02209	WP_015958609.1	BN373_28031
KPN_02211	WP_002910189.1	BN373_28051
KPN_02212	WP_002910191.1	BN373_28061
KPN_02213	WP_002910193.1	BN373_28071
KPN_02214	WP_004189443.1	BN373_28081
KPN_02215	WP_004175568.1	BN373_28091
KPN_02216	WP_015958611.1	BN373_28101
KPN_02217	WP_002910198.1	BN373_28111
KPN_02218	WP_002910201.1	BN373_28121
KPN_02219	WP_015958612.1	BN373_28131
KPN_02221	WP_004145418.1	BN373_28151
KPN_02222	WP_004148772.1	BN373_28161
KPN_02223	WP_041937723.1	BN373_28171
KPN_02224	WP_004214922.1	BN373_28181
KPN_02225	WP_002910380.1	BN373_28191
KPN_02226	WP_002910387.1	BN373_28201
KPN_02227	WP_004152258.1	BN373_28211
KPN_02228	WP_002910389.1	BN373_28221
KPN_02229	WP_002910392.1	BN373_28231
KPN_02230	WP_002910393.1	BN373_28241
KPN_02231	WP_002910395.1	BN373_28251
KPN_02232	WP_004145428.1	BN373_28261
KPN_02233	WP_041937646.1	BN373_28271
KPN_02234	WP_002910403.1	BN373_28281
KPN_02235	WP_002910404.1	BN373_28291
KPN_02236	WP_004145431.1	BN373_28301
KPN_02237	WP_004898981.1	BN373_28311
KPN_02238	WP_002910407.1	BN373_28321
KPN_02239	WP_004200291.1	BN373_28331
KPN_02240	WP_015958617.1	BN373_28341
KPN_02241	WP_002910437.1	BN373_28351
KPN_02242	WP_004180389.1	BN373_28361
KPN_02243	WP_002910443.1	BN373_28371
KPN_02244	WP_004145442.1	BN373_28381
KPN_02247	WP_015958620.1	BN373_28401
KPN_02248	WP_004175532.1	BN373_28421
KPN_02249	WP_072159832.1	BN373_28431
KPN_02250	WP_004148784.1	BN373_28441
KPN_02251	WP_015958622.1	BN373_28451
KPN_02273	WP_015958636.1	BN373_28511
KPN_02274	WP_015958637.1	BN373_28521
KPN_02275	WP_016947153.1	BN373_28541
KPN_02277	WP_002910652.1	BN373_28561
KPN_02278	WP_041937649.1	BN373_28571
KPN_02279	WP_002910657.1	BN373_28581
KPN_02280	WP_004152315.1	BN373_28591
KPN_02281	WP_004145468.1	BN373_28601
KPN_02282	WP_004152313.1	BN373_28611
KPN_02283	WP_002910715.1	BN373_28621
KPN_02284	WP_002910717.1	BN373_28631
KPN_02285	WP_004180410.1	BN373_28641
KPN_02286	WP_002910720.1	BN373_28651
KPN_02287	WP_004175491.1	BN373_28661
KPN_02288	WP_004148803.1	BN373_28671
KPN_02289	WP_004148804.1	BN373_28681
KPN_02290	WP_004175489.1	BN373_28691
KPN_02291	WP_004189329.1	BN373_28701
KPN_02292	WP_041937725.1	BN373_28711
KPN_02293	WP_015958642.1	BN373_28721
KPN_02294	WP_004200322.1	BN373_28731
KPN_02295	WP_002910762.1	BN373_28741
KPN_02296	WP_002910764.1	BN373_28751
KPN_02297	WP_004145488.1	BN373_28761
KPN_02298	WP_026005872.1	BN373_28781
KPN_02299	WP_015958643.1	BN373_28821
KPN_02300	WP_002910832.1	BN373_28831
KPN_02301	WP_002910835.1	BN373_28841
KPN_02302	WP_004211064.1	BN373_28851
KPN_02303	WP_015958644.1	BN373_28861
KPN_02304	WP_015958645.1	BN373_28871
KPN_02305	WP_002910846.1	BN373_28881
KPN_02306	WP_002910883.1	BN373_28891
KPN_02307	WP_002910885.1	BN373_28901
KPN_02308	WP_002910887.1	BN373_28911
KPN_02309	WP_009307557.1	BN373_28921
KPN_02310	WP_002910889.1	BN373_28931
KPN_02311	WP_002910890.1	BN373_28941
KPN_02312	WP_041937650.1	BN373_28951
KPN_02313	WP_002910894.1	BN373_28961
KPN_02314	WP_002910895.1	BN373_28971
KPN_02315	WP_002910896.1	BN373_28981
KPN_02316	WP_004180422.1	BN373_28991
KPN_02317	WP_002910898.1	BN373_29001
KPN_02318	WP_002910899.1	BN373_29011
KPN_02319	WP_002910900.1	BN373_29021
KPN_02320	WP_002910902.1	BN373_29031
KPN_02321	WP_014343235.1	BN373_29041
KPN_02322	WP_041937726.1	BN373_29051
KPN_02323	WP_015958649.1	BN373_29061
KPN_02324	WP_004151443.1	BN373_29071
KPN_02325	WP_015958650.1	BN373_29081
KPN_02326	WP_002910910.1	BN373_29091
KPN_02327	WP_004145519.1	BN373_29101
KPN_02328	WP_015958651.1	BN373_29111
KPN_02329	WP_004180429.1	BN373_29121
KPN_02330	WP_004151445.1	BN373_29131
KPN_02331	WP_004211022.1	BN373_29141
KPN_02332	WP_004145524.1	BN373_29151
KPN_02333	WP_002910917.1	BN373_29161
KPN_02334	WP_002910918.1	BN373_29171
KPN_02335	WP_004145526.1	BN373_29181
KPN_02336	WP_004215046.1	BN373_29191
KPN_02337	WP_002910921.1	BN373_29211
KPN_02338	WP_015958653.1	BN373_29221
KPN_02339	WP_002910924.1	BN373_29231
KPN_02340	WP_001062678.1	BN373_29241
KPN_02341	WP_002911374.1	BN373_29251
KPN_02342	WP_004145533.1	BN373_29271
KPN_02343	WP_002911378.1	BN373_29281
KPN_02344	WP_015958654.1	BN373_29291
KPN_02345	WP_002911381.1	BN373_29301
KPN_02346	WP_004145536.1	BN373_29311
KPN_02347	WP_002911385.1	BN373_29321
KPN_02349	WP_002911387.1	BN373_29341
KPN_02350	WP_002911388.1	BN373_29351
KPN_02351	WP_004148845.1	BN373_29361
KPN_02352	WP_002911393.1	BN373_29371
KPN_02353	WP_002911395.1	BN373_29381
KPN_02354	WP_004891053.1	BN373_29391
KPN_02355	WP_004151446.1	BN373_29401
KPN_02356	WP_002911404.1	BN373_29421
KPN_02357	WP_004189267.1	BN373_29431
KPN_02358	WP_004151448.1	BN373_29441
KPN_02359	WP_002911406.1	BN373_29451
KPN_02360	WP_002911407.1	BN373_29461
KPN_02361	WP_004151449.1	BN373_29471
KPN_02362	WP_004145550.1	BN373_29481
KPN_02363	WP_002911410.1	BN373_29491
KPN_02364	WP_002911418.1	BN373_29501
KPN_02365	WP_002911423.1	BN373_29511
KPN_02366	WP_002911425.1	BN373_29521
KPN_02367	WP_002911427.1	BN373_29531
KPN_02368	WP_004145555.1	BN373_29541
KPN_02369	WP_002911440.1	BN373_29551
KPN_02370	WP_002911442.1	BN373_29561
KPN_02371	WP_004148858.1	BN373_29571
KPN_02372	WP_041937651.1	BN373_29581
KPN_02373	WP_004197828.1	BN373_29591
KPN_02374	WP_002911451.1	BN373_29601
KPN_02375	WP_004148860.1	BN373_29611
KPN_02376	WP_002911454.1	BN373_29621
KPN_02377	WP_002911456.1	BN373_29631
KPN_02378	WP_002911459.1	BN373_29641
KPN_02379	WP_002911477.1	BN373_29651
KPN_02380	WP_002911479.1	BN373_29661
KPN_02381	WP_015958657.1	BN373_29671
KPN_02382	WP_015958658.1	BN373_29681
KPN_02383	WP_002911484.1	BN373_29691
KPN_02384	WP_004175417.1	BN373_29701
KPN_02385	WP_004151451.1	BN373_29711
KPN_02386	WP_002911488.1	BN373_29721
KPN_02387	WP_015958659.1	BN373_29731
KPN_02388	WP_004151452.1	BN373_29741
KPN_02389	WP_002911497.1	BN373_29751
KPN_02390	WP_002911499.1	BN373_29761
KPN_02391	WP_004175415.1	BN373_29771
KPN_02392	WP_004175414.1	BN373_29781
KPN_02393	WP_002911505.1	BN373_29791
KPN_02394	WP_002911507.1	BN373_29801
KPN_02395	WP_002911516.1	BN373_29811
KPN_02396	WP_002911518.1	BN373_29821
KPN_02397	WP_004175413.1	BN373_29831
KPN_02398	WP_002911522.1	BN373_29841
KPN_02399	WP_004148871.1	BN373_29861
KPN_02400	WP_002911528.1	BN373_29871
KPN_02402	WP_004141101.1	BN373_29881
KPN_02403	WP_015958661.1	BN373_29891
KPN_02404	WP_015958662.1	BN373_29901
KPN_02405	WP_004141106.1	BN373_29911
KPN_02410	WP_004141115.1	BN373_29931
KPN_02411	WP_002911538.1	BN373_29941
KPN_02412	WP_002911539.1	BN373_29951
KPN_02413	WP_002911541.1	BN373_29961
KPN_02414	WP_002911542.1	BN373_29971
KPN_02415	WP_004151455.1	BN373_29981
KPN_02416	WP_002911547.1	BN373_29991
KPN_02417	WP_004180445.1	BN373_30001
KPN_02418	WP_004141135.1	BN373_30011
KPN_02419	WP_004189225.1	BN373_30021
KPN_02420	WP_004189223.1	BN373_30031
KPN_02421	WP_002911561.1	BN373_30041
KPN_02422	WP_002911586.1	BN373_30051
KPN_02423	WP_002911589.1	BN373_30061
KPN_02424	WP_009307521.1	BN373_30071
KPN_02425	WP_002911591.1	BN373_30081
KPN_02426	WP_015958666.1	BN373_30091
KPN_02427	WP_004200342.1	BN373_30101
KPN_02428	WP_074182028.1	BN373_30111
KPN_02429	WP_002911594.1	BN373_30121
KPN_02430	WP_015958668.1	BN373_30141
KPN_02432	WP_004227143.1	BN373_30151
KPN_02434	WP_223343550.1	BN373_30161
KPN_02435	WP_015958670.1	BN373_30181
KPN_02436	WP_015958671.1	BN373_30191
KPN_02437	WP_002911729.1	BN373_30201
KPN_02439	WP_004148971.1	BN373_30211
KPN_02441	WP_227542143.1	BN373_30231
KPN_02443	WP_015958673.1	BN373_30251
KPN_02444	WP_004141189.1	BN373_30261
KPN_02445	WP_004148975.1	BN373_30271
KPN_02447	WP_015958674.1	BN373_30281
KPN_02449	WP_015958675.1	BN373_30501
KPN_02450	WP_009307509.1	BN373_30511
KPN_02451	WP_004180471.1	BN373_30521
KPN_02452	WP_015958676.1	BN373_30541
KPN_02454	WP_002911866.1	BN373_30561
KPN_02455	WP_041937652.1	BN373_30571
KPN_02458	WP_015958679.1	BN373_30591
KPN_02459	WP_015958680.1	BN373_30601
KPN_02460	WP_004180478.1	BN373_30611
KPN_02461	WP_004175282.1	BN373_30621
KPN_02462	WP_004184774.1	BN373_30641
KPN_02463	WP_015958681.1	BN373_30651
KPN_02464	WP_015958682.1	BN373_30661
KPN_02465	WP_002911883.1	BN373_30671
KPN_02466	WP_002911885.1	BN373_30681
KPN_02467	WP_004144123.1	BN373_30691
KPN_02468	WP_004153104.1	BN373_30701
KPN_02469	WP_015958684.1	BN373_30711
KPN_02470	WP_015958685.1	BN373_30721
KPN_02471	WP_002912109.1	BN373_30731
KPN_02472	WP_004148994.1	BN373_30741
KPN_02473	WP_004175276.1	BN373_30751
KPN_02474	WP_004152513.1	BN373_30761
KPN_02475	WP_002912152.1	BN373_30781
KPN_02476	WP_004175275.1	BN373_30791
KPN_02477	WP_004149000.1	BN373_30801
KPN_02478	WP_015958686.1	BN373_30811
KPN_02479	WP_008804113.1	BN373_30821
KPN_02480	WP_015958687.1	BN373_30831
KPN_02481	WP_004180497.1	BN373_30841
KPN_02482	WP_004184787.1	BN373_30851
KPN_02492	WP_015958695.1	BN373_30981
KPN_02493	WP_015958696.1	BN373_30991
KPN_02499	WP_015958700.1	BN373_31041
KPN_02510	WP_015958711.1	BN373_31131
KPN_02511	WP_031592319.1	BN373_31141
KPN_02512	WP_015958713.1	BN373_31151
KPN_02513	WP_015958714.1	BN373_31161
KPN_02514	WP_004151150.1	BN373_31171
KPN_02516	WP_004151147.1	BN373_31191
KPN_02517	WP_004180531.1	BN373_31201
KPN_02518	WP_004151145.1	BN373_31211
KPN_02519	WP_002912442.1	BN373_31221
KPN_02520	WP_004213673.1	BN373_31231
KPN_02521	WP_032432406.1	BN373_31241
KPN_02522	WP_032425481.1	BN373_31251
KPN_02523	WP_004151141.1	BN373_31261
KPN_02524	WP_009483956.1	BN373_31271
KPN_02525	WP_004151139.1	BN373_31281
KPN_02526	WP_004175207.1	BN373_31291
KPN_02527	WP_004149055.1	BN373_31301
KPN_02528	WP_002912617.1	BN373_31311
KPN_02529	WP_004149057.1	BN373_31321
KPN_02531	WP_015958720.1	BN373_31341
KPN_02532	WP_004144192.1	BN373_31351
KPN_02533	WP_004151134.1	BN373_31361
KPN_02534	WP_004180550.1	BN373_31371
KPN_02535	WP_004175147.1	BN373_31381
KPN_02536	WP_015958721.1	BN373_31391
KPN_02537	WP_004151133.1	BN373_31401
KPN_02538	WP_015958722.1	BN373_31411
KPN_02539	WP_004189101.1	BN373_31421
KPN_02540	WP_015958723.1	BN373_31431
KPN_02541	WP_002912654.1	BN373_31441
KPN_02542	WP_015958724.1	BN373_31451
KPN_02543	WP_009486185.1	BN373_31461
KPN_02544	WP_004144198.1	BN373_31471
KPN_02545	WP_004180590.1	BN373_31481
KPN_02546	WP_004180592.1	BN373_31491
KPN_02547	WP_015958725.1	BN373_31501
KPN_02548	WP_004175116.1	BN373_31511
KPN_02549	WP_002912704.1	BN373_31521
KPN_02550	WP_002912707.1	BN373_31531
KPN_02551	WP_015875043.1	BN373_31541
KPN_02552	WP_004151130.1	BN373_31551
KPN_02553	WP_004175111.1	BN373_31561
KPN_02554	WP_015958726.1	BN373_31571
KPN_02555	WP_015958727.1	BN373_31581
KPN_02556	WP_004149074.1	BN373_31591
KPN_02557	WP_002912749.1	BN373_31601
KPN_02558	WP_015958728.1	BN373_31611
KPN_02559	WP_002912751.1	BN373_31621
KPN_02560	WP_002912753.1	BN373_31631
KPN_02561	WP_002912756.1	BN373_31641
KPN_02562	WP_004144215.1	BN373_31651
KPN_02563	WP_020317136.1	BN373_31661
KPN_02564	WP_004151128.1	BN373_31681
KPN_02565	WP_004149083.1	BN373_31691
KPN_02566	WP_015958730.1	BN373_31701
KPN_02567	WP_002912823.1	BN373_31711
KPN_02568	WP_004175093.1	BN373_31721
KPN_02569	WP_015958731.1	BN373_31731
KPN_02570	WP_002912829.1	BN373_31741
KPN_02573	WP_004180615.1	BN373_31751
KPN_02574	WP_004144230.1	BN373_31761
KPN_02575	WP_002912833.1	BN373_31771
KPN_02576	WP_004149095.1	BN373_31781
KPN_02577	WP_015958733.1	BN373_31791
KPN_02579	WP_004175082.1	BN373_31811
KPN_02580	WP_004189044.1	BN373_31821
KPN_02581	WP_002912862.1	BN373_31831
KPN_02582	WP_002912865.1	BN373_31841
KPN_02583	WP_002912867.1	BN373_31851
KPN_02584	WP_002912869.1	BN373_31861
KPN_02585	WP_002912870.1	BN373_31871
KPN_02586	WP_002912871.1	BN373_31881
KPN_02587	WP_041937657.1	BN373_31891
KPN_02588	WP_002912878.1	BN373_31901
KPN_02589	WP_002912919.1	BN373_31911
KPN_02590	WP_004149106.1	BN373_31921
KPN_02591	WP_004184878.1	BN373_31931
KPN_02592	WP_015958737.1	BN373_31941
KPN_02593	WP_041937658.1	BN373_31951
KPN_02594	WP_002912929.1	BN373_31981
KPN_02595	WP_002912932.1	BN373_31991
KPN_02597	WP_002912937.1	BN373_32011
KPN_02598	WP_015958740.1	BN373_32021
KPN_02599	WP_002912941.1	BN373_32031
KPN_02600	WP_002912947.1	BN373_32041
KPN_02601	WP_004151122.1	BN373_32051
KPN_02602	WP_004175066.1	BN373_32081
KPN_02603	WP_015958741.1	BN373_32091
KPN_02604	WP_002912952.1	BN373_32101
KPN_02605	WP_015958742.1	BN373_32111
KPN_02606	WP_015958743.1	BN373_32121
KPN_02607	WP_015958744.1	BN373_32131
KPN_02608	WP_002912967.1	BN373_32141
KPN_02609	WP_015958745.1	BN373_32151
KPN_02610	WP_009307406.1	BN373_32161
KPN_02611	WP_015958746.1	BN373_32171
KPN_02612	WP_002912972.1	BN373_32181
KPN_02613	WP_004151118.1	BN373_32191
KPN_02614	WP_002912974.1	BN373_32201
KPN_02615	WP_009486448.1	BN373_32211
KPN_02616	WP_002912977.1	BN373_32221
KPN_02617	WP_004144263.1	BN373_32231
KPN_02618	WP_004189006.1	BN373_32241
KPN_02619	WP_004189004.1	BN373_32251
KPN_02620	WP_032428031.1	BN373_32261
KPN_02621	WP_004144265.1	BN373_32271
KPN_02622	WP_002912986.1	BN373_32281
KPN_02623	WP_004144267.1	BN373_32291
KPN_02624	WP_004195346.1	BN373_32301
KPN_02625	WP_002912990.1	BN373_32311
KPN_02627	WP_002912992.1	BN373_32321
KPN_02628	WP_004175048.1	BN373_32331
KPN_02629	WP_009486440.1	BN373_32341
KPN_02631	WP_002912996.1	BN373_32361
KPN_02632	WP_004175044.1	BN373_32371
KPN_02633	WP_004140817.1	BN373_32381
KPN_02634	WP_004211965.1	BN373_32391
KPN_02635	WP_004180700.1	BN373_32401
KPN_02636	WP_015958749.1	BN373_32411
KPN_02637	WP_002913006.1	BN373_32421
KPN_02638	WP_002913007.1	BN373_32431
KPN_02639	WP_002913009.1	BN373_32441
KPN_02640	WP_015958750.1	BN373_32511
KPN_02641	WP_002913014.1	BN373_32521
KPN_02642	WP_002913016.1	BN373_32531
KPN_02643	WP_004140835.1	BN373_32541
KPN_02644	WP_004140836.1	BN373_32551
KPN_02645	WP_004214637.1	BN373_32561
KPN_02646	WP_002913019.1	BN373_32571
KPN_02647	WP_015958751.1	BN373_32581
KPN_02648	WP_015958752.1	BN373_32591
KPN_02649	WP_002913041.1	BN373_32601
KPN_02650	WP_004899554.1	BN373_32611
KPN_02651	WP_002913045.1	BN373_32621
KPN_02652	WP_004175029.1	BN373_32631
KPN_02653	WP_002913046.1	BN373_32641
KPN_02654	WP_004151110.1	BN373_32651
KPN_02655	WP_002913070.1	BN373_32661
KPN_02656	WP_002913072.1	BN373_32671
KPN_02657	WP_009484772.1	BN373_32681
KPN_02658	WP_002913076.1	BN373_32691
KPN_02659	WP_015958755.1	BN373_32701
KPN_02660	WP_002913098.1	BN373_32711
KPN_02661	WP_015958756.1	BN373_32721
KPN_02662	WP_015958757.1	BN373_32731
KPN_02663	WP_004184985.1	BN373_32741
KPN_02664	WP_004184987.1	BN373_32751
KPN_02665	WP_015958759.1	BN373_32761
KPN_02666	WP_004151107.1	BN373_32771
KPN_02667	WP_002913146.1	BN373_32781
KPN_02668	WP_004140895.1	BN373_32791
KPN_02669	WP_002913148.1	BN373_32801
KPN_02670	WP_002913150.1	BN373_32811
KPN_02671	WP_002913152.1	BN373_32821
KPN_02672	WP_002913156.1	BN373_32831
KPN_02673	WP_004149179.1	BN373_32841
KPN_02674	WP_002913158.1	BN373_32851
KPN_02675	WP_002913160.1	BN373_32861
KPN_02676	WP_002913162.1	BN373_32871
KPN_02677	WP_002913178.1	BN373_32881
KPN_02678	WP_002913181.1	BN373_32891
KPN_02679	WP_002913183.1	BN373_32901
KPN_02680	WP_002913185.1	BN373_32911
KPN_02681	WP_002913188.1	BN373_32921
KPN_02682	WP_004180741.1	BN373_32931
KPN_02683	WP_004174996.1	BN373_32941
KPN_02686	WP_002913194.1	BN373_32961
KPN_02687	WP_002913195.1	BN373_32971
KPN_02688	WP_023313452.1	BN373_32981
KPN_02689	WP_002913197.1	BN373_32991
KPN_02690	WP_004899586.1	BN373_33001
KPN_02691	WP_009307378.1	BN373_33011
KPN_02692	WP_015958763.1	BN373_33021
KPN_02693	WP_002913200.1	BN373_33031
KPN_02694	WP_002913203.1	BN373_33041
KPN_02695	WP_004140943.1	BN373_33051
KPN_02696	WP_002913206.1	BN373_33061
KPN_02697	WP_002913207.1	BN373_33071
KPN_02698	WP_002913208.1	BN373_33081
KPN_02699	WP_002913209.1	BN373_33091
KPN_02700	WP_002913210.1	BN373_33101
KPN_02701	WP_002913212.1	BN373_33111
KPN_02702	WP_002913213.1	BN373_33121
KPN_02703	WP_002913214.1	BN373_33131
KPN_02705	WP_015958765.1	BN373_33151
KPN_02706	WP_002913220.1	BN373_33161
KPN_02707	WP_002913221.1	BN373_33171
KPN_02708	WP_015958766.1	BN373_33181
KPN_02709	WP_015958767.1	BN373_33191
KPN_02710	WP_002913228.1	BN373_33201
KPN_02711	WP_022615607.1	BN373_33211
KPN_02712	WP_041937659.1	BN373_33221
KPN_02713	WP_002913291.1	BN373_33231
KPN_02714	WP_015958770.1	BN373_33241
KPN_02715	WP_002913338.1	BN373_33251
KPN_02716	WP_015958772.1	BN373_33261
KPN_02717	WP_002913340.1	BN373_33271
KPN_02718	WP_004174960.1	BN373_33281
KPN_02719	WP_002913342.1	BN373_33291
KPN_02720	WP_002913346.1	BN373_33301
KPN_02721	WP_002913348.1	BN373_33311
KPN_02722	WP_002913355.1	BN373_33321
KPN_02723	WP_015958773.1	BN373_33331
KPN_02724	WP_015958774.1	BN373_33341
KPN_02725	WP_002913359.1	BN373_33351
KPN_02726	WP_002913360.1	BN373_33361
KPN_02727	WP_002913362.1	BN373_33371
KPN_02728	WP_004149224.1	BN373_33381
KPN_02730	WP_015958775.1	BN373_33941
KPN_02731	WP_009486226.1	BN373_33951
KPN_02732	WP_015958776.1	BN373_33961
KPN_02733	WP_009486224.1	BN373_33971
KPN_02734	WP_015958777.1	BN373_33981
KPN_02735	WP_002913372.1	BN373_33991
KPN_02736	WP_004149230.1	BN373_34001
KPN_02737	WP_002913374.1	BN373_34011
KPN_02738	WP_002913377.1	BN373_34021
KPN_02739	WP_004154521.1	BN373_34031
KPN_02740	WP_040223984.1	BN373_34041
KPN_02741	WP_009486218.1	BN373_34051
KPN_02742	WP_002913419.1	BN373_34061
KPN_02743	WP_002913421.1	BN373_34071
KPN_02744	WP_009486216.1	BN373_34081
KPN_02745	WP_004149240.1	BN373_34091
KPN_02748	WP_002913434.1	BN373_34101
KPN_02749	WP_002913435.1	BN373_34111
KPN_02750	WP_015958780.1	BN373_34121
KPN_02755	WP_002913438.1	BN373_34131
KPN_02756	WP_002913439.1	BN373_34141
KPN_02757	WP_002913440.1	BN373_34151
KPN_02758	WP_004180820.1	BN373_34161
KPN_02759	WP_004151995.1	BN373_34171
KPN_02760	WP_004174922.1	BN373_34181
KPN_02761	WP_002913498.1	BN373_34191
KPN_02762	WP_002913505.1	BN373_34211
KPN_02763	WP_004180827.1	BN373_34221
KPN_02764	WP_000522253.1	BN373_34231
KPN_02765	WP_002913605.1	BN373_34241
KPN_02766	WP_004174917.1	BN373_34251
KPN_02767	WP_002913617.1	BN373_34261
KPN_02768	WP_004209729.1	BN373_34271
KPN_02769	WP_004145610.1	BN373_34281
KPN_02770	WP_002913623.1	BN373_34291
KPN_02771	WP_002913625.1	BN373_34301
KPN_02772	WP_002913626.1	BN373_34311
KPN_02773	WP_015958782.1	BN373_34321
KPN_02774	WP_004145614.1	BN373_34331
KPN_02775	WP_002913630.1	BN373_34341
KPN_02776	WP_002913635.1	BN373_34351
KPN_02777	WP_002913637.1	BN373_34361
KPN_02778	WP_002913639.1	BN373_34371
KPN_02779	WP_004145617.1	BN373_34381
KPN_02780	WP_002913642.1	BN373_34391
KPN_02781	WP_004151997.1	BN373_34401
KPN_02782	WP_004174905.1	BN373_34411
KPN_02783	WP_004174901.1	BN373_34421
KPN_02784	WP_004152001.1	BN373_34431
KPN_02785	WP_004213212.1	BN373_34441
KPN_02786	WP_004149260.1	BN373_34451
KPN_02787	WP_004899751.1	BN373_34461
KPN_02788	WP_004180842.1	BN373_34471
KPN_02789	WP_015958783.1	BN373_34481
KPN_02790	WP_002913719.1	BN373_34491
KPN_02791	WP_000387720.1	BN373_34501
KPN_02792	WP_004213203.1	BN373_34511
KPN_02793	WP_015958784.1	BN373_34521
KPN_02794	WP_015958785.1	BN373_34531
KPN_02795	WP_002913727.1	BN373_34541
KPN_02796	WP_002913729.1	BN373_34551
KPN_02797	WP_002913731.1	BN373_34561
KPN_02798	WP_004174884.1	BN373_34571
KPN_02799	WP_004149269.1	BN373_34581
KPN_02800	WP_009309515.1	BN373_34591
KPN_02801	WP_002913754.1	BN373_34601
KPN_02802	WP_004145639.1	BN373_34611
KPN_02803	WP_015958788.1	BN373_34621
KPN_02804	WP_002913764.1	BN373_34631
KPN_02805	WP_015958789.1	BN373_34641
KPN_02806	WP_002913768.1	BN373_34651
KPN_02807	WP_015958790.1	BN373_34661
KPN_02808	WP_015958791.1	BN373_34671
KPN_02809	WP_002913800.1	BN373_34681
KPN_02810	WP_002913801.1	BN373_34691
KPN_02811	WP_004149279.1	BN373_34701
KPN_02812	WP_002913803.1	BN373_34711
KPN_02813	WP_002913804.1	BN373_34721
KPN_02814	WP_002913805.1	BN373_34731
KPN_02815	WP_002913806.1	BN373_34741
KPN_02816	WP_002913807.1	BN373_34751
KPN_02817	WP_002913810.1	BN373_34761
KPN_02818	WP_002913812.1	BN373_34771
KPN_02819	WP_020947395.1	BN373_34781
KPN_02820	WP_015958792.1	BN373_34791
KPN_02821	WP_002913827.1	BN373_34801
KPN_02822	WP_002913829.1	BN373_34811
KPN_02823	WP_015958793.1	BN373_34821
KPN_02824	WP_002913836.1	BN373_34831
KPN_02825	WP_004145656.1	BN373_34841
KPN_02826	WP_002913838.1	BN373_34851
KPN_02827	WP_002913839.1	BN373_34861
KPN_02828	WP_015958794.1	BN373_34871
KPN_02830	WP_072198214.1	BN373_34891
KPN_02831	WP_032409521.1	BN373_34911
KPN_02832	WP_015958797.1	BN373_34921
KPN_02833	WP_004151979.1	BN373_34931
KPN_02834	WP_004151980.1	BN373_34941
KPN_02835	WP_015958798.1	BN373_34951
KPN_02836	WP_015958799.1	BN373_34971
KPN_02841	WP_004144309.1	BN373_34981
KPN_02842	WP_015958802.1	BN373_34991
KPN_02843	WP_002913890.1	BN373_35001
KPN_02844	WP_004149335.1	BN373_35011
KPN_02845	WP_002913892.1	BN373_35021
KPN_02846	WP_004149336.1	BN373_35031
KPN_02847	WP_002913894.1	BN373_35041
KPN_02848	WP_004144312.1	BN373_35051
KPN_02849	WP_015958803.1	BN373_35061
KPN_02850	WP_015958804.1	BN373_35071
KPN_02851	WP_002913950.1	BN373_35081
KPN_02852	WP_004899839.1	BN373_35091
KPN_02854	WP_015958805.1	BN373_35111
KPN_02855	WP_002913953.1	BN373_35121
KPN_02856	WP_002913954.1	BN373_35131
KPN_02857	WP_002913956.1	BN373_35141
KPN_02858	WP_004149343.1	BN373_35151
KPN_02859	WP_004174835.1	BN373_35161
KPN_02860	WP_002913979.1	BN373_35171
KPN_02861	WP_002913991.1	BN373_35181
KPN_02862	WP_002913992.1	BN373_35191
KPN_02863	WP_002913993.1	BN373_35201
KPN_02864	WP_002913994.1	BN373_35211
KPN_02865	WP_002913995.1	BN373_35221
KPN_02866	WP_015958806.1	BN373_35231
KPN_02867	WP_015958807.1	BN373_35241
KPN_02868	WP_032434910.1	BN373_35251
KPN_02869	WP_015958808.1	BN373_35261
KPN_02870	WP_004149349.1	BN373_35271
KPN_02871	WP_004899867.1	BN373_35281
KPN_02872	WP_002914018.1	BN373_35291
KPN_02873	WP_015958809.1	BN373_35301
KPN_02874	WP_004214134.1	BN373_35311
KPN_02876	WP_002914027.1	BN373_35341
KPN_02877	WP_004185137.1	BN373_35351
KPN_02878	WP_002914032.1	BN373_35361
KPN_02879	WP_004149357.1	BN373_35371
KPN_02880	WP_002914033.1	BN373_35381
KPN_02881	WP_004888415.1	BN373_35391
KPN_02882	WP_004185139.1	BN373_35401
KPN_02883	WP_004144346.1	BN373_35411
KPN_02884	WP_004180920.1	BN373_35421
KPN_02885	WP_004180922.1	BN373_35431
KPN_02886	WP_004144349.1	BN373_35441
KPN_02887	WP_004888420.1	BN373_35451
KPN_02888	WP_004144351.1	BN373_35461
KPN_02889	WP_004888422.1	BN373_35471
KPN_02890	WP_002914062.1	BN373_35481
KPN_02891	WP_002914063.1	BN373_35491
KPN_02892	WP_002914065.1	BN373_35501
KPN_02893	WP_002914067.1	BN373_35511
KPN_02894	WP_002914069.1	BN373_35521
KPN_02895	WP_004144354.1	BN373_35531
KPN_02896	WP_002914070.1	BN373_35541
KPN_02897	WP_002914072.1	BN373_35551
KPN_02898	WP_002914074.1	BN373_35561
KPN_02899	WP_004180927.1	BN373_35571
KPN_02900	WP_002914079.1	BN373_35581
KPN_02901	WP_002914082.1	BN373_35591
KPN_02902	WP_002914084.1	BN373_35601
KPN_02903	WP_002914088.1	BN373_35611
KPN_02904	WP_002914089.1	BN373_35621
KPN_02905	WP_002914091.1	BN373_35631
KPN_02906	WP_002914092.1	BN373_35641
KPN_02907	WP_015958811.1	BN373_35651
KPN_02909	WP_002914095.1	BN373_35671
KPN_02910	WP_004144368.1	BN373_35681
KPN_02915	WP_004150973.1	BN373_35691
KPN_02916	WP_015958812.1	BN373_35701
KPN_02917	WP_002914110.1	BN373_35711
KPN_02918	WP_004145664.1	BN373_35721
KPN_02919	WP_002914111.1	BN373_35731
KPN_02920	WP_004150975.1	BN373_35741
KPN_02921	WP_015958814.1	BN373_35751
KPN_02922	WP_002914113.1	BN373_35761
KPN_02923	WP_002914114.1	BN373_35771
KPN_02924	WP_004174804.1	BN373_35781
KPN_02925	WP_002914116.1	BN373_35791
KPN_02926	WP_004145671.1	BN373_35801
KPN_02927	WP_015958816.1	BN373_35811
KPN_02928	WP_015958817.1	BN373_35821
KPN_02929	WP_002914145.1	BN373_35831
KPN_02930	WP_015958818.1	BN373_35841
KPN_02931	WP_004150977.1	BN373_35851
KPN_02932	WP_002914149.1	BN373_35861
KPN_02933	WP_002914152.1	BN373_35871
KPN_02934	WP_002914153.1	BN373_35881
KPN_02935	WP_004149392.1	BN373_35891
KPN_02936	WP_004174800.1	BN373_35901
KPN_02937	WP_002914158.1	BN373_35911
KPN_02938	WP_015958819.1	BN373_35921
KPN_02939	WP_002914160.1	BN373_35931
KPN_02940	WP_004145682.1	BN373_35941
KPN_02941	WP_004145683.1	BN373_35951
KPN_02942	WP_002914164.1	BN373_35961
KPN_02946	WP_015958823.1	BN373_37311
KPN_02965	WP_015958841.1	BN373_36031
KPN_02966	WP_002914178.1	BN373_36041
KPN_02967	WP_015958842.1	BN373_36051
KPN_02968	WP_002914181.1	BN373_36061
KPN_02969	WP_002914189.1	BN373_36071
KPN_02970	WP_015958843.1	BN373_36081
KPN_02971	WP_000888203.1	BN373_36091
KPN_02972	WP_002914199.1	BN373_36101
KPN_02973	WP_015958844.1	BN373_36111
KPN_02974	WP_004145694.1	BN373_36121
KPN_02975	WP_004145695.1	BN373_36131
KPN_02976	WP_032434942.1	BN373_36141
KPN_02977	WP_004212910.1	BN373_36151
KPN_02978	WP_004174769.1	BN373_36161
KPN_02979	WP_015958846.1	BN373_36171
KPN_02980	WP_015958847.1	BN373_36181
KPN_02981	WP_015958848.1	BN373_36191
KPN_02982	WP_015958849.1	BN373_36201
KPN_02985	WP_009486158.1	BN373_36221
KPN_02987	WP_004185325.1	BN373_36231
KPN_02988	WP_023287917.1	BN373_36241
KPN_02989	WP_004185341.1	BN373_36251
KPN_02990	WP_004145710.1	BN373_36261
KPN_02991	WP_004174747.1	BN373_36271
KPN_02992	WP_015958854.1	BN373_36281
KPN_02993	WP_015958855.1	BN373_36291
KPN_02994	WP_004174743.1	BN373_36301
KPN_02995	WP_002914277.1	BN373_36311
KPN_02996	WP_015958856.1	BN373_36321
KPN_02997	WP_002914281.1	BN373_36331
KPN_02998	WP_002914287.1	BN373_36351
KPN_02999	WP_002914289.1	BN373_36371
KPN_03000	WP_002914291.1	BN373_36381
KPN_03001	WP_002914293.1	BN373_36391
KPN_03003	WP_015958858.1	BN373_36411
KPN_03004	WP_002914320.1	BN373_36421
KPN_03005	WP_002914321.1	BN373_36431
KPN_03006	WP_020802076.1	BN373_36441
KPN_03007	WP_015958861.1	BN373_36451
KPN_03008	WP_002914328.1	BN373_36461
KPN_03009	WP_004900048.1	BN373_36471
KPN_03010	WP_020802079.1	BN373_36481
KPN_03011	WP_004180986.1	BN373_36491
KPN_03012	WP_004174712.1	BN373_36501
KPN_03013	WP_002914337.1	BN373_36511
KPN_03014	WP_002914339.1	BN373_36521
KPN_03015	WP_002914342.1	BN373_36531
KPN_03016	WP_004185353.1	BN373_36541
KPN_03017	WP_004149452.1	BN373_36551
KPN_03018	WP_002914351.1	BN373_36561
KPN_03019	WP_002914353.1	BN373_36571
KPN_03020	WP_002914355.1	BN373_36581
KPN_03021	WP_004174701.1	BN373_36591
KPN_03022	WP_015958864.1	BN373_36601
KPN_03028	WP_000906486.1	BN373_36611
KPN_03029	WP_015958865.1	BN373_36621
KPN_03030	WP_004213244.1	BN373_36631
KPN_03031	WP_002914769.1	BN373_36641
KPN_03032	WP_002914771.1	BN373_36651
KPN_03033	WP_004174698.1	BN373_36661
KPN_03034	WP_004149458.1	BN373_36671
KPN_03035	WP_015958867.1	BN373_36681
KPN_03036	WP_004174694.1	BN373_36691
KPN_03037	WP_002914812.1	BN373_36701
KPN_03038	WP_015958868.1	BN373_36711
KPN_03039	WP_004174693.1	BN373_36721
KPN_03040	WP_002914815.1	BN373_36731
KPN_03042	WP_004181024.1	BN373_36751
KPN_03043	WP_004174691.1	BN373_36761
KPN_03044	WP_004890240.1	BN373_36771
KPN_03045	WP_015958870.1	BN373_36781
KPN_03046	WP_004890235.1	BN373_36791
KPN_03047	WP_004181028.1	BN373_36801
KPN_03048	WP_015958871.1	BN373_36811
KPN_03049	WP_002914875.1	BN373_36821
KPN_03050	WP_004174685.1	BN373_36831
KPN_03051	WP_002914879.1	BN373_36841
KPN_03052	WP_015958872.1	BN373_36851
KPN_03053	WP_002914883.1	BN373_36861
KPN_03054	WP_004174683.1	BN373_36871
KPN_03055	WP_002914887.1	BN373_36881
KPN_03056	WP_002914891.1	BN373_36891
KPN_03057	WP_002914893.1	BN373_36901
KPN_03058	WP_004151044.1	BN373_36911
KPN_03059	WP_015958873.1	BN373_36921
KPN_03060	WP_015958874.1	BN373_36931
KPN_03061	WP_041937662.1	BN373_36941
KPN_03062	WP_002914925.1	BN373_36951
KPN_03063	WP_002914928.1	BN373_36961
KPN_03064	WP_004890205.1	BN373_36971
KPN_03065	WP_002914934.1	BN373_36981
KPN_03066	WP_004151048.1	BN373_36991
KPN_03067	WP_009485513.1	BN373_37001
KPN_03068	WP_004174677.1	BN373_37011
KPN_03069	WP_002914970.1	BN373_37021
KPN_03070	WP_015958876.1	BN373_37031
KPN_03071	WP_002914972.1	BN373_37041
KPN_03072	WP_004151052.1	BN373_37051
KPN_03073	WP_002914979.1	BN373_37061
KPN_03075	WP_002914983.1	BN373_37081
KPN_03076	WP_004151053.1	BN373_37091
KPN_03077	WP_015958879.1	BN373_37101
KPN_03078	WP_004174672.1	BN373_37111
KPN_03079	WP_015958880.1	BN373_37121
KPN_03080	WP_015958881.1	BN373_37131
KPN_03081	WP_002915035.1	BN373_37141
KPN_03082	WP_004900121.1	BN373_37151
KPN_03083	WP_004181063.1	BN373_37161
KPN_03084	WP_002915041.1	BN373_37171
KPN_03085	WP_015958882.1	BN373_37181
KPN_03086	WP_002915045.1	BN373_37191
KPN_03087	WP_015958883.1	BN373_37201
KPN_03088	WP_032428391.1	BN373_37211
KPN_03089	WP_004185409.1	BN373_37221
KPN_03090	WP_004174663.1	BN373_37231
KPN_03091	WP_015958885.1	BN373_37241
KPN_03094	WP_004151059.1	BN373_37381
KPN_03095	WP_002915097.1	BN373_37391
KPN_03096	WP_002915098.1	BN373_37401
KPN_03097	WP_004151060.1	BN373_37411
KPN_03098	WP_002915099.1	BN373_37421
KPN_03099	WP_002915102.1	BN373_37431
KPN_03100	WP_004181081.1	BN373_37441
KPN_03101	WP_015958887.1	BN373_37451
KPN_03102	WP_002915104.1	BN373_37461
KPN_03103	WP_002915106.1	BN373_37471
KPN_03104	WP_002915107.1	BN373_37481
KPN_03105	WP_002915108.1	BN373_37491
KPN_03106	WP_002915109.1	BN373_37501
KPN_03107	WP_004185423.1	BN373_37511
KPN_03108	WP_004181093.1	BN373_37521
KPN_03109	WP_009485534.1	BN373_37531
KPN_03110	WP_002915156.1	BN373_37541
KPN_03111	WP_002915157.1	BN373_37551
KPN_03112	WP_002915158.1	BN373_37561
KPN_03113	WP_004181094.1	BN373_37571
KPN_03114	WP_002915160.1	BN373_37581
KPN_03115	WP_073553611.1	BN373_37591
KPN_03116	WP_004174643.1	BN373_37601
KPN_03117	WP_002915177.1	BN373_37611
KPN_03118	WP_004142787.1	BN373_37621
KPN_03119	WP_004151065.1	BN373_37631
KPN_03120	WP_004174641.1	BN373_37641
KPN_03121	WP_002915210.1	BN373_37651
KPN_03122	WP_015958889.1	BN373_37661
KPN_03123	WP_002915213.1	BN373_37671
KPN_03124	WP_004142808.1	BN373_37681
KPN_03125	WP_002915215.1	BN373_37691
KPN_03126	WP_002915217.1	BN373_37701
KPN_03127	WP_004174638.1	BN373_37711
KPN_03129	WP_015958890.1	BN373_37731
KPN_03130	WP_002915223.1	BN373_37741
KPN_03131	WP_004185436.1	BN373_37751
KPN_03132	WP_002915225.1	BN373_37761
KPN_03133	WP_002915235.1	BN373_37771
KPN_03134	WP_002915236.1	BN373_37781
KPN_03135	WP_002915249.1	BN373_37791
KPN_03136	WP_002915253.1	BN373_37811
KPN_03137	WP_004174633.1	BN373_37821
KPN_03138	WP_002915258.1	BN373_37831
KPN_03139	WP_004151070.1	BN373_37841
KPN_03140	WP_002915259.1	BN373_37851
KPN_03141	WP_002915261.1	BN373_37861
KPN_03142	WP_004210603.1	BN373_37881
KPN_03143	WP_015958892.1	BN373_37891
KPN_03144	WP_015958893.1	BN373_37901
KPN_03146	WP_015958895.1	BN373_37931
KPN_03147	WP_015958896.1	BN373_37941
KPN_03148	WP_015958897.1	BN373_37951
KPN_03149	WP_004142871.1	BN373_37961
KPN_03150	WP_041937663.1	BN373_37971
KPN_03151	WP_002915470.1	BN373_37981
KPN_03152	WP_004151076.1	BN373_37991
KPN_03153	WP_002915510.1	BN373_38001
KPN_03154	WP_015958899.1	BN373_38011
KPN_03155	WP_015958900.1	BN373_38021
KPN_03156	WP_004142883.1	BN373_38031
KPN_03157	WP_015958901.1	BN373_38041
KPN_03158	WP_002915543.1	BN373_38051
KPN_03159	WP_002915545.1	BN373_38061
KPN_03160	WP_002915549.1	BN373_38071
KPN_03161	WP_015958902.1	BN373_38081
KPN_03162	WP_004142894.1	BN373_38091
KPN_03163	WP_002915577.1	BN373_38101
KPN_03164	WP_002915579.1	BN373_38111
KPN_03182	WP_004174599.1	BN373_38121
KPN_03183	WP_004174597.1	BN373_38131
KPN_03184	WP_004174595.1	BN373_38141
KPN_03185	WP_002915614.1	BN373_38151
KPN_03186	WP_015958913.1	BN373_38161
KPN_03187	WP_002915619.1	BN373_38171
KPN_03188	WP_004143926.1	BN373_38181
KPN_03189	WP_002915624.1	BN373_38191
KPN_03190	WP_015958914.1	BN373_38201
KPN_03191	WP_015958915.1	BN373_38211
KPN_03192	WP_004143930.1	BN373_38221
KPN_03193	WP_015958916.1	BN373_38231
KPN_03194	WP_004900267.1	BN373_38241
KPN_03195	WP_002915684.1	BN373_38251
KPN_03196	WP_015958917.1	BN373_38261
KPN_03197	WP_015958918.1	BN373_38271
KPN_03198	WP_002915711.1	BN373_38281
KPN_03199	WP_014906992.1	BN373_38291
KPN_03200	WP_041937665.1	BN373_38301
KPN_03201	WP_004181164.1	BN373_38311
KPN_03202	WP_002915732.1	BN373_38321
KPN_03203	WP_002915737.1	BN373_38331
KPN_03204	WP_002915739.1	BN373_38341
KPN_03205	WP_015958920.1	BN373_38351
KPN_03206	WP_008806302.1	BN373_38361
KPN_03207	WP_002915750.1	BN373_38371
KPN_03208	WP_009485657.1	BN373_38381
KPN_03209	WP_002915803.1	BN373_38391
KPN_03210	WP_002915806.1	BN373_38401
KPN_03211	WP_002915808.1	BN373_38411
KPN_03212	WP_002915810.1	BN373_38421
KPN_03213	WP_004900288.1	BN373_38431
KPN_03214	WP_002915814.1	BN373_38441
KPN_03215	WP_015958921.1	BN373_38451
KPN_03216	WP_004143947.1	BN373_38461
KPN_03217	WP_015958922.1	BN373_38471
KPN_03218	WP_009485662.1	BN373_38481
KPN_03219	WP_004151971.1	BN373_38491
KPN_03220	WP_002915850.1	BN373_38501
KPN_03221	WP_015958923.1	BN373_38511
KPN_03222	WP_015958924.1	BN373_38521
KPN_03223	WP_004193729.1	BN373_38531
KPN_03224	WP_015958925.1	BN373_38541
KPN_03225	WP_004174538.1	BN373_38551
KPN_03226	WP_004149616.1	BN373_38561
KPN_03227	WP_002915873.1	BN373_38571
KPN_03228	WP_004149617.1	BN373_38581
KPN_03229	WP_015875135.1	BN373_38591
KPN_03230	WP_009485670.1	BN373_38601
KPN_03231	WP_020802345.1	BN373_38611
KPN_03232	WP_002915888.1	BN373_38621
KPN_03233	WP_004181182.1	BN373_38631
KPN_03234	WP_004143963.1	BN373_38641
KPN_03235	WP_004889953.1	BN373_38651
KPN_03238	WP_002915935.1	BN373_38681
KPN_03239	WP_002915936.1	BN373_38691
KPN_03240	WP_004143967.1	BN373_38701
KPN_03241	WP_002915973.1	BN373_38711
KPN_03242	WP_002915974.1	BN373_38721
KPN_03243	WP_002915975.1	BN373_38731
KPN_03244	WP_002915976.1	BN373_38741
KPN_03245	WP_002915977.1	BN373_38751
KPN_03246	WP_002915981.1	BN373_38771
KPN_03247	WP_004174522.1	BN373_38781
KPN_03248	WP_002915985.1	BN373_38791
KPN_03249	WP_015958928.1	BN373_38801
KPN_03250	WP_004174520.1	BN373_38811
KPN_03251	WP_004229436.1	BN373_38821
KPN_03252	WP_002915990.1	BN373_38831
KPN_03253	WP_009308578.1	BN373_38841
KPN_03254	WP_002915992.1	BN373_38851
KPN_03255	WP_002915993.1	BN373_38861
KPN_03256	WP_002915995.1	BN373_38871
KPN_03257	WP_002915996.1	BN373_38881
KPN_03258	WP_002915997.1	BN373_38891
KPN_03259	WP_002915998.1	BN373_38901
KPN_03260	WP_004151959.1	BN373_38911
KPN_03261	WP_025367901.1	BN373_38921
KPN_03262	WP_002916000.1	BN373_38931
KPN_03263	WP_004181200.1	BN373_38941
KPN_03264	WP_002916001.1	BN373_38951
KPN_03265	WP_002916003.1	BN373_38961
KPN_03266	WP_015958932.1	BN373_38971
KPN_03267	WP_004143995.1	BN373_38981
KPN_03268	WP_015958933.1	BN373_38991
KPN_03269	WP_002916055.1	BN373_39001
KPN_03270	WP_002916056.1	BN373_39011
KPN_03271	WP_002916058.1	BN373_39021
KPN_03272	WP_002916061.1	BN373_39031
KPN_03273	WP_002916079.1	BN373_39051
KPN_03274	WP_004144002.1	BN373_39061
KPN_03275	WP_002916122.1	BN373_39071
KPN_03276	WP_002916123.1	BN373_39081
KPN_03277	WP_000813718.1	BN373_39091
KPN_03278	WP_000820818.1	BN373_39101
KPN_03279	WP_002916128.1	BN373_39111
KPN_03280	WP_002916131.1	BN373_39121
KPN_03281	WP_004151952.1	BN373_39131
KPN_03283	WP_002916184.1	BN373_39141
KPN_03284	WP_004900395.1	BN373_39151
KPN_03285	WP_004151951.1	BN373_39171
KPN_03286	WP_002916189.1	BN373_39181
KPN_03287	WP_002916190.1	BN373_39191
KPN_03288	WP_041937666.1	BN373_39201
KPN_03289	WP_015958937.1	BN373_39211
KPN_03290	WP_004900404.1	BN373_39221
KPN_03291	WP_032418373.1	BN373_39231
KPN_03292	WP_004229447.1	BN373_39241
KPN_03293	WP_024264619.1	BN373_39251
KPN_03294	WP_015958940.1	BN373_39261
KPN_03295	WP_002916201.1	BN373_39271
KPN_03296	WP_002916202.1	BN373_39281
KPN_03297	WP_004174502.1	BN373_39301
KPN_03298	WP_015958941.1	BN373_39311
KPN_03299	WP_002916272.1	BN373_39321
KPN_03300	WP_002916274.1	BN373_39331
KPN_03303	WP_002916278.1	BN373_39351
KPN_03304	WP_015958944.1	BN373_39361
KPN_03305	WP_002916281.1	BN373_39371
KPN_03307	WP_002916283.1	BN373_39381
KPN_03308	WP_015958946.1	BN373_39391
KPN_03309	WP_004151785.1	BN373_39401
KPN_03310	WP_004181226.1	BN373_39411
KPN_03311	WP_041937667.1	BN373_39421
KPN_03312	WP_004185540.1	BN373_39431
KPN_03313	WP_015958948.1	BN373_39811
KPN_03314	WP_023325351.1	BN373_39821
KPN_03316	WP_004157874.1	BN373_39831
KPN_03317	WP_002916298.1	BN373_39841
KPN_03318	WP_015958949.1	BN373_39851
KPN_03320	WP_004149758.1	BN373_39871
KPN_03321	WP_002916301.1	BN373_39881
KPN_03322	WP_004144729.1	BN373_39891
KPN_03323	WP_004144730.1	BN373_39901
KPN_03324	WP_002916310.1	BN373_39911
KPN_03325	WP_002916312.1	BN373_39921
KPN_03326	WP_023286864.1	BN373_39931
KPN_03327	WP_002916317.1	BN373_39941
KPN_03328	WP_004144734.1	BN373_39951
KPN_03329	WP_015958951.1	BN373_39961
KPN_03330	WP_002916322.1	BN373_39971
KPN_03332	WP_015958952.1	BN373_39981
KPN_03333	WP_015958953.1	BN373_39991
KPN_03334	WP_015958954.1	BN373_40001
KPN_03335	WP_004889808.1	BN373_40011
KPN_03338	WP_015958956.1	BN373_40021
KPN_03339	WP_015958957.1	BN373_40031
KPN_03340	WP_015958958.1	BN373_40041
KPN_03341	WP_015958959.1	BN373_40051
KPN_03342	WP_002916481.1	BN373_40061
KPN_03343	WP_002916482.1	BN373_40071
KPN_03344	WP_002916483.1	BN373_40081
KPN_03345	WP_015958960.1	BN373_40091
KPN_03346	WP_002916488.1	BN373_40101
KPN_03347	WP_002916490.1	BN373_40111
KPN_03348	WP_002916493.1	BN373_40121
KPN_03349	WP_002916495.1	BN373_40131
KPN_03350	WP_002916497.1	BN373_40141
KPN_03351	WP_002916499.1	BN373_40151
KPN_03352	WP_015958961.1	BN373_40161
KPN_03353	WP_002916504.1	BN373_40171
KPN_03354	WP_004144748.1	BN373_40181
KPN_03355	WP_002916508.1	BN373_40191
KPN_03356	WP_015958963.1	BN373_40201
KPN_03357	WP_015958964.1	BN373_40211
KPN_03358	WP_004151780.1	BN373_40221
KPN_03373	WP_002916572.1	BN373_40241
KPN_03374	WP_004149805.1	BN373_40251
KPN_03375	WP_004149807.1	BN373_40281
KPN_03376	WP_002916587.1	BN373_40291
KPN_03377	WP_002916588.1	BN373_40301
KPN_03378	WP_002916589.1	BN373_40311
KPN_03379	WP_015958971.1	BN373_40321
KPN_03380	WP_002916600.1	BN373_40331
KPN_03381	WP_002916603.1	BN373_40341
KPN_03382	WP_002916605.1	BN373_40351
KPN_03383	WP_002916607.1	BN373_40361
KPN_03384	WP_004149811.1	BN373_40371
KPN_03385	WP_004144780.1	BN373_40381
KPN_03386	WP_015958972.1	BN373_40391
KPN_03387	WP_002916614.1	BN373_40401
KPN_03388	WP_002916615.1	BN373_40411
KPN_03389	WP_015958973.1	BN373_40421
KPN_03390	WP_002916619.1	BN373_40461
KPN_03391	WP_002916620.1	BN373_40471
KPN_03392	WP_002916627.1	BN373_40481
KPN_03393	WP_002916628.1	BN373_40491
KPN_03394	WP_004105744.1	BN373_40501
KPN_03395	WP_002916629.1	BN373_40511
KPN_03396	WP_004144787.1	BN373_40521
KPN_03397	WP_004151766.1	BN373_40531
KPN_03398	WP_002916694.1	BN373_40541
KPN_03401	WP_041937671.1	BN373_40581
KPN_03402	WP_032430742.1	BN373_40591
KPN_03403	WP_015958979.1	BN373_40601
KPN_03405	WP_004185634.1	BN373_40621
KPN_03406	WP_004900612.1	BN373_40631
KPN_03407	WP_004185638.1	BN373_40641
KPN_03409	WP_004181304.1	BN373_40651
KPN_03410	WP_015958982.1	BN373_40661
KPN_03411	WP_015958983.1	BN373_40671
KPN_03412	WP_015958984.1	BN373_40681
KPN_03413	WP_004185642.1	BN373_40691
KPN_03414	WP_002916738.1	BN373_40701
KPN_03415	WP_015958985.1	BN373_40711
KPN_03416	WP_002916740.1	BN373_40721
KPN_03418	WP_004150918.1	BN373_40731
KPN_03419	WP_002916742.1	BN373_40741
KPN_03420	WP_002916743.1	BN373_40751
KPN_03422	WP_004105804.1	BN373_40771
KPN_03425	WP_002916785.1	BN373_40781
KPN_03426	WP_004174395.1	BN373_40791
KPN_03428	WP_004149836.1	BN373_40801
KPN_03429	WP_002916791.1	BN373_40811
KPN_03430	WP_004144552.1	BN373_40821
KPN_03431	WP_004144551.1	BN373_40831
KPN_03432	WP_002916796.1	BN373_40841
KPN_03433	WP_004144550.1	BN373_40851
KPN_03435	WP_004144547.1	BN373_40871
KPN_03436	WP_002916826.1	BN373_40881
KPN_03437	WP_004181324.1	BN373_40891
KPN_03438	WP_002916831.1	BN373_40901
KPN_03439	WP_015958988.1	BN373_40911
KPN_03440	WP_015958989.1	BN373_40921
KPN_03442	WP_002916840.1	BN373_40941
KPN_03443	WP_015958991.1	BN373_40951
KPN_03444	WP_002916844.1	BN373_40961
KPN_03445	WP_002916845.1	BN373_40971
KPN_03446	WP_002916846.1	BN373_40981
KPN_03447	WP_002916847.1	BN373_40991
KPN_03448	WP_002916848.1	BN373_41001
KPN_03449	WP_004174363.1	BN373_41011
KPN_03450	WP_002916849.1	BN373_41021
KPN_03451	WP_004144540.1	BN373_41031
KPN_03452	WP_004174357.1	BN373_41041
KPN_03453	WP_002916852.1	BN373_41051
KPN_03454	WP_004185664.1	BN373_41061
KPN_03455	WP_002916856.1	BN373_41071
KPN_03456	WP_002916858.1	BN373_41091
KPN_03457	WP_014906913.1	BN373_41101
KPN_03458	WP_015958996.1	BN373_41111
KPN_03459	WP_002916862.1	BN373_41121
KPN_03460	WP_015958997.1	BN373_41131
KPN_03461	WP_004144532.1	BN373_41141
KPN_03462	WP_004150923.1	BN373_41151
KPN_03463	WP_015958998.1	BN373_41161
KPN_03464	WP_002916869.1	BN373_41181
KPN_03465	WP_002916871.1	BN373_41191
KPN_03466	WP_002916872.1	BN373_41201
KPN_03467	WP_015958999.1	BN373_41211
KPN_03468	WP_004215466.1	BN373_41221
KPN_03469	WP_015959000.1	BN373_41231
KPN_03470	WP_002916877.1	BN373_41241
KPN_03471	WP_004900709.1	BN373_41261
KPN_03472	WP_001144069.1	BN373_41271
KPN_03473	WP_015959001.1	BN373_41281
KPN_03474	WP_004174339.1	BN373_41291
KPN_03475	WP_002917636.1	BN373_41301
KPN_04864	WP_015959006.1	BN373_14851
KPN_04865	WP_041937673.1	BN373_14841
KPN_04867	WP_015959009.1	BN373_14811
KPN_04868	WP_015959010.1	BN373_14801
KPN_04882	WP_015959022.1	BN373_14651
KPN_04883	WP_004195876.1	BN373_14641
KPN_04888	WP_015959027.1	BN373_14591
KPN_04890	WP_015959029.1	BN373_14571
KPN_04891	WP_015959030.1	BN373_14551
KPN_03480	WP_004174237.1	BN373_41331
KPN_03481	WP_015959034.1	BN373_41341
KPN_03482	WP_015959035.1	BN373_41351
KPN_03483	WP_004185750.1	BN373_41361
KPN_03484	WP_002917655.1	BN373_41371
KPN_03485	WP_015959037.1	BN373_41381
KPN_03486	WP_002917661.1	BN373_41391
KPN_03487	WP_002917670.1	BN373_41401
KPN_03488	WP_002917672.1	BN373_41411
KPN_03489	WP_002917676.1	BN373_41421
KPN_03490	WP_041937676.1	BN373_41431
KPN_03491	WP_004150927.1	BN373_41441
KPN_03492	WP_015959039.1	BN373_41461
KPN_03493	WP_002917680.1	BN373_41471
KPN_03494	WP_002917681.1	BN373_41481
KPN_03495	WP_002917682.1	BN373_41491
KPN_03496	WP_004181378.1	BN373_41501
KPN_03497	WP_004174229.1	BN373_41511
KPN_03498	WP_004900760.1	BN373_41521
KPN_03499	WP_004144829.1	BN373_41531
KPN_03500	WP_002917718.1	BN373_41541
KPN_03501	WP_004174227.1	BN373_41551
KPN_03502	WP_004181386.1	BN373_41641
KPN_03503	WP_002917724.1	BN373_41651
KPN_03504	WP_015959041.1	BN373_41661
KPN_03505	WP_015959042.1	BN373_41671
KPN_03506	WP_015959043.1	BN373_41681
KPN_03507	WP_041937677.1	BN373_41691
KPN_03508	WP_004174223.1	BN373_41701
KPN_03509	WP_015959045.1	BN373_41711
KPN_03510	WP_015959046.1	BN373_41721
KPN_03511	WP_002917887.1	BN373_41731
KPN_03512	WP_002917889.1	BN373_41741
KPN_03513	WP_004150936.1	BN373_41751
KPN_03514	WP_004144843.1	BN373_41761
KPN_03515	WP_004181399.1	BN373_41771
KPN_03516	WP_004144845.1	BN373_41781
KPN_03517	WP_002917895.1	BN373_41791
KPN_03518	WP_002917897.1	BN373_41801
KPN_03519	WP_002917898.1	BN373_41811
KPN_03520	WP_002917899.1	BN373_41821
KPN_03522	WP_002917907.1	BN373_41851
KPN_03523	WP_002917909.1	BN373_41861
KPN_03524	WP_004218213.1	BN373_41871
KPN_03525	WP_004144860.1	BN373_41881
KPN_03526	WP_002917916.1	BN373_41891
KPN_03527	WP_002917917.1	BN373_41901
KPN_03528	WP_004181402.1	BN373_41911
KPN_03529	WP_002917920.1	BN373_41921
KPN_03530	WP_002917922.1	BN373_41931
KPN_03531	WP_002917923.1	BN373_41941
KPN_03532	WP_004144865.1	BN373_41951
KPN_03533	WP_002917925.1	BN373_41961
KPN_03534	WP_004149907.1	BN373_41981
KPN_03535	WP_004150939.1	BN373_41991
KPN_03536	WP_015959048.1	BN373_42001
KPN_03537	WP_002917952.1	BN373_42011
KPN_03538	WP_004144873.1	BN373_42021
KPN_03539	WP_004149911.1	BN373_42031
KPN_03540	WP_002917960.1	BN373_42051
KPN_03554	WP_015959049.1	BN373_42061
KPN_03555	WP_004185807.1	BN373_42071
KPN_03556	WP_002918206.1	BN373_42081
KPN_03557	WP_002918211.1	BN373_42091
KPN_03558	WP_015959051.1	BN373_42101
KPN_03559	WP_015959052.1	BN373_42111
KPN_03560	WP_002918218.1	BN373_42121
KPN_03561	WP_002918221.1	BN373_42131
KPN_03562	WP_002918223.1	BN373_42141
KPN_03563	WP_002918226.1	BN373_42151
KPN_03564	WP_002918229.1	BN373_42161
KPN_03565	WP_002918231.1	BN373_42171
KPN_03566	WP_015959053.1	BN373_42181
KPN_03567	WP_015959054.1	BN373_42191
KPN_03568	WP_002918234.1	BN373_42201
KPN_03569	WP_015959055.1	BN373_42211
KPN_03570	WP_004150943.1	BN373_42221
KPN_03571	WP_002918241.1	BN373_42231
KPN_03572	WP_004150944.1	BN373_42241
KPN_03573	WP_002918244.1	BN373_42251
KPN_03574	WP_004144892.1	BN373_42261
KPN_03575	WP_002918248.1	BN373_42271
KPN_03576	WP_002918250.1	BN373_42281
KPN_03577	WP_002918252.1	BN373_42291
KPN_03578	WP_002918364.1	BN373_42301
KPN_03580	WP_004144895.1	BN373_42311
KPN_03581	WP_015959057.1	BN373_42321
KPN_03582	WP_002918367.1	BN373_42331
KPN_03585	WP_002918369.1	BN373_42351
KPN_03586	WP_002918370.1	BN373_42361
KPN_03587	WP_002918371.1	BN373_42371
KPN_03588	WP_002918372.1	BN373_42381
KPN_03589	WP_002918373.1	BN373_42391
KPN_03590	WP_002918374.1	BN373_42401
KPN_03591	WP_002918375.1	BN373_42411
KPN_03592	WP_002918376.1	BN373_42421
KPN_03593	WP_002918377.1	BN373_42431
KPN_03594	WP_004149938.1	BN373_42441
KPN_03595	WP_002434222.1	BN373_42451
KPN_03596	WP_002918379.1	BN373_42461
KPN_03597	WP_004144907.1	BN373_42471
KPN_03598	WP_002918381.1	BN373_42481
KPN_03599	WP_002918382.1	BN373_42491
KPN_03600	WP_004144910.1	BN373_42501
KPN_03601	WP_004144912.1	BN373_42511
KPN_03602	WP_015959058.1	BN373_42521
KPN_03603	WP_002918387.1	BN373_42531
KPN_03604	WP_004150949.1	BN373_42541
KPN_03605	WP_004150950.1	BN373_42551
KPN_03606	WP_015959059.1	BN373_42561
KPN_03607	WP_004144922.1	BN373_42571
KPN_03608	WP_002918405.1	BN373_42581
KPN_03609	WP_002918413.1	BN373_42591
KPN_03610	WP_002918415.1	BN373_42601
KPN_03611	WP_002918417.1	BN373_42611
KPN_03612	WP_002918420.1	BN373_42621
KPN_03613	WP_002918423.1	BN373_42631
KPN_03614	WP_004144926.1	BN373_42641
KPN_03615	WP_002918428.1	BN373_42651
KPN_03616	WP_002918431.1	BN373_42661
KPN_03617	WP_004144927.1	BN373_42671
KPN_03618	WP_004185856.1	BN373_42681
KPN_03619	WP_002918444.1	BN373_42691
KPN_03620	WP_002918448.1	BN373_42701
KPN_03621	WP_002918451.1	BN373_42711
KPN_03622	WP_002918453.1	BN373_42721
KPN_03623	WP_015959060.1	BN373_42731
KPN_03625	WP_015959062.1	BN373_42751
KPN_03626	WP_004188425.1	BN373_42761
KPN_03627	WP_002918465.1	BN373_42771
KPN_03628	WP_002918467.1	BN373_42781
KPN_03629	WP_000829818.1	BN373_42791
KPN_03630	WP_002918559.1	BN373_42801
KPN_03631	WP_004144945.1	BN373_42811
KPN_03632	WP_002918565.1	BN373_42821
KPN_03633	WP_004174125.1	BN373_42831
KPN_03634	WP_002918568.1	BN373_42841
KPN_03644	WP_002918570.1	BN373_42851
KPN_03645	WP_002918625.1	BN373_42861
KPN_03647	WP_002918627.1	BN373_42881
KPN_03648	WP_002918629.1	BN373_42891
KPN_03649	WP_002918632.1	BN373_42901
KPN_03650	WP_002918639.1	BN373_42911
KPN_03651	WP_002918640.1	BN373_42921
KPN_03652	WP_002918641.1	BN373_42931
KPN_03653	WP_004144958.1	BN373_42941
KPN_03654	WP_041937678.1	BN373_42951
KPN_03655	WP_002918644.1	BN373_42961
KPN_03656	WP_002918646.1	BN373_42971
KPN_03657	WP_002918648.1	BN373_42981
KPN_03658	WP_004149974.1	BN373_42991
KPN_03659	WP_002918653.1	BN373_43001
KPN_03660	WP_015959071.1	BN373_43011
KPN_03661	WP_002918688.1	BN373_43021
KPN_03662	WP_015959072.1	BN373_43031
KPN_03663	WP_004144967.1	BN373_43041
KPN_03664	WP_004206250.1	BN373_43051
KPN_03665	WP_002918738.1	BN373_43061
KPN_03666	WP_002918740.1	BN373_43071
KPN_03667	WP_004181435.1	BN373_43081
KPN_03668	WP_002918745.1	BN373_43091
KPN_03669	WP_004144972.1	BN373_43101
KPN_03670	WP_000462905.1	BN373_43111
KPN_03671	WP_015959075.1	BN373_43121
KPN_03672	WP_004144974.1	BN373_43131
KPN_03673	WP_015959076.1	BN373_43141
KPN_03674	WP_002919103.1	BN373_43151
KPN_03680	WP_002919123.1	BN373_43161
KPN_03681	WP_002919125.1	BN373_43171
KPN_03682	WP_002919126.1	BN373_43181
KPN_03683	WP_002919132.1	BN373_43191
KPN_03684	WP_004145330.1	BN373_43201
KPN_03685	WP_002919137.1	BN373_43211
KPN_03686	WP_009484602.1	BN373_43221
KPN_03687	WP_004174081.1	BN373_43231
KPN_03688	WP_004150007.1	BN373_43241
KPN_03689	WP_015959078.1	BN373_43251
KPN_03690	WP_002919153.1	BN373_43261
KPN_03691	WP_004145325.1	BN373_43271
KPN_03692	WP_004185894.1	BN373_43291
KPN_03693	WP_009308687.1	BN373_43301
KPN_03694	WP_002919206.1	BN373_43311
KPN_03695	WP_002919219.1	BN373_43321
KPN_03696	WP_002919224.1	BN373_43331
KPN_03697	WP_002919257.1	BN373_43341
KPN_03698	WP_002919259.1	BN373_43351
KPN_03699	WP_015959079.1	BN373_43361
KPN_03700	WP_002919516.1	BN373_43371
KPN_03701	WP_001140434.1	BN373_43381
KPN_03702	WP_002919545.1	BN373_43391
KPN_03703	WP_000358960.1	BN373_43401
KPN_03704	WP_002919662.1	BN373_43411
KPN_03705	WP_002919665.1	BN373_43421
KPN_03706	WP_002919667.1	BN373_43431
KPN_03707	WP_001096200.1	BN373_43441
KPN_03708	WP_000729185.1	BN373_43451
KPN_03709	WP_002919748.1	BN373_43461
KPN_03710	WP_002919751.1	BN373_43471
KPN_03711	WP_002919754.1	BN373_43481
KPN_03712	WP_002919759.1	BN373_43491
KPN_03713	WP_002919766.1	BN373_43501
KPN_03714	WP_002919773.1	BN373_43511
KPN_03715	WP_001138115.1	BN373_43521
KPN_03716	WP_002919786.1	BN373_43531
KPN_03717	WP_000617546.1	BN373_43541
KPN_03718	WP_002919794.1	BN373_43551
KPN_03719	WP_002919796.1	BN373_43561
KPN_03720	WP_001181005.1	BN373_43571
KPN_03721	WP_015959081.1	BN373_43581
KPN_03722	WP_002919971.1	BN373_43591
KPN_03723	WP_004152415.1	BN373_43601
KPN_03724	WP_004174069.1	BN373_49731
KPN_03725	WP_002920103.1	BN373_43621
KPN_03726	WP_015369416.1	BN373_43631
KPN_03727	WP_002920115.1	BN373_43641
KPN_03728	WP_002920119.1	BN373_43651
KPN_03729	WP_004174061.1	BN373_43661
KPN_03730	WP_002920128.1	BN373_43671
KPN_03731	WP_002920130.1	BN373_43681
KPN_03732	WP_015959083.1	BN373_43691
KPN_03733	WP_002920136.1	BN373_43701
KPN_03734	WP_002920140.1	BN373_43711
KPN_03735	WP_002920143.1	BN373_43721
KPN_03736	WP_015959084.1	BN373_43731
KPN_03737	WP_015959085.1	BN373_43741
KPN_03738	WP_009484163.1	BN373_43751
KPN_03739	WP_024264627.1	BN373_43761
KPN_03740	WP_004174055.1	BN373_43771
KPN_03741	WP_002920153.1	BN373_43781
KPN_03742	WP_002920158.1	BN373_43791
KPN_03743	WP_000242758.1	BN373_43801
KPN_03744	WP_004188352.1	BN373_43811
KPN_03745	WP_002920226.1	BN373_43821
KPN_03746	WP_002920229.1	BN373_43831
KPN_03747	WP_004181446.1	BN373_43841
KPN_03748	WP_002920231.1	BN373_43851
KPN_03749	WP_002920238.1	BN373_43861
KPN_03750	WP_002920240.1	BN373_43871
KPN_03751	WP_015959086.1	BN373_43881
KPN_03752	WP_004889472.1	BN373_43891
KPN_03753	WP_002920249.1	BN373_43901
KPN_03754	WP_002920252.1	BN373_43911
KPN_03755	WP_002920253.1	BN373_43921
KPN_03756	WP_015959088.1	BN373_43931
KPN_03757	WP_002920259.1	BN373_43941
KPN_03758	WP_002920260.1	BN373_43951
KPN_03759	WP_015959089.1	BN373_43961
KPN_03760	WP_015959090.1	BN373_43971
KPN_03761	WP_002920267.1	BN373_43981
KPN_03762	WP_004174030.1	BN373_44001
KPN_03763	WP_004889465.1	BN373_44011
KPN_03764	WP_015959091.1	BN373_44021
KPN_03765	WP_004174028.1	BN373_44031
KPN_03766	WP_004872583.1	BN373_44041
KPN_03767	WP_004185951.1	BN373_44051
KPN_03768	WP_002920321.1	BN373_44061
KPN_03769	WP_004174025.1	BN373_44071
KPN_03770	WP_015959093.1	BN373_44081
KPN_03771	WP_002920326.1	BN373_44091
KPN_03772	WP_004188324.1	BN373_44101
KPN_03773	WP_015959094.1	BN373_44111
KPN_03774	WP_002920333.1	BN373_44121
KPN_03775	WP_001157751.1	BN373_44131
KPN_03776	WP_002920503.1	BN373_44141
KPN_03777	WP_004150056.1	BN373_44151
KPN_03778	WP_002920506.1	BN373_44171
KPN_03779	WP_015959095.1	BN373_44181
KPN_03780	WP_002920509.1	BN373_44191
KPN_03781	WP_002920510.1	BN373_44201
KPN_03782	WP_004174021.1	BN373_44211
KPN_03783	WP_004160062.1	BN373_44221
KPN_03784	WP_002920540.1	BN373_44231
KPN_03785	WP_002920542.1	BN373_44241
KPN_03786	WP_004185965.1	BN373_44251
KPN_03787	WP_004151407.1	BN373_44261
KPN_03788	WP_015959097.1	BN373_44271
KPN_03789	WP_002920548.1	BN373_44281
KPN_03790	WP_004151408.1	BN373_44291
KPN_03791	WP_002920552.1	BN373_44301
KPN_03792	WP_015959098.1	BN373_44311
KPN_03794	WP_002920561.1	BN373_44321
KPN_03795	WP_002920564.1	BN373_44331
KPN_03796	WP_002920566.1	BN373_44341
KPN_03798	WP_004150069.1	BN373_44361
KPN_03799	WP_002920570.1	BN373_44371
KPN_03800	WP_002920773.1	BN373_44381
KPN_03801	WP_002920775.1	BN373_44391
KPN_03802	WP_002920777.1	BN373_44401
KPN_03803	WP_002920779.1	BN373_44411
KPN_03804	WP_004200666.1	BN373_44421
KPN_03805	WP_015959101.1	BN373_44431
KPN_03806	WP_004181470.1	BN373_44441
KPN_03807	WP_009308738.1	BN373_44451
KPN_03809	WP_004889425.1	BN373_44461
KPN_03810	WP_004150074.1	BN373_44471
KPN_03811	WP_004185988.1	BN373_44481
KPN_03812	WP_002920792.1	BN373_44491
KPN_03813	WP_004174008.1	BN373_44501
KPN_03816	WP_004145133.1	BN373_44511
KPN_03817	WP_002920803.1	BN373_44521
KPN_03818	WP_004174005.1	BN373_44531
KPN_03819	WP_015959103.1	BN373_44541
KPN_03820	WP_002920808.1	BN373_44551
KPN_03821	WP_015959104.1	BN373_44571
KPN_03822	WP_002920812.1	BN373_44581
KPN_03823	WP_002920813.1	BN373_44591
KPN_03825	WP_002920814.1	BN373_44601
KPN_03826	WP_004181476.1	BN373_44611
KPN_03827	WP_002920815.1	BN373_44621
KPN_03828	WP_002920816.1	BN373_44631
KPN_03829	WP_002920817.1	BN373_44641
KPN_03830	WP_004188286.1	BN373_44651
KPN_03831	WP_015959105.1	BN373_44661
KPN_03832	WP_002920822.1	BN373_44671
KPN_03833	WP_004173989.1	BN373_44681
KPN_03834	WP_004173987.1	BN373_44691
KPN_03835	WP_015959106.1	BN373_44701
KPN_03836	WP_002920858.1	BN373_44711
KPN_03837	WP_002920860.1	BN373_44721
KPN_03838	WP_002920861.1	BN373_44731
KPN_03839	WP_004173981.1	BN373_44741
KPN_03840	WP_004145147.1	BN373_44751
KPN_03841	WP_002920863.1	BN373_44761
KPN_03842	WP_002920864.1	BN373_44771
KPN_03843	WP_015959107.1	BN373_44781
KPN_03844	WP_009308746.1	BN373_44791
KPN_03845	WP_004173963.1	BN373_44801
KPN_03846	WP_002921035.1	BN373_44811
KPN_03847	WP_004889389.1	BN373_44821
KPN_03848	WP_004181483.1	BN373_44831
KPN_03849	WP_004151421.1	BN373_44841
KPN_03850	WP_004173960.1	BN373_44851
KPN_03851	WP_002921105.1	BN373_44861
KPN_03852	WP_015959109.1	BN373_44871
KPN_03853	WP_015959110.1	BN373_44881
KPN_03854	WP_004889385.1	BN373_44891
KPN_03855	WP_002921188.1	BN373_44901
KPN_03856	WP_015959111.1	BN373_44921
KPN_03857	WP_041937679.1	BN373_44931
KPN_03858	WP_002921200.1	BN373_44941
KPN_03859	WP_002921203.1	BN373_44951
KPN_03860	WP_004145166.1	BN373_44961
KPN_03861	WP_002921264.1	BN373_44971
KPN_03862	WP_004173956.1	BN373_44981
KPN_03863	WP_004151426.1	BN373_44991
KPN_03864	WP_015959113.1	BN373_45001
KPN_03865	WP_002921269.1	BN373_45011
KPN_03866	WP_041937680.1	BN373_45021
KPN_03867	WP_004173953.1	BN373_45031
KPN_03868	WP_004188256.1	BN373_45041
KPN_03869	WP_015959116.1	BN373_45051
KPN_03870	WP_002921333.1	BN373_45061
KPN_03871	WP_002921336.1	BN373_45071
KPN_03872	WP_015959117.1	BN373_45081
KPN_03873	WP_002921337.1	BN373_45091
KPN_03874	WP_004150118.1	BN373_45101
KPN_03875	WP_004901194.1	BN373_45111
KPN_03876	WP_002921434.1	BN373_45131
KPN_03877	WP_002921436.1	BN373_45141
KPN_03878	WP_002921438.1	BN373_45151
KPN_03879	WP_020317212.1	BN373_45161
KPN_03880	WP_015959119.1	BN373_45171
KPN_03881	WP_015959120.1	BN373_45181
KPN_03882	WP_009484214.1	BN373_45191
KPN_03883	WP_002921508.1	BN373_45201
KPN_03884	WP_002921510.1	BN373_45211
KPN_03885	WP_002921513.1	BN373_45221
KPN_03886	WP_002921516.1	BN373_45231
KPN_03887	WP_002921518.1	BN373_45241
KPN_03888	WP_004173944.1	BN373_45251
KPN_03889	WP_015959121.1	BN373_45261
KPN_03890	WP_002921529.1	BN373_45271
KPN_03891	WP_041937681.1	BN373_45281
KPN_03892	WP_004151435.1	BN373_45291
KPN_03893	WP_004186066.1	BN373_45301
KPN_03895	WP_002921784.1	BN373_45331
KPN_03896	WP_015959123.1	BN373_45341
KPN_03897	WP_004145207.1	BN373_45351
KPN_03898	WP_002921786.1	BN373_45361
KPN_03899	WP_009484203.1	BN373_45371
KPN_03903	WP_021468889.1	BN373_45391
KPN_03904	WP_004152427.1	BN373_45401
KPN_03905	WP_002921907.1	BN373_45411
KPN_03906	WP_014906797.1	BN373_45421
KPN_03907	WP_002921914.1	BN373_45431
KPN_03908	WP_015959126.1	BN373_45441
KPN_03909	WP_041937683.1	BN373_45451
KPN_03910	WP_002921917.1	BN373_45461
KPN_03911	WP_002921918.1	BN373_45471
KPN_03912	WP_002921919.1	BN373_45481
KPN_03913	WP_002921921.1	BN373_45491
KPN_03914	WP_002921927.1	BN373_45501
KPN_03915	WP_004145219.1	BN373_45511
KPN_03916	WP_002921929.1	BN373_45521
KPN_03917	WP_015959128.1	BN373_45531
KPN_03918	WP_002921931.1	BN373_45541
KPN_03919	WP_000014594.1	BN373_45551
KPN_03920	WP_015959129.1	BN373_45561
KPN_03921	WP_002922102.1	BN373_45571
KPN_03922	WP_002922127.1	BN373_45651
KPN_03923	WP_002922128.1	BN373_45661
KPN_03924	WP_002922129.1	BN373_45671
KPN_03925	WP_004173929.1	BN373_45681
KPN_03926	WP_004188180.1	BN373_45691
KPN_03927	WP_004181516.1	BN373_45701
KPN_03928	WP_004150156.1	BN373_45711
KPN_03929	WP_002922139.1	BN373_45721
KPN_03930	WP_004152040.1	BN373_45731
KPN_03931	WP_015959131.1	BN373_45741
KPN_03932	WP_002922349.1	BN373_45751
KPN_03933	WP_002922351.1	BN373_45761
KPN_03935	WP_004145234.1	BN373_45781
KPN_03936	WP_002922359.1	BN373_45791
KPN_03937	WP_002922360.1	BN373_45801
KPN_03938	WP_015959132.1	BN373_45811
KPN_03939	WP_004186109.1	BN373_45821
KPN_03940	WP_004145238.1	BN373_45831
KPN_03942	WP_002922397.1	BN373_45841
KPN_03943	WP_015959133.1	BN373_45851
KPN_03944	WP_002922401.1	BN373_45861
KPN_03945	WP_002922402.1	BN373_45871
KPN_03946	WP_002922410.1	BN373_45881
KPN_03947	WP_002922413.1	BN373_45891
KPN_03948	WP_002922415.1	BN373_45901
KPN_03949	WP_002922420.1	BN373_45911
KPN_03950	WP_002922423.1	BN373_45921
KPN_03951	WP_002922426.1	BN373_45931
KPN_03952	WP_002922427.1	BN373_45941
KPN_03953	WP_002922428.1	BN373_45951
KPN_03954	WP_002922429.1	BN373_45961
KPN_03955	WP_002922436.1	BN373_45971
KPN_03956	WP_004152046.1	BN373_45981
KPN_03958	WP_002922458.1	BN373_45991
KPN_03959	WP_015959136.1	BN373_46001
KPN_03960	WP_004186125.1	BN373_46011
KPN_03961	WP_002922461.1	BN373_46021
KPN_03962	WP_002922462.1	BN373_46031
KPN_03963	WP_002922463.1	BN373_46041
KPN_03964	WP_002922465.1	BN373_46051
KPN_03965	WP_004152048.1	BN373_46061
KPN_03967	WP_002922494.1	BN373_46101
KPN_03968	WP_004181527.1	BN373_46111
KPN_03969	WP_009308781.1	BN373_46121
KPN_03970	WP_004145262.1	BN373_46131
KPN_03971	WP_004173909.1	BN373_46141
KPN_03972	WP_004145263.1	BN373_46151
KPN_03973	WP_004145264.1	BN373_46161
KPN_03974	WP_002922501.1	BN373_46171
KPN_03975	WP_015959138.1	BN373_46181
KPN_03976	WP_002922510.1	BN373_46191
KPN_03977	WP_000091955.1	BN373_46201
KPN_03978	WP_002922589.1	BN373_46211
KPN_03979	WP_004188117.1	BN373_46221
KPN_03980	WP_004145270.1	BN373_46231
KPN_03981	WP_002922598.1	BN373_46241
KPN_03982	WP_015959139.1	BN373_46251
KPN_03983	WP_015959140.1	BN373_46261
KPN_03984	WP_002922602.1	BN373_46271
KPN_03985	WP_015875241.1	BN373_46281
KPN_03986	WP_004173902.1	BN373_46291
KPN_03987	WP_269465041.1	BN373_46301
KPN_03989	WP_009483928.1	BN373_46311
KPN_03990	WP_002922636.1	BN373_46321
KPN_03991	WP_004181536.1	BN373_46331
KPN_03992	WP_004151500.1	BN373_46341
KPN_03993	WP_004188107.1	BN373_46351
KPN_03994	WP_002922654.1	BN373_46361
KPN_03995	WP_041937684.1	BN373_46371
KPN_03996	WP_002922664.1	BN373_46381
KPN_03997	WP_000135058.1	BN373_46391
KPN_03998	WP_004150214.1	BN373_46401
KPN_03999	WP_004181538.1	BN373_46411
KPN_04000	WP_004151504.1	BN373_46421
KPN_04001	WP_002922903.1	BN373_46431
KPN_04002	WP_004173895.1	BN373_46441
KPN_04003	WP_004901418.1	BN373_46451
KPN_04004	WP_041937685.1	BN373_46461
KPN_04005	WP_002922909.1	BN373_46471
KPN_04006	WP_004151505.1	BN373_46481
KPN_04007	WP_020324206.1	BN373_46491
KPN_04008	WP_002922936.1	BN373_46501
KPN_04009	WP_004150222.1	BN373_46511
KPN_04010	WP_002922941.1	BN373_46521
KPN_04011	WP_002922944.1	BN373_46531
KPN_04012	WP_002922948.1	BN373_46541
KPN_04013	WP_015959144.1	BN373_46551
KPN_04014	WP_015959145.1	BN373_46561
KPN_04015	WP_015959146.1	BN373_46571
KPN_04016	WP_015959147.1	BN373_46581
KPN_04017	WP_004889196.1	BN373_46591
KPN_04018	WP_015959148.1	BN373_46601
KPN_04019	WP_002922962.1	BN373_46611
KPN_04021	WP_015959149.1	BN373_46631
KPN_04022	WP_015959150.1	BN373_46641
KPN_04023	WP_002922965.1	BN373_46651
KPN_04024	WP_004151507.1	BN373_46661
KPN_04026	WP_015959151.1	BN373_46681
KPN_04027	WP_004173886.1	BN373_46691
KPN_04028	WP_002922970.1	BN373_46701
KPN_04029	WP_002922972.1	BN373_46711
KPN_04030	WP_015959152.1	BN373_46721
KPN_04031	WP_004150236.1	BN373_46731
KPN_04032	WP_004188074.1	BN373_46741
KPN_04033	WP_004173883.1	BN373_46751
KPN_04034	WP_015959153.1	BN373_46761
KPN_04035	WP_162467039.1	BN373_46771
KPN_04036	WP_004145022.1	BN373_46781
KPN_04037	WP_015959155.1	BN373_46791
KPN_04038	WP_004173879.1	BN373_46801
KPN_04039	WP_004150241.1	BN373_46811
KPN_04040	WP_004901494.1	BN373_46821
KPN_04041	WP_041937686.1	BN373_46831
KPN_04042	WP_015959157.1	BN373_46841
KPN_04043	WP_002923109.1	BN373_46851
KPN_04044	WP_002923111.1	BN373_46861
KPN_04045	WP_002923118.1	BN373_46871
KPN_04046	WP_004181570.1	BN373_46891
KPN_04047	WP_004145035.1	BN373_46901
KPN_04048	WP_004145036.1	BN373_46911
KPN_04049	WP_015959159.1	BN373_46921
KPN_04050	WP_002923147.1	BN373_46931
KPN_04052	WP_002923153.1	BN373_46951
KPN_04053	WP_002923154.1	BN373_46961
KPN_04054	WP_004145041.1	BN373_46971
KPN_04055	WP_002923156.1	BN373_46981
KPN_04056	WP_002923158.1	BN373_46991
KPN_04058	WP_004145044.1	BN373_47021
KPN_04059	WP_004150257.1	BN373_47031
KPN_04060	WP_004150258.1	BN373_47041
KPN_04061	WP_015959162.1	BN373_47051
KPN_04062	WP_041937687.1	BN373_47061
KPN_04064	WP_015959164.1	BN373_47081
KPN_04065	WP_002923205.1	BN373_47091
KPN_04066	WP_004173863.1	BN373_47101
KPN_04067	WP_004173862.1	BN373_47111
KPN_04068	WP_004181583.1	BN373_47121
KPN_04069	WP_015959165.1	BN373_47131
KPN_04070	WP_004145056.1	BN373_47141
KPN_04071	WP_074182042.1	BN373_47151
KPN_04072	WP_002923282.1	BN373_47161
KPN_04073	WP_002923283.1	BN373_47171
KPN_04074	WP_004173858.1	BN373_47181
KPN_04075	WP_002923286.1	BN373_47191
KPN_04076	WP_002923294.1	BN373_47201
KPN_04077	WP_002923296.1	BN373_47211
KPN_04078	WP_032428099.1	BN373_47221
KPN_04079	WP_004150274.1	BN373_47231
KPN_04080	WP_015959168.1	BN373_47241
KPN_04081	WP_032428100.1	BN373_47251
KPN_04082	WP_002923302.1	BN373_47261
KPN_04083	WP_002923304.1	BN373_47271
KPN_04084	WP_002923305.1	BN373_47281
KPN_04085	WP_015959171.1	BN373_47291
KPN_04086	WP_002923307.1	BN373_47301
KPN_04087	WP_004151520.1	BN373_47311
KPN_04088	WP_015959172.1	BN373_47321
KPN_04090	WP_015959173.1	BN373_47341
KPN_04091	WP_004151523.1	BN373_47351
KPN_04092	WP_004151524.1	BN373_47361
KPN_04093	WP_015959175.1	BN373_47371
KPN_04094	WP_004150285.1	BN373_47381
KPN_04095	WP_004150286.1	BN373_47391
KPN_04096	WP_004145082.1	BN373_47401
KPN_04097	WP_015959176.1	BN373_47411
KPN_04098	WP_004145084.1	BN373_47421
KPN_04099	WP_015959177.1	BN373_47431
KPN_04100	WP_015875264.1	BN373_47441
KPN_04101	WP_004151530.1	BN373_47451
KPN_04102	WP_004173845.1	BN373_47461
KPN_04103	WP_004151532.1	BN373_47471
KPN_04104	WP_004145090.1	BN373_47481
KPN_04105	WP_004151534.1	BN373_47491
KPN_04106	WP_000831330.1	BN373_47501
KPN_04108	WP_004151536.1	BN373_47521
KPN_04109	WP_004150295.1	BN373_47531
KPN_04110	WP_004186273.1	BN373_47541
KPN_04119	WP_004151539.1	BN373_47551
KPN_04120	WP_015959187.1	BN373_47561
KPN_04121	WP_004211197.1	BN373_47571
KPN_04122	WP_004145098.1	BN373_47581
KPN_04123	WP_004151543.1	BN373_47591
KPN_04124	WP_009308842.1	BN373_47601
KPN_04125	WP_004145102.1	BN373_47611
KPN_04126	WP_015959188.1	BN373_47621
KPN_04127	WP_015959189.1	BN373_47631
KPN_04128	WP_004150305.1	BN373_47641
KPN_04129	WP_004145007.1	BN373_47651
KPN_04130	WP_004145006.1	BN373_47661
KPN_04131	WP_004151547.1	BN373_47671
KPN_04132	WP_004145004.1	BN373_47681
KPN_04133	WP_004150308.1	BN373_47691
KPN_04134	WP_008806727.1	BN373_47701
KPN_04135	WP_004173839.1	BN373_47711
KPN_04136	WP_001251971.1	BN373_47731
KPN_04137	WP_004144997.1	BN373_47741
KPN_04138	WP_004144996.1	BN373_47751
KPN_04139	WP_004144995.1	BN373_47761
KPN_04140	WP_004144994.1	BN373_47771
KPN_04141	WP_004107293.1	BN373_47781
KPN_04142	WP_000429386.1	BN373_47791
KPN_04143	WP_004151552.1	BN373_47801
KPN_04144	WP_004144991.1	BN373_47811
KPN_04145	WP_004151554.1	BN373_47821
KPN_04146	WP_004144989.1	BN373_47831
KPN_04147	WP_004144988.1	BN373_47841
KPN_04148	WP_002882510.1	BN373_47851
KPN_04149	WP_002882514.1	BN373_47861
KPN_04150	WP_002882517.1	BN373_47871
KPN_04151	WP_004151555.1	BN373_47881
KPN_04152	WP_002882520.1	BN373_47891
KPN_04153	WP_015959192.1	BN373_47901
KPN_04154	WP_002882529.1	BN373_47911
KPN_04155	WP_002882531.1	BN373_47921
KPN_04156	WP_002882536.1	BN373_47931
KPN_04157	WP_015959193.1	BN373_47941
KPN_04158	WP_085848693.1	BN373_47951
KPN_04159	WP_002882539.1	BN373_47961
KPN_04160	WP_002882540.1	BN373_47971
KPN_04166	WP_002882596.1	BN373_47981
KPN_04167	WP_004178039.1	BN373_47991
KPN_04168	WP_002882612.1	BN373_48001
KPN_04169	WP_004187940.1	BN373_48011
KPN_04170	WP_004146224.1	BN373_48021
KPN_04171	WP_004150336.1	BN373_48031
KPN_04172	WP_015959197.1	BN373_48041
KPN_04173	WP_002882734.1	BN373_48051
KPN_04174	WP_002882743.1	BN373_48061
KPN_04175	WP_002882745.1	BN373_48071
KPN_04176	WP_002882749.1	BN373_48081
KPN_04177	WP_004146229.1	BN373_48091
KPN_04178	WP_002882753.1	BN373_48101
KPN_04179	WP_002882755.1	BN373_48111
KPN_04180	WP_004151865.1	BN373_48121
KPN_04181	WP_004146232.1	BN373_48131
KPN_04182	WP_002882809.1	BN373_48141
KPN_04183	WP_004178031.1	BN373_48151
KPN_04184	WP_015959199.1	BN373_48161
KPN_04185	WP_004150355.1	BN373_48171
KPN_04186	WP_002882817.1	BN373_48181
KPN_04187	WP_004150358.1	BN373_48191
KPN_04188	WP_002882818.1	BN373_48201
KPN_04189	WP_002882822.1	BN373_48211
KPN_04191	WP_002882828.1	BN373_48231
KPN_04192	WP_002882830.1	BN373_48241
KPN_04193	WP_015959200.1	BN373_48251
KPN_04194	WP_004151864.1	BN373_48261
KPN_04195	WP_015959201.1	BN373_48271
KPN_04196	WP_002882856.1	BN373_48281
KPN_04197	WP_002882861.1	BN373_48301
KPN_04198	WP_002882862.1	BN373_48311
KPN_04199	WP_002882863.1	BN373_48321
KPN_04200	WP_004195589.1	BN373_48331
KPN_04201	WP_002882865.1	BN373_48341
KPN_04202	WP_002882866.1	BN373_48351
KPN_04203	WP_015959202.1	BN373_48361
KPN_04204	WP_015959203.1	BN373_48371
KPN_04205	WP_015959204.1	BN373_48381
KPN_04206	WP_032432391.1	BN373_48391
KPN_04207	WP_015959206.1	BN373_48401
KPN_04208	WP_004220853.1	BN373_48411
KPN_04209	WP_004150373.1	BN373_48421
KPN_04210	WP_015959207.1	BN373_48431
KPN_04211	WP_002882882.1	BN373_48441
KPN_04212	WP_004150375.1	BN373_48451
KPN_04213	WP_004187190.1	BN373_48461
KPN_04214	WP_002882888.1	BN373_48471
KPN_04215	WP_002882891.1	BN373_48481
KPN_04216	WP_002882892.1	BN373_48491
KPN_04217	WP_002882894.1	BN373_48501
KPN_04218	WP_004181626.1	BN373_48511
KPN_04219	WP_002882898.1	BN373_48521
KPN_04220	WP_002882901.1	BN373_48531
KPN_04221	WP_004178004.1	BN373_48541
KPN_04222	WP_002882907.1	BN373_48551
KPN_04223	WP_002882911.1	BN373_48561
KPN_04224	WP_002882913.1	BN373_48571
KPN_04225	WP_002882914.1	BN373_48581
KPN_04226	WP_015959208.1	BN373_48591
KPN_04227	WP_002882918.1	BN373_48601
KPN_04228	WP_002882919.1	BN373_48611
KPN_04229	WP_002882921.1	BN373_48621
KPN_04230	WP_004177997.1	BN373_48631
KPN_04231	WP_002882922.1	BN373_48641
KPN_04232	WP_002882924.1	BN373_48651
KPN_04233	WP_004150388.1	BN373_48661
KPN_04234	WP_002882944.1	BN373_48671
KPN_04236	WP_041937689.1	BN373_48691
KPN_04237	WP_002882947.1	BN373_48701
KPN_04238	WP_015959212.1	BN373_48711
KPN_04239	WP_002882952.1	BN373_48721
KPN_04240	WP_041937690.1	BN373_48731
KPN_04241	WP_015959214.1	BN373_48741
KPN_04242	WP_004212041.1	BN373_48751
KPN_04243	WP_004220885.1	BN373_48761
KPN_04244	WP_004187297.1	BN373_48771
KPN_04245	WP_004181636.1	BN373_48781
KPN_04246	WP_041937691.1	BN373_48791
KPN_04247	WP_015959217.1	BN373_48801
KPN_04248	WP_015959218.1	BN373_48811
KPN_04249	WP_004146283.1	BN373_48821
KPN_04250	WP_002883015.1	BN373_48831
KPN_04251	WP_002883016.1	BN373_48841
KPN_04252	WP_004151856.1	BN373_48851
KPN_04253	WP_002883021.1	BN373_48861
KPN_04254	WP_015959219.1	BN373_48871
KPN_04255	WP_004187300.1	BN373_48891
KPN_04256	WP_002883026.1	BN373_48901
KPN_04264	WP_002883081.1	BN373_48911
KPN_04265	WP_004146520.1	BN373_48921
KPN_04266	WP_002883134.1	BN373_48931
KPN_04267	WP_002883142.1	BN373_48951
KPN_04268	WP_002883170.1	BN373_48961
KPN_04269	WP_002883171.1	BN373_48971
KPN_04270	WP_002883173.1	BN373_48981
KPN_04271	WP_002883174.1	BN373_48991
KPN_04272	WP_002883176.1	BN373_49001
KPN_04273	WP_002883178.1	BN373_49011
KPN_04274	WP_002883180.1	BN373_49021
KPN_04275	WP_002883181.1	BN373_49031
KPN_04276	WP_004181641.1	BN373_49041
KPN_04277	WP_002883185.1	BN373_49051
KPN_04278	WP_004181642.1	BN373_49061
KPN_04279	WP_004187815.1	BN373_49071
KPN_04280	WP_004150419.1	BN373_49081
KPN_04281	WP_002883222.1	BN373_49091
KPN_04282	WP_002883224.1	BN373_49101
KPN_04283	WP_002883293.1	BN373_49111
KPN_04284	WP_002883295.1	BN373_49121
KPN_04285	WP_002883296.1	BN373_49131
KPN_04286	WP_002883297.1	BN373_49141
KPN_04287	WP_015959221.1	BN373_49151
KPN_04288	WP_004177948.1	BN373_49161
KPN_04289	WP_002883307.1	BN373_49171
KPN_04290	WP_004146507.1	BN373_49181
KPN_04291	WP_002883310.1	BN373_49191
KPN_04292	WP_002883312.1	BN373_49201
KPN_04293	WP_015959223.1	BN373_49211
KPN_04294	WP_004186365.1	BN373_49221
KPN_04295	WP_004177935.1	BN373_49231
KPN_04296	WP_015959224.1	BN373_49241
KPN_04301	WP_009483984.1	BN373_49261
KPN_04302	WP_015959225.1	BN373_49271
KPN_04303	WP_002883380.1	BN373_49281
KPN_04304	WP_002883381.1	BN373_49291
KPN_04305	WP_002883383.1	BN373_49301
KPN_04306	WP_002883389.1	BN373_49311
KPN_04307	WP_002883392.1	BN373_49321
KPN_04308	WP_041937692.1	BN373_49331
KPN_04309	WP_002883395.1	BN373_49341
KPN_04310	WP_015959227.1	BN373_49351
KPN_04311	WP_004146477.1	BN373_49361
KPN_04312	WP_002883398.1	BN373_49371
KPN_04313	WP_002883400.1	BN373_49381
KPN_04314	WP_002883402.1	BN373_49391
KPN_04315	WP_002883404.1	BN373_49401
KPN_04316	WP_002883408.1	BN373_49411
KPN_04317	WP_004213315.1	BN373_49421
KPN_04318	WP_004177928.1	BN373_49431
KPN_04319	WP_015959228.1	BN373_49441
KPN_04320	WP_004181651.1	BN373_49451
KPN_04321	WP_002883412.1	BN373_49461
KPN_04322	WP_015959229.1	BN373_49471
KPN_04323	WP_002883414.1	BN373_49481
KPN_04324	WP_002883415.1	BN373_49491
KPN_04325	WP_015959230.1	BN373_49501
KPN_04326	WP_002883417.1	BN373_49511
KPN_04327	WP_002883419.1	BN373_49521
KPN_04328	WP_015959231.1	BN373_49531
KPN_04329	WP_002883421.1	BN373_49541
KPN_04330	WP_002883422.1	BN373_49551
KPN_04331	WP_002883424.1	BN373_49561
KPN_04332	WP_002883425.1	BN373_49571
KPN_04333	WP_015959232.1	BN373_49581
KPN_04334	WP_002883427.1	BN373_49591
KPN_04335	WP_015959233.1	BN373_49601
KPN_04336	WP_002883430.1	BN373_49611
KPN_04337	WP_004146456.1	BN373_49621
KPN_04338	WP_002883448.1	BN373_49631
KPN_04339	WP_015959234.1	BN373_49641
KPN_04340	WP_004901902.1	BN373_49651
KPN_04341	WP_004181656.1	BN373_49661
KPN_04342	WP_002883449.1	BN373_49671
KPN_04343	WP_002883450.1	BN373_49681
KPN_04344	WP_002883453.1	BN373_49691
KPN_04350	WP_015959236.1	BN373_49701
KPN_04351	WP_002883521.1	BN373_49711
KPN_04352	WP_002883524.1	BN373_49721
KPN_04357	WP_004174069.1	BN373_49731
KPN_04358	WP_002883772.1	BN373_49741
KPN_04359	WP_001287521.1	BN373_49751
KPN_04360	WP_002884034.1	BN373_49761
KPN_04361	WP_002884036.1	BN373_49771
KPN_04363	WP_001207203.1	BN373_49781
KPN_04364	WP_002884142.1	BN373_49791
KPN_04365	WP_004901914.1	BN373_49801
KPN_04366	WP_002884146.1	BN373_49811
KPN_04367	WP_002884148.1	BN373_49821
KPN_04368	WP_002884149.1	BN373_49831
KPN_04369	WP_002884150.1	BN373_49841
KPN_04370	WP_004186411.1	BN373_49851
KPN_04371	WP_015959239.1	BN373_49861
KPN_04372	WP_015959240.1	BN373_49871
KPN_04373	WP_002884183.1	BN373_49881
KPN_04374	WP_004177871.1	BN373_49891
KPN_04375	WP_004152310.1	BN373_49901
KPN_04376	WP_004873297.1	BN373_49911
KPN_04377	WP_002884324.1	BN373_49921
KPN_04378	WP_002884327.1	BN373_49931
KPN_04379	WP_002884329.1	BN373_49941
KPN_04380	WP_004152311.1	BN373_49951
KPN_04381	WP_015959241.1	BN373_49961
KPN_04382	WP_002884342.1	BN373_49971
KPN_04383	WP_002884344.1	BN373_49981
KPN_04384	WP_002884346.1	BN373_49991
KPN_04385	WP_015959242.1	BN373_50001
KPN_04386	WP_015959243.1	BN373_50011
KPN_04387	WP_002884357.1	BN373_50021
KPN_04388	WP_015959244.1	BN373_50031
KPN_04393	WP_015959245.1	BN373_00001
KPN_04394	WP_004146576.1	BN373_00011
KPN_04395	WP_015959246.1	BN373_00021
KPN_04396	WP_029602897.1	BN373_00031
KPN_04397	WP_002884575.1	BN373_00041
KPN_04398	WP_002884578.1	BN373_00051
KPN_04399	WP_015959249.1	BN373_00061
KPN_04400	WP_004177864.1	BN373_00071
KPN_04401	WP_004221827.1	BN373_00081
KPN_04402	WP_015959250.1	BN373_00091
KPN_04403	WP_002884590.1	BN373_00101
KPN_04404	WP_002884608.1	BN373_00111
KPN_04405	WP_004151751.1	BN373_00121
KPN_04406	WP_015959253.1	BN373_00131
KPN_04407	WP_002884614.1	BN373_00141
KPN_04408	WP_002884616.1	BN373_00151
KPN_04409	WP_002884619.1	BN373_00161
KPN_04410	WP_002884625.1	BN373_00171
KPN_04411	WP_002884627.1	BN373_00181
KPN_04412	WP_004146591.1	BN373_00191
KPN_04413	WP_002884631.1	BN373_00201
KPN_04414	WP_004177857.1	BN373_00211
KPN_04415	WP_004177856.1	BN373_00221
KPN_04416	WP_004178266.1	BN373_00231
KPN_04417	WP_004177855.1	BN373_00241
KPN_04418	WP_004177854.1	BN373_00251
KPN_04419	WP_015959255.1	BN373_00261
KPN_04420	WP_002884721.1	BN373_00271
KPN_04421	WP_002884725.1	BN373_00281
KPN_04422	WP_002884726.1	BN373_00291
KPN_04423	WP_002884740.1	BN373_00301
KPN_04424	WP_002884743.1	BN373_00311
KPN_04425	WP_002884747.1	BN373_00321
KPN_04426	WP_004151749.1	BN373_00331
KPN_04427	WP_002884807.1	BN373_00341
KPN_04428	WP_002884808.1	BN373_00351
KPN_04429	WP_004178269.1	BN373_00361
KPN_04430	WP_002884819.1	BN373_00371
KPN_04431	WP_002884822.1	BN373_00381
KPN_04432	WP_015959257.1	BN373_00391
KPN_04433	WP_004151747.1	BN373_00401
KPN_04434	WP_002884931.1	BN373_00411
KPN_04435	WP_002884935.1	BN373_00421
KPN_04436	WP_041937695.1	BN373_00431
KPN_04437	WP_009484997.1	BN373_00441
KPN_04438	WP_002884941.1	BN373_00451
KPN_04439	WP_002884942.1	BN373_00461
KPN_04440	WP_015959259.1	BN373_00471
KPN_04441	WP_002884946.1	BN373_00481
KPN_04442	WP_004151745.1	BN373_00491
KPN_04443	WP_002884951.1	BN373_00501
KPN_04444	WP_002884953.1	BN373_00511
KPN_04445	WP_004146620.1	BN373_00521
KPN_04446	WP_004151744.1	BN373_00531
KPN_04447	WP_015959261.1	BN373_00541
KPN_04448	WP_015959262.1	BN373_00551
KPN_04449	WP_004186495.1	BN373_00561
KPN_04450	WP_004186498.1	BN373_00571
KPN_04451	WP_004192625.1	BN373_00591
KPN_04452	WP_004186501.1	BN373_00601
KPN_04453	WP_004177841.1	BN373_00621
KPN_04454	WP_004186508.1	BN373_00631
KPN_04455	WP_002885048.1	BN373_00641
KPN_04456	WP_004177837.1	BN373_00651
KPN_04457	WP_004177835.1	BN373_00661
KPN_04458	WP_004177833.1	BN373_00671
KPN_04459	WP_004186517.1	BN373_00681
KPN_04460	WP_004177826.1	BN373_00691
KPN_04461	WP_004177824.1	BN373_00701
KPN_04462	WP_004151738.1	BN373_00711
KPN_04463	WP_002885077.1	BN373_00721
KPN_04464	WP_002885078.1	BN373_00731
KPN_04465	WP_002885079.1	BN373_00741
KPN_04466	WP_002885082.1	BN373_00751
KPN_04467	WP_002885085.1	BN373_00761
KPN_04468	WP_002885086.1	BN373_00771
KPN_04469	WP_002885088.1	BN373_00781
KPN_04471	WP_004192602.1	BN373_00801
KPN_04472	WP_004210006.1	BN373_00811
KPN_04473	WP_019725412.1	BN373_00821
KPN_04474	WP_004151734.1	BN373_00831
KPN_04475	WP_041937697.1	BN373_00841
KPN_04476	WP_024623073.1	BN373_00851
KPN_04477	WP_004177812.1	BN373_00861
KPN_04478	WP_002885145.1	BN373_00881
KPN_04480	WP_004146659.1	BN373_00901
KPN_04481	WP_004151733.1	BN373_00911
KPN_04483	WP_002885152.1	BN373_00941
KPN_04484	WP_004177809.1	BN373_00951
KPN_04485	WP_015959269.1	BN373_00961
KPN_04486	WP_015959270.1	BN373_00971
KPN_04487	WP_002885156.1	BN373_00981
KPN_04488	WP_002885172.1	BN373_00991
KPN_04489	WP_002885173.1	BN373_01001
KPN_04490	WP_004151730.1	BN373_01011
KPN_04491	WP_004178303.1	BN373_01031
KPN_04492	WP_015959271.1	BN373_01041
KPN_04493	WP_004177788.1	BN373_01051
KPN_04494	WP_015959272.1	BN373_01061
KPN_04495	WP_004178305.1	BN373_01071
KPN_04496	WP_002885202.1	BN373_01081
KPN_04497	WP_015959273.1	BN373_01091
KPN_04498	WP_002885207.1	BN373_01101
KPN_04499	WP_004210036.1	BN373_01111
KPN_04500	WP_004177785.1	BN373_01121
KPN_04501	WP_002885221.1	BN373_01131
KPN_04502	WP_004210038.1	BN373_01141
KPN_04503	WP_004177782.1	BN373_01151
KPN_04504	WP_002885229.1	BN373_01161
KPN_04505	WP_004186565.1	BN373_01171
KPN_04506	WP_004218080.1	BN373_01181
KPN_04507	WP_004177778.1	BN373_01191
KPN_04508	WP_002885324.1	BN373_01211
KPN_04509	WP_004210044.1	BN373_01221
KPN_04510	WP_026005887.1	BN373_01231
KPN_04511	WP_002885391.1	BN373_01241
KPN_04512	WP_004210049.1	BN373_01261
KPN_04513	WP_041937738.1	BN373_01271
KPN_04514	WP_072198926.1	BN373_01281
KPN_04516	WP_002885396.1	BN373_01301
KPN_04517	WP_004153693.1	BN373_01311
KPN_04524	WP_004177767.1	BN373_01351
KPN_04525	WP_004218175.1	BN373_01361
KPN_04526	WP_015959279.1	BN373_01371
KPN_04527	WP_002885422.1	BN373_01381
KPN_04528	WP_002885423.1	BN373_01391
KPN_04529	WP_004177762.1	BN373_01401
KPN_04530	WP_002885425.1	BN373_01411
KPN_04531	WP_015959280.1	BN373_01421
KPN_04532	WP_015959281.1	BN373_01441
KPN_04534	WP_004152419.1	BN373_01461
KPN_04535	WP_015959282.1	BN373_01471
KPN_04536	WP_004192519.1	BN373_01481
KPN_04537	WP_004177748.1	BN373_01491
KPN_04540	WP_041937698.1	BN373_01531
KPN_04541	WP_004177740.1	BN373_01541
KPN_04542	WP_004177738.1	BN373_01551
KPN_04543	WP_041937699.1	BN373_01561
KPN_04544	WP_002885500.1	BN373_01571
KPN_04545	WP_002885506.1	BN373_01581
KPN_04546	WP_002885511.1	BN373_01591
KPN_04547	WP_002885518.1	BN373_01601
KPN_04548	WP_002885521.1	BN373_01611
KPN_04549	WP_002885523.1	BN373_01621
KPN_04550	WP_002885526.1	BN373_01631
KPN_04551	WP_015959287.1	BN373_01641
KPN_04552	WP_004177729.1	BN373_01651
KPN_04553	WP_015959288.1	BN373_01661
KPN_04554	WP_004146714.1	BN373_01671
KPN_04555	WP_004178330.1	BN373_01681
KPN_04556	WP_004146716.1	BN373_01691
KPN_04557	WP_002885536.1	BN373_01701
KPN_04558	WP_002885537.1	BN373_01711
KPN_04559	WP_015959290.1	BN373_01721
KPN_04560	WP_004177719.1	BN373_01731
KPN_04564	WP_004178333.1	BN373_01741
KPN_04565	WP_004198690.1	BN373_01751
KPN_04566	WP_002885589.1	BN373_01761
KPN_04567	WP_015959291.1	BN373_01771
KPN_04568	WP_004222064.1	BN373_01781
KPN_04569	WP_002885652.1	BN373_01791
KPN_04570	WP_002885659.1	BN373_01801
KPN_04571	WP_004146725.1	BN373_01811
KPN_04572	WP_004146726.1	BN373_01821
KPN_04573	WP_002885662.1	BN373_01831
KPN_04574	WP_002885663.1	BN373_01841
KPN_04575	WP_002885664.1	BN373_01851
KPN_04576	WP_002885665.1	BN373_01861
KPN_04577	WP_002885667.1	BN373_01871
KPN_04578	WP_004192475.1	BN373_01881
KPN_04579	WP_002885669.1	BN373_01891
KPN_04580	WP_032434369.1	BN373_01901
KPN_04581	WP_002885673.1	BN373_01911
KPN_04582	WP_004177699.1	BN373_01921
KPN_04583	WP_004192466.1	BN373_01931
KPN_04584	WP_004177697.1	BN373_01941
KPN_04585	WP_004194176.1	BN373_01951
KPN_04586	WP_002885681.1	BN373_01971
KPN_04587	WP_002885682.1	BN373_01981
KPN_04588	WP_002885683.1	BN373_01991
KPN_04589	WP_002885684.1	BN373_02001
KPN_04590	WP_004210671.1	BN373_02011
KPN_04591	WP_015959293.1	BN373_02021
KPN_04592	WP_004177693.1	BN373_02031
KPN_04593	WP_002885689.1	BN373_02041
KPN_04594	WP_002885691.1	BN373_02051
KPN_04596	WP_000135199.1	BN373_02071
KPN_04597	WP_002886682.1	BN373_02081
KPN_04600	WP_002886687.1	BN373_02101
KPN_04601	WP_015959296.1	BN373_02111
KPN_04602	WP_004152016.1	BN373_02121
KPN_04603	WP_002886691.1	BN373_02131
KPN_04604	WP_002886699.1	BN373_02141
KPN_04605	WP_002886702.1	BN373_02151
KPN_04606	WP_004152015.1	BN373_02161
KPN_04607	WP_015959297.1	BN373_02171
KPN_04608	WP_004177677.1	BN373_02181
KPN_04609	WP_002886706.1	BN373_02191
KPN_04610	WP_002886707.1	BN373_02201
KPN_04612	WP_004210661.1	BN373_02221
KPN_04613	WP_041937700.1	BN373_02231
KPN_04614	WP_002886718.1	BN373_02241
KPN_04615	WP_002886721.1	BN373_02251
KPN_04616	WP_002886722.1	BN373_02261
KPN_04617	WP_004210658.1	BN373_02271
KPN_04618	WP_002886724.1	BN373_02281
KPN_04619	WP_015959299.1	BN373_02291
KPN_04620	WP_015959300.1	BN373_02311
KPN_04621	WP_015959301.1	BN373_02321
KPN_04622	WP_002886769.1	BN373_02331
KPN_04623	WP_002886772.1	BN373_02341
KPN_04624	WP_004152011.1	BN373_02351
KPN_04625	WP_015959303.1	BN373_02361
KPN_04626	WP_002886827.1	BN373_02371
KPN_04627	WP_041937701.1	BN373_02381
KPN_04628	WP_015959305.1	BN373_02391
KPN_04629	WP_015959306.1	BN373_02401
KPN_04630	WP_004177664.1	BN373_02411
KPN_04631	WP_004152265.1	BN373_02421
KPN_04632	WP_002886893.1	BN373_02431
KPN_04633	WP_002886894.1	BN373_02441
KPN_04634	WP_015959307.1	BN373_02451
KPN_04635	WP_002886896.1	BN373_02461
KPN_04636	WP_002886897.1	BN373_02471
KPN_04637	WP_004152267.1	BN373_02481
KPN_04638	WP_015959308.1	BN373_02491
KPN_04639	WP_015959309.1	BN373_02501
KPN_04640	WP_015959310.1	BN373_02511
KPN_04641	WP_004178372.1	BN373_02521
KPN_04642	WP_015959311.1	BN373_02531
KPN_04643	WP_002886901.1	BN373_02541
KPN_04645	WP_004222151.1	BN373_02551
KPN_04646	WP_004186701.1	BN373_02561
KPN_04647	WP_002886905.1	BN373_02571
KPN_04648	WP_012737232.1	BN373_02591
KPN_04649	WP_015959312.1	BN373_02601
KPN_04650	WP_004177661.1	BN373_02611
KPN_04651	WP_015959313.1	BN373_02621
KPN_04652	WP_004186710.1	BN373_02631
KPN_04653	WP_015959314.1	BN373_02641
KPN_04654	WP_004152273.1	BN373_02651
KPN_04655	WP_002886926.1	BN373_02661
KPN_04656	WP_002886927.1	BN373_02671
KPN_04657	WP_002886928.1	BN373_02681
KPN_04658	WP_004894676.1	BN373_02691
KPN_04659	WP_004178387.1	BN373_02761
KPN_04660	WP_002886947.1	BN373_02771
KPN_04661	WP_015959315.1	BN373_02781
KPN_04662	WP_004152275.1	BN373_02791
KPN_04663	WP_015959316.1	BN373_02801
KPN_04664	WP_015959317.1	BN373_02811
KPN_04665	WP_002886954.1	BN373_02821
KPN_04666	WP_002886955.1	BN373_02831
KPN_04667	WP_002886956.1	BN373_02841
KPN_04668	WP_004210619.1	BN373_02851
KPN_04669	WP_004178392.1	BN373_02861
KPN_04670	WP_004146794.1	BN373_02871
KPN_04671	WP_004177654.1	BN373_02881
KPN_04672	WP_004152190.1	BN373_02921
KPN_04673	WP_015959319.1	BN373_02931
KPN_04674	WP_004152191.1	BN373_02941
KPN_04675	WP_004186740.1	BN373_02951
KPN_04676	WP_015959321.1	BN373_02961
KPN_04677	WP_002886970.1	BN373_02971
KPN_04678	WP_015959322.1	BN373_02981
KPN_04679	WP_004177647.1	BN373_02991
KPN_04680	WP_004192335.1	BN373_03001
KPN_04681	WP_004894651.1	BN373_03011
KPN_04682	WP_012737244.1	BN373_03021
KPN_04683	WP_004178400.1	BN373_03031
KPN_04684	WP_015959323.1	BN373_03041
KPN_04685	WP_015959324.1	BN373_03051
KPN_04694	WP_015959332.1	BN373_03231
KPN_04721	WP_004186817.1	BN373_03451
KPN_04722	WP_004153321.1	BN373_03461
KPN_04723	WP_004178432.1	BN373_03471
KPN_04726	WP_015959355.1	BN373_03491
KPN_04727	WP_015959356.1	BN373_03501
KPN_04728	WP_015959357.1	BN373_03521
KPN_04729	WP_015959358.1	BN373_03531
KPN_04730	WP_004894582.1	BN373_03541
KPN_04731	WP_015959359.1	BN373_03551
KPN_04732	WP_015959360.1	BN373_03561
KPN_04733	WP_004177571.1	BN373_03581
KPN_04734	WP_002887259.1	BN373_03591
KPN_04735	WP_015959361.1	BN373_03601
KPN_04736	WP_015959362.1	BN373_03611
KPN_04737	WP_015959363.1	BN373_03621
KPN_04738	WP_015959364.1	BN373_03631
KPN_04739	WP_032428115.1	BN373_03641
KPN_04740	WP_002887273.1	BN373_03651
KPN_04741	WP_015959366.1	BN373_03661
KPN_04742	WP_002887280.1	BN373_03681
KPN_04743	WP_002887282.1	BN373_03691
KPN_04748	WP_002887322.1	BN373_03701
KPN_04749	WP_040221657.1	BN373_03711
KPN_04750	WP_015959368.1	BN373_03721
KPN_04751	WP_004178470.1	BN373_03731
KPN_04752	WP_015959369.1	BN373_03751
KPN_04753	WP_002887349.1	BN373_03761
KPN_04754	WP_004146908.1	BN373_03771
KPN_04755	WP_004146909.1	BN373_03781
KPN_04756	WP_002887352.1	BN373_03791
KPN_04757	WP_004177550.1	BN373_03801
KPN_04759	WP_004146118.1	BN373_03821
KPN_04760	WP_002887384.1	BN373_03831
KPN_04761	WP_004177547.1	BN373_03851
KPN_04762	WP_002887394.1	BN373_03861
KPN_04763	WP_002887411.1	BN373_03871
KPN_04764	WP_002887413.1	BN373_03891
KPN_04765	WP_002887414.1	BN373_03901
KPN_04766	WP_002887416.1	BN373_03911
KPN_04767	WP_004894536.1	BN373_03921
KPN_04768	WP_004146918.1	BN373_03931
KPN_04769	WP_004177543.1	BN373_03941
KPN_04770	WP_015959370.1	BN373_03951
KPN_04771	WP_002887421.1	BN373_03961
KPN_04772	WP_004146105.1	BN373_03971
KPN_04773	WP_004177540.1	BN373_03981
KPN_04774	WP_002887442.1	BN373_03991
KPN_04775	WP_002887451.1	BN373_04001
KPN_04776	WP_002887454.1	BN373_04011
KPN_04777	WP_041937702.1	BN373_04021
KPN_04778	WP_002887465.1	BN373_04031
KPN_04779	WP_002887467.1	BN373_04041
KPN_04780	WP_002887473.1	BN373_04051
KPN_04781	WP_015959372.1	BN373_04061
KPN_04782	WP_015959373.1	BN373_04071
KPN_04783	WP_015959374.1	BN373_04081
KPN_04784	WP_002887487.1	BN373_04091
KPN_04785	WP_004151392.1	BN373_04101
KPN_04786	WP_002887492.1	BN373_04111
KPN_04787	WP_012737355.1	BN373_04121
KPN_04788	WP_015959375.1	BN373_04131
KPN_04789	WP_004146085.1	BN373_04141
KPN_04790	WP_002887503.1	BN373_04151
KPN_04791	WP_015959376.1	BN373_04181
KPN_04793	WP_002887553.1	BN373_04201
KPN_04794	WP_004222482.1	BN373_04211
KPN_04795	WP_004222484.1	BN373_04221
KPN_04796	WP_015959379.1	BN373_04231
KPN_04797	WP_004146077.1	BN373_04241
KPN_04798	WP_004177525.1	BN373_04251
KPN_04799	WP_002887560.1	BN373_04261
KPN_04800	WP_004894480.1	BN373_04281
KPN_04801	WP_015959380.1	BN373_04291
KPN_04802	WP_002887606.1	BN373_04301
KPN_04803	WP_002887607.1	BN373_04311
KPN_04804	WP_015959381.1	BN373_04321
KPN_04805	WP_041937705.1	BN373_04331
KPN_04806	WP_012737366.1	BN373_04341
KPN_04807	WP_015959384.1	BN373_04351
KPN_04808	WP_015959385.1	BN373_04361
KPN_04809	WP_004222503.1	BN373_04371
KPN_04810	WP_004177504.1	BN373_04381
KPN_04811	WP_024622969.1	BN373_04391
KPN_04812	WP_002887624.1	BN373_04401
KPN_04813	WP_002887631.1	BN373_04411
KPN_04814	WP_004146059.1	BN373_04421
KPN_04815	WP_004146953.1	BN373_04431
KPN_04816	WP_002887643.1	BN373_04441
KPN_04817	WP_041937744.1	BN373_04451
KPN_04818	WP_002887647.1	BN373_04461
KPN_04819	WP_004151383.1	BN373_04471
KPN_04820	WP_002887650.1	BN373_04481
KPN_04821	WP_002887652.1	BN373_04491
KPN_04822	WP_041937706.1	BN373_04501
KPN_04823	WP_002887654.1	BN373_04511
KPN_04827	WP_004177499.1	BN373_04521
KPN_04828	WP_015959390.1	BN373_04531
KPN_04829	WP_004222533.1	BN373_04541
KPN_04830	WP_004146044.1	BN373_04551
KPN_04831	WP_002887711.1	BN373_04561
KPN_04832	WP_004146042.1	BN373_04571
KPN_04833	WP_002887716.1	BN373_04581
KPN_04834	WP_004146038.1	BN373_04591
KPN_04836	WP_004146034.1	BN373_04611
KPN_04837	WP_002887784.1	BN373_04621
KPN_04838	WP_002887787.1	BN373_04631
KPN_04839	WP_004151380.1	BN373_04641
KPN_04840	WP_002887789.1	BN373_04651
KPN_04841	WP_002887791.1	BN373_04661
KPN_04842	WP_002887794.1	BN373_04671
KPN_04843	WP_004177487.1	BN373_04681
KPN_04844	WP_002887800.1	BN373_04691
KPN_04845	WP_002887802.1	BN373_04701
KPN_04846	WP_002887805.1	BN373_04711
KPN_04847	WP_004182874.1	BN373_04721
KPN_04848	WP_002887809.1	BN373_04731
KPN_04849	WP_004178555.1	BN373_04741
KPN_04850	WP_002887811.1	BN373_04751
KPN_04851	WP_002887812.1	BN373_04761
KPN_04852	WP_041937707.1	BN373_04771
KPN_04853	WP_002887820.1	BN373_04781
KPN_04854	WP_015959394.1	BN373_04791
KPN_04855	WP_012737378.1	BN373_04801
KPN_04856	WP_002887843.1	BN373_04811
KPN_04857	WP_002887846.1	BN373_04821
KPN_pKPN3p05910	WP_003026803.1	BN373_p00841
KPN_pKPN3p05911	WP_003026799.1	BN373_45611
KPN_pKPN3p05937	WP_001188930.1	BN373_p00751
KPN_pKPN3p05938	WP_080821469.1	BN373_p00741
KPN_pKPN3p05939	WP_000025662.1	BN373_p00731
KPN_pKPN3p05940	WP_001378118.1	BN373_p00721
KPN_pKPN3p05941	WP_000925242.1	BN373_p00711
KPN_pKPN3p05942	WP_001023257.1	BN373_p00701
KPN_pKPN3p05943	WP_004118669.1	BN373_p00681
KPN_pKPN3p05944	WP_000843497.1	BN373_p00671
KPN_pKPN3p05945	WP_004098955.1	BN373_p00661
KPN_pKPN3p05946	WP_000758228.1	BN373_p00651
KPN_pKPN3p05947	WP_004152079.1	BN373_p00631
KPN_pKPN3p05948	WP_001246153.1	BN373_p00621
KPN_pKPN3p05949	WP_000475512.1	BN373_p00611
KPN_pKPN3p05950	WP_001572351.1	BN373_p00591
KPN_pKPN3p05969	WP_004152063.1	BN373_p01751
KPN_pKPN3p05970	WP_000523813.1	BN373_p01741
KPN_pKPN3p05971	WP_004152062.1	BN373_p01731
KPN_pKPN3p05990	WP_004220208.1	BN373_p00001
KPN_pKPN4p07051	WP_002210513.1	BN373_21691
KPN_pKPN4p07052	WP_002903955.1	BN373_21671
KPN_pKPN4p07073	WP_001044770.1	BN373_p00181
KPN_pKPN4p07074	WP_001261282.1	BN373_p00171
KPN_pKPN5p08213	WP_041937753.1	BN373_p00091
KPN_pKPN5p08219	WP_013214009.1	BN373_p00511
