YFI99184.1	WP_004899837.1	BN373_35071
YFI96322.1	WP_004224022.1	BN373_15671
YFI96351.1	WP_004224007.1	BN373_15381
YFI97783.1	WP_002884146.1	BN373_49811
YFI97784.1	WP_004901914.1	BN373_49801
YFI96244.1	WP_004224062.1	BN373_16561
YFI99154.1	WP_004185139.1	BN373_35401
YFI96643.1	WP_004223577.1	BN373_11831
YFJ00500.1	WP_004224509.1	BN373_20391
YFI98445.1	WP_004181431.1	BN373_42951
YFI97552.1	WP_004222112.1	BN373_02271
YFI99839.1	WP_004898960.1	BN373_28081
YFJ00162.1	WP_004898518.1	BN373_24611
YFI97757.1	WP_077251096.1	BN373_00061
YFJ00685.1	WP_023302798.1	BN373_p02141
YFI98747.1	WP_004900497.1	BN373_39751
YFI98843.1	WP_004900327.1	BN373_38591
YFI95919.1	WP_004224446.1	BN373_20001
YFI97129.1	WP_004222758.1	BN373_06891
YFI98227.1	WP_004901204.1	BN373_45171
YFI96177.1	WP_004224109.1	BN373_17261
YFI95954.1	WP_004224382.1	BN373_19641
YFI98841.1	WP_004211885.1	BN373_38611
YFI96893.1	WP_004223072.1	BN373_09341
YFI97606.1	WP_004146716.1	BN373_01691
YFI99804.1	WP_004899002.1	BN373_28451
YFI97164.1	WP_004222712.1	BN373_06521
YFI99161.1	WP_032448083.1	BN373_35301
YFI98600.1	WP_004900724.1	BN373_41341
YFI96206.1	WP_004224083.1	BN373_16971
YFI97282.1	WP_002888056.1	BN373_05281
YFI99092.1	WP_004899982.1	BN373_36081
YFI97433.1	WP_004222362.1	BN373_03611
YFI96896.1	WP_002892069.1	BN373_09311
YFI96999.1	WP_004222939.1	BN373_08261
YFI99496.1	WP_004899457.1	BN373_31301
YFI99981.1	WP_004898716.1	BN373_26531
YFI99229.1	WP_004899778.1	BN373_34621
YFI98427.1	WP_004174089.1	BN373_43141
YFI98069.1	WP_004901494.1	BN373_46821
YFI95711.1	WP_004224683.1	BN373_21771
YFI99907.1	WP_004898841.1	BN373_27301
YFI98577.1	WP_004900774.1	BN373_41581
YFI96688.1	WP_004223499.1	BN373_11331
YFI99495.1	WP_004899459.1	BN373_31311
YFI99656.1	WP_004899611.1	BN373_33441
YFI96489.1	WP_004223724.1	BN373_13481
YFJ00458.1	WP_004175614.1	BN373_27441
YFI97265.1	WP_004222647.1	BN373_05451
YFI98842.1	WP_014599249.1	BN373_38601
YFI98723.1	WP_004900541.1	BN373_40031
YFI97502.1	WP_004222197.1	BN373_02801
YFI99389.1	WP_004899529.1	BN373_32441
YFI98623.1	WP_004900683.1	BN373_41101
YFI97713.1	WP_004146620.1	BN373_00521
YFI97302.1	WP_004212580.1	BN373_05021
YFI96527.1	WP_004147623.1	BN373_13051
YFI97955.1	WP_004187174.1	BN373_48041
YFI95773.1	WP_004152245.1	BN373_21041
YFI99574.1	WP_004899261.1	BN373_30341
YFI97372.1	WP_004222493.1	BN373_04291
YFI97423.1	WP_004222387.1	BN373_03721
YFI96703.1	WP_002893000.1	BN373_11171
YFI99351.1	WP_004149179.1	BN373_32841
YFI96690.1	WP_004223496.1	BN373_11311
YFI97516.1	WP_004222172.1	BN373_02651
YFI98316.1	WP_002920545.1	BN373_44271
YFI97222.1	WP_002888638.1	BN373_05911
YFI98511.1	WP_002918250.1	BN373_42281
YFI96548.1	WP_004223680.1	BN373_12851
YFI96486.1	WP_004223731.1	BN373_13521
YFI99853.1	WP_002910097.1	BN373_27951
YFI96015.1	WP_004176472.1	BN373_18981
YFI97206.1	WP_002888700.1	BN373_06081
YFI97145.1	WP_004151931.1	BN373_06721
YFI99391.1	WP_002913006.1	BN373_32421
YFI99130.1	WP_004899908.1	BN373_35651
YFI97882.1	WP_004181636.1	BN373_48781
YFJ00566.1	WP_004222823.1	BN373_07511
YFI95914.1	WP_004224451.1	BN373_20051
YFI99382.1	WP_004184961.1	BN373_32511
YFI99720.1	WP_002911388.1	BN373_29351
YFI99797.1	WP_004899018.1	BN373_28511
YFI99039.1	WP_004174700.1	BN373_36621
YFJ00624.1	WP_004901211.1	BN373_45201
YFI96313.1	WP_002898220.1	BN373_15801
YFI98782.1	WP_004900404.1	BN373_39221
YFI99834.1	WP_004898965.1	BN373_28131
YFI97201.1	WP_004147096.1	BN373_06141
YFI96018.1	WP_002901763.1	BN373_18951
YFJ00390.1	WP_004900600.1	BN373_40581
YFI96577.1	WP_077251475.1	BN373_12541
YFI97686.1	WP_004221929.1	BN373_00821
YFI99127.1	WP_004150973.1	BN373_35691
YFI98962.1	WP_032448090.1	BN373_37381
YFI98337.1	WP_004901063.1	BN373_44051
YFI99077.1	WP_045145299.1	BN373_36241
YFI97833.1	WP_002883383.1	BN373_49301
YFI97161.1	WP_004213431.1	BN373_06551
YFJ00320.1	WP_029884178.1	BN373_22851
YFI98352.1	WP_002920243.1	BN373_43891
YFI97622.1	WP_004222042.1	BN373_01531
YFJ00441.1	WP_004899617.1	BN373_33481
YFI96222.1	WP_002898967.1	BN373_16781
YFI97044.1	WP_004222889.1	BN373_07811
YFJ00352.1	WP_004224759.1	BN373_22511
YFI96875.1	WP_004223093.1	BN373_09531
YFI98974.1	WP_004900147.1	BN373_37281
YFI98794.1	WP_000813718.1	BN373_39091
YFI96798.1	WP_004223351.1	BN373_10471
YFI97320.1	WP_002887848.1	BN373_04841
YFI98311.1	WP_002920561.1	BN373_44321
YFI97642.1	WP_026008390.1	BN373_01281
YFI97101.1	WP_002889690.1	BN373_07191
YFI95957.1	WP_004224376.1	BN373_19611
YFI96347.1	WP_004147794.1	BN373_15421
YFI98217.1	WP_014599279.1	BN373_45291
YFI96763.1	WP_014599055.1	BN373_10571
YFI95743.1	WP_004224655.1	BN373_21371
YFI97893.1	WP_004901750.1	BN373_48671
YFI97589.1	WP_002885668.1	BN373_01881
YFI96417.1	WP_004223823.1	BN373_14231
YFI97177.1	WP_004222692.1	BN373_06381
YFI97136.1	WP_004177357.1	BN373_06821
YFI97729.1	WP_004178269.1	BN373_00361
YFI97706.1	WP_004186501.1	BN373_00601
YFI98011.1	WP_004901586.1	BN373_47461
YFI96866.1	WP_004147400.1	BN373_09631
YFI98317.1	WP_004151407.1	BN373_44261
YFI97192.1	WP_002888816.1	BN373_06221
YFI99878.1	WP_004898908.1	BN373_27611
YFI99894.1	WP_002909055.1	BN373_27461
YFJ00096.1	WP_004898584.1	BN373_25321
YFJ00505.1	WP_032447503.1	BN373_19561
YFI98982.1	WP_004174666.1	BN373_37201
YFI96421.1	WP_004223816.1	BN373_14181
YFI97264.1	WP_004222649.1	BN373_05471
YFI96938.1	WP_004151336.1	BN373_08901
YFI98572.1	WP_004900790.1	BN373_41631
YFI97272.1	WP_004147026.1	BN373_05381
YFI98225.1	WP_004901208.1	BN373_45191
YFI98472.1	WP_002918444.1	BN373_42691
YFI98327.1	WP_004889453.1	BN373_44151
YFI98201.1	WP_004901259.1	BN373_45451
YFI99185.1	WP_004899835.1	BN373_35061
YFI95995.1	WP_014599132.1	BN373_19201
YFI98325.1	WP_002920508.1	BN373_44181
YFI98092.1	WP_004901445.1	BN373_46601
YFI96608.1	WP_004223625.1	BN373_12211
YFJ00210.1	WP_004898414.1	BN373_24041
YFI99455.1	WP_004899493.1	BN373_31721
YFJ00450.1	WP_004899045.1	BN373_28711
YFI97365.1	WP_004222503.1	BN373_04371
YFI99380.1	WP_002913016.1	BN373_32531
YFI97671.1	WP_004221952.1	BN373_01011
YFI96038.1	WP_004224256.1	BN373_18731
YFI96342.1	WP_002898148.1	BN373_15471
YFI99235.1	WP_002913731.1	BN373_34561
YFI96358.1	WP_004224001.1	BN373_15311
YFI95898.1	WP_004224485.1	BN373_20221
YFI97814.1	WP_002883416.1	BN373_49501
YFI96333.1	WP_004224016.1	BN373_15561
YFJ00081.1	WP_004898597.1	BN373_25481
YFI98645.1	WP_004900648.1	BN373_40891
YFI97710.1	WP_004221902.1	BN373_00551
YFI96051.1	WP_004224248.1	BN373_18591
YFI98834.1	WP_004900342.1	BN373_38681
YFI98931.1	WP_002915217.1	BN373_37701
YFI99021.1	WP_004900083.1	BN373_36811
YFI99204.1	WP_004899809.1	BN373_34871
YFI96646.1	WP_004223570.1	BN373_11801
YFJ00666.1	WP_004215174.1	BN373_p00101
YFI97471.1	WP_004222296.1	BN373_03291
YFI98272.1	WP_004901124.1	BN373_44701
YFI97160.1	WP_004178624.1	BN373_06561
YFJ00651.1	WP_004213924.1	BN373_p00291
YFI96714.1	WP_014599059.1	BN373_11061
YFI97897.1	WP_004901742.1	BN373_48631
YFI96436.1	WP_004142041.1	BN373_14011
YFI98999.1	WP_004900114.1	BN373_37031
YFI97799.1	WP_004901902.1	BN373_49651
YFI96183.1	WP_004150817.1	BN373_17221
YFI98307.1	WP_004901096.1	BN373_44361
YFI96797.1	WP_032448013.1	BN373_10481
YFI96044.1	WP_004224251.1	BN373_18671
YFJ00216.1	WP_004176050.1	BN373_23981
YFJ00683.1	WP_032448255.1	BN373_p02121
YFI99279.1	WP_004899723.1	BN373_34091
YFI99509.1	WP_004899437.1	BN373_31131
YFI96442.1	WP_004223798.1	BN373_13941
YFI97827.1	WP_002883398.1	BN373_49371
YFI98826.1	WP_004900350.1	BN373_38751
YFJ00571.1	WP_002889384.1	BN373_06911
YFI99657.1	WP_004899610.1	BN373_33431
YFI99959.1	WP_004180308.1	BN373_26751
YFI97396.1	WP_002887454.1	BN373_04011
YFI99337.1	WP_002913196.1	BN373_32981
YFI96756.1	WP_002892486.1	BN373_10641
YFI99302.1	WP_004899596.1	BN373_33331
YFI99057.1	WP_004900041.1	BN373_36441
YFI98676.1	WP_004900586.1	BN373_40531
YFI97524.1	WP_004222153.1	BN373_02561
YFI98515.1	WP_004150944.1	BN373_42241
YFI96293.1	WP_002898422.1	BN373_16021
YFI98335.1	WP_004174025.1	BN373_44071
YFJ00690.1	WP_004213640.1	BN373_p02221
YFI97924.1	WP_004901707.1	BN373_48361
YFI97627.1	WP_004222033.1	BN373_01481
YFI99764.1	WP_004175467.1	BN373_28871
YFI98112.1	WP_004150214.1	BN373_46401
YFI98378.1	WP_002920103.1	BN373_43621
YFI98216.1	WP_004901226.1	BN373_45301
YFI98531.1	WP_004900854.1	BN373_42071
YFJ00142.1	WP_004189794.1	BN373_24851
YFI96633.1	WP_002893896.1	BN373_11941
YFI96305.1	WP_004147847.1	BN373_15891
YFI99546.1	WP_004899365.1	BN373_30721
YFI98318.1	WP_004185965.1	BN373_44251
YFI97638.1	WP_004222004.1	BN373_01351
YFI98674.1	WP_029884113.1	BN373_40571
YFI98110.1	WP_004901415.1	BN373_46421
YFI98360.1	WP_004151402.1	BN373_43811
YFI97464.1	WP_004222275.1	BN373_03191
YFI99948.1	WP_004898777.1	BN373_26901
YFI99001.1	WP_004185384.1	BN373_37011
YFI98184.1	WP_004901297.1	BN373_45651
YFI99709.1	WP_004899137.1	BN373_29471
YFI99206.1	WP_002913838.1	BN373_34851
YFI96908.1	WP_004223054.1	BN373_09191
YFI96291.1	WP_004224033.1	BN373_16041
YFI98232.1	WP_004901194.1	BN373_45111
YFI99723.1	WP_004145536.1	BN373_29311
YFI96546.1	WP_004147607.1	BN373_12871
YFI95897.1	WP_004224488.1	BN373_20231
YFI95732.1	WP_004224667.1	BN373_21481
YFI98244.1	WP_004901172.1	BN373_44991
YFI99568.1	WP_004899304.1	BN373_30441
YFJ00423.1	WP_002912753.1	BN373_31631
YFI98171.1	WP_004901315.1	BN373_45781
YFI97248.1	WP_004222658.1	BN373_05641
YFI96661.1	WP_004142478.1	BN373_11641
YFI99798.1	WP_021440344.1	BN373_28501
YFJ00066.1	WP_004898611.1	BN373_25651
YFI98563.1	WP_004900808.1	BN373_41721
YFI97857.1	WP_004181641.1	BN373_49041
YFI96470.1	WP_004223766.1	BN373_13681
YFI99272.1	WP_004180820.1	BN373_34161
YFI97643.1	WP_004221994.1	BN373_01271
YFI98727.1	WP_014599259.1	BN373_39991
YFI97557.1	WP_004222103.1	BN373_02221
YFI98228.1	WP_077251995.1	BN373_45161
YFI99224.1	WP_004899786.1	BN373_34671
YFI96164.1	WP_004224120.1	BN373_17411
YFJ00486.1	WP_004199891.1	BN373_22971
YFI99233.1	WP_004899767.1	BN373_34581
YFI98705.1	WP_004174438.1	BN373_40211
YFI96946.1	WP_002891638.1	BN373_08821
YFI99310.1	WP_004185003.1	BN373_33241
YFI98262.1	WP_004901142.1	BN373_44801
YFI99230.1	WP_004899775.1	BN373_34611
YFI97157.1	WP_004222718.1	BN373_06591
YFI98702.1	WP_032448102.1	BN373_40251
YFJ00575.1	WP_014599043.1	BN373_06501
YFI99433.1	WP_002912926.1	BN373_31951
YFI98450.1	WP_002918632.1	BN373_42901
YFJ00114.1	WP_004898574.1	BN373_25151
YFI99099.1	WP_004899960.1	BN373_35981
YFI97682.1	WP_002885145.1	BN373_00881
YFI96560.1	WP_004147599.1	BN373_12731
YFI99973.1	WP_004898737.1	BN373_26611
YFI96079.1	WP_004183670.1	BN373_18311
YFI98907.1	WP_004174618.1	BN373_37951
YFI97562.1	WP_004222096.1	BN373_02171
YFI98439.1	WP_002918686.1	BN373_43011
YFI97491.1	WP_004186736.1	BN373_02941
YFI96361.1	WP_004191149.1	BN373_15281
YFI98776.1	WP_004900414.1	BN373_39311
YFI97331.1	WP_004182874.1	BN373_04721
YFI98502.1	WP_002918372.1	BN373_42381
YFI96094.1	WP_002901234.1	BN373_18151
YFI96006.1	WP_004224284.1	BN373_19081
YFI98517.1	WP_004150943.1	BN373_42221
YFI99874.1	WP_002910026.1	BN373_27661
YFI98589.1	WP_004900751.1	BN373_41471
YFI97308.1	WP_004146997.1	BN373_04961
YFI97492.1	WP_004146797.1	BN373_02931
YFJ00218.1	WP_004898397.1	BN373_23961
YFI99745.1	WP_004175456.1	BN373_29081
YFI99560.1	WP_004899334.1	BN373_30571
YFI97527.1	WP_004222149.1	BN373_02531
YFI98165.1	WP_002922397.1	BN373_45841
YFI96887.1	WP_004177229.1	BN373_09401
YFI96304.1	WP_004224028.1	BN373_15901
YFI98365.1	WP_004901033.1	BN373_43751
YFI96583.1	WP_002894617.1	BN373_12471
YFI97205.1	WP_004147092.1	BN373_06091
YFI99527.1	WP_019724801.1	BN373_30951
YFI98638.1	WP_002916844.1	BN373_40961
YFI97774.1	WP_004901924.1	BN373_49911
YFI97976.1	WP_004144989.1	BN373_47831
YFJ00241.1	WP_004224960.1	BN373_23671
YFI96936.1	WP_004223019.1	BN373_08921
YFI96884.1	WP_004177228.1	BN373_09431
YFI99199.1	WP_004899821.1	BN373_34921
YFI97970.1	WP_002882520.1	BN373_47891
YFI96989.1	WP_004222954.1	BN373_08361
YFI98660.1	WP_002916740.1	BN373_40721
YFI97279.1	WP_004222636.1	BN373_05311
YFI96966.1	WP_004144655.1	BN373_08611
YFI97597.1	WP_004222064.1	BN373_01781
YFI96412.1	WP_004183494.1	BN373_14281
YFJ00426.1	WP_004899450.1	BN373_31251
YFI99925.1	WP_004148702.1	BN373_27151
YFI96083.1	WP_004140411.1	BN373_18261
YFI99176.1	WP_004149343.1	BN373_35151
YFI97863.1	WP_002883173.1	BN373_48981
YFI99503.1	WP_004899446.1	BN373_31201
YFI98605.1	WP_004174339.1	BN373_41291
YFI96978.1	WP_002890400.1	BN373_08481
YFI98844.1	WP_004900323.1	BN373_38581
YFI99356.1	WP_004899579.1	BN373_32791
YFI98168.1	WP_004901325.1	BN373_45811
YFI97872.1	WP_004901782.1	BN373_48891
YFI99607.1	WP_004214380.1	BN373_29941
YFI99342.1	WP_004149189.1	BN373_32931
YFI98864.1	WP_004900276.1	BN373_38381
YFI97988.1	WP_004150309.1	BN373_47701
YFI99388.1	WP_029884297.1	BN373_32451
YFI99009.1	WP_004900095.1	BN373_36931
YFI97822.1	WP_004152055.1	BN373_49421
YFI98596.1	WP_004900731.1	BN373_41391
YFI97948.1	WP_002882755.1	BN373_48111
YFI96993.1	WP_004147293.1	BN373_08321
YFI99704.1	WP_002911425.1	BN373_29521
YFI99469.1	WP_004899487.1	BN373_31571
YFI99348.1	WP_004195340.1	BN373_32871
YFI99416.1	WP_004899502.1	BN373_32161
YFI98367.1	WP_004150031.1	BN373_43731
YFI99143.1	WP_002914069.1	BN373_35521
YFI98938.1	WP_004151065.1	BN373_37631
YFI97636.1	WP_004222008.1	BN373_01371
YFI96576.1	WP_004176876.1	BN373_12561
YFI97609.1	WP_004177727.1	BN373_01661
YFI97292.1	WP_004222624.1	BN373_05151
YFI96321.1	WP_002898195.1	BN373_15681
YFI99690.1	WP_002911479.1	BN373_29661
YFI99073.1	WP_004151036.1	BN373_36281
YFI99966.1	WP_002908285.1	BN373_26681
YFI97759.1	WP_004221825.1	BN373_00041
YFI99837.1	WP_004175566.1	BN373_28101
YFI96927.1	WP_004223030.1	BN373_09011
YFJ00707.1	WP_004212803.1	BN373_p01191
YFI98902.1	WP_002915510.1	BN373_38001
YFI96928.1	WP_004147344.1	BN373_09001
YFI99962.1	WP_004898750.1	BN373_26721
YFI97236.1	WP_002888559.1	BN373_05771
YFI96529.1	WP_004179067.1	BN373_13031
YFI96354.1	WP_004224005.1	BN373_15351
YFI99805.1	WP_004898999.1	BN373_28441
YFI99401.1	WP_002912990.1	BN373_32311
YFI97708.1	WP_029884338.1	BN373_00571
YFI96340.1	WP_004150842.1	BN373_15491
YFI99409.1	WP_004899509.1	BN373_32231
YFI96298.1	WP_004224030.1	BN373_15961
YFI95952.1	WP_004224386.1	BN373_19661
YFI99731.1	WP_002910924.1	BN373_29231
YFI96332.1	WP_002898170.1	BN373_15571
YFI99765.1	WP_004211063.1	BN373_28861
YFI99454.1	WP_002912827.1	BN373_31731
YFI98606.1	WP_004149864.1	BN373_41281
YFI98297.1	WP_004901100.1	BN373_44451
YFI99515.1	WP_004899426.1	BN373_31071
YFI96452.1	WP_004223782.1	BN373_13851
YFJ00650.1	WP_004213922.1	BN373_p00311
YFI99761.1	WP_004899081.1	BN373_28901
YFI99682.1	WP_004899171.1	BN373_29741
YFI98738.1	WP_004149758.1	BN373_39871
YFI97553.1	WP_004222110.1	BN373_02261
YFI96727.1	WP_004223434.1	BN373_10931
YFI99267.1	WP_002913506.1	BN373_34221
YFJ00648.1	WP_004213920.1	BN373_p00331
YFI97242.1	WP_002888534.1	BN373_05711
YFI96162.1	WP_004224125.1	BN373_17431
YFI96355.1	WP_004224003.1	BN373_15341
YFI97119.1	WP_004151928.1	BN373_06991
YFI97020.1	WP_004222919.1	BN373_08031
YFI96369.1	WP_004176700.1	BN373_15201
YFI96168.1	WP_004224117.1	BN373_17361
YFI98096.1	WP_004901441.1	BN373_46561
YFI98939.1	WP_004900203.1	BN373_37621
YFI99011.1	WP_004151044.1	BN373_36911
YFI98984.1	WP_004900126.1	BN373_37181
YFI97261.1	WP_004177423.1	BN373_05501
YFJ00141.1	WP_004898550.1	BN373_24861
YFI95962.1	WP_004224349.1	BN373_19531
YFJ00029.1	WP_004898651.1	BN373_26031
YFI98612.1	WP_004900700.1	BN373_41211
YFI98121.1	WP_004901394.1	BN373_46311
YFI96932.1	WP_002891866.1	BN373_08961
YFJ00188.1	WP_002906125.1	BN373_24281
YFI99796.1	WP_004899020.1	BN373_28521
YFI99288.1	WP_004149230.1	BN373_34001
YFI99428.1	WP_004899497.1	BN373_32021
YFI99461.1	WP_002912760.1	BN373_31661
YFI98039.1	WP_004173858.1	BN373_47181
YFI96481.1	WP_004223750.1	BN373_13571
YFI99748.1	WP_002910904.1	BN373_29051
YFI96394.1	WP_004179131.1	BN373_14931
YFI99985.1	WP_004175750.1	BN373_26491
YFI99816.1	WP_004200291.1	BN373_28331
YFI99596.1	WP_004899213.1	BN373_30071
YFI98220.1	WP_004173944.1	BN373_45251
YFI97448.1	WP_004222327.1	BN373_03451
YFI96545.1	WP_004223682.1	BN373_12881
YFI96283.1	WP_004224042.1	BN373_16151
YFI99047.1	WP_004185353.1	BN373_36541
YFI98970.1	WP_004900161.1	BN373_37321
YFI98115.1	WP_004901407.1	BN373_46371
YFI96953.1	WP_004223003.1	BN373_08751
YFI96880.1	WP_002892195.1	BN373_09471
YFI98206.1	WP_004152427.1	BN373_45401
YFI96335.1	WP_004224015.1	BN373_15541
YFI99362.1	WP_004214600.1	BN373_32731
YFI96575.1	WP_004223659.1	BN373_12571
YFI98593.1	WP_002917676.1	BN373_41421
YFI97332.1	WP_002887805.1	BN373_04711
YFI96685.1	WP_004191441.1	BN373_11361
YFI96559.1	WP_002894753.1	BN373_12741
YFI99933.1	WP_004898806.1	BN373_27071
YFI98867.1	WP_002915744.1	BN373_38351
YFI96664.1	WP_077251986.1	BN373_11611
YFI96565.1	WP_002894734.1	BN373_12681
YFI99284.1	WP_004159719.1	BN373_34041
YFI99105.1	WP_004174799.1	BN373_35921
YFI98024.1	WP_004901568.1	BN373_47321
YFI96363.1	WP_004176693.1	BN373_15261
YFJ00345.1	WP_004143447.1	BN373_22571
YFJ00157.1	WP_004898531.1	BN373_24661
YFJ00103.1	WP_002907489.1	BN373_25251
YFI98264.1	WP_004901135.1	BN373_44781
YFI98161.1	WP_002922413.1	BN373_45891
YFI97744.1	WP_004221841.1	BN373_00201
YFI97519.1	WP_004222166.1	BN373_02621
YFI97255.1	WP_004211715.1	BN373_05561
YFI95759.1	WP_004224644.1	BN373_21191
YFJ00600.1	WP_024623073.1	BN373_00851
YFI98238.1	WP_004150117.1	BN373_45051
YFI96878.1	WP_002892203.1	BN373_09501
YFI96366.1	WP_004176696.1	BN373_15231
YFI96277.1	WP_004176629.1	BN373_16211
YFI95879.1	WP_002902967.1	BN373_20431
YFI95775.1	WP_004224621.1	BN373_21021
YFJ00717.1	WP_004212831.1	BN373_p01031
YFI98583.1	WP_004900760.1	BN373_41521
YFI98004.1	WP_004150295.1	BN373_47531
YFI97866.1	WP_002883142.1	BN373_48951
YFI97692.1	WP_002885082.1	BN373_00751
YFI95850.1	WP_004179678.1	BN373_20721
YFI99785.1	WP_004180410.1	BN373_28641
YFI99396.1	WP_004899524.1	BN373_32371
YFI97043.1	WP_002890060.1	BN373_07821
YFI95997.1	WP_002901817.1	BN373_19171
YFI97808.1	WP_002883424.1	BN373_49561
YFI96551.1	WP_002894773.1	BN373_12821
YFI96467.1	WP_004223770.1	BN373_13711
YFI98933.1	WP_004142808.1	BN373_37681
YFI97587.1	WP_004222074.1	BN373_01901
YFI96302.1	WP_002898390.1	BN373_15921
YFI99856.1	WP_004148754.1	BN373_27931
YFI99585.1	WP_004148971.1	BN373_30211
YFI99398.1	WP_002912994.1	BN373_32341
YFI97994.1	WP_004150305.1	BN373_47641
YFI97756.1	WP_004177864.1	BN373_00071
YFJ00582.1	WP_004151379.1	BN373_05111
YFI96163.1	WP_004224123.1	BN373_17421
YFJ00199.1	WP_004898428.1	BN373_24171
YFI97269.1	WP_004222643.1	BN373_05411
YFJ00183.1	WP_002906226.1	BN373_24341
YFI99583.1	WP_004899238.1	BN373_30251
YFI99485.1	WP_004899473.1	BN373_31411
YFI99376.1	WP_004899549.1	BN373_32581
YFI98331.1	WP_004901070.1	BN373_44111
YFI98026.1	WP_002923307.1	BN373_47301
YFI99138.1	WP_004144357.1	BN373_35571
YFI98190.1	WP_004901278.1	BN373_45561
YFJ00180.1	WP_004898472.1	BN373_24371
YFI99153.1	WP_004144346.1	BN373_35411
YFI95978.1	WP_004224309.1	BN373_19371
YFI95776.1	WP_004224616.1	BN373_21011
YFI95770.1	WP_004183910.1	BN373_21071
YFJ00495.1	WP_004190310.1	BN373_21101
YFI97257.1	WP_004147039.1	BN373_05541
YFJ00275.1	WP_004224893.1	BN373_23311
YFI99476.1	WP_004899483.1	BN373_31501
YFI98609.1	WP_004900707.1	BN373_41251
YFI98209.1	WP_002921789.1	BN373_45371
YFI97202.1	WP_004222675.1	BN373_06131
YFI96636.1	WP_004223595.1	BN373_11901
YFI96271.1	WP_004183615.1	BN373_16271
YFI97697.1	WP_004177824.1	BN373_00701
YFI97760.1	WP_002884559.1	BN373_00021
YFI98564.1	WP_004149900.1	BN373_41711
YFI97193.1	WP_004222681.1	BN373_06211
YFI96030.1	WP_004148109.1	BN373_18821
YFJ00325.1	WP_004224801.1	BN373_22771
YFI96422.1	WP_002895876.1	BN373_14161
YFI95953.1	WP_004183804.1	BN373_19651
YFI95854.1	WP_004224570.1	BN373_20681
YFI99413.1	WP_004151118.1	BN373_32191
YFI98755.1	WP_004900484.1	BN373_39641
YFI97763.1	WP_004901938.1	BN373_50031
YFI97346.1	WP_004222534.1	BN373_04561
YFJ00264.1	WP_004224908.1	BN373_23431
YFI99739.1	WP_004899105.1	BN373_29141
YFI99680.1	WP_002911499.1	BN373_29761
YFI99504.1	WP_002912435.1	BN373_31191
YFI99940.1	WP_004898788.1	BN373_26991
YFI97711.1	WP_004221898.1	BN373_00541
YFI96429.1	WP_002895847.1	BN373_14081
YFI99198.1	WP_004151979.1	BN373_34931
YFI95852.1	WP_004224576.1	BN373_20701
YFI95704.1	WP_004224706.1	BN373_21851
YFI98533.1	WP_002917960.1	BN373_42051
YFI97244.1	WP_004178594.1	BN373_05681
YFJ00538.1	WP_002895047.1	BN373_13101
YFI98257.1	WP_004181484.1	BN373_44851
YFI96758.1	WP_004223397.1	BN373_10621
YFI96666.1	WP_004223533.1	BN373_11581
YFI96600.1	WP_004142378.1	BN373_12301
YFJ00255.1	WP_004224924.1	BN373_23511
YFI99417.1	WP_004899499.1	BN373_32151
YFI97393.1	WP_004222444.1	BN373_04051
YFI96029.1	WP_004176488.1	BN373_18831
YFI99738.1	WP_004145524.1	BN373_29151
YFI98095.1	WP_002922953.1	BN373_46571
YFI96914.1	WP_004142709.1	BN373_09131
YFJ00324.1	WP_004224803.1	BN373_22781
YFI99044.1	WP_002914353.1	BN373_36571
YFI97891.1	WP_004901757.1	BN373_48691
YFI98773.1	WP_004900417.1	BN373_39341
YFI98222.1	WP_002921516.1	BN373_45231
YFI96223.1	WP_023282355.1	BN373_16771
YFI99756.1	WP_004184648.1	BN373_28951
YFI99025.1	WP_004174690.1	BN373_36771
YFJ00161.1	WP_004148517.1	BN373_24621
YFI98152.1	WP_004901339.1	BN373_45981
YFI97862.1	WP_002883174.1	BN373_48991
YFI97736.1	WP_004221855.1	BN373_00291
YFI96654.1	WP_004223550.1	BN373_11721
YFI95965.1	WP_004224342.1	BN373_19501
YFI98175.1	WP_002922346.1	BN373_45741
YFI97983.1	WP_004144995.1	BN373_47761
YFI96411.1	WP_004223829.1	BN373_14291
YFI95984.1	WP_002901979.1	BN373_19321
YFI99048.1	WP_004900055.1	BN373_36531
YFI96570.1	WP_004223664.1	BN373_12621
YFI99840.1	WP_002910193.1	BN373_28071
YFI97074.1	WP_004222820.1	BN373_07481
YFI96209.1	WP_015874634.1	BN373_16941
YFI96073.1	WP_004224221.1	BN373_18381
YFJ00337.1	WP_004224762.1	BN373_22641
YFJ00021.1	WP_004898661.1	BN373_26121
YFI99758.1	WP_002910889.1	BN373_28931
YFI99205.1	WP_004149289.1	BN373_34861
YFI97780.1	WP_004171439.1	BN373_49851
YFI95968.1	WP_004224331.1	BN373_19461
YFI99357.1	WP_002913146.1	BN373_32781
YFI95839.1	WP_014599149.1	BN373_20821
YFJ00708.1	WP_004212804.1	BN373_p01171
YFJ00019.1	WP_004898666.1	BN373_26141
YFI97286.1	WP_004222627.1	BN373_05221
YFI96480.1	WP_004223753.1	BN373_13581
YFJ00377.1	WP_004901121.1	BN373_44651
YFI98889.1	WP_004900254.1	BN373_38141
YFI98279.1	WP_004901116.1	BN373_44611
YFI99439.1	WP_002912876.1	BN373_31891
YFI99086.1	WP_004899995.1	BN373_36151
YFI99074.1	WP_004900022.1	BN373_36271
YFI97868.1	WP_002883134.1	BN373_48931
YFI97672.1	WP_002885173.1	BN373_01001
YFI96651.1	WP_002893599.1	BN373_11751
YFI95905.1	WP_004224471.1	BN373_20141
YFI99322.1	WP_002913213.1	BN373_33121
YFI98740.1	WP_002916299.1	BN373_39851
YFI96754.1	WP_002892491.1	BN373_10661
YFI96742.1	WP_004147437.1	BN373_10781
YFI99676.1	WP_002911516.1	BN373_29811
YFI97150.1	WP_004222730.1	BN373_06661
YFJ00443.1	WP_045145336.1	BN373_29841
YFI98099.1	WP_002922944.1	BN373_46531
YFI97918.1	WP_004151860.1	BN373_48421
YFI97600.1	WP_004222059.1	BN373_01751
YFI97500.1	WP_002886954.1	BN373_02821
YFI95774.1	WP_004148278.1	BN373_21031
YFI98312.1	WP_004901088.1	BN373_44311
YFI97853.1	WP_002883220.1	BN373_49081
YFI96243.1	WP_004147889.1	BN373_16571
YFI96122.1	WP_004224180.1	BN373_17841
YFJ00101.1	WP_004151211.1	BN373_25271
YFJ00077.1	WP_004151206.1	BN373_25531
YFI97968.1	WP_002882529.1	BN373_47911
YFI97495.1	WP_004146794.1	BN373_02871
YFJ00544.1	WP_004223622.1	BN373_12191
YFI98230.1	WP_004901198.1	BN373_45141
YFI97657.1	WP_004177782.1	BN373_01151
YFI97607.1	WP_004178330.1	BN373_01681
YFI97546.1	WP_004222129.1	BN373_02341
YFI97497.1	WP_002886957.1	BN373_02851
YFI97262.1	WP_004177424.1	BN373_05491
YFI96627.1	WP_004223603.1	BN373_12001
YFJ00165.1	WP_004175980.1	BN373_24581
YFI97971.1	WP_004151555.1	BN373_47881
YFI96719.1	WP_004223446.1	BN373_11011
YFI95910.1	WP_004140136.1	BN373_20091
YFJ00244.1	WP_004224955.1	BN373_23641
YFI98248.1	WP_002921200.1	BN373_44941
YFI96614.1	WP_004176893.1	BN373_12141
YFI98075.1	WP_004901486.1	BN373_46781
YFI97166.1	WP_004222706.1	BN373_06491
YFJ00522.1	WP_004224052.1	BN373_16311
YFI99914.1	WP_004898831.1	BN373_27251
YFI99599.1	WP_004899206.1	BN373_30021
YFI98566.1	WP_004900802.1	BN373_41691
YFI98554.1	WP_004900826.1	BN373_41811
YFI98510.1	WP_002918252.1	BN373_42291
YFI97378.1	WP_004222484.1	BN373_04221
YFI97235.1	WP_004182923.1	BN373_05781
YFI97419.1	WP_004222399.1	BN373_03771
YFI96746.1	WP_004142660.1	BN373_10731
YFI96716.1	WP_004223455.1	BN373_11041
YFJ00614.1	WP_004181585.1	BN373_47151
YFJ00231.1	WP_004143675.1	BN373_23801
YFI99193.1	WP_004144309.1	BN373_34981
YFI96541.1	WP_004142240.1	BN373_12911
YFI96065.1	WP_004224236.1	BN373_18461
YFI99703.1	WP_004899141.1	BN373_29531
YFI97860.1	WP_004901819.1	BN373_49011
YFI97802.1	WP_004146456.1	BN373_49621
YFI97455.1	WP_032447996.1	BN373_03381
YFI97229.1	WP_004145947.1	BN373_05841
YFI96944.1	WP_004178749.1	BN373_08841
YFI96755.1	WP_004151795.1	BN373_10651
YFI98633.1	WP_014599265.1	BN373_41011
YFI96663.1	WP_004191424.1	BN373_11621
YFI96505.1	WP_004223711.1	BN373_13301
YFI96381.1	WP_002896382.1	BN373_15071
YFI99432.1	WP_002912929.1	BN373_31981
YFI98444.1	WP_002918644.1	BN373_42961
YFI97481.1	WP_004222216.1	BN373_03041
YFI97478.1	WP_004222224.1	BN373_03081
YFI99421.1	WP_004211510.1	BN373_32111
YFI99197.1	WP_004151980.1	BN373_34941
YFI97914.1	WP_002882885.1	BN373_48461
YFI97386.1	WP_004222460.1	BN373_04121
YFI96153.1	WP_004147969.1	BN373_17521
YFI95871.1	WP_004224537.1	BN373_20511
YFI99481.1	WP_004899479.1	BN373_31451
YFI99215.1	WP_002913807.1	BN373_34751
YFI96678.1	WP_004223521.1	BN373_11441
YFI95736.1	WP_004224666.1	BN373_21441
YFI99863.1	WP_002910077.1	BN373_27861
YFI99532.1	WP_004899393.1	BN373_30881
YFI99514.1	WP_004899428.1	BN373_31081
YFI99358.1	WP_004151107.1	BN373_32771
YFI97087.1	WP_004222796.1	BN373_07331
YFJ00145.1	WP_002906778.1	BN373_24821
YFI99581.1	WP_004899241.1	BN373_30271
YFI98178.1	WP_004150156.1	BN373_45711
YFJ00379.1	WP_004181435.1	BN373_43081
YFI97796.1	WP_002883450.1	BN373_49681
YFI96902.1	WP_002892023.1	BN373_09261
YFI95674.1	WP_004224730.1	BN373_22161
YFJ00625.1	WP_004901169.1	BN373_44971
YFI99024.1	WP_004145759.1	BN373_36781
YFI98775.1	WP_002916272.1	BN373_39321
YFI97972.1	WP_002882517.1	BN373_47871
YFI97811.1	WP_002883420.1	BN373_49531
YFI97081.1	WP_004213888.1	BN373_07401
YFI96963.1	WP_004151340.1	BN373_08641
YFI96273.1	WP_004224048.1	BN373_16251
YFJ00339.1	WP_004143440.1	BN373_22621
YFI98446.1	WP_004900934.1	BN373_42941
YFI95786.1	WP_004176321.1	BN373_20901
YFI99889.1	WP_004898893.1	BN373_27501
YFI99700.1	WP_002911440.1	BN373_29551
YFI99018.1	WP_002914879.1	BN373_36841
YFI96542.1	WP_004152225.1	BN373_12901
YFI96371.1	WP_004223986.1	BN373_15181
YFJ00590.1	WP_002887064.1	BN373_03461
YFI99766.1	WP_004180417.1	BN373_28851
YFI99449.1	WP_004149095.1	BN373_31781
YFI97380.1	WP_002887553.1	BN373_04201
YFI95865.1	WP_004224547.1	BN373_20571
YFI99580.1	WP_004194290.1	BN373_30281
YFI99397.1	WP_002912996.1	BN373_32361
YFI99162.1	WP_004899871.1	BN373_35291
YFI97634.1	WP_002885424.1	BN373_01401
YFJ00400.1	WP_014599250.1	BN373_38921
YFJ00132.1	WP_004180137.1	BN373_24951
YFI99883.1	WP_004180372.1	BN373_27561
YFI99719.1	WP_004148845.1	BN373_29361
YFI99506.1	WP_004899441.1	BN373_31161
YFI99210.1	WP_004174870.1	BN373_34811
YFI98729.1	WP_002916322.1	BN373_39971
YFI98624.1	WP_004174353.1	BN373_41091
YFI98575.1	WP_004900781.1	BN373_41601
YFI98574.1	WP_004900784.1	BN373_41611
YFI98499.1	WP_004149937.1	BN373_42421
YFI98479.1	WP_002918420.1	BN373_42621
YFI98310.1	WP_002920564.1	BN373_44331
YFI98065.1	WP_002923111.1	BN373_46861
YFI97428.1	WP_004222374.1	BN373_03661
YFI97149.1	WP_004177363.1	BN373_06671
YFI96191.1	WP_002900680.1	BN373_17131
YFI97315.1	WP_004222586.1	BN373_04891
YFI97010.1	WP_004222931.1	BN373_08151
YFI95868.1	WP_002903059.1	BN373_20541
YFJ00125.1	WP_004175939.1	BN373_25021
YFI98959.1	WP_004151060.1	BN373_37411
YFI98943.1	WP_004181094.1	BN373_37571
YFI98822.1	WP_004174521.1	BN373_38801
YFI96918.1	WP_004142690.1	BN373_09091
YFI96706.1	WP_004223482.1	BN373_11141
YFI96143.1	WP_004224162.1	BN373_17651
YFJ00579.1	WP_002888731.1	BN373_06101
YFI99678.1	WP_004175414.1	BN373_29781
YFI99671.1	WP_004899180.1	BN373_29861
YFI99547.1	WP_004899361.1	BN373_30711
YFI99017.1	WP_004900086.1	BN373_36851
YFI96567.1	WP_002894730.1	BN373_12661
YFI95889.1	WP_004224501.1	BN373_20311
YFI95676.1	WP_004148352.1	BN373_22141
YFJ00412.1	WP_004899887.1	BN373_35391
YFJ00003.1	WP_029884560.1	BN373_26311
YFI98915.1	WP_004900233.1	BN373_37881
YFI98808.1	WP_002916001.1	BN373_38951
YFI98584.1	WP_004900756.1	BN373_41511
YFI96265.1	WP_004224053.1	BN373_16341
YFJ00013.1	WP_004898679.1	BN373_26201
YFI99276.1	WP_004145598.1	BN373_34121
YFI98901.1	WP_004900250.1	BN373_38011
YFI98466.1	WP_002918461.1	BN373_42751
YFI97518.1	WP_004222169.1	BN373_02631
YFI97508.1	WP_004186723.1	BN373_02741
YFI97155.1	WP_004191940.1	BN373_06611
YFI99809.1	WP_004898990.1	BN373_28401
YFI99519.1	WP_004899418.1	BN373_31021
YFI99494.1	WP_004151136.1	BN373_31321
YFI97718.1	WP_002884942.1	BN373_00461
YFI97654.1	WP_004218080.1	BN373_01181
YFJ00120.1	WP_004898563.1	BN373_25071
YFI99921.1	WP_002908859.1	BN373_27181
YFI98781.1	WP_014599252.1	BN373_39261
YFI98647.1	WP_004144547.1	BN373_40871
YFI98553.1	WP_002917899.1	BN373_41821
YFI97414.1	WP_004222417.1	BN373_03831
YFJ00610.1	WP_002882749.1	BN373_48081
YFI97949.1	WP_002882753.1	BN373_48101
YFI97026.1	WP_004222908.1	BN373_07971
YFI95688.1	WP_004151621.1	BN373_22021
YFJ00404.1	WP_002915162.1	BN373_37591
YFJ00213.1	WP_004898411.1	BN373_24011
YFI99518.1	WP_004899420.1	BN373_31041
YFI98911.1	WP_002915313.1	BN373_37921
YFI97209.1	WP_004145929.1	BN373_06051
YFI96129.1	WP_004140511.1	BN373_17781
YFI99246.1	WP_004213212.1	BN373_34441
YFI99242.1	WP_004899754.1	BN373_34481
YFI98008.1	WP_004151534.1	BN373_47491
YFI97567.1	WP_002886688.1	BN373_02111
YFI96557.1	WP_004152230.1	BN373_12751
YFJ00568.1	WP_002889795.1	BN373_07381
YFI99593.1	WP_004200343.1	BN373_30111
YFI99000.1	WP_002914970.1	BN373_37021
YFI97876.1	WP_002883016.1	BN373_48841
YFI97581.1	WP_002885681.1	BN373_01971
YFI97246.1	WP_004177417.1	BN373_05661
YFI96744.1	WP_004223403.1	BN373_10761
YFI96318.1	WP_002898206.1	BN373_15731
YFI95849.1	WP_004224578.1	BN373_20731
YFJ00262.1	WP_004224912.1	BN373_23451
YFJ00119.1	WP_004151214.1	BN373_25091
YFI98910.1	WP_004900241.1	BN373_37931
YFI97963.1	WP_002882539.1	BN373_47961
YFI97075.1	WP_004222818.1	BN373_07471
YFI96281.1	WP_004224044.1	BN373_16171
YFI95987.1	WP_002901917.1	BN373_19281
YFJ00576.1	WP_071526609.1	BN373_06331
YFI99989.1	WP_004898709.1	BN373_26451
YFI99448.1	WP_004149097.1	BN373_31791
YFI98699.1	WP_002916587.1	BN373_40291
YFI98207.1	WP_004901246.1	BN373_45391
YFI97766.1	WP_004895017.1	BN373_50001
YFJ00307.1	WP_004224854.1	BN373_22991
YFI99196.1	WP_004899825.1	BN373_34951
YFI98097.1	WP_004150226.1	BN373_46551
YFI98043.1	WP_002923280.1	BN373_47131
YFI96987.1	WP_004151345.1	BN373_08391
YFI96264.1	WP_004141463.1	BN373_16351
YFI96049.1	WP_004151918.1	BN373_18611
YFI95993.1	WP_004224290.1	BN373_19221
YFJ00393.1	WP_004900511.1	BN373_39821
YFI99838.1	WP_004175568.1	BN373_28091
YFI98856.1	WP_004900298.1	BN373_38461
YFI98167.1	WP_004901328.1	BN373_45821
YFI97029.1	WP_004183139.1	BN373_07951
YFI95838.1	WP_002903386.1	BN373_20831
YFI95679.1	WP_004224726.1	BN373_22111
YFJ00232.1	WP_004176074.1	BN373_23791
YFI99387.1	WP_004184948.1	BN373_32461
YFI97838.1	WP_004901855.1	BN373_49241
YFI97430.1	WP_004222371.1	BN373_03641
YFI97215.1	WP_004145935.1	BN373_05981
YFI96857.1	WP_004191607.1	BN373_09711
YFJ00168.1	WP_004898499.1	BN373_24531
YFJ00163.1	WP_004151231.1	BN373_24601
YFI99835.1	WP_002910201.1	BN373_28121
YFI97985.1	WP_004144997.1	BN373_47741
YFI97334.1	WP_002887800.1	BN373_04691
YFI96479.1	WP_004147672.1	BN373_13591
YFI95842.1	WP_004183892.1	BN373_20801
YFJ00358.1	WP_014599164.1	BN373_22441
YFI98580.1	WP_004900767.1	BN373_41551
YFI98094.1	WP_004150228.1	BN373_46581
YFI97028.1	WP_004222905.1	BN373_07961
YFI96002.1	WP_004151902.1	BN373_19121
YFI95929.1	WP_004224421.1	BN373_19891
YFI95881.1	WP_004224515.1	BN373_20411
YFI99366.1	WP_029884298.1	BN373_32691
YFI98873.1	WP_004185466.1	BN373_38301
YFI98667.1	WP_014599261.1	BN373_40651
YFI98415.1	WP_002919153.1	BN373_43261
YFI96713.1	WP_004178890.1	BN373_11071
YFI96425.1	WP_004223813.1	BN373_14121
YFJ00047.1	WP_004148609.1	BN373_25841
YFI98350.1	WP_002920252.1	BN373_43911
YFI97952.1	WP_002882745.1	BN373_48071
YFI97908.1	WP_002882898.1	BN373_48521
YFI97878.1	WP_004146283.1	BN373_48821
YFI97542.1	WP_004222132.1	BN373_02381
YFI96994.1	WP_002890348.1	BN373_08311
YFI96596.1	WP_004142371.1	BN373_12341
YFI95924.1	WP_004151591.1	BN373_19951
YFJ00330.1	WP_004224794.1	BN373_22721
YFJ00086.1	WP_004180160.1	BN373_25431
YFI99725.1	WP_004184658.1	BN373_29291
YFI99520.1	WP_004899416.1	BN373_31001
YFI99115.1	WP_004899936.1	BN373_35811
YFI98058.1	WP_002923153.1	BN373_46951
YFI97987.1	WP_004151550.1	BN373_47711
YFI97400.1	WP_004146105.1	BN373_03971
YFI97208.1	WP_004147090.1	BN373_06061
YFI96743.1	WP_002892640.1	BN373_10771
YFI96149.1	WP_004176557.1	BN373_17561
YFJ00002.1	WP_004898695.1	BN373_26321
YFI99480.1	WP_002912678.1	BN373_31461
YFI98919.1	WP_002915258.1	BN373_37831
YFI98917.1	WP_002915259.1	BN373_37851
YFI98457.1	WP_004900929.1	BN373_42831
YFI97933.1	WP_004150366.1	BN373_48271
YFI97108.1	WP_002889632.1	BN373_07111
YFI99740.1	WP_004151445.1	BN373_29131
YFI99446.1	WP_004899495.1	BN373_31821
YFI99110.1	WP_002914152.1	BN373_35871
YFI98068.1	WP_004186228.1	BN373_46831
YFI98003.1	WP_004186273.1	BN373_47541
YFI97268.1	WP_002888345.1	BN373_05421
YFI96958.1	WP_004222997.1	BN373_08691
YFI96956.1	WP_004177260.1	BN373_08711
YFI95721.1	WP_002903916.1	BN373_21591
YFJ00070.1	WP_004898607.1	BN373_25611
YFI99491.1	WP_004899464.1	BN373_31351
YFI99247.1	WP_004152001.1	BN373_34431
YFI99544.1	WP_004148994.1	BN373_30741
YFI97391.1	WP_004222447.1	BN373_04071
YFI97324.1	WP_004222560.1	BN373_04801
YFI97234.1	WP_004222665.1	BN373_05791
YFI96620.1	WP_002894151.1	BN373_12071
YFI96056.1	WP_004148091.1	BN373_18541
YFI96031.1	WP_004224272.1	BN373_18811
YFI99742.1	WP_004899103.1	BN373_29111
YFI98330.1	WP_004901073.1	BN373_44121
YFI98193.1	WP_004901270.1	BN373_45531
YFI97598.1	WP_004178335.1	BN373_01771
YFJ00427.1	WP_004899449.1	BN373_31241
YFI99061.1	WP_004900038.1	BN373_36401
YFI98925.1	WP_002915225.1	BN373_37761
YFI98854.1	WP_004900305.1	BN373_38481
YFI98241.1	WP_002921271.1	BN373_45021
YFI97655.1	WP_004221977.1	BN373_01171
YFI97538.1	WP_004152265.1	BN373_02421
YFI97520.1	WP_004222163.1	BN373_02611
YFI97137.1	WP_004177358.1	BN373_06811
YFI95779.1	WP_004224612.1	BN373_20981
YFI98433.1	WP_004174096.1	BN373_43061
YFI98091.1	WP_004901448.1	BN373_46611
YFI97745.1	WP_004146591.1	BN373_00191
YFI97693.1	WP_002885079.1	BN373_00741
YFJ00629.1	WP_011154555.1	BN373_p00901
YFI99377.1	WP_002913019.1	BN373_32571
YFI97840.1	WP_004901848.1	BN373_49221
YFI97070.1	WP_004222829.1	BN373_07531
YFI96053.1	WP_004148093.1	BN373_18571
YFJ00227.1	WP_004224995.1	BN373_23851
YFJ00100.1	WP_002907549.1	BN373_25281
YFI99468.1	WP_002912743.1	BN373_31581
YFI98812.1	WP_004900366.1	BN373_38911
YFI98641.1	WP_004900656.1	BN373_40931
YFI98508.1	WP_004144895.1	BN373_42311
YFI97463.1	WP_004222271.1	BN373_03181
YFI97355.1	WP_004222511.1	BN373_04481
YFI97097.1	WP_002889702.1	BN373_07231
YFI96349.1	WP_004224013.1	BN373_15401
YFI96077.1	WP_004176526.1	BN373_18331
YFI95964.1	WP_014599135.1	BN373_19511
YFI99967.1	WP_009307654.1	BN373_26671
YFI99794.1	WP_004899025.1	BN373_28541
YFI98927.1	WP_002915223.1	BN373_37741
YFI98926.1	WP_004900218.1	BN373_37751
YFI98304.1	WP_002920773.1	BN373_44381
YFI97782.1	WP_004192681.1	BN373_49821
YFI97290.1	WP_004151375.1	BN373_05181
YFI95870.1	WP_004224541.1	BN373_20521
YFJ00328.1	WP_002904838.1	BN373_22741
YFJ00016.1	WP_004898670.1	BN373_26171
YFI99350.1	WP_002913158.1	BN373_32851
YFI99156.1	WP_004149357.1	BN373_35371
YFI98998.1	WP_002914972.1	BN373_37041
YFI98821.1	WP_004174520.1	BN373_38811
YFI98504.1	WP_004900886.1	BN373_42361
YFI98030.1	WP_004901558.1	BN373_47241
YFI98019.1	WP_032448124.1	BN373_47381
YFI97998.1	WP_077264482.1	BN373_47601
YFI97555.1	WP_002886718.1	BN373_02241
YFI96672.1	WP_004183313.1	BN373_11501
YFI97901.1	WP_002882917.1	BN373_48591
YFI96757.1	WP_002892484.1	BN373_10631
YFI96679.1	WP_004223519.1	BN373_11431
YFI99777.1	WP_004145486.1	BN373_28731
YFI99136.1	WP_002914082.1	BN373_35591
YFI98846.1	WP_004149616.1	BN373_38561
YFI98534.1	WP_004149911.1	BN373_42031
YFI98404.1	WP_002919515.1	BN373_43361
YFI97798.1	WP_004152060.1	BN373_49661
YFI97765.1	WP_004901934.1	BN373_50011
YFI96447.1	WP_002895749.1	BN373_13891
YFJ00613.1	WP_004173854.1	BN373_47251
YFJ00338.1	WP_004151635.1	BN373_22631
YFI98042.1	WP_004145056.1	BN373_47141
YFI97644.1	WP_002885393.1	BN373_01261
YFI96517.1	WP_004179068.1	BN373_13161
YFI96408.1	WP_004141985.1	BN373_14321
YFI96064.1	WP_004224239.1	BN373_18471
YFI95867.1	WP_004224544.1	BN373_20551
YFJ00355.1	WP_002904792.1	BN373_22481
YFI99926.1	WP_004148701.1	BN373_27141
YFI99384.1	WP_004184957.1	BN373_32491
YFI99299.1	WP_002913360.1	BN373_33361
YFI98995.1	WP_002914981.1	BN373_37071
YFI98751.1	WP_004900488.1	BN373_39711
YFI98353.1	WP_002920241.1	BN373_43881
YFI98233.1	WP_004150118.1	BN373_45101
YFI98177.1	WP_002922139.1	BN373_45721
YFI98056.1	WP_002923156.1	BN373_46981
YFI98027.1	WP_002923306.1	BN373_47291
YFI97340.1	WP_048267181.1	BN373_04631
YFI96324.1	WP_002898189.1	BN373_15651
YFI96253.1	WP_002898810.1	BN373_16471
YFI99698.1	WP_004899155.1	BN373_29571
YFI99559.1	WP_004899343.1	BN373_30591
YFI97447.1	WP_004178432.1	BN373_03471
YFI96995.1	WP_004144627.1	BN373_08301
YFI96484.1	WP_004223744.1	BN373_13541
YFI98718.1	WP_002916483.1	BN373_40081
YFI98319.1	WP_002920542.1	BN373_44241
YFI98291.1	WP_004901106.1	BN373_44501
YFI97726.1	WP_004151748.1	BN373_00391
YFI97232.1	WP_004147075.1	BN373_05811
YFI95886.1	WP_004224503.1	BN373_20341
YFI97681.1	WP_004146659.1	BN373_00901
YFI97126.1	WP_004177351.1	BN373_06931
YFI95985.1	WP_004224298.1	BN373_19311
YFJ00243.1	WP_004224957.1	BN373_23651
YFI99301.1	WP_002913358.1	BN373_33341
YFI98903.1	WP_004900247.1	BN373_37991
YFI97487.1	WP_004222206.1	BN373_02981
YFI97252.1	WP_004222654.1	BN373_05591
YFI95785.1	WP_004151561.1	BN373_20911
YFI97521.1	WP_004192387.1	BN373_02601
YFI96911.1	WP_004223049.1	BN373_09161
YFI96075.1	WP_004224218.1	BN373_18361
YFJ00604.1	WP_004192658.1	BN373_00031
YFI99540.1	WP_004899380.1	BN373_30791
YFI98930.1	WP_004900214.1	BN373_37711
YFI98104.1	WP_004901427.1	BN373_46481
YFI97312.1	WP_002887901.1	BN373_04921
YFI96881.1	WP_002892192.1	BN373_09461
YFI96768.1	WP_004223389.1	BN373_10531
YFI96443.1	WP_004151702.1	BN373_13931
YFI96185.1	WP_002900778.1	BN373_17201
YFI98963.1	WP_004900177.1	BN373_37371
YFI97635.1	WP_002885423.1	BN373_01391
YFI97293.1	WP_004222622.1	BN373_05131
YFI96717.1	WP_004176990.1	BN373_11031
YFI96420.1	WP_004223819.1	BN373_14191
YFI95847.1	WP_004224582.1	BN373_20751
YFJ00281.1	WP_004224882.1	BN373_23251
YFI99759.1	WP_004899088.1	BN373_28921
YFI99263.1	WP_004174915.1	BN373_34261
YFI99128.1	WP_004144368.1	BN373_35681
YFI98934.1	WP_002915213.1	BN373_37671
YFI98622.1	WP_004900687.1	BN373_41111
YFI97590.1	WP_002885665.1	BN373_01861
YFI97473.1	WP_004222301.1	BN373_03341
YFI96941.1	WP_004147333.1	BN373_08871
YFI99788.1	WP_004175494.1	BN373_28611
YFI98416.1	WP_004185891.1	BN373_43251
YFI98309.1	WP_002920566.1	BN373_44341
YFI97764.1	WP_002884357.1	BN373_50021
YFI96996.1	WP_002890344.1	BN373_08291
YFI95747.1	WP_004148305.1	BN373_21331
YFJ00537.1	WP_002895066.1	BN373_13171
YFJ00354.1	WP_002904794.1	BN373_22491
YFI98771.1	WP_004900421.1	BN373_39361
YFI97460.1	WP_004222263.1	BN373_03151
YFI97404.1	WP_004146918.1	BN373_03931
YFI96348.1	WP_002898139.1	BN373_15411
YFJ00420.1	WP_002913045.1	BN373_32621
YFI99361.1	WP_004899574.1	BN373_32741
YFI98918.1	WP_004151070.1	BN373_37841
YFI97733.1	WP_002884747.1	BN373_00321
YFI96477.1	WP_004223758.1	BN373_13611
YFI96317.1	WP_004224023.1	BN373_15761
YFI99781.1	WP_004148804.1	BN373_28681
YFI99406.1	WP_004211958.1	BN373_32261
YFI99212.1	WP_002913824.1	BN373_34791
YFI99179.1	WP_002913953.1	BN373_35121
YFI99108.1	WP_004149392.1	BN373_35891
YFI98813.1	WP_004900363.1	BN373_38901
YFI98345.1	WP_004901053.1	BN373_43961
YFI98229.1	WP_004901201.1	BN373_45151
YFI97626.1	WP_004146704.1	BN373_01491
YFI97273.1	WP_002888329.1	BN373_05371
YFI96925.1	WP_004152876.1	BN373_09031
YFJ00009.1	WP_004898684.1	BN373_26251
YFI99721.1	WP_004215051.1	BN373_29341
YFI99475.1	WP_004175116.1	BN373_31511
YFI98469.1	WP_002918453.1	BN373_42721
YFI97082.1	WP_004222802.1	BN373_07391
YFI96532.1	WP_002894943.1	BN373_13001
YFI96485.1	WP_004142122.1	BN373_13531
YFI96337.1	WP_002898157.1	BN373_15521
YFI96238.1	WP_002898921.1	BN373_16621
YFI96095.1	WP_004152363.1	BN373_18141
YFI95737.1	WP_002903724.1	BN373_21431
YFI98196.1	WP_002921927.1	BN373_45501
YFI97594.1	WP_004146725.1	BN373_01811
YFI97318.1	WP_002887863.1	BN373_04861
YFI97156.1	WP_002889272.1	BN373_06601
YFI96268.1	WP_004224051.1	BN373_16301
YFI99482.1	WP_002912654.1	BN373_31441
YFI99165.1	WP_002914002.1	BN373_35261
YFI98286.1	WP_004174005.1	BN373_44531
YFI97342.1	WP_004146034.1	BN373_04611
YFJ00254.1	WP_004224926.1	BN373_23521
YFJ00074.1	WP_002907740.1	BN373_25561
YFI99190.1	WP_004149335.1	BN373_35011
YFI98136.1	WP_002922499.1	BN373_46151
YFI97231.1	WP_002888565.1	BN373_05821
YFI96939.1	WP_002891807.1	BN373_08891
YFI95875.1	WP_004151574.1	BN373_20471
YFI99916.1	WP_002908869.1	BN373_27231
YFI98997.1	WP_004900117.1	BN373_37051
YFI98243.1	WP_004901177.1	BN373_45001
YFI98151.1	WP_002922458.1	BN373_45991
YFI97069.1	WP_004222831.1	BN373_07541
YFI96906.1	WP_004177240.1	BN373_09211
YFI95705.1	WP_004224704.1	BN373_21841
YFI99579.1	WP_004899245.1	BN373_30291
YFI99319.1	WP_002913219.1	BN373_33151
YFI97080.1	WP_004222804.1	BN373_07411
YFI96680.1	WP_004223514.1	BN373_11411
YFI96621.1	WP_004151656.1	BN373_12061
YFI96303.1	WP_004224029.1	BN373_15911
YFI98280.1	WP_004901113.1	BN373_44601
YFI97923.1	WP_004901710.1	BN373_48371
YFI97852.1	WP_004901832.1	BN373_49091
YFI96419.1	WP_004176744.1	BN373_14211
YFI96103.1	WP_004183665.1	BN373_18061
YFI95718.1	WP_004224682.1	BN373_21651
YFI95712.1	WP_004176258.1	BN373_21761
YFJ00286.1	WP_004224876.1	BN373_23211
YFI98820.1	WP_002915990.1	BN373_38831
YFI97846.1	WP_004186361.1	BN373_49151
YFI97593.1	WP_004146726.1	BN373_01821
YFI97432.1	WP_004222365.1	BN373_03621
YFI97226.1	WP_002888625.1	BN373_05871
YFI96616.1	WP_004223614.1	BN373_12121
YFJ00271.1	WP_004224897.1	BN373_23361
YFI99375.1	WP_004899550.1	BN373_32591
YFI98492.1	WP_002918382.1	BN373_42491
YFI97915.1	WP_004150375.1	BN373_48451
YFI97850.1	WP_002883293.1	BN373_49111
YFI97439.1	WP_004222353.1	BN373_03551
YFI95903.1	WP_004148215.1	BN373_20161
YFI99830.1	WP_004175561.1	BN373_28171
YFI99819.1	WP_002910404.1	BN373_28291
YFI98170.1	WP_004901319.1	BN373_45791
YFJ00577.1	WP_004222684.1	BN373_06281
YFI99881.1	WP_004180373.1	BN373_27581
YFI99159.1	WP_002914027.1	BN373_35341
YFI98847.1	WP_004900318.1	BN373_38551
YFI98677.1	WP_004900584.1	BN373_40521
YFI97479.1	WP_004222222.1	BN373_03071
YFI97057.1	WP_004147253.1	BN373_07681
YFI96086.1	WP_002901255.1	BN373_18231
YFJ00308.1	WP_004176165.1	BN373_22961
YFI98143.1	WP_004901359.1	BN373_46081
YFI98117.1	WP_014599283.1	BN373_46351
YFI97842.1	WP_002883312.1	BN373_49201
YFI97632.1	WP_004222011.1	BN373_01421
YFI96144.1	WP_004224141.1	BN373_17611
YFI95750.1	WP_004176293.1	BN373_21291
YFI98683.1	WP_004181281.1	BN373_40451
YFI98556.1	WP_004900820.1	BN373_41791
YFI96259.1	WP_004224055.1	BN373_16401
YFJ00709.1	WP_004212807.1	BN373_p01161
YFI99513.1	WP_004180513.1	BN373_31091
YFI98518.1	WP_004900870.1	BN373_42211
YFI98342.1	WP_004174030.1	BN373_44001
YFI98281.1	WP_004150081.1	BN373_44591
YFI97085.1	WP_002889742.1	BN373_07351
YFI96707.1	WP_004191456.1	BN373_11131
YFI96457.1	WP_002895730.1	BN373_13801
YFI96173.1	WP_004176565.1	BN373_17291
YFJ00270.1	WP_004224900.1	BN373_23371
YFI99281.1	WP_002913421.1	BN373_34071
YFI98811.1	WP_002916000.1	BN373_38931
YFI98620.1	WP_002916864.1	BN373_41131
YFI97405.1	WP_014599029.1	BN373_03921
YFI96639.1	WP_004223589.1	BN373_11871
YFI96624.1	WP_004183365.1	BN373_12031
YFI96407.1	WP_004223833.1	BN373_14331
YFI96197.1	WP_004224089.1	BN373_17071
YFJ00363.1	WP_004184017.1	BN373_22391
YFI99497.1	WP_004175207.1	BN373_31291
YFI97096.1	WP_002889703.1	BN373_07241
YFI96618.1	WP_004223608.1	BN373_12101
YFI96316.1	WP_004224024.1	BN373_15771
YFI99285.1	WP_004899714.1	BN373_34031
YFI96617.1	WP_004223611.1	BN373_12111
YFI96414.1	WP_004223826.1	BN373_14261
YFI95685.1	WP_004224723.1	BN373_22051
YFJ00688.1	WP_004213628.1	BN373_p02171
YFJ00424.1	WP_004149053.1	BN373_31281
YFJ00276.1	WP_004148411.1	BN373_23301
YFI99955.1	WP_002908368.1	BN373_26791
YFI99245.1	WP_004149260.1	BN373_34451
YFI99201.1	WP_004899814.1	BN373_34901
YFI98714.1	WP_002916493.1	BN373_40121
YFI97754.1	WP_002884587.1	BN373_00091
YFI97556.1	WP_004222106.1	BN373_02231
YFI97333.1	WP_002887802.1	BN373_04701
YFI96912.1	WP_002891991.1	BN373_09151
YFI96401.1	WP_004151718.1	BN373_14411
YFI96155.1	WP_004224132.1	BN373_17501
YFJ00684.1	WP_004902400.1	BN373_p02131
YFI98801.1	WP_002916058.1	BN373_39021
YFI96330.1	WP_004224019.1	BN373_15591
YFI98060.1	WP_002923147.1	BN373_46931
YFI98020.1	WP_004150284.1	BN373_47371
YFI96526.1	WP_004142209.1	BN373_13061
YFI96219.1	WP_004224072.1	BN373_16811
YFJ00403.1	WP_014599248.1	BN373_37871
YFI99117.1	WP_002914116.1	BN373_35791
YFI97339.1	WP_004178550.1	BN373_04641
YFI97092.1	WP_002889720.1	BN373_07281
YFI96604.1	WP_004223633.1	BN373_12261
YFJ00716.1	WP_004212827.1	BN373_p01051
YFJ00563.1	WP_004222928.1	BN373_08071
YFJ00494.1	WP_002903701.1	BN373_21311
YFJ00485.1	WP_004224853.1	BN373_22981
YFI99917.1	WP_002908867.1	BN373_27221
YFI99311.1	WP_002913291.1	BN373_33231
YFI98359.1	WP_004174049.1	BN373_43821
YFI98268.1	WP_004901130.1	BN373_44741
YFI97441.1	WP_004222347.1	BN373_03531
YFI96879.1	WP_004147385.1	BN373_09491
YFI96563.1	WP_002894742.1	BN373_12701
YFI96067.1	WP_002901489.1	BN373_18441
YFI99997.1	WP_004189586.1	BN373_26371
YFI99344.1	WP_002913185.1	BN373_32911
YFI98744.1	WP_004889828.1	BN373_39791
YFI96101.1	WP_004224203.1	BN373_18091
YFI95723.1	WP_004143607.1	BN373_21561
YFJ00620.1	WP_014599282.1	BN373_46221
YFJ00581.1	WP_004222656.1	BN373_05621
YFI99291.1	WP_002913372.1	BN373_33991
YFI99172.1	WP_002913992.1	BN373_35191
YFI98850.1	WP_004900310.1	BN373_38521
YFI97167.1	WP_004222704.1	BN373_06481
YFI96208.1	WP_004224079.1	BN373_16951
YFI99803.1	WP_004899005.1	BN373_28461
YFI99667.1	WP_004891013.1	BN373_29901
YFI96495.1	WP_004147656.1	BN373_13411
YFJ00292.1	WP_004224871.1	BN373_23151
YFI99778.1	WP_002910759.1	BN373_28721
YFI99531.1	WP_004899398.1	BN373_30901
YFI97540.1	WP_004192412.1	BN373_02401
YFI96645.1	WP_004223574.1	BN373_11811
YFI96211.1	WP_002899096.1	BN373_16901
YFI96119.1	WP_004224183.1	BN373_17871
YFI95860.1	WP_004224561.1	BN373_20621
YFI99372.1	WP_004184969.1	BN373_32631
YFI98895.1	WP_004174604.1	BN373_38081
YFI98205.1	WP_002921907.1	BN373_45411
YFI97216.1	WP_004222670.1	BN373_05971
YFI96998.1	WP_004222942.1	BN373_08271
YFI96712.1	WP_002892885.1	BN373_11081
YFI95887.1	WP_004224502.1	BN373_20331
YFI95873.1	WP_004176366.1	BN373_20491
YFJ00529.1	WP_004191175.1	BN373_14381
YFJ00496.1	WP_004179693.1	BN373_20971
YFI99338.1	WP_002913195.1	BN373_32971
YFI99280.1	WP_002913423.1	BN373_34081
YFI99055.1	WP_002914328.1	BN373_36461
YFI98955.1	WP_004900188.1	BN373_37451
YFI98720.1	WP_004900547.1	BN373_40061
YFI98098.1	WP_004901437.1	BN373_46541
YFI97139.1	WP_004178642.1	BN373_06781
YFI97063.1	WP_004222844.1	BN373_07601
YFI96909.1	WP_004178761.1	BN373_09181
YFI96399.1	WP_004212672.1	BN373_14431
YFI96314.1	WP_014599117.1	BN373_15791
YFI96287.1	WP_004141630.1	BN373_16081
YFI95974.1	WP_004224321.1	BN373_19411
YFJ00730.1	WP_004213919.1	BN373_p00341
YFJ00642.1	WP_004902162.1	BN373_p00421
YFI99957.1	WP_004148650.1	BN373_26771
YFI97012.1	WP_002890219.1	BN373_08131
YFI96623.1	WP_004151657.1	BN373_12041
YFI96586.1	WP_002894539.1	BN373_12441
YFI96175.1	WP_004140628.1	BN373_17271
YFI95932.1	WP_004224414.1	BN373_19861
YFI95693.1	WP_002904407.1	BN373_21971
YFI99938.1	WP_004898792.1	BN373_27011
YFI99411.1	WP_004899506.1	BN373_32211
YFI99370.1	WP_004214618.1	BN373_32651
YFI99292.1	WP_004899707.1	BN373_33981
YFI99160.1	WP_004174823.1	BN373_35311
YFI97837.1	WP_004901859.1	BN373_49261
YFI95699.1	WP_004176243.1	BN373_21901
YFJ00001.1	WP_004175774.1	BN373_26341
YFI98827.1	WP_002915976.1	BN373_38741
YFI98249.1	WP_004150109.1	BN373_44931
YFI98148.1	WP_002922462.1	BN373_46031
YFI98047.1	WP_014599288.1	BN373_47091
YFI97716.1	WP_002884946.1	BN373_00481
YFI97575.1	WP_004177693.1	BN373_02031
YFI97173.1	WP_004191957.1	BN373_06421
YFI96895.1	WP_004177236.1	BN373_09321
YFI96134.1	WP_004140529.1	BN373_17731
YFI96032.1	WP_004224270.1	BN373_18801
YFJ00327.1	WP_004179834.1	BN373_22751
YFJ00228.1	WP_004224993.1	BN373_23841
YFI99422.1	WP_004211522.1	BN373_32101
YFI99158.1	WP_004899880.1	BN373_35351
YFI97735.1	WP_002884740.1	BN373_00301
YFI97110.1	WP_004222765.1	BN373_07081
YFI96319.1	WP_002898202.1	BN373_15711
YFJ00459.1	WP_004898874.1	BN373_27381
YFI99573.1	WP_004899263.1	BN373_30351
YFI99244.1	WP_004899751.1	BN373_34461
YFI98652.1	WP_004149836.1	BN373_40801
YFI98354.1	WP_002920240.1	BN373_43871
YFI97549.1	WP_004222121.1	BN373_02311
YFI96726.1	WP_002892766.1	BN373_10941
YFI95666.1	WP_004179791.1	BN373_22261
YFJ00622.1	WP_002922420.1	BN373_45911
YFI99908.1	WP_004898838.1	BN373_27291
YFI99383.1	WP_004899541.1	BN373_32501
YFI98379.1	WP_004174069.1	BN373_49731
YFI98033.1	WP_004181587.1	BN373_47221
YFI97359.1	WP_004146953.1	BN373_04431
YFI97253.1	WP_004222652.1	BN373_05581
YFI96241.1	WP_004224065.1	BN373_16591
YFJ00312.1	WP_004190091.1	BN373_22921
YFJ00050.1	WP_002907785.1	BN373_25811
YFI99991.1	WP_004898705.1	BN373_26431
YFI99829.1	WP_004898973.1	BN373_28181
YFI99425.1	WP_004211524.1	BN373_32051
YFI98661.1	WP_004149825.1	BN373_40711
YFI98174.1	WP_002922349.1	BN373_45751
YFI97836.1	WP_004150429.1	BN373_49271
YFI99706.1	WP_004151450.1	BN373_29501
YFI99374.1	WP_002913041.1	BN373_32601
YFI99200.1	WP_004162150.1	BN373_34911
YFI99192.1	WP_002913889.1	BN373_34991
YFI98804.1	WP_002916052.1	BN373_38991
YFI98719.1	WP_002916482.1	BN373_40071
YFI98498.1	WP_002918377.1	BN373_42431
YFI98173.1	WP_002922351.1	BN373_45761
YFI98001.1	WP_004151540.1	BN373_47561
YFI96957.1	WP_004191717.1	BN373_08701
YFI96732.1	WP_004223425.1	BN373_10871
YFI96072.1	WP_004224226.1	BN373_18391
YFI95851.1	WP_004183884.1	BN373_20711
YFJ00512.1	WP_004224196.1	BN373_17991
YFJ00331.1	WP_004224792.1	BN373_22711
YFI99312.1	WP_004149211.1	BN373_33221
YFI99093.1	WP_004149398.1	BN373_36071
YFI98806.1	WP_002916048.1	BN373_38971
YFI97306.1	WP_004192071.1	BN373_04981
YFI96637.1	WP_004223592.1	BN373_11891
YFI96566.1	WP_004179039.1	BN373_12671
YFI95936.1	WP_004148182.1	BN373_19821
YFJ00237.1	WP_004224976.1	BN373_23721
YFI99049.1	WP_002914339.1	BN373_36521
YFI98909.1	WP_002915347.1	BN373_37941
YFI98144.1	WP_004901358.1	BN373_46071
YFI96751.1	WP_004191478.1	BN373_10681
YFI96724.1	WP_004223438.1	BN373_10961
YFI95855.1	WP_004224568.1	BN373_20671
YFI96011.1	WP_002901781.1	BN373_19021
YFI95994.1	WP_002901900.1	BN373_19211
YFJ00111.1	WP_004898576.1	BN373_25171
YFJ00054.1	WP_002907773.1	BN373_25771
YFI99521.1	WP_004175261.1	BN373_30991
YFI99187.1	WP_002913894.1	BN373_35041
YFI97995.1	WP_014599291.1	BN373_47631
YFI97550.1	WP_004222115.1	BN373_02291
YFI96525.1	WP_002895039.1	BN373_13071
YFI96315.1	WP_004147828.1	BN373_15781
YFI95689.1	WP_004183980.1	BN373_22011
YFJ00473.1	WP_004898509.1	BN373_24561
YFI99548.1	WP_004153104.1	BN373_30701
YFI98707.1	WP_002916508.1	BN373_40191
YFI98650.1	WP_004144551.1	BN373_40831
YFI98592.1	WP_004900746.1	BN373_41441
YFI98067.1	WP_002923107.1	BN373_46841
YFI97800.1	WP_004150456.1	BN373_49641
YFJ00421.1	WP_004184917.1	BN373_32351
YFI99122.1	WP_004150975.1	BN373_35741
YFI98631.1	WP_004900674.1	BN373_41031
YFI97894.1	WP_004901745.1	BN373_48661
YFI97018.1	WP_004178722.1	BN373_08051
YFI96224.1	WP_002898962.1	BN373_16761
YFJ00558.1	WP_004191604.1	BN373_09761
YFJ00502.1	WP_004224477.1	BN373_20191
YFJ00374.1	WP_004213417.1	BN373_22281
YFJ00332.1	WP_004224779.1	BN373_22701
YFI99958.1	WP_004898758.1	BN373_26761
YFI99457.1	WP_004899492.1	BN373_31701
YFI99436.1	WP_002912921.1	BN373_31921
YFI97148.1	WP_002889289.1	BN373_06681
YFI96475.1	WP_004183475.1	BN373_13631
YFI96005.1	WP_004224285.1	BN373_19091
YFJ00359.1	WP_002904783.1	BN373_22431
YFJ00177.1	WP_004898480.1	BN373_24401
YFJ00090.1	WP_004898591.1	BN373_25391
YFI99528.1	WP_004890861.1	BN373_30941
YFI99484.1	WP_002912648.1	BN373_31421
YFI98700.1	WP_004149807.1	BN373_40281
YFI97528.1	WP_002886900.1	BN373_02521
YFI95920.1	WP_002902433.1	BN373_19991
YFJ00524.1	WP_004199498.1	BN373_15751
YFI99943.1	WP_004891252.1	BN373_26951
YFI97881.1	WP_004177969.1	BN373_48791
YFI97407.1	WP_002887414.1	BN373_03901
YFI97225.1	WP_002888628.1	BN373_05881
YFI97131.1	WP_002889374.1	BN373_06871
YFI96710.1	WP_004211610.1	BN373_11101
YFJ00535.1	WP_004179071.1	BN373_13271
YFJ00049.1	WP_002907788.1	BN373_25821
YFI98905.1	WP_004149581.1	BN373_37971
YFI98666.1	WP_004900618.1	BN373_40661
YFI98239.1	WP_004901183.1	BN373_45041
YFI98164.1	WP_004145239.1	BN373_45851
YFI98018.1	WP_004150286.1	BN373_47391
YFI97921.1	WP_002882871.1	BN373_48391
YFI97283.1	WP_004212571.1	BN373_05271
YFI96585.1	WP_004223650.1	BN373_12451
YFI96562.1	WP_004223668.1	BN373_12711
YFI96344.1	WP_004150843.1	BN373_15451
YFI95686.1	WP_004224721.1	BN373_22041
YFJ00543.1	WP_004223629.1	BN373_12241
YFJ00121.1	WP_002907384.1	BN373_25061
YFI99590.1	WP_002911596.1	BN373_30141
YFI98537.1	WP_004900844.1	BN373_42001
YFI96864.1	WP_004142997.1	BN373_09641
YFI96310.1	WP_002898293.1	BN373_15831
YFJ00296.1	WP_004224866.1	BN373_23111
YFJ00220.1	WP_004184158.1	BN373_23931
YFI96739.1	WP_004223411.1	BN373_10811
YFI99681.1	WP_004184668.1	BN373_29751
YFI98928.1	WP_002915222.1	BN373_37731
YFI98876.1	WP_004900269.1	BN373_38271
YFI98686.1	WP_004900575.1	BN373_40421
YFI98428.1	WP_002919101.1	BN373_43131
YFI98260.1	WP_004173962.1	BN373_44821
YFI97701.1	WP_004177835.1	BN373_00661
YFI97601.1	WP_004222057.1	BN373_01741
YFI96523.1	WP_002895049.1	BN373_13111
YFI96374.1	WP_025368307.1	BN373_15151
YFI95955.1	WP_004224379.1	BN373_19631
YFJ00511.1	WP_004150776.1	BN373_18031
YFI99507.1	WP_004180522.1	BN373_31151
YFI99314.1	WP_002913228.1	BN373_33201
YFI99164.1	WP_004899864.1	BN373_35271
YFI98952.1	WP_004149542.1	BN373_37481
YFI97667.1	WP_004221958.1	BN373_01051
YFI96156.1	WP_004150811.1	BN373_17491
YFI95975.1	WP_004224319.1	BN373_19401
YFJ00661.1	WP_004213075.1	BN373_p00151
YFJ00528.1	WP_004176719.1	BN373_15011
YFI99023.1	WP_004211583.1	BN373_36791
YFI98014.1	WP_004901578.1	BN373_47431
YFI97779.1	WP_004177872.1	BN373_49861
YFI97531.1	WP_004222144.1	BN373_02491
YFI97307.1	WP_002887955.1	BN373_04971
YFI96453.1	WP_002895739.1	BN373_13841
YFJ00718.1	WP_004212832.1	BN373_p01021
YFJ00531.1	WP_004151706.1	BN373_14201
YFI99426.1	WP_002912947.1	BN373_32041
YFI99379.1	WP_004140835.1	BN373_32541
YFI98562.1	WP_004900811.1	BN373_41731
YFI97847.1	WP_002883297.1	BN373_49141
YFI97843.1	WP_004901839.1	BN373_49191
YFI99227.1	WP_002913766.1	BN373_34641
YFI98814.1	WP_004900362.1	BN373_38891
YFI98459.1	WP_004900926.1	BN373_42811
YFI98139.1	WP_004901367.1	BN373_46121
YFI96980.1	WP_002890395.1	BN373_08461
YFI96383.1	WP_004223969.1	BN373_15051
YFI96239.1	WP_004224067.1	BN373_16611
YFJ00589.1	WP_004222384.1	BN373_03711
YFJ00072.1	WP_004898604.1	BN373_25591
YFI98419.1	WP_002919139.1	BN373_43221
YFI98070.1	WP_004150241.1	BN373_46811
YFI96272.1	WP_004224049.1	BN373_16261
YFJ00149.1	WP_004180131.1	BN373_24781
YFI99189.1	WP_002913892.1	BN373_35021
YFI99120.1	WP_004212948.1	BN373_35761
YFI99003.1	WP_004900106.1	BN373_36991
YFI97425.1	WP_002887282.1	BN373_03691
YFI96154.1	WP_004176560.1	BN373_17511
YFJ00260.1	WP_004224920.1	BN373_23481
YFJ00095.1	WP_004143804.1	BN373_25331
YFI97530.1	WP_004222147.1	BN373_02501
YFI96737.1	WP_004223419.1	BN373_10841
YFI96215.1	WP_002898990.1	BN373_16851
YFI95926.1	WP_045145327.1	BN373_19921
YFJ00686.1	WP_004213623.1	BN373_p02151
YFJ00447.1	WP_004899097.1	BN373_29041
YFI97457.1	WP_004222303.1	BN373_03361
YFI96723.1	WP_004178883.1	BN373_10971
YFI96693.1	WP_004178897.1	BN373_11271
YFI96686.1	WP_004176954.1	BN373_11351
YFI96362.1	WP_002896440.1	BN373_15271
YFI99895.1	WP_004148729.1	BN373_27451
YFI98855.1	WP_004900302.1	BN373_38471
YFI98052.1	WP_004901529.1	BN373_47041
YFI97449.1	WP_004222324.1	BN373_03441
YFI96584.1	WP_002894613.1	BN373_12461
YFI96426.1	WP_002895863.1	BN373_14111
YFI96387.1	WP_004223967.1	BN373_15001
YFI99906.1	WP_004200254.1	BN373_27311
YFI99554.1	WP_004184774.1	BN373_30641
YFI99464.1	WP_002912751.1	BN373_31621
YFI99400.1	WP_002912992.1	BN373_32321
YFI98935.1	WP_004900208.1	BN373_37661
YFI98284.1	WP_002920808.1	BN373_44551
YFI98226.1	WP_014599275.1	BN373_45181
YFI97734.1	WP_002884743.1	BN373_00311
YFI96913.1	WP_004223045.1	BN373_09141
YFI96406.1	WP_004223838.1	BN373_14351
YFI96306.1	WP_004179196.1	BN373_15881
YFJ00480.1	WP_004224980.1	BN373_23731
YFJ00290.1	WP_004224873.1	BN373_23171
YFI98306.1	WP_002920570.1	BN373_44371
YFI97032.1	WP_002890129.1	BN373_07931
YFI97017.1	WP_004183146.1	BN373_08081
YFI96454.1	WP_004223779.1	BN373_13831
YFI96147.1	WP_004150803.1	BN373_17581
YFI99567.1	WP_004899318.1	BN373_30501
YFI98282.1	WP_004150080.1	BN373_44581
YFI97886.1	WP_004146274.1	BN373_48741
YFI97849.1	WP_002883295.1	BN373_49121
YFI97056.1	WP_004144574.1	BN373_07691
YFI96971.1	WP_004222978.1	BN373_08551
YFI95706.1	WP_004224702.1	BN373_21831
YFJ00278.1	WP_004184110.1	BN373_23281
YFJ00274.1	WP_002905225.1	BN373_23321
YFI99824.1	WP_002910392.1	BN373_28231
YFI98898.1	WP_002915541.1	BN373_38041
YFI98009.1	WP_004145090.1	BN373_47481
YFI97873.1	WP_002883023.1	BN373_48871
YFJ00518.1	WP_004140697.1	BN373_17021
YFJ00061.1	WP_002907763.1	BN373_25701
YFI99392.1	WP_004180702.1	BN373_32411
YFI98892.1	WP_002915579.1	BN373_38111
YFI98588.1	WP_002917681.1	BN373_41481
YFI97684.1	WP_004221930.1	BN373_00841
YFI97499.1	WP_002886955.1	BN373_02831
YFI97014.1	WP_004151348.1	BN373_08111
YFI96469.1	WP_004147680.1	BN373_13691
YFI95708.1	WP_004176251.1	BN373_21811
YFJ00619.1	WP_002922603.1	BN373_46281
YFI99415.1	WP_004200501.1	BN373_32171
YFI99260.1	WP_002913623.1	BN373_34291
YFI99078.1	WP_004900011.1	BN373_36231
YFI98721.1	WP_002916480.1	BN373_40051
YFI98344.1	WP_004901056.1	BN373_43971
YFI98138.1	WP_004145262.1	BN373_46131
YFJ00178.1	WP_004898476.1	BN373_24391
YFI99812.1	WP_002910443.1	BN373_28371
YFI97245.1	WP_002888487.1	BN373_05671
YFI96247.1	WP_004179293.1	BN373_16531
YFJ00727.1	WP_004215173.1	BN373_p00091
YFJ00102.1	WP_002907491.1	BN373_25261
YFI99961.1	WP_004898753.1	BN373_26731
YFI96628.1	WP_004223601.1	BN373_11991
YFI96338.1	WP_002898155.1	BN373_15511
YFI95713.1	WP_001620097.1	BN373_21751
YFI99306.1	WP_002913342.1	BN373_33291
YFI99133.1	WP_004174810.1	BN373_35621
YFI98063.1	WP_004173873.1	BN373_46901
YFI96488.1	WP_004223727.1	BN373_13491
YFI96270.1	WP_004224050.1	BN373_16281
YFI95951.1	WP_004224389.1	BN373_19671
YFI95880.1	WP_002902965.1	BN373_20421
YFJ00391.1	WP_004174420.1	BN373_40511
YFI99820.1	WP_002910403.1	BN373_28281
YFI98013.1	WP_004901581.1	BN373_47441
YFI97498.1	WP_002886956.1	BN373_02841
YFI97233.1	WP_002888562.1	BN373_05801
YFI96715.1	WP_004223459.1	BN373_11051
YFJ00298.1	WP_004176149.1	BN373_23091
YFI99960.1	WP_004148647.1	BN373_26741
YFI99194.1	WP_004899827.1	BN373_34971
YFI99033.1	WP_004174694.1	BN373_36691
YFI98708.1	WP_004144748.1	BN373_40181
YFI97717.1	WP_004221880.1	BN373_00471
YFI96689.1	WP_004223497.1	BN373_11321
YFJ00526.1	WP_004141771.1	BN373_15721
YFI98848.1	WP_004900314.1	BN373_38541
YFI98140.1	WP_004181527.1	BN373_46111
YFI97841.1	WP_004901843.1	BN373_49211
YFI96863.1	WP_004151323.1	BN373_09651
YFI98010.1	WP_004901590.1	BN373_47471
YFI97486.1	WP_004222208.1	BN373_02991
YFI97344.1	WP_004146038.1	BN373_04591
YFI95703.1	WP_004183965.1	BN373_21861
YFI99963.1	WP_002908292.1	BN373_26711
YFI99760.1	WP_002910887.1	BN373_28911
YFI99119.1	WP_004899928.1	BN373_35771
YFI98586.1	WP_002917682.1	BN373_41491
YFI98294.1	WP_004150074.1	BN373_44471
YFI97230.1	WP_002888566.1	BN373_05831
YFI96905.1	WP_002892007.1	BN373_09221
YFI95892.1	WP_004224497.1	BN373_20281
YFI99553.1	WP_004899355.1	BN373_30651
YFI99538.1	WP_004144133.1	BN373_30811
YFI99087.1	WP_004145695.1	BN373_36131
YFI99054.1	WP_004900048.1	BN373_36471
YFI97845.1	WP_004181645.1	BN373_49161
YFI97454.1	WP_004222310.1	BN373_03391
YFI97451.1	WP_004222319.1	BN373_03421
YFI97422.1	WP_004222390.1	BN373_03731
YFI97411.1	WP_002887394.1	BN373_03861
YFI96862.1	WP_004223112.1	BN373_09661
YFI96655.1	WP_002893591.1	BN373_11711
YFI99394.1	WP_004899526.1	BN373_32391
YFI98471.1	WP_004181419.1	BN373_42701
YFI97771.1	WP_004178235.1	BN373_49941
YFI97663.1	WP_004221968.1	BN373_01091
YFI97582.1	WP_004222078.1	BN373_01951
YFI97410.1	WP_002887411.1	BN373_03871
YFI96981.1	WP_002890390.1	BN373_08451
YFI96625.1	WP_002894036.1	BN373_12021
YFI96217.1	WP_002898987.1	BN373_16831
YFI95710.1	WP_004224692.1	BN373_21781
YFJ00143.1	WP_004898548.1	BN373_24841
YFI99978.1	WP_004898723.1	BN373_26561
YFI99539.1	WP_004149000.1	BN373_30801
YFI99271.1	WP_004180822.1	BN373_34171
YFI99217.1	WP_002913806.1	BN373_34741
YFI99098.1	WP_004899963.1	BN373_35991
YFI97604.1	WP_004178332.1	BN373_01711
YFI97368.1	WP_004222497.1	BN373_04341
YFI96701.1	WP_004223491.1	BN373_11191
YFI95986.1	WP_004140239.1	BN373_19291
YFJ00534.1	WP_004223714.1	BN373_13351
YFJ00451.1	WP_009484368.1	BN373_28701
YFJ00372.1	WP_004224744.1	BN373_22301
YFI99931.1	WP_004898811.1	BN373_27091
YFI99550.1	WP_002911885.1	BN373_30681
YFI99037.1	WP_002914769.1	BN373_36641
YFI98679.1	WP_002916628.1	BN373_40491
YFI98573.1	WP_004900787.1	BN373_41621
YFI98456.1	WP_002918568.1	BN373_42841
YFI98146.1	WP_004196077.1	BN373_46051
YFI98118.1	WP_004151500.1	BN373_46341
YFI96142.1	WP_004224164.1	BN373_17661
YFJ00017.1	WP_004898669.1	BN373_26161
YFI98891.1	WP_004900253.1	BN373_38121
YFI98880.1	WP_004900263.1	BN373_38231
YFI97089.1	WP_002889726.1	BN373_07311
YFJ00283.1	WP_004151868.1	BN373_23241
YFJ00080.1	WP_004898599.1	BN373_25491
YFI99951.1	WP_004148676.1	BN373_26871
YFI99474.1	WP_004899485.1	BN373_31521
YFI99393.1	WP_004140821.1	BN373_32401
YFI98277.1	WP_004173994.1	BN373_44631
YFI97055.1	WP_004144576.1	BN373_07701
YFI96930.1	WP_004178752.1	BN373_08981
YFI96510.1	WP_004223705.1	BN373_13241
YFI95983.1	WP_004224301.1	BN373_19331
YFI99430.1	WP_002912935.1	BN373_32001
YFI98949.1	WP_004185423.1	BN373_37511
YFI98267.1	WP_004145147.1	BN373_44751
YFI98086.1	WP_004901462.1	BN373_46671
YFI97950.1	WP_004146229.1	BN373_48091
YFI97034.1	WP_004144594.1	BN373_07911
YFI99891.1	WP_004898885.1	BN373_27481
YFI99815.1	WP_004175547.1	BN373_28341
YFI99232.1	WP_004899770.1	BN373_34591
YFI98941.1	WP_004174643.1	BN373_37601
YFI98685.1	WP_004185615.1	BN373_40431
YFI97848.1	WP_002883296.1	BN373_49131
YFI97353.1	WP_002887653.1	BN373_04501
YFI96568.1	WP_004176871.1	BN373_12651
YFI96213.1	WP_004176586.1	BN373_16881
YFI96159.1	WP_004140590.1	BN373_17461
YFI96020.1	WP_002901758.1	BN373_18921
YFJ00536.1	WP_002895074.1	BN373_13201
YFJ00256.1	WP_004199950.1	BN373_23501
YFI98440.1	WP_002918653.1	BN373_43001
YFI97217.1	WP_004145938.1	BN373_05961
YFI96508.1	WP_004223707.1	BN373_13261
YFI96118.1	WP_004179363.1	BN373_17881
YFI96080.1	WP_004176528.1	BN373_18301
YFJ00239.1	WP_004224969.1	BN373_23701
YFJ00088.1	WP_002907650.1	BN373_25411
YFI98828.1	WP_004900348.1	BN373_38731
YFI98527.1	WP_004188467.1	BN373_42111
YFI97989.1	WP_004901623.1	BN373_47691
YFI96476.1	WP_002895580.1	BN373_13621
YFJ00361.1	WP_004224754.1	BN373_22411
YFJ00137.1	WP_002906792.1	BN373_24891
YFI99976.1	WP_004898730.1	BN373_26581
YFI99945.1	WP_004898780.1	BN373_26931
YFI99902.1	WP_001545318.1	BN373_27361
YFI99486.1	WP_004151133.1	BN373_31401
YFI99208.1	WP_002913836.1	BN373_34831
YFI98300.1	WP_004181468.1	BN373_44421
YFI96682.1	WP_004223507.1	BN373_11391
YFI99221.1	WP_002913802.1	BN373_34701
YFI98567.1	WP_004174225.1	BN373_41681
YFI97911.1	WP_002882892.1	BN373_48491
YFI96704.1	WP_004223486.1	BN373_11161
YFI96066.1	WP_004179410.1	BN373_18451
YFI95937.1	WP_004224405.1	BN373_19811
YFJ00542.1	WP_002894692.1	BN373_12521
YFI99900.1	WP_004898876.1	BN373_27391
YFI98981.1	WP_004185408.1	BN373_37211
YFI98234.1	WP_002921337.1	BN373_45091
YFI97702.1	WP_004177837.1	BN373_00651
YFI97114.1	WP_002889450.1	BN373_07041
YFI96750.1	WP_004223399.1	BN373_10691
YFJ00549.1	WP_004223415.1	BN373_10831
YFJ00368.1	WP_004176215.1	BN373_22341
YFI98706.1	WP_002916512.1	BN373_40201
YFI97898.1	WP_002882921.1	BN373_48621
YFI97794.1	WP_004901905.1	BN373_49701
YFI97618.1	WP_002885500.1	BN373_01571
YFI97350.1	WP_004222531.1	BN373_04521
YFI97289.1	WP_004222626.1	BN373_05191
YFI96622.1	WP_004183373.1	BN373_12051
YFI96613.1	WP_002894255.1	BN373_12151
YFI96207.1	WP_014599123.1	BN373_16961
YFI95856.1	WP_004179669.1	BN373_20661
YFI95853.1	WP_004183880.1	BN373_20691
YFJ00052.1	WP_002907778.1	BN373_25791
YFI99950.1	WP_004898773.1	BN373_26881
YFI99414.1	WP_004149131.1	BN373_32181
YFI98777.1	WP_004174502.1	BN373_39301
YFI98149.1	WP_004901345.1	BN373_46021
YFI97545.1	WP_004152011.1	BN373_02351
YFI97134.1	WP_002889327.1	BN373_06841
YFI96762.1	WP_004147417.1	BN373_10581
YFJ00630.1	WP_004214536.1	BN373_p00891
YFJ00551.1	WP_002892599.1	BN373_10741
YFJ00300.1	WP_004176158.1	BN373_23061
YFI99437.1	WP_002912919.1	BN373_31911
YFI98912.1	WP_004174621.1	BN373_37911
YFI96711.1	WP_004191458.1	BN373_11091
YFI96667.1	WP_004223530.1	BN373_11571
YFI96195.1	WP_004176577.1	BN373_17091
YFI95872.1	WP_014599142.1	BN373_20501
YFJ00224.1	WP_004224999.1	BN373_23881
YFI98765.1	WP_004149693.1	BN373_39421
YFI98210.1	WP_002921786.1	BN373_45361
YFI98156.1	WP_002922427.1	BN373_45941
YFI97482.1	WP_004178400.1	BN373_03031
YFI97073.1	WP_002889881.1	BN373_07491
YFI96748.1	WP_004191476.1	BN373_10711
YFI96167.1	WP_004140602.1	BN373_17371
YFI96084.1	WP_002901285.1	BN373_18251
YFJ00416.1	WP_004890481.1	BN373_34511
YFJ00170.1	WP_004898490.1	BN373_24511
YFI99937.1	WP_004898794.1	BN373_27021
YFI99806.1	WP_032447670.1	BN373_28431
YFI99257.1	WP_002913628.1	BN373_34321
YFI98857.1	WP_004900295.1	BN373_38451
YFI98825.1	WP_002915981.1	BN373_38771
YFI98470.1	WP_002918451.1	BN373_42711
YFI98199.1	WP_002921918.1	BN373_45471
YFI98127.1	WP_004901383.1	BN373_46251
YFI97382.1	WP_004222478.1	BN373_04181
YFI97337.1	WP_004222537.1	BN373_04661
YFI96506.1	WP_002895150.1	BN373_13291
YFJ00669.1	WP_004210218.1	BN373_p00041
YFJ00122.1	WP_004898560.1	BN373_25051
YFI99859.1	WP_004151853.1	BN373_27901
YFI99848.1	WP_002910107.1	BN373_27991
YFI99315.1	WP_002913227.1	BN373_33191
YFI99022.1	WP_004900080.1	BN373_36801
YFI99019.1	WP_004174685.1	BN373_36831
YFI98608.1	WP_004900709.1	BN373_41261
YFI98250.1	WP_002921192.1	BN373_44921
YFI98213.1	WP_002921784.1	BN373_45331
YFI98051.1	WP_004901533.1	BN373_47051
YFI97703.1	WP_004221915.1	BN373_00631
YFI97490.1	WP_004186740.1	BN373_02951
YFI96372.1	WP_002896399.1	BN373_15171
YFI96112.1	WP_004176549.1	BN373_17941
YFI95977.1	WP_004224312.1	BN373_19381
YFI95934.1	WP_004152912.1	BN373_19841
YFJ00184.1	WP_002906221.1	BN373_24331
YFJ00118.1	WP_004898566.1	BN373_25101
YFI99695.1	WP_004148860.1	BN373_29611
YFI99440.1	WP_002912871.1	BN373_31881
YFI99002.1	WP_004900109.1	BN373_37001
YFI98109.1	WP_002922903.1	BN373_46431
YFI97367.1	WP_004222500.1	BN373_04351
YFI96745.1	WP_004177008.1	BN373_10751
YFI96681.1	WP_004223509.1	BN373_11401
YFI96308.1	WP_002898303.1	BN373_15861
YFI96187.1	WP_004179329.1	BN373_17181
YFI96128.1	WP_004140509.1	BN373_17791
YFJ00515.1	WP_004179336.1	BN373_17351
YFJ00148.1	WP_004898544.1	BN373_24791
YFI99930.1	WP_004898813.1	BN373_27101
YFI99403.1	WP_004899515.1	BN373_32291
YFI98519.1	WP_002918234.1	BN373_42201
YFI98089.1	WP_004901456.1	BN373_46641
YFI97919.1	WP_014599295.1	BN373_48411
YFI97675.1	WP_004221949.1	BN373_00971
YFI97421.1	WP_004178473.1	BN373_03751
YFI96749.1	WP_004177011.1	BN373_10701
YFI96640.1	WP_004223587.1	BN373_11861
YFJ00729.1	WP_032412871.1	BN373_p00451
YFJ00353.1	WP_004224758.1	BN373_22501
YFJ00106.1	WP_002907483.1	BN373_25221
YFJ00051.1	WP_002907780.1	BN373_25801
YFI99860.1	WP_002910083.1	BN373_27891
YFI99685.1	WP_004899169.1	BN373_29711
YFI99523.1	WP_004899413.1	BN373_30981
YFI98349.1	WP_002920253.1	BN373_43921
YFI97920.1	WP_004901714.1	BN373_48401
YFI97880.1	WP_004181637.1	BN373_48801
YFI97592.1	WP_002885662.1	BN373_01831
YFI97506.1	WP_002886946.1	BN373_02761
YFI97240.1	WP_004145952.1	BN373_05731
YFI96611.1	WP_004223619.1	BN373_12171
YFI96193.1	WP_004147932.1	BN373_17111
YFJ00401.1	WP_004900359.1	BN373_38821
YFJ00299.1	WP_015874807.1	BN373_23081
YFJ00089.1	WP_004151209.1	BN373_25401
YFI99478.1	WP_004180590.1	BN373_31481
YFI98569.1	WP_002917725.1	BN373_41661
YFI98437.1	WP_004211677.1	BN373_43021
YFI98219.1	WP_002921526.1	BN373_45261
YFI96370.1	WP_004176702.1	BN373_15191
YFJ00395.1	WP_045145301.1	BN373_39651
YFI99903.1	WP_004189482.1	BN373_27351
YFI99438.1	WP_002912878.1	BN373_31901
YFI99274.1	WP_002913439.1	BN373_34141
YFI99053.1	WP_004149446.1	BN373_36481
YFI98756.1	WP_004149719.1	BN373_39631
YFI98568.1	WP_002917727.1	BN373_41671
YFI97855.1	WP_004901827.1	BN373_49061
YFI97721.1	WP_004214118.1	BN373_00431
YFI97673.1	WP_002885172.1	BN373_00991
YFI97544.1	WP_002886825.1	BN373_02361
YFI97543.1	WP_002886827.1	BN373_02371
YFI96626.1	WP_002894035.1	BN373_12011
YFI95876.1	WP_004148231.1	BN373_20461
YFI95864.1	WP_002903227.1	BN373_20581
YFJ00668.1	WP_004225018.1	BN373_p00051
YFJ00200.1	WP_004151245.1	BN373_24161
YFI99946.1	WP_004148681.1	BN373_26921
YFI99905.1	WP_004898846.1	BN373_27331
YFI99188.1	WP_004149336.1	BN373_35031
YFI98979.1	WP_004174663.1	BN373_37231
YFI98809.1	WP_004149647.1	BN373_38941
YFI98795.1	WP_004900381.1	BN373_39081
YFI98521.1	WP_002918232.1	BN373_42181
YFI98302.1	WP_002920777.1	BN373_44401
YFI98181.1	WP_004901304.1	BN373_45681
YFI98176.1	WP_004152040.1	BN373_45731
YFI97925.1	WP_004146243.1	BN373_48351
YFI96535.1	WP_004223689.1	BN373_12971
YFI96499.1	WP_004183458.1	BN373_13371
YFI96451.1	WP_002895745.1	BN373_13861
YFI96090.1	WP_002901243.1	BN373_18191
YFI95869.1	WP_004224542.1	BN373_20531
YFJ00225.1	WP_004189934.1	BN373_23871
YFI99283.1	WP_004174934.1	BN373_34051
YFI98953.1	WP_002915106.1	BN373_37471
YFI98441.1	WP_004149974.1	BN373_42991
YFI97973.1	WP_002882514.1	BN373_47861
YFI97964.1	WP_032448128.1	BN373_47951
YFI97818.1	WP_002883412.1	BN373_49461
YFI96641.1	WP_004223582.1	BN373_11851
YFI96444.1	WP_002895757.1	BN373_13921
YFI96000.1	WP_004140266.1	BN373_19141
YFJ00014.1	WP_004898677.1	BN373_26191
YFJ00012.1	WP_004184309.1	BN373_26211
YFI99776.1	WP_002910762.1	BN373_28741
YFI98558.1	WP_004900816.1	BN373_41771
YFI98409.1	WP_002919219.1	BN373_43321
YFI98137.1	WP_004173909.1	BN373_46141
YFI98102.1	WP_004901431.1	BN373_46501
YFI97274.1	WP_002888327.1	BN373_05361
YFI96610.1	WP_004183384.1	BN373_12181
YFI96465.1	WP_002895665.1	BN373_13731
YFI95992.1	WP_002901905.1	BN373_19231
YFI95916.1	WP_002902515.1	BN373_20031
YFJ00311.1	WP_004190089.1	BN373_22931
YFJ00179.1	WP_004898473.1	BN373_24381
YFI99919.1	WP_004180358.1	BN373_27201
YFI99884.1	WP_004151850.1	BN373_27551
YFI99771.1	WP_045145374.1	BN373_28781
YFI99601.1	WP_004141132.1	BN373_30001
YFI98975.1	WP_004900144.1	BN373_37271
YFI98544.1	WP_002917922.1	BN373_41931
YFI98484.1	WP_004900908.1	BN373_42571
YFI97958.1	WP_004901659.1	BN373_48011
YFI97917.1	WP_002882880.1	BN373_48431
YFI97884.1	WP_004901768.1	BN373_48761
YFI97172.1	WP_004222697.1	BN373_06431
YFI97065.1	WP_004222841.1	BN373_07581
YFI96702.1	WP_004147471.1	BN373_11181
YFI95684.1	WP_004224724.1	BN373_22061
YFJ00006.1	WP_004898689.1	BN373_26281
YFI99877.1	WP_002909105.1	BN373_27621
YFI98732.1	WP_002916313.1	BN373_39931
YFI98578.1	WP_004900771.1	BN373_41571
YFI98261.1	WP_002921035.1	BN373_44811
YFI98212.1	WP_004901233.1	BN373_45341
YFI98142.1	WP_004901362.1	BN373_46091
YFI97719.1	WP_004186480.1	BN373_00451
YFI97420.1	WP_002887349.1	BN373_03761
YFI97256.1	WP_004147041.1	BN373_05551
YFI95925.1	WP_004148192.1	BN373_19941
YFI95899.1	WP_004151585.1	BN373_20211
YFJ00444.1	WP_002911507.1	BN373_29801
YFJ00105.1	WP_004148564.1	BN373_25231
YFI99899.1	WP_002909008.1	BN373_27401
YFI99675.1	WP_002911518.1	BN373_29821
YFI99167.1	WP_004185122.1	BN373_35241
YFI99125.1	WP_002914110.1	BN373_35711
YFI99031.1	WP_004890251.1	BN373_36711
YFI98691.1	WP_004900568.1	BN373_40371
YFI97935.1	WP_004901692.1	BN373_48251
YFI96708.1	WP_004176981.1	BN373_11121
YFI96609.1	WP_002894353.1	BN373_12201
YFI96331.1	WP_004224017.1	BN373_15581
YFI96078.1	WP_004224211.1	BN373_18321
YFI95820.1	WP_004899673.1	BN373_33781
YFJ00567.1	WP_004222807.1	BN373_07421
YFJ00463.1	WP_002908380.1	BN373_26861
YFJ00272.1	WP_002905232.1	BN373_23351
YFI99420.1	WP_004180647.1	BN373_32121
YFI99352.1	WP_002913156.1	BN373_32831
YFI99313.1	WP_004899591.1	BN373_33211
YFI98973.1	WP_029884157.1	BN373_37291
YFI98485.1	WP_002918397.1	BN373_42561
YFI97608.1	WP_004146714.1	BN373_01671
YFJ00362.1	WP_004224752.1	BN373_22401
YFI99699.1	WP_004899153.1	BN373_29561
YFI99144.1	WP_002914067.1	BN373_35511
YFI97510.1	WP_002886940.1	BN373_02701
YFI97019.1	WP_002890201.1	BN373_08041
YFI96967.1	WP_004191727.1	BN373_08601
YFI96017.1	WP_004224280.1	BN373_18961
YFJ00697.1	WP_004026332.1	BN373_p01281
YFJ00594.1	WP_002886691.1	BN373_02131
YFJ00025.1	WP_004898655.1	BN373_26071
YFI99737.1	WP_002910917.1	BN373_29161
YFI99566.1	WP_002911798.1	BN373_30511
YFI99269.1	WP_002913498.1	BN373_34191
YFI98565.1	WP_004900805.1	BN373_41701
YFI98557.1	WP_004144845.1	BN373_41781
YFI98494.1	WP_004144907.1	BN373_42471
YFI98195.1	WP_004145219.1	BN373_45511
YFI97418.1	WP_004222402.1	BN373_03781
YFI97335.1	WP_004146029.1	BN373_04681
YFI96977.1	WP_002890403.1	BN373_08491
YFI96968.1	WP_004222984.1	BN373_08581
YFJ00694.1	WP_004225014.1	BN373_p00011
YFJ00156.1	WP_004898533.1	BN373_24671
YFJ00010.1	WP_004898683.1	BN373_26241
YFI99715.1	WP_002911397.1	BN373_29401
YFI97243.1	WP_004147057.1	BN373_05701
YFI96441.1	WP_004179105.1	BN373_13951
YFI96367.1	WP_004147771.1	BN373_15221
YFI96353.1	WP_004141839.1	BN373_15361
YFI99365.1	WP_004899567.1	BN373_32701
YFI99286.1	WP_002913377.1	BN373_34021
YFI99026.1	WP_004174691.1	BN373_36761
YFI98497.1	WP_004149938.1	BN373_42441
YFI97967.1	WP_002882531.1	BN373_47921
YFI96590.1	WP_002894467.1	BN373_12401
YFI96458.1	WP_002895728.1	BN373_13791
YFI96274.1	WP_004224047.1	BN373_16241
YFI96178.1	WP_002900790.1	BN373_17251
YFI96063.1	WP_004224242.1	BN373_18481
YFI95998.1	WP_002901816.1	BN373_19161
YFI95981.1	WP_004224304.1	BN373_19351
YFJ00434.1	WP_004899237.1	BN373_30231
YFI99944.1	WP_004143317.1	BN373_26941
YFI99056.1	WP_002914327.1	BN373_36451
YFI98992.1	WP_004181055.1	BN373_37101
YFI98145.1	WP_004901354.1	BN373_46061
YFI97904.1	WP_002882911.1	BN373_48561
YFI97793.1	WP_002883521.1	BN373_49711
YFI97605.1	WP_004222053.1	BN373_01701
YFI97024.1	WP_002890192.1	BN373_07991
YFI96988.1	WP_002890372.1	BN373_08381
YFI96882.1	WP_004223083.1	BN373_09451
YFI96269.1	WP_002898582.1	BN373_16291
YFI96169.1	WP_004140612.1	BN373_17331
YFJ00468.1	WP_004189593.1	BN373_26331
YFJ00378.1	WP_004901035.1	BN373_43761
YFJ00028.1	WP_004189671.1	BN373_26041
YFI98874.1	WP_004174579.1	BN373_38291
YFI98000.1	WP_004901602.1	BN373_47571
YFI97990.1	WP_004145004.1	BN373_47681
YFI97445.1	WP_004214857.1	BN373_03491
YFI97128.1	WP_004145855.1	BN373_06901
YFI97072.1	WP_002889884.1	BN373_07501
YFI96638.1	WP_004147526.1	BN373_11881
YFI95764.1	WP_004148291.1	BN373_21141
YFJ00640.1	WP_004213250.1	BN373_p00461
YFI99557.1	WP_004899347.1	BN373_30611
YFI99234.1	WP_004174884.1	BN373_34571
YFI99141.1	WP_002914070.1	BN373_35541
YFI98788.1	WP_004900395.1	BN373_39151
YFI98150.1	WP_004901342.1	BN373_46001
YFI97652.1	WP_004146678.1	BN373_01191
YFI97547.1	WP_004222126.1	BN373_02331
YFI97417.1	WP_002887352.1	BN373_03791
YFI97398.1	WP_004222432.1	BN373_03991
YFI96483.1	WP_004223747.1	BN373_13551
YFJ00301.1	WP_004151648.1	BN373_23051
YFI98141.1	WP_004901364.1	BN373_46101
YFI98085.1	WP_004901466.1	BN373_46681
YFI97815.1	WP_002883415.1	BN373_49491
YFI97314.1	WP_004222589.1	BN373_04901
YFI96730.1	WP_004147443.1	BN373_10891
YFI96684.1	WP_004178910.1	BN373_11371
YFI96386.1	WP_002896371.1	BN373_15021
YFI96205.1	WP_004147927.1	BN373_16981
YFI96201.1	WP_002899288.1	BN373_17031
YFJ00545.1	WP_004183375.1	BN373_12091
YFJ00514.1	WP_014599125.1	BN373_17401
YFJ00027.1	WP_004200149.1	BN373_26051
YFI99936.1	WP_004898796.1	BN373_27031
YFI99587.1	WP_004175385.1	BN373_30191
YFI99452.1	WP_004151126.1	BN373_31751
YFI99089.1	WP_004145693.1	BN373_36111
YFI98757.1	WP_004149718.1	BN373_39621
YFI98695.1	WP_002916600.1	BN373_40331
YFI97899.1	WP_004901737.1	BN373_48611
YFI97826.1	WP_002883400.1	BN373_49381
YFI97792.1	WP_015959237.1	BN373_49721
YFI97596.1	WP_002885652.1	BN373_01791
YFI97299.1	WP_002887979.1	BN373_05051
YFI97210.1	WP_004177405.1	BN373_06041
YFI96650.1	WP_004223559.1	BN373_11761
YFI95841.1	WP_002903384.1	BN373_20811
YFI95837.1	WP_002903391.1	BN373_20851
YFI95772.1	WP_004224626.1	BN373_21051
YFJ00667.1	WP_004215186.1	BN373_p00061
YFJ00649.1	WP_004213921.1	BN373_p00321
YFJ00603.1	WP_004177861.1	BN373_00151
YFJ00026.1	WP_004898653.1	BN373_26061
YFI99817.1	WP_002910407.1	BN373_28321
YFI99458.1	WP_004899491.1	BN373_31691
YFI98417.1	WP_004150007.1	BN373_43241
YFI97517.1	WP_004192384.1	BN373_02641
YFI96035.1	WP_004190773.1	BN373_18761
YFI95877.1	WP_004183866.1	BN373_20451
YFJ00364.1	WP_004190181.1	BN373_22381
YFJ00313.1	WP_004190093.1	BN373_22911
YFJ00182.1	WP_004898468.1	BN373_24351
YFI99934.1	WP_004898803.1	BN373_27061
YFI99697.1	WP_004180437.1	BN373_29581
YFI98513.1	WP_004144892.1	BN373_42261
YFI98256.1	WP_002921105.1	BN373_44861
YFI96945.1	WP_004223012.1	BN373_08831
YFI96512.1	WP_004147641.1	BN373_13221
YFI95682.1	WP_004224725.1	BN373_22081
YFJ00616.1	WP_002923154.1	BN373_46961
YFJ00240.1	WP_004224961.1	BN373_23681
YFI99775.1	WP_002910764.1	BN373_28751
YFI99588.1	WP_023287796.1	BN373_30181
YFI99479.1	WP_002912679.1	BN373_31471
YFI99368.1	WP_004899559.1	BN373_32671
YFI98985.1	WP_004900123.1	BN373_37171
YFI98916.1	WP_002915261.1	BN373_37861
YFI97944.1	WP_004178031.1	BN373_48151
YFI97834.1	WP_002883381.1	BN373_49291
YFI97674.1	WP_002885156.1	BN373_00981
YFI97238.1	WP_002888547.1	BN373_05751
YFI96612.1	WP_004147553.1	BN373_12161
YFI96413.1	WP_004147725.1	BN373_14271
YFI99427.1	WP_002912941.1	BN373_32031
YFI98455.1	WP_002918570.1	BN373_42851
YFI98064.1	WP_002923118.1	BN373_46871
YFI97656.1	WP_004177781.1	BN373_01161
YFI97401.1	WP_004222429.1	BN373_03961
YFI97303.1	WP_002887969.1	BN373_05011
YFI97049.1	WP_029883981.1	BN373_07761
YFI96254.1	WP_004183619.1	BN373_16451
YFI96230.1	WP_002898938.1	BN373_16701
YFJ00722.1	WP_004214545.1	BN373_p00961
YFJ00344.1	WP_004224761.1	BN373_22581
YFJ00233.1	WP_004212078.1	BN373_23781
YFJ00138.1	WP_002906791.1	BN373_24881
YFI99977.1	WP_004898726.1	BN373_26571
YFI98197.1	WP_002921921.1	BN373_45491
YFI97513.1	WP_002886928.1	BN373_02681
YFI96652.1	WP_002893597.1	BN373_11741
YFI96648.1	WP_004223565.1	BN373_11781
YFI95923.1	WP_004224433.1	BN373_19961
YFJ00246.1	WP_004224949.1	BN373_23611
YFI99871.1	WP_004898920.1	BN373_27691
YFI99445.1	WP_002912862.1	BN373_31831
YFI99305.1	WP_002913346.1	BN373_33301
YFI99084.1	WP_004899999.1	BN373_36171
YFI98468.1	WP_002918455.1	BN373_42731
YFI98449.1	WP_002918639.1	BN373_42911
YFI98147.1	WP_002922463.1	BN373_46041
YFI97965.1	WP_004211174.1	BN373_47941
YFI97366.1	WP_004222502.1	BN373_04361
YFI97025.1	WP_004144601.1	BN373_07981
YFI96603.1	WP_004223635.1	BN373_12271
YFI96538.1	WP_004147614.1	BN373_12941
YFI95848.1	WP_004148259.1	BN373_20741
YFJ00637.1	WP_011154537.1	BN373_p00501
YFJ00123.1	WP_002906903.1	BN373_25041
YFI99767.1	WP_002910835.1	BN373_28841
YFI99297.1	WP_004899603.1	BN373_33381
YFI98743.1	WP_004900508.1	BN373_39811
YFI98447.1	WP_002918641.1	BN373_42931
YFI98231.1	WP_004901196.1	BN373_45131
YFI97941.1	WP_004901680.1	BN373_48191
YFI97864.1	WP_002883171.1	BN373_48971
YFI97761.1	WP_004146576.1	BN373_00011
YFI97746.1	WP_002884627.1	BN373_00181
YFI97319.1	WP_002887853.1	BN373_04851
YFI97296.1	WP_004178570.1	BN373_05081
YFI96200.1	WP_004224087.1	BN373_17041
YFI95943.1	WP_004179577.1	BN373_19751
YFI95896.1	WP_004148220.1	BN373_20241
YFJ00491.1	WP_004224677.1	BN373_21581
YFJ00223.1	WP_004225004.1	BN373_23901
YFJ00167.1	WP_004898503.1	BN373_24541
YFJ00151.1	WP_004184216.1	BN373_24741
YFJ00041.1	WP_004898638.1	BN373_25891
YFI99787.1	WP_002910715.1	BN373_28621
YFI99345.1	WP_002913183.1	BN373_32901
YFI99275.1	WP_004899728.1	BN373_34131
YFI98819.1	WP_002915991.1	BN373_38841
YFI98285.1	WP_002920807.1	BN373_44541
YFI97854.1	WP_002883211.1	BN373_49071
YFI97188.1	WP_002888823.1	BN373_06251
YFI95885.1	WP_014599139.1	BN373_20351
YFI95767.1	WP_002903632.1	BN373_21111
YFI95678.1	WP_004179782.1	BN373_22121
YFJ00533.1	WP_004147660.1	BN373_13471
YFJ00360.1	WP_002904781.1	BN373_22421
YFJ00238.1	WP_004224971.1	BN373_23711
YFJ00208.1	WP_004151892.1	BN373_24061
YFJ00097.1	WP_004143800.1	BN373_25311
YFI99990.1	WP_004898706.1	BN373_26441
YFI99010.1	WP_004149485.1	BN373_36921
YFI98032.1	WP_004150274.1	BN373_47231
YFI97732.1	WP_004151749.1	BN373_00331
YFI97062.1	WP_004222846.1	BN373_07611
YFI96747.1	WP_002892597.1	BN373_10721
YFI96741.1	WP_004223408.1	BN373_10791
YFI96449.1	WP_004223785.1	BN373_13881
YFI95941.1	WP_004224395.1	BN373_19771
YFJ00657.1	WP_004213934.1	BN373_p00231
YFI99857.1	WP_002910089.1	BN373_27921
YFI99359.1	WP_004899577.1	BN373_32761
YFI99318.1	WP_004149206.1	BN373_33161
YFI98703.1	WP_002916572.1	BN373_40241
YFI97902.1	WP_002882914.1	BN373_48581
YFI97820.1	WP_004901884.1	BN373_49441
YFI97228.1	WP_002888623.1	BN373_05851
YFI97068.1	WP_004222833.1	BN373_07551
YFI96760.1	WP_002892400.1	BN373_10601
YFI96752.1	WP_002892496.1	BN373_10671
YFI96410.1	WP_002892997.1	BN373_14301
YFI96218.1	WP_004150825.1	BN373_16821
YFI95768.1	WP_004224630.1	BN373_21091
YFJ00209.1	WP_004148478.1	BN373_24051
YFJ00020.1	WP_004898663.1	BN373_26131
YFI99586.1	WP_002911729.1	BN373_30201
YFI99456.1	WP_002912823.1	BN373_31711
YFI98991.1	WP_004890185.1	BN373_37111
YFI98896.1	WP_002915545.1	BN373_38061
YFI98124.1	WP_004173902.1	BN373_46291
YFI97943.1	WP_004901674.1	BN373_48161
YFI97877.1	WP_002883015.1	BN373_48831
YFI97676.1	WP_004146663.1	BN373_00961
YFI97649.1	WP_002885338.1	BN373_01221
YFI97224.1	WP_002888632.1	BN373_05891
YFI96872.1	WP_002892258.1	BN373_09561
YFJ00277.1	WP_004224889.1	BN373_23291
YFJ00194.1	WP_004898442.1	BN373_24231
YFI99882.1	WP_002909089.1	BN373_27571
YFI99810.1	WP_002910453.1	BN373_28391
YFI99780.1	WP_004175489.1	BN373_28691
YFI99762.1	WP_004899079.1	BN373_28891
YFI99563.1	WP_004899327.1	BN373_30541
YFI99470.1	WP_004151129.1	BN373_31561
YFI98993.1	WP_004151053.1	BN373_37091
YFI98076.1	WP_002923020.1	BN373_46771
YFI97298.1	WP_004222613.1	BN373_05061
YFI97000.1	WP_002890286.1	BN373_08251
YFI96437.1	WP_004223804.1	BN373_14001
YFI96423.1	WP_002895871.1	BN373_14141
YFI96117.1	WP_004148038.1	BN373_17891
YFI95970.1	WP_004176438.1	BN373_19441
YFI95904.1	WP_004190428.1	BN373_20151
YFJ00519.1	WP_002899101.1	BN373_16931
YFI99904.1	WP_004898848.1	BN373_27341
YFI99595.1	WP_002911591.1	BN373_30081
YFI99594.1	WP_004899215.1	BN373_30091
YFI99261.1	WP_004899738.1	BN373_34281
YFI99213.1	WP_004899797.1	BN373_34771
YFI99202.1	WP_004185080.1	BN373_34891
YFI99090.1	WP_002914199.1	BN373_36101
YFI98872.1	WP_004181164.1	BN373_38311
YFI98665.1	WP_004900622.1	BN373_40671
YFI98183.1	WP_004205014.1	BN373_45661
YFI97001.1	WP_004222936.1	BN373_08241
YFI96960.1	WP_004183164.1	BN373_08671
YFI96571.1	WP_002894712.1	BN373_12611
YFI96409.1	WP_004147729.1	BN373_14311
YFI96172.1	WP_004140619.1	BN373_17301
YFI95939.1	WP_004224397.1	BN373_19791
YFJ00548.1	WP_014599063.1	BN373_11421
YFJ00310.1	WP_002904893.1	BN373_22941
YFI99996.1	WP_004180248.1	BN373_26381
YFI99858.1	WP_004145396.1	BN373_27911
YFI99294.1	WP_002913369.1	BN373_33961
YFI99072.1	WP_004145715.1	BN373_36291
YFI98942.1	WP_002915160.1	BN373_37581
YFI97889.1	WP_004901760.1	BN373_48711
YFI97285.1	WP_004222628.1	BN373_05231
YFI96026.1	WP_004179459.1	BN373_18861
YFI95996.1	WP_004224287.1	BN373_19181
YFI95784.1	WP_002903460.1	BN373_20921
YFJ00397.1	WP_004151788.1	BN373_39251
YFI99701.1	WP_002911434.1	BN373_29541
YFI99487.1	WP_004899470.1	BN373_31391
YFI99146.1	WP_002914063.1	BN373_35491
YFI98080.1	WP_004150236.1	BN373_46731
YFI97111.1	WP_002889616.1	BN373_07071
YFI96466.1	WP_004142092.1	BN373_13721
YFI96233.1	WP_004179309.1	BN373_16671
YFI96102.1	WP_004140447.1	BN373_18071
YFI95942.1	WP_004190483.1	BN373_19761
YFJ00681.1	WP_004213613.1	BN373_p02101
YFJ00293.1	WP_004190055.1	BN373_23141
YFI99849.1	WP_002910105.1	BN373_27981
YFI99847.1	WP_002910108.1	BN373_28001
YFI99068.1	WP_002914281.1	BN373_36331
YFI98815.1	WP_002915996.1	BN373_38881
YFI98263.1	WP_004901138.1	BN373_44791
YFI98211.1	WP_004145207.1	BN373_45351
YFI98066.1	WP_002923109.1	BN373_46851
YFI97939.1	WP_004901686.1	BN373_48211
YFI97905.1	WP_002882907.1	BN373_48551
YFI97829.1	WP_002883396.1	BN373_49351
YFI96992.1	WP_004222951.1	BN373_08331
YFI96389.1	WP_002896363.1	BN373_14981
YFI96024.1	WP_002901746.1	BN373_18881
YFI95911.1	WP_004224455.1	BN373_20081
YFI95766.1	WP_004224636.1	BN373_21121
YFI95749.1	WP_002903700.1	BN373_21301
YFI95717.1	WP_002903955.1	BN373_21671
YFJ00665.1	WP_004225022.1	BN373_p00111
YFJ00388.1	WP_004144552.1	BN373_40821
YFJ00011.1	WP_002908057.1	BN373_26221
YFI99790.1	WP_004152315.1	BN373_28591
YFI99541.1	WP_002912152.1	BN373_30781
YFI99467.1	WP_004899488.1	BN373_31591
YFI99256.1	WP_004145614.1	BN373_34331
YFI99251.1	WP_004145617.1	BN373_34381
YFI99248.1	WP_004174901.1	BN373_34421
YFI98768.1	WP_004174493.1	BN373_39391
YFI98235.1	WP_004145179.1	BN373_45081
YFI97956.1	WP_004150336.1	BN373_48031
YFI97816.1	WP_002883414.1	BN373_49481
YFI97488.1	WP_002886970.1	BN373_02971
YFI97033.1	WP_002890128.1	BN373_07921
YFI96965.1	WP_004144656.1	BN373_08621
YFI96892.1	WP_004223076.1	BN373_09351
YFI96416.1	WP_004176738.1	BN373_14241
YFI96365.1	WP_004147773.1	BN373_15241
YFI95698.1	WP_004143566.1	BN373_21911
YFJ00109.1	WP_004180146.1	BN373_25191
YFJ00067.1	WP_004143835.1	BN373_25641
YFJ00064.1	WP_004898614.1	BN373_25671
YFI99843.1	WP_004180381.1	BN373_28041
YFI99577.1	WP_004899253.1	BN373_30311
YFI99490.1	WP_002912636.1	BN373_31361
YFI98790.1	WP_004900391.1	BN373_39131
YFI98736.1	WP_004144729.1	BN373_39891
YFI98542.1	WP_004144865.1	BN373_41951
YFI97305.1	WP_002887961.1	BN373_04991
YFI97251.1	WP_002888455.1	BN373_05601
YFI96589.1	WP_071820783.1	BN373_12411
YFI96025.1	WP_004224275.1	BN373_18871
YFJ00230.1	WP_029884165.1	BN373_23811
YFJ00192.1	WP_004184171.1	BN373_24251
YFI99942.1	WP_004175704.1	BN373_26971
YFI99784.1	WP_002910720.1	BN373_28651
YFI99529.1	WP_004899405.1	BN373_30931
YFI99331.1	WP_002913203.1	BN373_33041
YFI99209.1	WP_004213188.1	BN373_34821
YFI98712.1	WP_002916497.1	BN373_40141
YFI97825.1	WP_004187777.1	BN373_49391
YFI97213.1	WP_002888684.1	BN373_06011
YFI96683.1	WP_004178912.1	BN373_11381
YFI96659.1	WP_004223543.1	BN373_11671
YFI96327.1	WP_002898182.1	BN373_15621
YFJ00482.1	WP_004151871.1	BN373_23341
YFJ00472.1	WP_004180102.1	BN373_24571
YFI99994.1	WP_004898701.1	BN373_26401
YFI99543.1	WP_004175276.1	BN373_30751
YFI98816.1	WP_002915995.1	BN373_38871
YFI98536.1	WP_004900846.1	BN373_42011
YFI97991.1	WP_004151547.1	BN373_47671
YFI97966.1	WP_002882536.1	BN373_47931
YFI97861.1	WP_002883176.1	BN373_49001
YFI97737.1	WP_002884725.1	BN373_00281
YFI97392.1	WP_004177537.1	BN373_04061
YFI97158.1	WP_004222716.1	BN373_06581
YFI96121.1	WP_004150788.1	BN373_17851
YFI95999.1	WP_004151901.1	BN373_19151
YFI95909.1	WP_004224459.1	BN373_20101
YFJ00146.1	WP_002906776.1	BN373_24811
YFI99407.1	WP_004189004.1	BN373_32251
YFI98986.1	WP_004181063.1	BN373_37161
YFI98956.1	WP_004151061.1	BN373_37441
YFI98570.1	WP_002917724.1	BN373_41651
YFI98292.1	WP_004901104.1	BN373_44491
YFI98123.1	WP_004152050.1	BN373_46301
YFI97888.1	WP_002882952.1	BN373_48721
YFI97484.1	WP_004222209.1	BN373_03011
YFI96949.1	WP_002891629.1	BN373_08791
YFI96431.1	WP_004223808.1	BN373_14061
YFI96130.1	WP_004140512.1	BN373_17771
YFJ00467.1	WP_029884633.1	BN373_26541
YFJ00334.1	WP_004190135.1	BN373_22671
YFJ00319.1	WP_004224840.1	BN373_22861
YFJ00174.1	WP_004143747.1	BN373_24461
YFJ00040.1	WP_004898640.1	BN373_25901
YFI99831.1	WP_004898970.1	BN373_28161
YFI99724.1	WP_002911381.1	BN373_29301
YFI99576.1	WP_004899254.1	BN373_30321
YFI99442.1	WP_004200488.1	BN373_31861
YFI99095.1	WP_004899977.1	BN373_36041
YFI98516.1	WP_002918241.1	BN373_42231
YFI98332.1	WP_014599273.1	BN373_44101
YFI97489.1	WP_004152193.1	BN373_02961
YFI97483.1	WP_032448136.1	BN373_03021
YFI97051.1	WP_004222879.1	BN373_07741
YFI96974.1	WP_002890412.1	BN373_08521
YFI96091.1	WP_002901240.1	BN373_18181
YFI95976.1	WP_004224315.1	BN373_19391
YFI95687.1	WP_002904419.1	BN373_22031
YFJ00608.1	WP_002883307.1	BN373_49171
YFJ00211.1	WP_002906016.1	BN373_24031
YFJ00007.1	WP_004898686.1	BN373_26271
YFI99665.1	WP_023301076.1	BN373_29921
YFI99295.1	WP_029884305.1	BN373_33951
YFI98431.1	WP_004144971.1	BN373_43091
YFI97887.1	WP_004177983.1	BN373_48731
YFI97691.1	WP_004221925.1	BN373_00761
YFI97358.1	WP_002887643.1	BN373_04441
YFI97181.1	WP_004222690.1	BN373_06341
YFI97103.1	WP_004145830.1	BN373_07161
YFI96100.1	WP_004179386.1	BN373_18101
YFJ00540.1	WP_004197606.1	BN373_12631
YFJ00405.1	WP_004174698.1	BN373_36661
YFJ00329.1	WP_004224797.1	BN373_22731
YFJ00322.1	WP_004224815.1	BN373_22831
YFJ00172.1	WP_002906464.1	BN373_24491
YFI99220.1	WP_002913803.1	BN373_34711
YFI99106.1	WP_002914158.1	BN373_35911
YFI98914.1	WP_002915265.1	BN373_37891
YFI98800.1	WP_002916061.1	BN373_39031
YFI98520.1	WP_004900867.1	BN373_42191
YFI98016.1	WP_004145083.1	BN373_47411
YFI95945.1	WP_004151595.1	BN373_19731
YFI95680.1	WP_002904495.1	BN373_22101
YFJ00333.1	WP_002904832.1	BN373_22681
YFI99782.1	WP_004148803.1	BN373_28671
YFI99259.1	WP_002913625.1	BN373_34301
YFI99223.1	WP_002913800.1	BN373_34681
YFI98964.1	WP_004900173.1	BN373_37361
YFI97748.1	WP_004221838.1	BN373_00161
YFJ00305.1	WP_004224857.1	BN373_23011
YFJ00302.1	WP_004224863.1	BN373_23041
YFJ00057.1	WP_004898621.1	BN373_25741
YFI99987.1	WP_004145376.1	BN373_26471
YFI99869.1	WP_002910036.1	BN373_27711
YFI99252.1	WP_002913639.1	BN373_34371
YFI99121.1	WP_004174805.1	BN373_35751
YFI99005.1	WP_004181043.1	BN373_36971
YFI97377.1	WP_004222486.1	BN373_04231
YFI97050.1	WP_002890001.1	BN373_07751
YFI95906.1	WP_004224469.1	BN373_20131
YFJ00205.1	WP_004176040.1	BN373_24091
YFJ00110.1	WP_004151213.1	BN373_25181
YFI99712.1	WP_004899136.1	BN373_29431
YFI98803.1	WP_004185510.1	BN373_39001
YFI98746.1	WP_004149733.1	BN373_39761
YFI98644.1	WP_004900650.1	BN373_40901
YFI98363.1	WP_002920153.1	BN373_43781
YFI97327.1	WP_004222550.1	BN373_04761
YFI97287.1	WP_004151372.1	BN373_05211
YFI97053.1	WP_004222863.1	BN373_07721
YFI96916.1	WP_004223040.1	BN373_09111
YFI96524.1	WP_002895043.1	BN373_13081
YFI95973.1	WP_004152141.1	BN373_19421
YFI95940.1	WP_004224396.1	BN373_19781
YFJ00626.1	WP_004214541.1	BN373_p00941
YFI99935.1	WP_004151837.1	BN373_27051
YFI99431.1	WP_004899496.1	BN373_31991
YFI99264.1	WP_004174917.1	BN373_34251
YFI98849.1	WP_004900312.1	BN373_38531
YFI98658.1	WP_002916742.1	BN373_40741
YFI97730.1	WP_004221868.1	BN373_00351
YFI97452.1	WP_004222316.1	BN373_03411
YFI96855.1	WP_004143017.1	BN373_09731
YFI96761.1	WP_004223394.1	BN373_10591
YFI96705.1	WP_004151823.1	BN373_11151
YFJ00617.1	WP_004901505.1	BN373_46891
YFI99570.1	WP_004899294.1	BN373_30421
YFI99488.1	WP_004175147.1	BN373_31381
YFI99088.1	WP_004899986.1	BN373_36121
YFI99035.1	WP_002914775.1	BN373_36671
YFI98532.1	WP_004900851.1	BN373_42061
YFI98120.1	WP_002922636.1	BN373_46321
YFI97984.1	WP_004144996.1	BN373_47751
YFI97628.1	WP_002885443.1	BN373_01471
YFI97375.1	WP_004177525.1	BN373_04251
YFI97249.1	WP_002888460.1	BN373_05631
YFI96924.1	WP_002891899.1	BN373_09041
YFI96345.1	WP_004150844.1	BN373_15441
YFI96231.1	WP_004176596.1	BN373_16691
YFI96061.1	WP_004176514.1	BN373_18501
YFI96028.1	WP_002901735.1	BN373_18841
YFJ00615.1	WP_002923191.1	BN373_47031
YFJ00075.1	WP_004898602.1	BN373_25551
YFI98258.1	WP_004151421.1	BN373_44841
YFI97946.1	WP_002882807.1	BN373_48131
YFI97823.1	WP_002883408.1	BN373_49411
YFI97198.1	WP_004222677.1	BN373_06171
YFI97090.1	WP_004222792.1	BN373_07301
YFI96234.1	WP_004224068.1	BN373_16661
YFI95715.1	WP_001620095.1	BN373_21711
YFI99575.1	WP_004899257.1	BN373_30331
YFI99364.1	WP_004899570.1	BN373_32711
YFI99183.1	WP_002913950.1	BN373_35081
YFI98709.1	WP_002916504.1	BN373_40171
YFI97699.1	WP_004186517.1	BN373_00681
YFI97493.1	WP_004152190.1	BN373_02921
YFI97387.1	WP_004222457.1	BN373_04111
YFI97138.1	WP_002889318.1	BN373_06801
YFI96341.1	WP_002898150.1	BN373_15481
YFI96157.1	WP_004150812.1	BN373_17481
YFI95745.1	WP_002903710.1	BN373_21351
YFJ00562.1	WP_004144635.1	BN373_08371
YFJ00506.1	WP_004224295.1	BN373_19301
YFI99823.1	WP_002910393.1	BN373_28241
YFI99429.1	WP_002912937.1	BN373_32011
YFI98988.1	WP_002915035.1	BN373_37141
YFI98476.1	WP_002918428.1	BN373_42651
YFI98278.1	WP_002920815.1	BN373_44621
YFI98082.1	WP_004901475.1	BN373_46711
YFI97577.1	WP_004210671.1	BN373_02011
YFI97211.1	WP_002888694.1	BN373_06031
YFI97184.1	WP_004222687.1	BN373_06301
YFI96869.1	WP_002892263.1	BN373_09591
YFI96700.1	WP_004176976.1	BN373_11201
YFI96092.1	WP_014599128.1	BN373_18171
YFJ00628.1	WP_004214538.1	BN373_p00911
YFJ00191.1	WP_004898447.1	BN373_24261
YFI99735.1	WP_004145526.1	BN373_29181
YFI98100.1	WP_002922941.1	BN373_46521
YFI97871.1	WP_002883026.1	BN373_48901
YFI97369.1	WP_004146068.1	BN373_04331
YFI97142.1	WP_004151930.1	BN373_06751
YFI97021.1	WP_004222915.1	BN373_08021
YFI96910.1	WP_004204761.1	BN373_09171
YFI96677.1	WP_004223523.1	BN373_11451
YFI96635.1	WP_002893884.1	BN373_11911
YFJ00454.1	WP_004898979.1	BN373_28271
YFJ00453.1	WP_004175551.1	BN373_28311
YFJ00181.1	WP_004148501.1	BN373_24361
YFI99500.1	WP_004213673.1	BN373_31231
YFI99151.1	WP_004144349.1	BN373_35441
YFI99081.1	WP_020803748.1	BN373_36201
YFI98989.1	WP_004151054.1	BN373_37131
YFI98503.1	WP_002918371.1	BN373_42371
YFI97664.1	WP_004221964.1	BN373_01081
YFI97564.1	WP_004222093.1	BN373_02151
YFI97277.1	WP_002888321.1	BN373_05331
YFJ00373.1	WP_004224743.1	BN373_22291
YFJ00303.1	WP_004176161.1	BN373_23031
YFJ00158.1	WP_004898529.1	BN373_24651
YFI98920.1	WP_004900225.1	BN373_37821
YFI98293.1	WP_004901101.1	BN373_44481
YFI97912.1	WP_004901724.1	BN373_48481
YFI97260.1	WP_004145972.1	BN373_05511
YFI96445.1	WP_004223794.1	BN373_13911
YFI96385.1	WP_002896372.1	BN373_15031
YFJ00507.1	WP_004140254.1	BN373_19191
YFI99975.1	WP_004898734.1	BN373_26591
YFI99845.1	WP_004151854.1	BN373_28021
YFI98242.1	WP_002921269.1	BN373_45011
YFI97932.1	WP_002882856.1	BN373_48281
YFI97165.1	WP_004222710.1	BN373_06511
YFI97120.1	WP_004212714.1	BN373_06981
YFI97048.1	WP_004177295.1	BN373_07771
YFI95760.1	WP_004143107.1	BN373_21181
YFJ00704.1	WP_004212797.1	BN373_p01221
YFJ00265.1	WP_004176115.1	BN373_23421
YFI99243.1	WP_004180842.1	BN373_34471
YFI97067.1	WP_004222836.1	BN373_07561
YFJ00039.1	WP_029884586.1	BN373_25921
YFI99927.1	WP_004175664.1	BN373_27131
YFI99565.1	WP_004180471.1	BN373_30521
YFI99168.1	WP_004899856.1	BN373_35231
YFI97937.1	WP_004901688.1	BN373_48231
YFI97913.1	WP_004146257.1	BN373_48471
YFI97453.1	WP_004222313.1	BN373_03401
YFI96669.1	WP_004147499.1	BN373_11551
YFJ00710.1	WP_004212808.1	BN373_p01151
YFI99892.1	WP_002909061.1	BN373_27471
YFI99447.1	WP_002912842.1	BN373_31811
YFI99434.1	WP_004151123.1	BN373_31941
YFI99258.1	WP_002913626.1	BN373_34311
YFI99163.1	WP_004899867.1	BN373_35281
YFI98255.1	WP_004901155.1	BN373_44871
YFI98034.1	WP_002923296.1	BN373_47211
YFI97700.1	WP_004177833.1	BN373_00671
YFI96668.1	WP_004142505.1	BN373_11561
YFI95762.1	WP_004224641.1	BN373_21161
YFJ00591.1	WP_002886941.1	BN373_02711
YFJ00005.1	WP_004898692.1	BN373_26291
YFI98371.1	WP_004901008.1	BN373_43691
YFI98314.1	WP_004151408.1	BN373_44291
YFI97916.1	WP_002882882.1	BN373_48441
YFI97758.1	WP_002884578.1	BN373_00051
YFI97450.1	WP_004222322.1	BN373_03431
YFI97227.1	WP_002888624.1	BN373_05861
YFI96649.1	WP_004223562.1	BN373_11771
YFI96373.1	WP_004223984.1	BN373_15161
YFI96240.1	WP_002898913.1	BN373_16601
YFI96171.1	WP_004176563.1	BN373_17311
YFI95907.1	WP_004224464.1	BN373_20121
YFJ00639.1	WP_004213252.1	BN373_p00471
YFI99861.1	WP_002910080.1	BN373_27881
YFI98649.1	WP_002916796.1	BN373_40841
YFI98636.1	WP_002916846.1	BN373_40981
YFI98346.1	WP_002920260.1	BN373_43951
YFI97271.1	WP_002888332.1	BN373_05391
YFI97022.1	WP_004144603.1	BN373_08011
YFI96188.1	WP_004224096.1	BN373_17171
YFI96060.1	WP_004151921.1	BN373_18511
YFJ00627.1	WP_004214540.1	BN373_p00931
YFJ00607.1	WP_002883394.1	BN373_49331
YFI99542.1	WP_004152513.1	BN373_30761
YFI99307.1	WP_004174960.1	BN373_33281
YFI98888.1	WP_002915614.1	BN373_38151
YFI98615.1	WP_004174349.1	BN373_41181
YFI97753.1	WP_002884590.1	BN373_00101
YFI97565.1	WP_002886699.1	BN373_02141
YFI97485.1	WP_002886979.1	BN373_03001
YFI97146.1	WP_002889295.1	BN373_06701
YFI96054.1	WP_004140353.1	BN373_18561
YFJ00728.1	WP_077250520.1	BN373_p00521
YFI99949.1	WP_002908416.1	BN373_26891
YFI98990.1	WP_002915033.1	BN373_37121
YFI98893.1	WP_004174602.1	BN373_38101
YFI98619.1	WP_004144532.1	BN373_41141
YFI98387.1	WP_002919786.1	BN373_43531
YFI98157.1	WP_002922426.1	BN373_45931
YFI97870.1	WP_004181639.1	BN373_48911
YFI97496.1	WP_004178392.1	BN373_02861
YFI97373.1	WP_032448004.1	BN373_04281
YFI97284.1	WP_004151369.1	BN373_05241
YFI97275.1	WP_002888324.1	BN373_05351
YFI96952.1	WP_004178747.1	BN373_08761
YFJ00499.1	WP_004224545.1	BN373_20561
YFJ00175.1	WP_004180084.1	BN373_24421
YFI99688.1	WP_004899166.1	BN373_29681
YFI98980.1	WP_004900130.1	BN373_37221
YFI98423.1	WP_004900954.1	BN373_43181
YFI97039.1	WP_004222892.1	BN373_07861
YFI96955.1	WP_002891476.1	BN373_08721
YFI96931.1	WP_004151335.1	BN373_08971
YFI96500.1	WP_004223715.1	BN373_13361
YFI95900.1	WP_004224479.1	BN373_20201
YFJ00004.1	WP_002908134.1	BN373_26301
YFI99768.1	WP_002910832.1	BN373_28831
YFI97979.1	WP_004173838.1	BN373_47801
YFI97402.1	WP_004222427.1	BN373_03951
YFI97116.1	WP_002889445.1	BN373_07021
YFI96418.1	WP_004191195.1	BN373_14221
YFJ00394.1	WP_004889844.1	BN373_39661
YFI99932.1	WP_004200238.1	BN373_27081
YFI99822.1	WP_002910395.1	BN373_28251
YFI99750.1	WP_002910900.1	BN373_29021
YFI99316.1	WP_002913226.1	BN373_33181
YFI98868.1	WP_002915739.1	BN373_38341
YFI98486.1	WP_004150950.1	BN373_42551
YFI98012.1	WP_004901584.1	BN373_47451
YFI97813.1	WP_004901889.1	BN373_49511
YFI96400.1	WP_004179130.1	BN373_14421
YFI95754.1	WP_002903687.1	BN373_21241
YFJ00711.1	WP_004212810.1	BN373_p01141
YFI99789.1	WP_004152314.1	BN373_28601
YFI99308.1	WP_002913340.1	BN373_33271
YFI98870.1	WP_002915732.1	BN373_38321
YFI98684.1	WP_004181271.1	BN373_40441
YFI98133.1	WP_004173907.1	BN373_46181
YFI98081.1	WP_004173884.1	BN373_46721
YFI98048.1	WP_004901536.1	BN373_47081
YFI97755.1	WP_004221827.1	BN373_00081
YFI97494.1	WP_004177654.1	BN373_02881
YFI97472.1	WP_004177598.1	BN373_03301
YFI97038.1	WP_002890106.1	BN373_07871
YFI97008.1	WP_004222932.1	BN373_08171
YFI96868.1	WP_014599051.1	BN373_09601
YFI96619.1	WP_004151655.1	BN373_12081
YFI96196.1	WP_004224090.1	BN373_17081
YFI96033.1	WP_002901728.1	BN373_18791
YFI96001.1	WP_004140269.1	BN373_19131
YFI95822.1	WP_004206656.1	BN373_33801
YFJ00462.1	WP_004898798.1	BN373_27041
YFJ00433.1	WP_004899307.1	BN373_30451
YFJ00369.1	WP_002904638.1	BN373_22331
YFJ00124.1	WP_004143773.1	BN373_25031
YFI99572.1	WP_004899266.1	BN373_30361
YFI99239.1	WP_004899759.1	BN373_34521
YFI98754.1	WP_004889841.1	BN373_39671
YFI97203.1	WP_004222672.1	BN373_06121
YFI96151.1	WP_004183655.1	BN373_17541
YFI96068.1	WP_002901486.1	BN373_18431
YFI95935.1	WP_002902393.1	BN373_19831
YFI95782.1	WP_004151560.1	BN373_20941
YFJ00406.1	WP_004899993.1	BN373_36141
YFI99373.1	WP_004899554.1	BN373_32611
YFI99169.1	WP_002913995.1	BN373_35221
YFI98764.1	WP_002916291.1	BN373_39431
YFI98597.1	WP_002917658.1	BN373_41381
YFI97804.1	WP_002883428.1	BN373_49601
YFI97749.1	WP_004221836.1	BN373_00141
YFI97389.1	WP_004222453.1	BN373_04091
YFI97112.1	WP_002889598.1	BN373_07061
YFI96250.1	WP_014599122.1	BN373_16501
YFJ00252.1	WP_032448162.1	BN373_23551
YFI99885.1	WP_002909085.1	BN373_27541
YFI99772.1	WP_004899052.1	BN373_28771
YFI99736.1	WP_002910918.1	BN373_29171
YFI99600.1	WP_004899204.1	BN373_30011
YFI99589.1	WP_002911599.1	BN373_30151
YFI99473.1	WP_002912707.1	BN373_31531
YFI99096.1	WP_004899975.1	BN373_36031
YFI98338.1	WP_004901059.1	BN373_44041
YFI97817.1	WP_004146466.1	BN373_49471
YFI97752.1	WP_002884608.1	BN373_00111
YFI97176.1	WP_004145898.1	BN373_06391
YFI97152.1	WP_004222722.1	BN373_06641
YFI96561.1	WP_002894749.1	BN373_12721
YFI96325.1	WP_002898187.1	BN373_15641
YFI95763.1	WP_004224637.1	BN373_21151
YFJ00570.1	WP_004178666.1	BN373_07091
YFI98053.1	WP_004145044.1	BN373_47021
YFI97390.1	WP_004222450.1	BN373_04081
YFI97159.1	WP_002889212.1	BN373_06571
YFI96738.1	WP_002892698.1	BN373_10821
YFI96656.1	WP_002893589.1	BN373_11701
YFI96597.1	WP_004176884.1	BN373_12331
YFI95702.1	WP_004148342.1	BN373_21871
YFJ00516.1	WP_004224113.1	BN373_17341
YFJ00294.1	WP_012968215.1	BN373_23121
YFI99732.1	WP_004899116.1	BN373_29221
YFI99083.1	WP_004180966.1	BN373_36181
YFI98923.1	WP_002915236.1	BN373_37781
YFI98883.1	WP_004900259.1	BN373_38201
YFI98672.1	WP_032448104.1	BN373_40601
YFI97199.1	WP_002888739.1	BN373_06161
YFI97144.1	WP_002889297.1	BN373_06731
YFI97095.1	WP_004222784.1	BN373_07251
YFI96876.1	WP_004178774.1	BN373_09521
YFI96642.1	WP_004223579.1	BN373_11841
YFI96515.1	WP_002895071.1	BN373_13191
YFI96192.1	WP_004140680.1	BN373_17121
YFI96108.1	WP_009308432.1	BN373_18001
YFJ00370.1	WP_004224747.1	BN373_22321
YFJ00247.1	WP_004224946.1	BN373_23601
YFI99726.1	WP_002911378.1	BN373_29281
YFI99109.1	WP_002914153.1	BN373_35881
YFI98932.1	WP_002915215.1	BN373_37691
YFI98630.1	WP_004174357.1	BN373_41041
YFI98253.1	WP_002921186.1	BN373_44891
YFI97183.1	WP_002888841.1	BN373_06311
YFI96729.1	WP_004223429.1	BN373_10911
YFI96533.1	WP_004223693.1	BN373_12991
YFI96311.1	WP_004141755.1	BN373_15821
YFI95692.1	WP_004224715.1	BN373_21981
YFI99832.1	WP_004145418.1	BN373_28151
YFI99677.1	WP_002911505.1	BN373_29791
YFI97354.1	WP_004222513.1	BN373_04491
YFI97132.1	WP_002889371.1	BN373_06861
YFI96592.1	WP_004212622.1	BN373_12381
YFI96504.1	WP_002895154.1	BN373_13311
YFI96285.1	WP_002898450.1	BN373_16101
YFI96261.1	WP_004150831.1	BN373_16381
YFI96004.1	WP_004140277.1	BN373_19101
YFI95890.1	WP_004140117.1	BN373_20301
YFJ00266.1	WP_004143665.1	BN373_23411
YFI99696.1	WP_004899157.1	BN373_29601
YFI99615.1	WP_004899682.1	BN373_33871
YFI99371.1	WP_004899557.1	BN373_32641
YFI98882.1	WP_004900260.1	BN373_38211
YFI97646.1	WP_002885391.1	BN373_01241
YFI96657.1	WP_004151668.1	BN373_11691
YFI96158.1	WP_004150813.1	BN373_17471
YFJ00348.1	WP_004179825.1	BN373_22551
YFJ00015.1	WP_004898673.1	BN373_26181
YFI99326.1	WP_002913209.1	BN373_33091
YFI99325.1	WP_002913210.1	BN373_33101
YFI98487.1	WP_004150949.1	BN373_42541
YFI97416.1	WP_004222411.1	BN373_03801
YFI97035.1	WP_004151354.1	BN373_07901
YFI96870.1	WP_004223098.1	BN373_09581
YFI96161.1	WP_004224127.1	BN373_17441
YFI95720.1	WP_004224680.1	BN373_21611
YFJ00636.1	WP_004213560.1	BN373_p00511
YFJ00504.1	WP_004224359.1	BN373_19571
YFJ00152.1	WP_002906697.1	BN373_24731
YFI99986.1	WP_002908205.1	BN373_26481
YFI99029.1	WP_002914815.1	BN373_36731
YFI98978.1	WP_004900135.1	BN373_37241
YFI98084.1	WP_004901469.1	BN373_46691
YFI97805.1	WP_002883427.1	BN373_49591
YFI97370.1	WP_002887608.1	BN373_04321
YFI97341.1	WP_002887784.1	BN373_04621
YFI97207.1	WP_002888699.1	BN373_06071
YFI96326.1	WP_004224021.1	BN373_15631
YFI99535.1	WP_004180497.1	BN373_30841
YFI99180.1	WP_002913952.1	BN373_35111
YFI98582.1	WP_014599268.1	BN373_41531
YFI98552.1	WP_002917907.1	BN373_41851
YFI98135.1	WP_002922500.1	BN373_46161
YFI97879.1	WP_004177966.1	BN373_48811
YFI97533.1	WP_004222141.1	BN373_02471
YFI97360.1	WP_004146059.1	BN373_04421
YFI97030.1	WP_004222901.1	BN373_07941
YFI96840.1	WP_004178817.1	BN373_09981
YFI96731.1	WP_002892707.1	BN373_10881
YFI96728.1	WP_004223432.1	BN373_10921
YFJ00696.1	WP_004902228.1	BN373_p01291
YFJ00171.1	WP_004143751.1	BN373_24501
YFJ00018.1	WP_004898667.1	BN373_26151
YFI99947.1	WP_004175711.1	BN373_26911
YFI99489.1	WP_004899467.1	BN373_31371
YFI99472.1	WP_004899486.1	BN373_31541
YFI99328.1	WP_002913206.1	BN373_33061
YFI99027.1	WP_002914817.1	BN373_36751
YFI98879.1	WP_004900267.1	BN373_38241
YFI98823.1	WP_004900355.1	BN373_38791
YFI98322.1	WP_004181461.1	BN373_44211
YFI98160.1	WP_002922415.1	BN373_45901
YFI97992.1	WP_004145006.1	BN373_47661
YFI97772.1	WP_002884327.1	BN373_49931
YFI97316.1	WP_002887869.1	BN373_04881
YFI96553.1	WP_004223669.1	BN373_12801
YFI96502.1	WP_004176834.1	BN373_13331
YFI96312.1	WP_004150838.1	BN373_15811
YFJ00569.1	WP_002889689.1	BN373_07181
YFJ00032.1	WP_004184291.1	BN373_26001
YFI99988.1	WP_002908202.1	BN373_26461
YFI99984.1	WP_004151179.1	BN373_26501
YFI99079.1	WP_004900010.1	BN373_36221
YFI98629.1	WP_002916852.1	BN373_41051
YFI98535.1	WP_004900848.1	BN373_42021
YFI98103.1	WP_004181543.1	BN373_46491
YFI97778.1	WP_004146302.1	BN373_49871
YFI97187.1	WP_002888827.1	BN373_06261
YFI97109.1	WP_004222768.1	BN373_07101
YFI97064.1	WP_004222843.1	BN373_07591
YFJ00248.1	WP_004224943.1	BN373_23591
YFI99952.1	WP_004898768.1	BN373_26841
YFI99525.1	WP_002912373.1	BN373_30971
YFI99112.1	WP_002914147.1	BN373_35841
YFI99046.1	WP_004149452.1	BN373_36551
YFI99013.1	WP_002914891.1	BN373_36891
YFI98711.1	WP_002916499.1	BN373_40151
YFI98287.1	WP_002920803.1	BN373_44521
YFI98105.1	WP_002922909.1	BN373_46471
YFI97408.1	WP_004177545.1	BN373_03891
YFI97259.1	WP_002888373.1	BN373_05521
YFI97099.1	WP_002889696.1	BN373_07211
YFI97023.1	WP_004222912.1	BN373_08001
YFI96013.1	WP_002901779.1	BN373_19001
YFI95891.1	WP_004224499.1	BN373_20291
YFI99953.1	WP_004151161.1	BN373_26831
YFI98673.1	WP_004900603.1	BN373_40591
YFI98254.1	WP_004173959.1	BN373_44881
YFI97504.1	WP_004222190.1	BN373_02781
YFI97385.1	WP_004177534.1	BN373_04131
YFI96809.1	WP_004223316.1	BN373_10341
YFI96673.1	WP_004176941.1	BN373_11491
YFI95778.1	WP_004151556.1	BN373_20991
YFJ00749.1	WP_002210513.1	BN373_21691
YFJ00509.1	WP_004176511.1	BN373_18631
YFI99901.1	WP_004212506.1	BN373_27371
YFI99404.1	WP_002912986.1	BN373_32281
YFI99298.1	WP_002913362.1	BN373_33371
YFI99270.1	WP_004174922.1	BN373_34181
YFI98950.1	WP_004142750.1	BN373_37501
YFI98807.1	WP_002916003.1	BN373_38961
YFI98348.1	WP_004188345.1	BN373_43931
YFI97812.1	WP_002883419.1	BN373_49521
YFI97704.1	WP_004177841.1	BN373_00621
YFI97058.1	WP_004222855.1	BN373_07651
YFI96674.1	WP_004151676.1	BN373_11481
YFI96456.1	WP_004223776.1	BN373_13811
YFI96022.1	WP_004196459.1	BN373_18901
YFI95969.1	WP_004224329.1	BN373_19451
YFI95683.1	WP_002904489.1	BN373_22071
YFI95668.1	WP_004224735.1	BN373_22241
YFJ00601.1	WP_004186510.1	BN373_00641
YFJ00572.1	WP_002889316.1	BN373_06791
YFI99872.1	WP_002910030.1	BN373_27681
YFI99363.1	WP_004899572.1	BN373_32721
YFI98704.1	WP_004151780.1	BN373_40221
YFI98315.1	WP_004901082.1	BN373_44281
YFI98236.1	WP_004901188.1	BN373_45071
YFI97677.1	WP_004177809.1	BN373_00951
YFI97669.1	WP_004221954.1	BN373_01031
YFI97665.1	WP_004221961.1	BN373_01071
YFI96951.1	WP_002891624.1	BN373_08771
YFI96403.1	WP_004151717.1	BN373_14391
YFI96052.1	WP_004224245.1	BN373_18581
YFJ00365.1	WP_004224750.1	BN373_22371
YFJ00297.1	WP_002904983.1	BN373_23101
YFJ00222.1	WP_004225008.1	BN373_23911
YFI99965.1	WP_004175724.1	BN373_26691
YFI98906.1	WP_004142871.1	BN373_37961
YFI97810.1	WP_002883421.1	BN373_49541
YFI97776.1	WP_004152309.1	BN373_49891
YFI97583.1	WP_004177697.1	BN373_01941
YFI97250.1	WP_004177420.1	BN373_05611
YFI97107.1	WP_004222773.1	BN373_07121
YFI96474.1	WP_004142100.1	BN373_13641
YFI96415.1	WP_004176736.1	BN373_14251
YFI95946.1	WP_004224392.1	BN373_19721
YFI95894.1	WP_004224493.1	BN373_20261
YFJ00435.1	WP_004899220.1	BN373_30161
YFJ00042.1	WP_004898636.1	BN373_25881
YFI99603.1	WP_004151455.1	BN373_29981
YFI98245.1	WP_004188262.1	BN373_44981
YFI97060.1	WP_004222850.1	BN373_07631
YFI97040.1	WP_004177291.1	BN373_07851
YFI96564.1	WP_002894738.1	BN373_12691
YFI96509.1	WP_002895089.1	BN373_13251
YFI96266.1	WP_004176617.1	BN373_16331
YFI95836.1	WP_002903394.1	BN373_20861
YFJ00131.1	WP_004189779.1	BN373_24961
YFI99929.1	WP_004151841.1	BN373_27111
YFI99887.1	WP_004898897.1	BN373_27521
YFI99477.1	WP_004180592.1	BN373_31491
YFI98198.1	WP_004901264.1	BN373_45481
YFI97310.1	WP_004146011.1	BN373_04941
YFI97078.1	WP_004222810.1	BN373_07441
YFI96602.1	WP_002894375.1	BN373_12281
YFI96446.1	WP_004223790.1	BN373_13901
YFI96008.1	WP_002901785.1	BN373_19061
YFI95733.1	WP_002903733.1	BN373_21471
YFJ00546.1	WP_002893888.1	BN373_11921
YFJ00484.1	WP_002904975.1	BN373_23071
YFI99915.1	WP_002908876.1	BN373_27241
YFI99868.1	WP_004175592.1	BN373_27721
YFI99052.1	WP_004900051.1	BN373_36491
YFI98119.1	WP_029884310.1	BN373_46331
YFI98108.1	WP_004173895.1	BN373_46441
YFI97175.1	WP_004145897.1	BN373_06401
YFI96433.1	WP_002895839.1	BN373_14041
YFI96328.1	WP_004224020.1	BN373_15611
YFI96093.1	WP_002901236.1	BN373_18161
YFI96081.1	WP_002901387.1	BN373_18291
YFI95928.1	WP_002902411.1	BN373_19901
YFJ00503.1	WP_004224427.1	BN373_19931
YFJ00335.1	WP_004224763.1	BN373_22661
YFI99928.1	WP_004898817.1	BN373_27121
YFI99769.1	WP_004899066.1	BN373_28821
YFI99686.1	WP_004175417.1	BN373_29701
YFI99684.1	WP_004145568.1	BN373_29721
YFI98724.1	WP_004215074.1	BN373_40021
YFI97561.1	WP_004222099.1	BN373_02181
YFI97523.1	WP_004222155.1	BN373_02571
YFI97219.1	WP_002888645.1	BN373_05941
YFI96699.1	WP_004183295.1	BN373_11211
YFI96629.1	WP_004183359.1	BN373_11981
YFI96540.1	WP_004223686.1	BN373_12921
YFI96537.1	WP_004176856.1	BN373_12951
YFI96042.1	WP_002901632.1	BN373_18691
YFJ00234.1	WP_004180004.1	BN373_23771
YFJ00226.1	WP_004180014.1	BN373_23861
YFJ00099.1	WP_004214973.1	BN373_25291
YFI99692.1	WP_002911459.1	BN373_29641
YFI99558.1	WP_004899345.1	BN373_30601
YFI99552.1	WP_004180482.1	BN373_30661
YFI99526.1	WP_004175264.1	BN373_30961
YFI98295.1	WP_004889425.1	BN373_44461
YFI98061.1	WP_002923146.1	BN373_46921
YFI97839.1	WP_004186366.1	BN373_49231
YFI97835.1	WP_004901862.1	BN373_49281
YFI97739.1	WP_004177854.1	BN373_00251
YFI97529.1	WP_002886899.1	BN373_02511
YFI97098.1	WP_002889699.1	BN373_07221
YFI96572.1	WP_004223663.1	BN373_12601
YFI96343.1	WP_002898145.1	BN373_15461
YFJ00621.1	WP_002922460.1	BN373_46011
YFJ00269.1	WP_004143660.1	BN373_23381
YFJ00219.1	WP_004898393.1	BN373_23951
YFI99970.1	WP_002908223.1	BN373_26641
YFI99536.1	WP_004175272.1	BN373_30831
YFI99459.1	WP_004180609.1	BN373_31681
YFI99287.1	WP_002913374.1	BN373_34011
YFI99147.1	WP_002914062.1	BN373_35481
YFI99137.1	WP_002914079.1	BN373_35581
YFI99124.1	WP_004145664.1	BN373_35721
YFI98967.1	WP_004900166.1	BN373_37341
YFI98885.1	WP_004900256.1	BN373_38181
YFI98646.1	WP_002916826.1	BN373_40881
YFI97363.1	WP_002887623.1	BN373_04391
YFI96229.1	WP_004140764.1	BN373_16711
YFI96010.1	WP_004151907.1	BN373_19031
YFJ00326.1	WP_002904841.1	BN373_22761
YFI99658.1	WP_004899608.1	BN373_33421
YFI99170.1	WP_002913994.1	BN373_35211
YFI98940.1	WP_002915177.1	BN373_37611
YFI97610.1	WP_004222049.1	BN373_01651
YFI96796.1	WP_004223357.1	BN373_10491
YFI96494.1	WP_004176830.1	BN373_13421
YFI96199.1	WP_002899294.1	BN373_17051
YFI99555.1	WP_002911879.1	BN373_30631
YFI99148.1	WP_004180923.1	BN373_35471
YFI99126.1	WP_004899919.1	BN373_35701
YFI98696.1	WP_002916597.1	BN373_40321
YFI98669.1	WP_004900612.1	BN373_40631
YFI98654.1	WP_004174395.1	BN373_40791
YFI98224.1	WP_002921510.1	BN373_45211
YFI97602.1	WP_004177719.1	BN373_01731
YFI97588.1	WP_002885669.1	BN373_01891
YFI97104.1	WP_004145831.1	BN373_07151
YFI96380.1	WP_002896384.1	BN373_15081
YFI96377.1	WP_002896390.1	BN373_15111
YFI95908.1	WP_004224462.1	BN373_20111
YFJ00565.1	WP_020316552.1	BN373_07661
YFJ00556.1	WP_032448145.1	BN373_09971
YFJ00392.1	WP_002916321.1	BN373_39961
YFJ00235.1	WP_004224984.1	BN373_23761
YFI99381.1	WP_004211972.1	BN373_32521
YFI99085.1	WP_004899997.1	BN373_36161
YFI97678.1	WP_004177810.1	BN373_00941
YFI97436.1	WP_002887258.1	BN373_03581
YFI96376.1	WP_004223976.1	BN373_15121
YFJ00251.1	WP_004224933.1	BN373_23561
YFI99939.1	WP_004898789.1	BN373_27001
YFI98881.1	WP_004143930.1	BN373_38221
YFI98783.1	WP_004144024.1	BN373_39211
YFI98480.1	WP_002918417.1	BN373_42611
YFI98474.1	WP_004174135.1	BN373_42671
YFI97993.1	WP_004145007.1	BN373_47651
YFI97660.1	WP_004177785.1	BN373_01121
YFI97507.1	WP_002886945.1	BN373_02751
YFI97143.1	WP_002889299.1	BN373_06741
YFI97141.1	WP_002889306.1	BN373_06761
YFI96574.1	WP_002894706.1	BN373_12581
YFI96536.1	WP_002894928.1	BN373_12961
YFI96482.1	WP_002895358.1	BN373_13561
YFJ00585.1	WP_002887645.1	BN373_04451
YFJ00464.1	WP_004143359.1	BN373_26821
YFI99604.1	WP_002911542.1	BN373_29971
YFI99578.1	WP_032448172.1	BN373_30301
YFI99492.1	WP_004175198.1	BN373_31341
YFI98372.1	WP_002920130.1	BN373_43681
YFI98093.1	WP_004173889.1	BN373_46591
YFI98025.1	WP_004151520.1	BN373_47311
YFI97856.1	WP_002883185.1	BN373_49051
YFI97440.1	WP_004222350.1	BN373_03541
YFI97106.1	WP_002889685.1	BN373_07131
YFI96859.1	WP_004191610.1	BN373_09691
YFI96473.1	WP_002895648.1	BN373_13651
YFI96472.1	WP_004152853.1	BN373_13661
YFI96435.1	WP_004223805.1	BN373_14021
YFI96390.1	WP_004179133.1	BN373_14971
YFI95843.1	WP_004224588.1	BN373_20791
YFJ00445.1	WP_002911449.1	BN373_29591
YFI99783.1	WP_004175491.1	BN373_28661
YFI99757.1	WP_002910890.1	BN373_28941
YFI99462.1	WP_004144215.1	BN373_31651
YFI99410.1	WP_002912977.1	BN373_32221
YFI98682.1	WP_002916619.1	BN373_40461
YFI98680.1	WP_002916627.1	BN373_40481
YFI98329.1	WP_001157751.1	BN373_44131
YFI98050.1	WP_004145049.1	BN373_47061
YFI97996.1	WP_004901614.1	BN373_47621
YFI97438.1	WP_004222355.1	BN373_03561
YFI97338.1	WP_002887789.1	BN373_04651
YFI96687.1	WP_004223503.1	BN373_11341
YFI96513.1	WP_004223702.1	BN373_13211
YFI95845.1	WP_002903377.1	BN373_20771
YFI95771.1	WP_004224629.1	BN373_21061
YFJ00245.1	WP_004179987.1	BN373_23631
YFJ00036.1	WP_004898645.1	BN373_25951
YFI99441.1	WP_002912870.1	BN373_31871
YFI99327.1	WP_002913207.1	BN373_33071
YFI98797.1	WP_004149658.1	BN373_39061
YFI98125.1	WP_002922602.1	BN373_46271
YFI97828.1	WP_002883397.1	BN373_49361
YFI97584.1	WP_004178343.1	BN373_01931
YFI97323.1	WP_002887843.1	BN373_04811
YFI97179.1	WP_002888848.1	BN373_06361
YFI96528.1	WP_002894954.1	BN373_13041
YFI96424.1	WP_004151705.1	BN373_14131
YFI96382.1	WP_002896380.1	BN373_15061
YFI96378.1	WP_002896386.1	BN373_15101
YFI99419.1	WP_002912965.1	BN373_32131
YFI99222.1	WP_002913801.1	BN373_34691
YFI98884.1	WP_004900258.1	BN373_38191
YFI98830.1	WP_002915973.1	BN373_38711
YFI98818.1	WP_002915992.1	BN373_38851
YFI98742.1	WP_004157874.1	BN373_39831
YFI98737.1	WP_004185548.1	BN373_39881
YFI98675.1	WP_002916694.1	BN373_40541
YFI98288.1	WP_004151414.1	BN373_44511
YFI98062.1	WP_004901508.1	BN373_46911
YFI97715.1	WP_004151745.1	BN373_00491
YFI96140.1	WP_004224172.1	BN373_17681
YFI95948.1	WP_004179573.1	BN373_19701
YFJ00588.1	WP_014599030.1	BN373_04031
YFI99841.1	WP_002910191.1	BN373_28061
YFI99034.1	WP_032448179.1	BN373_36681
YFI98947.1	WP_004174645.1	BN373_37531
YFI98899.1	WP_004142883.1	BN373_38031
YFI98759.1	WP_004889850.1	BN373_39601
YFI98194.1	WP_002921929.1	BN373_45521
YFI97042.1	WP_002890061.1	BN373_07831
YFI97006.1	WP_002890273.1	BN373_08191
YFI96248.1	WP_004224061.1	BN373_16521
YFI96070.1	WP_004151923.1	BN373_18411
YFI95741.1	WP_004224657.1	BN373_21391
YFJ00641.1	WP_004213424.1	BN373_p00431
YFI99993.1	WP_004175762.1	BN373_26411
YFI99592.1	WP_002911594.1	BN373_30121
YFI98697.1	WP_002916589.1	BN373_40311
YFI98561.1	WP_002917889.1	BN373_41741
YFI97830.1	WP_002883395.1	BN373_49341
YFI97118.1	WP_004222760.1	BN373_07001
YFI97066.1	WP_004222839.1	BN373_07571
YFI96037.1	WP_004224257.1	BN373_18741
YFI95980.1	WP_004152134.1	BN373_19361
YFJ00155.1	WP_004151229.1	BN373_24681
YFI99979.1	WP_004151175.1	BN373_26551
YFI98799.1	WP_004152886.1	BN373_39041
YFI98465.1	WP_004185859.1	BN373_42761
YFI97787.1	WP_002884036.1	BN373_49771
YFI97294.1	WP_004222618.1	BN373_05101
YFI96808.1	WP_004223319.1	BN373_10351
YFI96670.1	WP_004176939.1	BN373_11541
YFI96460.1	WP_004142079.1	BN373_13781
YFI96323.1	WP_004150840.1	BN373_15661
YFJ00414.1	WP_020947395.1	BN373_34781
YFI99499.1	WP_004899452.1	BN373_31261
YFI98793.1	WP_014599251.1	BN373_39101
YFI98690.1	WP_004144780.1	BN373_40381
YFI98541.1	WP_004900840.1	BN373_41961
YFI97962.1	WP_002882540.1	BN373_47971
YFI97801.1	WP_002883448.1	BN373_49631
YFI97258.1	WP_004178579.1	BN373_05531
YFI96933.1	WP_002891863.1	BN373_08951
YFI96356.1	WP_002898014.1	BN373_15331
YFI96174.1	WP_002900798.1	BN373_17281
YFJ00452.1	WP_004899029.1	BN373_28571
YFJ00448.1	WP_004180423.1	BN373_29011
YFJ00336.1	WP_002904825.1	BN373_22651
YFJ00079.1	WP_002907733.1	BN373_25511
YFI99131.1	WP_004899905.1	BN373_35641
YFI98913.1	WP_002915267.1	BN373_37901
YFI98390.1	WP_002919766.1	BN373_43501
YFI98087.1	WP_004901459.1	BN373_46661
YFI97907.1	WP_002882901.1	BN373_48531
YFI97270.1	WP_002888337.1	BN373_05401
YFI97151.1	WP_002889282.1	BN373_06651
YFI97121.1	WP_004145846.1	BN373_06971
YFI96903.1	WP_002892021.1	BN373_09251
YFI95701.1	WP_004176246.1	BN373_21881
YFJ00605.1	WP_004218866.1	BN373_49981
YFJ00510.1	WP_004213132.1	BN373_18081
YFJ00351.1	WP_004224760.1	BN373_22521
YFJ00250.1	WP_004176102.1	BN373_23571
YFJ00236.1	WP_004189951.1	BN373_23751
YFJ00160.1	WP_004898522.1	BN373_24631
YFI99746.1	WP_004899101.1	BN373_29071
YFI99443.1	WP_002912867.1	BN373_31851
YFI99225.1	WP_002913770.1	BN373_34661
YFI98831.1	WP_004143967.1	BN373_38701
YFI98805.1	WP_004143995.1	BN373_38981
YFI98301.1	WP_004901099.1	BN373_44411
YFI97263.1	WP_002888353.1	BN373_05481
YFI97059.1	WP_004222853.1	BN373_07641
YFI97036.1	WP_002890126.1	BN373_07891
YFI96975.1	WP_004178736.1	BN373_08511
YFI96764.1	WP_004223391.1	BN373_10561
YFI96665.1	WP_004223536.1	BN373_11591
YFI96364.1	WP_002896434.1	BN373_15251
YFI95748.1	WP_002903703.1	BN373_21321
YFI97083.1	WP_004191866.1	BN373_07371
YFI96519.1	WP_004142197.1	BN373_13141
YFI96339.1	WP_002898152.1	BN373_15501
YFI96141.1	WP_004224167.1	BN373_17671
YFI96109.1	WP_004224192.1	BN373_17981
YFI99238.1	WP_004185056.1	BN373_34531
YFI99134.1	WP_002914088.1	BN373_35611
YFI98866.1	WP_004185474.1	BN373_38361
YFI98111.1	WP_004181538.1	BN373_46411
YFI98015.1	WP_004145084.1	BN373_47421
YFI97689.1	WP_002885088.1	BN373_00781
YFI97687.1	WP_004186536.1	BN373_00811
YFI97325.1	WP_004222554.1	BN373_04781
YFI97041.1	WP_004177292.1	BN373_07841
YFI96997.1	WP_002890343.1	BN373_08281
YFI96606.1	WP_004179015.1	BN373_12231
YFI96501.1	WP_002895159.1	BN373_13341
YFI95963.1	WP_004176431.1	BN373_19521
YFJ00422.1	WP_002912948.1	BN373_32061
YFJ00419.1	WP_002913208.1	BN373_33081
YFJ00206.1	WP_004184165.1	BN373_24081
YFJ00186.1	WP_004898453.1	BN373_24291
YFI99155.1	WP_002914033.1	BN373_35381
YFI97680.1	WP_004151733.1	BN373_00911
YFI97621.1	WP_004152418.1	BN373_01541
YFI97576.1	WP_002885687.1	BN373_02021
YFI97321.1	WP_002887846.1	BN373_04821
YFI96867.1	WP_004151324.1	BN373_09621
YFI96124.1	WP_004150790.1	BN373_17821
YFI95781.1	WP_002903522.1	BN373_20951
YFI95734.1	WP_002903730.1	BN373_21461
YFJ00030.1	WP_004175829.1	BN373_26021
YFI98334.1	WP_004181456.1	BN373_44081
YFI97647.1	WP_004221988.1	BN373_01231
YFI97467.1	WP_029884609.1	BN373_03221
YFI97429.1	WP_002887273.1	BN373_03651
YFI97013.1	WP_004222930.1	BN373_08121
YFI96725.1	WP_002892774.1	BN373_10951
YFI96336.1	WP_002898160.1	BN373_15531
YFJ00287.1	WP_004179925.1	BN373_23201
YFJ00214.1	WP_002906011.1	BN373_24001
YFJ00159.1	WP_004180107.1	BN373_24641
YFI99826.1	WP_004152258.1	BN373_28211
YFI99145.1	WP_002914065.1	BN373_35501
YFI97666.1	WP_004221959.1	BN373_01061
YFI97480.1	WP_004222220.1	BN373_03051
YFI97003.1	WP_002890280.1	BN373_08221
YFI99842.1	WP_002910189.1	BN373_28051
YFI99722.1	WP_002911385.1	BN373_29321
YFI98887.1	WP_004143925.1	BN373_38161
YFI98347.1	WP_002920259.1	BN373_43941
YFI97347.1	WP_004146044.1	BN373_04551
YFI96871.1	WP_004177224.1	BN373_09571
YFI96549.1	WP_004223679.1	BN373_12841
YFI96235.1	WP_002898927.1	BN373_16651
YFI96039.1	WP_004140326.1	BN373_18721
YFI95691.1	WP_004183978.1	BN373_21991
YFJ00386.1	WP_004900702.1	BN373_41231
YFI99347.1	WP_002913178.1	BN373_32881
YFI98745.1	WP_004900503.1	BN373_39781
YFI98321.1	WP_004185961.1	BN373_44221
YFI97909.1	WP_004901728.1	BN373_48511
YFI97844.1	WP_004146507.1	BN373_49181
YFI97569.1	WP_004222090.1	BN373_02091
YFI97357.1	WP_002887647.1	BN373_04461
YFI96573.1	WP_004212642.1	BN373_12591
YFI95901.1	WP_004224474.1	BN373_20181
YFI95882.1	WP_004224512.1	BN373_20401
YFJ00385.1	WP_004150926.1	BN373_41351
YFI98936.1	WP_002915210.1	BN373_37651
YFI98632.1	WP_002916849.1	BN373_41021
YFI97770.1	WP_004152311.1	BN373_49951
YFI96468.1	WP_002895659.1	BN373_13701
YFI96152.1	WP_004150807.1	BN373_17531
YFJ00108.1	WP_002907480.1	BN373_25201
YFI99666.1	WP_004899193.1	BN373_29911
YFI99602.1	WP_002911547.1	BN373_29991
YFI99435.1	WP_004184878.1	BN373_31931
YFI98276.1	WP_002920817.1	BN373_44641
YFI97694.1	WP_002885078.1	BN373_00731
YFI97045.1	WP_004144586.1	BN373_07801
YFI96379.1	WP_004191163.1	BN373_15091
YFI96047.1	WP_004140335.1	BN373_18641
YFI95991.1	WP_002901908.1	BN373_19241
YFI95933.1	WP_004224411.1	BN373_19851
YFI95694.1	WP_002904403.1	BN373_21961
YFJ00267.1	WP_004224905.1	BN373_23401
YFI98270.1	WP_002920860.1	BN373_44721
YFI98130.1	WP_002922589.1	BN373_46211
YFI97997.1	WP_004901610.1	BN373_47611
YFI97052.1	WP_004177299.1	BN373_07731
YFI96675.1	WP_002893189.1	BN373_11471
YFI96282.1	WP_004224043.1	BN373_16161
YFI99483.1	WP_004899476.1	BN373_31431
YFI99386.1	WP_004899534.1	BN373_32471
YFI99076.1	WP_004900016.1	BN373_36251
YFI98551.1	WP_002917909.1	BN373_41861
YFI98200.1	WP_002921917.1	BN373_45461
YFI97885.1	WP_004901765.1	BN373_48751
YFI97566.1	WP_004152016.1	BN373_02121
YFI97403.1	WP_004177543.1	BN373_03941
YFI97189.1	WP_002888821.1	BN373_06241
YFI96766.1	WP_002892378.1	BN373_10541
YFJ00371.1	WP_002904633.1	BN373_22311
YFJ00242.1	WP_004224958.1	BN373_23661
YFI99969.1	WP_004898742.1	BN373_26651
YFI99752.1	WP_002910897.1	BN373_28991
YFI99710.1	WP_002911407.1	BN373_29461
YFI99708.1	WP_004145550.1	BN373_29481
YFI99341.1	WP_004899585.1	BN373_32941
YFI99317.1	WP_002913221.1	BN373_33171
YFI99249.1	WP_004174905.1	BN373_34411
YFI98972.1	WP_004900154.1	BN373_37301
YFI98731.1	WP_002916317.1	BN373_39941
YFI98713.1	WP_002916495.1	BN373_40131
YFI98651.1	WP_002916791.1	BN373_40811
YFI98642.1	WP_004900654.1	BN373_40921
YFI97927.1	WP_004195589.1	BN373_48331
YFI97266.1	WP_002888348.1	BN373_05441
YFI96450.1	WP_002895746.1	BN373_13871
YFI96434.1	WP_002895837.1	BN373_14031
YFI96278.1	WP_002898458.1	BN373_16201
YFJ00474.1	WP_004898484.1	BN373_24451
YFJ00469.1	WP_002907742.1	BN373_25571
YFJ00268.1	WP_004176118.1	BN373_23391
YFI99992.1	WP_004898703.1	BN373_26421
YFI99606.1	WP_002911539.1	BN373_29951
YFI99097.1	WP_004899972.1	BN373_36021
YFI96539.1	WP_004176857.1	BN373_12931
YFI96069.1	WP_004140389.1	BN373_18421
YFI95780.1	WP_004151559.1	BN373_20961
YFI99795.1	WP_004899022.1	BN373_28531
YFI99716.1	WP_004891053.1	BN373_29391
YFI99395.1	WP_004151113.1	BN373_32381
YFI98692.1	WP_002916607.1	BN373_40361
YFI98628.1	WP_004185664.1	BN373_41061
YFI98473.1	WP_004889584.1	BN373_42681
YFI98429.1	WP_004900945.1	BN373_43121
YFI98299.1	WP_004188304.1	BN373_44431
YFI97115.1	WP_002889448.1	BN373_07031
YFI96696.1	WP_004178896.1	BN373_11241
YFI96210.1	WP_004224077.1	BN373_16921
YFI99836.1	WP_002910198.1	BN373_28111
YFI99390.1	WP_004899528.1	BN373_32431
YFI99385.1	WP_004899537.1	BN373_32481
YFI99182.1	WP_004899839.1	BN373_35091
YFI99140.1	WP_004899897.1	BN373_35551
YFI97883.1	WP_004901773.1	BN373_48771
YFI97578.1	WP_002885684.1	BN373_02001
YFI96894.1	WP_002892080.1	BN373_09331
YFI96579.1	WP_004223656.1	BN373_12511
YFI96145.1	WP_004224139.1	BN373_17601
YFJ00059.1	WP_004898618.1	BN373_25721
YFI99865.1	WP_004898943.1	BN373_27841
YFI99855.1	WP_002910095.1	BN373_27941
YFI98904.1	WP_002915470.1	BN373_37981
YFI98526.1	WP_004181410.1	BN373_42121
YFI98074.1	WP_004901490.1	BN373_46791
YFI97336.1	WP_002887794.1	BN373_04671
YFI97328.1	WP_002887811.1	BN373_04751
YFI96320.1	WP_002898200.1	BN373_15701
YFJ00699.1	WP_004902226.1	BN373_p01271
YFJ00687.1	WP_004213626.1	BN373_p02161
YFJ00304.1	WP_004224859.1	BN373_23021
YFI97619.1	WP_004222044.1	BN373_01561
YFI97532.1	WP_004152267.1	BN373_02481
YFI96883.1	WP_002892184.1	BN373_09441
YFI96588.1	WP_004223647.1	BN373_12421
YFI96534.1	WP_004223691.1	BN373_12981
YFI96236.1	WP_004183625.1	BN373_16641
YFI99983.1	WP_004145379.1	BN373_26511
YFI99705.1	WP_002911423.1	BN373_29511
YFI99501.1	WP_002912442.1	BN373_31221
YFI99207.1	WP_004145656.1	BN373_34841
YFI98126.1	WP_004901387.1	BN373_46261
YFI96991.1	WP_002890357.1	BN373_08341
YFI96676.1	WP_004223524.1	BN373_11461
YFI96194.1	WP_002900674.1	BN373_17101
YFI96148.1	WP_004224136.1	BN373_17571
YFI96085.1	WP_004224206.1	BN373_18241
YFJ00517.1	WP_004140668.1	BN373_17161
YFI99924.1	WP_002908844.1	BN373_27161
YFI99670.1	WP_004899182.1	BN373_29871
YFI99334.1	WP_002913199.1	BN373_33011
YFI99166.1	WP_004185124.1	BN373_35251
YFI98463.1	WP_002918467.1	BN373_42781
YFI97554.1	WP_002886721.1	BN373_02251
YFI97094.1	WP_002889716.1	BN373_07261
YFI97077.1	WP_004222813.1	BN373_07451
YFI96246.1	WP_002898883.1	BN373_16541
YFI96116.1	WP_004150783.1	BN373_17901
YFI96040.1	WP_002901634.1	BN373_18711
YFJ00078.1	WP_002907734.1	BN373_25521
YFJ00048.1	WP_002907792.1	BN373_25831
YFJ00034.1	WP_002907811.1	BN373_25981
YFI98875.1	WP_002915711.1	BN373_38281
YFI98796.1	WP_002916122.1	BN373_39071
YFI98710.1	WP_004144747.1	BN373_40161
YFI98489.1	WP_002918386.1	BN373_42521
YFI97940.1	WP_004901683.1	BN373_48201
YFI97875.1	WP_004151856.1	BN373_48851
YFI97775.1	WP_004152310.1	BN373_49901
YFI96181.1	WP_004224105.1	BN373_17231
YFI95728.1	WP_032448154.1	BN373_21521
YFJ00680.1	WP_004213609.1	BN373_p02081
YFJ00217.1	WP_004898401.1	BN373_23971
YFI99909.1	WP_004898835.1	BN373_27281
YFI98860.1	WP_004900284.1	BN373_38421
YFI98634.1	WP_002916848.1	BN373_41001
YFI98585.1	WP_004181378.1	BN373_41501
YFI98361.1	WP_000242758.1	BN373_43801
YFI97954.1	WP_002882734.1	BN373_48051
YFI97384.1	WP_004146085.1	BN373_04141
YFI96126.1	WP_004183660.1	BN373_17811
YFI96074.1	WP_004224220.1	BN373_18371
YFJ00033.1	WP_002907812.1	BN373_25991
YFI99505.1	WP_004184823.1	BN373_31171
YFI99333.1	WP_004174988.1	BN373_33021
YFI98507.1	WP_004185827.1	BN373_42321
YFI98501.1	WP_002918373.1	BN373_42391
YFI98384.1	WP_002919796.1	BN373_43561
YFI97295.1	WP_002887990.1	BN373_05091
YFI96580.1	WP_004151650.1	BN373_12501
YFI95815.1	WP_004899661.1	BN373_33721
YFI99211.1	WP_002913827.1	BN373_34801
YFI98951.1	WP_002915108.1	BN373_37491
YFI98763.1	WP_004900436.1	BN373_39441
YFI98273.1	WP_004173987.1	BN373_44691
YFI98077.1	WP_002923018.1	BN373_46761
YFI96605.1	WP_004223631.1	BN373_12251
YFI96405.1	WP_004223841.1	BN373_14361
YFJ00559.1	WP_002892267.1	BN373_09611
YFI99968.1	WP_004898745.1	BN373_26661
YFI99597.1	WP_004180447.1	BN373_30041
YFI98758.1	WP_004149717.1	BN373_39611
YFI98748.1	WP_004149730.1	BN373_39741
YFI98240.1	WP_002921273.1	BN373_45031
YFI98114.1	WP_002922664.1	BN373_46381
YFI97977.1	WP_004151554.1	BN373_47821
YFI97957.1	WP_004146224.1	BN373_48021
YFI97395.1	WP_004222437.1	BN373_04021
YFI97153.1	WP_002889277.1	BN373_06631
YFI96940.1	WP_002891804.1	BN373_08881
YFI96647.1	WP_004223568.1	BN373_11791
YFI96076.1	WP_004183674.1	BN373_18351
YFJ00470.1	WP_002907731.1	BN373_25501
YFJ00291.1	WP_004190051.1	BN373_23161
YFJ00098.1	WP_004143799.1	BN373_25301
YFI99191.1	WP_002913890.1	BN373_35001
YFI99082.1	WP_004145700.1	BN373_36191
YFI98621.1	WP_002916862.1	BN373_41121
YFI98408.1	WP_002919224.1	BN373_43331
YFI97910.1	WP_002882894.1	BN373_48501
YFI97821.1	WP_004152056.1	BN373_49431
YFI97819.1	WP_002883411.1	BN373_49451
YFI97568.1	WP_002886687.1	BN373_02101
YFI97345.1	WP_004222535.1	BN373_04571
YFI97218.1	WP_004222669.1	BN373_05951
YFI96653.1	WP_004223554.1	BN373_11731
YFI96027.1	WP_002901738.1	BN373_18851
YFI95719.1	WP_002210516.1	BN373_21631
YFJ00153.1	WP_004898537.1	BN373_24711
YFI99852.1	WP_002910100.1	BN373_27961
YFI98977.1	WP_004900138.1	BN373_37251
YFI98618.1	WP_004144530.1	BN373_41161
YFI98610.1	WP_002916877.1	BN373_41241
YFI98116.1	WP_002922654.1	BN373_46361
YFI98017.1	WP_004145082.1	BN373_47401
YFI96346.1	WP_004224014.1	BN373_15431
YFI95765.1	WP_004152239.1	BN373_21131
YFI95744.1	WP_004152235.1	BN373_21361
YFI98601.1	WP_004900721.1	BN373_41331
YFI97797.1	WP_002883449.1	BN373_49671
YFI96917.1	WP_004223037.1	BN373_09101
YFI96438.1	WP_002895828.1	BN373_13991
YFI95931.1	WP_004176405.1	BN373_19871
YFJ00411.1	WP_002914050.1	BN373_35431
YFI99818.1	WP_002910405.1	BN373_28301
YFI99763.1	WP_002910846.1	BN373_28881
YFI99694.1	WP_002911454.1	BN373_29621
YFI99498.1	WP_004899454.1	BN373_31271
YFI98726.1	WP_004900534.1	BN373_40001
YFI96947.1	WP_002891635.1	BN373_08811
YFI96350.1	WP_004224009.1	BN373_15391
YFI95722.1	WP_002903816.1	BN373_21571
YFI99008.1	WP_004151047.1	BN373_36941
YFI98792.1	WP_002916128.1	BN373_39111
YFI98786.1	WP_002916189.1	BN373_39181
YFI98436.1	WP_004185869.1	BN373_43031
YFI98166.1	WP_004145238.1	BN373_45831
YFI97727.1	WP_002884822.1	BN373_00381
YFI96615.1	WP_002894164.1	BN373_12131
YFI95746.1	WP_004209765.1	BN373_21341
YFJ00076.1	WP_002907736.1	BN373_25541
YFI99071.1	WP_004212889.1	BN373_36301
YFI98944.1	WP_002915158.1	BN373_37561
YFI98877.1	WP_004151092.1	BN373_38261
YFI98787.1	WP_004151951.1	BN373_39171
YFI98385.1	WP_002919794.1	BN373_43551
YFI97809.1	WP_002883422.1	BN373_49551
YFI97247.1	WP_002888481.1	BN373_05651
YFI96885.1	WP_002892177.1	BN373_09421
YFI96658.1	WP_004223546.1	BN373_11681
YFI95883.1	WP_004224508.1	BN373_20381
YFI99941.1	WP_002908526.1	BN373_26981
YFI98664.1	WP_004174410.1	BN373_40681
YFI98560.1	WP_004144842.1	BN373_41751
YFI98357.1	WP_004181446.1	BN373_43841
YFI98106.1	WP_004901421.1	BN373_46461
YFI96984.1	WP_004178733.1	BN373_08431
YFI96014.1	WP_002901778.1	BN373_18991
YFJ00185.1	WP_002906218.1	BN373_24321
YFJ00062.1	WP_004175857.1	BN373_25691
YFI99534.1	WP_004144136.1	BN373_30851
YFI99343.1	WP_004899584.1	BN373_32921
YFI97947.1	WP_004901669.1	BN373_48121
YFI97376.1	WP_004146077.1	BN373_04241
YFI97130.1	WP_002889376.1	BN373_06881
YFJ00623.1	WP_004145240.1	BN373_45861
YFJ00107.1	WP_002907481.1	BN373_25211
YFI99405.1	WP_004144265.1	BN373_32271
YFI99231.1	WP_002913754.1	BN373_34601
YFI98715.1	WP_002916490.1	BN373_40111
YFI98275.1	WP_002920820.1	BN373_44661
YFI98128.1	WP_002922598.1	BN373_46241
YFI97171.1	WP_004222700.1	BN373_06441
YFI97093.1	WP_004177335.1	BN373_07271
YFI96294.1	WP_004179217.1	BN373_16011
YFI96257.1	WP_002898704.1	BN373_16421
YFI95884.1	WP_004224506.1	BN373_20361
YFI98958.1	WP_002915099.1	BN373_37421
YFI98753.1	WP_004889839.1	BN373_39681
YFI98687.1	WP_002916615.1	BN373_40411
YFI98041.1	WP_002923282.1	BN373_47161
YFI97929.1	WP_002882862.1	BN373_48311
YFI96961.1	WP_004222993.1	BN373_08661
YFI96402.1	WP_004141974.1	BN373_14401
YFI96225.1	WP_004179313.1	BN373_16751
YFI95947.1	WP_004179574.1	BN373_19711
YFI99537.1	WP_002912227.1	BN373_30821
YFI99107.1	WP_004174800.1	BN373_35901
YFI98529.1	WP_002918211.1	BN373_42091
YFI97769.1	WP_002884331.1	BN373_49961
YFI97637.1	WP_002885410.1	BN373_01361
YFI97102.1	WP_004178672.1	BN373_07171
YFI96578.1	WP_002894693.1	BN373_12531
YFI96251.1	WP_002898814.1	BN373_16491
YFI96048.1	WP_002901611.1	BN373_18621
YFI96023.1	WP_002901749.1	BN373_18891
YFJ00465.1	WP_004175718.1	BN373_26811
YFJ00321.1	WP_004224821.1	BN373_22841
YFI99451.1	WP_004144230.1	BN373_31761
YFI98369.1	WP_002920140.1	BN373_43711
YFI97313.1	WP_002887898.1	BN373_04911
YFI97046.1	WP_002890053.1	BN373_07791
YFI96662.1	WP_004151671.1	BN373_11631
YFJ00520.1	WP_002899099.1	BN373_16911
YFI99813.1	WP_004180389.1	BN373_28361
YFI98594.1	WP_002917672.1	BN373_41411
YFI97662.1	WP_004221970.1	BN373_01101
YFI96204.1	WP_002899273.1	BN373_16991
YFJ00136.1	WP_002906794.1	BN373_24901
YFJ00083.1	WP_002907658.1	BN373_25461
YFJ00055.1	WP_002907771.1	BN373_25761
YFI99747.1	WP_002910905.1	BN373_29061
YFI99502.1	WP_004151145.1	BN373_31211
YFI99075.1	WP_004145710.1	BN373_36261
YFI98640.1	WP_004900659.1	BN373_40941
YFI98443.1	WP_002918646.1	BN373_42971
YFI98204.1	WP_004173936.1	BN373_45421
YFI98203.1	WP_004145213.1	BN373_45431
YFI97960.1	WP_002882607.1	BN373_47991
YFI97100.1	WP_004222780.1	BN373_07201
YFI96983.1	WP_004222964.1	BN373_08441
YFI96694.1	WP_014599061.1	BN373_11261
YFJ00279.1	WP_004176128.1	BN373_23271
YFJ00104.1	WP_002907487.1	BN373_25241
YFJ00082.1	WP_004143816.1	BN373_25471
YFJ00045.1	WP_004898632.1	BN373_25861
YFI99741.1	WP_004180429.1	BN373_29121
YFI99628.1	WP_004899672.1	BN373_33771
YFI98717.1	WP_004144745.1	BN373_40091
YFI96943.1	WP_002891647.1	BN373_08851
YFJ00611.1	WP_004151542.1	BN373_47581
YFJ00164.1	WP_004888643.1	BN373_24591
YFI99564.1	WP_004899323.1	BN373_30531
YFI99255.1	WP_002913630.1	BN373_34341
YFI99139.1	WP_002914074.1	BN373_35561
YFI98637.1	WP_004900664.1	BN373_40971
YFI98599.1	WP_002917651.1	BN373_41361
YFI98528.1	WP_002918214.1	BN373_42101
YFI98482.1	WP_002918413.1	BN373_42591
YFI98320.1	WP_002920540.1	BN373_44231
YFI96547.1	WP_004142248.1	BN373_12861
YFI96309.1	WP_002898296.1	BN373_15851
YFI99516.1	WP_004899424.1	BN373_31061
YFI99423.1	WP_002912951.1	BN373_32091
YFI99094.1	WP_004174789.1	BN373_36051
YFI98798.1	WP_004149657.1	BN373_39051
YFI98770.1	WP_004900425.1	BN373_39381
YFI98422.1	WP_002919132.1	BN373_43191
YFI96232.1	WP_004224069.1	BN373_16681
YFJ00112.1	WP_002907473.1	BN373_25161
YFI99683.1	WP_002911491.1	BN373_29731
YFI99450.1	WP_002912833.1	BN373_31771
YFI99418.1	WP_002912967.1	BN373_32141
YFI99323.1	WP_014599227.1	BN373_33111
YFI98878.1	WP_002915684.1	BN373_38251
YFI98355.1	WP_002920238.1	BN373_43861
YFJ00676.1	WP_004902370.1	BN373_p02011
YFJ00598.1	WP_002885396.1	BN373_01301
YFI99733.1	WP_002910921.1	BN373_29211
YFI99689.1	WP_004145564.1	BN373_29671
YFI99219.1	WP_002913804.1	BN373_34721
YFI99042.1	WP_004174701.1	BN373_36591
YFI98689.1	WP_004900571.1	BN373_40391
YFI98483.1	WP_002918405.1	BN373_42581
YFI97999.1	WP_004151543.1	BN373_47591
YFI97617.1	WP_002885506.1	BN373_01581
YFI97311.1	WP_002887905.1	BN373_04931
YFI97113.1	WP_002889452.1	BN373_07051
YFI97054.1	WP_004222859.1	BN373_07711
YFI96899.1	WP_002892030.1	BN373_09281
YFI95967.1	WP_004224336.1	BN373_19481
YFJ00350.1	WP_004143457.1	BN373_22531
YFI99032.1	WP_002914812.1	BN373_36701
YFI98694.1	WP_002916603.1	BN373_40341
YFI98366.1	WP_004151401.1	BN373_43741
YFI98358.1	WP_002920229.1	BN373_43831
YFI97668.1	WP_004221955.1	BN373_01041
YFI97620.1	WP_004200767.1	BN373_01551
YFI97212.1	WP_002888692.1	BN373_06021
YFI96601.1	WP_002894394.1	BN373_12291
YFI96398.1	WP_004223846.1	BN373_14441
YFI96301.1	WP_002898392.1	BN373_15931
YFI96096.1	WP_004190861.1	BN373_18131
YFI95783.1	WP_004143055.1	BN373_20931
YFJ00723.1	WP_004214543.1	BN373_p00951
YFJ00653.1	WP_004213927.1	BN373_p00271
YFI98659.1	WP_004900632.1	BN373_40731
YFI98336.1	WP_002920321.1	BN373_44061
YFI98083.1	WP_002922970.1	BN373_46701
YFI96765.1	WP_004223390.1	BN373_10551
YFI96212.1	WP_004150824.1	BN373_16891
YFI96071.1	WP_004224229.1	BN373_18401
YFI95740.1	WP_004179730.1	BN373_21401
YFJ00257.1	WP_004176109.1	BN373_23491
YFI98838.1	WP_004143963.1	BN373_38641
YFI98766.1	WP_014599255.1	BN373_39411
YFI98269.1	WP_002920861.1	BN373_44731
YFI97688.1	WP_004151736.1	BN373_00801
YFI97560.1	WP_002886706.1	BN373_02191
YFI97163.1	WP_004183054.1	BN373_06531
YFI97140.1	WP_002889308.1	BN373_06771
YFI96267.1	WP_002898590.1	BN373_16321
YFI99974.1	WP_004189556.1	BN373_26601
YFI99453.1	WP_002912829.1	BN373_31741
YFI99354.1	WP_002913150.1	BN373_32811
YFI98853.1	WP_004181171.1	BN373_38491
YFI98741.1	WP_002916298.1	BN373_39841
YFI98581.1	WP_002917718.1	BN373_41541
YFI98555.1	WP_002917897.1	BN373_41801
YFI98425.1	WP_004900950.1	BN373_43161
YFI96493.1	WP_004151695.1	BN373_13431
YFI96286.1	WP_004210995.1	BN373_16091
YFI96228.1	WP_004140758.1	BN373_16721
YFJ00527.1	WP_002898198.1	BN373_15691
YFJ00147.1	WP_004180132.1	BN373_24801
YFI99886.1	WP_004898898.1	BN373_27531
YFI99336.1	WP_002913197.1	BN373_32991
YFI99335.1	WP_004899586.1	BN373_33001
YFI99304.1	WP_002913348.1	BN373_33311
YFI99080.1	WP_004145703.1	BN373_36211
YFI98837.1	WP_002915932.1	BN373_38651
YFI98506.1	WP_002918367.1	BN373_42331
YFI98488.1	WP_002918387.1	BN373_42531
YFI97539.1	WP_004177664.1	BN373_02411
YFI97444.1	WP_004177586.1	BN373_03501
YFI96888.1	WP_004223080.1	BN373_09391
YFI96082.1	WP_004176531.1	BN373_18271
YFJ00408.1	WP_004150977.1	BN373_35851
YFI99608.1	WP_004141115.1	BN373_29931
YFI99309.1	WP_004185005.1	BN373_33261
YFI98785.1	WP_002916190.1	BN373_39191
YFI98670.1	WP_004185634.1	BN373_40621
YFI97926.1	WP_002882865.1	BN373_48341
YFI97685.1	WP_002885137.1	BN373_00831
YFI96552.1	WP_002894771.1	BN373_12811
YFI96276.1	WP_004224046.1	BN373_16221
YFI95938.1	WP_004224398.1	BN373_19801
YFI99069.1	WP_004900029.1	BN373_36321
YFI98921.1	WP_002915253.1	BN373_37811
YFI98890.1	WP_004174597.1	BN373_38131
YFI98481.1	WP_002918415.1	BN373_42601
YFI97789.1	WP_001287521.1	BN373_49751
YFI97603.1	WP_002885538.1	BN373_01721
YFI97399.1	WP_004177540.1	BN373_03981
YFI97123.1	WP_002889431.1	BN373_06951
YFI96990.1	WP_002890365.1	BN373_08351
YFI99369.1	WP_002913070.1	BN373_32661
YFI99353.1	WP_002913152.1	BN373_32821
YFI99012.1	WP_002914893.1	BN373_36901
YFI98421.1	WP_004145330.1	BN373_43201
YFI97047.1	WP_004144585.1	BN373_07781
YFI96720.1	WP_004223443.1	BN373_11001
YFI96607.1	WP_004223627.1	BN373_12221
YFI96307.1	WP_002898308.1	BN373_15871
YFI96186.1	WP_004224099.1	BN373_17191
YFI96003.1	WP_004152967.1	BN373_19111
YFI95950.1	WP_004176417.1	BN373_19681
YFI99792.1	WP_004899028.1	BN373_28561
YFI99647.1	WP_004899627.1	BN373_33561
YFI98396.1	WP_001096200.1	BN373_43441
YFI98215.1	WP_004901229.1	BN373_45321
YFI97456.1	WP_004222304.1	BN373_03371
YFI97362.1	WP_002887624.1	BN373_04401
YFI97267.1	WP_004222645.1	BN373_05431
YFI96973.1	WP_002890414.1	BN373_08531
YFI96184.1	WP_002900781.1	BN373_17211
YFI96043.1	WP_002901631.1	BN373_18681
YFJ00460.1	WP_004143215.1	BN373_27321
YFJ00280.1	WP_004224885.1	BN373_23261
YFI99807.1	WP_004898993.1	BN373_28421
YFI98784.1	WP_004174507.1	BN373_39201
YFI98525.1	WP_004900860.1	BN373_42131
YFI98079.1	WP_004145017.1	BN373_46741
YFI97806.1	WP_004181653.1	BN373_49581
YFI97190.1	WP_002888819.1	BN373_06231
YFI97178.1	WP_004177389.1	BN373_06371
YFI96046.1	WP_002901627.1	BN373_18651
YFJ00273.1	WP_002905230.1	BN373_23331
YFI98399.1	WP_002919662.1	BN373_43411
YFI98339.1	WP_004174028.1	BN373_44031
YFI98237.1	WP_004901185.1	BN373_45061
YFI97982.1	WP_004144994.1	BN373_47771
YFI97795.1	WP_002883453.1	BN373_49691
YFI97613.1	WP_004222047.1	BN373_01621
YFI97435.1	WP_002887259.1	BN373_03591
YFI97426.1	WP_004178461.1	BN373_03681
YFI97374.1	WP_002887560.1	BN373_04261
YFI97280.1	WP_002888068.1	BN373_05301
YFI97005.1	WP_002890276.1	BN373_08201
YFI99755.1	WP_002910894.1	BN373_28961
YFI99050.1	WP_002914337.1	BN373_36511
YFI98833.1	WP_002915936.1	BN373_38691
YFI98590.1	WP_002917679.1	BN373_41461
YFI98303.1	WP_002920775.1	BN373_44391
YFI97900.1	WP_002882918.1	BN373_48601
YFI97548.1	WP_002886766.1	BN373_02321
YFI96555.1	WP_002894765.1	BN373_12781
YFI95960.1	WP_004224366.1	BN373_19581
YFI95959.1	WP_004224370.1	BN373_19591
YFI95958.1	WP_004224374.1	BN373_19601
YFI95675.1	WP_004224728.1	BN373_22151
YFJ00670.1	WP_004210220.1	BN373_p00031
YFJ00399.1	WP_004900407.1	BN373_39231
YFJ00093.1	WP_002907640.1	BN373_25351
YFJ00024.1	WP_004898657.1	BN373_26091
YFI99329.1	WP_004140943.1	BN373_33051
YFI99020.1	WP_002914875.1	BN373_36821
YFI98648.1	WP_004900644.1	BN373_40851
YFI97541.1	WP_002886889.1	BN373_02391
YFI96890.1	WP_014599050.1	BN373_09371
YFI96226.1	WP_004176593.1	BN373_16741
YFI98865.1	WP_002915750.1	BN373_38371
YFI98522.1	WP_002918231.1	BN373_42171
YFI97712.1	WP_004151744.1	BN373_00531
YFI97443.1	WP_004222332.1	BN373_03511
YFI96516.1	WP_002895068.1	BN373_13181
YFJ00689.1	WP_004213635.1	BN373_p02201
YFJ00065.1	WP_004898612.1	BN373_25661
YFI99693.1	WP_002911456.1	BN373_29631
YFI98735.1	WP_002916308.1	BN373_39901
YFI98343.1	WP_002920267.1	BN373_43981
YFI96203.1	WP_002899276.1	BN373_17001
YFJ00309.1	WP_004176166.1	BN373_22951
YFJ00135.1	WP_002906796.1	BN373_24911
YFI96595.1	WP_004191339.1	BN373_12351
YFI96299.1	WP_002898398.1	BN373_15951
YFI99175.1	WP_004174835.1	BN373_35161
YFI99045.1	WP_002914351.1	BN373_36561
YFI98668.1	WP_019704321.1	BN373_40641
YFI97723.1	WP_002884931.1	BN373_00411
YFI97329.1	WP_004178555.1	BN373_04741
YFI97169.1	WP_004191951.1	BN373_06461
YFI96375.1	WP_004223978.1	BN373_15131
YFI95835.1	WP_004224598.1	BN373_20871
YFJ00564.1	WP_016946574.1	BN373_08061
YFI97394.1	WP_002887467.1	BN373_04041
YFI96464.1	WP_002895668.1	BN373_13741
YFI96430.1	WP_002895845.1	BN373_14071
YFI95724.1	WP_004224675.1	BN373_21551
YFJ00645.1	WP_004145290.1	BN373_p00381
YFJ00150.1	WP_002906702.1	BN373_24751
YFI99674.1	WP_004175413.1	BN373_29831
YFI99266.1	WP_000522253.1	BN373_34231
YFI99152.1	WP_004890375.1	BN373_35421
YFI99118.1	WP_004174804.1	BN373_35781
YFI98418.1	WP_004150006.1	BN373_43231
YFI97742.1	WP_004186456.1	BN373_00221
YFI96861.1	WP_004223115.1	BN373_09671
YFI96295.1	WP_002898418.1	BN373_15991
YFI96110.1	WP_004176547.1	BN373_17971
YFJ00197.1	WP_004898435.1	BN373_24191
YFI98789.1	WP_002916184.1	BN373_39141
YFI98604.1	WP_002917636.1	BN373_41301
YFI98259.1	WP_004151420.1	BN373_44831
YFI97961.1	WP_004901656.1	BN373_47981
YFI97953.1	WP_002882743.1	BN373_48061
YFI96490.1	WP_002895283.1	BN373_13461
YFI96131.1	WP_004140514.1	BN373_17761
YFI95982.1	WP_004152131.1	BN373_19341
YFJ00202.1	WP_004898422.1	BN373_24131
YFI98725.1	WP_004900536.1	BN373_40011
YFI98523.1	WP_004174193.1	BN373_42161
YFI98401.1	WP_004900968.1	BN373_43391
YFI97906.1	WP_002882903.1	BN373_48541
YFI97503.1	WP_004222194.1	BN373_02791
YFI96825.1	WP_014599053.1	BN373_10151
YFI96432.1	WP_002895841.1	BN373_14051
YFJ00714.1	WP_004212823.1	BN373_p01071
YFJ00357.1	WP_004224756.1	BN373_22451
YFI99349.1	WP_002913160.1	BN373_32861
YFI99038.1	WP_004213244.1	BN373_36631
YFI98698.1	WP_002916588.1	BN373_40301
YFI98559.1	WP_004144843.1	BN373_41761
YFI97301.1	WP_002887973.1	BN373_05031
YFI96106.1	WP_002901088.1	BN373_18021
YFI95915.1	WP_002902516.1	BN373_20041
YFI99669.1	WP_004141101.1	BN373_29881
YFI99036.1	WP_002914771.1	BN373_36651
YFI97786.1	WP_001207203.1	BN373_49781
YFI97773.1	WP_002884324.1	BN373_49921
YFI97731.1	WP_004221866.1	BN373_00341
YFI95893.1	WP_004224495.1	BN373_20271
YFJ00726.1	WP_004212794.1	BN373_p01241
YFJ00436.1	WP_004200342.1	BN373_30101
YFI99340.1	WP_002913193.1	BN373_32951
YFI98656.1	WP_004105804.1	BN373_40771
YFI98464.1	WP_002918465.1	BN373_42771
YFI97751.1	WP_004151751.1	BN373_00121
YFI96858.1	WP_004151319.1	BN373_09701
YFI96352.1	WP_000228469.1	BN373_15371
YFI96252.1	WP_002898812.1	BN373_16481
YFI96132.1	WP_004148027.1	BN373_17751
YFI95949.1	WP_004224390.1	BN373_19691
YFJ00656.1	WP_011251327.1	BN373_p00241
YFI99649.1	WP_004104226.1	BN373_33541
YFI99399.1	WP_004175048.1	BN373_32331
YFI99171.1	WP_002913993.1	BN373_35201
YFI98859.1	WP_004900288.1	BN373_38431
YFI97364.1	WP_002887620.1	BN373_04381
YFI97241.1	WP_002888536.1	BN373_05721
YFI96959.1	WP_002891465.1	BN373_08681
YFI96923.1	WP_002891903.1	BN373_09051
YFI95966.1	WP_004224339.1	BN373_19491
YFI95961.1	WP_002902160.1	BN373_19541
YFJ00673.1	WP_004902361.1	BN373_p01981
YFJ00023.1	WP_004175817.1	BN373_26101
YFI99321.1	WP_002913214.1	BN373_33131
YFI98477.1	WP_004144926.1	BN373_42641
YFI98442.1	WP_002918648.1	BN373_42981
YFI98298.1	WP_004181470.1	BN373_44441
YFI97803.1	WP_004901899.1	BN373_49611
YFI97722.1	WP_002884935.1	BN373_00421
YFI96463.1	WP_002895670.1	BN373_13751
YFI96384.1	WP_002896376.1	BN373_15041
YFJ00398.1	WP_002916195.1	BN373_39241
YFJ00316.1	WP_004224844.1	BN373_22891
YFJ00169.1	WP_004898496.1	BN373_24521
YFI99303.1	WP_002913355.1	BN373_33321
YFI99250.1	WP_004151997.1	BN373_34401
YFI98382.1	WP_004212528.1	BN373_43581
YFI98188.1	WP_004901283.1	BN373_45601
YFI98169.1	WP_004901322.1	BN373_45801
YFI97903.1	WP_002882913.1	BN373_48571
YFI97442.1	WP_004222343.1	BN373_03521
YFI97174.1	WP_004151943.1	BN373_06411
YFI97135.1	WP_002889325.1	BN373_06831
YFI96062.1	WP_002901540.1	BN373_18491
YFJ00541.1	WP_002894699.1	BN373_12551
YFI99791.1	WP_002910657.1	BN373_28581
YFI99654.1	WP_004899613.1	BN373_33461
YFI99296.1	WP_002913367.1	BN373_33941
YFI99116.1	WP_004145671.1	BN373_35801
YFI99101.1	WP_002914164.1	BN373_35961
YFI96227.1	WP_002898950.1	BN373_16731
YFI96097.1	WP_002901230.1	BN373_18121
YFI96034.1	WP_004224267.1	BN373_18781
YFI95700.1	WP_002904389.1	BN373_21891
YFI95681.1	WP_002904493.1	BN373_22091
YFI95671.1	WP_002904614.1	BN373_22211
YFJ00705.1	WP_004212799.1	BN373_p01211
YFJ00008.1	WP_002908128.1	BN373_26261
YFI99653.1	WP_004899614.1	BN373_33471
YFI99237.1	WP_002913727.1	BN373_34541
YFI99142.1	WP_004144354.1	BN373_35531
YFI99091.1	WP_000888203.1	BN373_36091
YFI98948.1	WP_002915113.1	BN373_37521
YFI98824.1	WP_002915983.1	BN373_38781
YFI98134.1	WP_002922501.1	BN373_46171
YFI97278.1	WP_002888320.1	BN373_05321
YFI97182.1	WP_004178602.1	BN373_06321
YFI96877.1	WP_002892205.1	BN373_09511
YFI96388.1	WP_002896365.1	BN373_14991
YFI95930.1	WP_002902405.1	BN373_19881
YFI95858.1	WP_004224565.1	BN373_20641
YFI99786.1	WP_002910717.1	BN373_28631
YFI98611.1	WP_004181345.1	BN373_41221
YFI98500.1	WP_002918375.1	BN373_42411
YFI98381.1	WP_002919971.1	BN373_43591
YFI98218.1	WP_002921529.1	BN373_45271
YFI97633.1	WP_002885425.1	BN373_01411
YFI96962.1	WP_004222991.1	BN373_08651
YFI96478.1	WP_004223755.1	BN373_13601
YFI99549.1	WP_002911889.1	BN373_30691
YFI98420.1	WP_002919137.1	BN373_43211
YFI98328.1	WP_002920503.1	BN373_44141
YFI98159.1	WP_002922423.1	BN373_45921
YFI97361.1	WP_002887631.1	BN373_04411
YFI97326.1	WP_002887814.1	BN373_04771
YFI96569.1	WP_002894722.1	BN373_12641
YFI96427.1	WP_004176765.1	BN373_14101
YFI95725.1	WP_002903808.1	BN373_21541
YFI95690.1	WP_004190215.1	BN373_22001
YFJ00693.1	WP_004026354.1	BN373_p02281
YFJ00586.1	WP_002887607.1	BN373_04311
YFJ00288.1	WP_002905131.1	BN373_23191
YFI99463.1	WP_004899490.1	BN373_31641
YFI99218.1	WP_004899792.1	BN373_34731
YFI99015.1	WP_004174683.1	BN373_36871
YFI98454.1	WP_002918625.1	BN373_42861
YFI98377.1	WP_002920113.1	BN373_43631
YFI98078.1	WP_004173883.1	BN373_46751
YFI97981.1	WP_004107293.1	BN373_47781
YFI96970.1	WP_001021161.1	BN373_08561
YFI96901.1	WP_002892026.1	BN373_09271
YFI96800.1	WP_004223344.1	BN373_10451
YFI96698.1	WP_004176974.1	BN373_11221
YFJ00561.1	WP_004177266.1	BN373_08591
YFJ00071.1	WP_002907749.1	BN373_25601
YFI98434.1	WP_002918736.1	BN373_43051
YFI98155.1	WP_002922428.1	BN373_45951
YFI98090.1	WP_004901452.1	BN373_46631
YFI97579.1	WP_002885683.1	BN373_01991
YFI97105.1	WP_002889686.1	BN373_07141
YFI96821.1	WP_004223268.1	BN373_10181
YFI96582.1	WP_002894620.1	BN373_12481
YFI99888.1	WP_002909082.1	BN373_27511
YFI99465.1	WP_004899489.1	BN373_31611
YFI98760.1	WP_004900479.1	BN373_39591
YFI98538.1	WP_004150939.1	BN373_41991
YFI97824.1	WP_002883404.1	BN373_49401
YFI97525.1	WP_004222151.1	BN373_02551
YFI97412.1	WP_004177547.1	BN373_03851
YFI97076.1	WP_004222817.1	BN373_07461
YFJ00731.1	WP_004215188.1	BN373_p00071
YFJ00525.1	WP_002898209.1	BN373_15741
YFI99998.1	WP_004175770.1	BN373_26361
YFI99360.1	WP_004184987.1	BN373_32751
YFI98802.1	WP_002916056.1	BN373_39011
YFI97762.1	WP_004178258.1	BN373_00001
YFI97599.1	WP_002885589.1	BN373_01761
YFI97514.1	WP_002886927.1	BN373_02671
YFI96160.1	WP_004224129.1	BN373_17451
YFI95825.1	WP_004213338.1	BN373_33831
YFI99972.1	WP_004143391.1	BN373_26621
YFI99846.1	WP_002910109.1	BN373_28011
YFI99734.1	WP_004215046.1	BN373_29191
YFI99293.1	WP_004899702.1	BN373_33971
YFI99114.1	WP_004899939.1	BN373_35821
YFI98129.1	WP_004145270.1	BN373_46231
YFI97974.1	WP_002882510.1	BN373_47851
YFI97695.1	WP_002885077.1	BN373_00721
YFI97356.1	WP_004151383.1	BN373_04471
YFI97239.1	WP_002888541.1	BN373_05741
YFI97086.1	WP_002889733.1	BN373_07341
YFI97007.1	WP_002890230.1	BN373_08181
YFI96929.1	WP_002891873.1	BN373_08991
YFI96873.1	WP_004151325.1	BN373_09551
YFI96290.1	WP_004224034.1	BN373_16051
YFI96165.1	WP_004179338.1	BN373_17391
YFI96146.1	WP_004150802.1	BN373_17591
YFI99339.1	WP_002913194.1	BN373_32961
YFI97743.1	WP_004177857.1	BN373_00211
YFI97180.1	WP_002888845.1	BN373_06351
YFI97133.1	WP_004145858.1	BN373_06851
YFI97071.1	WP_004222825.1	BN373_07521
YFI96735.1	WP_004223423.1	BN373_10861
YFI98509.1	WP_004188453.1	BN373_42301
YFI98435.1	WP_004174104.1	BN373_43041
YFI98044.1	WP_004901545.1	BN373_47121
YFI97661.1	WP_004210036.1	BN373_01111
YFI97511.1	WP_004186717.1	BN373_02691
YFI97088.1	WP_004145818.1	BN373_07321
YFI96556.1	WP_002894761.1	BN373_12771
YFI96461.1	WP_004223773.1	BN373_13771
YFI96297.1	WP_002898404.1	BN373_15971
YFJ00306.1	WP_004224855.1	BN373_23001
YFJ00134.1	WP_004180135.1	BN373_24921
YFI99254.1	WP_002913635.1	BN373_34351
YFI99064.1	WP_002914289.1	BN373_36371
YFI99007.1	WP_002914925.1	BN373_36951
YFI98576.1	WP_004900777.1	BN373_41591
YFI97645.1	WP_004177775.1	BN373_01251
YFI97570.1	WP_002886682.1	BN373_02081
YFI97300.1	WP_002887976.1	BN373_05041
YFI96972.1	WP_002890417.1	BN373_08541
YFI96260.1	WP_004141456.1	BN373_16391
YFJ00201.1	WP_004148482.1	BN373_24141
YFI99753.1	WP_002910896.1	BN373_28981
YFI99346.1	WP_002913181.1	BN373_32891
YFI98861.1	WP_002915808.1	BN373_38411
YFI98749.1	WP_071531383.1	BN373_39731
YFI98180.1	WP_004901307.1	BN373_45691
YFI98035.1	WP_002923294.1	BN373_47201
YFI97348.1	WP_004222533.1	BN373_04541
YFI96660.1	WP_071603220.1	BN373_11651
YFI96292.1	WP_004224032.1	BN373_16031
YFI96107.1	WP_002901080.1	BN373_18011
YFI95673.1	WP_004224732.1	BN373_22171
YFJ00692.1	WP_004026357.1	BN373_p02271
YFJ00659.1	WP_004213072.1	BN373_p00181
YFI99844.1	WP_004211128.1	BN373_28031
YFI99808.1	WP_004175538.1	BN373_28411
YFI99691.1	WP_002911477.1	BN373_29651
YFI98924.1	WP_002915235.1	BN373_37771
YFI98524.1	WP_002918223.1	BN373_42141
YFI97501.1	WP_002886953.1	BN373_02811
YFI96985.1	WP_002890380.1	BN373_08411
YFJ00176.1	WP_002906451.1	BN373_24411
YFJ00084.1	WP_002907654.1	BN373_25451
YFJ00069.1	WP_004143833.1	BN373_25621
YFI98851.1	WP_002915858.1	BN373_38511
YFI98202.1	WP_004181509.1	BN373_45441
YFI97975.1	WP_004144988.1	BN373_47841
YFI97383.1	WP_002887503.1	BN373_04151
YFI97186.1	WP_004177394.1	BN373_06271
YFI97061.1	WP_004222848.1	BN373_07621
YFI95917.1	WP_002902513.1	BN373_20021
YFI95709.1	WP_004224697.1	BN373_21791
YFJ00284.1	WP_004224879.1	BN373_23231
YFI99102.1	WP_015875096.1	BN373_35951
YFI98246.1	WP_004145166.1	BN373_44961
YFI97945.1	WP_002882809.1	BN373_48141
YFI97930.1	WP_002882861.1	BN373_48301
YFI97767.1	WP_002884346.1	BN373_49991
YFI96550.1	WP_004223677.1	BN373_12831
YFI96455.1	WP_004176793.1	BN373_13821
YFJ00037.1	WP_004898643.1	BN373_25941
YFI99956.1	WP_004898761.1	BN373_26781
YFI99598.1	WP_004899208.1	BN373_30031
YFI99508.1	WP_004213675.1	BN373_31141
YFI98403.1	WP_002919516.1	BN373_43371
YFI97659.1	WP_002885221.1	BN373_01131
YFI97437.1	WP_002887256.1	BN373_03571
YFI96697.1	WP_002893017.1	BN373_11231
YFI96368.1	WP_014599114.1	BN373_15211
YFI96242.1	WP_004150827.1	BN373_16581
YFI95922.1	WP_004140161.1	BN373_19971
YFI95902.1	WP_004190423.1	BN373_20171
YFI95696.1	WP_004143563.1	BN373_21941
YFJ00204.1	WP_002906030.1	BN373_24101
YFI99186.1	WP_004144312.1	BN373_35051
YFI99060.1	WP_004145727.1	BN373_36411
YFI98894.1	WP_004142894.1	BN373_38091
YFI98153.1	WP_002922436.1	BN373_45971
YFI97214.1	WP_002888683.1	BN373_05991
YFI96487.1	WP_004183465.1	BN373_13511
YFI95878.1	WP_004224518.1	BN373_20441
YFI95735.1	WP_002903728.1	BN373_21451
YFJ00654.1	WP_004902152.1	BN373_p00261
YFJ00384.1	WP_014599267.1	BN373_41431
YFI99679.1	WP_002911500.1	BN373_29771
YFI99043.1	WP_002914355.1	BN373_36581
YFI98460.1	WP_002918559.1	BN373_42801
YFI98340.1	WP_004889463.1	BN373_44021
YFI98186.1	WP_004901287.1	BN373_45621
YFI98107.1	WP_004901418.1	BN373_46451
YFI98023.1	WP_004145074.1	BN373_47341
YFI97788.1	WP_002884034.1	BN373_49761
YFI96599.1	WP_002894401.1	BN373_12311
YFI96518.1	WP_002895061.1	BN373_13151
YFJ00595.1	WP_002885667.1	BN373_01871
YFI99367.1	WP_004899561.1	BN373_32681
YFI99253.1	WP_002913637.1	BN373_34361
YFI99132.1	WP_002914091.1	BN373_35631
YFI98655.1	WP_002916785.1	BN373_40781
YFI98595.1	WP_004900734.1	BN373_41401
YFI98412.1	WP_004900962.1	BN373_43291
YFJ00721.1	WP_004214547.1	BN373_p00971
YFJ00612.1	WP_002923302.1	BN373_47261
YFJ00375.1	WP_002904629.1	BN373_22271
YFI99471.1	WP_004151130.1	BN373_31551
YFI98900.1	WP_002915538.1	BN373_38021
YFI98772.1	WP_004900419.1	BN373_39351
YFI98635.1	WP_002916847.1	BN373_40991
YFI97505.1	WP_002886947.1	BN373_02771
YFI97371.1	WP_002887606.1	BN373_04301
YFI97168.1	WP_002889054.1	BN373_06471
YFI95888.1	WP_002902876.1	BN373_20321
YFI98002.1	WP_004901598.1	BN373_47551
YFI97986.1	WP_001251971.1	BN373_47731
YFI97969.1	WP_002882527.1	BN373_47901
YFI97415.1	WP_004222414.1	BN373_03821
YFI96969.1	WP_002891356.1	BN373_08571
YFI96104.1	WP_002901192.1	BN373_18051
YFJ00602.1	WP_002884951.1	BN373_00501
YFI99918.1	WP_002908865.1	BN373_27211
YFI98693.1	WP_002916605.1	BN373_40351
YFI98073.1	WP_004173879.1	BN373_46801
YFI96709.1	WP_004223473.1	BN373_11111
YFJ00674.1	WP_004902363.1	BN373_p01991
YFI98414.1	WP_004145325.1	BN373_43271
YFI98022.1	WP_004151523.1	BN373_47351
YFI97349.1	WP_004222532.1	BN373_04531
YFI97122.1	WP_002889433.1	BN373_06961
YFI96634.1	WP_002893892.1	BN373_11931
YFI96289.1	WP_004144085.1	BN373_16061
YFI96089.1	WP_002901246.1	BN373_18201
YFI96041.1	WP_002901633.1	BN373_18701
YFJ00672.1	WP_004026379.1	BN373_p01971
YFJ00501.1	WP_004151577.1	BN373_20371
YFI99896.1	WP_002909015.1	BN373_27431
YFI99058.1	WP_002914321.1	BN373_36431
YFI99014.1	WP_002914887.1	BN373_36881
YFI98734.1	WP_002916310.1	BN373_39911
YFI98539.1	WP_004900842.1	BN373_41981
YFI98391.1	WP_002919759.1	BN373_43491
YFI97738.1	WP_002884721.1	BN373_00271
YFI97195.1	WP_004145917.1	BN373_06191
YFI96874.1	WP_002892208.1	BN373_09541
YFI96598.1	WP_002894404.1	BN373_12321
YFJ00060.1	WP_002907764.1	BN373_25711
YFI99850.1	WP_002910103.1	BN373_27971
YFI98957.1	WP_002915102.1	BN373_37431
YFI98839.1	WP_004181182.1	BN373_38631
YFI97750.1	WP_002884611.1	BN373_00131
YFI97690.1	WP_002885086.1	BN373_00771
YFI97117.1	WP_002889443.1	BN373_07011
YFI96921.1	WP_004178755.1	BN373_09071
YFJ00478.1	WP_002906035.1	BN373_24121
YFI98362.1	WP_002920158.1	BN373_43791
YFI97309.1	WP_004222594.1	BN373_04951
YFI96631.1	WP_004176911.1	BN373_11961
YFI96531.1	WP_004142216.1	BN373_13011
YFI96520.1	WP_002895056.1	BN373_13131
YFJ00725.1	WP_004213611.1	BN373_p02091
YFJ00715.1	WP_004212825.1	BN373_p01061
YFI99066.1	WP_002914287.1	BN373_36351
YFI98512.1	WP_002918248.1	BN373_42271
YFI98333.1	WP_002920326.1	BN373_44091
YFI98252.1	WP_004181488.1	BN373_44901
YFI96934.1	WP_002891860.1	BN373_08941
YFI96771.1	WP_002892366.1	BN373_10521
YFJ00703.1	WP_004212796.1	BN373_p01231
YFI99571.1	WP_004899290.1	BN373_30411
YFI99444.1	WP_004175078.1	BN373_31841
YFI98547.1	WP_002917917.1	BN373_41901
YFI98458.1	WP_002918565.1	BN373_42821
YFI97084.1	WP_004222799.1	BN373_07361
YFI96045.1	WP_002901629.1	BN373_18661
YFI95707.1	WP_004224699.1	BN373_21821
YFI99910.1	WP_004143228.1	BN373_27271
YFI99687.1	WP_002911484.1	BN373_29691
YFI99262.1	WP_004180829.1	BN373_34271
YFI98897.1	WP_002915543.1	BN373_38051
YFI98643.1	WP_002916833.1	BN373_40911
YFI97651.1	WP_004221983.1	BN373_01201
YFI97611.1	WP_002885530.1	BN373_01641
YFI97573.1	WP_004222085.1	BN373_02051
YFI96799.1	WP_004223348.1	BN373_10461
YFI96245.1	WP_002898886.1	BN373_16551
YFI99954.1	WP_002908370.1	BN373_26801
YFI99821.1	WP_004145428.1	BN373_28261
YFI99277.1	WP_002913435.1	BN373_34111
YFI98545.1	WP_002917920.1	BN373_41921
YFI98461.1	WP_000829818.1	BN373_42791
YFI98398.1	WP_002919665.1	BN373_43421
YFI97379.1	WP_004222482.1	BN373_04211
YFI97221.1	WP_004145942.1	BN373_05921
YFI96249.1	WP_002898877.1	BN373_16511
YFI96139.1	WP_004190914.1	BN373_17691
YFI95862.1	WP_004224558.1	BN373_20601
YFI99556.1	WP_004899351.1	BN373_30621
YFI98722.1	WP_002916479.1	BN373_40041
YFI98407.1	WP_002919257.1	BN373_43341
YFI97127.1	WP_002889387.1	BN373_06921
YFI95777.1	WP_004143067.1	BN373_21001
YFJ00643.1	WP_004902159.1	BN373_p00411
YFJ00261.1	WP_002905421.1	BN373_23461
YFI99173.1	WP_002913991.1	BN373_35181
YFI98530.1	WP_002918206.1	BN373_42081
YFI98410.1	WP_002919206.1	BN373_43311
YFI98373.1	WP_002920128.1	BN373_43671
YFI97537.1	WP_002886893.1	BN373_02431
YFI97515.1	WP_002886926.1	BN373_02661
YFI97462.1	WP_004222267.1	BN373_03171
YFI97147.1	WP_002889292.1	BN373_06691
YFI96220.1	WP_002898981.1	BN373_16801
YFI95731.1	WP_002903735.1	BN373_21491
YFJ00530.1	WP_014599110.1	BN373_14341
YFJ00471.1	WP_004180158.1	BN373_25381
YFJ00387.1	WP_004150923.1	BN373_41151
YFJ00031.1	WP_004175834.1	BN373_26011
YFI99650.1	WP_004899623.1	BN373_33511
YFI99135.1	WP_002914084.1	BN373_35601
YFI98341.1	WP_002920279.1	BN373_44011
YFI98283.1	WP_002920810.1	BN373_44571
YFI97942.1	WP_002882817.1	BN373_48181
YFI97790.1	WP_002883772.1	BN373_49741
YFI96810.1	WP_032448011.1	BN373_10331
YFI96593.1	WP_004223642.1	BN373_12371
YFI96393.1	WP_002896351.1	BN373_14941
YFI99655.1	WP_004899612.1	BN373_33451
YFI99149.1	WP_004144351.1	BN373_35461
YFI98266.1	WP_002920863.1	BN373_44761
YFI97978.1	WP_004144991.1	BN373_47811
YFI97741.1	WP_004178266.1	BN373_00231
YFI97388.1	WP_004151392.1	BN373_04101
YFI97185.1	WP_002888834.1	BN373_06291
YFI95670.1	WP_004190202.1	BN373_22221
YFI99913.1	WP_004143232.1	BN373_27261
YFI98954.1	WP_004900191.1	BN373_37461
YFI98550.1	WP_002917911.1	BN373_41871
YFI97317.1	WP_004222583.1	BN373_04871
YFI97276.1	WP_004182901.1	BN373_05341
YFI96889.1	WP_002892144.1	BN373_09381
YFI95821.1	WP_004184734.1	BN373_33791
YFJ00573.1	WP_004194926.1	BN373_06541
YFJ00489.1	WP_002904397.1	BN373_21931
YFI99711.1	WP_004151448.1	BN373_29441
YFI98376.1	WP_004900999.1	BN373_43641
YFI96897.1	WP_002892066.1	BN373_09301
YFI96189.1	WP_002900683.1	BN373_17151
YFI96166.1	WP_004140600.1	BN373_17381
YFI99964.1	WP_002908289.1	BN373_26701
YFI98394.1	WP_002919748.1	BN373_43461
YFI98179.1	WP_002922133.1	BN373_45701
YFI97890.1	WP_002882947.1	BN373_48701
YFI97563.1	WP_004152015.1	BN373_02161
YFI98549.1	WP_004144860.1	BN373_41881
YFI98543.1	WP_002917923.1	BN373_41941
YFI98411.1	WP_002919204.1	BN373_43301
YFI97728.1	WP_002884819.1	BN373_00371
YFI97709.1	WP_002885023.1	BN373_00561
YFI97625.1	WP_002885447.1	BN373_01501
YFI96935.1	WP_004223022.1	BN373_08931
YFI96811.1	WP_004223311.1	BN373_10321
YFI96695.1	WP_004142557.1	BN373_11251
YFI95677.1	WP_004224727.1	BN373_22131
YFI99648.1	WP_004899626.1	BN373_33551
YFI98937.1	WP_014599245.1	BN373_37641
YFI97785.1	WP_002884142.1	BN373_49791
YFI97624.1	WP_004222037.1	BN373_01511
YFI97297.1	WP_004222616.1	BN373_05071
YFI97237.1	WP_002888550.1	BN373_05761
YFI97170.1	WP_002889025.1	BN373_06451
YFI96976.1	WP_002890404.1	BN373_08501
YFI96718.1	WP_002892824.1	BN373_11021
YFI96511.1	WP_002895084.1	BN373_13231
YFJ00407.1	WP_023286793.1	BN373_36061
YFJ00092.1	WP_004143806.1	BN373_25361
YFI99332.1	WP_002913200.1	BN373_33031
YFI99063.1	WP_002914291.1	BN373_36381
YFI99030.1	WP_004174693.1	BN373_36721
YFI98162.1	WP_002922410.1	BN373_45881
YFI98029.1	WP_002923304.1	BN373_47271
YFI97535.1	WP_002886895.1	BN373_02451
YFI97200.1	WP_002888737.1	BN373_06151
YFI96812.1	WP_004223307.1	BN373_10301
YFI96721.1	WP_004196125.1	BN373_10991
YFI96150.1	WP_004213084.1	BN373_17551
YFI95846.1	WP_002903374.1	BN373_20761
YFI95757.1	WP_004179723.1	BN373_21211
YFI95738.1	WP_004143623.1	BN373_21421
YFI99214.1	WP_002913810.1	BN373_34761
YFI98728.1	WP_004900527.1	BN373_39981
YFI98374.1	WP_004901003.1	BN373_43661
YFI98251.1	WP_004181489.1	BN373_44911
YFI98046.1	WP_004151518.1	BN373_47101
YFI98006.1	WP_004151535.1	BN373_47511
YFI97874.1	WP_002883021.1	BN373_48861
YFI97612.1	WP_002885526.1	BN373_01631
YFI95989.1	WP_002901913.1	BN373_19261
YFJ00481.1	WP_004199954.1	BN373_23531
YFJ00323.1	WP_004224813.1	BN373_22821
YFI99876.1	WP_000124850.1	BN373_27631
YFI98406.1	WP_002919259.1	BN373_43351
YFI97714.1	WP_002884953.1	BN373_00511
YFI96190.1	WP_002900681.1	BN373_17141
YFI95769.1	WP_004179716.1	BN373_21081
YFI99880.1	WP_002909094.1	BN373_27591
YFI99828.1	WP_004184593.1	BN373_28191
YFI99282.1	WP_004899719.1	BN373_34061
YFI99278.1	WP_002913434.1	BN373_34101
YFI99228.1	WP_002913764.1	BN373_34631
YFI98591.1	WP_002917678.1	BN373_41451
YFI98400.1	WP_000358960.1	BN373_43401
YFI97705.1	WP_002885039.1	BN373_00611
YFI97629.1	WP_004152419.1	BN373_01461
YFI95859.1	WP_002903236.1	BN373_20631
YFJ00376.1	WP_002920825.1	BN373_44681
YFI98863.1	WP_004900279.1	BN373_38391
YFI98852.1	WP_002915850.1	BN373_38501
YFI95811.1	WP_004899645.1	BN373_33661
YFJ00058.1	WP_002907768.1	BN373_25731
YFI99707.1	WP_004175424.1	BN373_29491
YFI99113.1	WP_002914145.1	BN373_35831
YFI99062.1	WP_002914293.1	BN373_36391
YFI98028.1	WP_002923305.1	BN373_47281
YFI97434.1	WP_004222358.1	BN373_03601
YFI97194.1	WP_002888808.1	BN373_06201
YFI96530.1	WP_002894949.1	BN373_13021
YFI96055.1	WP_004140356.1	BN373_18551
YFI99754.1	WP_002910895.1	BN373_28971
YFI99744.1	WP_002910910.1	BN373_29091
YFI99412.1	WP_002912974.1	BN373_32201
YFI99006.1	WP_002914928.1	BN373_36961
YFI98663.1	WP_004900626.1	BN373_40691
YFI97551.1	WP_002886724.1	BN373_02281
YFI97431.1	WP_004222368.1	BN373_03631
YFI97154.1	WP_002889275.1	BN373_06621
YFI96740.1	WP_004178874.1	BN373_10801
YFI96170.1	WP_004224112.1	BN373_17321
YFI96087.1	WP_002901254.1	BN373_18221
YFI99104.1	WP_002914160.1	BN373_35931
YFI98987.1	WP_014599241.1	BN373_37151
YFI96692.1	WP_002893035.1	BN373_11281
YFI95739.1	WP_002903720.1	BN373_21411
YFJ00513.1	WP_014599127.1	BN373_17961
YFI99713.1	WP_002911404.1	BN373_29421
YFI99157.1	WP_002914032.1	BN373_35361
YFI98505.1	WP_004900883.1	BN373_42351
YFI98265.1	WP_002920864.1	BN373_44771
YFI97869.1	WP_004146520.1	BN373_48921
YFI97536.1	WP_042632493.1	BN373_02441
YFI96926.1	WP_002891893.1	BN373_09021
YFI96860.1	WP_004223118.1	BN373_09681
YFI96059.1	WP_002901544.1	BN373_18521
YFI99236.1	WP_002913729.1	BN373_34551
YFI99177.1	WP_002913956.1	BN373_35141
YFI99123.1	WP_002914111.1	BN373_35731
YFI99051.1	WP_004174712.1	BN373_36501
YFI98247.1	WP_002921203.1	BN373_44951
YFI97658.1	WP_004177783.1	BN373_01141
YFI96854.1	WP_004223135.1	BN373_09771
YFI95972.1	WP_004224326.1	BN373_19431
YFI95844.1	WP_004224585.1	BN373_20781
YFJ00539.1	WP_002894759.1	BN373_12761
YFI99646.1	WP_004899631.1	BN373_33571
YFI99561.1	WP_004899331.1	BN373_30561
YFI98579.1	WP_004900769.1	BN373_41561
YFI98389.1	WP_002919773.1	BN373_43511
YFI98021.1	WP_004151524.1	BN373_47361
YFI96979.1	WP_002890398.1	BN373_08471
YFI96886.1	WP_002892173.1	BN373_09411
YFI99862.1	WP_002910079.1	BN373_27871
YFI99811.1	WP_004898985.1	BN373_28381
YFI99793.1	WP_002910650.1	BN373_28551
YFI99660.1	WP_004194556.1	BN373_33401
YFI99659.1	WP_004194558.1	BN373_33411
YFI98922.1	WP_002915249.1	BN373_37791
YFI98716.1	WP_002916488.1	BN373_40101
YFI98313.1	WP_002920552.1	BN373_44301
YFI97851.1	WP_002883224.1	BN373_49101
YFI97696.1	WP_004151738.1	BN373_00711
YFI97330.1	WP_002887809.1	BN373_04731
YFI96948.1	WP_002891634.1	BN373_08801
YFI96279.1	WP_002898457.1	BN373_16191
YFI95756.1	WP_002903683.1	BN373_21221
YFJ00356.1	WP_004224757.1	BN373_22461
YFJ00318.1	WP_004224842.1	BN373_22871
YFJ00317.1	WP_004224843.1	BN373_22881
YFI98945.1	WP_002915157.1	BN373_37551
YFI98817.1	WP_002915993.1	BN373_38861
YFI98681.1	WP_002916620.1	BN373_40471
YFI98351.1	WP_002920249.1	BN373_43901
YFI96009.1	WP_002901782.1	BN373_19041
YFJ00597.1	WP_002885422.1	BN373_01381
YFJ00073.1	WP_002907744.1	BN373_25581
YFI99551.1	WP_002911883.1	BN373_30671
YFI99174.1	WP_002913979.1	BN373_35171
YFI99129.1	WP_004899914.1	BN373_35671
YFI98840.1	WP_002915888.1	BN373_38621
YFI98045.1	WP_004173862.1	BN373_47111
YFI97928.1	WP_002882863.1	BN373_48321
YFI96138.1	WP_004150797.1	BN373_17701
YFI95912.1	WP_002902522.1	BN373_20071
YFI99898.1	WP_004184563.1	BN373_27411
YFI98845.1	WP_004900320.1	BN373_38571
YFI98752.1	WP_045145304.1	BN373_39701
YFI98613.1	WP_002916872.1	BN373_41201
YFI97832.1	WP_002883389.1	BN373_49311
YFI97740.1	WP_004177855.1	BN373_00241
YFI96954.1	WP_002891541.1	BN373_08741
YFI96058.1	WP_002901547.1	BN373_18531
YFI95669.1	WP_004143517.1	BN373_22231
YFJ00644.1	WP_004213915.1	BN373_p00401
YFI99466.1	WP_002912749.1	BN373_31601
YFI98946.1	WP_002915156.1	BN373_37541
YFI97895.1	WP_002882924.1	BN373_48651
YFI97781.1	WP_004212847.1	BN373_49831
YFI97614.1	WP_002885521.1	BN373_01611
YFI97424.1	WP_002887322.1	BN373_03701
YFI96942.1	WP_002891649.1	BN373_08861
YFI96581.1	WP_002894623.1	BN373_12491
YFI96359.1	WP_002896520.1	BN373_15301
YFI96288.1	WP_002898441.1	BN373_16071
YFJ00212.1	WP_004180041.1	BN373_24021
YFI99041.1	WP_002914359.1	BN373_36601
YFI98996.1	WP_002914979.1	BN373_37061
YFI98994.1	WP_002914983.1	BN373_37081
YFI98639.1	WP_004205233.1	BN373_40951
YFI98395.1	WP_000729185.1	BN373_43451
YFI98057.1	WP_004145041.1	BN373_46971
YFI97934.1	WP_004151864.1	BN373_48261
YFI97922.1	WP_002882870.1	BN373_48381
YFI97572.1	WP_002885722.1	BN373_02061
YFI96907.1	WP_002892003.1	BN373_09201
YFI96826.1	WP_004223255.1	BN373_10141
YFJ00366.1	WP_002904646.1	BN373_22361
YFI99545.1	WP_004899368.1	BN373_30731
YFI98730.1	WP_004144734.1	BN373_39951
YFI98495.1	WP_002918379.1	BN373_42461
YFI98383.1	WP_001181005.1	BN373_43571
YFI97683.1	WP_004177812.1	BN373_00861
YFI96922.1	WP_004142687.1	BN373_09061
YFI96098.1	WP_002901229.1	BN373_18111
YFI99016.1	WP_002914883.1	BN373_36861
YFI98767.1	WP_004900427.1	BN373_39401
YFI97595.1	WP_004222066.1	BN373_01801
YFI97585.1	WP_002885674.1	BN373_01921
YFI96012.1	WP_002901780.1	BN373_19011
YFI98598.1	WP_002917655.1	BN373_41371
YFI98548.1	WP_002917916.1	BN373_41891
YFI98397.1	WP_002919667.1	BN373_43431
YFI97650.1	WP_002885324.1	BN373_01211
YFI97580.1	WP_002885682.1	BN373_01981
YFI99355.1	WP_002913148.1	BN373_32801
YFI98614.1	WP_002916871.1	BN373_41191
YFI98386.1	WP_000617546.1	BN373_43541
YFI98055.1	WP_004901514.1	BN373_46991
YFI97016.1	WP_002890210.1	BN373_08091
YFI96839.1	WP_004223202.1	BN373_09991
YFI96806.1	WP_004223331.1	BN373_10401
YFI96722.1	WP_004178884.1	BN373_10981
YFI96630.1	WP_004147534.1	BN373_11971
YFJ00140.1	WP_002906788.1	BN373_24871
YFI99879.1	WP_002909098.1	BN373_27601
YFI99070.1	WP_002914277.1	BN373_36311
YFI98774.1	WP_002916274.1	BN373_39331
YFI98182.1	WP_004152038.1	BN373_45671
YFI97534.1	WP_002886896.1	BN373_02461
YFI95828.1	WP_004899681.1	BN373_33861
YFI95761.1	WP_004143106.1	BN373_21171
YFI99867.1	WP_002910042.1	BN373_27831
YFI98571.1	WP_002917723.1	BN373_41641
YFI98546.1	WP_004144862.1	BN373_41911
YFI98430.1	WP_000462905.1	BN373_43111
YFJ00662.1	WP_004213076.1	BN373_p00141
YFJ00380.1	WP_002918374.1	BN373_42401
YFI98983.1	WP_004174667.1	BN373_37191
YFI97631.1	WP_004152420.1	BN373_01441
YFI97288.1	WP_004151373.1	BN373_05201
YFI96772.1	WP_002892360.1	BN373_10511
YFI96554.1	WP_002894767.1	BN373_12791
YFI96280.1	WP_004224045.1	BN373_16181
YFJ00664.1	WP_004213078.1	BN373_p00121
YFJ00596.1	WP_002885663.1	BN373_01841
YFJ00383.1	WP_045145354.1	BN373_42151
YFJ00166.1	WP_002906471.1	BN373_24551
YFI99729.1	WP_002911374.1	BN373_29251
YFI99240.1	WP_000387720.1	BN373_34501
YFI99103.1	WP_004145682.1	BN373_35941
YFI98688.1	WP_002916614.1	BN373_40401
YFI98192.1	WP_002921931.1	BN373_45541
YFI98088.1	WP_002922965.1	BN373_46651
YFI97640.1	WP_004153693.1	BN373_01311
YFI96521.1	WP_002895053.1	BN373_13121
YFI95667.1	WP_004224737.1	BN373_22251
YFJ00523.1	WP_004191035.1	BN373_16231
YFJ00349.1	WP_004176193.1	BN373_22541
YFI99241.1	WP_002913719.1	BN373_34491
YFI98657.1	WP_002916743.1	BN373_40751
YFI98490.1	WP_004185850.1	BN373_42511
YFI98478.1	WP_002918423.1	BN373_42631
YFI98375.1	WP_002920119.1	BN373_43651
YFI98040.1	WP_002923283.1	BN373_47171
YFI96986.1	WP_002890376.1	BN373_08401
YFI96391.1	WP_002896354.1	BN373_14961
YFI96334.1	WP_002898165.1	BN373_15551
YFI95895.1	WP_004224492.1	BN373_20251
YFJ00428.1	WP_004899388.1	BN373_30861
YFJ00116.1	WP_029884163.1	BN373_25121
YFI99870.1	WP_002910033.1	BN373_27701
YFI99408.1	WP_004189006.1	BN373_32241
YFI99300.1	WP_002913359.1	BN373_33351
YFI98869.1	WP_002915737.1	BN373_38331
YFI97204.1	WP_002888732.1	BN373_06111
YFI97002.1	WP_002890284.1	BN373_08231
YFI96846.1	WP_004223159.1	BN373_09851
YFJ00418.1	WP_002913338.1	BN373_33251
YFI99751.1	WP_002910898.1	BN373_29001
YFI99591.1	WP_004151461.1	BN373_30131
YFI98886.1	WP_002915619.1	BN373_38171
YFI97859.1	WP_002883180.1	BN373_49021
YFI97858.1	WP_002883181.1	BN373_49031
YFI97698.1	WP_004177826.1	BN373_00691
YFI95816.1	WP_004899663.1	BN373_33731
YFJ00221.1	WP_004143686.1	BN373_23921
YFI98388.1	WP_001138115.1	BN373_43521
YFI96088.1	WP_002901249.1	BN373_18211
YFJ00655.1	WP_004213932.1	BN373_p00251
YFJ00618.1	WP_002923120.1	BN373_46881
YFJ00094.1	WP_002907563.1	BN373_25341
YFI99814.1	WP_002910437.1	BN373_28351
YFI99633.1	WP_032448071.1	BN373_33711
YFI98862.1	WP_002915806.1	BN373_38401
YFI98858.1	WP_002915814.1	BN373_38441
YFI98678.1	WP_004105744.1	BN373_40501
YFI98451.1	WP_002918629.1	BN373_42891
YFI98274.1	WP_002920822.1	BN373_44671
YFI98113.1	WP_000135058.1	BN373_46391
YFI97586.1	WP_004872741.1	BN373_01911
YFI97574.1	WP_002885689.1	BN373_02041
YFI99004.1	WP_002914934.1	BN373_36981
YFI98780.1	WP_002916201.1	BN373_39271
YFI98778.1	WP_002916204.1	BN373_39291
YFI98627.1	WP_004174355.1	BN373_41071
YFI98493.1	WP_004900897.1	BN373_42481
YFI98475.1	WP_002918431.1	BN373_42661
YFI97768.1	WP_002884342.1	BN373_49971
YFI97747.1	WP_004177859.1	BN373_00171
YFI96937.1	WP_002444653.1	BN373_08911
YFI96915.1	WP_002891985.1	BN373_09121
YFI96759.1	WP_002892402.1	BN373_10611
YFI99749.1	WP_002910902.1	BN373_29031
YFI98514.1	WP_002918244.1	BN373_42251
YFI98323.1	WP_002920510.1	BN373_44201
YFI97959.1	WP_002882612.1	BN373_48001
YFI97931.1	WP_002882858.1	BN373_48291
YFI96397.1	WP_004223848.1	BN373_14451
YFI95742.1	WP_002903714.1	BN373_21381
YFJ00488.1	WP_004176198.1	BN373_22471
YFJ00285.1	WP_004176134.1	BN373_23221
YFI98733.1	WP_002916312.1	BN373_39921
YFI98452.1	WP_002918627.1	BN373_42881
YFI98187.1	WP_003026799.1	BN373_45611
YFI97468.1	WP_004222284.1	BN373_03231
YFI97427.1	WP_004222378.1	BN373_03671
YFI96498.1	WP_002895168.1	BN373_13381
YFI96439.1	WP_002895824.1	BN373_13971
YFJ00593.1	WP_002886907.1	BN373_02591
YFJ00367.1	WP_002904643.1	BN373_22351
YFI99651.1	WP_004899621.1	BN373_33501
YFI98453.1	WP_002918626.1	BN373_42871
YFI97304.1	WP_002887965.1	BN373_05001
YFI96904.1	WP_002892011.1	BN373_09231
YFI96587.1	WP_002894474.1	BN373_12431
YFI96392.1	WP_002896352.1	BN373_14951
YFI96115.1	WP_004140489.1	BN373_17911
YFI95918.1	WP_004140155.1	BN373_20011
YFJ00652.1	WP_004213925.1	BN373_p00281
YFJ00606.1	WP_002884150.1	BN373_49841
YFJ00532.1	WP_004191222.1	BN373_13981
YFI99150.1	WP_004144350.1	BN373_35451
YFI97125.1	WP_002889424.1	BN373_06941
YFI97011.1	WP_002890221.1	BN373_08141
YFI96440.1	WP_004176772.1	BN373_13961
YFI95714.1	WP_004176262.1	BN373_21731
YFI99802.1	WP_004899008.1	BN373_28471
YFI99268.1	WP_002913505.1	BN373_34211
YFI98496.1	WP_002434222.1	BN373_42451
YFI98424.1	WP_004900952.1	BN373_43171
YFI98005.1	WP_004151536.1	BN373_47521
YFI97865.1	WP_004886870.1	BN373_48961
YFI97079.1	WP_002889848.1	BN373_07431
YFI96920.1	WP_002891977.1	BN373_09081
YFI96179.1	WP_002900788.1	BN373_17241
YFI95956.1	WP_002902252.1	BN373_19621
YFJ00521.1	WP_002898992.1	BN373_16861
YFI99424.1	WP_004151121.1	BN373_32081
YFI99378.1	WP_002913017.1	BN373_32551
YFI98491.1	WP_004144910.1	BN373_42501
YFI98393.1	WP_002919751.1	BN373_43471
YFI97409.1	WP_002887412.1	BN373_03881
YFJ00128.1	WP_004898555.1	BN373_24991
YFI99672.1	WP_002911524.1	BN373_29851
YFI98154.1	WP_002922429.1	BN373_45961
YFI97807.1	WP_002883425.1	BN373_49571
YFI97291.1	WP_004151376.1	BN373_05171
YFI96214.1	WP_004140729.1	BN373_16871
YFI96019.1	WP_002901761.1	BN373_18931
YFI99999.1	WP_004175772.1	BN373_26351
YFI99897.1	WP_002909014.1	BN373_27421
YFI99111.1	WP_002914149.1	BN373_35861
YFI96691.1	WP_002893037.1	BN373_11291
YFI96462.1	WP_004214252.1	BN373_13761
YFJ00193.1	WP_002906114.1	BN373_24241
YFI99635.1	WP_004216876.1	BN373_33691
YFI99582.1	WP_004141189.1	BN373_30261
YFI99059.1	WP_002914320.1	BN373_36421
YFI98762.1	WP_004900442.1	BN373_39461
YFI98271.1	WP_002920858.1	BN373_44711
YFI98101.1	WP_002922939.1	BN373_46511
YFI96496.1	WP_004151693.1	BN373_13401
YFJ00609.1	WP_002882814.1	BN373_48171
YFJ00063.1	WP_002907761.1	BN373_25681
YFI99827.1	WP_002910387.1	BN373_28201
YFI98432.1	WP_002918740.1	BN373_43071
YFI97720.1	WP_002884940.1	BN373_00441
YFI97526.1	WP_002886901.1	BN373_02541
YFI96964.1	WP_002891398.1	BN373_08631
YFI96105.1	WP_004224200.1	BN373_18041
YFJ00342.1	WP_002904816.1	BN373_22601
YFI99727.1	WP_004145533.1	BN373_29271
YFI99718.1	WP_002911393.1	BN373_29371
YFI99668.1	WP_004175410.1	BN373_29891
YFI99661.1	WP_023284987.1	BN373_33391
YFI99265.1	WP_004174919.1	BN373_34241
YFI98324.1	WP_002920509.1	BN373_44191
YFI97980.1	WP_000429386.1	BN373_47791
YFI97406.1	WP_002887416.1	BN373_03911
YFI97351.1	WP_004222515.1	BN373_04511
YFI96111.1	WP_004179368.1	BN373_17951
YFI96050.1	WP_004140343.1	BN373_18601
YFJ00068.1	WP_004143834.1	BN373_25631
YFI99920.1	WP_002908860.1	BN373_27191
YFI98960.1	WP_002915098.1	BN373_37401
YFI98131.1	WP_000091955.1	BN373_46201
YFI96198.1	WP_000103754.1	BN373_17061
YFJ00133.1	WP_002906801.1	BN373_24931
YFJ00022.1	WP_004898659.1	BN373_26111
YFI99873.1	WP_004898916.1	BN373_27671
YFI97469.1	WP_004192273.1	BN373_03251
YFI97281.1	WP_002888059.1	BN373_05291
YFI95861.1	WP_002903233.1	BN373_20611
YFJ00660.1	WP_004213073.1	BN373_p00171
YFJ00446.1	WP_002911406.1	BN373_29451
YFI99971.1	WP_004143390.1	BN373_26631
YFI99825.1	WP_002910389.1	BN373_28221
YFI98779.1	WP_002916202.1	BN373_39281
YFI97707.1	WP_004221910.1	BN373_00591
YFJ00154.1	WP_004898536.1	BN373_24701
YFI99402.1	WP_004195346.1	BN373_32301
YFI98326.1	WP_002920506.1	BN373_44171
YFI97571.1	WP_000135199.1	BN373_02071
YFI96258.1	WP_004224056.1	BN373_16411
YFI96221.1	WP_002898978.1	BN373_16791
YFI96135.1	WP_004140530.1	BN373_17721
YFJ00402.1	WP_002915549.1	BN373_38071
YFI99605.1	WP_002911541.1	BN373_29961
YFI98163.1	WP_002922402.1	BN373_45871
YFI95990.1	WP_002901911.1	BN373_19251
YFJ00691.1	WP_004213643.1	BN373_p02241
YFJ00682.1	WP_004213615.1	BN373_p02111
YFJ00437.1	WP_077251988.1	BN373_30061
YFJ00144.1	WP_002906779.1	BN373_24831
YFI98426.1	WP_002919103.1	BN373_43151
YFI96841.1	WP_004223188.1	BN373_09961
YFI96360.1	WP_002896516.1	BN373_15291
YFI96262.1	WP_002898602.1	BN373_16371
YFJ00508.1	WP_004151906.1	BN373_19051
YFJ00347.1	WP_002904808.1	BN373_22561
YFJ00249.1	WP_004176101.1	BN373_23581
YFI99273.1	WP_002913440.1	BN373_34151
YFI99195.1	WP_004201901.1	BN373_34961
YFI98829.1	WP_002915974.1	BN373_38721
YFI98370.1	WP_004901011.1	BN373_43701
YFI98364.1	WP_004174055.1	BN373_43771
YFI96898.1	WP_002892050.1	BN373_09291
YFI96357.1	WP_001040187.1	BN373_15321
YFI95988.1	WP_002901915.1	BN373_19271
YFI95697.1	WP_002904394.1	BN373_21921
YFJ00490.1	WP_004205985.1	BN373_21801
YFJ00196.1	WP_004143717.1	BN373_24201
YFJ00085.1	WP_002907652.1	BN373_25441
YFI99569.1	WP_004899298.1	BN373_30431
YFI98971.1	WP_004900157.1	BN373_37311
YFI98607.1	WP_001144069.1	BN373_41271
YFI96021.1	WP_004210741.1	BN373_18911
YFI99923.1	WP_004180357.1	BN373_27171
YFI98191.1	WP_000014594.1	BN373_45551
YFI97936.1	WP_002882830.1	BN373_48241
YFI97896.1	WP_002882922.1	BN373_48641
YFI96856.1	WP_004223130.1	BN373_09721
YFI96492.1	WP_002895280.1	BN373_13441
YFI95921.1	WP_002902432.1	BN373_19981
YFJ00035.1	WP_002907807.1	BN373_25961
YFI99730.1	WP_001062678.1	BN373_29241
YFI98791.1	WP_002916131.1	BN373_39121
YFI97724.1	WP_004151747.1	BN373_00401
YFI96594.1	WP_020956870.1	BN373_12361
YFI96543.1	WP_002894847.1	BN373_12891
YFJ00663.1	WP_004213077.1	BN373_p00131
YFI97559.1	WP_002886707.1	BN373_02201
YFI96591.1	WP_002894464.1	BN373_12391
YFI95944.1	WP_004179576.1	BN373_19741
YFI99226.1	WP_002913768.1	BN373_34651
YFI98750.1	WP_004900490.1	BN373_39721
YFI98448.1	WP_002918640.1	BN373_42921
YFI97831.1	WP_004901868.1	BN373_49321
YFI97397.1	WP_002887451.1	BN373_04001
YFI96644.1	WP_004176919.1	BN373_11821
YFI95857.1	WP_004151566.1	BN373_20651
YFI99178.1	WP_002913954.1	BN373_35131
YFI98966.1	WP_004900171.1	BN373_37351
YFI98368.1	WP_002920143.1	BN373_43721
YFI97777.1	WP_002884183.1	BN373_49881
YFJ00127.1	WP_004189776.1	BN373_25001
YFI99875.1	WP_001124225.1	BN373_27641
YFI99645.1	WP_004899632.1	BN373_33581
YFI98626.1	WP_002916857.1	BN373_41081
YFI98221.1	WP_004901215.1	BN373_45241
YFI97591.1	WP_002885664.1	BN373_01851
YFI96632.1	WP_002893903.1	BN373_11951
YFI96127.1	WP_004224177.1	BN373_17801
YFI98380.1	WP_004900993.1	BN373_43601
YFI97220.1	WP_002888644.1	BN373_05931
YFI95927.1	WP_004176404.1	BN373_19911
YFJ00438.1	WP_004141144.1	BN373_30051
YFI99717.1	WP_002911395.1	BN373_29381
YFI98392.1	WP_002919754.1	BN373_43481
YFI97004.1	WP_002890278.1	BN373_08211
YFJ00498.1	WP_002903388.1	BN373_20841
YFI98662.1	WP_002916738.1	BN373_40701
YFI98223.1	WP_002921513.1	BN373_45221
YFJ00476.1	WP_004175994.1	BN373_24431
YFJ00263.1	WP_004176113.1	BN373_23441
YFJ00195.1	WP_004143718.1	BN373_24221
YFI99743.1	WP_004145519.1	BN373_29101
YFI99040.1	WP_000906486.1	BN373_36611
YFI96133.1	WP_004150795.1	BN373_17741
YFI95913.1	WP_004140145.1	BN373_20061
YFJ00497.1	WP_004899656.1	BN373_33701
YFJ00207.1	WP_004143707.1	BN373_24071
YFJ00198.1	WP_004898430.1	BN373_24181
YFI96329.1	WP_002898177.1	BN373_15601
YFI99890.1	WP_002909070.1	BN373_27491
YFI99067.1	WP_002914284.1	BN373_36341
YFI98402.1	WP_001140434.1	BN373_43381
YFI96136.1	WP_004224175.1	BN373_17711
YFI96007.1	WP_002901786.1	BN373_19071
YFJ00130.1	WP_002906888.1	BN373_24971
YFI99203.1	WP_004174861.1	BN373_34881
YFI96891.1	WP_002892136.1	BN373_09361
YFI96255.1	WP_002898708.1	BN373_16441
YFI96202.1	WP_000290724.1	BN373_17011
YFI96832.1	WP_032413853.1	BN373_10091
YFI98356.1	WP_002920231.1	BN373_43851
YFI98132.1	WP_002922510.1	BN373_46191
YFI96300.1	WP_002898396.1	BN373_15941
YFI96016.1	WP_002901776.1	BN373_18971
YFJ00646.1	WP_004213918.1	BN373_p00361
YFI97413.1	WP_002887388.1	BN373_03841
YFJ00584.1	WP_002887716.1	BN373_04581
YFI95863.1	WP_002903230.1	BN373_20591
YFI95834.1	WP_002903398.1	BN373_20881
YFI98961.1	WP_002915097.1	BN373_37391
YFI98189.1	WP_002922102.1	BN373_45571
YFI97254.1	WP_002888448.1	BN373_05571
YFI96503.1	WP_002895156.1	BN373_13321
YFI97615.1	WP_002885518.1	BN373_01601
YFI99728.1	WP_002911375.1	BN373_29261
YFJ00560.1	WP_002892018.1	BN373_09241
YFJ00190.1	WP_004143727.1	BN373_24271
YFI98007.1	WP_000831330.1	BN373_47501
YFJ00087.1	WP_004898594.1	BN373_25421
YFI98701.1	WP_004144772.1	BN373_40261
YFI97616.1	WP_002885511.1	BN373_01591
YFJ00117.1	WP_004180143.1	BN373_25111
YFI96428.1	WP_002895851.1	BN373_14091
YFI99773.1	WP_004899049.1	BN373_28761
YFI95755.1	WP_004224649.1	BN373_21231
YFI99460.1	WP_002912762.1	BN373_31671
YFI96216.1	WP_002898988.1	BN373_16841
YFI97867.1	WP_001311244.1	BN373_48941
YFI98038.1	WP_002923286.1	BN373_47191
YFJ00129.1	WP_002906891.1	BN373_24981
YFJ00580.1	WP_004222662.1	BN373_05691
YFJ00479.1	WP_002905689.1	BN373_23891
YFJ00583.1	WP_004222578.1	BN373_04831
