Method,Total Score,Score_consistency,Score_annotation_met,Score_annotation_rxn,Score_annotation_gene,Score_annotation_sbo,Mass Balance %,Charge Balance %,Biomass Consistency Deviation,Growth Rate (Default),Blocked Precursors (default),Blocked Precursors (open),Unrealistic Growth Count,Blocked Reactions Fraction
recongfmodels,0.7380261118611501,0.8692030601614946,0.5454397236705527,0.554596720607128,0.40000000000000013,0.7272727272727273,0.0,0.0,0.0,0.0,5.0,5.0,0.0,0.5993977326761527
deepec_newg,0.6880567046341116,0.8930509145805278,0.5454427727073468,0.5548054383053903,0.0,0.6363636363636364,0.0,0.0,0.0,12.659236215593694,0.6363636363636364,0.6363636363636364,3.909090909090909,0.5439461702237016
enzbert_newg,0.6831548858395317,0.8804027599057954,0.5454449121324152,0.5550315571958363,0.0,0.6363636363636364,0.0,0.0,0.0,12.646788513447564,1.0909090909090908,1.0909090909090908,3.772727272727273,0.5304741165142383
deepec2_newg,0.6818423823184253,0.877001599514995,0.5454460209007007,0.5551677429443165,0.0,0.6363636363636364,0.0,0.0,0.0,8.562463844476822,1.3636363636363635,1.3636363636363635,3.772727272727273,0.4852480593450524
ecrecer_newg,0.681518334844249,0.8761796596088071,0.54544563597541,0.5551086714757152,0.0,0.6363636363636364,0.0,0.0,0.0,11.504896174730062,1.2272727272727273,1.2272727272727273,3.9545454545454546,0.46371143800772835
reconmodels,0.6616403294136277,0.863073208775976,0.5454545454545454,0.5555555555555556,0.40000000000000013,0.5454545454545454,0.0,0.0,0.0,0.0,0.0,0.0,0.0,0.6750396804807258
