gene_name,locus_tag,tradis_essentiality_score,essential_call
NA,BN373_07551,3.48369364937663,non-essential
grpE,BN373_35901,-0.885033945466574,essential
dppA,BN373_45371,4.01098286911312,non-essential
yfhL,BN373_35451,3.32995491972629,non-essential
htpX,BN373_29301,2.37998278326306,non-essential
NA,BN373_28641,3.51703352530505,non-essential
pck,BN373_44111,3.6466071115778,non-essential
argH,BN373_48821,3.82474257178447,non-essential
rpmD,BN373_43381,-6.5,essential
uvrD,BN373_49371,3.95503128467665,non-essential
nuoM,BN373_32781,3.32709174426276,non-essential
xseB,BN373_08631,1.98625566490483,non-essential
rpmF,BN373_17011,2.33816003506031,non-essential
NA,BN373_09911,4.30324834848266,non-essential
higA,BN373_10991,2.36230711589599,non-essential
sspA,BN373_42781,3.99068931185067,non-essential
NA,BN373_11231,2.15498238742503,non-essential
NA,BN373_04301,3.85401996707533,non-essential
tatA,BN373_49571,3.73908883089781,non-essential
waaG,BN373_46121,-2.67135429087973,essential
NA,BN373_05631,2.66511596210733,non-essential
aroK,BN373_43981,2.50050441321835,non-essential
queA,BN373_08451,3.29798815477155,non-essential
galM,BN373_13261,3.08097807059508,non-essential
NA,BN373_23391,3.23741467171117,non-essential
fldB,BN373_39901,3.25057909804935,non-essential
fldA,BN373_12781,-6.5,essential
rnhA,BN373_07141,3.29254019349304,non-essential
msbA,BN373_15571,-2.17016694749422,essential
zntA,BN373_44701,3.19691012550885,non-essential
rpmB,BN373_46201,-0.425445236265368,essential
rsfS,BN373_12491,2.27205944014339,non-essential
nudF,BN373_41001,2.55601633489841,non-essential
waaC,BN373_46061,-0.860805069592862,essential
minD,BN373_29021,3.87408361501337,non-essential
tolR,BN373_13151,2.3332986230911,non-essential
mog,BN373_04911,3.7392759816266,non-essential
rsxA,BN373_25461,4.22294478156195,non-essential
rpoZ,BN373_46391,3.36992902302946,non-essential
NA,BN373_01011,3.29771359692102,non-essential
tamA,BN373_02261,3.85991408179524,non-essential
yciK,BN373_18901,3.80353574672298,non-essential
ccmA,BN373_26661,2.98312488168763,non-essential
ymgC,BN373_13441,3.26031378815449,non-essential
bamD,BN373_35721,-6.5,essential
fsaB,BN373_48751,3.18630104390794,non-essential
NA,BN373_19551,3.0939447207555,non-essential
NA,BN373_26891,3.21640568342064,non-essential
NA,BN373_11721,3.65602987370276,non-essential
ygjI,BN373_41611,3.16609544920483,non-essential
fepC,BN373_11841,3.06222052188876,non-essential
exbD,BN373_40781,2.30150529027801,non-essential
dtpB,BN373_44971,3.15311389456194,non-essential
treB,BN373_02631,3.57847529004771,non-essential
rlmE,BN373_42391,3.06175928795611,non-essential
nrdB,BN373_32541,-1.55406619288245,essential
ascB,BN373_36851,3.21983437369978,non-essential
opgE,BN373_14081,2.97448724430279,non-essential
fdx,BN373_35141,3.52040569944866,non-essential
gpp,BN373_49081,3.76666533201632,non-essential
folB,BN373_41151,0.679410917634502,non-essential
ydjZ,BN373_18421,2.76833104687793,non-essential
ydjX,BN373_18411,3.03464195915904,non-essential
arcB,BN373_42691,3.54659612553585,non-essential
yhdE,BN373_42971,3.94125079437402,non-essential
hdeB,BN373_39541,3.82804245536497,non-essential
mdtF,BN373_46821,3.26024065794287,non-essential
acrB,BN373_09311,3.71071584814383,non-essential
envC,BN373_45991,3.41667237120816,non-essential
NA,BN373_27671,5.82579244387588,non-essential
hfq,BN373_01801,2.85005491099902,non-essential
waaQ,BN373_46111,2.14927083710638,non-essential
arnT,BN373_44781,3.52295790632422,non-essential
NA,BN373_26271,2.92430970340606,non-essential
ybhN,BN373_13791,3.24622159348941,non-essential
nadA,BN373_13201,2.97254597693889,non-essential
pdxA,BN373_05361,3.74233264846363,non-essential
metG,BN373_31631,-2.46961239691858,essential
adeP,BN373_47601,3.81291689430948,non-essential
ubiG,BN373_32521,0.0829208883942496,non-essential
ykgO,BN373_09241,3.52562059622871,non-essential
dnaQ,BN373_07151,-1.3512007438931,essential
argR,BN373_42861,3.37287704338835,non-essential
rpsT,BN373_05001,-6.5,essential
yahN,BN373_25991,3.57821296913651,non-essential
leuE,BN373_17901,3.48796110524021,non-essential
nagB,BN373_12721,3.87181175985163,non-essential
NA,BN373_10601,3.29947910219078,non-essential
yghB,BN373_40811,3.25438905800312,non-essential
yqjA,BN373_41861,3.17344061938338,non-essential
flc,BN373_12371,3.71284932576802,non-essential
NA,BN373_49061,4.65182950956423,non-essential
rpoE,BN373_35561,0.771663058007263,non-essential
yajC,BN373_08471,1.92717060454735,non-essential
frdB,BN373_01651,3.49978822252485,non-essential
sucB,BN373_13061,0.841051021125207,non-essential
proB,BN373_07691,3.35640204165672,non-essential
NA,BN373_38301,3.29287798610992,non-essential
sucD,BN373_13081,3.55430506549819,non-essential
aroB,BN373_43971,3.35931258801193,non-essential
sucA,BN373_13051,1.9256360834098,non-essential
lptB,BN373_42611,-1.83391382761322,essential
mreB,BN373_43001,-2.36180951594944,essential
gltD,BN373_42751,3.70693862438323,non-essential
aroC,BN373_33291,3.07784507797691,non-essential
NA,BN373_11041,2.92687897015048,non-essential
feaB,BN373_20091,3.24862054142808,non-essential
patD,BN373_25021,3.11425455594609,non-essential
purH,BN373_50031,3.73964041649279,non-essential
carA,BN373_05271,3.01602845489639,non-essential
katG,BN373_23981,3.11307704556606,non-essential
dcm,BN373_30111,3.12062907080228,non-essential
gltB,BN373_42741,3.80694715207284,non-essential
pheT,BN373_27611,-6.5,essential
rsxD,BN373_25491,3.58319324330744,non-essential
NA,BN373_36051,2.5951479605628,non-essential
marC,BN373_21961,3.92236661455319,non-essential
creB,BN373_04781,3.04648276617693,non-essential
ompR,BN373_44131,4.07087012417844,non-essential
cpxR,BN373_48531,3.55906095298133,non-essential
lolC,BN373_17271,-1.4234924582726,essential
gapA,BN373_18191,-6.5,essential
umpG,BN373_37501,3.76029302159816,non-essential
phoB,BN373_15061,3.43407994111309,non-essential
pdxH,BN373_25571,1.98225474406467,non-essential
NA,BN373_23381,3.65385630502607,non-essential
yhdZ,BN373_26821,3.31336461203622,non-essential
hisP,BN373_33061,3.76286073600271,non-essential
glnQ,BN373_14021,3.37641108358746,non-essential
kdsB,BN373_15611,-0.935109617666467,essential
miaB,BN373_12661,3.18473674698745,non-essential
NA,BN373_22961,2.86289628040748,non-essential
rsxE,BN373_25511,2.63671101788741,non-essential
gmhA,BN373_07201,-1.01759089956942,essential
yddH,BN373_24691,3.43585004569464,non-essential
yedW,BN373_03651,3.27954646827479,non-essential
yihX,BN373_48121,3.69400261418009,non-essential
yceG,BN373_17091,3.04823854912481,non-essential
purB,BN373_17561,0.971626748096908,non-essential
ybiY,BN373_14241,2.71669061032435,non-essential
trxC,BN373_35631,2.94214563543714,non-essential
rsxB,BN373_25471,3.9750502754324,non-essential
atpD,BN373_47741,3.62083689350439,non-essential
cusR,BN373_08281,4.3481166619841,non-essential
yicR,BN373_46211,3.13721738901589,non-essential
apbE,BN373_32401,3.08732834528919,non-essential
bamA,BN373_06821,-2.08351159682039,essential
ygiV,BN373_40901,3.02441441268865,non-essential
amn,BN373_30271,2.67747618262078,non-essential
lepB,BN373_35511,-1.57044293698293,essential
znuB,BN373_29601,2.0739566780589,non-essential
truB,BN373_42261,3.69729884774214,non-essential
ppiD,BN373_08921,3.31837113460073,non-essential
serB,BN373_04681,2.80026169251963,non-essential
yjiJ,BN373_22281,3.46053372396652,non-essential
ybdR,BN373_17731,2.75683125690034,non-essential
NA,BN373_45301,3.22692452733213,non-essential
bcsA,BN373_45201,3.65628120849122,non-essential
yhbV,BN373_42191,3.92800222861836,non-essential
NA,BN373_39791,4.53917146205271,non-essential
speB,BN373_40241,3.51486619339902,non-essential
yciM,BN373_19021,1.17916338250086,non-essential
NA,BN373_21881,2.69122778584061,non-essential
hemN,BN373_48071,3.73001187700338,non-essential
NA,BN373_23501,3.1632397483443,non-essential
fhuB,BN373_06591,3.73423894750467,non-essential
cyoA,BN373_08831,5.22249475079115,non-essential
recC,BN373_38611,2.61208557688625,non-essential
arnA,BN373_44801,3.35337011415425,non-essential
yadV,BN373_10561,2.96826592057683,non-essential
iscR,BN373_35201,2.5619274460086,non-essential
NA,BN373_40651,2.82372341530535,non-essential
cysM,BN373_34281,3.49177474406633,non-essential
cysK,BN373_34191,3.1191219911671,non-essential
NA,BN373_30441,3.59963801624988,non-essential
NA,BN373_11411,2.8144991146383,non-essential
NA,BN373_15771,3.42015259311147,non-essential
ubiH,BN373_40071,0.762933158831865,non-essential
ygeR,BN373_39831,3.66549166361396,non-essential
NA,BN373_28701,2.43503691328083,non-essential
NA,BN373_28441,2.81268042874394,non-essential
wecE,BN373_49191,3.58182222279888,non-essential
tilS,BN373_06931,-6.5,essential
cysC,BN373_37561,3.67527808010709,non-essential
wza,BN373_31151,5.14781485674876,non-essential
NA,BN373_21841,3.15588449949818,non-essential
NA,BN373_27011,2.9068440765673,non-essential
skp,BN373_06831,2.55924884029242,non-essential
NA,BN373_10871,3.81341104477219,non-essential
NA,BN373_21861,2.81192725537089,non-essential
emrB,BN373_36531,3.33282282434418,non-essential
trkH,BN373_49681,3.71859826208597,non-essential
yfeY,BN373_34341,3.39188976012386,non-essential
NA,BN373_24741,3.98944000430923,non-essential
phnF,BN373_01121,3.49661263433559,non-essential
cysQ,BN373_02181,3.48711410186709,non-essential
NA,BN373_46291,4.37361099204215,non-essential
NA,BN373_37881,3.58012046733758,non-essential
ccmB,BN373_26651,2.03074611060654,non-essential
rnd,BN373_29041,2.88606741267267,non-essential
NA,BN373_26301,2.71425810241364,non-essential
gsiB,BN373_14291,3.41644276484971,non-essential
rbsK,BN373_47941,3.81781922832353,non-essential
NA,BN373_27321,2.71103361696136,non-essential
suhB,BN373_35221,-6.5,essential
lnt,BN373_12621,-6.5,essential
tolB,BN373_13171,3.28472384199952,non-essential
yggW,BN373_40421,3.06459640690451,non-essential
NA,BN373_26211,2.84897060593211,non-essential
acrE,BN373_43131,3.48747979043528,non-essential
recJ,BN373_39871,3.43897090669021,non-essential
nuoN,BN373_32771,3.59307909178549,non-essential
NA,BN373_37271,5.16230923006769,non-essential
thrC,BN373_04861,2.98303100263593,non-essential
ccmF,BN373_26611,3.46396799891816,non-essential
NA,BN373_26281,3.1069144885799,non-essential
zraS,BN373_50001,3.4581601285078,non-essential
norR,BN373_36771,3.40070301966141,non-essential
NA,BN373_37461,3.84343177858401,non-essential
zraR,BN373_50011,3.90169325916505,non-essential
atoC,BN373_32461,2.86650865173384,non-essential
tyrR,BN373_19321,2.98674945100056,non-essential
tauC,BN373_08011,3.42308687324279,non-essential
ssuC,BN373_15821,3.03570010816487,non-essential
gabD,BN373_07401,2.53718574398487,non-essential
hcaE,BN373_24531,3.72233703513833,non-essential
iscA,BN373_35171,4.31243859721866,non-essential
sufA,BN373_27261,3.04616717663673,non-essential
NA,BN373_28511,3.75988442439407,non-essential
glrR,BN373_35371,3.13602856790674,non-essential
NA,BN373_13571,2.90961947702185,non-essential
pgpA,BN373_08591,3.66746381330791,non-essential
yraJ,BN373_36241,3.61148973148497,non-essential
asd,BN373_44371,-1.53533976166547,essential
NA,BN373_20471,2.93976652888336,non-essential
lptA,BN373_42601,-1.42348456817342,essential
sdhD,BN373_13021,3.66577156232154,non-essential
yhbT,BN373_42171,3.81691331394111,non-essential
secG,BN373_42351,2.94403618197148,non-essential
yafS,BN373_07131,4.01134345486895,non-essential
ptsN,BN373_42641,3.5914453492965,non-essential
NA,BN373_08731,3.43638955593213,non-essential
hycE,BN373_36911,3.39043909563556,non-essential
menC,BN373_32701,2.71489902545633,non-essential
atpF,BN373_47781,2.89098810065303,non-essential
NA,BN373_38491,3.31640918476072,non-essential
arnC,BN373_44811,3.22526515392305,non-essential
NA,BN373_38441,2.52265935726298,non-essential
NA,BN373_37871,2.99897829970359,non-essential
gcvP,BN373_40031,3.51696574460664,non-essential
lspA,BN373_05031,-6.5,essential
cspD,BN373_15291,3.0537327444513,non-essential
nusB,BN373_08571,1.61053538888839,non-essential
NA,BN373_22431,2.75123524481404,non-essential
nuoI,BN373_32821,3.93504426548571,non-essential
NA,BN373_23111,2.94334237261398,non-essential
NA,BN373_30641,3.4088022403716,non-essential
aceE,BN373_06081,2.94857770949737,non-essential
rho,BN373_49111,-6.5,essential
ppc,BN373_48781,3.8868586334342,non-essential
icd,BN373_17611,0.519210941187513,non-essential
hemL,BN373_06601,2.82790505245441,non-essential
yihV,BN373_08381,4.03494263619547,non-essential
hslV,BN373_48601,3.5167593786226,non-essential
arsR,BN373_39371,3.33308426376871,non-essential
wbbJ,BN373_31061,4.09743583419853,non-essential
metF,BN373_48721,3.32285960268839,non-essential
rplL,BN373_49791,-1.02499990467545,essential
mdtQ,BN373_31781,3.09572691800688,non-essential
ygiS,BN373_27931,3.94931142154917,non-essential
oppA,BN373_16211,3.28022072045832,non-essential
pheA,BN373_35741,3.61990394878769,non-essential
cysH,BN373_37611,4.13306875847884,non-essential
atoD,BN373_32471,2.39737671248637,non-essential
plsY,BN373_41161,3.61741839009493,non-essential
rpsN,BN373_43431,-6.5,essential
kefC,BN373_05311,3.74064586673417,non-essential
metH,BN373_00061,3.44796727452505,non-essential
thrB,BN373_04851,3.62751621952612,non-essential
sufD,BN373_27231,3.34960568998406,non-essential
lipB,BN373_12421,1.26583460859092,non-essential
alaA,BN373_32911,3.72768684987321,non-essential
hisG,BN373_30781,3.34623641421479,non-essential
NA,BN373_02981,3.57795707398902,non-essential
NA,BN373_19821,3.17693498546887,non-essential
cysJ,BN373_37631,3.20869876178866,non-essential
ilvH,BN373_05721,3.84090724837011,non-essential
ruvC,BN373_29631,2.29504455708079,non-essential
murJ,BN373_16941,-6.5,essential
nuoK,BN373_32801,3.25414384312702,non-essential
glgP,BN373_44321,4.09067644437282,non-essential
malP,BN373_44261,3.68454505280806,non-essential
NA,BN373_26751,2.98947290000669,non-essential
fdhF,BN373_00931,3.18038855069591,non-essential
napA,BN373_28131,2.91940278883526,non-essential
pyrE,BN373_46261,2.95549789345617,non-essential
NA,BN373_12291,4.21739701031242,non-essential
ahpC,BN373_08431,4.52963998852834,non-essential
ubiA,BN373_00351,-0.190612771292335,essential
NA,BN373_11491,2.61913907740839,non-essential
cobS,BN373_30661,2.28080725037772,non-essential
NA,BN373_38331,4.91282348901584,non-essential
NA,BN373_38281,3.62334769936036,non-essential
dmsA,BN373_15421,3.09244489643368,non-essential
ribC,BN373_25831,-0.531243309252925,essential
sdaA,BN373_29131,3.10871468345192,non-essential
cpsB,BN373_31021,3.09592143657925,non-essential
gatY,BN373_08371,4.42390285497931,non-essential
aroF,BN373_35771,3.40171365494876,non-essential
sad,BN373_22111,3.50250264314541,non-essential
NA,BN373_08751,2.88015373212262,non-essential
glpD,BN373_44311,3.51952205594959,non-essential
hisF,BN373_30841,2.83496634064438,non-essential
glmM,BN373_42361,-6.5,essential
thiD,BN373_31531,3.43962920988007,non-essential
frdA,BN373_01661,3.5590500822742,non-essential
NA,BN373_22781,3.23684196794618,non-essential
ribD,BN373_08551,-6.5,essential
pdxJ,BN373_35471,1.42648450102797,non-essential
argI,BN373_02761,3.4745904240055,non-essential
argB,BN373_48811,3.87013216274347,non-essential
hisA,BN373_30831,2.72788091768986,non-essential
NA,BN373_27291,3.45531782739881,non-essential
NA,BN373_38541,3.38748720596857,non-essential
cysG,BN373_43911,3.39375581690988,non-essential
NA,BN373_23961,3.33008801844268,non-essential
arnB,BN373_44821,3.47846765105825,non-essential
pyrD,BN373_15861,4.64535738196158,non-essential
carB,BN373_05281,3.53988066865952,non-essential
manA,BN373_20711,3.08650719933929,non-essential
kdsA,BN373_28241,-6.5,essential
gltA,BN373_13001,3.69673993469905,non-essential
NA,BN373_00651,4.14303569507435,non-essential
srlQ,BN373_36761,3.2577911464284,non-essential
glpX,BN373_46431,3.46054794172615,non-essential
aroA,BN373_15521,3.47180219654934,non-essential
NA,BN373_40661,3.05132252617897,non-essential
metB,BN373_48661,2.85342734338505,non-essential
NA,BN373_07601,3.01867307504549,non-essential
pabB,BN373_29111,3.3843268944771,non-essential
NA,BN373_22571,3.37197240867644,non-essential
ilvD,BN373_48981,3.88308679669689,non-essential
ilvB,BN373_47181,3.45414549773667,non-essential
trpC,BN373_18811,3.55726118947512,non-essential
puuA,BN373_16341,3.26861188437607,non-essential
sbp,BN373_46501,3.58666346877681,non-essential
entC,BN373_11891,3.15323148719203,non-essential
trpA,BN373_18791,2.59547544656631,non-essential
asnB,BN373_12681,3.91270815356862,non-essential
lpxA,BN373_06861,-6.5,essential
dam,BN373_43951,3.54550189905514,non-essential
NA,BN373_33801,3.20710668288977,non-essential
NA,BN373_47071,2.87470995033164,non-essential
btuR,BN373_18891,2.90624080065169,non-essential
thiL,BN373_08581,1.85804762411296,non-essential
argC,BN373_48801,3.37969976608367,non-essential
tadA,BN373_35421,1.85654122687254,non-essential
leuD,BN373_05651,3.67702520111395,non-essential
yeiE,BN373_31991,3.45203216879141,non-essential
lpxC,BN373_05891,-1.83718752050795,essential
plsB,BN373_00361,-3.67206758302594,essential
NA,BN373_38271,2.88290438314375,non-essential
yjiA,BN373_03991,2.92163891565431,non-essential
sgcQ,BN373_23031,3.70634484717178,non-essential
acnB,BN373_06141,2.86763602124772,non-essential
purE,BN373_09671,3.00991630423226,non-essential
orn,BN373_01721,1.74354250568214,non-essential
gcl,BN373_26491,3.52092589488494,non-essential
hemA,BN373_28291,-6.5,essential
moeA,BN373_14261,2.99532836781184,non-essential
NA,BN373_10931,2.9041518330549,non-essential
bioF,BN373_13631,2.89023022986493,non-essential
hemE,BN373_49941,-0.226389496200842,essential
dcd,BN373_31211,2.37252021377555,non-essential
hisB,BN373_30811,2.61185341551488,non-essential
cca,BN373_41131,-2.59332389630133,essential
ubiF,BN373_12671,2.27810765200601,non-essential
panC,BN373_06301,3.35685037068224,non-essential
pabA,BN373_43831,3.62359563660201,non-essential
cpsG,BN373_31001,2.79087985099681,non-essential
cydB,BN373_13111,3.05113653537699,non-essential
pgi,BN373_00201,3.62763499805153,non-essential
cbpA,BN373_01221,2.89275571225755,non-essential
nuoB,BN373_32881,3.23878677568371,non-essential
rlmM,BN373_38041,3.68676613087514,non-essential
dusB,BN373_43101,3.63136386267435,non-essential
guaD,BN373_23651,3.2165134801514,non-essential
hemY,BN373_49261,2.96192779770305,non-essential
wzxE,BN373_49201,3.54486814909219,non-essential
setB,BN373_32051,3.07063251455573,non-essential
galK,BN373_13271,3.15038456080274,non-essential
yhbU,BN373_42181,4.02284679243364,non-essential
yjiN,BN373_03931,3.05226976223274,non-essential
pqiA,BN373_15911,3.28164503844978,non-essential
epmB,BN373_01571,2.90339634415631,non-essential
argP,BN373_40141,3.68366663042234,non-essential
NA,BN373_37731,3.32721588961372,non-essential
epd,BN373_40201,2.86137864313,non-essential
ytfR,BN373_02341,2.86079385102326,non-essential
clcA,BN373_06611,3.74570554251207,non-essential
metA,BN373_00011,2.75106234646956,non-essential
hrpA,BN373_20391,3.12760486344143,non-essential
NA,BN373_19861,3.25757604492589,non-essential
mutL,BN373_01781,3.58963078229649,non-essential
dcuB,BN373_49821,3.64907152036126,non-essential
nrdD,BN373_02561,3.25409640298599,non-essential
fumA,BN373_21021,2.92903049733233,non-essential
mglC,BN373_31881,3.78091683483859,non-essential
purT,BN373_29501,2.86664400826796,non-essential
NA,BN373_21771,3.17641358682493,non-essential
ynfM,BN373_21291,3.47810965494002,non-essential
NA,BN373_26171,3.26929058294571,non-essential
yhjK,BN373_45161,2.91852649442473,non-essential
clsB,BN373_13801,2.82796775919436,non-essential
wzyE,BN373_49221,3.63347433364073,non-essential
mdtG,BN373_16811,3.47716090838454,non-essential
mltD,BN373_07111,3.74720807332978,non-essential
araF,BN373_29821,3.57148652758014,non-essential
NA,BN373_21831,3.20885903510884,non-essential
NA,BN373_04191,2.60954389591371,non-essential
envZ,BN373_44121,4.26937393384387,non-essential
yeaG,BN373_18151,3.56659360138045,non-essential
lsrB,BN373_41661,2.83565933343649,non-essential
NA,BN373_01481,4.74283541677869,non-essential
cysB,BN373_18961,2.44487641518069,non-essential
glnD,BN373_06721,3.31853434957609,non-essential
yebQ,BN373_29291,3.45114716483092,non-essential
NA,BN373_25321,3.35189996174134,non-essential
metQ,BN373_07021,4.68043800507017,non-essential
apaH,BN373_05331,3.17788882185246,non-essential
yfaY,BN373_32651,2.91751512192021,non-essential
yhjX,BN373_45411,3.53652253193866,non-essential
NA,BN373_45001,3.43866604214495,non-essential
sapB,BN373_19161,3.4482203030375,non-essential
sbcD,BN373_08271,3.37157679717041,non-essential
lsrD,BN373_41671,2.85257989421916,non-essential
NA,BN373_21081,3.82743604447304,non-essential
ytfQ,BN373_02331,3.07829163825831,non-essential
ydgJ,BN373_25411,3.43954100350527,non-essential
pmbA,BN373_02421,3.42001718031224,non-essential
galT,BN373_13281,2.94677265274306,non-essential
selB,BN373_45811,3.16634068860674,non-essential
ldhA,BN373_20031,3.1569779108562,non-essential
aspC,BN373_15711,3.5481590677657,non-essential
ycjX,BN373_19281,3.22900758420734,non-essential
hypC,BN373_36981,3.54977428893575,non-essential
mutS,BN373_37381,3.18661575340416,non-essential
NA,BN373_23901,3.73736913408099,non-essential
proX,BN373_36481,3.3319251621774,non-essential
mglB,BN373_31901,3.9818727687392,non-essential
talA,BN373_34571,3.36433279742429,non-essential
ycaD,BN373_15451,3.49131695673212,non-essential
hflC,BN373_01831,3.6968759534302,non-essential
NA,BN373_08981,2.48765907495584,non-essential
yhaJ,BN373_41951,3.1863757913807,non-essential
qmcA,BN373_09561,3.67736349290331,non-essential
kup,BN373_47891,3.96047229072237,non-essential
gabP,BN373_07381,3.31150041632679,non-essential
add,BN373_25401,3.60042254804234,non-essential
yedY,BN373_43021,3.60444315878441,non-essential
mpl,BN373_02381,3.29694477319217,non-essential
nlpI,BN373_42231,3.10659418286961,non-essential
NA,BN373_23611,2.99626723334899,non-essential
pgm,BN373_12821,3.11922389304593,non-essential
rspB,BN373_42711,3.35309147203405,non-essential
tusB,BN373_43651,1.47227352952025,non-essential
cyoE,BN373_08791,3.72244389123192,non-essential
gntR,BN373_44401,3.34084963041948,non-essential
ldcC,BN373_06911,3.80517227649878,non-essential
yjiR,BN373_03831,3.06400403487803,non-essential
manX,BN373_29161,3.58690232713856,non-essential
NA,BN373_24661,2.92477632003391,non-essential
NA,BN373_29751,3.28819204769583,non-essential
rlmI,BN373_16081,2.47687294149143,non-essential
argA,BN373_38561,3.11000457400486,non-essential
ttdT,BN373_21031,3.52182854877657,non-essential
sthA,BN373_48841,3.20577130993297,non-essential
rapA,BN373_05451,3.55273802312903,non-essential
rssB,BN373_27991,3.92721370200334,non-essential
yjbB,BN373_00071,3.7475583625711,non-essential
yeaH,BN373_18141,3.80708730845336,non-essential
NA,BN373_24671,3.49156203599489,non-essential
lrp,BN373_15371,4.50238764800126,non-essential
pntB,BN373_20831,3.40540148643923,non-essential
NA,BN373_07941,4.07322251490545,non-essential
xylG,BN373_45741,3.03819833372008,non-essential
ydiJ,BN373_27441,3.49491077211486,non-essential
dld,BN373_31731,3.93870018311918,non-essential
NA,BN373_39991,3.12813791184783,non-essential
dtpA,BN373_25531,3.70453531084937,non-essential
ytfL,BN373_02241,3.38906084001137,non-essential
galP,BN373_40291,3.2548058035488,non-essential
rcsD,BN373_32421,3.45784285678519,non-essential
xylB,BN373_45711,3.12219826278705,non-essential
modF,BN373_13301,3.13625665655001,non-essential
mnmC,BN373_33241,2.95894056633565,non-essential
dauA,BN373_28331,3.14649981730883,non-essential
tolC,BN373_41011,3.77733825864356,non-essential
yifK,BN373_49241,3.46621351191115,non-essential
NA,BN373_14541,3.16782451776864,non-essential
ldcA,BN373_28891,2.14481706294905,non-essential
NA,BN373_45321,3.56928924099697,non-essential
yjcB,BN373_00691,4.26976275314164,non-essential
ampH,BN373_08051,3.25414639525455,non-essential
yodD,BN373_30061,3.19431145952489,non-essential
NA,BN373_14691,2.53504169429141,non-essential
NA,BN373_04221,3.92342233261787,non-essential
hemD,BN373_49281,-2.07212808084961,essential
paaI,BN373_20321,1.54599826999848,non-essential
NA,BN373_23891,4.44465962555201,non-essential
lsrA,BN373_41691,2.72366530218719,non-essential
iceT,BN373_31321,3.13234147507613,non-essential
nupC,BN373_34081,3.71394648957584,non-essential
clpA,BN373_15311,2.58716838688044,non-essential
NA,BN373_28871,3.17132215155839,non-essential
dgt,BN373_06661,4.37121602449909,non-essential
potG,BN373_15011,3.34571935952561,non-essential
ydfI,BN373_21441,2.39175554556934,non-essential
NA,BN373_48361,3.34858981627102,non-essential
NA,BN373_04921,3.28685384994215,non-essential
queG,BN373_01741,3.1575954117449,non-essential
hda,BN373_34781,-1.10992879373541,essential
efeB,BN373_16621,3.29897756657216,non-essential
mqo,BN373_32341,3.17641573211245,non-essential
pepQ,BN373_49661,4.00720093062513,non-essential
NA,BN373_21101,4.08745470148382,non-essential
xylH,BN373_45751,2.71095911618945,non-essential
roxA,BN373_17511,2.92345943521407,non-essential
NA,BN373_23931,3.57023909265686,non-essential
rstB,BN373_20751,3.29695512308639,non-essential
tmcA,BN373_34671,3.15110687348617,non-essential
tyrA,BN373_35761,3.63332858393153,non-essential
yhdP,BN373_42951,3.68440824059463,non-essential
yrfF,BN373_44071,3.65687473323104,non-essential
ssuD,BN373_15831,2.82763212773466,non-essential
xylR,BN373_45761,2.5749975806843,non-essential
arsB,BN373_39361,2.9507606037548,non-essential
nagC,BN373_12701,3.59785715204871,non-essential
btuB,BN373_48891,3.89641758885641,non-essential
NA,BN373_31581,2.70404334254939,non-essential
ampG,BN373_08841,3.73146719995396,non-essential
NA,BN373_21761,3.12140731965783,non-essential
araA,BN373_05491,3.75902556062502,non-essential
cycA,BN373_02111,3.91678689626468,non-essential
sbcB,BN373_30711,3.00626827381258,non-essential
gltP,BN373_00901,3.80250499593868,non-essential
plaP,BN373_30741,3.36862651466569,non-essential
NA,BN373_42721,4.21555409291216,non-essential
ugpB,BN373_44501,3.78365759762791,non-essential
dgoD,BN373_47391,4.3266525236059,non-essential
bepA,BN373_34751,3.50801908627213,non-essential
NA,BN373_30251,2.92384450494743,non-essential
treA,BN373_28861,3.42426089230083,non-essential
mepM,BN373_29571,3.71908171207956,non-essential
cusA,BN373_03611,3.31203437940185,non-essential
NA,BN373_26131,3.3440828600464,non-essential
dadA,BN373_28921,3.06405631814631,non-essential
fucP,BN373_37991,3.55284355627127,non-essential
nnr,BN373_01751,3.35812272527695,non-essential
deoA,BN373_04631,3.32521679614719,non-essential
kefB,BN373_43731,4.25330982320144,non-essential
NA,BN373_36291,3.08340525784648,non-essential
pepT,BN373_17501,3.4924074423046,non-essential
mdh,BN373_42851,3.57356686641789,non-essential
ynjF,BN373_18351,3.22288954446205,non-essential
queD,BN373_37641,3.89379972204415,non-essential
cdd,BN373_31861,3.08432516060001,non-essential
tsaA,BN373_07001,3.73943778420352,non-essential
yggT,BN373_40391,3.41923071386573,non-essential
ybbA,BN373_09621,2.05338136966844,non-essential
ycgN,BN373_28981,2.83443505232593,non-essential
pyrI,BN373_02671,3.74091231375318,non-essential
yeiP,BN373_32091,4.50242116180706,non-essential
yciA,BN373_18661,2.47681453975348,non-essential
matP,BN373_15971,4.03778887009114,non-essential
yfgD,BN373_34761,3.39148925643894,non-essential
tusE,BN373_16191,1.35371542627064,non-essential
NA,BN373_23161,3.1120216117123,non-essential
yjgM,BN373_02791,3.61445183399016,non-essential
yciH,BN373_19041,3.01362376791684,non-essential
hemG,BN373_49691,-6.5,essential
modB,BN373_13341,3.40357142489447,non-essential
ackA,BN373_32971,3.24683050889993,non-essential
trpR,BN373_04731,2.78296299848135,non-essential
queE,BN373_37651,3.93887951588354,non-essential
yciS,BN373_19011,-6.5,essential
codA,BN373_43881,3.87830585248628,non-essential
ybjX,BN373_29401,4.3406231640003,non-essential
slyX,BN373_43701,3.76376323552596,non-essential
udp,BN373_49521,3.80503981978169,non-essential
ygaZ,BN373_36491,3.09931229362364,non-essential
cydA,BN373_13101,3.02128693405092,non-essential
cyaA,BN373_49301,2.71337699228706,non-essential
rnb,BN373_19081,3.11415984734474,non-essential
pflB,BN373_15471,3.62832660297101,non-essential
yffB,BN373_34631,4.05672297148848,non-essential
radA,BN373_04691,3.51610850098412,non-essential
metC,BN373_40801,3.42992706841775,non-essential
NA,BN373_48331,3.01803115510052,non-essential
yidE,BN373_47321,3.65031069008465,non-essential
sxy,BN373_16011,2.93469600115336,non-essential
ptsH,BN373_34211,3.67544613820971,non-essential
ybjS,BN373_15171,2.96102372419951,non-essential
bfd,BN373_43601,3.84430924590561,non-essential
ybaM,BN373_09361,1.87328541962915,non-essential
NA,BN373_03671,2.63600548807539,non-essential
yfgM,BN373_35001,3.28314364225159,non-essential
NA,BN373_04151,3.36380624403096,non-essential
NA,BN373_33051,3.06263313267046,non-essential
NA,BN373_23261,3.10200757833718,non-essential
cydC,BN373_15341,2.54479474557633,non-essential
aroH,BN373_27481,2.47273417979628,non-essential
elaA,BN373_32751,3.25619353479402,non-essential
secB,BN373_45951,-6.5,essential
rsmD,BN373_44661,3.3167415946824,non-essential
ccmE,BN373_26621,3.86916965864808,non-essential
rnk,BN373_12321,2.72527595722743,non-essential
ypeA,BN373_34361,2.82908328273927,non-essential
yajL,BN373_08661,3.28572998329182,non-essential
seqA,BN373_12811,3.90692530958913,non-essential
NA,BN373_31611,3.12412426499472,non-essential
lolB,BN373_28301,-6.5,essential
ubiJ,BN373_49551,2.39992197422801,non-essential
yceI,BN373_27841,4.31389770291564,non-essential
chbB,BN373_18531,4.87168677260163,non-essential
NA,BN373_02591,2.3360062284203,non-essential
bioD,BN373_13651,2.67445886673368,non-essential
yifE,BN373_48921,2.74888028753255,non-essential
zapB,BN373_46511,3.63655611347034,non-essential
yfcL,BN373_33251,4.02429465665086,non-essential
ygdD,BN373_38051,4.29064066681693,non-essential
rmf,BN373_15941,2.28845815360396,non-essential
yaiE,BN373_08231,3.29366613041076,non-essential
NA,BN373_03201,4.26603488974918,non-essential
csrA,BN373_36611,1.69438258271676,non-essential
yqcC,BN373_37791,3.69369195577155,non-essential
yhcB,BN373_42821,4.02260452209812,non-essential
NA,BN373_13added,3.9356164152558,non-essential
yciV,BN373_18841,2.36079458720164,non-essential
pdxY,BN373_25551,3.0206466299244,non-essential
rsuA,BN373_32221,3.49725606766766,non-essential
rppH,BN373_38691,3.03003886750768,non-essential
cysZ,BN373_34181,3.70826141992466,non-essential
znuA,BN373_29581,3.64310893100663,non-essential
ftsP,BN373_40871,3.26337751986914,non-essential
fabR,BN373_48851,3.28123415168866,non-essential
yfiH,BN373_35701,3.52766521682264,non-essential
NA,BN373_31971,-6.5,essential
NA,BN373_14added,4.6227390211867,non-essential
ftsL,BN373_05761,-6.5,essential
NA,BN373_28811,5.77212876314079,non-essential
NA,BN373_01331,4.79242242364242,non-essential
slt,BN373_04721,3.28077410797941,non-essential
ycjF,BN373_19291,2.96703919986895,non-essential
gpt,BN373_07341,1.32684008792626,non-essential
NA,BN373_23771,3.18353878063443,non-essential
kdgK,BN373_45131,3.12388456121367,non-essential
trmJ,BN373_35211,3.81557465308232,non-essential
NA,BN373_27101,4.00155780300418,non-essential
nagK,BN373_17301,2.6712621964418,non-essential
ynfH,BN373_21351,2.16665224662213,non-essential
yihY,BN373_48131,3.8667588416573,non-essential
artJ,BN373_15081,2.85859824806521,non-essential
NA,BN373_23831,5.76165788306862,non-essential
ilvY,BN373_49001,3.78927702754011,non-essential
menE,BN373_32691,3.32783139958327,non-essential
dusA,BN373_00431,3.39245669455138,non-essential
ygbK,BN373_21651,2.96787947884048,non-essential
xthA,BN373_18431,3.61086472425396,non-essential
nadR,BN373_04701,3.48413866741703,non-essential
ycbZ,BN373_15961,3.61257083953967,non-essential
ydeA,BN373_21971,3.49755760391546,non-essential
ygbJ,BN373_21671,2.56055507946556,non-essential
potD,BN373_17461,3.35927781040527,non-essential
pflA,BN373_15461,2.04052715738873,non-essential
yhjE,BN373_45101,3.42944205454273,non-essential
fucK,BN373_38011,3.20540813742494,non-essential
bcr,BN373_32211,3.3227812282803,non-essential
mukB,BN373_15671,-2.49736851068428,essential
nth,BN373_25521,4.03819108625506,non-essential
tyrP,BN373_29901,3.48465904896097,non-essential
sohB,BN373_18921,3.84702711456732,non-essential
yaaJ,BN373_04891,3.29808619744114,non-essential
queF,BN373_37821,3.67716130352141,non-essential
rsmE,BN373_40321,3.33707717909408,non-essential
hslO,BN373_44101,3.72953320954385,non-essential
ygbM,BN373_21611,2.86741200244717,non-essential
dacB,BN373_42421,3.49743116467938,non-essential
mukE,BN373_15661,-6.5,essential
modC,BN373_13351,2.63744640860138,non-essential
NA,BN373_23821,4.98766958152694,non-essential
dsbC,BN373_39881,3.58729340425407,non-essential
NA,BN373_35251,4.02069444147292,non-essential
gspF,BN373_06481,3.30372516432959,non-essential
glpA,BN373_32581,3.5308998011402,non-essential
ytfJ,BN373_02191,3.0653153278119,non-essential
yoaA,BN373_29081,3.04721569853855,non-essential
pgpB,BN373_19001,1.78544850027414,non-essential
recQ,BN373_49421,3.69741599313677,non-essential
rarD,BN373_49391,3.61288887589066,non-essential
yfbV,BN373_32961,2.77161167769311,non-essential
yeaD,BN373_18181,3.92962321768319,non-essential
yciU,BN373_27871,2.42603588409831,non-essential
yfcZ,BN373_33351,3.51105976083463,non-essential
NA,BN373_33721,3.99435730339894,non-essential
ftsB,BN373_37541,-6.5,essential
yoaB,BN373_29091,4.36024889484294,non-essential
aceF,BN373_06091,2.77042723516341,non-essential
secE,BN373_49741,-6.5,essential
recX,BN373_36631,2.72409276984241,non-essential
NA,BN373_28801,5.14369603742716,non-essential
NA,BN373_01321,4.04509835376517,non-essential
cpdB,BN373_02171,3.43268858148984,non-essential
NA,BN373_46831,2.82133097969209,non-essential
pitA,BN373_44941,3.37218675997753,non-essential
thiQ,BN373_05531,3.39642451131113,non-essential
tehB,BN373_25211,3.43125427572061,non-essential
atoE,BN373_32491,2.98576068697003,non-essential
mtgA,BN373_42671,2.81119918921964,non-essential
yohK,BN373_31851,3.19341276727385,non-essential
ybfF,BN373_12801,2.65402407684021,non-essential
yqfB,BN373_39951,3.43184880169079,non-essential
NA,BN373_27311,3.49815009857102,non-essential
cusC,BN373_03641,3.39078955511489,non-essential
yrdD,BN373_43201,3.93148631982977,non-essential
yggI,BN373_40301,3.55475626548683,non-essential
menH,BN373_32721,2.55091761835001,non-essential
holC,BN373_02811,1.16552726990445,non-essential
pldB,BN373_49461,3.72076618982504,non-essential
fucI,BN373_38001,2.54086435376864,non-essential
dmsD,BN373_21341,2.79859060731221,non-essential
gcvR,BN373_34721,3.73002234087051,non-essential
fucR,BN373_38031,3.50291680193889,non-essential
ygiM,BN373_41121,3.05097750277455,non-essential
NA,BN373_37201,2.87030704992955,non-essential
nlpC,BN373_27511,1.94312617979915,non-essential
trmN,BN373_35581,3.52833945025113,non-essential
NA,BN373_10081,3.46015234176168,non-essential
fliY,BN373_30011,3.23048722811092,non-essential
nemR,BN373_25691,3.24948191260111,non-essential
NA,BN373_12961,2.35382187760179,non-essential
NA,BN373_15211,3.09889861380492,non-essential
trkA,BN373_43261,4.20794459791899,non-essential
thiK,BN373_17171,3.80707360429317,non-essential
ubiI,BN373_40061,3.05897604933939,non-essential
NA,BN373_11271,3.04486543867212,non-essential
tomB,BN373_09301,5.34306365064946,non-essential
NA,BN373_23971,3.79729460902333,non-essential
yacC,BN373_06201,5.18426598820916,non-essential
NA,BN373_17701,2.46495198266516,non-essential
yjcE,BN373_00751,3.01222245225512,non-essential
NA,BN373_20441,3.23743861756346,non-essential
NA,BN373_10751,3.02875150888454,non-essential
rsd,BN373_49921,3.29656122117399,non-essential
rplY,BN373_32241,-6.5,essential
mdtI,BN373_21221,2.55442759006775,non-essential
NA,BN373_38421,2.06747874072333,non-essential
blc,BN373_01621,2.8473029197142,non-essential
NA,BN373_03591,3.75753335661841,non-essential
hpf,BN373_42631,3.95480489697084,non-essential
yjgA,BN373_02411,2.62973073413859,non-essential
NA,BN373_11981,3.11733282714136,non-essential
NA,BN373_27371,2.40244689829765,non-essential
rcdA,BN373_14441,2.6925086985023,non-essential
NA,BN373_30221,2.81846832071338,non-essential
NA,BN373_17811,4.02563867567904,non-essential
ybaY,BN373_09051,2.87215311961848,non-essential
gshA,BN373_36571,3.41974293552652,non-essential
yjcH,BN373_00861,2.91597351570732,non-essential
NA,BN373_14531,-6.5,essential
ybjP,BN373_15131,3.27343564344741,non-essential
yjbR,BN373_00511,4.00621368575248,non-essential
NA,BN373_03441,3.46762748145108,non-essential
rimL,BN373_25241,3.0279646745508,non-essential
yjgH,BN373_20171,2.74285717135017,non-essential
yneG,BN373_22131,3.01209280302257,non-essential
cptA,BN373_39911,3.52601631449416,non-essential
uspF,BN373_19971,4.47781880969734,non-essential
grxC,BN373_45961,3.17896534502233,non-essential
sugE,BN373_01611,3.5913892327875,non-essential
yqjE,BN373_41901,3.16234476237682,non-essential
mdtJ,BN373_21211,3.90155881441419,non-essential
yceB,BN373_16891,3.11642289196787,non-essential
yhdN,BN373_43301,2.70932004438499,non-essential
yfhG,BN373_35381,2.83559796407485,non-essential
yjeI,BN373_01461,3.27321680680743,non-essential
ytfH,BN373_02161,2.93514344147874,non-essential
yihI,BN373_48061,2.94620009180487,non-essential
NA,BN373_10861,3.88563219837994,non-essential
ygaC,BN373_36381,4.80188321665134,non-essential
yibL,BN373_45881,3.12291472822747,non-essential
lsrG,BN373_41641,2.88846665924922,non-essential
osmE,BN373_18521,3.19976199312866,non-essential
yeeX,BN373_30671,3.00926120959618,non-essential
ykgJ,BN373_18701,3.27145940659841,non-essential
ygjP,BN373_41761,2.99777670064446,non-essential
ahpF,BN373_12301,3.48361242853122,non-essential
NA,BN373_22401,3.18671357245602,non-essential
NA,BN373_26241,3.96677542391332,non-essential
NA,BN373_29841,3.25246077777998,non-essential
btuE,BN373_27531,3.15245052318441,non-essential
yjbQ,BN373_00501,3.04574992759048,non-essential
pqiC,BN373_15931,3.35526550958663,non-essential
yejH,BN373_32231,3.02558262922723,non-essential
NA,BN373_14901,2.50103543463822,non-essential
ligT,BN373_06371,3.12372661640329,non-essential
NA,BN373_29761,3.06458216029098,non-essential
yiiQ,BN373_46461,3.29728354828437,non-essential
yaeR,BN373_06921,3.14033840870792,non-essential
yqjF,BN373_41921,3.47576291957757,non-essential
fucU,BN373_38021,3.09400103924181,non-essential
NA,BN373_07571,3.25776667687781,non-essential
mdlA,BN373_09001,3.32187558512455,non-essential
yeaY,BN373_29061,3.52993803859006,non-essential
rraB,BN373_02771,3.49799719453712,non-essential
NA,BN373_13661,3.10551684746244,non-essential
NA,BN373_12051,2.97354011500845,non-essential
aaaE,BN373_33641,4.23083409302908,non-essential
mug,BN373_41301,3.44157272929092,non-essential
NA,BN373_36191,3.70433514556861,non-essential
crl,BN373_07361,3.77733082587871,non-essential
yibF,BN373_45831,3.41487963939759,non-essential
osmY,BN373_04571,3.8121377524257,non-essential
yjdM,BN373_01141,4.05463781549198,non-essential
yehU,BN373_31661,3.50504486945668,non-essential
chaB,BN373_28221,3.4881537252259,non-essential
lpoB,BN373_17161,3.62937677675865,non-essential
smrA,BN373_20931,3.80837132146671,non-essential
mscL,BN373_43271,5.41818536716273,non-essential
yciI,BN373_27831,5.03420228036003,non-essential
NA,BN373_24031,2.95598327810381,non-essential
yggX,BN373_40501,3.09522432777818,non-essential
apaG,BN373_05341,3.51160883758294,non-essential
ygbI,BN373_21691,2.69810884535259,non-essential
raiA,BN373_35731,2.52959151559062,non-essential
ybbJ,BN373_09551,2.46410251228352,non-essential
grcA,BN373_35601,2.76849245559911,non-essential
emtA,BN373_28881,2.40301424822134,non-essential
yebZ,BN373_29431,2.96309624363015,non-essential
cybB,BN373_25351,3.41293178180274,non-essential
mglA,BN373_31891,4.02879889050994,non-essential
gstB,BN373_14361,3.24463031961435,non-essential
tatB,BN373_49581,3.79526376039626,non-essential
ydcN,BN373_25161,3.5902024040402,non-essential
NA,BN373_14811,3.76651138924198,non-essential
NA,BN373_15added,3.61083004619327,non-essential
ibpB,BN373_47341,3.96445290995792,non-essential
yohJ,BN373_31841,4.36203995168457,non-essential
syd,BN373_37811,3.64578863317104,non-essential
NA,BN373_45281,3.4503499964726,non-essential
zapA,BN373_40101,3.51334667484721,non-essential
NA,BN373_37191,2.96205809759106,non-essential
sixA,BN373_33321,3.12587382704158,non-essential
cohE,BN373_33841,-6.5,essential
NA,BN373_16481,2.6076635189367,non-essential
NA,BN373_46801,3.86391684062888,non-essential
secM,BN373_05901,0.614198833869716,non-essential
NA,BN373_42881,3.0637086719223,non-essential
NA,BN373_22921,3.56677719730866,non-essential
ybjM,BN373_14941,4.01785529698068,non-essential
NA,BN373_38411,3.57086647023582,non-essential
NA,BN373_26861,2.61275642430948,non-essential
yheV,BN373_43721,4.08032504109047,non-essential
NA,BN373_23221,2.52136941765841,non-essential
yhcN,BN373_42871,3.78868673443718,non-essential
NA,BN373_09201,4.36771822624211,non-essential
dcp,BN373_21481,3.13956846111963,non-essential
yecF,BN373_29961,4.85823146287583,non-essential
NA,BN373_33621,3.90304982242661,non-essential
ybgC,BN373_13131,3.64583129799148,non-essential
wzxC,BN373_31081,3.80192363456074,non-essential
arnE,BN373_44771,3.87134671431868,non-essential
yaiA,BN373_08211,3.85393484951061,non-essential
ygbE,BN373_37551,4.50805400589776,non-essential
NA,BN373_36101,3.15930560841488,non-essential
NA,BN373_30731,1.06169548349819,non-essential
NA,BN373_16751,2.14592762362302,non-essential
mlaB,BN373_42511,4.07645074703674,non-essential
ybjO,BN373_15041,3.10547794230527,non-essential
eamB,BN373_07171,3.81613333529421,non-essential
NA,BN373_14721,3.48988500399851,non-essential
feoA,BN373_44171,4.6699863835341,non-essential
yidP,BN373_22651,3.09506067278083,non-essential
ypdA,BN373_34001,2.84942222285962,non-essential
NA,BN373_20961,2.43418400351422,non-essential
holE,BN373_29451,3.02074255616037,non-essential
mzrA,BN373_41871,2.85879930204611,non-essential
NA,BN373_33701,3.70091634063589,non-essential
NA,BN373_26421,2.81341158803336,non-essential
yedL,BN373_22091,3.62963090460471,non-essential
yhfG,BN373_43851,3.03990085669514,non-essential
NA,BN373_33731,4.15098035409403,non-essential
NA,BN373_27771,5.03563293034002,non-essential
ecnB,BN373_01601,3.26322192088089,non-essential
yfgG,BN373_34881,4.29489469984584,non-essential
NA,BN373_14871,3.77677247837207,non-essential
yebO,BN373_29251,4.10209834180246,non-essential
NA,BN373_22931,2.78753198193656,non-essential
NA,BN373_20461,3.56359546035314,non-essential
NA,BN373_04871,4.27930819051132,non-essential
yraR,BN373_42121,3.58594152253792,non-essential
NA,BN373_30911,4.26236647837665,non-essential
uxaC,BN373_41821,3.48066862516993,non-essential
yeaE,BN373_18171,3.66086317187371,non-essential
alkA,BN373_31231,2.98171868827397,non-essential
gpr,BN373_34051,2.61423869391804,non-essential
tas,BN373_38731,3.52359696540492,non-essential
mreD,BN373_42981,-6.5,essential
araG,BN373_29811,3.1134021655497,non-essential
fimI,BN373_39201,3.57166000011724,non-essential
NA,BN373_22731,3.0180883839274,non-essential
cnu,BN373_25441,4.70181470314463,non-essential
ybgE,BN373_13121,3.4826016691721,non-essential
bssS,BN373_16861,3.95831994408973,non-essential
yibN,BN373_45971,3.87412598985211,non-essential
atpI,BN373_47811,4.02561565170888,non-essential
NA,BN373_00221,3.230544110691,non-essential
ydgK,BN373_25451,4.2275141603156,non-essential
NA,BN373_14861,3.40437994870546,non-essential
yejG,BN373_32201,3.74833815078226,non-essential
cutA,BN373_01381,4.17079258500999,non-essential
yhhL,BN373_44671,3.81848941932052,non-essential
hha,BN373_09291,5.41119753379077,non-essential
NA,BN373_30861,4.78252849607214,non-essential
lsrK,BN373_41711,2.73103992787039,non-essential
rof,BN373_06941,3.83592441053009,non-essential
NA,BN373_14791,2.89689602196448,non-essential
NA,BN373_33811,3.39868087337083,non-essential
yajI,BN373_08531,3.41426046642533,non-essential
ppdD,BN373_05991,3.91121515607974,non-essential
csdE,BN373_38091,2.15965330738374,non-essential
ubiC,BN373_00341,3.77453876806722,non-essential
yobD,BN373_29191,4.3367596281235,non-essential
ves,BN373_19111,3.01723556360788,non-essential
NA,BN373_23721,3.07756939193885,non-essential
ybiI,BN373_13971,1.87125851821571,non-essential
aaeB,BN373_42901,3.98415492185814,non-essential
sfsB,BN373_42481,2.88733090334906,non-essential
yfiM,BN373_35671,4.00762074334047,non-essential
yjbJ,BN373_00401,2.18032701911755,non-essential
zipA,BN373_34171,-6.5,essential
NA,BN373_26571,1.93869272744417,non-essential
ycgL,BN373_29001,4.19692534946179,non-essential
NA,BN373_09981,3.08530812788187,non-essential
ychH,BN373_28351,4.21782462223715,non-essential
NA,BN373_22171,3.73597598551589,non-essential
NA,BN373_33661,3.16068864224505,non-essential
yeaC,BN373_18211,2.67647508499035,non-essential
yccX,BN373_16181,4.60059731386906,non-essential
NA,BN373_16441,3.87698677765536,non-essential
NA,BN373_27281,2.95807651607793,non-essential
yacG,BN373_05931,3.72394588248169,non-essential
bhsA,BN373_17241,3.36695870149062,non-essential
yccJ,BN373_16411,1.90883892643285,non-essential
NA,BN373_04311,2.21437412291005,non-essential
NA,BN373_27161,2.65477879533964,non-essential
mhpB,BN373_27061,1.51181087854021,non-essential
NA,BN373_24411,1.48722280189791,non-essential
opgG,BN373_16771,3.65486378369667,non-essential
NA,BN373_22581,2.67170584969269,non-essential
yedD,BN373_30031,3.9743968716349,non-essential
ydjA,BN373_18271,3.15945755882737,non-essential
ygaH,BN373_36501,2.85500526944559,non-essential
csiR,BN373_07371,2.98622762099079,non-essential
wzb,BN373_31141,4.06078744160249,non-essential
yjbD,BN373_00171,2.25567723832757,non-essential
yjaB,BN373_00001,2.57808124178824,non-essential
panM,BN373_44571,3.5506474656823,non-essential
moaD,BN373_13761,3.7087422384425,non-essential
NA,BN373_17741,-6.5,essential
uxaA,BN373_41811,3.33200706253217,non-essential
yjeT,BN373_01851,2.61169392990619,non-essential
ydeI,BN373_24121,3.8914853650865,non-essential
yebV,BN373_29371,3.65849317305373,non-essential
NA,BN373_20371,4.09484414797318,non-essential
NA,BN373_02531,3.39088011308261,non-essential
pspB,BN373_19251,2.54287170954967,non-essential
cybC,BN373_02431,3.5764866633337,non-essential
ytfK,BN373_02201,3.97025422620471,non-essential
argO,BN373_40161,2.99602983643732,non-essential
NA,BN373_45531,3.05752169587988,non-essential
NA,BN373_24561,3.0285616963834,non-essential
NA,BN373_09141,2.93871056988861,non-essential
NA,BN373_30371,1.1073562939114,non-essential
NA,BN373_26251,3.68403621715253,non-essential
NA,BN373_03551,3.27522880806649,non-essential
NA,BN373_09161,2.90598971112139,non-essential
NA,BN373_11031,2.85050588448455,non-essential
NA,BN373_19311,2.65740165099135,non-essential
NA,BN373_09821,3.13700489879141,non-essential
NA,BN373_10added,3.73700330701408,non-essential
NA,BN373_23851,3.3730742727847,non-essential
NA,BN373_47551,3.11154652069378,non-essential
NA,BN373_05591,4.40608449353113,non-essential
NA,BN373_23251,3.05089138686486,non-essential
NA,BN373_10961,2.54183271232051,non-essential
NA,BN373_12061,3.49051636630117,non-essential
NA,BN373_11121,2.96027256338605,non-essential
NA,BN373_16451,3.33266837229849,non-essential
NA,BN373_11151,3.31435250900702,non-essential
NA,BN373_27571,3.35728017838882,non-essential
NA,BN373_36121,2.85620743404118,non-essential
NA,BN373_37891,3.64765615862062,non-essential
NA,BN373_22421,3.20301396913494,non-essential
NA,BN373_10591,4.36203866480059,non-essential
NA,BN373_21791,3.2395414480169,non-essential
NA,BN373_23701,2.5078129879945,non-essential
NA,BN373_03851,3.32223056312475,non-essential
NA,BN373_27331,3.01582205140228,non-essential
NA,BN373_48401,3.9210841279112,non-essential
NA,BN373_33461,2.99055526032069,non-essential
NA,BN373_35821,3.29030061141937,non-essential
NA,BN373_00821,3.20249430028234,non-essential
NA,BN373_4added,4.02559632680881,non-essential
NA,BN373_11531,4.06576943546592,non-essential
NA,BN373_01501,4.62078612714346,non-essential
NA,BN373_28521,2.63681215513786,non-essential
NA,BN373_19121,2.81132480179146,non-essential
NA,BN373_46581,3.43171867636889,non-essential
NA,BN373_41451,3.43762490251366,non-essential
NA,BN373_09071,3.78999145300975,non-essential
NA,BN373_11141,3.19460591214004,non-essential
NA,BN373_17321,1.37423471481267,non-essential
NA,BN373_27591,2.32794771335069,non-essential
NA,BN373_26531,4.09812242431005,non-essential
NA,BN373_10461,3.87230611084895,non-essential
NA,BN373_22021,3.41325589478524,non-essential
NA,BN373_40691,3.38030250531671,non-essential
NA,BN373_10801,3.99398421813328,non-essential
NA,BN373_20521,2.36498247410563,non-essential
NA,BN373_10441,3.80287193676616,non-essential
NA,BN373_22741,2.81012021202551,non-essential
NA,BN373_33451,3.20968863092359,non-essential
NA,BN373_21821,3.08587012252157,non-essential
NA,BN373_11501,2.76122223775601,non-essential
NA,BN373_36221,3.935744334697,non-essential
NA,BN373_21491,3.44203501639096,non-essential
NA,BN373_22821,3.53211664515783,non-essential
NA,BN373_08711,2.92584282368672,non-essential
NA,BN373_20761,3.1352060946774,non-essential
NA,BN373_28501,-6.5,essential
NA,BN373_00561,2.96624120196098,non-essential
NA,BN373_04481,3.30724891234228,non-essential
NA,BN373_30621,3.5541210569592,non-essential
NA,BN373_24861,3.69069082403742,non-essential
NA,BN373_41321,4.20039927400124,non-essential
NA,BN373_34271,3.06439005390473,non-essential
NA,BN373_37161,4.18455107998402,non-essential
NA,BN373_46771,2.32918256364512,non-essential
NA,BN373_31491,3.06275094891828,non-essential
NA,BN373_03561,3.6602719424617,non-essential
NA,BN373_25951,4.20808386559937,non-essential
NA,BN373_39041,3.87173201344055,non-essential
NA,BN373_06181,3.63506100243323,non-essential
NA,BN373_19931,3.35451700188934,non-essential
NA,BN373_00251,3.83157614787458,non-essential
NA,BN373_17681,3.49665371940497,non-essential
NA,BN373_02571,3.35082472834084,non-essential
NA,BN373_49051,4.16407858669834,non-essential
NA,BN373_28571,3.65600206142776,non-essential
NA,BN373_41461,3.19489143303019,non-essential
NA,BN373_26021,2.17912612986438,non-essential
NA,BN373_32281,2.72674912631567,non-essential
NA,BN373_27151,2.99647518485488,non-essential
NA,BN373_36161,3.58049375025246,non-essential
NA,BN373_28821,2.83739414536926,non-essential
NA,BN373_26381,4.76707314791456,non-essential
NA,BN373_46591,3.21566632962339,non-essential
NA,BN373_00621,2.25582907620984,non-essential
NA,BN373_19721,1.98316774352243,non-essential
NA,BN373_22661,2.46715635865175,non-essential
NA,BN373_01731,3.14992164901575,non-essential
NA,BN373_23601,2.79153676775673,non-essential
NA,BN373_19901,4.88166369697491,non-essential
NA,BN373_14131,2.67292884247658,non-essential
NA,BN373_39961,4.61441414710247,non-essential
NA,BN373_19451,3.1871017786084,non-essential
NA,BN373_01301,3.01471706530195,non-essential
NA,BN373_24151,3.16062686027262,non-essential
NA,BN373_39051,4.65432461457007,non-essential
NA,BN373_10921,1.83704259313492,non-essential
NA,BN373_23811,3.24060032414103,non-essential
NA,BN373_17851,2.711888934586,non-essential
NA,BN373_11451,4.40163840605299,non-essential
NA,BN373_45271,3.3418666756009,non-essential
NA,BN373_00681,3.41089028752896,non-essential
NA,BN373_34891,2.09338386232462,non-essential
NA,BN373_21711,2.9915382102902,non-essential
NA,BN373_24421,3.59161176849756,non-essential
NA,BN373_28831,3.00259524148783,non-essential
NA,BN373_12081,3.25547254939003,non-essential
NA,BN373_03801,3.3152836272718,non-essential
NA,BN373_46011,3.72078245621163,non-essential
NA,BN373_23421,2.79523541368923,non-essential
NA,BN373_00641,3.76308168907631,non-essential
NA,BN373_07721,3.15774422573837,non-essential
NA,BN373_04031,3.25377794392536,non-essential
NA,BN373_04091,3.3072073050173,non-essential
NA,BN373_26481,3.72497294862286,non-essential
NA,BN373_36031,1.98061352264459,non-essential
NA,BN373_21891,3.54776640224295,non-essential
NA,BN373_23131,2.99219025506897,non-essential
NA,BN373_11671,3.50197447826172,non-essential
NA,BN373_19301,2.7655404534019,non-essential
NA,BN373_28041,2.77875251753033,non-essential
NA,BN373_07921,3.01989662470967,non-essential
NA,BN373_11421,2.32750310359298,non-essential
NA,BN373_26971,3.52873083033261,non-essential
NA,BN373_05641,3.76696031121516,non-essential
NA,BN373_22451,3.26643571596291,non-essential
NA,BN373_23041,4.1239560531586,non-essential
NA,BN373_36041,3.37163483102112,non-essential
NA,BN373_33751,5.39182012106127,non-essential
NA,BN373_10911,2.96081137391644,non-essential
NA,BN373_23551,3.77387693027451,non-essential
NA,BN373_24501,3.55489917308681,non-essential
NA,BN373_5added,4.64457341714828,non-essential
NA,BN373_24961,2.64295962874737,non-essential
NA,BN373_36181,3.50555860450457,non-essential
NA,BN373_24571,3.80729676901827,non-essential
NA,BN373_26501,3.3867212373332,non-essential
NA,BN373_45481,3.12357354790215,non-essential
NA,BN373_03541,3.68329201589994,non-essential
NA,BN373_37951,2.96592650977711,non-essential
NA,BN373_26001,3.2868061804126,non-essential
NA,BN373_22321,2.60533579396681,non-essential
NA,BN373_00671,3.06626240084113,non-essential
NA,BN373_28771,3.36066534111588,non-essential
NA,BN373_06521,3.26168636244561,non-essential
NA,BN373_22331,3.12590385529617,non-essential
NA,BN373_19571,2.31476665850946,non-essential
NA,BN373_27541,3.74358647019785,non-essential
NA,BN373_10881,3.74913393271064,non-essential
NA,BN373_39431,2.98976240994863,non-essential
NA,BN373_20991,2.74565183322622,non-essential
NA,BN373_36141,2.63557301426837,non-essential
NA,BN373_30951,4.40842921200591,non-essential
NA,BN373_06401,3.15451961188624,non-essential
NA,BN373_28381,2.37653943087422,non-essential
NA,BN373_10361,-6.5,essential
NA,BN373_11971,3.49234366219953,non-essential
NA,BN373_21261,3.37112420786644,non-essential
NA,BN373_46091,4.95867891899006,non-essential
NA,BN373_33611,3.35250588211696,non-essential
NA,BN373_37081,3.33438889000879,non-essential
NA,BN373_16371,-6.5,essential
NA,BN373_18911,1.02934862322259,non-essential
NA,BN373_48261,1.79567635980935,non-essential
NA,BN373_36211,3.56122825026267,non-essential
NA,BN373_17641,3.5153171510149,non-essential
NA,BN373_21231,3.29564155502244,non-essential
NA,BN373_38571,2.70056543617162,non-essential
NA,BN373_39401,4.78165873418475,non-essential
NA,BN373_28471,2.29554755847758,non-essential
NA,BN373_25971,3.5179526663156,non-essential
NA,BN373_22231,3.38353465147965,non-essential
NA,BN373_03461,3.84975206541899,non-essential
NA,BN373_03741,2.10939683664132,non-essential
NA,BN373_25081,5.24947490093025,non-essential
NA,BN373_27411,2.47902486541442,non-essential
NA,BN373_21801,3.97166371329114,non-essential
NA,BN373_21011,3.51673907990337,non-essential
NA,BN373_49031,3.56516281578712,non-essential
NA,BN373_43991,2.52330904034997,non-essential
NA,BN373_38761,3.23646366300986,non-essential
NA,BN373_01841,3.72860978805711,non-essential
NA,BN373_08401,3.30052043081513,non-essential
NA,BN373_19621,3.8963766018903,non-essential
NA,BN373_09081,5.50599588808389,non-essential
NA,BN373_30551,4.83446288462569,non-essential
NA,BN373_13981,3.64457429800008,non-essential
NA,BN373_22351,3.37836219157424,non-essential
NA,BN373_16001,3.11541975436665,non-essential
NA,BN373_26991,3.35537688997187,non-essential
NA,BN373_21731,3.34885563860308,non-essential
NA,BN373_44201,3.10620101673168,non-essential
NA,BN373_38801,3.08647540811137,non-essential
NA,BN373_24441,4.75476566944641,non-essential
NA,BN373_48291,3.33816128218369,non-essential
NA,BN373_10221,3.88169884760472,non-essential
NA,BN373_23541,4.24631815370337,non-essential
NA,BN373_27301,2.96761440815253,non-essential
NA,BN373_03911,3.40821591468003,non-essential
NA,BN373_33711,3.1526438717311,non-essential
NA,BN373_26631,3.27594191347017,non-essential
NA,BN373_05251,1.33360874562492,non-essential
NA,BN373_6added,2.60108037450796,non-essential
NA,BN373_18941,3.35044308212281,non-essential
NA,BN373_47191,3.57604730787134,non-essential
NA,BN373_22251,1.3508004970079,non-essential
NA,BN373_09851,4.39307945614107,non-essential
NA,BN373_19981,3.97609161127022,non-essential
NA,BN373_30491,3.01681516804375,non-essential
NA,BN373_45121,3.31207742220839,non-essential
NA,BN373_17421,2.94338911016252,non-essential
NA,BN373_07511,3.74920668782155,non-essential
NA,BN373_16231,3.87314236325863,non-essential
NA,BN373_46621,3.77417897146558,non-essential
NA,BN373_33441,3.23819575834787,non-essential
NA,BN373_24991,5.07357078933666,non-essential
NA,BN373_22601,5.03036518186985,non-essential
NA,BN373_21281,2.03351156800688,non-essential
NA,BN373_03371,3.77150310542728,non-essential
NA,BN373_17921,3.82805946185411,non-essential
NA,BN373_18111,2.1065476495489,non-essential
NA,BN373_09261,2.79486530903152,non-essential
NA,BN373_13091,5.16299142428742,non-essential
NA,BN373_29411,4.37790582304412,non-essential
NA,BN373_22461,2.17838014255533,non-essential
NA,BN373_09951,3.22366750622129,non-essential
NA,BN373_48421,3.44459358266626,non-essential
NA,BN373_32321,3.34439910889823,non-essential
NA,BN373_47111,3.62729593586302,non-essential
phnM,BN373_01051,3.07175017040391,non-essential
NA,BN373_10161,3.99889087734706,non-essential
rplW,BN373_43541,-6.5,essential
NA,BN373_37181,3.18703831733894,non-essential
ydhJ,BN373_25641,3.01721731351561,non-essential
hypF,BN373_36811,3.21480327771064,non-essential
NA,BN373_04321,3.5606388429745,non-essential
yncE,BN373_24841,3.57903134511193,non-essential
ebgR,BN373_41571,3.10531780027034,non-essential
dcuA,BN373_01391,3.39895975930648,non-essential
nuoJ,BN373_32811,3.08249056177935,non-essential
feaR,BN373_20081,3.41624065914413,non-essential
yggS,BN373_40381,3.16372138775561,non-essential
nrdR,BN373_08541,1.50612345729612,non-essential
NA,BN373_07531,3.47448395743957,non-essential
accC,BN373_43061,-6.5,essential
entS,BN373_11871,3.38870180659541,non-essential
accA,BN373_06901,-6.5,essential
glpB,BN373_32591,3.27861499654973,non-essential
exbB,BN373_40791,2.95267085461801,non-essential
NA,BN373_36681,3.14552566345098,non-essential
emrD,BN373_47221,3.57941915452317,non-essential
ffh,BN373_35871,-2.08589845064653,essential
flk,BN373_33211,2.75619297254687,non-essential
fnr,BN373_20861,3.53498127630066,non-essential
yecM,BN373_29731,3.33933249664257,non-essential
NA,BN373_04231,1.89941637638406,non-essential
frvA,BN373_23191,2.2879015560864,non-essential
NA,BN373_48411,3.49935667204266,non-essential
priC,BN373_09371,2.73667804789685,non-essential
soxR,BN373_00721,2.56575987305224,non-essential
leuA,BN373_05681,3.41857385625631,non-essential
nikC,BN373_44871,2.94045702581305,non-essential
mfd,BN373_17261,3.46250737983409,non-essential
pgpC,BN373_35431,3.21324525218549,non-essential
cusB,BN373_03621,3.22666228721185,non-essential
ygbL,BN373_21631,3.29546170865865,non-essential
ybiU,BN373_14211,2.90948886695441,non-essential
NA,BN373_21091,3.01344200421134,non-essential
NA,BN373_38261,3.29938361309142,non-essential
rpoA,BN373_43321,-2.29425659600223,essential
NA,BN373_17981,2.69483817057589,non-essential
ydcL,BN373_25201,2.68182477853884,non-essential
yjeM,BN373_01681,3.45194217491746,non-essential
iclR,BN373_00051,3.38693824752125,non-essential
yfiF,BN373_35621,3.48157879117463,non-essential
mrcB,BN373_06551,3.59073818058292,non-essential
NA,BN373_49071,2.9590982860856,non-essential
wcaN,BN373_31181,2.15151594037397,non-essential
NA,BN373_40001,2.63669702951629,non-essential
NA,BN373_31481,2.68530767664145,non-essential
truA,BN373_33181,3.02982150385935,non-essential
NA,BN373_16221,3.70959170593875,non-essential
norV,BN373_36781,3.29945203723181,non-essential
NA,BN373_11441,3.03239736083471,non-essential
NA,BN373_14171,3.54884752760999,non-essential
yfiE,BN373_07161,3.73918387997519,non-essential
NA,BN373_46571,3.70308894847769,non-essential
NA,BN373_14201,3.04130635761518,non-essential
yicL,BN373_46871,2.8930999421797,non-essential
NA,BN373_21191,3.63919181199331,non-essential
evgA,BN373_41331,4.18846827978826,non-essential
phnP,BN373_01031,3.55830497500912,non-essential
mdtN,BN373_39301,3.18904507728692,non-essential
NA,BN373_17331,2.89324110267598,non-essential
NA,BN373_41421,3.266482413116,non-essential
rihC,BN373_05061,3.16640946043665,non-essential
tag,BN373_45431,2.36943747455374,non-essential
yeaX,BN373_16241,2.98170980992869,non-essential
NA,BN373_04291,2.96673805459151,non-essential
yhjD,BN373_45091,2.87644373362285,non-essential
NA,BN373_26961,2.89685724664987,non-essential
trpD,BN373_18821,3.40401835306311,non-essential
rodZ,BN373_35031,2.74754946627861,non-essential
NA,BN373_17971,2.62417893632721,non-essential
NA,BN373_33471,3.11714931921755,non-essential
NA,BN373_11431,2.85060841393572,non-essential
NA,BN373_48181,4.10498551505531,non-essential
NA,BN373_20431,3.37642581927461,non-essential
recA,BN373_36641,3.039869071238,non-essential
NA,BN373_27401,4.19044418048932,non-essential
ybgS,BN373_13231,3.27829967390812,non-essential
NA,BN373_47291,3.05019496478664,non-essential
betB,BN373_11621,2.71100427254423,non-essential
yfeX,BN373_34331,3.1291073466502,non-essential
NA,BN373_09991,4.1367074864009,non-essential
NA,BN373_10951,2.94586421364432,non-essential
NA,BN373_22151,3.39642254780318,non-essential
NA,BN373_27381,3.39543009912952,non-essential
hofQ,BN373_44001,3.91323666181373,non-essential
NA,BN373_10901,4.570823963304,non-essential
NA,BN373_49831,3.70204867446342,non-essential
mnmE,BN373_47541,3.10226516432326,non-essential
NA,BN373_22511,3.13228830887848,non-essential
ybiH,BN373_13871,2.57196143618422,non-essential
puuR,BN373_16321,4.74127843865013,non-essential
rspR,BN373_21461,3.06586258964984,non-essential
yrdA,BN373_43161,3.82852808815616,non-essential
yieK,BN373_47621,2.67301242357108,non-essential
glsB,BN373_22121,2.77614074610462,non-essential
cyaY,BN373_49311,3.65890381022861,non-essential
NA,BN373_14191,2.8679697699904,non-essential
eutB,BN373_34431,3.122984802811,non-essential
mlc,BN373_21311,2.98085769364435,non-essential
mtr,BN373_42211,3.9188888005079,non-essential
NA,BN373_24301,3.098938531734,non-essential
NA,BN373_26791,3.35063887170951,non-essential
rihA,BN373_24881,3.02763125185721,non-essential
NA,BN373_46701,3.55548950369981,non-essential
rutC,BN373_16511,3.13188109666163,non-essential
pepP,BN373_40081,3.0178268766962,non-essential
potB,BN373_17481,2.86707075313297,non-essential
NA,BN373_21531,4.07751009347945,non-essential
bacA,BN373_41141,3.42718068921663,non-essential
hypD,BN373_36991,3.26831801316702,non-essential
dsdA,BN373_47251,3.06029711076138,non-essential
NA,BN373_00121,4.47357892085061,non-essential
ccmH,BN373_26591,3.26030010563472,non-essential
NA,BN373_46681,2.86310185146655,non-essential
srlR,BN373_36751,3.62155954089307,non-essential
yfiN,BN373_35791,3.56923187655676,non-essential
rhmR,BN373_32641,3.46656338709899,non-essential
NA,BN373_04131,2.69892613353595,non-essential
yeaN,BN373_17991,3.24589116150264,non-essential
NA,BN373_33561,3.62855403374534,non-essential
aceA,BN373_00031,2.90672881821779,non-essential
yebS,BN373_29341,3.6050772477807,non-essential
NA,BN373_07651,3.63890499556301,non-essential
yggN,BN373_40461,3.84782802671927,non-essential
dfp,BN373_46221,-2.77857867999138,essential
NA,BN373_30601,2.82324692342994,non-essential
dinG,BN373_13941,2.17538299554491,non-essential
NA,BN373_40851,3.7063303250035,non-essential
ydhP,BN373_25771,2.98369494820609,non-essential
NA,BN373_46351,3.34134992820576,non-essential
cynT,BN373_25981,2.06009828222407,non-essential
NA,BN373_02581,2.50676576451822,non-essential
yecE,BN373_29681,3.95375087118744,non-essential
nac,BN373_30201,2.44694497874152,non-essential
NA,BN373_11371,2.5497634608746,non-essential
yfaD,BN373_03961,3.47131811609802,non-essential
NA,BN373_24001,3.56114020546972,non-essential
rfaH,BN373_49611,3.44568492375689,non-essential
NA,BN373_25941,4.9761403634559,non-essential
NA,BN373_48241,3.94030238829457,non-essential
rimJ,BN373_16911,3.68536609632661,non-essential
otsB,BN373_29791,2.8484074499229,non-essential
yheS,BN373_43751,4.27993379213268,non-essential
yibQ,BN373_46001,3.46672816884117,non-essential
hemX,BN373_49271,3.0085860701552,non-essential
wzzE,BN373_49131,3.71120025752962,non-essential
mdfA,BN373_14411,2.85849423985163,non-essential
ytfT,BN373_02351,2.4105625094662,non-essential
NA,BN373_04431,3.03690489558004,non-essential
kdpC,BN373_12861,3.62146205221837,non-essential
sbcC,BN373_08261,3.07568652342751,non-essential
yciC,BN373_18691,3.78408350140171,non-essential
NA,BN373_37111,3.46043843828715,non-essential
ybaP,BN373_09521,2.76796231566591,non-essential
NA,BN373_23991,3.5824704689616,non-essential
yeiQ,BN373_32111,2.76456550894717,non-essential
gspE,BN373_06491,3.22430742947633,non-essential
mlaF,BN373_42551,3.4910357033339,non-essential
NA,BN373_18231,3.4248102417185,non-essential
NA,BN373_19221,3.37563764323448,non-essential
NA,BN373_05261,0.600894900363775,non-essential
NA,BN373_41981,3.99818433764851,non-essential
NA,BN373_09211,3.28273463099402,non-essential
NA,BN373_23661,4.42456457014293,non-essential
fic,BN373_43841,4.07079011519686,non-essential
hemH,BN373_09451,-1.58804270849199,essential
pphA,BN373_29391,3.52882604243452,non-essential
exoX,BN373_29461,3.51187024382548,non-essential
NA,BN373_26561,5.26527456845707,non-essential
NA,BN373_47021,2.96665342321502,non-essential
ogrK,BN373_14921,3.81174349128223,non-essential
paaZ,BN373_20231,3.31303161493766,non-essential
degS,BN373_42841,3.34721175973874,non-essential
ispG,BN373_35021,-1.81655760611019,essential
rsmC,BN373_04521,3.18311418971311,non-essential
fdhE,BN373_48191,4.24716663295351,non-essential
yqiA,BN373_40971,3.80954833988773,non-essential
thrS,BN373_27661,-6.5,essential
NA,BN373_10741,3.28996439711087,non-essential
ptrB,BN373_29471,3.40374808434493,non-essential
NA,BN373_46781,3.53337199759149,non-essential
NA,BN373_39111,4.60781502626885,non-essential
NA,BN373_03051,3.09972841015428,non-essential
NA,BN373_22751,2.58399423273006,non-essential
yqeF,BN373_38991,2.95274723522156,non-essential
ycaO,BN373_15491,3.19273738401741,non-essential
potA,BN373_17491,2.97678526706718,non-essential
rlmJ,BN373_45011,3.36772563817436,non-essential
atpA,BN373_47761,3.12517219683426,non-essential
yqfA,BN373_39941,3.6211939057046,non-essential
ygiF,BN373_41111,2.89614430427073,non-essential
fbp,BN373_02371,3.6209930839976,non-essential
yqhC,BN373_40821,2.76086831580858,non-essential
srlM,BN373_36741,1.29113987923464,non-essential
mtlR,BN373_45861,3.87877056764207,non-essential
yrfG,BN373_44081,3.89357188010173,non-essential
menF,BN373_32741,2.65547255564551,non-essential
yedV,BN373_03661,3.32146188655079,non-essential
apt,BN373_09391,3.67881714377034,non-essential
clpS,BN373_15301,3.37976223910702,non-essential
yhbQ,BN373_42151,3.07262985514778,non-essential
NA,BN373_10701,2.90633509087148,non-essential
glpF,BN373_46521,3.15146709568284,non-essential
NA,BN373_12011,3.3129885187514,non-essential
ymfA,BN373_17451,3.76120643943748,non-essential
araB,BN373_05501,3.42923849892863,non-essential
NA,BN373_33631,3.7679070625234,non-essential
NA,BN373_23461,3.91276855055381,non-essential
NA,BN373_37371,3.90601203024853,non-essential
infA,BN373_15321,0.747578630531826,non-essential
def,BN373_43231,3.30829037080918,non-essential
NA,BN373_30971,4.69686590136602,non-essential
mltC,BN373_40511,3.73484136213133,non-essential
NA,BN373_13541,2.94635725034646,non-essential
NA,BN373_00111,3.67919575167261,non-essential
NA,BN373_47081,3.12273354592807,non-essential
lldD,BN373_45911,3.45999420940094,non-essential
yqgB,BN373_40261,4.03688582955724,non-essential
NA,BN373_27001,3.62899704066885,non-essential
fruK,BN373_32031,3.01866273669282,non-essential
rph,BN373_46271,3.34487273413859,non-essential
yicJ,BN373_46611,3.45463593903043,non-essential
NA,BN373_05181,3.78419160542651,non-essential
NA,BN373_10671,2.91537080100009,non-essential
NA,BN373_08501,2.6071542100772,non-essential
NA,BN373_33921,4.12667996526984,non-essential
hspQ,BN373_16071,3.5579867164831,non-essential
fsr,BN373_09491,2.97337393673747,non-essential
NA,BN373_35101,3.21395870239328,non-essential
yjcC,BN373_00701,3.54243279041607,non-essential
mhpE,BN373_27021,2.98944672951865,non-essential
ybhL,BN373_13781,3.35339241533419,non-essential
aldB,BN373_36271,3.5353972197079,non-essential
mutT,BN373_05921,2.56139210804516,non-essential
cysI,BN373_37621,3.68776970849835,non-essential
NA,BN373_27901,4.01483394154747,non-essential
ybeF,BN373_12411,3.03677000070833,non-essential
ydcF,BN373_20561,2.18533835307002,non-essential
NA,BN373_38821,3.31716527959122,non-essential
NA,BN373_27581,3.31669444452307,non-essential
yeiW,BN373_32081,4.46561985507825,non-essential
ydiE,BN373_27491,2.23062585027176,non-essential
ssuB,BN373_15811,2.97306128885246,non-essential
yncD,BN373_24851,3.51875539193522,non-essential
yfbT,BN373_32941,3.46914101426117,non-essential
ygaU,BN373_23001,4.07832190807782,non-essential
NA,BN373_07641,3.72140180807807,non-essential
yjfP,BN373_01931,3.4305690518413,non-essential
dapD,BN373_06701,-6.5,essential
fdoG,BN373_48221,3.48254355741585,non-essential
atoB,BN373_32501,3.24739039431948,non-essential
NA,BN373_22001,3.65973140791073,non-essential
NA,BN373_22671,3.15225379440325,non-essential
bdcA,BN373_19701,2.57968931584705,non-essential
higB,BN373_10981,3.35860442672416,non-essential
rcnR,BN373_09121,1.84009188780029,non-essential
eda,BN373_29511,2.54115657886265,non-essential
dctA,BN373_45151,3.53678077723637,non-essential
dcuS,BN373_21071,3.62670343110859,non-essential
NA,BN373_21131,3.03369220704512,non-essential
ygaP,BN373_36321,3.4960007729418,non-essential
NA,BN373_00151,3.60059882373591,non-essential
NA,BN373_30931,5.4157963276536,non-essential
purM,BN373_34831,3.28013099204026,non-essential
NA,BN373_36131,2.69809458286942,non-essential
menB,BN373_32711,3.37796411883047,non-essential
NA,BN373_40711,3.03945925928469,non-essential
rpmC,BN373_43481,-6.5,essential
NA,BN373_45261,3.29411788583699,non-essential
NA,BN373_07851,3.48956734563363,non-essential
NA,BN373_41171,2.54973194520144,non-essential
NA,BN373_10711,3.0329572953059,non-essential
NA,BN373_37051,2.45213130294628,non-essential
NA,BN373_37171,4.54041079047255,non-essential
yiiD,BN373_48151,4.13923029259422,non-essential
metR,BN373_49491,3.92738754531307,non-essential
yajG,BN373_08851,2.97855912265584,non-essential
dppF,BN373_45331,3.50928247163177,non-essential
hldD,BN373_46041,-0.817012888290936,essential
glpQ,BN373_32561,3.65035858323192,non-essential
marR,BN373_21941,4.18151814403772,non-essential
yhaK,BN373_41961,2.82751521028585,non-essential
yojI,BN373_32371,3.59415963574643,non-essential
dgoA,BN373_47401,3.27021269157996,non-essential
NA,BN373_10391,3.51410176556196,non-essential
nfsA,BN373_14971,2.40036203084016,non-essential
NA,BN373_35231,3.71630775143465,non-essential
blr,BN373_25421,4.63476954260246,non-essential
folX,BN373_33031,4.29943305921342,non-essential
yadI,BN373_06271,3.39570163597664,non-essential
yoaH,BN373_29101,2.66213814288236,non-essential
pncA,BN373_18241,3.57195228436175,non-essential
NA,BN373_40671,2.79838505645086,non-essential
ybdF,BN373_11251,3.61403013855779,non-essential
NA,BN373_14491,3.86660622039162,non-essential
polB,BN373_05471,3.35850293745611,non-essential
NA,BN373_22341,2.91862565518297,non-essential
hcr,BN373_15221,3.33859955706747,non-essential
pal,BN373_13181,2.45332139939785,non-essential
thiG,BN373_49871,3.4345804610744,non-essential
rluE,BN373_17601,2.7823275620079,non-essential
atpB,BN373_47801,3.57119859161848,non-essential
folD,BN373_09731,0.542468907824522,non-essential
mngR,BN373_47311,3.01952492298855,non-essential
ruvA,BN373_29621,2.25860862874073,non-essential
yceF,BN373_16991,3.51079943084259,non-essential
NA,BN373_21451,3.73314290034282,non-essential
NA,BN373_30161,3.40324197826841,non-essential
NA,BN373_39381,3.31214920061476,non-essential
NA,BN373_21521,2.02471650085379,non-essential
NA,BN373_41411,2.6449461837513,non-essential
NA,BN373_32251,3.1949272710177,non-essential
ldtE,BN373_27201,3.25330187620229,non-essential
ycgX,BN373_20601,2.35551174669865,non-essential
NA,BN373_26221,3.23587074420196,non-essential
NA,BN373_07271,3.69800815452977,non-essential
NA,BN373_26981,3.48092045191741,non-essential
NA,BN373_11541,3.19070937028609,non-essential
ybhC,BN373_13531,3.62178260462951,non-essential
NA,BN373_33941,3.15684445290875,non-essential
cpdA,BN373_40981,3.52470125612624,non-essential
yjjB,BN373_04411,2.79877361317814,non-essential
NA,BN373_11201,3.05259461676049,non-essential
arnD,BN373_44791,3.16843474314625,non-essential
mdtO,BN373_39311,3.49189694899246,non-essential
yhhT,BN373_44751,3.47335933481704,non-essential
NA,BN373_38211,3.1731378856987,non-essential
NA,BN373_02961,3.38266134777594,non-essential
topB,BN373_18311,3.24142737071365,non-essential
NA,BN373_22641,3.28608837759388,non-essential
NA,BN373_03041,2.91230543615465,non-essential
NA,BN373_33951,3.6039968365477,non-essential
NA,BN373_20151,3.86660566351134,non-essential
NA,BN373_06541,5.01033463368413,non-essential
mutH,BN373_38701,3.35776255934539,non-essential
NA,BN373_01561,2.33073799953267,non-essential
NA,BN373_10541,4.26291607882326,non-essential
leuO,BN373_05701,4.54015488666889,non-essential
NA,BN373_18741,3.41725117613048,non-essential
fkpB,BN373_05041,3.64345508981204,non-essential
yadG,BN373_06251,3.40237176770287,non-essential
NA,BN373_13551,3.0077020270296,non-essential
NA,BN373_45801,3.23293531568538,non-essential
yedE,BN373_20621,3.00066888870527,non-essential
clpB,BN373_35691,3.98298197616522,non-essential
NA,BN373_24901,3.35251123740095,non-essential
hemC,BN373_49291,-6.5,essential
folE,BN373_31931,-6.5,essential
ygjR,BN373_41771,3.36542300022853,non-essential
mepS,BN373_32141,3.23854997460509,non-essential
rplM,BN373_42801,-6.5,essential
NA,BN373_09841,3.03583069947728,non-essential
msrC,BN373_29331,3.19579135012932,non-essential
yceM,BN373_16931,2.52291178849968,non-essential
NA,BN373_19461,2.93259280569807,non-essential
NA,BN373_17371,3.81238152460676,non-essential
ygaV,BN373_36311,3.62500676259001,non-essential
ppdC,BN373_38621,3.90951704486612,non-essential
murD,BN373_05811,-2.37091256242638,essential
NA,BN373_30421,3.77862773514303,non-essential
pykA,BN373_29551,2.994746689041,non-essential
recD,BN373_38581,3.26559197596598,non-essential
gdhA,BN373_18331,3.06133793299977,non-essential
nfo,BN373_32011,2.73773142735288,non-essential
kdpE,BN373_12841,2.46242585538785,non-essential
pspA,BN373_19241,3.29165195356757,non-essential
NA,BN373_34261,3.10240935015103,non-essential
yggR,BN373_40371,3.03441348675889,non-essential
NA,BN373_38471,3.35171498659667,non-essential
NA,BN373_12971,2.82218521673814,non-essential
glk,BN373_34021,3.09352724520613,non-essential
NA,BN373_03471,3.44930184390071,non-essential
NA,BN373_24751,3.42306492840852,non-essential
tpx,BN373_19341,3.36534619547264,non-essential
slyA,BN373_25621,3.00660963277159,non-essential
rpsD,BN373_43331,-0.621608555995183,essential
ydeP,BN373_24041,3.18733416648289,non-essential
NA,BN373_19501,2.92046505529273,non-essential
NA,BN373_19601,3.15496815875871,non-essential
NA,BN373_17721,3.29147917352409,non-essential
NA,BN373_14891,2.94231040852315,non-essential
yjjX,BN373_04741,3.06366648319122,non-essential
yajR,BN373_08691,3.34873845425569,non-essential
NA,BN373_38861,4.13824939125166,non-essential
phnN,BN373_01041,2.40339740349839,non-essential
nei,BN373_12991,3.29457938089745,non-essential
NA,BN373_16671,2.75684068202704,non-essential
NA,BN373_26941,3.35932464317169,non-essential
pyrC,BN373_16881,3.39939455585252,non-essential
oppF,BN373_27891,3.46500311818305,non-essential
amiD,BN373_15161,2.78759117427139,non-essential
tsx,BN373_08521,3.69946085754616,non-essential
yfbS,BN373_32931,3.03482781579038,non-essential
rplS,BN373_35831,-6.5,essential
maeA,BN373_24281,2.94018038471088,non-essential
ugd,BN373_30991,0.749692627444886,non-essential
tatE,BN373_12391,3.22296844689654,non-essential
sdiA,BN373_29971,4.35194339326772,non-essential
hldE,BN373_41091,-6.5,essential
rseA,BN373_35551,3.33328174275129,non-essential
NA,BN373_26761,3.27704357271573,non-essential
NA,BN373_09641,3.66794504876461,non-essential
paaX,BN373_20351,3.412984538275,non-essential
cysN,BN373_37571,3.61473478976853,non-essential
sgrT,BN373_05571,3.48823936793161,non-essential
aldA,BN373_20571,2.49083311657601,non-essential
tdcC,BN373_28731,3.44027513474647,non-essential
lpoA,BN373_42071,3.39247385108081,non-essential
NA,BN373_19671,2.74495646575807,non-essential
ycfL,BN373_17151,3.24756854551661,non-essential
NA,BN373_32261,3.69524518722108,non-essential
NA,BN373_10301,3.46636310495994,non-essential
NA,BN373_48351,3.42911551494718,non-essential
ssnA,BN373_26201,3.45691293884268,non-essential
NA,BN373_05231,3.27422957439805,non-essential
proP,BN373_01151,3.98615503386737,non-essential
NA,BN373_12101,3.02167561917806,non-essential
NA,BN373_03131,4.08918719212026,non-essential
ymdB,BN373_16741,2.05358587601857,non-essential
mhpC,BN373_27051,2.75053428401721,non-essential
mdtK,BN373_25841,3.05929601890173,non-essential
NA,BN373_37901,2.86073659334248,non-essential
NA,BN373_44861,3.06113418406453,non-essential
NA,BN373_03781,2.87919745469903,non-essential
NA,BN373_24831,2.51153947072781,non-essential
fieF,BN373_48551,3.12753927563948,non-essential
NA,BN373_39821,3.52150192261931,non-essential
ycfZ,BN373_17441,5.05087834761412,non-essential
bdcR,BN373_19711,2.98128412255914,non-essential
dcuC,BN373_12341,3.53505993636238,non-essential
NA,BN373_36331,4.59768622794591,non-essential
ltaE,BN373_15191,3.11249380579919,non-essential
yciB,BN373_18681,3.04759670275729,non-essential
hupB,BN373_08911,3.95764464883769,non-essential
yieP,BN373_47971,3.72382154380959,non-essential
sfsA,BN373_06361,3.94095212331857,non-essential
NA,BN373_11311,3.04246409585968,non-essential
wrbA,BN373_16421,3.77271542371057,non-essential
hypT,BN373_28651,5.08539828893548,non-essential
groS,BN373_01441,-6.5,essential
NA,BN373_33851,3.85086776497269,non-essential
ycbV,BN373_39231,3.25788777237146,non-essential
selA,BN373_45821,3.12645383084348,non-essential
NA,BN373_21851,2.46401343452092,non-essential
ynfC,BN373_21391,1.9212538683692,non-essential
yjcO,BN373_00911,3.59261179420557,non-essential
nadB,BN373_35571,3.96474986132088,non-essential
ycbX,BN373_15881,3.20381973739839,non-essential
frlR,BN373_02751,3.34486659547119,non-essential
NA,BN373_39001,3.03961689680102,non-essential
yciZ,BN373_19071,1.29342190828181,non-essential
ecpR,BN373_07781,0.729802242853171,non-essential
ycgZ,BN373_13401,3.06884649560518,non-essential
NA,BN373_46791,3.13906904770541,non-essential
narU,BN373_24601,3.39892116577145,non-essential
djlA,BN373_05391,3.6506728079826,non-essential
NA,BN373_26181,2.77017585709409,non-essential
ygdI,BN373_38071,2.62054979944178,non-essential
kgtP,BN373_35681,3.09484413002597,non-essential
rpsR,BN373_02071,-6.5,essential
NA,BN373_08421,2.64526392867788,non-essential
csiE,BN373_35261,3.02141218594898,non-essential
cyoB,BN373_08821,3.65648993039626,non-essential
NA,BN373_12231,3.63394091997199,non-essential
NA,BN373_23841,2.66529786286886,non-essential
artQ,BN373_15101,2.79254677547174,non-essential
upp,BN373_34801,4.05067814995921,non-essential
NA,BN373_14681,3.57074275769337,non-essential
yddG,BN373_24491,3.15893789286017,non-essential
artM,BN373_15091,3.72694366283524,non-essential
NA,BN373_24131,2.68114042604733,non-essential
NA,BN373_33931,4.00864450859539,non-essential
cho,BN373_18501,3.13828076490585,non-essential
helD,BN373_16041,3.0220056847203,non-essential
mreC,BN373_42991,-6.5,essential
NA,BN373_16591,4.89465805697898,non-essential
NA,BN373_24801,2.93264806524623,non-essential
frsA,BN373_07351,3.56707458436552,non-essential
pyrH,BN373_06761,-6.5,essential
ycfH,BN373_17121,3.55689770678766,non-essential
gloB,BN373_07121,3.12548938343787,non-essential
NA,BN373_17341,3.41756510512868,non-essential
abgA,BN373_20911,3.40306595360378,non-essential
NA,BN373_10571,3.12313168359311,non-essential
NA,BN373_24721,2.60992765135189,non-essential
cdsA,BN373_06801,-6.5,essential
NA,BN373_17401,2.90608002815903,non-essential
sbmA,BN373_08071,3.18335442584863,non-essential
yghA,BN373_24231,3.52914519687416,non-essential
yfbU,BN373_32951,3.48661064313598,non-essential
NA,BN373_26691,3.33521349842679,non-essential
exuR,BN373_41851,2.84439845431859,non-essential
ulaC,BN373_01991,3.55292694693002,non-essential
ascF,BN373_36841,3.3257561563444,non-essential
yicC,BN373_46321,3.70036746153681,non-essential
ftsZ,BN373_05881,-6.5,essential
tam,BN373_22241,2.77368027587862,non-essential
murG,BN373_05831,-6.5,essential
yccU,BN373_16061,3.46838770094671,non-essential
hns,BN373_27971,5.11055905780121,non-essential
NA,BN373_31431,3.00043750783191,non-essential
rraA,BN373_48571,3.5140942188242,non-essential
mtfA,BN373_30151,3.74762557196227,non-essential
NA,BN373_31271,4.46697989090677,non-essential
ytfB,BN373_02091,3.73168409905449,non-essential
NA,BN373_17691,3.50809981804392,non-essential
chaA,BN373_28231,3.24063626600258,non-essential
NA,BN373_38161,3.27404568704545,non-essential
mnmH,BN373_09651,3.03921190777723,non-essential
rplB,BN373_43531,-6.5,essential
ddlA,BN373_08111,3.25460204162931,non-essential
efp,BN373_01581,2.60281061021206,non-essential
menA,BN373_48581,3.54557300516562,non-essential
NA,BN373_10331,3.18674029549626,non-essential
deoB,BN373_04641,3.2565356324129,non-essential
prs,BN373_28321,-1.13829099811474,essential
pagP,BN373_12351,4.09029566088642,non-essential
NA,BN373_31471,3.06128002754891,non-essential
ung,BN373_35611,3.09623797541278,non-essential
narL,BN373_28111,2.42563455951992,non-essential
yoaE,BN373_29151,3.04776747168389,non-essential
fadE,BN373_07191,3.48208657799087,non-essential
wecB,BN373_49141,3.8995645395491,non-essential
cysS,BN373_09711,-2.13277584972035,essential
umpH,BN373_12691,3.32991938759013,non-essential
tynA,BN373_20221,2.68116312541111,non-essential
NA,BN373_08721,2.90845171348952,non-essential
sapA,BN373_19171,3.48776579318557,non-essential
mltF,BN373_35411,3.25245510654577,non-essential
ygeA,BN373_38851,3.2445448918702,non-essential
NA,BN373_33391,3.65459970414021,non-essential
NA,BN373_23281,2.87857230175582,non-essential
NA,BN373_22071,1.5597382970333,non-essential
NA,BN373_13461,4.07398070308646,non-essential
NA,BN373_38361,2.63189653101709,non-essential
ydbC,BN373_39031,2.96721274309812,non-essential
NA,BN373_04081,3.01331403139043,non-essential
fumB,BN373_20721,3.42064606550751,non-essential
NA,BN373_02871,3.3165500812438,non-essential
nrdA,BN373_32531,-6.5,essential
NA,BN373_48391,3.63895773183753,non-essential
wzc,BN373_31131,4.64879616389254,non-essential
NA,BN373_07901,3.38667741547134,non-essential
NA,BN373_30511,3.02001016625208,non-essential
surA,BN373_05371,3.64980714911991,non-essential
NA,BN373_31421,3.74907738772121,non-essential
frlB,BN373_02701,3.7970257209643,non-essential
NA,BN373_22541,3.53492809134798,non-essential
NA,BN373_37361,3.29580013317595,non-essential
NA,BN373_39651,3.3356625848672,non-essential
lpxT,BN373_32131,2.92356240035913,non-essential
NA,BN373_39771,4.42637870577713,non-essential
emrK,BN373_39511,3.64088699886408,non-essential
argE,BN373_48791,3.86937567117183,non-essential
rlmF,BN373_14001,2.21367555842969,non-essential
gltI,BN373_12611,3.65258883395407,non-essential
ydjM,BN373_18621,3.29554417310718,non-essential
purL,BN373_35401,3.41993543288313,non-essential
NA,BN373_01491,2.88618535010688,non-essential
avtA,BN373_45791,3.31129579311836,non-essential
yniC,BN373_18641,4.05843503067775,non-essential
NA,BN373_07861,2.56102648872634,non-essential
dcrB,BN373_44731,3.45053645182238,non-essential
secY,BN373_43361,-2.72387145032427,essential
yidC,BN373_47531,-6.5,essential
osmC,BN373_24101,3.22366088136567,non-essential
rbsD,BN373_47901,4.35583758785684,non-essential
ilvI,BN373_05711,3.59986234378718,non-essential
mscK,BN373_09341,3.32787395043081,non-essential
iap,BN373_37601,3.65501399277624,non-essential
relA,BN373_37701,3.54116073878731,non-essential
cyoD,BN373_08801,4.44008124149592,non-essential
coaD,BN373_46171,-6.5,essential
ogt,BN373_20871,3.07899248652491,non-essential
ybaO,BN373_08991,3.51066437006094,non-essential
NA,BN373_23451,1.85395300888606,non-essential
epmC,BN373_33261,2.95480349403639,non-essential
dnaK,BN373_04961,0.95458838549337,non-essential
adk,BN373_09441,-6.5,essential
NA,BN373_19561,3.54264957698639,non-essential
garR,BN373_42011,3.23176794889418,non-essential
NA,BN373_26391,4.98588346591582,non-essential
shiA,BN373_30591,3.03584059347987,non-essential
yecH,BN373_29891,4.3456056902182,non-essential
rpsA,BN373_15541,-0.531224232496399,essential
yijD,BN373_48861,4.33328495482532,non-essential
psiE,BN373_00271,4.12248261572908,non-essential
lolE,BN373_17291,-6.5,essential
NA,BN373_28391,2.90612709319935,non-essential
NA,BN373_21781,2.96945798919252,non-essential
atpE,BN373_47791,3.94372379152106,non-essential
mhpT,BN373_46951,2.80474807302757,non-essential
NA,BN373_18761,2.71622807075268,non-essential
murB,BN373_49701,-2.52093189009067,essential
glnB,BN373_35361,3.63925328234361,non-essential
bglG,BN373_31811,3.29956748024629,non-essential
fhlA,BN373_37011,3.27886002387547,non-essential
NA,BN373_03021,3.50588592027006,non-essential
gltX,BN373_34121,-6.5,essential
fetA,BN373_09571,3.99063326459103,non-essential
NA,BN373_08351,2.66447943062834,non-essential
ybaK,BN373_09511,2.73277003661733,non-essential
ulaD,BN373_02001,3.81570285673443,non-essential
NA,BN373_38941,3.16650229641983,non-essential
dinF,BN373_00391,3.49623274820551,non-essential
NA,BN373_14621,4.16354067208157,non-essential
NA,BN373_41201,3.26163288751123,non-essential
mgtA,BN373_02651,3.35573681930145,non-essential
NA,BN373_19731,3.71129176767606,non-essential
NA,BN373_38871,4.00310221670163,non-essential
asmA,BN373_31201,2.43927817124516,non-essential
NA,BN373_23521,1.87759236782677,non-essential
dxs,BN373_08611,-6.5,essential
NA,BN373_09861,1.83114827066693,non-essential
pncC,BN373_36651,3.07362567395706,non-essential
ccmC,BN373_26641,3.28063867353976,non-essential
priB,BN373_02061,1.95429838566998,non-essential
thiH,BN373_49861,3.89194318704539,non-essential
yifB,BN373_48931,3.04198713799377,non-essential
NA,BN373_00081,2.40116832713,non-essential
codB,BN373_12121,3.05224728504401,non-essential
tauB,BN373_08001,3.13207134197128,non-essential
opgD,BN373_25251,3.01172088056912,non-essential
ssb,BN373_00531,-6.5,essential
NA,BN373_23071,2.96237176113338,non-essential
bcsG,BN373_45251,3.30833677076709,non-essential
uhpT,BN373_47131,3.83873271308775,non-essential
NA,BN373_03571,3.62547102329686,non-essential
NA,BN373_11061,2.61419464122496,non-essential
loiP,BN373_40221,3.76111483695855,non-essential
gltS,BN373_46541,3.1227175651951,non-essential
ascG,BN373_36831,3.61214949179681,non-essential
galR,BN373_38771,3.27886699497791,non-essential
slmA,BN373_46241,3.29383507721352,non-essential
NA,BN373_23431,2.670811039734,non-essential
NA,BN373_27111,2.84358756015966,non-essential
eutL,BN373_34411,3.05165169436488,non-essential
NA,BN373_16581,3.11946382765818,non-essential
manY,BN373_29171,3.54351046629928,non-essential
NA,BN373_13451,3.05081549389224,non-essential
NA,BN373_24291,3.33515961232432,non-essential
NA,BN373_08191,3.50194298134359,non-essential
lptF,BN373_02831,-6.5,essential
nanE,BN373_42761,3.56734907585209,non-essential
eamA,BN373_21911,3.83211361092781,non-essential
rhaB,BN373_48461,3.4997614994846,non-essential
ldtA,BN373_30181,3.76359057378347,non-essential
frr,BN373_06771,-0.967072862445307,essential
gpmM,BN373_45981,3.17383528592416,non-essential
NA,BN373_32071,4.30072075109911,non-essential
ratA,BN373_35951,3.23809775318835,non-essential
NA,BN373_50041,1.836953228276,non-essential
nrdI,BN373_36431,2.74539979873066,non-essential
NA,BN373_03811,3.10477013592048,non-essential
rhtC,BN373_49431,3.54655335107058,non-essential
lptC,BN373_42591,-0.50243666391121,essential
rdgC,BN373_08241,3.39983200262934,non-essential
ydfZ,BN373_20651,1.97329565691238,non-essential
yhjR,BN373_45221,4.23166808040754,non-essential
rseB,BN373_35541,2.97888653508189,non-essential
NA,BN373_16641,2.60733696202881,non-essential
ybbP,BN373_09631,3.17937730947664,non-essential
NA,BN373_14571,3.76910641386366,non-essential
ydeE,BN373_21901,3.41959236865858,non-essential
yejA,BN373_32161,3.38569469344764,non-essential
NA,BN373_15071,2.74695275462544,non-essential
NA,BN373_26921,3.55141602684065,non-essential
rpoH,BN373_44621,-1.19366899585685,essential
dinI,BN373_16871,2.3888231899932,non-essential
rhaM,BN373_48381,4.10684760731536,non-essential
fdhD,BN373_48231,2.75969569327934,non-essential
NA,BN373_14121,2.96970277558819,non-essential
waaF,BN373_46051,0,essential
yecJ,BN373_29851,2.46936143146004,non-essential
fepA,BN373_11801,3.46532194224553,non-essential
NA,BN373_23801,3.59057290543904,non-essential
argG,BN373_42311,3.37074422796118,non-essential
NA,BN373_34821,2.81663521508208,non-essential
NA,BN373_22051,3.03297256046213,non-essential
yiaD,BN373_45461,3.41383967556275,non-essential
NA,BN373_03481,3.69200854129231,non-essential
NA,BN373_02391,1.9299807407704,non-essential
NA,BN373_41231,3.67245815519819,non-essential
emrA,BN373_36521,3.66844331235088,non-essential
serA,BN373_40121,2.73300648135028,non-essential
ydhL,BN373_25681,0.846917136019759,non-essential
NA,BN373_34811,3.06146333205272,non-essential
mppA,BN373_19371,2.9144382313841,non-essential
rlmG,BN373_41731,2.8237788494196,non-essential
NA,BN373_22951,2.12641679911231,non-essential
NA,BN373_07471,3.29210434233694,non-essential
dnaB,BN373_00461,-6.5,essential
cydD,BN373_15351,2.80017204200709,non-essential
map,BN373_06731,3.38211169394962,non-essential
NA,BN373_47211,3.61928528652948,non-essential
NA,BN373_28201,4.15355001036611,non-essential
NA,BN373_22721,3.8371796316785,non-essential
yaiC,BN373_17661,3.00631904657915,non-essential
tehA,BN373_25221,2.86437442102283,non-essential
ynjB,BN373_18391,2.92597213244324,non-essential
yeeA,BN373_30681,2.55115913559872,non-essential
yafJ,BN373_07211,3.79116984631915,non-essential
xisD,BN373_09771,2.90502577587251,non-essential
pntA,BN373_20821,3.68886449185934,non-essential
ybdL,BN373_12241,3.55405890277145,non-essential
hslU,BN373_48591,3.45938823276022,non-essential
ssuA,BN373_15841,3.34306043649787,non-essential
dgoK,BN373_47411,2.66458827764109,non-essential
fabD,BN373_17041,-6.5,essential
NA,BN373_37421,3.53124730742278,non-essential
ygiD,BN373_41041,3.5844517393736,non-essential
NA,BN373_42701,3.23070288793642,non-essential
NA,BN373_04141,2.96987849295878,non-essential
NA,BN373_03751,2.68948792736058,non-essential
pbpC,BN373_35061,2.72211538749355,non-essential
alkB,BN373_32381,2.41855892805586,non-essential
NA,BN373_27271,3.17433266802376,non-essential
smf,BN373_43221,4.079528847994,non-essential
NA,BN373_10451,3.28346835828061,non-essential
NA,BN373_20631,3.63982315554093,non-essential
uxuA,BN373_32101,3.45053911792282,non-essential
ecpA,BN373_07791,4.15944862196646,non-essential
recO,BN373_35481,3.47246472250758,non-essential
dedA,BN373_33171,3.01328196893584,non-essential
yfcH,BN373_33041,3.41370228771401,non-essential
damX,BN373_43961,2.78668609809479,non-essential
amiA,BN373_34371,3.27944946578833,non-essential
dinB,BN373_07311,3.71283434338002,non-essential
zapC,BN373_15871,4.17373110377934,non-essential
ppdB,BN373_38641,3.03318840639528,non-essential
ybhP,BN373_13811,3.10199962043133,non-essential
NA,BN373_33651,3.34515264871581,non-essential
rssA,BN373_28001,3.55065680136191,non-essential
fimE,BN373_39181,4.19154803984482,non-essential
rnhB,BN373_06881,2.52080311513132,non-essential
NA,BN373_22221,3.55182342372247,non-essential
NA,BN373_41751,2.40731337701184,non-essential
NA,BN373_03691,3.4281086407658,non-essential
psd,BN373_01701,-6.5,essential
rutF,BN373_04041,3.59556026468532,non-essential
NA,BN373_33821,3.97150422479707,non-essential
NA,BN373_05071,2.81867837134055,non-essential
rluC,BN373_16981,3.21762337141487,non-essential
yciW,BN373_19091,3.60411222618246,non-essential
NA,BN373_26671,3.8151121553488,non-essential
hisD,BN373_30791,3.08983508707323,non-essential
narX,BN373_28101,3.14697403549686,non-essential
rbsA,BN373_47911,3.73457419520749,non-essential
glnG,BN373_48081,3.03128215179733,non-essential
rcsB,BN373_32431,2.95745929507206,non-essential
malI,BN373_20691,2.64182721845701,non-essential
NA,BN373_11161,2.76645550004392,non-essential
NA,BN373_46131,3.01624655864728,non-essential
bglJ,BN373_04461,3.93012093737343,non-essential
NA,BN373_21541,3.77224524651135,non-essential
NA,BN373_36071,3.52559130663398,non-essential
ydhK,BN373_25651,3.62468413269802,non-essential
malZ,BN373_08321,3.0499370469807,non-essential
NA,BN373_46631,2.4443878147658,non-essential
yegD,BN373_31241,3.07819136373949,non-essential
NA,BN373_42331,4.18960138834302,non-essential
dinD,BN373_47331,3.04487613337046,non-essential
NA,BN373_19881,3.52349432053815,non-essential
NA,BN373_23731,3.09898757903731,non-essential
melR,BN373_01161,2.97786900371225,non-essential
NA,BN373_10351,2.73097258575128,non-essential
abgR,BN373_20921,3.38436993584095,non-essential
NA,BN373_25301,2.79947868854122,non-essential
NA,BN373_24981,4.17164695189859,non-essential
yacH,BN373_06131,3.40586320223203,non-essential
cynX,BN373_33981,3.12369746097921,non-essential
NA,BN373_04111,3.70492049599833,non-essential
bcsZ,BN373_45181,3.30560326040574,non-essential
betI,BN373_11631,3.31939277476585,non-essential
NA,BN373_36341,5.09717800935994,non-essential
livG,BN373_44521,3.67391578646083,non-essential
NA,BN373_02461,3.5929794203132,non-essential
fadB,BN373_49651,3.30147077731941,non-essential
clcB,BN373_21331,3.38271991253843,non-essential
creD,BN373_04801,3.12701100976714,non-essential
ppsA,BN373_27461,3.94623392652384,non-essential
phnO,BN373_23471,4.27054928162404,non-essential
rutG,BN373_16471,3.46993510102288,non-essential
cspA,BN373_45551,3.41782033519376,non-essential
NA,BN373_19691,3.37273850859705,non-essential
eco,BN373_32331,2.46514776936646,non-essential
NA,BN373_26701,3.07567104619511,non-essential
ydgA,BN373_20701,3.29861094458028,non-essential
ygaY,BN373_25391,3.17193624624411,non-essential
ybdD,BN373_11951,4.24690151177123,non-essential
NA,BN373_45611,3.6437825022381,non-essential
NA,BN373_25921,3.00930002530625,non-essential
ydhB,BN373_25801,3.33274406329381,non-essential
gapC,BN373_20581,3.27666029048152,non-essential
NA,BN373_33741,4.81567497295955,non-essential
aceB,BN373_00021,2.88081829083817,non-essential
NA,BN373_03951,3.05925191571433,non-essential
NA,BN373_18671,3.32444167938257,non-essential
ydcY,BN373_24931,3.65766146369074,non-essential
rclR,BN373_46731,3.42460163522906,non-essential
NA,BN373_40271,1.93195951676267,non-essential
NA,BN373_19611,2.92249682291654,non-essential
NA,BN373_38391,3.18315098853552,non-essential
NA,BN373_02311,3.03177764829451,non-essential
NA,BN373_31401,3.52194381866764,non-essential
dnaC,BN373_04391,-0.746351419307634,essential
NA,BN373_20481,4.46134443553805,non-essential
rpsF,BN373_02051,0.0388919233260428,non-essential
sulA,BN373_15991,3.95128085609105,non-essential
NA,BN373_37221,2.88012927844168,non-essential
pspC,BN373_19261,1.86681586867985,non-essential
NA,BN373_37591,3.15546314886993,non-essential
glf,BN373_30941,5.17798026690466,non-essential
NA,BN373_20491,2.33580442712337,non-essential
yafE,BN373_07101,3.78333640321748,non-essential
galU,BN373_27981,4.42659830993087,non-essential
NA,BN373_07761,2.27774783520664,non-essential
sstT,BN373_41791,3.48666423781405,non-essential
pcnB,BN373_06331,3.36280307036236,non-essential
crr,BN373_34231,1.8271476888601,non-essential
gltK,BN373_12591,3.26901494740198,non-essential
NA,BN373_33911,3.88799332318273,non-essential
NA,BN373_07891,2.9698727856572,non-essential
ybhG,BN373_13861,3.6010425621058,non-essential
NA,BN373_04581,3.78307593472671,non-essential
mutM,BN373_46181,3.3644475046643,non-essential
eutM,BN373_34501,3.07022330276355,non-essential
NA,BN373_24581,2.39929631489884,non-essential
gspO,BN373_06391,3.32677366463092,non-essential
fbaA,BN373_40181,-1.29067324817984,essential
NA,BN373_38171,3.12416938095404,non-essential
NA,BN373_17781,3.25897097666206,non-essential
NA,BN373_40701,2.47112938786868,non-essential
thyA,BN373_38661,-6.5,essential
nudI,BN373_32681,1.81319579628775,non-essential
ytfP,BN373_02281,4.27643380386461,non-essential
rpsM,BN373_43351,-6.5,essential
NA,BN373_38291,3.81695115583204,non-essential
gtrB,BN373_30871,4.86752341439873,non-essential
ftsH,BN373_42381,-2.26515712973345,essential
trxB,BN373_15361,2.79421288193857,non-essential
folP,BN373_42371,-0.487505516111345,essential
rimP,BN373_42301,2.73344459898029,non-essential
parE,BN373_40961,-3.19078384508949,essential
xseA,BN373_34951,2.99507495265713,non-essential
phoQ,BN373_17521,3.71498916856274,non-essential
NA,BN373_22081,2.57140015567856,non-essential
rplX,BN373_43451,-6.5,essential
nuoG,BN373_32841,3.20904529136671,non-essential
rsmI,BN373_42061,3.0134490258081,non-essential
rplA,BN373_49771,-0.969765801336715,essential
rpsP,BN373_35861,-6.5,essential
NA,BN373_03521,3.62130943383808,non-essential
NA,BN373_03861,3.52090484740699,non-essential
ulaG,BN373_01951,3.34288248294997,non-essential
yicN,BN373_47121,3.00082303057152,non-essential
yjaG,BN373_49961,3.3010371089609,non-essential
NA,BN373_39141,1.93890425250568,non-essential
yeaO,BN373_17961,3.4911199826928,non-essential
cusF,BN373_03631,3.58869666755411,non-essential
NA,BN373_30721,3.14767078939494,non-essential
fusA,BN373_43621,-2.3963402212185,essential
NA,BN373_17361,2.64217414333349,non-essential
NA,BN373_03211,3.6196027299328,non-essential
proA,BN373_07681,3.05175495381974,non-essential
NA,BN373_23921,3.50630736755888,non-essential
NA,BN373_26511,4.94098723482265,non-essential
NA,BN373_41341,3.32281648918979,non-essential
NA,BN373_21991,2.17416390236571,non-essential
bsmA,BN373_01921,3.56244560355165,non-essential
ybhR,BN373_13831,2.63312726818797,non-essential
dtpD,BN373_12911,3.53243111372397,non-essential
NA,BN373_37141,2.95678379351462,non-essential
NA,BN373_29231,3.18088612900204,non-essential
ftsI,BN373_05771,-2.80204632215485,essential
ydcJ,BN373_25281,3.31573608529053,non-essential
degQ,BN373_42831,3.33938011567778,non-essential
degP,BN373_06671,3.97297046029294,non-essential
hpt,BN373_06231,3.76923537348797,non-essential
trpS,BN373_43921,3.92220015207129,non-essential
hflX,BN373_01811,3.57529897906824,non-essential
NA,BN373_31171,3.53503642476129,non-essential
yniA,BN373_27711,3.48739977712561,non-essential
hycI,BN373_36871,2.32006139114768,non-essential
NA,BN373_03191,4.72770623744403,non-essential
gabT,BN373_07391,3.17450379041065,non-essential
NA,BN373_19201,3.02221308511668,non-essential
araE,BN373_38951,3.48268672037285,non-essential
NA,BN373_15741,4.49354809390389,non-essential
NA,BN373_36091,3.19543289090599,non-essential
NA,BN373_23331,3.99943053329675,non-essential
ibaG,BN373_42501,2.66786352720376,non-essential
NA,BN373_25611,4.00568568245064,non-essential
lpxH,BN373_09691,-6.5,essential
speA,BN373_40251,3.51270139630818,non-essential
ybhF,BN373_13851,3.08089784809464,non-essential
luxS,BN373_36561,2.81532585103148,non-essential
gmhB,BN373_07051,3.87371242833439,non-essential
btuF,BN373_06641,3.5959530975607,non-essential
NA,BN373_26681,3.18032445464063,non-essential
NA,BN373_41521,3.08038490220093,non-essential
NA,BN373_41481,3.17507472831691,non-essential
yddW,BN373_22491,3.32829674086871,non-essential
NA,BN373_37211,2.54930385718734,non-essential
NA,BN373_14661,3.00744039139855,non-essential
fur,BN373_12771,2.31170926311143,non-essential
ftsX,BN373_44631,1.89255598059314,non-essential
NA,BN373_36081,3.18360539996333,non-essential
NA,BN373_38931,2.81072197455402,non-essential
NA,BN373_04101,3.17732219760437,non-essential
ulaE,BN373_02011,3.42305907395205,non-essential
mnmG,BN373_47831,2.68978498692567,non-essential
lldP,BN373_45891,3.38101430363868,non-essential
NA,BN373_28341,3.3600932158716,non-essential
NA,BN373_22301,2.98986569248661,non-essential
NA,BN373_10431,4.12244655268114,non-essential
NA,BN373_17841,3.46066761616518,non-essential
NA,BN373_19801,2.63060108176016,non-essential
bcsB,BN373_45191,3.25735328415541,non-essential
NA,BN373_26401,3.32798850041705,non-essential
folC,BN373_33151,-1.92561008604517,essential
rhaR,BN373_48481,3.29143662700464,non-essential
NA,BN373_19871,2.04876529520441,non-essential
uhpC,BN373_47141,3.29492820291791,non-essential
NA,BN373_37121,3.34973803705633,non-essential
lolA,BN373_15391,-6.5,essential
ybgJ,BN373_12931,2.76109287417708,non-essential
gcvH,BN373_40041,3.83725787191596,non-essential
yfcE,BN373_33001,3.55770192992473,non-essential
NA,BN373_19521,3.57354366066816,non-essential
NA,BN373_07591,2.93611757081077,non-essential
tus,BN373_20741,2.58404628083905,non-essential
bolA,BN373_08861,4.20300845867474,non-essential
murA,BN373_42491,-1.63207865908958,essential
gsiA,BN373_14281,3.20209657811347,non-essential
NA,BN373_23491,3.17876569911179,non-essential
ompW,BN373_18711,3.72471061184201,non-essential
cdaR,BN373_06681,3.59282610078312,non-essential
rlpA,BN373_12451,2.95321660162617,non-essential
treF,BN373_45051,3.14776644440424,non-essential
aceK,BN373_00041,3.20439945987476,non-essential
yebY,BN373_29421,3.60416004863768,non-essential
setA,BN373_05581,3.38729189824202,non-essential
yraN,BN373_42081,2.62727269773913,non-essential
mhpR,BN373_27081,2.72602298904769,non-essential
ypfG,BN373_34591,2.76366920147103,non-essential
yejK,BN373_32291,3.14607765444327,non-essential
ddpB,BN373_26041,3.05682172621455,non-essential
NA,BN373_39661,3.47176110715188,non-essential
mhpD,BN373_27041,3.47546768646441,non-essential
NA,BN373_23781,3.75823096459196,non-essential
ispA,BN373_08621,2.21759379408897,non-essential
ldtD,BN373_15681,2.68212558622565,non-essential
NA,BN373_00971,3.23821138850594,non-essential
efeU,BN373_16601,3.45904972168122,non-essential
wecF,BN373_49211,3.70693427465768,non-essential
modA,BN373_13331,2.65268971088455,non-essential
fpr,BN373_46441,3.49795464513227,non-essential
NA,BN373_16961,3.42850509047764,non-essential
NA,BN373_22011,3.06486024120281,non-essential
fecE,BN373_37241,3.08516448306473,non-essential
lysU,BN373_10661,3.16056707354743,non-essential
ybdK,BN373_11351,2.87604826494363,non-essential
NA,BN373_46281,3.62593338685974,non-essential
elyC,BN373_15631,2.81522943139381,non-essential
araC,BN373_05511,3.54000405803828,non-essential
metL,BN373_48671,3.64801055521471,non-essential
NA,BN373_14651,3.13556346755137,non-essential
basS,BN373_13691,2.78188228428239,non-essential
yhhQ,BN373_44721,3.24294245874899,non-essential
nfuA,BN373_44231,2.95008241878459,non-essential
rpmI,BN373_27641,1.15861808216725,non-essential
NA,BN373_11741,2.92592150971695,non-essential
fepB,BN373_11881,3.09606508716716,non-essential
agp,BN373_16401,3.59111479612335,non-essential
lhgO,BN373_07411,2.67909860716717,non-essential
NA,BN373_21811,2.78402145478122,non-essential
NA,BN373_27131,2.42037762981986,non-essential
NA,BN373_10761,3.57713764484622,non-essential
NA,BN373_32361,2.97297866426477,non-essential
iaaA,BN373_14271,2.28897778638917,non-essential
tyrB,BN373_00481,3.42573934742369,non-essential
NA,BN373_11701,3.13941601153466,non-essential
NA,BN373_20951,3.37186640233022,non-essential
NA,BN373_28671,3.38687225143661,non-essential
NA,BN373_26431,2.7696389076403,non-essential
glmS,BN373_47701,-2.21633572794594,essential
sufB,BN373_27251,3.51629766715788,non-essential
uvrY,BN373_29951,4.01970714177786,non-essential
tusD,BN373_43671,0.633505622348881,non-essential
kduD,BN373_38961,3.37966642828666,non-essential
ppa,BN373_02321,-6.5,essential
ybeM,BN373_12381,3.43460633292457,non-essential
NA,BN373_12021,2.98486726344128,non-essential
gnd,BN373_31041,4.0665349337827,non-essential
yneJ,BN373_22101,2.93459733812491,non-essential
yaiL,BN373_28561,3.77323480690954,non-essential
gpsA,BN373_45941,0.275928154025665,non-essential
NA,BN373_03971,3.54313864771986,non-essential
marB,BN373_21921,3.76773510481609,non-essential
NA,BN373_38531,3.17200335176124,non-essential
mmuM,BN373_07981,3.47693225276212,non-essential
NA,BN373_26781,3.36691613765883,non-essential
yhbW,BN373_42201,4.09309550492305,non-essential
yjjV,BN373_04601,2.57055040829948,non-essential
NA,BN373_22771,3.20286379468004,non-essential
mltB,BN373_36691,3.73571438306682,non-essential
ybhD,BN373_28591,3.14987788774707,non-essential
holA,BN373_12521,-6.5,essential
gpmA,BN373_13251,3.30237033518748,non-essential
sufC,BN373_27241,3.16889789297792,non-essential
leuC,BN373_05661,3.13060730081457,non-essential
glpK,BN373_46531,3.74072990660569,non-essential
rutB,BN373_16521,2.2810146522168,non-essential
yhbJ,BN373_42651,3.57459695500517,non-essential
ybhQ,BN373_13821,3.66080390884682,non-essential
groL,BN373_01451,-6.5,essential
rpsO,BN373_42251,-0.429416045174635,essential
mdtE,BN373_46811,3.69786849443634,non-essential
srmB,BN373_35591,3.33571611895208,non-essential
araD,BN373_05481,3.8135950186865,non-essential
NA,BN373_33771,3.10540426242684,non-essential
zupT,BN373_41051,2.79995384880911,non-essential
yejF,BN373_32191,3.04586184754367,non-essential
NA,BN373_38191,3.19639109721285,non-essential
NA,BN373_26191,3.09592215504138,non-essential
rpsK,BN373_43341,-6.5,essential
rplO,BN373_43371,-6.5,essential
NA,BN373_41991,4.3017096420868,non-essential
yeaP,BN373_17941,3.14622048413771,non-essential
NA,BN373_11111,2.92493980046517,non-essential
ycgM,BN373_28991,3.79798751092565,non-essential
yigM,BN373_49481,4.08279750299764,non-essential
NA,BN373_20501,3.2505473746281,non-essential
NA,BN373_24791,3.20212810244281,non-essential
NA,BN373_00661,2.87399431876895,non-essential
rcnB,BN373_31601,3.51792887194629,non-essential
NA,BN373_03231,2.92522940851037,non-essential
guaA,BN373_34931,2.93018150396177,non-essential
pdhR,BN373_06071,3.13460869053062,non-essential
ruvB,BN373_29611,2.23905613919724,non-essential
ytfF,BN373_02131,3.62465902836161,non-essential
NA,BN373_12161,3.18307590202942,non-essential
NA,BN373_03181,4.40077863338606,non-essential
dsdX,BN373_47241,3.80249241563792,non-essential
yfcI,BN373_09351,2.76784083497268,non-essential
gyrA,BN373_32511,-2.76630333755527,essential
gyrB,BN373_47461,-3.58596159763942,essential
putA,BN373_16561,3.52142519144086,non-essential
NA,BN373_30141,4.23068991585747,non-essential
NA,BN373_00241,2.68934055750485,non-essential
ansP,BN373_24821,3.86023739263929,non-essential
NA,BN373_23141,3.80647611069929,non-essential
NA,BN373_28841,3.20615290998476,non-essential
NA,BN373_26461,3.12279323887808,non-essential
ysgA,BN373_49511,3.41713556576338,non-essential
ycaP,BN373_15501,3.46815353134384,non-essential
elbB,BN373_42681,3.40255304089206,non-essential
NA,BN373_33861,3.04790322351646,non-essential
nirB,BN373_43891,3.91172860547402,non-essential
murE,BN373_05781,-6.5,essential
astC,BN373_18441,3.50935979431518,non-essential
ilvM,BN373_48961,2.89926326956502,non-essential
araH,BN373_29801,3.17798541894162,non-essential
NA,BN373_22681,2.4741094028755,non-essential
NA,BN373_14671,2.74394310089171,non-essential
yeaQ,BN373_27421,3.64463493158726,non-essential
NA,BN373_09961,3.08496263560156,non-essential
nemA,BN373_25701,3.96032825060679,non-essential
NA,BN373_19541,2.80951556699232,non-essential
NA,BN373_47201,3.18269990251978,non-essential
phnI,BN373_01091,3.07741931702992,non-essential
NA,BN373_22981,3.17389390839445,non-essential
ygjK,BN373_41631,3.02199549207983,non-essential
NA,BN373_17791,3.91616757613752,non-essential
fadL,BN373_33361,3.49022145490899,non-essential
dnaJ,BN373_04971,3.20524337010971,non-essential
yaiI,BN373_08181,2.88653651362139,non-essential
NA,BN373_18041,3.88246806518932,non-essential
NA,BN373_14881,1.51446151328493,non-essential
rpoN,BN373_42621,3.59305634048469,non-essential
ygjH,BN373_41561,3.07854688707842,non-essential
NA,BN373_01511,4.57097446525066,non-essential
menI,BN373_27431,3.82079582847118,non-essential
NA,BN373_24361,3.65021322016499,non-essential
phnG,BN373_01111,3.57010225591762,non-essential
NA,BN373_28031,4.23261591085167,non-essential
mrcA,BN373_44051,3.88910481006691,non-essential
oppD,BN373_11401,3.02953681540423,non-essential
yaiW,BN373_08081,3.19943873277893,non-essential
ycfJ,BN373_17211,3.63358374618994,non-essential
NA,BN373_46161,-1.13276399157494,essential
NA,BN373_00631,2.78093866795047,non-essential
NA,BN373_26071,3.4533159365466,non-essential
NA,BN373_13561,2.96917964282481,non-essential
yqjD,BN373_41891,2.5505539740807,non-essential
NA,BN373_20401,2.97904672184037,non-essential
NA,BN373_14801,3.03402350753431,non-essential
cobT,BN373_38121,3.26923299633046,non-essential
yfeR,BN373_34131,3.66887646566726,non-essential
speC,BN373_40531,3.14312586432224,non-essential
NA,BN373_37451,3.01923278878433,non-essential
holB,BN373_17111,-6.5,essential
dsbB,BN373_28961,3.04792507746093,non-essential
ilvE,BN373_48971,4.18496039709294,non-essential
NA,BN373_33961,2.3417891272222,non-essential
aas,BN373_38751,3.42088651516189,non-essential
NA,BN373_10721,2.09011222527033,non-essential
tdcE,BN373_28711,3.08707769145278,non-essential
NA,BN373_14761,4.21647839444287,non-essential
yhaM,BN373_00261,3.79181593709548,non-essential
NA,BN373_11191,3.8642314332668,non-essential
sdhA,BN373_13031,3.64769181771394,non-essential
NA,BN373_47101,2.78872908844333,non-essential
NA,BN373_00101,2.55469986268935,non-essential
ybcJ,BN373_09721,3.55813938247233,non-essential
NA,BN373_04061,3.03425873030455,non-essential
metJ,BN373_48651,3.96620847073076,non-essential
NA,BN373_04051,3.22211266616679,non-essential
NA,BN373_39421,2.80227962902608,non-essential
mscM,BN373_01691,3.30526325180928,non-essential
mhpA,BN373_27071,2.86468868905437,non-essential
amyA,BN373_30021,2.96211029718303,non-essential
NA,BN373_05221,2.67356342775996,non-essential
nudL,BN373_29121,2.02004866681977,non-essential
aaeX,BN373_42921,1.98795828886854,non-essential
dtd,BN373_48141,3.20667737724106,non-essential
rpoS,BN373_37471,3.37720536944109,non-essential
ebgA,BN373_41581,2.95605101840676,non-essential
yafV,BN373_07181,3.79609234632448,non-essential
NA,BN373_46651,2.90839360029057,non-essential
NA,BN373_11711,2.79426336905153,non-essential
NA,BN373_39071,3.32294565656219,non-essential
NA,BN373_20531,2.02570019669664,non-essential
NA,BN373_07931,3.72104177343176,non-essential
yddE,BN373_21981,2.50871996131508,non-essential
cobB,BN373_17311,2.27543820884603,non-essential
gsiC,BN373_14301,3.1020981637161,non-essential
glcG,BN373_41431,3.99458045513978,non-essential
yoaF,BN373_17951,2.90614773960808,non-essential
sapC,BN373_19151,2.97970632345576,non-essential
NA,BN373_25291,3.02968031018109,non-essential
proY,BN373_08311,3.6478813344626,non-essential
sspB,BN373_42771,3.62453124453375,non-essential
basR,BN373_13701,2.66576201681628,non-essential
ydbH,BN373_20051,3.02154680526595,non-essential
NA,BN373_00981,3.0747191083982,non-essential
hemF,BN373_34381,3.28968962718416,non-essential
tesA,BN373_09611,3.10911546269158,non-essential
NA,BN373_03501,2.82532788406925,non-essential
yqgF,BN373_40351,-6.5,essential
ydjN,BN373_18611,3.40511323885545,non-essential
mipA,BN373_18161,3.90987667988591,non-essential
gltL,BN373_12581,4.07806986059801,non-essential
NA,BN373_27121,4.02367758712798,non-essential
uxaB,BN373_22161,2.7396970373102,non-essential
fdnH,BN373_24461,3.85470809798516,non-essential
NA,BN373_25011,4.78286999064449,non-essential
ldtB,BN373_14141,3.37377550769358,non-essential
NA,BN373_24111,3.03708753644413,non-essential
NA,BN373_26051,3.14735638286468,non-essential
entH,BN373_11931,3.18203196645514,non-essential
yijO,BN373_48761,3.36016562185031,non-essential
bax,BN373_45771,3.4778391640468,non-essential
rbsB,BN373_47931,3.77221912507494,non-essential
NA,BN373_26321,3.02943209305661,non-essential
NA,BN373_36411,3.75144874123183,non-essential
ygiN,BN373_40951,3.91907492548052,non-essential
yhhA,BN373_12added,3.32751769564549,non-essential
frmA,BN373_25331,4.18317110322465,non-essential
NA,BN373_08781,3.13192478146747,non-essential
ychA,BN373_28251,2.67363214909554,non-essential
NA,BN373_01341,4.38352897799492,non-essential
NA,BN373_01431,2.46408234196415,non-essential
NA,BN373_10281,1.84825873916861,non-essential
NA,BN373_16361,4.11426520944114,non-essential
sseA,BN373_35081,3.16444108483293,non-essential
NA,BN373_33901,1.62076001678671,non-essential
NA,BN373_00571,2.87852841785807,non-essential
NA,BN373_18281,3.367180999156,non-essential
lsrF,BN373_41651,2.66205768666532,non-essential
yfcJ,BN373_33221,3.37683468914806,non-essential
NA,BN373_23091,2.30888753050564,non-essential
yhiI,BN373_03731,2.60482558630829,non-essential
glrK,BN373_35391,3.14895995715766,non-essential
rcsF,BN373_07011,4.18868830953704,non-essential
dhaK,BN373_41491,3.08837994878761,non-essential
lpxB,BN373_06871,-6.5,essential
relB,BN373_02541,2.88588852714377,non-essential
glnL,BN373_48091,3.30752594297212,non-essential
prfC,BN373_04561,3.6276596176424,non-essential
yggE,BN373_40151,3.10884536132603,non-essential
ssuE,BN373_15851,2.82135903289716,non-essential
mlaC,BN373_42521,3.87588804563803,non-essential
acuI,BN373_30231,2.83699005947257,non-essential
murP,BN373_46861,3.16175424132807,non-essential
NA,BN373_23861,2.91195109294027,non-essential
yigB,BN373_49361,3.61904687540319,non-essential
NA,BN373_10611,4.2255987835569,non-essential
NA,BN373_22201,0.427213384552447,non-essential
nudJ,BN373_17591,2.95940843233741,non-essential
proS,BN373_06991,-2.58399020328281,essential
NA,BN373_20411,2.77194405299011,non-essential
csdA,BN373_38081,2.96444095803733,non-essential
pta,BN373_32981,3.00545436874909,non-essential
NA,BN373_20541,3.26841238417773,non-essential
NA,BN373_21001,3.71521260307181,non-essential
NA,BN373_44911,4.34564331714756,non-essential
ivy,BN373_11651,3.80712659736741,non-essential
yfeZ,BN373_34351,3.4278310460422,non-essential
NA,BN373_07461,4.41321345998817,non-essential
pspG,BN373_00441,2.45648295160705,non-essential
NA,BN373_45391,2.77908028053128,non-essential
NA,BN373_10341,4.0129854091781,non-essential
NA,BN373_21501,3.07520438628641,non-essential
NA,BN373_04161,3.16699426408495,non-essential
ecpB,BN373_07801,2.75138347595871,non-essential
kefG,BN373_43741,4.22987110274546,non-essential
NA,BN373_18131,3.84007420162882,non-essential
NA,BN373_19641,3.30739390319389,non-essential
NA,BN373_01251,2.74323999336466,non-essential
bioA,BN373_13611,3.03988436380543,non-essential
ycaQ,BN373_15591,3.15104941815616,non-essential
ecpC,BN373_07811,2.78980611655646,non-essential
yjeJ,BN373_01471,4.65938930804133,non-essential
hiuH,BN373_10521,4.23891399316728,non-essential
NA,BN373_24771,4.0859766373313,non-essential
NA,BN373_22501,3.47170737686047,non-essential
yohO,BN373_31671,1.67307440255787,non-essential
aidB,BN373_01901,3.27736348457027,non-essential
cbpM,BN373_01211,3.390084862066,non-essential
yccS,BN373_16021,3.34061892039932,non-essential
NA,BN373_20181,3.00285691751435,non-essential
NA,BN373_23371,2.90506311137748,non-essential
NA,BN373_12111,3.53655126032501,non-essential
NA,BN373_48371,3.19821511386539,non-essential
NA,BN373_04281,3.4372213576276,non-essential
yjiY,BN373_04011,3.31288816632705,non-essential
pykF,BN373_27181,3.47263973728568,non-essential
nusA,BN373_42291,-6.5,essential
birA,BN373_49711,-0.838907170523665,essential
coaA,BN373_49721,-6.5,essential
NA,BN373_00771,3.10678417570763,non-essential
recF,BN373_47471,3.77645563801528,non-essential
tatC,BN373_49591,4.05898822920579,non-essential
dppB,BN373_45361,3.80159404510787,non-essential
NA,BN373_23621,2.88299429622679,non-essential
dxr,BN373_06781,-6.5,essential
rplD,BN373_43551,-6.5,essential
NA,BN373_38781,1.88499477981647,non-essential
NA,BN373_25361,4.0605687852994,non-essential
NA,BN373_12311,3.31366957757013,non-essential
NA,BN373_35751,3.65567248784453,non-essential
NA,BN373_26011,1.78722753946608,non-essential
NA,BN373_10891,3.32125602406732,non-essential
yggL,BN373_40471,3.48375567083644,non-essential
NA,BN373_00581,4.15040628553953,non-essential
NA,BN373_00891,2.33226077857528,non-essential
NA,BN373_24141,3.94281192025082,non-essential
ghxP,BN373_00741,3.40016782885287,non-essential
smrB,BN373_33311,3.76461227309909,non-essential
NA,BN373_07301,3.67091233054499,non-essential
grxA,BN373_14951,2.70915318660464,non-essential
gor,BN373_45021,2.95734718612582,non-essential
hycF,BN373_36901,3.81368755747451,non-essential
tusA,BN373_44711,1.59041921242391,non-essential
cysD,BN373_37581,3.76053602338006,non-essential
cirA,BN373_31951,3.07445939010885,non-essential
NA,BN373_20041,3.44682527608345,non-essential
NA,BN373_46741,3.25646288595816,non-essential
NA,BN373_36251,4.98813139830839,non-essential
sodC,BN373_25661,3.20650926575872,non-essential
purR,BN373_25791,3.42223241834979,non-essential
nhoA,BN373_24651,2.9861092738312,non-essential
fabF,BN373_17071,2.6077564082996,non-essential
NA,BN373_06041,3.30791068377102,non-essential
yaeQ,BN373_06951,3.31866111197586,non-essential
yqjH,BN373_41531,2.96166474534547,non-essential
yedI,BN373_30081,3.37588586468705,non-essential
NA,BN373_03081,4.855037626037,non-essential
NA,BN373_02291,3.68326323557657,non-essential
NA,BN373_08741,2.82442323925848,non-essential
NA,BN373_46901,2.67029744462753,non-essential
glyS,BN373_45651,-2.55464604583624,essential
bluF,BN373_13411,4.48776474209575,non-essential
NA,BN373_45601,4.23572826427459,non-essential
NA,BN373_25431,3.62754038611075,non-essential
thiB,BN373_05551,3.29045889670578,non-essential
NA,BN373_32671,3.06519051882121,non-essential
yhgA,BN373_34771,3.04873598604682,non-essential
betA,BN373_11611,3.21447855735353,non-essential
yjiP,BN373_04361,3.20757437288273,non-essential
yigL,BN373_49471,3.57850928427095,non-essential
NA,BN373_26831,3.32072800633853,non-essential
eutE,BN373_34481,2.70775136167157,non-essential
hcaT,BN373_35271,3.04937266323801,non-essential
rimM,BN373_35851,-6.5,essential
ecpD,BN373_07821,3.0133534010954,non-essential
NA,BN373_12091,2.82313328234157,non-essential
NA,BN373_37921,2.89268894433106,non-essential
NA,BN373_19921,2.99198792286027,non-essential
NA,BN373_26851,2.69345736715226,non-essential
arfB,BN373_06961,3.37171714398668,non-essential
NA,BN373_01241,2.73267361842236,non-essential
NA,BN373_17431,2.44709854497245,non-essential
NA,BN373_22561,4.83978111443804,non-essential
NA,BN373_30531,2.35737728844255,non-essential
zapD,BN373_05941,3.06030229869275,non-essential
NA,BN373_10101,3.29649448642948,non-essential
trmA,BN373_48871,3.70223229058936,non-essential
NA,BN373_46991,3.40117775577696,non-essential
cueO,BN373_06211,3.34095351456129,non-essential
ygfZ,BN373_39931,-1.12545638773255,essential
dkgB,BN373_07061,3.31978072556121,non-essential
NA,BN373_38891,3.28668394518988,non-essential
nuoF,BN373_32851,3.71003015538862,non-essential
NA,BN373_18291,3.07235912765258,non-essential
prlC,BN373_44991,3.36793539449174,non-essential
crp,BN373_43801,3.33072486731458,non-essential
NA,BN373_40731,3.445433160488,non-essential
NA,BN373_23401,2.92093503772811,non-essential
yggU,BN373_40401,3.5711628632758,non-essential
rseC,BN373_35531,3.26072086331531,non-essential
NA,BN373_22631,2.92397172468153,non-essential
glvC,BN373_47301,3.7057711782438,non-essential
NA,BN373_39411,3.87685991715233,non-essential
tyrS,BN373_25561,-6.5,essential
kdpD,BN373_12851,3.22230602336965,non-essential
clpX,BN373_08891,3.28739751369866,non-essential
lepA,BN373_35521,2.90410001721981,non-essential
yhhW,BN373_44411,4.12803150506726,non-essential
ypjD,BN373_35881,3.73984140266703,non-essential
NA,BN373_14751,2.22614184876794,non-essential
leuS,BN373_12541,-6.5,essential
ispE,BN373_28311,-0.978929599701831,essential
NA,BN373_23291,3.7072467739451,non-essential
NA,BN373_36671,3.47295467472772,non-essential
NA,BN373_38241,3.34539535907332,non-essential
NA,BN373_23531,3.24668091873653,non-essential
argT,BN373_33101,2.87147487116969,non-essential
puuC,BN373_16311,3.7534024994494,non-essential
NA,BN373_36281,2.51116291433788,non-essential
bglX,BN373_31721,3.22703444049651,non-essential
rng,BN373_42961,3.84680398879499,non-essential
topA,BN373_18951,-1.5521711090722,essential
ligA,BN373_34161,-2.73806385747228,essential
NA,BN373_03681,3.68063987498159,non-essential
guaB,BN373_34941,3.07477571398082,non-essential
NA,BN373_07491,3.40701846481184,non-essential
ycbL,BN373_15701,3.61577154937767,non-essential
yccA,BN373_16201,4.26403725629003,non-essential
nikE,BN373_44891,2.88505187510758,non-essential
rmuC,BN373_49531,3.81652092397311,non-essential
lgoT,BN373_21431,3.21423852319532,non-essential
NA,BN373_10251,3.62842443356443,non-essential
NA,BN373_26931,3.49092179678964,non-essential
ydcT,BN373_25051,2.75099224303213,non-essential
NA,BN373_36231,3.31078512812552,non-essential
yphG,BN373_35301,3.54932124518284,non-essential
NA,BN373_22701,3.1787110613652,non-essential
malE,BN373_00301,3.47475871871011,non-essential
NA,BN373_35291,3.31528812126686,non-essential
mdtA,BN373_31291,2.5263703916178,non-essential
edd,BN373_29521,3.24507318082566,non-essential
eno,BN373_37671,-0.59711218714855,essential
NA,BN373_21151,2.54675992416784,non-essential
panF,BN373_43081,3.29034844830154,non-essential
NA,BN373_23871,2.9290713818671,non-essential
ybbN,BN373_09591,3.61430185141371,non-essential
rsgA,BN373_01711,0.78436402721973,non-essential
tdcD,BN373_28721,2.9757561090182,non-essential
lon,BN373_08901,3.45928545083742,non-essential
yfcA,BN373_33271,2.78304684791713,non-essential
glnA,BN373_48101,3.16085060784651,non-essential
fabG,BN373_17051,-0.724535344130376,essential
lpp,BN373_27191,4.49549687626626,non-essential
yhjG,BN373_45111,2.88404965794579,non-essential
dnaG,BN373_41281,-3.09245480774861,essential
NA,BN373_23561,3.80876122855654,non-essential
mgsA,BN373_16051,3.76579073710054,non-essential
astD,BN373_18461,2.79983398104894,non-essential
NA,BN373_23101,2.59929652825614,non-essential
NA,BN373_25911,2.55815206601226,non-essential
rsxG,BN373_25501,3.29651882036674,non-essential
mntS,BN373_14091,2.95394105382634,non-essential
NA,BN373_00611,4.21033633093976,non-essential
yjiS,BN373_03841,2.6772653789068,non-essential
NA,BN373_09091,2.87706632722505,non-essential
ubiX,BN373_33111,2.71008838625369,non-essential
rrrQ,BN373_10151,4.20056813857039,non-essential
mdtB,BN373_31301,3.14556913329526,non-essential
manZ,BN373_29181,3.71080173755039,non-essential
sufE,BN373_27211,3.6845277318114,non-essential
spy,BN373_18491,4.28151433957011,non-essential
NA,BN373_07711,3.82713813083249,non-essential
nudE,BN373_44061,3.34205738113027,non-essential
chaC,BN373_28211,3.15707121860066,non-essential
NA,BN373_00781,3.08943088864632,non-essential
yfbR,BN373_32921,3.31079602480116,non-essential
yghX,BN373_40761,3.11154697802811,non-essential
lrhA,BN373_32901,4.19024516070843,non-essential
NA,BN373_26801,3.77367602056312,non-essential
zntR,BN373_43291,3.7660478037164,non-essential
malX,BN373_20681,3.14294290029446,non-essential
endA,BN373_40311,2.62043801798732,non-essential
NA,BN373_28541,3.54134710324731,non-essential
NA,BN373_28621,2.94089534830577,non-essential
rcsA,BN373_30041,4.76548197791354,non-essential
NA,BN373_07241,3.62081218302373,non-essential
ygjJ,BN373_41621,3.45950058840731,non-essential
ygiQ,BN373_40861,3.51132542447024,non-essential
yiiS,BN373_24871,2.50087317616967,non-essential
hscB,BN373_35161,3.56867107214046,non-essential
fdoH,BN373_48211,4.21000946818052,non-essential
ampE,BN373_06031,4.01721489186551,non-essential
ydcX,BN373_24971,4.59866143352845,non-essential
rimI,BN373_04541,3.16464813609711,non-essential
NA,BN373_02781,2.96802361705932,non-essential
pdxB,BN373_33201,3.2204861688923,non-essential
lldR,BN373_45901,3.69437881999513,non-essential
yhbO,BN373_42131,3.85585602734607,non-essential
lysP,BN373_31981,3.36751583713343,non-essential
NA,BN373_38231,2.62811052989987,non-essential
rep,BN373_49041,0.800002286025376,non-essential
lysS,BN373_39851,-0.418846569880684,essential
NA,BN373_31251,3.06173564651247,non-essential
NA,BN373_00131,2.45355404551475,non-essential
NA,BN373_10681,2.84912012107537,non-essential
NA,BN373_32271,3.62309888640283,non-essential
NA,BN373_03821,2.59309824869807,non-essential
cysU,BN373_34311,3.92573415620302,non-essential
NA,BN373_24261,2.74060188986906,non-essential
NA,BN373_23481,4.09021520899746,non-essential
srlB,BN373_36721,3.62284667878387,non-essential
NA,BN373_41381,3.30208599586456,non-essential
mepH,BN373_25741,3.00730249716384,non-essential
ybjG,BN373_14401,3.61310513010651,non-essential
ilvC,BN373_49011,4.02988499750296,non-essential
folK,BN373_06321,-6.5,essential
dsrB,BN373_30051,5.20612430549722,non-essential
zapE,BN373_42811,4.02205688371677,non-essential
NA,BN373_05601,3.76158843623041,non-essential
ompA,BN373_15981,3.05908131702575,non-essential
tsaC,BN373_43191,-1.50500463430765,essential
NA,BN373_19911,3.43469156734759,non-essential
yadS,BN373_06631,2.86575295797256,non-essential
intD,BN373_09761,3.52146609761605,non-essential
NA,BN373_46301,2.95362218504032,non-essential
NA,BN373_10841,3.377421576048,non-essential
yihL,BN373_47061,3.08097186267832,non-essential
ygaM,BN373_36391,3.98624928369169,non-essential
NA,BN373_01541,3.04527003672556,non-essential
NA,BN373_37661,4.21664518441655,non-essential
NA,BN373_02401,2.02441987409721,non-essential
mrp,BN373_31621,3.26021258165468,non-essential
NA,BN373_11551,3.7825498992609,non-essential
NA,BN373_23011,3.44419879926719,non-essential
yejL,BN373_32301,-6.5,essential
qseB,BN373_40921,3.14266480207029,non-essential
iscU,BN373_35181,1.73671356785659,non-essential
yqiC,BN373_41071,1.58913160277183,non-essential
ghrA,BN373_16701,2.98624885890449,non-essential
aroP,BN373_06061,3.80538406990157,non-essential
pyrB,BN373_02681,3.32265038449626,non-essential
NA,BN373_19211,3.06617184287342,non-essential
NA,BN373_21751,2.72794386824527,non-essential
NA,BN373_10691,2.75087349047523,non-essential
NA,BN373_03011,3.37865001500567,non-essential
tesB,BN373_09041,2.85027695186468,non-essential
yjaH,BN373_49981,3.57839159209491,non-essential
NA,BN373_02491,3.17328620629046,non-essential
NA,BN373_13471,3.5005672850604,non-essential
mazG,BN373_37691,2.85305175071541,non-essential
sppA,BN373_18261,3.53922504022627,non-essential
thiS,BN373_49881,3.02061677479323,non-essential
mtn,BN373_06651,3.02331680164537,non-essential
NA,BN373_11581,3.22490583196808,non-essential
htpG,BN373_09431,3.54172023179382,non-essential
elfC,BN373_01531,3.82558429633643,non-essential
ybiW,BN373_14231,3.31933430233584,non-essential
rnr,BN373_01881,3.86436595159511,non-essential
ilvG,BN373_48951,3.60908457707223,non-essential
guaC,BN373_05961,3.71824935783189,non-essential
NA,BN373_11731,3.58708664297159,non-essential
NA,BN373_23271,1.40765931445005,non-essential
oppC,BN373_27911,3.4221483395255,non-essential
dsdC,BN373_47231,2.87874262633235,non-essential
thiF,BN373_49891,3.8221509778916,non-essential
yneF,BN373_22141,4.04596150666657,non-essential
yhbP,BN373_42141,3.79938858277192,non-essential
ilvN,BN373_47171,2.58535041223474,non-essential
hscA,BN373_35151,2.90521106119661,non-essential
ybiB,BN373_13951,2.42953343132637,non-essential
yedZ,BN373_43031,3.62218213305257,non-essential
NA,BN373_00181,3.97360547405675,non-essential
NA,BN373_41221,3.23788920007863,non-essential
NA,BN373_28611,3.22339339272083,non-essential
yqeG,BN373_39021,3.13956224887479,non-essential
NA,BN373_14181,3.07926680777346,non-essential
clsA,BN373_27861,3.64050046912334,non-essential
yjjG,BN373_04551,2.91683568901879,non-essential
yqgA,BN373_40541,2.96171919986979,non-essential
NA,BN373_08701,3.41842754101065,non-essential
NA,BN373_46971,2.84001294271982,non-essential
hisM,BN373_33071,3.67189631204146,non-essential
yniB,BN373_18651,3.31545283664507,non-essential
NA,BN373_37441,3.41323044708741,non-essential
NA,BN373_41371,4.90168071412384,non-essential
grxD,BN373_25731,2.91602209269204,non-essential
NA,BN373_25861,3.50986305828247,non-essential
NA,BN373_16461,1.51771442127221,non-essential
NA,BN373_24431,3.46703762837014,non-essential
pqiB,BN373_15921,3.13800675672213,non-essential
ispU,BN373_06791,-1.44198287900784,essential
NA,BN373_38381,3.12684693494553,non-essential
NA,BN373_37311,1.9878689586343,non-essential
fhuF,BN373_04491,3.2982004257064,non-essential
NA,BN373_22061,3.3568369117802,non-essential
NA,BN373_23321,2.81225888335186,non-essential
ynjD,BN373_18371,1.08571140027153,non-essential
aat,BN373_15331,3.54156569895721,non-essential
ulaR,BN373_01941,3.5334052444987,non-essential
NA,BN373_33511,2.72664327578052,non-essential
NA,BN373_04441,4.0042955693159,non-essential
dbpA,BN373_19951,3.20504126728951,non-essential
yicI,BN373_46601,3.41368405204869,non-essential
ydeJ,BN373_21551,4.15661693187949,non-essential
yqjG,BN373_41931,3.04990581119037,non-essential
gph,BN373_43931,3.51247327881101,non-essential
yfcD,BN373_32991,2.63370453375468,non-essential
ynjC,BN373_18381,3.54621408113399,non-essential
yigZ,BN373_49671,3.76970472690832,non-essential
pgk,BN373_40191,-6.5,essential
NA,BN373_26101,3.02739187556794,non-essential
rpoD,BN373_41291,-6.5,essential
mprA,BN373_36511,2.51918493787913,non-essential
ydcU,BN373_25041,3.12481924726329,non-essential
yjjA,BN373_04381,3.08586826288766,non-essential
ybhA,BN373_13361,2.34139200954255,non-essential
rstA,BN373_20771,3.2381375355041,non-essential
dksA,BN373_06351,4.35742610906976,non-essential
usg,BN373_33191,2.70930199627003,non-essential
hofB,BN373_05981,3.49363478481404,non-essential
insJ,BN373_11511,4.76164596577272,non-essential
NA,BN373_28781,3.12761287472699,non-essential
NA,BN373_19651,3.66109111047669,non-essential
NA,BN373_04181,2.62377186116638,non-essential
NA,BN373_38811,3.23641482201195,non-essential
metK,BN373_40281,-6.5,essential
NA,BN373_19751,2.87699967038608,non-essential
ftsW,BN373_05821,-6.5,essential
srkA,BN373_48011,3.21989435807419,non-essential
cysE,BN373_45931,0.948410479674666,non-essential
NA,BN373_24391,2.17600633069236,non-essential
NA,BN373_43281,4.98273810507307,non-essential
NA,BN373_11091,2.89353446317098,non-essential
NA,BN373_20331,3.03670211036509,non-essential
NA,BN373_02731,3.62880338194273,non-essential
fau,BN373_40111,2.81662245011636,non-essential
mak,BN373_08251,3.52999742424602,non-essential
ydeM,BN373_10941,3.14785780883848,non-essential
NA,BN373_02951,3.18357331875371,non-essential
NA,BN373_01231,2.87455755412639,non-essential
NA,BN373_09811,3.10919512109826,non-essential
cynR,BN373_00761,2.91476524562632,non-essential
fumC,BN373_20731,3.05150267406603,non-essential
yohD,BN373_31771,3.08665827980666,non-essential
ydiM,BN373_05621,3.13935553087316,non-essential
rsmH,BN373_05751,1.27328618907031,non-essential
NA,BN373_36301,3.60966223938008,non-essential
ybjJ,BN373_14431,3.22890259784652,non-essential
NA,BN373_30981,-1.61943708707464,essential
dacA,BN373_12441,3.01396089112322,non-essential
ypeB,BN373_34151,2.03517006425737,non-essential
NA,BN373_03071,3.71833084269049,non-essential
cmoA,BN373_29701,2.54609353611498,non-essential
NA,BN373_14591,2.86363943282077,non-essential
NA,BN373_38151,2.87066036738776,non-essential
NA,BN373_48341,2.97116792040661,non-essential
NA,BN373_05151,2.80582683093205,non-essential
nusG,BN373_49751,-6.5,essential
NA,BN373_16171,3.5546943378022,non-essential
dmlA,BN373_16281,2.97162175908449,non-essential
znuC,BN373_29591,3.13564339574203,non-essential
livK,BN373_44551,3.48462596219291,non-essential
NA,BN373_23711,2.57962402524028,non-essential
yecC,BN373_29981,3.44833715845042,non-essential
puuE,BN373_44601,3.19870360607815,non-essential
NA,BN373_20101,3.43319002189059,non-essential
NA,BN373_09681,2.89038919898879,non-essential
ybeY,BN373_12641,-6.5,essential
pheS,BN373_27621,-6.5,essential
bioH,BN373_44211,3.32325675210733,non-essential
mtlA,BN373_45841,3.31593629096674,non-essential
yciO,BN373_18851,3.83827490122772,non-essential
NA,BN373_04331,3.03956381572238,non-essential
NA,BN373_44591,3.10355408394243,non-essential
yecA,BN373_29911,2.95825597724215,non-essential
ycdZ,BN373_16731,3.03027749792362,non-essential
qorB,BN373_02151,3.49448901464661,non-essential
nudK,BN373_34601,3.44185139160885,non-essential
ppsR,BN373_27471,3.85339104436999,non-essential
iraP,BN373_08141,5.5658180097962,non-essential
NA,BN373_23171,3.5151373940982,non-essential
ynfA,BN373_21421,4.23073957486348,non-essential
NA,BN373_22971,3.23918954151445,non-essential
NA,BN373_05131,3.34360018045196,non-essential
cutC,BN373_29721,2.8631799791738,non-essential
xylF,BN373_45731,3.74559149746909,non-essential
ygfB,BN373_40091,3.56702276997313,non-essential
NA,BN373_06191,5.17168508152069,non-essential
cstA,BN373_11941,3.4992797403296,non-essential
NA,BN373_40681,3.01057381538253,non-essential
NA,BN373_38181,2.47216781090521,non-essential
tdk,BN373_27961,4.72178722469311,non-essential
azoR,BN373_20381,3.02428728961512,non-essential
ybaZ,BN373_09061,2.65237410258932,non-essential
NA,BN373_01351,3.55877191768606,non-essential
yjiM,BN373_03901,2.72712257225509,non-essential
NA,BN373_41251,3.13633893921897,non-essential
NA,BN373_36151,3.17632340684331,non-essential
mtlD,BN373_45851,3.33641354226066,non-essential
ugpQ,BN373_44461,3.16291107067469,non-essential
NA,BN373_19191,3.5163268110404,non-essential
dnaA,BN373_47491,-6.5,essential
NA,BN373_37061,3.04636968918232,non-essential
NA,BN373_23301,2.64498528800038,non-essential
purC,BN373_34691,3.50812900087921,non-essential
NA,BN373_20981,3.30994186566064,non-essential
sapF,BN373_19131,3.02550459529516,non-essential
katE,BN373_18591,3.18647829342066,non-essential
NA,BN373_28431,3.10649733186613,non-essential
NA,BN373_23511,2.80515440664314,non-essential
NA,BN373_38451,2.86749590381996,non-essential
NA,BN373_05401,2.99104701446694,non-essential
NA,BN373_24541,3.84094243714485,non-essential
NA,BN373_25181,3.3743419472767,non-essential
pgsA,BN373_29931,-6.5,essential
NA,BN373_05411,3.77828187930357,non-essential
eutT,BN373_34521,3.0631273898926,non-essential
NA,BN373_33881,2.593092567365,non-essential
yijE,BN373_48731,3.7336813646264,non-essential
NA,BN373_28531,3.3646086421588,non-essential
nrdG,BN373_02551,3.03220783687258,non-essential
pfkA,BN373_48561,3.57456327961753,non-essential
yjeH,BN373_01421,3.22801214626956,non-essential
NA,BN373_48681,3.14616616234134,non-essential
yfiB,BN373_35801,2.87546311072044,non-essential
yigE,BN373_11341,2.03499185679514,non-essential
NA,BN373_03791,2.81463080528433,non-essential
fimC,BN373_39211,2.84858875196599,non-essential
NA,BN373_02861,3.24568152348625,non-essential
NA,BN373_48281,4.58595234627099,non-essential
ydiU,BN373_27501,3.06453283310484,non-essential
phr,BN373_12901,2.95362390040472,non-essential
NA,BN373_39681,3.63510540281581,non-essential
pheP,BN373_11071,3.45927698943101,non-essential
dnaE,BN373_06891,-2.6018057081948,essential
ribF,BN373_05011,-6.5,essential
xerD,BN373_39891,2.59552986502325,non-essential
argS,BN373_29741,-6.5,essential
NA,BN373_37911,2.39185690066674,non-essential
yedJ,BN373_30121,1.92615353484012,non-essential
ggt,BN373_44451,3.45781942741772,non-essential
yjtD,BN373_04821,3.22217052256602,non-essential
NA,BN373_22711,3.20868029673484,non-essential
NA,BN373_44561,1.95784872976575,non-essential
tabA,BN373_02691,2.13360936100944,non-essential
pyrF,BN373_19031,2.42514506607681,non-essential
focA,BN373_15481,4.41731792449411,non-essential
lpxP,BN373_17891,4.0180203297518,non-essential
yhfK,BN373_43811,4.28916960839154,non-essential
yfcC,BN373_02741,3.51797589947654,non-essential
nadD,BN373_12511,-6.5,essential
yqhA,BN373_40771,3.8073792637634,non-essential
thiC,BN373_49911,3.999450155392,non-essential
NA,BN373_05111,3.10382546642118,non-essential
NA,BN373_11011,2.86527396157855,non-essential
ybiO,BN373_14011,2.71038753916929,non-essential
NA,BN373_38141,3.63655079425373,non-essential
yidZ,BN373_47571,3.78951735456542,non-essential
NA,BN373_46311,2.03177439582502,non-essential
mpaA,BN373_19361,3.20475249167935,non-essential
ytjB,BN373_04671,3.76175877667658,non-essential
oppB,BN373_27921,3.98978356770627,non-essential
lexA,BN373_00381,-1.67922358143292,essential
slyD,BN373_43711,4.55234893756754,non-essential
ycaR,BN373_15601,1.08787407660066,non-essential
malG,BN373_00281,2.80523786078048,non-essential
idi,BN373_39841,3.17062086615519,non-essential
NA,BN373_14841,3.96623762326945,non-essential
eptB,BN373_45401,3.46011843842822,non-essential
NA,BN373_23751,3.09013826943607,non-essential
NA,BN373_24091,3.06412556462288,non-essential
NA,BN373_38481,3.44930636530697,non-essential
ycbK,BN373_15691,4.27844660004864,non-essential
NA,BN373_30901,4.13331772291935,non-essential
NA,BN373_39011,2.79281337974451,non-essential
NA,BN373_28401,3.03012790631752,non-essential
NA,BN373_23591,3.34974830327424,non-essential
yjdP,BN373_01021,3.48472399620633,non-essential
NA,BN373_45381,3.13147406478166,non-essential
NA,BN373_42341,4.52829472589703,non-essential
kbl,BN373_46031,3.35032051219483,non-essential
NA,BN373_48301,4.660717065011,non-essential
NA,BN373_00871,2.71136037440387,non-essential
mlaD,BN373_42531,3.72649330826588,non-essential
narZ,BN373_24611,3.45098031282135,non-essential
narG,BN373_28081,3.15732236872416,non-essential
fadD,BN373_29051,3.58514776615338,non-essential
yncG,BN373_24711,3.6880938921729,non-essential
NA,BN373_46961,3.06450716611737,non-essential
yafC,BN373_07071,3.19950191416555,non-essential
yhhS,BN373_44741,3.08787884309211,non-essential
rplF,BN373_43411,-6.5,essential
tsf,BN373_06751,-1.57541825982449,essential
gntK,BN373_44391,3.22072972466911,non-essential
yaaW,BN373_04941,3.26055956568166,non-essential
modE,BN373_13311,2.99168019600804,non-essential
NA,BN373_10831,3.2212302215473,non-essential
amiC,BN373_38551,3.23141236640476,non-essential
NA,BN373_37021,2.59215453282019,non-essential
NA,BN373_02481,3.67476509814601,non-essential
zraP,BN373_49991,3.77526109517759,non-essential
NA,BN373_38431,3.27766215851111,non-essential
ravA,BN373_47881,3.33926083076641,non-essential
hokA,BN373_45571,2.18959581538505,non-essential
NA,BN373_13391,3.80698703249185,non-essential
NA,BN373_18861,2.96449108736192,non-essential
NA,BN373_28161,3.14603466501644,non-essential
rplT,BN373_27631,0.316085180961148,non-essential
NA,BN373_10821,3.0734858190998,non-essential
NA,BN373_02471,3.00098684137994,non-essential
aaeA,BN373_42911,3.50206950569868,non-essential
garP,BN373_42031,3.76752026444138,non-essential
NA,BN373_00141,3.47774350326673,non-essential
NA,BN373_22041,2.96866131135052,non-essential
opgC,BN373_16761,3.18399506035231,non-essential
macB,BN373_15281,3.30353845506549,non-essential
NA,BN373_48431,3.50463138872988,non-essential
pgrR,BN373_24811,3.31909215895748,non-essential
yahK,BN373_46671,3.17819528778922,non-essential
yeaW,BN373_16261,2.68295383167784,non-essential
phoU,BN373_47651,3.21465902119081,non-essential
NA,BN373_01551,5.06057372716478,non-essential
anmK,BN373_25591,3.22176139156476,non-essential
yegH,BN373_31191,2.55811974531526,non-essential
NA,BN373_10531,2.85126304113861,non-essential
nuoC,BN373_32871,3.29818868793954,non-essential
thrA,BN373_04841,3.52989252877499,non-essential
rcsC,BN373_32441,3.52552243093004,non-essential
mnaT,BN373_24911,1.2911329961366,non-essential
btuD,BN373_27521,3.77668759596665,non-essential
kdgR,BN373_29281,4.08714782005089,non-essential
NA,BN373_22411,3.09515329813054,non-essential
NA,BN373_04021,3.58414327963229,non-essential
NA,BN373_12201,4.75184468230719,non-essential
nrdE,BN373_36441,3.15058249856235,non-essential
prfA,BN373_28281,-6.5,essential
rplU,BN373_42461,-6.5,essential
dapF,BN373_49331,2.29125980533748,non-essential
dusC,BN373_31831,3.43659427003035,non-essential
hupA,BN373_49971,4.31660362317703,non-essential
ybhK,BN373_13721,2.85592227959557,non-essential
NA,BN373_23211,4.37019897066151,non-essential
ugpC,BN373_44471,3.47798956644751,non-essential
NA,BN373_10131,3.9471418347108,non-essential
NA,BN373_32061,4.64484146844418,non-essential
NA,BN373_03221,4.05228344971546,non-essential
NA,BN373_38311,3.91165199981004,non-essential
btuC,BN373_27551,3.31579214120634,non-essential
NA,BN373_20421,2.59181318973082,non-essential
NA,BN373_31501,2.88246188549159,non-essential
ebgC,BN373_41591,3.08712055392245,non-essential
NA,BN373_07581,3.74888569971651,non-essential
bamC,BN373_34701,3.52368605326639,non-essential
ribB,BN373_41061,-6.5,essential
smtA,BN373_15641,2.87759497541158,non-essential
NA,BN373_12041,2.52931296436021,non-essential
pka,BN373_35651,3.23085701249033,non-essential
fadA,BN373_49641,3.54049181303388,non-essential
rplK,BN373_49761,-6.5,essential
NA,BN373_19481,4.00292982907119,non-essential
smg,BN373_43211,4.46684002306525,non-essential
glgS,BN373_41081,3.04660283447171,non-essential
ftsE,BN373_44641,1.96310090145757,non-essential
ispD,BN373_37531,-6.5,essential
NA,BN373_11681,2.53260858477687,non-essential
NA,BN373_44921,2.91840698012484,non-essential
dnaX,BN373_09401,-6.5,essential
hokE,BN373_37391,5.5363752095189,non-essential
pmrD,BN373_30261,3.43179297516349,non-essential
hisJ,BN373_33091,2.9570120826925,non-essential
deoD,BN373_04651,3.41239872185478,non-essential
mntH,BN373_34071,3.01389964006256,non-essential
NA,BN373_17621,4.44237628509505,non-essential
ytjC,BN373_04751,3.6179944769798,non-essential
fabB,BN373_33231,-6.5,essential
poxB,BN373_15201,2.87990191835941,non-essential
NA,BN373_24731,3.43214113065884,non-essential
NA,BN373_21181,2.88546546403651,non-essential
yidQ,BN373_47361,3.88741473322197,non-essential
NA,BN373_38251,2.83620307942663,non-essential
ymfL,BN373_33831,2.05164826011582,non-essential
yeiH,BN373_32001,3.53393457363729,non-essential
mdtL,BN373_47561,3.95626079844213,non-essential
ppk,BN373_34851,3.33800917596014,non-essential
cpxP,BN373_48541,3.75563175471197,non-essential
rbsC,BN373_47921,4.28731692827393,non-essential
NA,BN373_41191,3.2423017968341,non-essential
aegA,BN373_34611,3.34426243518353,non-essential
cpxA,BN373_48521,3.57206912823311,non-essential
aphA,BN373_00491,3.00787555727451,non-essential
accD,BN373_33161,-6.5,essential
dppD,BN373_45341,3.46131687798521,non-essential
livF,BN373_44511,3.07794269505146,non-essential
NA,BN373_28691,3.56250224231626,non-essential
NA,BN373_39811,3.2584746881253,non-essential
NA,BN373_45471,2.93358785987898,non-essential
rpsC,BN373_43501,-6.5,essential
NA,BN373_22691,2.38415975329367,non-essential
yciY,BN373_27851,3.63966794030957,non-essential
ybjL,BN373_14931,3.75742055662125,non-essential
ydbL,BN373_20071,3.82678394631456,non-essential
ushA,BN373_09501,3.11886199299492,non-essential
yjjZ,BN373_04511,4.4158799196548,non-essential
NA,BN373_43581,4.18189158709175,non-essential
ycfP,BN373_17191,2.52283861212181,non-essential
NA,BN373_14551,2.38557860347092,non-essential
NA,BN373_03761,3.66927869337275,non-essential
NA,BN373_19781,3.43484054436559,non-essential
cysW,BN373_34301,3.59258447244689,non-essential
murQ,BN373_46851,3.39199699276086,non-essential
rplV,BN373_43511,-6.5,essential
ybjD,BN373_15261,3.21314172438935,non-essential
paaG,BN373_20301,2.97103046042312,non-essential
yedA,BN373_30091,3.47336665649437,non-essential
caiD,BN373_20291,2.91169041093064,non-essential
NA,BN373_22991,4.33639243482439,non-essential
NA,BN373_25121,2.81403546851953,non-essential
rhaS,BN373_48471,3.17466121008003,non-essential
NA,BN373_14911,3.18368652703357,non-essential
lgt,BN373_38671,-6.5,essential
phoA,BN373_08151,3.81252254660431,non-essential
NA,BN373_11481,3.62195798729485,non-essential
yigA,BN373_49341,3.12275467131155,non-essential
ydhC,BN373_25811,2.96772947173822,non-essential
NA,BN373_39531,3.47040805973814,non-essential
NA,BN373_48701,2.51713361885212,non-essential
ybeX,BN373_12631,3.31743673997551,non-essential
artP,BN373_15121,3.13527027873708,non-essential
mntR,BN373_14101,2.91855583451377,non-essential
rpsU,BN373_41271,-0.0856162423571565,essential
NA,BN373_19181,3.12404019626929,non-essential
NA,BN373_38501,3.16748899739645,non-essential
NA,BN373_08341,4.52515991259772,non-essential
yoaD,BN373_29141,2.74302196030583,non-essential
NA,BN373_11461,2.75854336225586,non-essential
NA,BN373_46341,2.92155206974093,non-essential
acrF,BN373_43141,3.12719476150641,non-essential
NA,BN373_12571,4.16345127404067,non-essential
insC1,BN373_30381,4.0966313975426,non-essential
NA,BN373_11051,3.34411115273885,non-essential
rhlE,BN373_13931,3.23134530705387,non-essential
alaC,BN373_33991,3.50495742771025,non-essential
yejB,BN373_32171,3.40071107855591,non-essential
barA,BN373_37721,3.47252452077433,non-essential
yfaZ,BN373_32661,3.05343739303714,non-essential
smpB,BN373_35961,3.09982674857635,non-essential
NA,BN373_24371,2.72288951168398,non-essential
yeeO,BN373_30281,3.58216333794243,non-essential
ybiR,BN373_14111,3.08963552051092,non-essential
bfr,BN373_43591,4.67980970128099,non-essential
ytfE,BN373_02121,3.46775639346646,non-essential
NA,BN373_19771,2.34329346862218,non-essential
yfiP,BN373_35641,3.6034056028076,non-essential
kilR,BN373_09871,4.68817251535941,non-essential
uspC,BN373_29771,2.05190699304446,non-essential
ybgK,BN373_12941,3.1300364235015,non-essential
NA,BN373_46691,2.76782130232452,non-essential
fucA,BN373_37981,2.78809960308692,non-essential
ptrA,BN373_38601,3.21145376974882,non-essential
yhbE,BN373_42441,3.44864369363654,non-essential
garL,BN373_42021,3.29591246141183,non-essential
ygfF,BN373_40021,3.35390040701312,non-essential
NA,BN373_45621,4.6656013768786,non-essential
NA,BN373_10811,3.4540302264029,non-essential
uup,BN373_15901,3.39875308891379,non-essential
eutH,BN373_34451,2.84116892808985,non-essential
NA,BN373_18631,3.31688868465529,non-essential
yaeF,BN373_06981,3.93605303969645,non-essential
NA,BN373_38901,3.30835822508504,non-essential
rplC,BN373_43561,-0.647878556812744,essential
sdaB,BN373_37851,3.12441777553001,non-essential
qorA,BN373_00451,3.36370858800364,non-essential
NA,BN373_04211,3.78214824719074,non-essential
NA,BN373_19661,3.58101713260209,non-essential
yhgF,BN373_44151,4.18124808595301,non-essential
murF,BN373_05791,-6.5,essential
NA,BN373_07281,3.12278216042286,non-essential
yehY,BN373_31701,2.60162439605284,non-essential
nudG,BN373_18341,-6.5,essential
mntP,BN373_29211,2.90945377916832,non-essential
NA,BN373_02971,3.3593771789116,non-essential
NA,BN373_07451,3.44700581782626,non-essential
treR,BN373_02641,3.36554328492757,non-essential
nagE,BN373_12731,3.24265877008154,non-essential
rlmC,BN373_15051,3.01973420610196,non-essential
rlmN,BN373_35041,3.33793442993008,non-essential
gudD,BN373_37741,3.85752224057234,non-essential
cmk,BN373_15531,-6.5,essential
phnC,BN373_07771,2.5089964148669,non-essential
ppiA,BN373_43861,4.03411920934471,non-essential
yihG,BN373_48031,3.43761949240726,non-essential
pabC,BN373_17081,3.38498476918653,non-essential
rpe,BN373_43941,2.38778356807709,non-essential
yciF,BN373_17751,3.66438789947633,non-essential
yadH,BN373_06261,4.14362808729857,non-essential
NA,BN373_48251,3.84381125210331,non-essential
lysC,BN373_00191,3.65993342561191,non-essential
NA,BN373_16381,3.44219415575284,non-essential
entD,BN373_11791,3.38006632459696,non-essential
ppx,BN373_34861,2.9291831214834,non-essential
yjdJ,BN373_39271,2.61461211677433,non-essential
NA,BN373_34901,3.28346601822926,non-essential
abgT,BN373_20891,2.81119492317041,non-essential
NA,BN373_24011,3.32236542481448,non-essential
NA,BN373_26771,3.58432266144829,non-essential
yghW,BN373_40751,3.34934404713953,non-essential
NA,BN373_10971,3.24411842544533,non-essential
ycaI,BN373_15561,3.12599275272189,non-essential
NA,BN373_21271,2.80757585052559,non-essential
rluA,BN373_05441,3.56197968086011,non-essential
yhhY,BN373_44441,3.58620827108021,non-essential
dacD,BN373_30701,3.29057023813826,non-essential
ibpA,BN373_47351,3.45170247113641,non-essential
ycgB,BN373_28931,3.46049552572992,non-essential
yaiZ,BN373_08101,3.26412649355692,non-essential
NA,BN373_28421,2.25386610205636,non-essential
rsmA,BN373_05351,3.62022813967572,non-essential
NA,BN373_23951,2.9212881589798,non-essential
NA,BN373_25881,3.31541488366662,non-essential
NA,BN373_05101,3.54729578213635,non-essential
glnH,BN373_14041,3.56086803960756,non-essential
mukF,BN373_15651,-1.7521682090936,essential
plsC,BN373_40881,-6.5,essential
rhtA,BN373_14061,2.94889286334366,non-essential
mdlB,BN373_09011,3.58381837172483,non-essential
fadR,BN373_28941,3.47891214684304,non-essential
ybgF,BN373_13191,3.5528436630307,non-essential
rnt,BN373_25721,3.24368381067887,non-essential
NA,BN373_27561,2.31667468329423,non-essential
pgl,BN373_13371,3.28079507322375,non-essential
fkpA,BN373_43691,4.19512933840538,non-essential
adeD,BN373_31571,3.1762131214636,non-essential
uspA,BN373_44961,4.95748789200019,non-essential
alsE,BN373_23201,2.98114564259025,non-essential
NA,BN373_26091,2.55509030069096,non-essential
ybbW,BN373_23641,2.82405081618984,non-essential
NA,BN373_31441,3.6721771542716,non-essential
xerC,BN373_49351,3.22882503567573,non-essential
yeaK,BN373_18021,2.42851502568353,non-essential
ydcZ,BN373_24921,3.91669553904391,non-essential
hycH,BN373_36881,3.51563724032093,non-essential
marA,BN373_21931,4.8610350189668,non-essential
NA,BN373_24591,3.43721973315299,non-essential
NA,BN373_11261,3.02254728398021,non-essential
NA,BN373_11001,2.52027796259487,non-essential
eutK,BN373_34401,3.40819663017542,non-essential
yidH,BN373_47281,2.86459600455416,non-essential
gspG,BN373_06471,3.9203067086053,non-essential
NA,BN373_26911,3.02039259152543,non-essential
NA,BN373_23021,2.8246312383733,non-essential
ttdR,BN373_16291,2.66350208985714,non-essential
NA,BN373_00941,2.97498534197913,non-essential
rusA,BN373_33791,3.03786745594054,non-essential
NA,BN373_26031,3.64206280253588,non-essential
yqgE,BN373_40341,3.0823163174004,non-essential
NA,BN373_23761,3.63998300903685,non-essential
eutG,BN373_34461,3.16824508645618,non-essential
rsmB,BN373_43251,3.84239604761642,non-essential
yebG,BN373_29491,2.42357017544663,non-essential
ptsP,BN373_38681,3.25910841933322,non-essential
ftsN,BN373_48611,2.83725053950489,non-essential
lysA,BN373_38831,3.57989386322751,non-essential
yiaF,BN373_45521,3.48062235361189,non-essential
pnp,BN373_42241,3.43327499085772,non-essential
bssR,BN373_14341,3.23895301599058,non-essential
ygdB,BN373_38631,3.78939152270395,non-essential
malT,BN373_44271,3.674454839364,non-essential
paaK,BN373_20341,3.02294227512737,non-essential
lplT,BN373_38741,3.49551691322282,non-essential
fre,BN373_49631,3.37948680698329,non-essential
polA,BN373_48041,2.18799827732811,non-essential
tdcB,BN373_28741,4.32232930180821,non-essential
glnK,BN373_09021,3.40426588635014,non-essential
yqjK,BN373_41911,2.74051200419724,non-essential
tcdA,BN373_38101,3.28459235621619,non-essential
cra,BN373_05731,3.05187447244771,non-essential
NA,BN373_28851,3.70604023221276,non-essential
ribA,BN373_18991,-6.5,essential
NA,BN373_17541,3.23784834006968,non-essential
greA,BN373_42411,3.46042921080967,non-essential
tmk,BN373_17101,-6.5,essential
lpxL,BN373_16821,3.0258953752155,non-essential
tdh,BN373_46021,3.36855141517534,non-essential
lamB,BN373_00321,3.51918998217586,non-essential
hisS,BN373_35011,-0.417462435274199,essential
NA,BN373_45071,2.09607757017249,non-essential
NA,BN373_09191,3.27355760744347,non-essential
rdgB,BN373_40411,3.34883158022058,non-essential
rlmD,BN373_37711,3.8340497899063,non-essential
trxA,BN373_49101,4.04419271349481,non-essential
NA,BN373_09921,4.51566780877832,non-essential
NA,BN373_24021,4.25687514968521,non-essential
cobU,BN373_38131,2.70986835506223,non-essential
NA,BN373_24511,3.65784742275343,non-essential
NA,BN373_09251,2.89257318248098,non-essential
NA,BN373_12131,2.93311726141281,non-essential
NA,BN373_27341,2.87961978058912,non-essential
thiP,BN373_05541,2.87755034708318,non-essential
NA,BN373_41181,3.3521416679831,non-essential
NA,BN373_30501,2.5740839522115,non-essential
ychE,BN373_27941,3.53559163296352,non-essential
ariR,BN373_13381,3.95121810029947,non-essential
yjiL,BN373_03891,3.04737939970214,non-essential
paaH,BN373_20311,2.8597826372152,non-essential
araJ,BN373_24401,3.26658151905183,non-essential
NA,BN373_27091,3.00725256116039,non-essential
astB,BN373_18471,2.68297996177043,non-essential
entA,BN373_11921,3.16348206917414,non-essential
glyA,BN373_35341,-1.94279338034982,essential
NA,BN373_20641,3.08900700464557,non-essential
garK,BN373_42001,3.33503043196766,non-essential
obgE,BN373_42431,-2.54188385153162,essential
infB,BN373_42281,-1.42029975683477,essential
NA,BN373_14511,3.47813236295997,non-essential
yfcF,BN373_33011,3.34277379319098,non-essential
maeB,BN373_34561,3.26041695816226,non-essential
sfmD,BN373_39221,3.37226026817525,non-essential
yidA,BN373_47451,3.73494697029372,non-essential
rplR,BN373_43401,-6.5,essential
NA,BN373_36661,3.76960838229079,non-essential
ldtC,BN373_17251,3.98501376398676,non-essential
atpH,BN373_47771,2.53869330836558,non-essential
yghF,BN373_06511,4.65954286417339,non-essential
NA,BN373_25191,3.25899845423181,non-essential
ybjN,BN373_14991,3.6260927916775,non-essential
treC,BN373_02621,3.287958421989,non-essential
NA,BN373_19841,3.74407947948879,non-essential
NA,BN373_34041,2.80113392430092,non-essential
eptA,BN373_13711,2.58611090728512,non-essential
NA,BN373_19851,2.34257039275308,non-essential
tsaE,BN373_01761,-6.5,essential
NA,BN373_45061,3.38705723379475,non-essential
NA,BN373_00831,3.21473035380441,non-essential
plsX,BN373_17021,3.15390057019923,non-essential
NA,BN373_25381,2.89937786138942,non-essential
fabH,BN373_17031,-6.5,essential
NA,BN373_09791,3.15312733038086,non-essential
cspE,BN373_12361,5.05363533495186,non-essential
dsbE,BN373_26601,2.50005702194461,non-essential
ndh,BN373_17201,2.7748713014258,non-essential
lptG,BN373_02841,-1.4386645347016,essential
glnS,BN373_12741,-6.5,essential
tldD,BN373_42941,3.82925863430019,non-essential
sanA,BN373_31871,4.01866558087962,non-essential
exuT,BN373_41841,3.71538124258053,non-essential
yfiR,BN373_35781,2.34067752636511,non-essential
narI,BN373_28051,2.69493912316138,non-essential
NA,BN373_06461,2.91622339625918,non-essential
phoP,BN373_17531,2.99828806101631,non-essential
sufS,BN373_27221,3.30982035899891,non-essential
epmA,BN373_01671,3.2216435594473,non-essential
yphH,BN373_35311,3.48082056836894,non-essential
lplA,BN373_04661,3.44008124086106,non-essential
purA,BN373_01861,3.51468438352727,non-essential
rbn,BN373_32761,3.72007978726388,non-essential
NA,BN373_45291,2.92279945416988,non-essential
dhaM,BN373_41511,2.5795170219918,non-essential
rpmG,BN373_46191,2.87694298834061,non-essential
dedD,BN373_33141,2.66143504833958,non-essential
NA,BN373_31451,3.57193024863769,non-essential
NA,BN373_30961,5.34302137102859,non-essential
insK,BN373_11521,5.59616056414809,non-essential
NA,BN373_07741,2.82869348962234,non-essential
xanP,BN373_46551,3.48166792087426,non-essential
NA,BN373_07081,2.99128338273705,non-essential
NA,BN373_25261,3.05487002239472,non-essential
ompX,BN373_14071,3.43333982557286,non-essential
serS,BN373_15411,-1.77646506187225,essential
malK,BN373_00311,3.09302505027587,non-essential
rpsI,BN373_42791,0.632094947924424,non-essential
deoC,BN373_04621,3.81947902155687,non-essential
NA,BN373_45311,3.10858008577538,non-essential
insD1,BN373_30401,3.84231107864929,non-essential
NA,BN373_38341,3.64662609744454,non-essential
nfi,BN373_49951,3.5740539476749,non-essential
NA,BN373_38881,3.76436444261688,non-essential
NA,BN373_23941,2.80642396962295,non-essential
acrR,BN373_09331,3.57410240635863,non-essential
hflK,BN373_01821,3.88991172094484,non-essential
ycjP,BN373_09171,2.93775983674205,non-essential
ybaE,BN373_08961,3.53442973831461,non-essential
NA,BN373_20211,2.92629849025922,non-essential
aslB,BN373_34911,3.49231185365927,non-essential
NA,BN373_48161,3.68126379586323,non-essential
srlA,BN373_36701,3.66779384999624,non-essential
NA,BN373_46641,2.95921563634292,non-essential
copA,BN373_09531,3.17680692897165,non-essential
NA,BN373_04501,4.68240415892352,non-essential
pyrG,BN373_37681,-1.51608463032494,essential
mnmA,BN373_17581,-0.304795557026332,essential
NA,BN373_28681,3.07268808520503,non-essential
bioB,BN373_13621,3.20507997046937,non-essential
prmA,BN373_43091,3.16556081239119,non-essential
kdsD,BN373_42571,3.67600602074387,non-essential
yjhP,BN373_07441,3.15769114610243,non-essential
panB,BN373_06311,3.7161128519908,non-essential
hofP,BN373_44011,2.49094431662437,non-essential
pbpG,BN373_31751,3.23148928801895,non-essential
ybiC,BN373_26741,3.19555790908745,non-essential
yqhD,BN373_40831,3.67527596223077,non-essential
NA,BN373_00601,3.56134011827884,non-essential
paaE,BN373_20281,3.21168970665311,non-essential
acpS,BN373_35461,-6.5,essential
NA,BN373_30881,4.02919124729595,non-essential
NA,BN373_21251,4.46651420770261,non-essential
srlD,BN373_36731,3.47390957149216,non-essential
speD,BN373_06161,3.75410421189033,non-essential
yeiG,BN373_31941,3.10295076041789,non-essential
nudC,BN373_49931,3.63601432954547,non-essential
NA,BN373_28661,2.67301933408033,non-essential
metI,BN373_07031,4.61522078963912,non-essential
ybhB,BN373_13601,2.93127469747283,non-essential
dapB,BN373_05241,-6.5,essential
hmp,BN373_35351,3.04069932924978,non-essential
ybhS,BN373_13841,2.95934521344071,non-essential
hisI,BN373_30851,3.44547858085597,non-essential
pncB,BN373_15791,2.86482650538354,non-essential
gsk,BN373_09461,3.83161826302821,non-essential
NA,BN373_45031,3.02080365140996,non-essential
NA,BN373_24681,2.95302246681068,non-essential
NA,BN373_00091,3.33771403662215,non-essential
yiaY,BN373_41441,3.50200868311845,non-essential
rplI,BN373_02081,3.81141085052935,non-essential
NA,BN373_02601,2.96176294671151,non-essential
NA,BN373_14331,2.89534731047851,non-essential
NA,BN373_48941,4.60715865340496,non-essential
NA,BN373_45041,2.88766221537981,non-essential
NA,BN373_26881,3.05731365204151,non-essential
NA,BN373_10581,3.59542270804126,non-essential
bglH,BN373_47641,4.19939322504143,non-essential
NA,BN373_47051,2.90403010710352,non-essential
acrD,BN373_34621,3.40190289469997,non-essential
mhpF,BN373_27031,3.50201271400839,non-essential
dmsC,BN373_15441,2.71981987069045,non-essential
rluF,BN373_00161,2.981291843863,non-essential
fdnG,BN373_24471,3.68345192133288,non-essential
yoaC,BN373_39331,3.25701298701994,non-essential
NA,BN373_12171,3.2161889026211,non-essential
msyB,BN373_16801,2.50674538067999,non-essential
tsaB,BN373_29071,-6.5,essential
yeeY,BN373_30751,3.1369797064506,non-essential
mrdB,BN373_12461,-6.5,essential
potI,BN373_15031,2.97895488420215,non-essential
pstB,BN373_47661,3.31616195443965,non-essential
hisH,BN373_30821,3.60236206830254,non-essential
alaS,BN373_36621,-3.1224814263135,essential
dkgA,BN373_40841,3.05937900993396,non-essential
NA,BN373_08651,3.75340267834358,non-essential
NA,BN373_00551,3.44813996079336,non-essential
pdxK,BN373_34251,2.93641309967642,non-essential
NA,BN373_09101,3.55016255279593,non-essential
spoT,BN373_46401,2.21622276203885,non-essential
nuoL,BN373_32791,3.46845032112496,non-essential
NA,BN373_23341,3.31947661843084,non-essential
NA,BN373_23791,2.77917191042141,non-essential
ileS,BN373_05021,-6.5,essential
yebC,BN373_29641,2.15200401420517,non-essential
bamE,BN373_35931,3.89925304293474,non-essential
amiB,BN373_01771,3.5321852813744,non-essential
alaE,BN373_36371,3.84219979492462,non-essential
rpsQ,BN373_43471,-6.5,essential
bisC,BN373_45451,2.78850083533283,non-essential
dacC,BN373_14381,2.83816445795939,non-essential
rutE,BN373_16491,2.8674810267487,non-essential
pspF,BN373_19231,2.93155111495728,non-essential
ygdR,BN373_38721,3.66320278753613,non-essential
NA,BN373_45631,4.2784398626628,non-essential
yjjQ,BN373_04451,4.71785028304993,non-essential
rfbA,BN373_49171,3.53177340780987,non-essential
aspS,BN373_29661,-6.5,essential
rffG,BN373_49161,3.56684462887487,non-essential
prmC,BN373_28271,2.93201338618767,non-essential
murI,BN373_48901,-2.27083032456175,essential
der,BN373_34981,-2.23725251215371,essential
fmt,BN373_43241,0.577084364213765,non-essential
NA,BN373_02031,3.4932960804139,non-essential
folA,BN373_05321,-6.5,essential
NA,BN373_02501,3.54123423111539,non-essential
yfhM,BN373_35071,3.32530550457987,non-essential
pgaB,BN373_01271,3.10115354038305,non-essential
NA,BN373_04341,3.08161420533293,non-essential
pepN,BN373_15801,3.37310960582894,non-essential
yciT,BN373_19061,3.62599902659871,non-essential
tatD,BN373_49601,3.79936569730048,non-essential
NA,BN373_03531,3.41348402238127,non-essential
yqjC,BN373_41881,1.91464145887156,non-essential
mobA,BN373_47991,2.6165059151433,non-essential
hcp,BN373_15231,3.79403210711403,non-essential
narV,BN373_24641,3.7580317312922,non-essential
NA,BN373_28151,3.38789401855889,non-essential
gloA,BN373_25711,3.56114892800394,non-essential
yccF,BN373_16031,3.21946613444676,non-essential
mlaE,BN373_42541,3.60873639272298,non-essential
deoR,BN373_14391,2.79983913147024,non-essential
rpsE,BN373_43391,-6.5,essential
NA,BN373_26471,3.03594247371826,non-essential
sbmC,BN373_30691,3.85207264616304,non-essential
fadH,BN373_41721,2.47271406429932,non-essential
fklB,BN373_02101,3.85331349374076,non-essential
rplP,BN373_43491,-6.5,essential
NA,BN373_39151,3.6658385726208,non-essential
tsaD,BN373_41261,-6.5,essential
pldA,BN373_49411,3.59918696485882,non-essential
NA,BN373_28141,3.08361780722147,non-essential
NA,BN373_13901,3.84514242393214,non-essential
NA,BN373_07911,3.29781472984339,non-essential
yajO,BN373_08601,3.20393621482521,non-essential
ybfE,BN373_12791,3.51440550913318,non-essential
yedK,BN373_21511,3.90715544974475,non-essential
NA,BN373_32351,3.32747576948491,non-essential
NA,BN373_26711,3.20600801723641,non-essential
nagA,BN373_12711,3.2550266974719,non-essential
NA,BN373_46981,3.29718982215834,non-essential
gmk,BN373_46381,-1.80356167068314,essential
NA,BN373_26161,3.42965988562426,non-essential
gltJ,BN373_12601,4.13517798872748,non-essential
queC,BN373_08951,3.60357343584979,non-essential
NA,BN373_03491,3.10381881848243,non-essential
yafD,BN373_07091,2.91467792650897,non-essential
ydgH,BN373_20811,3.44545689282142,non-essential
yfhH,BN373_35441,2.87494888227084,non-essential
rhaD,BN373_48441,3.52530883415845,non-essential
zitB,BN373_13221,2.40025502759167,non-essential
glpE,BN373_44301,3.8637147637772,non-essential
priA,BN373_48631,-3.61892893941168,essential
uxuR,BN373_38791,2.77625199231922,non-essential
NA,BN373_13671,-6.5,essential
NA,BN373_49851,3.69868913688567,non-essential
ybjE,BN373_15241,5.14281649551009,non-essential
yeaM,BN373_18001,3.17652475946208,non-essential
glyQ,BN373_45661,-2.37424654266148,essential
gcvT,BN373_40051,3.36185256083354,non-essential
csrD,BN373_43011,3.59033131894097,non-essential
yjjU,BN373_04591,3.09341759894032,non-essential
viaA,BN373_47871,3.65623723081829,non-essential
ybfA,BN373_12891,4.28350031172524,non-essential
galE,BN373_13291,2.92336228557271,non-essential
minE,BN373_29031,-6.5,essential
sodB,BN373_25761,2.59432762252213,non-essential
fepD,BN373_11861,2.80366990229997,non-essential
NA,BN373_24321,2.61888137312132,non-essential
rnc,BN373_35501,-1.05199724164057,essential
NA,BN373_36001,3.53609933321806,non-essential
udk,BN373_31221,2.38457858641907,non-essential
nadE,BN373_18511,-6.5,essential
NA,BN373_02521,3.49606718740801,non-essential
dadX,BN373_28911,3.05031162255034,non-essential
prfB,BN373_39861,-6.5,essential
lolD,BN373_17281,-6.5,essential
NA,BN373_24351,2.70352561267893,non-essential
alr,BN373_00471,3.26064833759291,non-essential
cysA,BN373_34291,3.69630101348789,non-essential
NA,BN373_30451,3.9151787226599,non-essential
purU,BN373_28021,3.31166543467096,non-essential
ubiE,BN373_49541,-1.09044232191699,essential
rluD,BN373_35711,4.16111765854692,non-essential
acs,BN373_00881,3.44030712073822,non-essential
ftsA,BN373_05871,-6.5,essential
purN,BN373_34841,2.88176369899733,non-essential
rpsS,BN373_43521,-6.5,essential
pstA,BN373_47671,3.03746505655435,non-essential
yhbY,BN373_42401,4.15355240668257,non-essential
ihfB,BN373_15551,3.74346464325782,non-essential
mraZ,BN373_05741,1.94099244970332,non-essential
NA,BN373_11561,3.45711860079154,non-essential
ridA,BN373_02661,2.94760742639031,non-essential
NA,BN373_46101,3.05993181604895,non-essential
rpmH,BN373_47501,-6.5,essential
mioC,BN373_47841,3.80715567200057,non-essential
creA,BN373_04771,3.63944582875185,non-essential
gntX,BN373_44221,3.87201842591624,non-essential
ttcA,BN373_19961,3.6582711249746,non-essential
yfcG,BN373_33021,3.63995943684258,non-essential
yceA,BN373_16831,2.7296783699986,non-essential
rnpA,BN373_47511,-0.826818169464423,essential
atpC,BN373_47731,2.35859980946516,non-essential
truC,BN373_37781,3.04351853136847,non-essential
nlpA,BN373_46721,3.02693801236424,non-essential
ptsI,BN373_34221,3.15479048797903,non-essential
rpoB,BN373_49801,-3.48309958074078,essential
rpoC,BN373_49811,-1.96373775465755,essential
NA,BN373_00211,3.11131969296597,non-essential
uraA,BN373_34791,3.58382046940342,non-essential
NA,BN373_23911,3.72093311541206,non-essential
atoA,BN373_32481,3.34076862165024,non-essential
NA,BN373_07481,3.30444848834224,non-essential
yeiB,BN373_31921,3.23801539405655,non-essential
rpsG,BN373_43631,-1.23313464581867,essential
talB,BN373_04901,3.53744276939744,non-essential
glnP,BN373_14031,0.98645408244702,non-essential
ispF,BN373_37521,-6.5,essential
oxyR,BN373_48831,3.96328140840273,non-essential
NA,BN373_13581,3.01371872321905,non-essential
ftsY,BN373_44651,-2.03051459123447,essential
atpG,BN373_47751,3.24488908861036,non-essential
trmL,BN373_45921,3.7766196522437,non-essential
galS,BN373_31911,3.60305181070273,non-essential
rlmL,BN373_15891,3.49650698866314,non-essential
ugpA,BN373_44491,3.79046290987947,non-essential
ybaB,BN373_09411,3.64261427992874,non-essential
rbfA,BN373_42271,0.998444635439367,non-essential
ygdQ,BN373_38711,3.36920121223523,non-essential
ihfA,BN373_27601,3.38212377507789,non-essential
nlpD,BN373_37481,3.98947297854709,non-essential
ispH,BN373_05051,-6.5,essential
glgX,BN373_44351,3.79153207963271,non-essential
rpmE,BN373_48641,1.31999348429994,non-essential
rna,BN373_12331,3.35263467150326,non-essential
vsr,BN373_30101,2.90509656891817,non-essential
NA,BN373_14631,2.60444955938745,non-essential
chiQ,BN373_12761,2.97718587606883,non-essential
NA,BN373_39451,2.76177050948048,non-essential
phnH,BN373_01101,3.1507772825906,non-essential
chbA,BN373_18551,3.52829195673039,non-essential
tauA,BN373_07991,3.51609375087002,non-essential
yeaR,BN373_30561,5.39944674661535,non-essential
pfo,BN373_20001,3.16425056252583,non-essential
ykgM,BN373_09231,1.88018181498942,non-essential
ugpE,BN373_44481,3.59485121758279,non-essential
yehT,BN373_31651,3.42723209244094,non-essential
murC,BN373_05841,-6.5,essential
hipA,BN373_22481,3.16585537609385,non-essential
rpsB,BN373_06741,-6.5,essential
rpsJ,BN373_43571,-6.5,essential
rplN,BN373_43461,-6.5,essential
fhuD,BN373_06581,3.55691079924515,non-essential
NA,BN373_11961,2.49134345840516,non-essential
NA,BN373_07231,3.13375792893692,non-essential
NA,BN373_10211,3.99186937147284,non-essential
aroG,BN373_13241,2.4302666219304,non-essential
yfeO,BN373_34031,3.02535089633629,non-essential
ynbE,BN373_20061,3.49089488475635,non-essential
ydiH,BN373_20841,3.64495848336139,non-essential
NA,BN373_22271,2.98146199098804,non-essential
wecG,BN373_49231,3.51146449305871,non-essential
ychF,BN373_28371,3.55939553992982,non-essential
yieH,BN373_47611,3.75399451945829,non-essential
NA,BN373_13431,5.00449157305633,non-essential
NA,BN373_36861,2.92385523138506,non-essential
rlmA,BN373_29221,1.96204571719005,non-essential
NA,BN373_46751,3.59459633520722,non-essential
rimK,BN373_14981,3.37764715872999,non-essential
yedQ,BN373_30071,3.27775668533288,non-essential
NA,BN373_10551,4.28180078378509,non-essential
phoE,BN373_07701,3.8784294582693,non-essential
dapA,BN373_34711,-1.4898220132206,essential
NA,BN373_29871,3.70932940522528,non-essential
melB,BN373_01181,3.53725363496297,non-essential
malQ,BN373_44251,3.65164194847519,non-essential
ydcR,BN373_25071,3.08254436276282,non-essential
NA,BN373_46941,3.22670615812535,non-essential
ygiB,BN373_41021,3.0537697769903,non-essential
eutJ,BN373_34471,3.62964728929229,non-essential
yagA,BN373_30481,3.35621118320168,non-essential
solA,BN373_16851,3.24154750681509,non-essential
NA,BN373_38511,3.77910810498271,non-essential
NA,BN373_08031,3.18593253342826,non-essential
yegS,BN373_31361,3.22425768823671,non-essential
NA,BN373_05081,2.92275416941524,non-essential
NA,BN373_41311,2.49124714552693,non-essential
deaD,BN373_42221,3.41706290009956,non-essential
NA,BN373_36401,3.14598131559653,non-essential
csiD,BN373_07421,2.56967672516697,non-essential
yciE,BN373_17761,3.62997579672388,non-essential
dcuR,BN373_21061,2.82400981191139,non-essential
NA,BN373_26411,2.79632801280993,non-essential
NA,BN373_12981,3.28848612665297,non-essential
yeaL,BN373_18011,3.00581275872306,non-essential
eutC,BN373_34421,2.43499167036435,non-essential
NA,BN373_38911,3.85655189254401,non-essential
NA,BN373_37031,3.12988082595595,non-essential
sseB,BN373_35111,3.11846752843145,non-essential
NA,BN373_24221,3.12279608531539,non-essential
mscS,BN373_40171,3.28714825783375,non-essential
NA,BN373_11221,2.7767003040324,non-essential
intB,BN373_30291,3.52313697940347,non-essential
NA,BN373_04251,2.96382851379474,non-essential
nlpE,BN373_06971,4.20317493991168,non-essential
secA,BN373_05911,-3.39103326670276,essential
NA,BN373_26731,4.24543036389875,non-essential
yeiR,BN373_32121,3.45617274251153,non-essential
ydiB,BN373_08761,3.36321982023613,non-essential
NA,BN373_18081,2.84613491669449,non-essential
patA,BN373_41551,2.71998282165262,non-essential
menD,BN373_32731,2.68646137389714,non-essential
aspA,BN373_01401,3.72332746403894,non-essential
wecC,BN373_49151,3.69469983118329,non-essential
yjdC,BN373_01361,3.52883162710703,non-essential
mobB,BN373_47981,3.09077108453263,non-essential
yihD,BN373_48001,2.28106872298424,non-essential
ftsQ,BN373_05861,-0.697538422661428,essential
fruA,BN373_32021,3.27168873018864,non-essential
pepA,BN373_02821,3.64885549986201,non-essential
NA,BN373_04241,2.92957649104134,non-essential
NA,BN373_31741,2.74375252520489,non-essential
ptsG,BN373_17131,3.40117016287296,non-essential
dhaL,BN373_41501,2.875672639092,non-essential
waaH,BN373_46141,3.37667707038676,non-essential
ynfL,BN373_21301,2.77698498815943,non-essential
eutD,BN373_34511,2.51596418612162,non-essential
NA,BN373_23581,2.38399984353264,non-essential
NA,BN373_03241,3.41422980482762,non-essential
ypfJ,BN373_34681,3.0369111626473,non-essential
greB,BN373_44141,3.41322809116641,non-essential
NA,BN373_09831,3.41366402022805,non-essential
pspD,BN373_19271,2.98342238993088,non-essential
yeaV,BN373_16271,3.60430719199029,non-essential
yafK,BN373_07221,2.8834202533803,non-essential
waaA,BN373_46151,-1.8459407942284,essential
yfaE,BN373_32551,3.5885371011545,non-essential
ybeD,BN373_12431,2.86946499932851,non-essential
ada,BN373_32391,3.19302607162317,non-essential
dgkA,BN373_00371,3.36247297596623,non-essential
rimO,BN373_14321,3.16257524877924,non-essential
opgB,BN373_04371,3.61808442468751,non-essential
NA,BN373_26841,3.54766821674655,non-essential
rseP,BN373_06811,0.566942451792912,non-essential
hypB,BN373_36971,2.50771978412408,non-essential
NA,BN373_26451,2.75603630740699,non-essential
NA,BN373_27751,4.8323933804277,non-essential
ygiC,BN373_41031,3.53435679998143,non-essential
yhdV,BN373_43151,3.86510853270117,non-essential
yfgO,BN373_34741,3.329897636077,non-essential
NA,BN373_41741,3.0336772304279,non-essential
NA,BN373_22381,3.55610766967093,non-essential
NA,BN373_24161,2.8714044344697,non-essential
gntT,BN373_44241,4.07955079427096,non-essential
perR,BN373_13881,3.92562167792685,non-essential
NA,BN373_09181,3.57798828092545,non-essential
actP,BN373_00851,3.46549013307609,non-essential
recG,BN373_46421,3.59277289419001,non-essential
yobH,BN373_29271,3.85324539709213,non-essential
msrB,BN373_18201,3.43413571137528,non-essential
nhaA,BN373_04981,3.41845435638338,non-essential
cadA,BN373_10641,3.12301361775905,non-essential
mdtM,BN373_03921,3.33540014565501,non-essential
NA,BN373_11661,3.84967407043969,non-essential
holD,BN373_04531,0.101152912348803,non-essential
yaiY,BN373_08091,3.72226273345833,non-essential
rcnA,BN373_09111,3.23507781015359,non-essential
yiiF,BN373_48171,3.61627965214412,non-essential
cmoB,BN373_29711,3.05102266490011,non-essential
ecpE,BN373_07831,2.57176561053015,non-essential
hypE,BN373_37001,3.41680828750796,non-essential
tauD,BN373_08021,3.6540928117949,non-essential
yieL,BN373_47631,3.2493649085906,non-essential
NA,BN373_06451,3.06432625215924,non-essential
fhuC,BN373_06571,2.96307728373192,non-essential
recN,BN373_35921,3.37786551206712,non-essential
ybbO,BN373_09601,3.17130109686697,non-essential
NA,BN373_31281,3.41228123454143,non-essential
trmI,BN373_40481,3.01650927774231,non-essential
lptD,BN373_05381,-1.28232064982501,essential
NA,BN373_27361,2.24459467864119,non-essential
dgoT,BN373_47381,3.89516791631313,non-essential
yhfA,BN373_43791,3.78552886110034,non-essential
NA,BN373_47031,2.86141562661737,non-essential
yjhX,BN373_07431,3.48539574098587,non-essential
NA,BN373_24481,4.0144066022921,non-essential
NA,BN373_39981,3.49097375545154,non-essential
lpxK,BN373_15581,-6.5,essential
ylaC,BN373_09271,3.46188203934053,non-essential
glpT,BN373_32571,3.47379198896094,non-essential
NA,BN373_24081,3.8771435697524,non-essential
yiaG,BN373_45541,4.02858172162543,non-essential
yhhM,BN373_44681,3.37137837610796,non-essential
NA,BN373_14501,4.22738541998093,non-essential
NA,BN373_07841,2.71609489990154,non-essential
moaB,BN373_13741,2.93441419231755,non-essential
NA,BN373_03881,3.18711553326292,non-essential
hycG,BN373_36891,3.25803259009967,non-essential
rplQ,BN373_43311,-6.5,essential
ynfE,BN373_21371,3.06864672850826,non-essential
NA,BN373_27881,3.1867219559569,non-essential
cbl,BN373_30191,3.57944073724098,non-essential
ybcM,BN373_16101,3.40809483649873,non-essential
NA,BN373_21871,3.0043599907854,non-essential
acrS,BN373_43121,4.5365358053679,non-essential
NA,BN373_00801,4.4802289024552,non-essential
yibT,BN373_45871,2.64474453249465,non-essential
NA,BN373_01311,4.46591951149441,non-essential
ybgL,BN373_12951,2.31814782641396,non-essential
NA,BN373_08511,2.87292891589246,non-essential
NA,BN373_00791,0.808125327073384,non-essential
NA,BN373_11591,2.29776070893541,non-essential
NA,BN373_10771,2.99770431774886,non-essential
hinT,BN373_17141,3.4854787046069,non-essential
dapE,BN373_34641,-6.5,essential
NA,BN373_26231,2.08324773943897,non-essential
ddpD,BN373_26061,2.71128177204996,non-essential
cytR,BN373_48621,3.62379995251639,non-essential
NA,BN373_24781,3.17327898992987,non-essential
sucC,BN373_13071,2.7850342324707,non-essential
hemB,BN373_08041,2.33400234520623,non-essential
NA,BN373_10231,3.95013997573811,non-essential
NA,BN373_00591,0.737642582037138,non-essential
NA,BN373_41241,2.86387729428025,non-essential
glmU,BN373_47711,-6.5,essential
ddlB,BN373_05851,2.0607989198572,non-essential
NA,BN373_12211,3.64147889191581,non-essential
NA,BN373_37131,2.96641262010035,non-essential
nikB,BN373_11571,3.49965000945454,non-essential
cyoC,BN373_08811,3.61319914765693,non-essential
NA,BN373_14781,3.76057580713851,non-essential
ycjY,BN373_19401,2.41947212372014,non-essential
eutA,BN373_34441,2.37966085452085,non-essential
hofM,BN373_44041,3.80684699729771,non-essential
phoH,BN373_16631,3.71855853170724,non-essential
yegQ,BN373_31351,2.98416357450813,non-essential
NA,BN373_05201,3.14182266635024,non-essential
yheU,BN373_43771,3.85197438420381,non-essential
NA,BN373_23121,3.69918191823079,non-essential
yabI,BN373_05521,3.16502747544577,non-essential
yqcA,BN373_37771,4.00199378688824,non-essential
wecD,BN373_49181,3.10312593822054,non-essential
trmD,BN373_35841,-6.5,essential
NA,BN373_28631,3.50761208036067,non-essential
NA,BN373_06121,3.64619648450179,non-essential
ycdY,BN373_16721,3.82970186916951,non-essential
NA,BN373_44611,3.36708885710913,non-essential
ygiW,BN373_40911,3.82278481874434,non-essential
NA,BN373_23241,4.03742186145699,non-essential
norW,BN373_36791,2.92334745899577,non-essential
NA,BN373_33591,1.98301139289007,non-essential
NA,BN373_20551,3.37711734628856,non-essential
NA,BN373_18871,2.79050237705284,non-essential
purD,BN373_50021,3.83257553591139,non-essential
NA,BN373_07661,3.55973359944528,non-essential
NA,BN373_20661,3.40019312651042,non-essential
astE,BN373_18481,2.69883333939092,non-essential
nadK,BN373_35911,-0.460040292946734,essential
ycfQ,BN373_17231,3.188717247922,non-essential
ndk,BN373_35051,3.560488061145,non-essential
NA,BN373_14641,3.46677473182362,non-essential
NA,BN373_18321,2.33220506746358,non-essential
cvpA,BN373_33131,3.69874842011029,non-essential
gldA,BN373_48741,3.40862545684938,non-essential
dps,BN373_14051,3.27883806317156,non-essential
NA,BN373_19391,2.56075107535765,non-essential
mdaB,BN373_40941,3.68324318500089,non-essential
yajD,BN373_18221,2.96569865052235,non-essential
malY,BN373_20671,3.4557226418565,non-essential
NA,BN373_13991,2.67058359309003,non-essential
corA,BN373_49381,3.61521875624694,non-essential
NA,BN373_36801,3.17903641795082,non-essential
NA,BN373_38401,3.4008391437093,non-essential
yidD,BN373_47521,3.5487913216539,non-essential
ampD,BN373_06021,3.93115500635632,non-essential
ybaV,BN373_08931,3.28503136254635,non-essential
NA,BN373_38521,3.18481697093058,non-essential
yehX,BN373_31691,3.03381262880018,non-essential
NA,BN373_08131,3.43574186376431,non-essential
NA,BN373_23351,3.12040894439294,non-essential
narY,BN373_24621,3.40059467614923,non-essential
tktB,BN373_34581,3.08910066873571,non-essential
tktA,BN373_40211,2.86501956106313,non-essential
yhdT,BN373_43071,2.90545482760689,non-essential
NA,BN373_17411,3.9459486638761,non-essential
acnA,BN373_18981,3.21196005471952,non-essential
fimA,BN373_39191,3.45896728320119,non-essential
NA,BN373_26441,3.12391681266131,non-essential
NA,BN373_44431,3.34327284160335,non-essential
yadE,BN373_06281,3.80030872501282,non-essential
bioC,BN373_13641,1.97314866792814,non-essential
cspC,BN373_29241,5.57493197170382,non-essential
arcA,BN373_04811,3.05053652428026,non-essential
NA,BN373_17351,2.73409781089935,non-essential
NA,BN373_23051,4.16620988729573,non-essential
yhiN,BN373_44931,3.07105292310412,non-essential
ypfN,BN373_34651,1.60470265651438,non-essential
pcm,BN373_37491,3.33010344518075,non-essential
yfeA,BN373_34091,3.58651372135965,non-essential
moaE,BN373_13771,2.52766281265784,non-essential
melA,BN373_01171,3.5659555146762,non-essential
yliI,BN373_14351,2.33883951701337,non-essential
purF,BN373_33121,3.25008119225145,non-essential
ydgC,BN373_20781,2.82880757506079,non-essential
rsmJ,BN373_44981,3.15759383487922,non-essential
NA,BN373_19511,2.9495218437568,non-essential
hcaF,BN373_24521,3.09221792443638,non-essential
xylA,BN373_45721,3.17660463138763,non-essential
bcsE,BN373_45231,4.34024612863562,non-essential
cueR,BN373_09541,3.32804028595554,non-essential
fabI,BN373_19101,-0.843625729715319,essential
NA,BN373_36601,4.02472205361403,non-essential
NA,BN373_39131,2.64091197128038,non-essential
mltA,BN373_38111,3.21528776644466,non-essential
NA,BN373_24941,3.2173584810638,non-essential
yacL,BN373_06151,4.20382383095909,non-essential
yrdB,BN373_43171,3.22450150658401,non-essential
recR,BN373_09421,2.78410101508464,non-essential
proV,BN373_36461,4.75215874691873,non-essential
glgC,BN373_44341,3.97069747694368,non-essential
NA,BN373_08061,2.83477120892663,non-essential
ydiY,BN373_27681,4.72085665032436,non-essential
mdtC,BN373_31311,3.19192341691803,non-essential
bcp,BN373_34731,3.31963173844433,non-essential
npr,BN373_42661,3.4777697228064,non-essential
leuB,BN373_05671,3.005279609328,non-essential
glpG,BN373_44291,3.88940734465968,non-essential
serC,BN373_15511,3.45127102020018,non-essential
nfsB,BN373_11241,3.15173117668199,non-essential
mrdA,BN373_12471,-0.712772774464561,essential
ypdB,BN373_34011,3.6037487131984,non-essential
yfgJ,BN373_34961,3.32838441200365,non-essential
sgrR,BN373_05561,3.18746159829316,non-essential
gshB,BN373_40331,2.95974582965584,non-essential
bglB,BN373_31791,2.90482360524565,non-essential
ppiB,BN373_09701,0.935671622405035,non-essential
yhhJ,BN373_03711,3.12785571204166,non-essential
thiM,BN373_31541,3.15086094159063,non-essential
adhP,BN373_24331,3.15503523109385,non-essential
NA,BN373_43041,2.42309072893177,non-essential
pth,BN373_28361,-6.5,essential
ypfH,BN373_34661,2.42611151161505,non-essential
yehW,BN373_31681,3.70024786211792,non-essential
trpB,BN373_18801,2.96697831958092,non-essential
ftsK,BN373_15381,1.86402033541599,non-essential
msrA,BN373_02251,3.51273680437257,non-essential
umuC,BN373_18061,3.86394079658003,non-essential
tig,BN373_08871,3.8170149344944,non-essential
mepA,BN373_33281,2.91644114943518,non-essential
tpiA,BN373_46471,3.29672668963901,non-essential
coaE,BN373_05951,-6.5,essential
ychO,BN373_28121,3.09966913125774,non-essential
NA,BN373_31391,3.48788513003396,non-essential
uvrC,BN373_29941,3.52285101993403,non-essential
yrbG,BN373_42561,3.73309460612632,non-essential
potF,BN373_15001,3.18327899453842,non-essential
metN,BN373_07041,3.88026769989494,non-essential
mutY,BN373_40491,3.50819619295804,non-essential
NA,BN373_22761,2.73289335818942,non-essential
NA,BN373_14601,2.880751895127,non-essential
NA,BN373_04201,2.69555941566499,non-essential
ynfK,BN373_21321,3.54156179935251,non-essential
NA,BN373_21121,3.18221020998475,non-essential
puuP,BN373_16351,3.30059351197512,non-essential
moaA,BN373_13731,2.86472934131523,non-essential
ydgD,BN373_21241,3.17921270807134,non-essential
hypA,BN373_36961,3.46183284488233,non-essential
baeR,BN373_31341,2.7468116720347,non-essential
tufB,BN373_43611,4.18185583566594,non-essential
tufA,BN373_49731,4.12510116493609,non-essential
ubiB,BN373_49561,-1.62060601053379,essential
NA,BN373_38221,2.58563166707565,non-essential
yjfF,BN373_02361,3.11726493824083,non-essential
typA,BN373_48111,4.11702484556699,non-essential
cadC,BN373_10621,4.32271073883546,non-essential
ispB,BN373_42471,-0.675575583560355,essential
NA,BN373_31961,4.9626641072408,non-essential
asnC,BN373_47851,4.23405552573865,non-essential
dsbA,BN373_48021,3.30790031223637,non-essential
ydiK,BN373_27451,3.77149228088639,non-essential
glpC,BN373_32601,3.49785848517971,non-essential
adhE,BN373_27951,3.40366795561966,non-essential
hdfR,BN373_48911,3.17193995974114,non-essential
panE,BN373_08671,3.58808951800232,non-essential
minC,BN373_29011,3.64413057838522,non-essential
NA,BN373_12221,2.51888248984806,non-essential
gcvA,BN373_38061,3.27127943760554,non-essential
yfeC,BN373_34111,3.20375657332411,non-essential
rpiA,BN373_40131,2.33216875915749,non-essential
ybjT,BN373_15181,2.58236183627555,non-essential
ahr,BN373_03031,2.9801948214393,non-essential
NA,BN373_13921,3.30142308759214,non-essential
pnuC,BN373_13211,2.89454781793848,non-essential
NA,BN373_18031,4.01592500708335,non-essential
dnaT,BN373_04401,-6.5,essential
acpP,BN373_17061,-6.5,essential
rpmA,BN373_42451,-6.5,essential
tsgA,BN373_43871,4.32626300171564,non-essential
NA,BN373_48311,3.19858982216297,non-essential
NA,BN373_41401,3.10136667260683,non-essential
NA,BN373_22361,3.94356142196499,non-essential
NA,BN373_17821,4.81207551663919,non-essential
NA,BN373_05091,2.97091702564014,non-essential
efeO,BN373_16611,3.27054378720646,non-essential
nagZ,BN373_17181,2.61002453409466,non-essential
NA,BN373_33691,3.1574136768933,non-essential
glgB,BN373_44361,3.61454164319915,non-essential
evgS,BN373_39751,3.65948027077149,non-essential
NA,BN373_24761,3.0988857016843,non-essential
zur,BN373_00411,3.14752432122361,non-essential
uspB,BN373_44951,4.20015818379026,non-essential
ftnA,BN373_29881,5.41149054226818,non-essential
NA,BN373_02441,2.82229167320521,non-essential
ycaC,BN373_16651,3.68508531757505,non-essential
yaaA,BN373_04881,4.05720250889312,non-essential
narW,BN373_24631,2.96496108855234,non-essential
ychJ,BN373_28011,3.25744398206454,non-essential
rpsL,BN373_43641,-6.5,essential
NA,BN373_22551,3.83409579889384,non-essential
sapD,BN373_19141,3.52351207434333,non-essential
NA,BN373_20451,3.53844280808971,non-essential
NA,BN373_19791,2.70869610186292,non-essential
era,BN373_35491,-1.46431925782351,essential
SL1344_1967,BN373_09941,-6.5,essential
rpsH,BN373_43421,-6.5,essential
NA,BN373_41211,3.42235854019296,non-essential
gspL,BN373_06421,3.06448210217642,non-essential
yieE,BN373_47581,3.62824847670646,non-essential
ynfB,BN373_21411,2.9753403286355,non-essential
frdD,BN373_01631,3.08065483621386,non-essential
NA,BN373_11021,4.16417367761388,non-essential
yebE,BN373_29481,2.99247057648619,non-essential
prkB,BN373_43781,4.2852697757502,non-essential
fimH,BN373_39251,2.73153789714688,non-essential
rutD,BN373_16501,3.19679049146528,non-essential
acpH,BN373_08441,2.12305030053099,non-essential
NA,BN373_38981,3.41204735780565,non-essential
NA,BN373_08331,3.1772602540501,non-essential
yphB,BN373_35281,3.63827033814488,non-essential
iscS,BN373_35191,-0.910888819442289,essential
uvrA,BN373_00521,3.2810986032761,non-essential
fabA,BN373_15951,-6.5,essential
uvrB,BN373_13681,2.996868123047,non-essential
oxc,BN373_02941,3.35433932822428,non-essential
rplE,BN373_43441,-6.5,essential
yhdW,BN373_07871,3.22476805891976,non-essential
chbR,BN373_18561,4.73634469139427,non-essential
NA,BN373_29201,5.00653268501592,non-essential
NA,BN373_06531,3.53369815631555,non-essential
chbF,BN373_18571,3.57980205444319,non-essential
dtpC,BN373_10651,2.35343844677,non-essential
dmsB,BN373_21361,3.83971700187826,non-essential
NA,BN373_18781,2.20227989785206,non-essential
NA,BN373_25781,-6.5,essential
NA,BN373_03771,2.96181348720418,non-essential
rutA,BN373_16531,2.98484878684589,non-essential
yegT,BN373_11081,2.92745927114755,non-essential
NA,BN373_22211,3.20820305177261,non-essential
valS,BN373_02801,-1.25397511001609,essential
yehS,BN373_31641,3.89114713389034,non-essential
glnE,BN373_41101,3.1600232121417,non-essential
NA,BN373_46761,2.92944820804099,non-essential
NA,BN373_36551,2.24382276033148,non-essential
rhaA,BN373_48451,3.89817877036913,non-essential
NA,BN373_02991,3.133857081039,non-essential
ansA,BN373_18251,3.94728562379744,non-essential
ychQ,BN373_28261,1.13346073537416,non-essential
fxsA,BN373_01411,3.07892123037415,non-essential
parC,BN373_40891,-3.43791498953362,essential
arnF,BN373_44761,3.20495993535658,non-essential
ilvA,BN373_48991,3.52581881387115,non-essential
pgaC,BN373_01261,3.02944356103949,non-essential
yhcO,BN373_42891,2.72476339941869,non-essential
NA,BN373_09971,3.9358799018646,non-essential
NA,BN373_09221,2.52974587963191,non-essential
hrpB,BN373_06381,3.37127805253751,non-essential
NA,BN373_26581,4.5437990679782,non-essential
yceD,BN373_17001,2.93753022605552,non-essential
NA,BN373_22521,4.04896486015106,non-essential
NA,BN373_36201,3.66164507074771,non-essential
NA,BN373_03871,3.12888907987477,non-essential
NA,BN373_22391,2.64788600671697,non-essential
nikR,BN373_44901,3.44753648578584,non-essential
rsxC,BN373_25481,3.33332728863373,non-essential
uspG,BN373_13511,3.89180969014517,non-essential
pepD,BN373_07331,3.70782682968402,non-essential
nuoH,BN373_32831,2.56028910276513,non-essential
gntU,BN373_44381,3.57975779688743,non-essential
maa,BN373_09281,4.5865391812339,non-essential
truD,BN373_37511,2.71313001155223,non-essential
lpxM,BN373_29561,2.40984484658889,non-essential
rluB,BN373_18881,3.06151281072184,non-essential
ypeC,BN373_34061,2.77342830341895,non-essential
dsbD,BN373_01371,3.47457409846842,non-essential
phnK,BN373_01071,3.35445043738285,non-essential
pfkB,BN373_27691,3.57657947479107,non-essential
mdtP,BN373_39321,3.30763742001793,non-essential
gmr,BN373_30571,3.95049085215631,non-essential
NA,BN373_20191,3.27766970957695,non-essential
NA,BN373_06441,2.70397781101255,non-essential
NA,BN373_42321,5.60424722042717,non-essential
yhhX,BN373_44421,3.65905381733087,non-essential
NA,BN373_10321,3.90812562320698,non-essential
NA,BN373_31591,3.34575932217824,non-essential
yqiB,BN373_40991,3.36067136581037,non-essential
secF,BN373_08491,-6.5,essential
NA,BN373_34971,3.3219519960247,non-essential
NA,BN373_42041,2.72749892089693,non-essential
NA,BN373_26521,5.52469998061086,non-essential
NA,BN373_07561,3.4892382654521,non-essential
brnQ,BN373_08301,3.75761469576482,non-essential
speG,BN373_21401,3.04136387353838,non-essential
sdaC,BN373_37841,3.62602938234506,non-essential
nepI,BN373_47091,3.38744577176699,non-essential
secD,BN373_08481,-2.538564454058,essential
ettA,BN373_04711,3.52939608009908,non-essential
NA,BN373_21171,3.69991714592022,non-essential
lipA,BN373_12401,0.684356777757932,non-essential
rhmT,BN373_32621,3.4056246598205,non-essential
ynfD,BN373_21381,3.83145995465868,non-essential
NA,BN373_16391,1.93222733289928,non-essential
NA,BN373_12151,3.72361467432498,non-essential
aaeR,BN373_42931,3.50804540535776,non-essential
mgrB,BN373_29261,4.40756587155415,non-essential
ompC,BN373_32411,3.8249931015491,non-essential
thiE,BN373_49901,3.97039862555135,non-essential
ytcA,BN373_39291,2.39121023714048,non-essential
bcsC,BN373_45171,3.39814049751631,non-essential
NA,BN373_26721,3.30806815393473,non-essential
lptE,BN373_12531,-6.5,essential
gspD,BN373_06501,3.98943279083403,non-essential
NA,BN373_23231,3.89376463570075,non-essential
yebT,BN373_29351,3.23138908996297,non-essential
NA,BN373_37101,2.72413387078143,non-essential
NA,BN373_03171,4.58865566535321,non-essential
sdhC,BN373_13011,3.0368671474643,non-essential
waaL,BN373_46081,4.93285990319959,non-essential
ycjG,BN373_19351,2.55229090388979,non-essential
ydhS,BN373_23311,2.58569416173943,non-essential
acrA,BN373_09321,3.54144977263989,non-essential
ycjS,BN373_11101,3.09308700104362,non-essential
narK,BN373_28091,3.19354310322923,non-essential
puuB,BN373_16301,3.05824404318799,non-essential
diaA,BN373_42091,3.33981147283884,non-essential
livM,BN373_44531,3.40806038205576,non-essential
fbaB,BN373_31521,3.94726547079041,non-essential
ybdG,BN373_11131,3.98762082068508,non-essential
pptA,BN373_24701,2.87475046409378,non-essential
NA,BN373_11471,3.96112857558186,non-essential
lysR,BN373_38841,3.24606444793208,non-essential
yjiX,BN373_04001,2.86567472062049,non-essential
aroM,BN373_08221,2.45217355948403,non-essential
NA,BN373_28411,2.94389996270572,non-essential
glcD,BN373_26311,3.33132820959416,non-essential
cdh,BN373_46491,3.34005056780258,non-essential
NA,BN373_03381,3.87841049837107,non-essential
NA,BN373_23671,3.74802330423001,non-essential
ybdM,BN373_12251,3.4815721980583,non-essential
NA,BN373_06001,3.88458100027883,non-essential
NA,BN373_03941,3.1130998415904,non-essential
yiaA,BN373_45691,3.3053589861668,non-essential
rarA,BN373_15401,3.07253410059253,non-essential
srlE,BN373_36711,3.84104406346892,non-essential
slyB,BN373_25601,4.29152594200409,non-essential
phoR,BN373_08291,3.47119299259981,non-essential
phnL,BN373_01061,3.31606255275133,non-essential
NA,BN373_09801,3.0889562592902,non-essential
NA,BN373_15721,3.37124469310008,non-essential
NA,BN373_21041,3.22187862352109,non-essential
NA,BN373_46661,3.5191119179472,non-essential
NA,BN373_02881,3.02688582287114,non-essential
ydaM,BN373_23691,3.11899377885882,non-essential
NA,BN373_47721,2.85316238089923,non-essential
frmR,BN373_25341,2.96674064422911,non-essential
yhjH,BN373_39061,4.33295986802367,non-essential
yphA,BN373_35331,1.17498076287647,non-essential
yidG,BN373_47271,3.42603835318439,non-essential
NA,BN373_38921,3.40299251609811,non-essential
cof,BN373_08971,3.48577493317964,non-essential
phnJ,BN373_01081,3.30188260183231,non-essential
NA,BN373_07751,1.9144502267585,non-essential
uidR,BN373_16681,4.36310255573268,non-essential
NA,BN373_49441,4.08038293644246,non-essential
malS,BN373_45781,3.32566247205653,non-essential
ycdX,BN373_16711,4.00164456524125,non-essential
ybjI,BN373_14421,3.16381667487767,non-essential
NA,BN373_14741,2.52579732429365,non-essential
gstA,BN373_25541,3.61342210607664,non-essential
NA,BN373_02921,2.80506687544962,non-essential
ydcS,BN373_25061,3.66464193498991,non-essential
paaB,BN373_20251,3.10267652140296,non-essential
artI,BN373_15111,3.12795294535934,non-essential
alx,BN373_41781,3.80545013667827,non-essential
rutR,BN373_16541,3.52129574130023,non-essential
NA,BN373_16951,3.49959211987333,non-essential
NA,BN373_16551,2.4470915781981,non-essential
NA,BN373_15761,3.31704737389631,non-essential
NA,BN373_30211,2.51539822551325,non-essential
rhlB,BN373_49091,3.59542792482652,non-essential
mlaA,BN373_33371,3.41127988011128,non-essential
NA,BN373_27391,3.70102420373063,non-essential
yheT,BN373_43761,3.85227840910055,non-essential
malM,BN373_00331,3.14164540962404,non-essential
NA,BN373_11761,2.98472505122032,non-essential
NA,BN373_31121,4.20412790490747,non-essential
ppdA,BN373_38651,3.13087122600266,non-essential
NA,BN373_23061,3.48301777993196,non-essential
yfjD,BN373_35891,3.75017832417656,non-essential
bglF,BN373_31801,3.43643485799911,non-essential
entF,BN373_11831,3.06810442377047,non-essential
wecH,BN373_45681,3.54289945753825,non-essential
NA,BN373_23411,3.73710864827788,non-essential
yecD,BN373_29671,3.7503232760754,non-essential
ygdH,BN373_37831,3.34959114473266,non-essential
NA,BN373_45491,2.80287424588605,non-essential
NA,BN373_30581,5.11961940627573,non-essential
NA,BN373_21951,2.78444011189783,non-essential
NA,BN373_16841,2.92948191372524,non-essential
NA,BN373_22621,3.36903901003178,non-essential
yebW,BN373_29381,3.39483764054133,non-essential
yicH,BN373_46561,3.16460785893696,non-essential
NA,BN373_11771,3.25104363286827,non-essential
NA,BN373_47431,3.70448764709061,non-essential
NA,BN373_19741,3.3607744579126,non-essential
NA,BN373_21571,2.77643518717821,non-essential
yfgF,BN373_34871,3.82450700998089,non-essential
yjjP,BN373_04421,3.08929261065473,non-essential
ydaN,BN373_19941,3.10302045268723,non-essential
NA,BN373_11331,3.18275672450666,non-essential
ybdH,BN373_11991,3.52705560314772,non-essential
lpd,BN373_06101,1.15649858858608,non-essential
NA,BN373_17931,-6.5,essential
NA,BN373_24551,3.09498122789301,non-essential
ybiV,BN373_14221,2.26912288488199,non-essential
yjfN,BN373_01911,3.25664577785119,non-essential
NA,BN373_22291,3.336252973188,non-essential
paaJ,BN373_20971,2.97848743802465,non-essential
ghrB,BN373_45511,3.49231732291617,non-essential
feoC,BN373_44191,4.33888961154031,non-essential
rbsR,BN373_47951,4.00407749441891,non-essential
cysP,BN373_34321,3.97674634667523,non-essential
nirD,BN373_43901,3.36054306694039,non-essential
ymiA,BN373_18971,4.19366489906484,non-essential
NA,BN373_01191,3.26836678203018,non-essential
NA,BN373_37411,3.00630726264606,non-essential
NA,BN373_31261,2.85286336503966,non-essential
NA,BN373_05291,3.60752966776837,non-essential
rhaT,BN373_48491,3.47598096129258,non-essential
NA,BN373_30171,3.74467986857161,non-essential
NA,BN373_14151,3.12804165956279,non-essential
paaY,BN373_20361,2.62941625691627,non-essential
yidR,BN373_47371,3.63554930709563,non-essential
uhpB,BN373_47151,3.22308698593457,non-essential
ydcP,BN373_25151,3.42132256252452,non-essential
yicG,BN373_46361,3.25140149481585,non-essential
osmF,BN373_31711,3.49702850272269,non-essential
ompN,BN373_19991,4.79477486053566,non-essential
yheO,BN373_43681,3.27764982346851,non-essential
ybgI,BN373_12921,2.90535767652284,non-essential
acrZ,BN373_13321,4.01819846219389,non-essential
yiiM,BN373_48511,3.37565833292406,non-essential
ribE,BN373_08561,-6.5,essential
yhaL,BN373_41971,3.40650596759629,non-essential
tgt,BN373_08461,3.45637973606791,non-essential
NA,BN373_36361,2.74252477874084,non-essential
ydcI,BN373_25311,3.90345199530968,non-essential
yhaH,BN373_41941,3.96452666774188,non-essential
gcd,BN373_06221,3.58638577739265,non-essential
proC,BN373_08171,3.07230235183194,non-essential
NA,BN373_22371,3.55455025729117,non-essential
NA,BN373_40441,2.95212542500277,non-essential
aroE,BN373_43181,4.00237329647491,non-essential
ydcO,BN373_25171,3.31228596089116,non-essential
NA,BN373_02141,3.81661056727217,non-essential
purK,BN373_09661,3.05110878513788,non-essential
feoB,BN373_44181,3.85804205946522,non-essential
yiaC,BN373_45441,3.43740724599823,non-essential
ybdN,BN373_12261,4.43470711013613,non-essential
NA,BN373_03981,3.81342387754458,non-essential
rsmF,BN373_29361,2.7241734164952,non-essential
NA,BN373_39261,3.18596434341121,non-essential
NA,BN373_39081,3.12228761177632,non-essential
NA,BN373_44841,3.49985824805674,non-essential
chrR,BN373_47591,3.85553326328344,non-essential
nikD,BN373_44881,3.06698082113334,non-essential
NA,BN373_38321,4.02373636108125,non-essential
NA,BN373_36541,3.12020853673942,non-essential
NA,BN373_49841,3.76369847583097,non-essential
qseC,BN373_40931,3.11467717614598,non-essential
NA,BN373_36061,2.37870601402152,non-essential
NA,BN373_23081,3.19297872092924,non-essential
NA,BN373_18101,3.11490531961166,non-essential
NA,BN373_37091,2.98307331832417,non-essential
NA,BN373_00991,3.44790075329941,non-essential
yidJ,BN373_34921,3.8969118330943,non-essential
NA,BN373_30651,3.04809372129774,non-essential
NA,BN373_07881,3.74289748376987,non-essential
NA,BN373_22031,2.66934505815246,non-essential
NA,BN373_37231,3.01472948546356,non-essential
kdpA,BN373_12881,3.11568892230851,non-essential
ybcK,BN373_27731,5.00367076758246,non-essential
NA,BN373_22311,2.87120644477307,non-essential
nhaR,BN373_04991,3.05485781286659,non-essential
NA,BN373_14851,2.91907621317233,non-essential
ycaN,BN373_22941,3.1954347202433,non-essential
cobC,BN373_12501,3.10012070057632,non-essential
NA,BN373_17871,3.03044092641785,non-essential
clpP,BN373_08881,3.71177248809064,non-essential
wecA,BN373_49121,3.88809580069687,non-essential
pssA,BN373_35661,-1.00272781523619,essential
NA,BN373_07731,2.93118803333903,non-essential
fucO,BN373_37971,3.21236835040034,non-essential
NA,BN373_00541,3.24770104262916,non-essential
gsiD,BN373_14311,2.33761902441998,non-essential
ddpC,BN373_45351,3.35476992797044,non-essential
NA,BN373_46931,3.57384785291753,non-essential
yejE,BN373_32181,3.44710576341061,non-essential
dgoR,BN373_47421,3.29834138711076,non-essential
umuD,BN373_18051,3.42089106830744,non-essential
hycB,BN373_36941,3.58439231620756,non-essential
allC,BN373_23361,3.10652303347828,non-essential
NA,BN373_12071,3.35357426992949,non-essential
NA,BN373_13591,2.89816065814073,non-essential
NA,BN373_04121,3.18820856230675,non-essential
NA,BN373_34201,2.48945989162942,non-essential
NA,BN373_22191,5.13852647589608,non-essential
rlmB,BN373_01891,3.70757659567187,non-essential
rne,BN373_16971,1.22205454448465,non-essential
rbbA,BN373_03721,3.01562725006169,non-essential
ulaA,BN373_01971,3.94759469524144,non-essential
ulaB,BN373_01981,3.93549751265862,non-essential
NA,BN373_07501,3.71244820316694,non-essential
rsmG,BN373_47821,4.41864375979399,non-essential
ydfU,BN373_33781,3.10385264535306,non-essential
NA,BN373_25141,3.47205473310277,non-essential
yjgR,BN373_02851,3.3560707224125,non-essential
aqpZ,BN373_15251,4.68520219237788,non-essential
sodA,BN373_48501,3.57002682316471,non-essential
malF,BN373_00291,3.42850185162728,non-essential
NA,BN373_10731,2.99310254904886,non-essential
potH,BN373_15021,3.13822162162265,non-essential
ybiX,BN373_18721,3.09248330097567,non-essential
ynaJ,BN373_17911,3.93119811985493,non-essential
yhbS,BN373_42161,3.87266528132094,non-essential
NA,BN373_22261,2.88893566209467,non-essential
bcsQ,BN373_45211,3.55171880957697,non-essential
NA,BN373_39121,3.91105176221019,non-essential
NA,BN373_11321,2.79718499097656,non-essential
NA,BN373_31371,2.84990286536867,non-essential
satP,BN373_04931,3.66196854173092,non-essential
ydfG,BN373_21471,3.67650208133482,non-essential
NA,BN373_19891,3.38634851129861,non-essential
NA,BN373_37041,2.83946617428358,non-essential
rhtB,BN373_49451,3.6816656787646,non-essential
NA,BN373_26111,3.2355926719463,non-essential
NA,BN373_48321,2.16445599156592,non-essential
lpxD,BN373_06841,-6.5,essential
NA,BN373_06111,3.48428163849558,non-essential
NA,BN373_14561,1.72882408759414,non-essential
NA,BN373_06431,3.12640505620954,non-essential
fetB,BN373_09581,3.82662070969877,non-essential
livH,BN373_44541,3.82989307387137,non-essential
selD,BN373_18301,2.68892643189337,non-essential
NA,BN373_24341,3.76928818766803,non-essential
NA,BN373_11171,3.32024374266493,non-essential
yhjC,BN373_45081,2.68413073756866,non-essential
yecS,BN373_29991,3.27980444811662,non-essential
atoS,BN373_32451,2.80457755512991,non-essential
NA,BN373_31561,3.57830150011769,non-essential
NA,BN373_03001,3.17187647394587,non-essential
NA,BN373_09151,2.78510534868005,non-essential
NA,BN373_04471,2.94345091377538,non-essential
NA,BN373_39671,3.36706329543839,non-essential
NA,BN373_10371,3.13029652410503,non-essential
opgH,BN373_16781,3.81729531073404,non-essential
yobA,BN373_29441,2.81040113504657,non-essential
yifL,BN373_49321,2.58895666797682,non-essential
zinT,BN373_48771,3.3336245285357,non-essential
NA,BN373_17881,3.64094627343253,non-essential
dnaN,BN373_47481,-6.5,essential
NA,BN373_19491,3.13512131614602,non-essential
NA,BN373_31511,3.99959143418927,non-essential
hofC,BN373_05971,3.27704021412168,non-essential
NA,BN373_38971,2.99938498100866,non-essential
yiiR,BN373_46451,3.59841061314725,non-essential
sdhB,BN373_13041,2.49591001669,non-essential
NA,BN373_00841,2.97601941096203,non-essential
NA,BN373_11281,3.09364822816956,non-essential
NA,BN373_10791,3.04350731008644,non-essential
accB,BN373_43051,-1.20777721309306,essential
fiu,BN373_18731,3.37004080159853,non-essential
NA,BN373_04261,3.22525860120217,non-essential
NA,BN373_11181,3.99722754518279,non-essential
yfdX,BN373_41351,3.29759952013875,non-essential
NA,BN373_14371,1.48039552461435,non-essential
yedR,BN373_30131,4.25227627791685,non-essential
NA,BN373_37941,2.79878425882485,non-essential
NA,BN373_25901,3.69893222090119,non-essential
yfdV,BN373_21141,3.09432574228658,non-essential
NA,BN373_03581,3.60690254410374,non-essential
ygeX,BN373_15751,3.43112923157064,non-essential
nhaB,BN373_28951,3.13454120991278,non-essential
ynjA,BN373_18401,2.48467724792405,non-essential
bglA,BN373_39971,4.05501342547396,non-essential
NA,BN373_46481,3.42778282540315,non-essential
mraY,BN373_05801,-2.08973979354552,essential
fadI,BN373_33341,2.84837438912334,non-essential
stpA,BN373_36351,5.54416345731302,non-essential
NA,BN373_17381,3.25226080582036,non-essential
hslJ,BN373_20021,2.93163497593461,non-essential
ybiT,BN373_14161,3.14286283937586,non-essential
yqjI,BN373_41541,2.62757070948295,non-essential
NA,BN373_10121,1.14872540397088,non-essential
rhmD,BN373_32631,3.32919510851336,non-essential
rpiB,BN373_17391,4.54219079338478,non-essential
NA,BN373_28551,4.05013673103618,non-essential
soxS,BN373_00711,2.8233969896827,non-essential
NA,BN373_23181,2.61568928627158,non-essential
NA,BN373_24311,3.36074958296471,non-essential
NA,BN373_13911,2.7969624264126,non-essential
eutR,BN373_34391,3.4132865982211,non-essential
hycD,BN373_36921,2.80358666312419,non-essential
NA,BN373_02511,3.36308904570145,non-essential
hofN,BN373_44031,3.98089000920543,non-essential
fabZ,BN373_06851,-6.5,essential
nrdF,BN373_36451,3.1012940675362,non-essential
nuoA,BN373_32891,4.00344042625737,non-essential
hycA,BN373_36951,3.69999795415485,non-essential
chbC,BN373_18541,3.60583110931928,non-essential
NA,BN373_10511,4.62476750667929,non-essential
NA,BN373_01201,2.82340188618967,non-essential
uspE,BN373_20851,2.64816188319077,non-essential
NA,BN373_21111,2.65968762003868,non-essential
NA,BN373_08121,3.43577491879308,non-essential
NA,BN373_07951,2.81116529598505,non-essential
NA,BN373_25371,4.28730519916325,non-essential
NA,BN373_02911,4.09734427932854,non-essential
psuT,BN373_04611,3.01153662244389,non-essential
ybdO,BN373_12271,4.0596197530903,non-essential
folM,BN373_20791,3.60120657344883,non-essential
NA,BN373_28581,4.60498892229708,non-essential
NA,BN373_00731,3.38924219687687,non-essential
yqaA,BN373_36581,3.19246158544913,non-essential
NA,BN373_19421,2.99779651173276,non-essential
NA,BN373_20941,3.55571657235768,non-essential
fes,BN373_11811,3.47792091580399,non-essential
NA,BN373_28181,3.31110463458275,non-essential
yajQ,BN373_08681,2.9754442156627,non-essential
nuoE,BN373_32861,3.09380773686136,non-essential
ybdZ,BN373_11821,3.41758474742167,non-essential
putP,BN373_16571,4.10990864119028,non-essential
NA,BN373_37931,2.77701867797402,non-essential
NA,BN373_10471,4.50152679764115,non-essential
NA,BN373_26121,3.34208356748795,non-essential
NA,BN373_30541,2.91347968027311,non-essential
NA,BN373_06051,3.96748205882974,non-essential
gudX,BN373_37751,3.65198267409108,non-essential
NA,BN373_11781,3.01494257729188,non-essential
NA,BN373_05461,2.43096786261006,non-essential
NA,BN373_00421,3.49762702063005,non-essential
rlmH,BN373_12481,2.88986344629121,non-essential
nsrR,BN373_01871,3.88809058246891,non-essential
entE,BN373_11901,3.65352626400965,non-essential
NA,BN373_29921,2.96112871488842,non-essential
yehC,BN373_39101,4.47171007822045,non-essential
NA,BN373_17771,2.4742317333161,non-essential
NA,BN373_33601,2.54537601606448,non-essential
ylaB,BN373_09131,3.03457481180376,non-essential
citX,BN373_05431,3.49446177223615,non-essential
NA,BN373_03271,1.92759603511718,non-essential
NA,BN373_19761,3.4374892935079,non-essential
paaA,BN373_20241,3.58795858332849,non-essential
NA,BN373_26291,2.91070938551631,non-essential
NA,BN373_23441,2.06026481395533,non-essential
NA,BN373_05421,4.01796663985585,non-essential
NA,BN373_25931,4.13959362812679,non-essential
NA,BN373_16251,2.87124150226257,non-essential
NA,BN373_18771,3.17480481305901,non-essential
yghU,BN373_40741,3.08727169209762,non-essential
entB,BN373_11911,2.98877749502847,non-essential
fimG,BN373_39241,3.64365406486939,non-essential
NA,BN373_10271,3.86959067745647,non-essential
NA,BN373_12001,3.66600971664811,non-essential
dut,BN373_46231,-6.5,essential
amtB,BN373_09031,3.93576699366531,non-essential
NA,BN373_03601,3.24629006379605,non-essential
ybaN,BN373_09381,3.84953205153987,non-essential
yicS,BN373_46881,2.42937144985526,non-essential
yaaI,BN373_04951,3.8403172986286,non-essential
frdC,BN373_01641,2.93838845648144,non-essential
NA,BN373_31381,3.31586597112506,non-essential
ratB,BN373_35941,3.93691360873104,non-essential
NA,BN373_23881,3.40070048196083,non-essential
potC,BN373_17471,3.18822717595817,non-essential
hdeA,BN373_39701,2.52529065989416,non-essential
yebK,BN373_29541,2.57984935256525,non-essential
NA,BN373_10781,3.29634767922482,non-essential
NA,BN373_36261,3.89568996705523,non-essential
NA,BN373_07521,4.44847288639203,non-essential
chbG,BN373_18581,3.40364765978582,non-essential
NA,BN373_17551,2.3008918621174,non-essential
NA,BN373_00231,0.567422245997271,non-essential
NA,BN373_17831,5.25028391381485,non-essential
sdhE,BN373_39921,3.56095060937284,non-essential
zwf,BN373_29531,2.92023458043186,non-essential
NA,BN373_26901,3.6696571324797,non-essential
ydcK,BN373_25231,2.61986935809652,non-essential
NA,BN373_08771,3.23490114926044,non-essential
dppC,BN373_11381,3.31244744318979,non-essential
kdsC,BN373_42581,1.84277986093537,non-essential
cedA,BN373_18601,3.48320871196445,non-essential
NA,BN373_07541,3.50068908603192,non-essential
dcyD,BN373_30001,2.99495327864277,non-essential
ligB,BN373_46371,3.09238870346184,non-essential
NA,BN373_46891,2.87560921244723,non-essential
nupG,BN373_40521,3.58411867158298,non-essential
fdoI,BN373_48201,3.69912170735325,non-essential
fepG,BN373_11851,2.57353677404986,non-essential
hydN,BN373_36821,2.96868105318946,non-essential
dhaR,BN373_41471,3.439506432204,non-essential
yfeH,BN373_34141,3.08048544506103,non-essential
tolQ,BN373_13141,2.86764625428365,non-essential
NA,BN373_35091,3.78732499478582,non-essential
NA,BN373_28451,2.8177321451733,non-essential
fadJ,BN373_33331,2.98465363925849,non-essential
NA,BN373_08411,4.50882874611897,non-essential
uhpA,BN373_47161,3.12634427402477,non-essential
yciN,BN373_18931,3.61491182864777,non-essential
NA,BN373_11211,2.88183512105803,non-essential
NA,BN373_31551,3.77751010382066,non-essential
NA,BN373_13891,3.72703256603174,non-essential
NA,BN373_37301,3.50388615739303,non-essential
prmB,BN373_33301,3.65623929675759,non-essential
tolA,BN373_13161,2.29379295565424,non-essential
glgA,BN373_44331,4.00433404310725,non-essential
NA,BN373_22611,3.06853982336303,non-essential
NA,BN373_27351,2.6472743141185,non-essential
NA,BN373_04351,3.67844832022583,non-essential
mcbR,BN373_23631,3.12877932684954,non-essential
NA,BN373_26871,3.01852065719981,non-essential
tusC,BN373_43661,0.156826773661815,non-essential
fis,BN373_43111,4.34985881867732,non-essential
yhjJ,BN373_45141,3.47817656713602,non-essential
moaC,BN373_13751,3.41807349066336,non-essential
fruB,BN373_32041,2.75363304148206,non-essential
csgD,BN373_40361,4.91492817766049,non-essential
NA,BN373_28171,3.11157234060693,non-essential
pepB,BN373_35121,3.88362366535976,non-essential
speE,BN373_06171,3.60541685386524,non-essential
tdcA,BN373_28751,4.16479846122715,non-essential
NA,BN373_26551,5.30288062779203,non-essential
yiaB,BN373_45701,2.50080169063039,non-essential
chiP,BN373_12751,3.88262636345998,non-essential
NA,BN373_45501,3.58493421987612,non-essential
NA,BN373_11301,3.12326758835135,non-essential
NA,BN373_10381,3.80540204443908,non-essential
puuD,BN373_16331,3.24944004414833,non-essential
ulaF,BN373_02021,3.73838416237473,non-essential
NA,BN373_45561,2.84584707739341,non-essential
yjfY,BN373_02041,3.80550570352046,non-essential
NA,BN373_05191,3.09049576349642,non-essential
yraP,BN373_42101,3.89560716213066,non-essential
arsC,BN373_39351,2.7544446339054,non-essential
narJ,BN373_28061,3.11353550952424,non-essential
eutQ,BN373_34531,2.63854960431716,non-essential
NA,BN373_17221,3.02403771058652,non-essential
tqsA,BN373_21201,2.90960125001271,non-essential
ybaL,BN373_09471,3.41679385622947,non-essential
creC,BN373_04791,3.35830849390389,non-essential
NA,BN373_31411,3.77167435332864,non-essential
NA,BN373_29861,2.93029133344984,non-essential
proW,BN373_36471,3.58635241795522,non-essential
NA,BN373_11691,2.53862901898917,non-essential
ydiZ,BN373_27701,4.10361751843555,non-essential
NA,BN373_46911,3.10873562561313,non-essential
yneE,BN373_24051,4.05990685661691,non-essential
NA,BN373_22591,4.20923095386908,non-essential
NA,BN373_17711,2.90392934928186,non-essential
NA,BN373_25961,4.07195931853885,non-essential
NA,BN373_39391,3.83347663457776,non-essential
NA,BN373_12141,3.30126934102433,non-essential
NA,BN373_12191,3.04990730149435,non-essential
NA,BN373_10011,3.50314815540103,non-essential
yceH,BN373_16921,2.60375367399178,non-essential
NA,BN373_28971,3.21061959770539,non-essential
NA,BN373_01961,3.42938694359217,non-essential
NA,BN373_09891,3.4263131231111,non-essential
yqaE,BN373_20591,3.32434724200789,non-essential
NA,BN373_47441,3.32177484894332,non-essential
glpR,BN373_44281,3.57275004133964,non-essential
panD,BN373_06291,2.84443072307857,non-essential
hsrA,BN373_47961,3.96244064612836,non-essential
ygdG,BN373_37961,2.56911851471636,non-essential
moeB,BN373_14251,2.79628693639673,non-essential
yfdC,BN373_33381,3.33645235219996,non-essential
mmuP,BN373_07971,3.0035154544208,non-essential
pstS,BN373_47691,3.15508197585587,non-essential
narH,BN373_28071,3.0025410235655,non-essential
bcsF,BN373_45241,3.74657080896171,non-essential
NA,BN373_04071,3.11927023529603,non-essential
bluR,BN373_13421,3.80839290562721,non-essential
cadB,BN373_10631,3.9425419819098,non-essential
mdtH,BN373_16901,3.45543260100279,non-essential
fdnI,BN373_24451,3.97041907575355,non-essential
trmH,BN373_46411,3.48160217726125,non-essential
ygbA,BN373_37151,3.75338773779374,non-essential
yjdN,BN373_01131,3.57709988086083,non-essential
metE,BN373_49501,3.71811301016627,non-essential
yihA,BN373_48051,-6.5,essential
psiF,BN373_08161,3.27545257872351,non-essential
NA,BN373_15141,1.11408160728025,non-essential
ybeL,BN373_12551,3.74856665636439,non-essential
fadM,BN373_08941,3.51361945962554,non-essential
NA,BN373_19681,3.39483910776219,non-essential
NA,BN373_15781,3.05093614359312,non-essential
NA,BN373_37071,2.33280680546627,non-essential
hdeD,BN373_41361,4.02104345969991,non-essential
rhmA,BN373_32611,3.44185822276987,non-essential
ycdT,BN373_15151,4.08737022591839,non-essential
NA,BN373_39641,3.61678800016873,non-essential
hipB,BN373_22471,1.47028760641675,non-essential
NA,BN373_00811,3.39376754457787,non-essential
NA,BN373_05211,3.03315338641585,non-essential
NA,BN373_34241,0.331604063965636,non-essential
cvrA,BN373_28901,3.2909958086495,non-essential
NA,BN373_35811,3.16017817490143,non-essential
NA,BN373_16431,1.69233832279659,non-essential
eutP,BN373_34541,3.88066039715698,non-essential
yjdI,BN373_39281,2.85777079465259,non-essential
yecN,BN373_29691,3.57024985660456,non-essential
NA,BN373_24951,2.33412493388925,non-essential
NA,BN373_11751,2.90928404176868,non-essential
NA,BN373_46331,3.78652197629911,non-essential
ftnB,BN373_29831,3.63428587412705,non-essential
yafP,BN373_07321,3.04659959273595,non-essential
NA,BN373_08361,3.26385623060952,non-essential
yedF,BN373_20611,2.7748549816595,non-essential
eutN,BN373_34491,3.25281180712385,non-essential
NA,BN373_25271,3.44506956815571,non-essential
ybdJ,BN373_11291,5.54526091831602,non-essential
NA,BN373_02891,3.32394816370568,non-essential
yejM,BN373_32311,2.27952019472054,non-essential
pgaA,BN373_01281,2.78935238463801,non-essential
rob,BN373_04761,3.45872577460865,non-essential
abrB,BN373_19331,3.25068664086579,non-essential
NA,BN373_35241,2.92666140308214,non-essential
NA,BN373_37861,3.55471472308313,non-essential
argD,BN373_43821,3.84354952558246,non-essential
yohC,BN373_31761,3.79865883443825,non-essential
gss,BN373_40721,2.81027982170597,non-essential
NA,BN373_12561,4.44920289008272,non-essential
NA,BN373_20881,2.29998373464079,non-essential
NA,BN373_02301,3.37988259449811,non-essential
NA,BN373_22181,3.88004373014601,non-essential
NA,BN373_39161,4.95470060662389,non-essential
NA,BN373_02931,2.62554580475944,non-essential
NA,BN373_10851,4.29653637138677,non-essential
NA,BN373_21561,2.57403534060209,non-essential
lsrR,BN373_41701,2.80930024764285,non-essential
ppiC,BN373_49021,3.5652297049,non-essential
trpE,BN373_18831,3.57811771086835,non-essential
ygjV,BN373_41801,3.81033697326219,non-essential
NA,BN373_44161,2.03981653342053,non-essential
NA,BN373_25131,3.68607092066075,non-essential
ydcV,BN373_25031,2.78067077102294,non-essential
NA,BN373_31821,3.96624944615531,non-essential
NA,BN373_20161,3.3598304015587,non-essential
proQ,BN373_29321,2.62917252801607,non-essential
baeS,BN373_31331,2.97985825078513,non-essential
yhhN,BN373_44691,3.94652307002124,non-essential
NA,BN373_24381,3.05816139263179,non-essential
thiI,BN373_08641,3.03949577678156,non-essential
lsrC,BN373_41681,3.18766827301394,non-essential
tonB,BN373_27721,2.59078544840838,non-essential
NA,BN373_02451,3.0512208681156,non-essential
NA,BN373_09481,3.0478137230442,non-essential
eutS,BN373_34551,4.11458891846903,non-essential
garD,BN373_42051,3.25006473254373,non-essential
mliC,BN373_25581,2.63521033949013,non-essential
NA,BN373_25111,4.08162481121904,non-essential
NA,BN373_01591,3.19131911668895,non-essential
NA,BN373_20511,2.73370122701686,non-essential
NA,BN373_14731,3.10857336858727,non-essential
NA,BN373_00951,3.4159810519423,non-essential
NA,BN373_27141,3.0834391438676,non-essential
NA,BN373_48271,3.92778002472817,non-essential
NA,BN373_08391,3.83828035750037,non-essential
NA,BN373_31461,3.41652455844505,non-essential
yqaB,BN373_36591,3.26209234981437,non-essential
NA,BN373_05171,1.90279877057934,non-essential
NA,BN373_21161,3.42364443448063,non-essential
iscX,BN373_35131,3.00175597961631,non-essential
paaC,BN373_20261,3.37716637916491,non-essential
NA,BN373_17801,3.97533864853065,non-essential
ymjA,BN373_24241,1.72254080877235,non-essential
ninE,BN373_10091,0.811661450524136,non-essential
ynjE,BN373_18361,2.97977260230863,non-essential
NA,BN373_26261,2.21801109362955,non-essential
NA,BN373_18121,2.70161892815786,non-essential
yagH,BN373_03451,3.39600100673918,non-essential
NA,BN373_02611,2.52502735073686,non-essential
ygbN,BN373_21591,3.11537939641558,non-essential
kefF,BN373_05301,4.16155865579624,non-essential
NA,BN373_38351,3.27239407389299,non-essential
NA,BN373_25001,2.6779227068348,non-essential
NA,BN373_36111,3.39776332076752,non-essential
nikA,BN373_44851,3.13291900321334,non-essential
NA,BN373_19811,2.62525544939821,non-essential
NA,BN373_46711,3.20372685524897,non-essential
NA,BN373_12831,2.35389321165809,non-essential
NA,BN373_12031,3.06066253675907,non-essential
NA,BN373_30631,3.48194359537076,non-essential
ydhZ,BN373_27171,3.64870488971321,non-essential
ydhI,BN373_25631,3.19819790107086,non-essential
yigI,BN373_49401,3.64897991355425,non-essential
gudP,BN373_37761,3.56165450461137,non-essential
frlA,BN373_07961,2.73078320894404,non-essential
NA,BN373_21051,3.3062898663869,non-essential
fhuA,BN373_06561,3.91817773218963,non-essential
can,BN373_06241,2.71372877183236,non-essential
ybjC,BN373_14961,3.58541937802064,non-essential
yghD,BN373_06411,3.43887021956061,non-essential
NA,BN373_47041,2.87276160943396,non-essential
NA,BN373_48711,3.26015694844851,non-essential
NA,BN373_39091,3.25520856937954,non-essential
yhjY,BN373_45421,3.38289440361824,non-essential
NA,BN373_33971,3.11489419210481,non-essential
aroD,BN373_05611,3.52437550424218,non-essential
NA,BN373_46921,3.22469995650036,non-essential
rplJ,BN373_49781,-1.47276939679006,essential
livJ,BN373_44581,3.08817860915309,non-essential
asnS,BN373_15731,-1.80866492450744,essential
nrdH,BN373_36421,3.31580605744271,non-essential
infC,BN373_27651,-6.5,essential
ydgI,BN373_20801,3.37633358778065,non-essential
NA,BN373_00961,3.49841568285841,non-essential
hisC,BN373_30801,2.99944442581513,non-essential
fimB,BN373_39171,4.35097751182323,non-essential
paaD,BN373_20271,3.72751188558943,non-essential
dsbG,BN373_12281,4.09813352584839,non-essential
NA,BN373_14711,3.2195144748295,non-essential
gluQ,BN373_06341,3.52905012327097,non-essential
ycbJ,BN373_15621,2.89361581385895,non-essential
NA,BN373_33571,3.24740699252593,non-essential
ybiJ,BN373_13961,1.90758850801623,non-essential
frlD,BN373_02711,3.84671834753197,non-essential
NA,BN373_39341,3.54450020847704,non-essential
NA,BN373_38371,3.19516857907563,non-essential
ysaB,BN373_45671,2.78382775565964,non-essential
hofO,BN373_44021,3.51454541592746,non-essential
NA,BN373_28461,1.29696472583755,non-essential
NA,BN373_19831,4.45439598485531,non-essential
NA,BN373_12181,3.11226198057576,non-essential
NA,BN373_28761,5.31602988130647,non-essential
prc,BN373_29311,3.28155464206391,non-essential
NA,BN373_24071,4.83627398338683,non-essential
NA,BN373_46841,3.35135800325037,non-essential
NA,BN373_44831,4.3672430140372,non-essential
sra,BN373_24271,-6.5,essential
NA,BN373_26811,3.54642133726087,non-essential
NA,BN373_09881,4.31109064396111,non-essential
NA,BN373_31161,4.07422860714611,non-essential
yaeH,BN373_06691,3.8807732692889,non-essential
NA,BN373_30611,2.45207195191499,non-essential
betT,BN373_11641,3.80335887086827,non-essential
macA,BN373_15271,3.25544696175079,non-essential
NA,BN373_38201,2.91667764466245,non-essential
NA,BN373_37401,4.96710251525325,non-essential
NA,BN373_28791,1.5390909101559,non-essential
NA,BN373_14581,3.80586497209572,non-essential
NA,BN373_25091,3.68401869850664,non-essential
NA,BN373_14701,2.71613429701772,non-essential
yraQ,BN373_42111,3.70612821208444,non-essential
NA,BN373_28601,3.37355845133928,non-essential
ybcL,BN373_16091,4.05282984305099,non-essential
recB,BN373_38591,2.8052957186224,non-essential
aroL,BN373_08201,3.46015550270651,non-essential
ydbJ,BN373_20011,2.98786801141852,non-essential
kdpB,BN373_12871,3.27232449559656,non-essential
erpA,BN373_06621,-6.5,essential
cfa,BN373_25821,2.93770266273758,non-essential
miaA,BN373_01791,2.72905149159213,non-essential
nudB,BN373_29651,3.174825065612,non-essential
hslR,BN373_44091,3.35200506928855,non-essential
NA,BN373_19531,3.37648652932463,non-essential
pstC,BN373_47681,3.274711991422,non-essential
NA,BN373_18091,2.95284404727228,non-essential
NA,BN373_22911,3.13922910894942,non-essential
NA,BN373_19631,3.17879213649841,non-essential
NA,BN373_24061,3.32824972920811,non-essential
NA,BN373_26951,2.96304814129209,non-essential
NA,BN373_18071,2.57374283129716,non-essential
NA,BN373_36171,2.87647356134282,non-essential
ybeZ,BN373_12651,3.0658630686246,non-essential
NA,BN373_21581,4.21075792538347,non-essential
NA,BN373_22441,3.28205027705982,non-essential
NA,BN373_48691,3.82552079034343,non-essential
yeeZ,BN373_30761,2.7514262706217,non-essential
NA,BN373_30521,3.45663086599368,non-essential
wcaJ,BN373_31051,4.3358016930433,non-essential
NA,BN373_03701,4.24511840562197,non-essential
yidF,BN373_47261,3.34171619818005,non-essential
asnA,BN373_47861,3.82248479299825,non-essential
astA,BN373_18451,2.96227976768409,non-essential
otsA,BN373_29781,3.1313678679997,non-essential
NA,BN373_03511,3.46003459620592,non-essential
NA,BN373_01001,3.33077743912187,non-essential
hycC,BN373_36931,3.00469933574213,non-essential
NA,BN373_23151,2.73371248869435,non-essential
NA,BN373_41391,3.15756099481201,non-essential
yfeD,BN373_34101,2.08975686928402,non-essential
osmB,BN373_19051,5.74211717457283,non-essential
NA,BN373_39721,4.07553718492791,non-essential
NA,BN373_38461,2.77896800856051,non-essential
NA,BN373_22531,4.52728225117351,non-essential
hflD,BN373_17571,2.9403769793214,non-essential
nadC,BN373_06011,3.77505274115979,non-essential
ynfG,BN373_15431,3.93665465074198,non-essential
tamB,BN373_02271,3.58349819297171,non-essential
NA,BN373_37431,3.29565160195071,non-essential
ychN,BN373_28191,3.60909853803214,non-essential
NA,BN373_07261,3.09458442616358,non-essential
yceK,BN373_16791,3.26519821688039,non-essential
NA,BN373_16661,3.8806731347115,non-essential
NA,BN373_40011,2.99781832239639,non-essential
NA,BN373_07251,3.48874591403011,non-essential
ubiD,BN373_49621,-0.72908277660706,essential
rtn,BN373_32151,3.06490967370569,non-essential
bamB,BN373_34991,3.194729447231,non-essential
yhcC,BN373_42731,3.66269864496757,non-essential
curA,BN373_24891,3.10081586173908,non-essential
abgB,BN373_20901,3.41934302046119,non-essential
ydhF,BN373_25671,3.28742981275524,non-essential
NA,BN373_25101,3.15321177564969,non-essential
hisQ,BN373_33081,3.43720152489887,non-essential
NA,BN373_13521,2.89166090437074,non-essential
