YFJ07845.1	NP_417015.1	98.3	1653	0.0	3215
YFJ11375.1	NP_416170.1	97.1	1538	0.0	2889
YFJ07950.1	NP_417134.2	92.5	1526	0.0	2004
YFJ08288.1	YP_026189.1	91.8	1521	0.0	2735
YFJ11656.1	NP_417679.2	99.7	1486	0.0	2948
YFJ10647.1	NP_415444.1	99.6	1486	0.0	2744
YFJ08888.1	YP_026224.1	96.3	1411	0.0	2556
YFJ09375.1	NP_418415.1	99.9	1407	0.0	2693
YFJ09329.1	YP_026224.1	88.1	1400	0.0	2236
YFJ10615.1	NP_415410.1	96.8	1356	0.0	2176
YFJ09374.1	NP_418414.1	100	1342	0.0	2622
YFJ10727.1	NP_415534.1	99.2	1320	0.0	2544
YFJ11138.1	NP_415931.4	99.7	1300	0.0	2559
YFJ07884.1	YP_026170.1	99.4	1295	0.0	2580
YFJ10319.1	NP_415118.1	98.1	1293	0.0	2523
YFJ08556.1	YP_026208.1	98.8	1266	0.0	2541
YFJ09623.1	NP_418642.1	99.3	1259	0.0	2447
YFJ07586.1	NP_416736.1	80.6	1252	0.0	1899
YFJ10940.1	NP_415742.1	99.6	1247	0.0	2595
YFJ11186.1	NP_415985.1	99.6	1246	0.0	2607
YFJ09398.1	NP_418443.1	99.4	1227	0.0	2417
YFJ07474.1	NP_416621.1	93.4	1212	0.0	2279
YFJ07706.1	NP_416871.1	96.8	1197	0.0	2303
YFJ08103.1	NP_417297.1	98.6	1180	0.0	2313
YFJ11125.1	NP_415896.1	99.4	1174	0.0	2325
YFJ09945.1	NP_414726.1	100	1160	0.0	2301
YFJ08817.1	YP_026226.4	98.6	1157	0.0	2153
YFJ10816.1	NP_415632.1	99.1	1148	0.0	2244
YFJ08105.1	NP_417299.1	99.8	1122	0.0	2271
YFJ10171.1	NP_414998.1	99.7	1120	0.0	2071
YFJ09561.1	NP_418583.1	99.1	1107	0.0	2031
YFJ07431.1	NP_416571.1	98.5	1105	0.0	2123
YFJ07876.1	NP_417044.4	98.4	1093	0.0	2233
YFJ09802.1	NP_414574.1	99.5	1073	0.0	2078
YFJ10787.1	NP_415602.1	96.4	1061	0.0	1667
YFJ10168.1	NP_414995.1	100	1049	0.0	1979
YFJ10307.1	NP_415107.1	99.3	1047	0.0	2006
YFJ10104.1	NP_414931.1	94.6	1048	0.0	1804
YFJ07438.1	NP_416579.1	99.6	1040	0.0	1900
YFJ08801.1	NP_417971.1	99.7	1037	0.0	1928
YFJ07791.1	NP_416965.1	99.9	1037	0.0	1965
YFJ08582.1	NP_417732.1	99.3	1034	0.0	1923
YFJ08172.1	NP_417354.1	98.8	1032	0.0	2088
YFJ08401.1	YP_026199.1	99.0	1030	0.0	2134
YFJ07439.1	NP_416580.1	99.3	1025	0.0	1898
YFJ10062.1	NP_414878.1	97.9	1024	0.0	2112
YFJ11409.1	NP_416202.1	99.1	1018	0.0	2027
YFJ09244.1	NP_418330.1	99.7	1016	0.0	2100
YFJ11191.1	NP_415991.1	99.6	1015	0.0	2090
YFJ10296.1	NP_415100.1	99.1	990	0.0	1953
YFJ10290.1	NP_415890.2	60.7	1135	7.01e-82	285
YFJ09828.1	NP_414601.1	99.8	968	0.0	1893
YFJ08104.1	NP_417298.1	99.6	962	0.0	1885
YFJ08195.1	NP_417379.1	99.7	957	0.0	1882
YFJ08175.1	NP_417357.1	99.8	956	0.0	1918
YFJ09656.1	NP_418679.1	99.6	951	0.0	1896
YFJ07573.1	NP_416722.2	99.8	949	0.0	1852
YFJ08379.1	NP_417525.1	98.5	946	0.0	1828
YFJ09465.1	NP_418482.1	100	940	0.0	1873
YFJ09795.1	NP_414567.1	99.9	938	0.0	1919
YFJ10443.1	NP_415254.1	99.9	933	0.0	1883
YFJ09208.1	NP_418300.1	99.8	928	0.0	1803
YFJ11211.1	NP_416011.1	98.9	927	0.0	1750
YFJ08070.1	NP_417266.1	100	918	0.0	1777
YFJ08766.1	YP_026225.1	99.6	911	0.0	1757
YFJ07635.1	NP_416786.4	99.7	908	0.0	1831
YFJ09864.1	NP_414640.1	99.9	901	0.0	1719
YFJ08707.1	NP_417877.1	99.6	901	0.0	1766
YFJ09642.1	NP_418663.1	99.7	898	0.0	1751
YFJ10413.1	NP_415223.1	99.6	894	0.0	1726
YFJ10991.1	NP_415792.1	99.6	891	0.0	1777
YFJ10952.1	NP_415757.1	100	891	0.0	1725
YFJ09928.1	NP_414709.1	99.2	890	0.0	1769
YFJ08488.1	NP_417637.1	100	890	0.0	1444
YFJ07571.1	NP_416720.1	99.3	890	0.0	1701
YFJ08049.1	NP_417241.1	95.8	888	0.0	1748
YFJ09878.1	NP_414656.1	100	887	0.0	1797
YFJ07912.1	NP_417079.1	98.9	886	0.0	1715
YFJ09351.1	NP_418391.1	99.8	883	0.0	1741
YFJ11129.1	NP_415899.1	99.4	879	0.0	1772
YFJ09689.1	NP_418737.1	99.0	878	0.0	1759
YFJ07170.1	NP_416348.2	99.5	877	0.0	1702
YFJ07986.1	NP_417177.1	99.5	876	0.0	1692
YFJ07585.1	NP_416734.1	97.3	875	0.0	1549
YFJ08820.1	NP_417990.4	99.7	872	0.0	1766
YFJ10655.1	NP_415452.1	99.0	870	0.0	1729
YFJ10233.1	NP_415065.1	98.8	869	0.0	1746
YFJ11067.1	NP_415866.1	99.7	866	0.0	1739
YFJ10663.1	NP_415460.1	97.5	865	0.0	1682
YFJ09902.1	NP_414681.1	84.8	854	0.0	1486
YFJ10986.1	NP_415790.1	99.3	865	0.0	1711
YFJ09881.1	NP_414660.1	99.9	865	0.0	1722
YFJ10371.1	NP_415175.1	99.7	860	0.0	1752
YFJ07916.1	NP_417083.1	100	857	0.0	1620
YFJ08024.1	NP_417213.1	99.1	853	0.0	1634
YFJ08683.1	NP_417855.4	99.6	850	0.0	1686
YFJ10712.1	NP_415517.1	98.5	848	0.0	1712
YFJ09143.1	NP_418250.1	99.3	848	0.0	1724
YFJ10752.1	NP_415567.1	99.9	847	0.0	1708
YFJ08658.1	NP_417824.1	99.9	847	0.0	1706
YFJ09911.1	NP_414691.1	99.8	844	0.0	1570
YFJ10012.1	NP_414825.1	98.6	841	0.0	1626
YFJ10190.1	NP_415017.1	98.8	834	0.0	1543
YFJ09343.1	YP_026278.1	99.2	833	0.0	1611
YFJ07719.1	NP_416884.1	99.2	831	0.0	1603
YFJ07560.1	NP_416710.1	99.9	828	0.0	1698
YFJ07467.1	NP_416612.1	97.9	826	0.0	1639
YFJ09771.1	NP_414543.1	100	820	0.0	1589
YFJ08716.1	NP_417886.1	99.9	815	0.0	1639
YFJ10618.1	NP_415414.4	99.1	814	0.0	1653
YFJ09987.1	NP_414756.2	99.9	814	0.0	1610
YFJ09578.1	NP_418600.4	99.8	813	0.0	1548
YFJ10550.1	NP_415344.1	99.5	810	0.0	1625
YFJ09938.1	NP_414719.1	100	810	0.0	1646
YFJ09334.1	NP_418375.1	99.9	810	0.0	1595
YFJ09910.1	NP_414690.4	97.7	809	0.0	1526
YFJ07206.1	NP_416386.4	98.6	809	0.0	1623
YFJ11314.1	NP_416104.1	98.8	808	0.0	1624
YFJ11581.1	NP_416105.4	99.5	807	0.0	1643
YFJ11488.1	NP_418465.4	100	807	0.0	1593
YFJ10736.1	NP_415543.1	98.1	807	0.0	1618
YFJ10204.1	NP_415029.1	99.8	804	0.0	1536
YFJ09051.1	YP_026241.1	99.6	804	0.0	1580
YFJ11206.1	NP_416006.4	99.1	799	0.0	1579
YFJ08706.1	YP_026218.1	99.5	797	0.0	1614
YFJ09887.1	NP_414666.1	99.9	796	0.0	1592
YFJ11434.1	NP_416228.1	99.6	795	0.0	1563
YFJ11423.1	NP_416217.1	99.9	792	0.0	1557
YFJ11212.1	NP_416012.1	98.6	790	0.0	1578
YFJ10146.1	NP_414973.1	100	784	0.0	1503
YFJ09824.1	NP_414596.1	100	784	0.0	1615
YFJ09829.1	NP_414602.1	99.1	783	0.0	1599
YFJ08405.1	NP_417551.1	98.6	783	0.0	1602
YFJ08819.1	NP_417989.1	98.5	779	0.0	1531
YFJ08528.1	YP_026207.1	100	778	0.0	1449
YFJ08842.1	NP_418007.3	98.3	777	0.0	1576
YFJ08698.1	NP_417868.1	99.6	773	0.0	1478
YFJ08696.1	NP_417866.4	98.8	773	0.0	1480
YFJ08959.1	NP_418113.1	98.2	772	0.0	1612
YFJ07844.1	NP_417014.1	98.6	770	0.0	1550
YFJ11133.1	NP_415925.2	95.1	768	0.0	1412
YFJ09346.1	NP_418386.1	99.3	765	0.0	1503
YFJ08161.1	NP_417342.1	99.3	752	0.0	1484
YFJ07490.1	NP_416636.1	99.5	765	0.0	1501
YFJ08439.1	YP_026205.1	99.9	764	0.0	1526
YFJ09726.1	NP_418779.2	99.9	763	0.0	1549
YFJ07587.1	NP_416737.1	99.6	761	0.0	1421
YFJ10627.1	NP_415423.1	99.9	760	0.0	1517
YFJ10529.1	NP_415326.1	99.6	760	0.0	1508
YFJ11218.1	NP_416018.1	99.5	759	0.0	1518
YFJ07784.1	NP_416958.1	99.9	759	0.0	1466
YFJ07477.1	NP_416624.1	96.8	759	0.0	1485
YFJ10608.1	NP_415403.1	99.9	758	0.0	1454
YFJ11492.1	NP_418541.2	99.6	755	0.0	1554
YFJ11036.1	NP_415832.1	93.9	755	0.0	1457
YFJ10636.1	NP_415433.4	96.4	754	0.0	1508
YFJ11450.1	YP_025308.1	99.6	753	0.0	1503
YFJ10496.1	NP_415292.2	98.8	753	0.0	1484
YFJ09167.1	NP_418273.1	99.5	753	0.0	1520
YFJ08345.1	NP_417491.1	99.9	752	0.0	1451
YFJ08112.1	NP_417306.1	99.6	748	0.0	1413
YFJ07824.1	NP_416998.1	99.6	747	0.0	1462
YFJ10316.1	NP_415116.1	99.3	746	0.0	1512
YFJ08001.1	NP_417192.1	98.1	743	0.0	1412
YFJ10297.1	NP_415101.1	99.7	745	0.0	1467
YFJ08068.1	NP_417264.1	100	744	0.0	1491
YFJ09512.1	NP_418533.1	98.7	742	0.0	1430
YFJ10532.1	NP_415329.4	99.7	741	0.0	1408
YFJ11352.1	NP_416146.1	99.3	584	0.0	1069
YFJ08335.1	YP_026196.1	99.9	739	0.0	1509
YFJ10410.1	NP_415220.1	98.5	732	0.0	1477
YFJ09327.1	NP_418370.1	99.0	732	0.0	1466
YFJ08752.1	NP_417926.1	98.4	732	0.0	1343
YFJ10804.1	NP_415620.1	98.8	729	0.0	1460
YFJ09912.1	NP_414692.1	73.9	754	0.0	1090
YFJ09196.1	NP_418288.1	98.5	729	0.0	1420
YFJ07729.1	NP_416896.4	99.0	729	0.0	1421
YFJ11394.1	NP_416188.1	99.6	700	0.0	1450
YFJ08720.1	NP_417890.1	99.9	728	0.0	1551
YFJ09338.1	NP_418377.1	99.7	726	0.0	1463
YFJ08290.1	NP_417450.1	98.9	723	0.0	1437
YFJ10683.1	NP_415480.2	99.3	717	0.0	1405
YFJ09149.1	NP_418258.1	99.9	720	0.0	1429
YFJ07422.1	NP_416564.4	99.2	720	0.0	1351
YFJ08120.1	NP_417313.1	98.6	719	0.0	1409
YFJ10523.1	NP_415320.1	99.7	716	0.0	1411
YFJ09721.1	NP_418774.2	99.7	716	0.0	1408
YFJ09534.1	NP_418555.1	99.9	715	0.0	1456
YFJ09484.1	NP_418503.1	100	715	0.0	1456
YFJ08211.1	NP_417392.1	99.4	714	0.0	1378
YFJ07971.1	NP_417161.1	98.2	714	0.0	1394
YFJ07694.1	NP_416843.1	96.4	714	0.0	1352
YFJ07649.1	NP_416800.1	99.6	714	0.0	1359
YFJ09947.1	NP_414728.1	99.7	713	0.0	1457
YFJ09638.1	NP_418659.1	99.7	712	0.0	1447
YFJ08685.1	NP_417857.1	99.7	711	0.0	1412
YFJ08484.1	NP_417633.4	99.7	711	0.0	1342
YFJ08262.1	NP_417440.4	98.7	711	0.0	1435
YFJ08633.1	NP_417799.1	100	704	0.0	1389
YFJ10671.1	NP_415468.1	99.7	702	0.0	1410
YFJ08946.1	NP_418107.1	99.9	702	0.0	1370
YFJ10331.1	NP_415130.1	99.6	701	0.0	1329
YFJ11171.1	NP_415968.1	97.9	700	0.0	1392
YFJ09438.1	NP_418453.1	99.3	698	0.0	1424
YFJ08651.1	NP_417817.2	99.6	696	0.0	1354
YFJ08948.1	NP_418109.1	99.0	693	0.0	1335
YFJ08705.1	NP_417875.1	98.8	693	0.0	1419
YFJ08020.1	NP_417211.1	99.3	692	0.0	1341
YFJ07210.1	NP_416393.1	99.7	692	0.0	1295
YFJ08850.1	NP_418016.1	99.7	689	0.0	1306
YFJ07822.1	NP_416996.1	100	688	0.0	1362
YFJ08811.1	NP_417981.2	99.4	686	0.0	1332
YFJ07180.1	NP_416359.1	99.1	686	0.0	1401
YFJ10685.1	NP_415482.1	99.4	684	0.0	1356
YFJ09486.1	NP_418505.2	98.4	683	0.0	1314
YFJ10415.1	NP_415225.1	99.1	682	0.0	1260
YFJ07166.1	NP_416344.1	99.6	682	0.0	1313
YFJ11251.1	NP_416056.1	98.1	681	0.0	1338
YFJ08777.1	NP_417955.1	99.9	680	0.0	1384
YFJ09226.1	NP_418314.1	98.8	678	0.0	1424
YFJ08467.1	NP_417616.1	97.1	678	0.0	1256
YFJ10035.1	NP_414848.1	99.9	677	0.0	1333
YFJ07472.1	NP_416617.1	99.6	677	0.0	1374
YFJ08863.1	NP_418028.1	97.2	676	0.0	1382
YFJ10504.1	NP_415300.1	100	673	0.0	1289
YFJ09117.1	YP_026251.1	99.7	673	0.0	1318
YFJ10735.1	NP_415542.1	96.4	672	0.0	1323
YFJ08406.1	NP_417552.1	98.8	672	0.0	1317
YFJ07804.1	NP_416977.1	98.5	672	0.0	1236
YFJ07796.1	NP_416969.1	95.2	671	0.0	1296
YFJ07741.1	NP_416906.1	99.7	671	0.0	1305
YFJ11367.1	NP_416162.1	99.4	670	0.0	1304
YFJ07813.1	NP_416986.4	99.3	670	0.0	1306
YFJ07676.1	NP_416827.4	96.9	668	0.0	1328
YFJ07786.1	NP_416960.1	100	667	0.0	1353
YFJ07479.1	YP_009518800.1	96.1	614	0.0	1176
YFJ10138.1	NP_414965.1	100	663	0.0	1337
YFJ08229.1	YP_026188.1	99.8	663	0.0	1316
YFJ08816.1	NP_417986.4	99.2	662	0.0	1243
YFJ11000.1	NP_415801.1	99.1	661	0.0	1285
YFJ09489.1	NP_418507.2	86.2	661	0.0	1159
YFJ09915.1	NP_414695.1	98.5	660	0.0	1219
YFJ07609.1	NP_416758.1	97.6	660	0.0	1322
YFJ07789.1	NP_416963.1	99.2	659	0.0	1340
YFJ08233.1	NP_417413.1	99.8	658	0.0	1312
YFJ08719.1	NP_417889.1	99.2	657	0.0	1388
YFJ08551.1	NP_417707.1	99.5	655	0.0	1257
YFJ07222.1	NP_416402.1	99.2	654	0.0	1215
YFJ11155.1	NP_415952.2	98.8	653	0.0	1299
YFJ09475.1	NP_418493.1	99.2	652	0.0	1338
YFJ11479.1	NP_416277.1	97.4	652	0.0	1271
YFJ10605.1	NP_415400.1	99.4	648	0.0	1218
YFJ10398.1	NP_415205.1	96.8	648	0.0	1194
YFJ09616.1	NP_418634.1	99.7	647	0.0	1292
YFJ07550.1	NP_416700.1	100	647	0.0	1266
YFJ08562.1	NP_417718.1	98.1	646	0.0	1246
YFJ07434.1	NP_416574.1	94.7	642	0.0	1214
YFJ09759.1	NP_418809.4	99.8	645	0.0	1281
YFJ11002.1	NP_415802.1	99.8	644	0.0	1276
YFJ08496.1	NP_417645.1	100	644	0.0	1253
YFJ07117.1	NP_416297.1	100	644	0.0	1283
YFJ10176.1	NP_415003.1	99.7	643	0.0	1203
YFJ11438.1	NP_416234.1	100	642	0.0	1322
YFJ10893.1	NP_415719.2	98.6	638	0.0	1222
YFJ08179.1	NP_417363.2	99.1	639	0.0	1290
YFJ09782.1	NP_414555.1	100	638	0.0	1206
YFJ08896.1	NP_418056.1	98.9	637	0.0	1204
YFJ08645.1	NP_417811.1	99.1	637	0.0	1177
YFJ07143.1	NP_416322.1	99.8	636	0.0	1243
YFJ10672.1	NP_415469.1	99.5	635	0.0	1212
YFJ10365.1	NP_415168.1	100	633	0.0	1279
YFJ09380.1	NP_418422.1	98.6	631	0.0	1273
YFJ09879.1	NP_414657.1	98.7	630	0.0	1082
YFJ08359.1	NP_417502.1	99.8	630	0.0	1251
YFJ10978.1	NP_415784.1	95.5	617	0.0	1214
YFJ09092.1	NP_418197.1	99.8	629	0.0	1224
YFJ08482.1	NP_417631.2	100	629	0.0	1059
YFJ10054.1	NP_414869.1	98.9	628	0.0	1261
YFJ10179.1	NP_415006.1	100	624	0.0	1216
YFJ11538.1	NP_415350.2	98.7	623	0.0	1176
YFJ10148.1	NP_414975.1	99.8	623	0.0	1089
YFJ09098.1	YP_026244.1	99.8	622	0.0	1210
YFJ10127.1	NP_414954.1	99.7	620	0.0	1239
YFJ09816.1	NP_414589.1	99.4	620	0.0	1142
YFJ08309.1	NP_417462.1	99.7	619	0.0	1281
YFJ11482.1	NP_416280.1	99.4	618	0.0	1202
YFJ09880.1	NP_414659.1	96.1	617	2.37e-310	852
YFJ07428.1	NP_416568.1	99.4	617	0.0	1191
YFJ09113.1	YP_026248.1	99.7	616	0.0	1198
YFJ07853.1	NP_417021.1	99.8	616	0.0	1154
YFJ10648.1	NP_415445.1	99.3	615	0.0	1215
YFJ10115.1	NP_414942.1	100	615	0.0	1142
YFJ09569.1	NP_418591.1	98.5	615	0.0	1189
YFJ09362.1	NP_418401.1	99.5	614	0.0	1251
YFJ08885.1	NP_418047.1	99.0	614	0.0	1222
YFJ08393.1	NP_417539.1	99.7	613	0.0	1104
YFJ07630.1	NP_416781.1	99.8	613	0.0	1186
YFJ07644.1	NP_416795.1	99.7	610	0.0	1130
YFJ07249.1	NP_416423.4	100	610	0.0	1202
YFJ11685.1	YP_026263.3	99.3	609	0.0	1209
YFJ09080.1	NP_418185.1	99.7	609	0.0	1180
YFJ08102.1	NP_417296.1	99.7	608	0.0	1177
YFJ08012.1	NP_417203.1	99.3	608	0.0	1149
YFJ07574.1	NP_416723.1	99.3	608	0.0	1160
YFJ09216.1	YP_026274.1	100	607	0.0	1192
YFJ10110.1	NP_414937.2	98.2	604	0.0	1253
YFJ07534.1	NP_416682.4	98.8	604	0.0	1228
YFJ07186.1	NP_416365.1	100	603	0.0	1198
YFJ09558.1	NP_418578.1	99.3	602	0.0	1204
YFJ08644.1	NP_417809.1	99.5	601	0.0	1117
YFJ07638.1	NP_416789.2	99.7	596	0.0	1221
YFJ08052.1	NP_417244.1	98.5	599	0.0	1164
YFJ07896.1	NP_417064.1	100	599	0.0	1175
YFJ10938.1	NP_415740.1	99.8	598	0.0	1138
YFJ10695.1	NP_415492.1	100	597	0.0	1249
YFJ10209.1	NP_415040.1	99.5	593	0.0	1166
YFJ10156.1	NP_414983.1	99.7	593	0.0	1100
YFJ08164.1	NP_417345.1	99.3	592	0.0	1143
YFJ08085.1	NP_417282.1	99.8	591	0.0	1200
YFJ10155.1	NP_414982.1	98.8	590	0.0	1121
YFJ07200.1	NP_416380.1	99.5	590	0.0	1159
YFJ10612.1	NP_415407.1	99.3	588	0.0	1123
YFJ10441.1	NP_415251.1	100	588	0.0	1182
YFJ09850.1	NP_414626.1	99.7	588	0.0	1151
YFJ09021.1	NP_418121.1	99.0	588	0.0	1152
YFJ07625.1	NP_416773.1	86.1	588	0.0	942
YFJ10678.1	NP_415475.1	98.6	586	0.0	1145
YFJ10628.1	NP_415425.4	99.8	586	0.0	1182
YFJ07545.1	NP_416693.1	100	586	0.0	1161
YFJ07541.1	NP_416689.1	99.3	586	0.0	1187
YFJ11136.1	NP_415928.1	97.4	585	0.0	1151
YFJ10637.1	NP_415434.1	100	582	0.0	1091
YFJ09247.1	NP_418333.1	95.7	582	0.0	1103
YFJ08730.1	NP_417904.1	98.3	581	0.0	1123
YFJ08392.1	NP_417538.1	100	581	0.0	1163
YFJ10878.1	NP_415709.2	99.0	578	0.0	1081
YFJ10519.1	NP_415315.4	99.7	578	0.0	1151
YFJ09622.1	NP_418641.1	99.7	577	0.0	1169
YFJ09350.1	NP_418390.1	99.3	577	0.0	1160
YFJ08185.1	NP_417368.1	99.0	577	0.0	1135
YFJ07209.1	NP_416390.1	99.8	577	0.0	1135
YFJ07746.1	NP_416911.1	99.8	575	0.0	1087
YFJ09844.1	YP_025294.2	99.1	574	0.0	1132
YFJ09396.1	NP_418440.1	99.3	573	0.0	1166
YFJ08689.1	NP_417861.1	95.8	574	0.0	1072
YFJ10611.1	NP_415406.1	99.1	573	0.0	1061
YFJ11489.1	NP_418498.1	98.0	552	0.0	1058
YFJ10597.1	NP_415392.1	99.3	572	0.0	1125
YFJ09956.1	NP_414736.1	98.1	572	0.0	1100
YFJ09034.1	NP_418135.1	98.9	571	0.0	1101
YFJ07809.1	NP_416982.1	96.5	571	0.0	1112
YFJ07491.1	NP_416637.1	99.5	571	0.0	1157
YFJ08051.1	NP_417243.1	99.6	570	0.0	1153
YFJ08010.1	NP_417201.1	100	569	0.0	1163
YFJ08315.1	NP_417468.1	100	567	0.0	1159
YFJ10152.1	NP_414979.1	98.9	566	0.0	1163
YFJ09832.1	NP_414605.1	98.9	566	0.0	1122
YFJ08951.1	NP_418112.1	98.4	566	0.0	1099
YFJ07790.1	NP_416964.1	99.5	566	0.0	1083
YFJ11196.1	NP_415996.2	99.6	565	0.0	1118
YFJ10889.1	NP_415715.1	97.0	565	0.0	1131
YFJ09538.1	NP_418559.1	98.8	565	0.0	1096
YFJ07716.1	NP_416881.1	100	565	0.0	1099
YFJ11727.1	NP_417523.1	77.8	541	4.62e-218	613
YFJ07709.1	NP_416874.1	99.8	564	0.0	1098
YFJ08837.1	NP_418002.2	99.6	563	0.0	1123
YFJ07523.1	NP_416672.1	99.8	563	0.0	972
YFJ10032.1	NP_414845.1	98.0	556	0.0	1141
YFJ09026.1	NP_418127.1	98.8	562	0.0	1095
YFJ07584.1	NP_416733.4	97.3	562	0.0	1093
YFJ11213.1	NP_416013.1	98.8	561	0.0	1105
YFJ10574.1	NP_415368.1	100	561	0.0	1068
YFJ07483.1	NP_416630.1	99.8	561	0.0	1077
YFJ07284.1	NP_416465.2	98.6	564	0.0	1093
YFJ07140.1	NP_416319.1	99.8	561	0.0	1114
YFJ11670.1	NP_418104.2	96.3	560	0.0	1107
YFJ11215.1	NP_416015.2	99.8	560	0.0	1132
YFJ08289.1	NP_417449.1	100	560	0.0	1060
YFJ11029.1	NP_415825.4	94.6	559	0.0	1085
YFJ08825.1	NP_417995.1	98.7	559	0.0	1096
YFJ10184.1	NP_415011.1	99.6	558	0.0	1007
YFJ10634.1	NP_415431.1	100	557	0.0	1068
YFJ10416.1	NP_415226.1	97.8	557	0.0	1042
YFJ10379.1	NP_415183.1	98.0	556	0.0	1052
YFJ07619.1	NP_416767.1	99.1	556	0.0	1111
YFJ10219.1	NP_415051.1	97.3	555	0.0	1026
YFJ09758.1	NP_418808.1	100	555	0.0	1090
YFJ10399.1	NP_415206.1	99.8	554	0.0	1144
YFJ10393.1	NP_415200.1	100	554	0.0	1134
YFJ10065.1	NP_414881.1	99.1	554	0.0	1118
YFJ09722.1	NP_418775.1	98.4	554	2.55e-312	851
YFJ09039.1	NP_418140.4	99.8	553	0.0	1044
YFJ08377.1	NP_417523.1	99.5	553	3.22e-299	818
YFJ07935.1	YP_026172.1	98.9	553	0.0	1045
YFJ07220.1	NP_416400.1	99.5	553	2.15e-318	867
YFJ10602.1	NP_415397.1	99.8	552	0.0	1096
YFJ10350.1	NP_415152.1	98.9	552	0.0	1059
YFJ09838.1	NP_414611.1	97.5	551	0.0	1110
YFJ07269.1	NP_416448.1	100	552	0.0	1043
YFJ11146.1	NP_415941.5	99.5	551	0.0	1146
YFJ09639.1	NP_418660.1	98.2	551	0.0	1162
YFJ09137.1	NP_418245.1	98.4	551	0.0	1109
YFJ08902.1	NP_418060.1	99.8	551	0.0	1063
YFJ11552.1	NP_415724.2	99.8	550	0.0	994
YFJ10599.1	NP_415394.4	98.9	550	0.0	1103
YFJ10456.1	NP_416129.1	68.6	545	1.51e-288	791
YFJ09651.1	NP_418674.2	65.0	612	7.76e-255	707
YFJ07611.1	NP_416760.1	98.5	550	0.0	1082
YFJ09473.1	NP_418491.1	99.5	549	0.0	1028
YFJ09472.1	NP_418489.1	99.5	549	0.0	1013
YFJ09434.1	NP_418449.1	99.6	549	0.0	1106
YFJ08806.1	NP_417976.1	100	549	0.0	1142
YFJ07581.1	NP_416730.1	98.2	549	0.0	1088
YFJ11422.1	NP_416216.5	98.2	548	0.0	1095
YFJ11338.1	NP_416129.1	99.8	548	0.0	1105
YFJ09545.1	NP_418567.1	100	535	0.0	988
YFJ09524.1	NP_418546.1	99.1	548	0.0	1101
YFJ09058.1	NP_418161.1	99.8	548	0.0	1076
YFJ07565.1	NP_416714.1	99.6	548	0.0	1060
YFJ11014.1	NP_415810.1	99.6	547	0.0	1098
YFJ10783.1	NP_415600.1	99.5	547	0.0	1009
YFJ10011.1	NP_414824.1	98.9	547	0.0	1090
YFJ09518.1	NP_418538.2	99.5	547	0.0	1081
YFJ07566.1	NP_416715.1	99.6	547	0.0	1055
YFJ11143.1	NP_415938.1	99.3	546	6.85e-281	771
YFJ10674.1	NP_415471.1	99.8	546	0.0	1064
YFJ10407.1	NP_415214.1	99.6	546	0.0	1078
YFJ09187.1	NP_418279.1	99.8	546	0.0	1107
YFJ08064.1	NP_417260.1	100	545	0.0	1086
YFJ10955.1	NP_415759.1	99.3	543	0.0	1094
YFJ09527.1	NP_418549.1	99.6	543	0.0	1018
YFJ09399.1	NP_418444.1	99.8	543	0.0	982
YFJ07595.1	NP_416744.1	99.8	542	0.0	1074
YFJ09586.1	NP_418608.6	99.1	541	0.0	1083
YFJ08492.1	NP_417641.4	98.9	541	0.0	1058
YFJ08169.1	NP_417351.1	99.6	541	0.0	1050
YFJ08769.1	NP_417945.1	95.4	540	0.0	1046
YFJ08690.1	NP_417862.1	99.6	540	0.0	1102
YFJ07902.1	NP_417069.1	98.9	540	0.0	1097
YFJ11047.1	NP_415845.2	99.8	537	0.0	1082
YFJ10327.1	NP_415126.1	98.7	536	0.0	1055
YFJ09835.1	NP_414609.1	98.1	536	0.0	1014
YFJ07136.1	NP_416315.1	99.8	481	0.0	956
YFJ08835.1	NP_418001.1	99.8	535	0.0	1088
YFJ08346.1	NP_417492.1	98.1	535	0.0	1065
YFJ11389.1	NP_416183.1	97.8	534	0.0	1041
YFJ09394.1	NP_418438.1	99.2	533	0.0	1066
YFJ07219.1	NP_416399.1	97.7	533	2.32e-312	850
YFJ08709.1	NP_417880.1	96.4	532	0.0	1015
YFJ07149.1	NP_416329.4	99.1	532	0.0	1044
YFJ11416.1	NP_416209.1	99.4	531	0.0	1046
YFJ10974.1	NP_415779.1	99.8	531	0.0	1028
YFJ10544.1	NP_415341.1	99.8	530	0.0	1035
YFJ11344.1	NP_416138.1	99.8	530	0.0	1030
YFJ09739.1	NP_418792.1	100	529	0.0	1055
YFJ09391.1	NP_418434.1	99.2	529	0.0	1020
YFJ07537.1	NP_416685.1	99.1	529	0.0	1002
YFJ10050.1	NP_414864.1	99.1	528	0.0	1016
YFJ09468.1	NP_418485.1	98.3	528	0.0	1036
YFJ11615.1	NP_416567.4	99.8	527	0.0	987
YFJ10539.1	NP_415336.1	100	527	0.0	1058
YFJ07808.1	NP_416981.1	97.9	526	0.0	963
YFJ07829.1	NP_417002.1	100	525	0.0	1063
YFJ08759.1	NP_417933.1	98.7	524	0.0	1041
YFJ09842.1	NP_414616.1	99.6	523	0.0	1006
YFJ08823.1	NP_417993.1	98.5	523	0.0	1039
YFJ08450.1	NP_417597.1	99.2	523	0.0	981
YFJ11533.1	NP_415261.2	100	522	0.0	1019
YFJ10340.1	NP_415139.2	99.6	521	0.0	1019
YFJ10975.1	NP_415780.1	98.1	520	0.0	999
YFJ07983.1	NP_417173.1	100	518	0.0	1045
YFJ07885.1	NP_417053.2	99.8	518	0.0	1019
YFJ07533.1	NP_416681.1	98.6	518	0.0	1020
YFJ07150.1	NP_416330.1	100	518	0.0	981
YFJ09806.1	NP_414579.4	98.5	517	0.0	1045
YFJ11204.1	NP_416004.1	98.8	516	0.0	1026
YFJ10163.1	NP_414990.2	98.4	516	0.0	1017
YFJ09886.1	NP_414665.1	99.2	516	0.0	1023
YFJ09745.1	NP_418797.1	99.0	516	0.0	1030
YFJ12304.1	NP_414854.1	83.3	514	5.05e-307	835
YFJ11741.1	NP_414854.1	83.3	514	5.05e-307	835
YFJ10041.1	NP_414854.1	98.1	515	0.0	978
YFJ09566.1	NP_418588.1	98.4	515	0.0	1003
YFJ11682.1	NP_418220.1	99.6	514	0.0	1010
YFJ11185.1	NP_415984.1	99.6	514	0.0	1076
YFJ10700.1	NP_415497.1	99.2	514	0.0	1011
YFJ09442.1	NP_418457.1	99.6	514	0.0	1018
YFJ08911.1	NP_418069.1	99.6	514	0.0	1009
YFJ11043.1	NP_415839.1	99.6	513	0.0	1008
YFJ10870.1	NP_415704.1	99.0	513	0.0	944
YFJ10386.1	NP_415190.1	99.6	512	0.0	1021
YFJ09085.1	NP_418190.1	100	513	0.0	983
YFJ08859.1	NP_418024.1	99.2	513	0.0	988
YFJ07823.1	NP_416997.1	99.8	513	0.0	1006
YFJ10941.1	NP_415743.1	100	512	0.0	1067
YFJ10556.1	NP_415351.1	99.2	512	0.0	1014
YFJ09536.1	NP_418557.1	99.4	512	0.0	1006
YFJ08882.1	NP_418045.4	99.6	512	0.0	1030
YFJ07981.1	NP_417171.1	99.8	512	0.0	995
YFJ07703.1	NP_416868.1	100	512	0.0	990
YFJ11547.1	NP_415566.1	99.6	511	0.0	1043
YFJ11472.1	NP_416269.4	97.1	511	0.0	946
YFJ11209.1	NP_416009.1	99.6	511	0.0	967
YFJ10770.1	NP_415587.1	99.8	511	0.0	952
YFJ11329.1	NP_416120.1	99.8	510	0.0	970
YFJ10872.1	NP_415706.1	99.6	510	0.0	1046
YFJ10346.1	NP_415148.1	99.4	510	0.0	988
YFJ09493.1	NP_418511.1	98.2	510	0.0	986
YFJ07629.1	NP_416780.1	99.8	509	0.0	996
YFJ11053.1	NP_415852.2	99.8	508	0.0	959
YFJ10254.1	NP_415076.1	99.8	508	0.0	996
YFJ10850.1	NP_415686.2	98.4	507	0.0	978
YFJ09108.1	NP_418214.2	98.6	506	0.0	971
YFJ08397.1	NP_417543.1	99.8	506	3.77e-309	839
YFJ07650.1	NP_416801.2	99.8	506	0.0	970
YFJ07506.1	NP_416654.1	99.6	506	0.0	984
YFJ09922.1	NP_414702.1	99.8	505	0.0	1016
YFJ09532.1	NP_418553.1	99.4	505	0.0	989
YFJ08183.1	NP_417366.1	100	505	0.0	998
YFJ07664.1	NP_416815.1	99.8	505	0.0	994
YFJ09809.1	NP_414582.1	99.8	504	0.0	1018
YFJ07998.1	NP_417189.2	98.4	504	0.0	959
YFJ07230.1	NP_416413.1	100	504	0.0	984
YFJ09657.1	NP_418681.1	100	503	0.0	997
YFJ07874.1	NP_417042.1	99.0	503	0.0	956
YFJ11934.1	YP_009518741.1	99.2	364	4.92e-266	725
YFJ11933.1	YP_009518741.1	99.2	364	4.92e-266	725
YFJ11340.1	NP_416131.1	98.8	502	0.0	954
YFJ10729.1	NP_415535.1	99.6	501	0.0	959
YFJ09318.1	NP_418361.1	100	502	0.0	1011
YFJ08048.1	NP_417240.1	97.8	502	0.0	1013
YFJ09100.1	NP_418205.1	100	501	0.0	971
YFJ08713.1	NP_417884.1	98.4	501	0.0	1006
YFJ11357.1	NP_416151.1	99.8	500	0.0	955
YFJ09831.1	NP_414604.1	99.6	500	0.0	1029
YFJ09660.1	NP_418684.1	99.0	500	0.0	971
YFJ09629.1	YP_026286.1	98.8	500	0.0	944
YFJ09560.1	NP_418580.2	98.0	500	0.0	954
YFJ09514.1	NP_418535.1	100	500	0.0	964
YFJ09023.1	NP_418124.4	98.8	500	0.0	963
YFJ11173.1	NP_415970.4	100	499	0.0	964
YFJ08772.1	NP_417950.1	100	499	0.0	947
YFJ08308.1	NP_417461.1	99.2	499	0.0	943
YFJ08294.1	NP_417453.1	99.8	499	0.0	999
YFJ09097.1	NP_418202.4	98.8	498	0.0	955
YFJ08872.1	NP_418037.1	97.8	498	0.0	1009
YFJ08814.1	NP_417984.1	99.2	498	0.0	973
YFJ09193.1	NP_418285.1	100	497	0.0	1030
YFJ09033.1	NP_418134.1	98.8	497	0.0	1042
YFJ08283.1	NP_417785.1	60.0	460	2.93e-189	535
YFJ08535.1	NP_417691.4	99.4	496	0.0	973
YFJ07120.1	NP_416300.2	99.8	496	0.0	965
YFJ11405.1	NP_416198.2	99.8	495	0.0	1002
YFJ11020.1	NP_415816.1	98.4	495	0.0	958
YFJ09851.1	NP_414627.1	99.6	495	0.0	980
YFJ08747.1	NP_417921.1	94.8	498	1.31e-297	809
YFJ08489.1	NP_417638.1	99.8	495	0.0	936
YFJ08415.1	NP_417562.1	99.6	495	0.0	993
YFJ07314.1	NP_416491.3	99.6	495	0.0	965
YFJ07264.1	NP_416437.1	99.4	495	0.0	1039
YFJ09118.1	YP_026252.1	99.4	494	0.0	953
YFJ10750.1	NP_415564.2	99.6	473	0.0	944
YFJ10421.1	NP_415237.1	98.8	493	0.0	959
YFJ08364.1	NP_417507.2	100	493	0.0	916
YFJ11464.1	NP_416260.1	97.2	492	0.0	954
YFJ08214.1	NP_417395.1	99.4	492	0.0	970
YFJ08060.1	NP_417256.1	98.6	492	0.0	1005
YFJ07409.1	NP_416550.1	96.7	492	0.0	881
YFJ10140.1	NP_414967.1	99.6	491	0.0	950
YFJ09857.1	NP_414633.1	99.8	491	0.0	968
YFJ09115.1	NP_418222.1	99.6	491	0.0	969
YFJ07187.1	NP_416366.1	100	491	0.0	995
YFJ07119.1	NP_416299.1	98.4	491	0.0	924
YFJ10485.1	NP_415281.1	97.8	489	0.0	942
YFJ10033.1	NP_414846.1	99.0	490	0.0	955
YFJ07836.1	NP_417006.2	99.8	490	0.0	954
YFJ09255.1	NP_418340.1	97.8	489	0.0	968
YFJ08775.1	NP_417953.1	99.6	489	0.0	941
YFJ08557.1	NP_417713.2	100	489	0.0	947
YFJ07512.1	NP_416661.1	99.8	489	0.0	963
YFJ09485.1	NP_418504.1	98.0	488	0.0	900
YFJ07830.1	NP_417003.1	100	488	0.0	919
YFJ07529.1	NP_416677.1	97.7	488	0.0	965
YFJ10343.1	NP_415145.1	99.8	487	0.0	953
YFJ08389.1	NP_417535.1	99.0	487	0.0	930
YFJ07816.1	NP_416989.1	100	487	0.0	927
YFJ11255.1	NP_416060.1	97.5	486	0.0	946
YFJ10961.1	NP_415765.1	100	486	0.0	966
YFJ10831.1	NP_415647.1	99.8	486	0.0	933
YFJ09695.1	NP_418743.1	99.6	486	0.0	979
YFJ11565.1	NP_415881.1	100	485	0.0	958
YFJ10001.1	NP_414772.1	99.6	485	0.0	964
YFJ09533.1	NP_418554.1	99.2	485	0.0	928
YFJ08003.1	YP_026182.1	98.8	485	0.0	885
YFJ07628.1	NP_416779.2	99.8	485	0.0	913
YFJ10212.1	NP_415044.4	97.7	484	0.0	921
YFJ08856.1	NP_418021.1	98.3	484	0.0	943
YFJ08058.1	YP_026183.1	99.2	484	0.0	979
YFJ07312.1	NP_416489.1	99.6	484	0.0	983
YFJ11233.1	YP_025302.1	99.6	483	0.0	970
YFJ10378.1	NP_415182.1	96.7	483	0.0	942
YFJ10053.1	NP_414868.1	99.0	483	0.0	956
YFJ09249.1	NP_418335.4	99.6	483	0.0	924
YFJ09199.1	YP_026273.1	99.8	483	0.0	944
YFJ09096.1	YP_026243.1	100	483	0.0	931
YFJ08575.1	NP_417724.4	99.4	483	0.0	884
YFJ10303.1	NP_415102.1	97.9	479	0.0	912
YFJ10130.1	NP_414957.1	99.8	482	0.0	948
YFJ08180.1	NP_417364.2	100	482	0.0	908
YFJ07955.1	NP_417147.1	98.3	482	0.0	927
YFJ11054.1	NP_415853.1	97.7	481	0.0	953
YFJ08555.1	NP_417711.1	99.6	481	0.0	924
YFJ07189.1	NP_416368.1	100	480	0.0	910
YFJ11140.1	NP_415933.1	99.2	479	0.0	929
YFJ07999.1	NP_417190.1	99.4	479	0.0	984
YFJ07806.1	NP_416979.1	99.4	479	0.0	905
YFJ07171.1	NP_416349.2	98.1	479	0.0	959
YFJ11427.1	NP_416221.1	97.9	478	0.0	946
YFJ09541.1	NP_418562.4	100	478	0.0	945
YFJ09476.1	NP_418494.1	100	478	0.0	991
YFJ07412.1	NP_416553.1	99.6	478	0.0	951
YFJ10803.1	NP_415619.1	100	477	0.0	921
YFJ10495.1	NP_415291.1	99.4	477	0.0	905
YFJ08717.1	NP_417887.1	100	477	0.0	964
YFJ08520.1	NP_417669.1	99.6	477	3.54e-297	806
YFJ08500.1	NP_417649.1	100	477	0.0	894
YFJ08403.1	YP_026200.1	99.8	477	0.0	910
YFJ08378.1	NP_417524.1	99.6	477	0.0	915
YFJ08194.1	NP_417377.1	99.2	477	0.0	1007
YFJ10623.1	NP_415419.2	99.6	476	0.0	925
YFJ10595.1	NP_415390.4	98.5	476	0.0	946
YFJ09776.1	NP_414548.1	99.2	476	0.0	912
YFJ09206.1	NP_418298.4	97.1	476	0.0	902
YFJ12137.1	NP_416470.1	64.8	438	4.66e-209	583
YFJ10375.1	NP_415179.1	94.7	475	0.0	910
YFJ10029.1	NP_414841.1	99.8	475	0.0	956
YFJ09184.1	NP_418276.1	100	475	0.0	885
YFJ09104.1	NP_418210.1	100	475	0.0	882
YFJ08039.1	NP_417231.1	99.4	475	0.0	930
YFJ07883.1	NP_417051.2	99.8	475	4.13e-320	864
YFJ07380.1	NP_416515.1	99.6	475	0.0	980
YFJ11509.1	NP_414658.1	100	474	0.0	936
YFJ11163.1	NP_415961.1	98.5	474	0.0	933
YFJ10390.1	NP_415194.1	100	474	0.0	946
YFJ09923.1	NP_414703.1	99.6	474	0.0	879
YFJ09766.1	NP_418816.1	99.6	474	0.0	911
YFJ08004.1	NP_417196.1	97.7	474	0.0	962
YFJ07758.1	NP_416924.1	99.8	474	0.0	922
YFJ07228.1	NP_416410.1	99.4	474	0.0	956
YFJ09917.1	NP_414697.1	99.8	473	0.0	898
YFJ09640.1	NP_418661.1	99.4	473	0.0	916
YFJ12305.1	NP_414855.1	90.2	470	1.88e-317	857
YFJ11740.1	NP_414855.1	90.2	470	1.88e-317	857
YFJ11017.1	NP_415813.4	100	472	0.0	953
YFJ10890.1	NP_415716.4	98.1	472	0.0	886
YFJ10420.1	NP_415236.1	95.3	471	0.0	937
YFJ10042.1	NP_414855.1	99.4	472	0.0	938
YFJ08530.1	NP_417680.1	99.2	472	0.0	955
YFJ08125.1	NP_417318.1	100	472	0.0	902
YFJ08086.1	NP_417283.2	99.4	472	0.0	940
YFJ07289.1	NP_416470.1	99.6	472	0.0	959
YFJ10093.1	NP_414917.2	99.4	471	0.0	917
YFJ09459.1	NP_418476.1	100	471	0.0	909
YFJ09060.1	NP_418164.4	100	471	0.0	946
YFJ07732.1	NP_416899.1	99.6	471	0.0	958
YFJ07440.1	NP_416581.1	98.5	471	0.0	869
YFJ07261.1	NP_416434.1	72.8	471	3.09e-205	573
YFJ11398.1	NP_416191.1	100	470	0.0	899
YFJ09715.1	NP_418760.1	98.9	470	0.0	933
YFJ09612.1	NP_418629.1	98.7	470	0.0	882
YFJ08416.1	NP_417563.1	100	470	0.0	973
YFJ08343.1	NP_417489.1	99.8	470	0.0	956
YFJ11634.1	NP_417251.2	98.9	445	2.84e-316	853
YFJ09215.1	NP_418306.1	100	469	0.0	941
YFJ09213.1	NP_418304.1	99.6	469	0.0	916
YFJ11158.1	NP_415956.1	99.6	468	0.0	918
YFJ10400.1	NP_415207.1	98.9	468	0.0	970
YFJ07398.1	NP_416533.1	99.6	468	0.0	917
YFJ11337.1	NP_416128.1	99.8	467	0.0	912
YFJ09224.1	YP_026275.1	99.4	467	0.0	920
YFJ09054.1	NP_418157.1	100	467	0.0	912
YFJ07774.1	NP_416950.1	98.7	467	1.26e-319	862
YFJ07770.1	NP_416946.1	98.1	467	0.0	890
YFJ07441.1	NP_416582.1	97.6	467	0.0	902
YFJ11210.1	NP_416010.1	100	466	0.0	972
YFJ10653.1	NP_415450.1	100	466	0.0	939
YFJ09840.1	NP_414614.1	100	466	0.0	926
YFJ09359.1	NP_418397.2	99.8	466	0.0	942
YFJ08804.1	NP_417974.1	100	466	0.0	974
YFJ08176.1	NP_417358.2	99.8	466	0.0	872
YFJ07957.1	NP_417149.1	99.4	466	0.0	885
YFJ11511.1	NP_414685.4	100	465	0.0	918
YFJ11041.1	NP_415837.1	99.4	465	0.0	949
YFJ09592.1	NP_418614.4	99.8	465	0.0	890
YFJ08805.1	NP_417975.1	99.6	465	0.0	951
YFJ10936.1	NP_415738.2	99.1	464	0.0	942
YFJ08238.1	NP_417418.1	100	464	0.0	896
YFJ07410.1	NP_416551.1	99.4	464	0.0	924
YFJ07406.1	NP_416547.1	97.2	464	0.0	902
YFJ11447.1	NP_416243.1	99.8	462	8.16e-312	842
YFJ10939.1	NP_415741.1	99.6	463	0.0	905
YFJ09022.1	NP_418122.1	100	463	0.0	901
YFJ08950.1	NP_418111.1	100	463	0.0	867
YFJ08886.1	NP_418048.1	99.1	463	1.98e-319	862
YFJ11328.1	NP_416119.1	100	462	0.0	875
YFJ11237.1	NP_416042.2	98.9	462	0.0	905
YFJ11187.1	NP_415986.1	99.6	462	0.0	889
YFJ09225.1	NP_418313.4	98.7	462	0.0	910
YFJ08226.1	NP_417408.1	100	462	0.0	895
YFJ11016.1	NP_415812.4	99.6	461	0.0	896
YFJ10352.1	NP_415154.1	99.6	461	1.50e-306	829
YFJ10227.1	NP_415059.1	99.8	461	0.0	932
YFJ09871.1	NP_414649.1	98.5	461	0.0	896
YFJ09135.1	YP_026258.1	99.8	461	0.0	890
YFJ08167.1	NP_417349.4	99.6	461	0.0	942
YFJ07575.1	NP_416724.1	99.8	461	0.0	897
YFJ11331.1	NP_416122.1	100	460	0.0	868
YFJ11207.1	NP_416007.3	99.6	460	0.0	881
YFJ10305.1	NP_415104.1	99.3	457	2.20e-316	853
YFJ10044.1	NP_414858.1	97.6	460	0.0	897
YFJ09754.1	NP_418806.1	99.6	460	0.0	891
YFJ09083.1	NP_418188.1	100	460	0.0	889
YFJ08960.1	NP_418114.4	99.8	460	0.0	911
YFJ08398.1	NP_417544.5	99.1	459	0.0	896
YFJ10308.1	NP_415108.1	99.6	458	0.0	877
YFJ09388.1	NP_418431.1	85.2	465	8.63e-274	746
YFJ08597.1	NP_417748.1	100	458	0.0	878
YFJ08135.1	NP_417329.1	94.5	458	8.96e-318	857
YFJ11386.1	YP_025307.1	99.8	457	0.0	871
YFJ11061.1	NP_415859.1	99.1	457	0.0	880
YFJ10109.1	NP_414936.1	99.6	457	0.0	890
YFJ09876.1	NP_414654.1	100	457	0.0	880
YFJ09633.1	NP_418654.1	99.8	457	0.0	929
YFJ09355.1	NP_418395.1	99.3	456	0.0	889
YFJ09260.1	NP_418347.1	100	457	0.0	886
YFJ09211.1	NP_418303.2	99.3	457	0.0	922
YFJ08661.1	NP_417827.1	100	457	0.0	897
YFJ07272.1	NP_416451.1	99.6	457	0.0	878
YFJ07164.1	NP_416342.4	99.8	455	1.40e-309	836
YFJ10833.1	NP_415649.1	99.8	456	0.0	905
YFJ09081.1	NP_418186.1	99.8	456	0.0	892
YFJ07411.1	NP_416552.1	99.1	456	0.0	915
YFJ10737.1	NP_415544.1	94.1	444	4.96e-299	809
YFJ08545.1	NP_417701.1	100	455	1.03e-310	839
YFJ08538.1	NP_417694.1	99.8	455	1.90e-306	828
YFJ08177.1	YP_026186.1	100	455	2.08e-310	838
YFJ08081.1	NP_417277.1	99.8	455	0.0	894
YFJ07831.1	NP_417004.1	94.3	454	3.22e-252	691
YFJ10134.1	NP_414961.4	98.5	454	1.80e-315	851
YFJ09059.1	NP_418162.1	99.8	454	0.0	867
YFJ08437.1	YP_026204.1	99.6	454	0.0	893
YFJ08079.1	NP_417275.1	100	454	0.0	900
YFJ07148.1	NP_416328.1	100	454	0.0	908
YFJ10521.1	NP_415318.1	96.5	430	3.38e-290	787
YFJ10213.1	NP_415045.1	99.8	453	0.0	922
YFJ09723.1	NP_418776.1	99.3	453	0.0	891
YFJ07932.1	NP_417101.1	100	453	4.98e-317	855
YFJ07865.1	NP_417033.1	99.8	453	0.0	961
YFJ07769.1	NP_416936.4	99.8	453	0.0	894
YFJ07446.1	NP_416585.1	99.6	453	0.0	925
YFJ07146.1	NP_416326.1	96.9	453	0.0	879
YFJ11485.1	NP_416283.1	98.7	452	4.92e-312	842
YFJ11455.1	NP_416251.1	100	452	2.72e-309	835
YFJ10973.1	NP_415778.3	98.0	452	0.0	870
YFJ09967.1	NP_414747.1	100	452	0.0	886
YFJ09852.1	NP_414628.1	98.5	452	4.41e-315	850
YFJ07594.1	NP_416743.1	99.1	452	0.0	897
YFJ07383.1	NP_416518.2	100	452	0.0	870
YFJ07293.1	NP_416477.1	98.2	452	7.63e-316	852
YFJ09522.1	NP_418543.1	99.3	451	0.0	929
YFJ07913.1	NP_417080.4	99.8	451	0.0	903
YFJ07615.1	NP_416763.1	95.1	450	0.0	876
YFJ11452.1	NP_416248.1	98.4	450	0.0	889
YFJ09937.1	NP_414718.1	99.6	450	0.0	883
YFJ09767.1	NP_418817.1	98.7	450	0.0	868
YFJ09635.1	NP_418656.1	99.3	450	0.0	870
YFJ09133.1	NP_418241.1	99.3	450	0.0	870
YFJ08779.1	NP_417957.1	99.3	450	0.0	905
YFJ08693.1	NP_417863.1	99.6	450	0.0	879
YFJ08073.1	NP_417269.1	99.8	450	0.0	887
YFJ07433.1	NP_416573.4	98.0	450	0.0	865
YFJ09471.1	NP_418488.1	99.6	449	2.20e-302	817
YFJ09433.1	NP_418448.1	99.3	449	1.36e-312	843
YFJ08566.1	NP_417722.1	100	449	0.0	899
YFJ08350.1	NP_417498.1	98.9	449	2.20e-318	858
YFJ08304.1	YP_026192.1	99.4	355	5.41e-250	681
YFJ10951.1	NP_418698.1	99.3	442	0.0	884
YFJ07920.1	NP_418698.1	99.1	442	0.0	881
YFJ11478.1	NP_416275.1	99.1	447	0.0	873
YFJ11463.1	NP_416259.1	98.4	447	0.0	872
YFJ11145.1	NP_415940.1	98.9	447	0.0	880
YFJ10616.1	NP_415412.1	99.8	447	0.0	881
YFJ09693.1	NP_418741.1	100	447	2.68e-302	817
YFJ09620.1	NP_418639.1	100	447	9.96e-298	805
YFJ08491.1	NP_417640.1	99.8	447	0.0	904
YFJ09525.1	NP_418547.1	100	446	3.75e-313	844
YFJ09445.1	NP_418460.1	99.3	446	0.0	917
YFJ08724.1	YP_026221.1	100	446	1.25e-311	840
YFJ08072.1	NP_417268.1	98.2	446	0.0	921
YFJ08071.1	NP_417267.1	99.6	446	0.0	914
YFJ07697.1	NP_416846.2	99.3	446	0.0	901
YFJ09568.1	NP_418590.1	98.9	445	3.55e-306	827
YFJ09519.1	NP_418539.1	99.8	445	2.79e-319	860
YFJ09066.1	NP_418170.1	99.3	445	6.56e-302	816
YFJ08494.1	NP_417643.1	99.8	445	2.79e-319	860
YFJ07701.1	NP_416866.1	99.1	445	1.54e-300	812
YFJ07636.1	NP_416787.1	99.8	445	0.0	922
YFJ07344.1	NP_418146.4	98.8	430	5.25e-318	856
YFJ09535.1	NP_418556.1	100	444	1.05e-318	858
YFJ09020.1	NP_418120.2	99.3	444	4.47e-304	821
YFJ08449.1	NP_417596.1	99.8	444	0.0	871
YFJ07904.1	NP_417071.1	99.8	444	1.00e-300	813
YFJ07881.1	NP_417049.1	99.8	444	6.06e-318	856
YFJ09814.1	NP_414587.1	99.8	443	0.0	873
YFJ09750.1	NP_418802.1	97.3	443	0.0	869
YFJ09323.1	NP_418366.1	99.8	443	5.74e-311	838
YFJ09197.1	NP_418289.1	99.5	443	0.0	910
YFJ08608.1	NP_417759.1	100	443	8.89e-315	848
YFJ08441.1	NP_417586.1	99.5	443	1.26e-314	848
YFJ08436.1	YP_026203.3	99.8	443	3.70e-307	829
YFJ08101.1	NP_417295.1	99.8	443	0.0	868
YFJ07702.1	NP_416867.1	99.3	442	0.0	871
YFJ10721.1	NP_415526.4	99.5	442	1.89e-304	822
YFJ10559.1	NP_415355.1	98.9	442	2.35e-314	847
YFJ08173.1	NP_417355.4	98.2	442	0.0	877
YFJ10734.1	NP_415541.1	99.5	441	0.0	878
YFJ10562.1	NP_415356.1	100	441	0.0	885
YFJ10026.1	NP_414838.2	98.4	441	1.95e-317	855
YFJ09452.1	NP_418468.3	98.6	441	2.13e-298	807
YFJ09389.1	NP_418432.1	98.6	441	2.13e-305	824
YFJ08200.1	NP_417384.1	97.7	441	0.0	866
YFJ10645.1	NP_415442.1	100	440	1.55e-318	857
YFJ09747.1	NP_418799.1	99.8	440	7.85e-312	840
YFJ08857.1	NP_418022.1	99.8	440	0.0	907
YFJ08810.1	NP_417980.1	100	440	2.51e-308	832
YFJ07578.1	NP_416727.1	99.5	440	1.42e-314	847
YFJ07191.1	NP_416370.2	100	440	1.34e-319	860
YFJ11675.1	NP_418123.2	99.5	439	0.0	880
YFJ11208.1	NP_416008.1	98.9	439	0.0	898
YFJ10409.1	NP_415219.1	97.7	439	3.02e-304	821
YFJ10108.1	NP_414935.1	99.5	439	2.71e-307	829
YFJ11642.1	NP_417359.1	99.8	438	0.0	902
YFJ09854.1	NP_414630.1	99.5	438	2.24e-319	859
YFJ08972.1	NP_417910.1	97.0	438	0.0	873
YFJ08736.1	NP_417910.1	99.5	438	0.0	886
YFJ08704.1	YP_026217.1	100	438	5.17e-300	810
YFJ08084.1	NP_417281.1	99.8	438	2.85e-313	844
YFJ07311.1	NP_416488.1	99.1	438	6.01e-315	848
YFJ09482.1	NP_418501.1	99.8	437	5.34e-297	803
YFJ10703.1	NP_415500.1	97.9	432	2.55e-314	846
YFJ08435.1	YP_026202.1	99.1	436	1.27e-299	809
YFJ07695.1	NP_416844.1	98.6	436	6.14e-307	828
YFJ11474.1	NP_416271.4	98.2	435	0.0	877
YFJ10811.1	NP_415627.1	99.5	434	1.95e-318	857
YFJ10183.1	NP_415010.1	100	434	0.0	884
YFJ09395.1	NP_418439.1	100	434	7.93e-318	855
YFJ08664.1	NP_417836.1	99.5	434	1.72e-296	801
YFJ07389.1	NP_416524.1	98.2	434	3.47e-296	800
YFJ11335.1	NP_416126.1	99.5	433	1.27e-318	857
YFJ10214.1	NP_415046.4	99.8	433	1.45e-308	832
YFJ09540.1	NP_418561.1	100	433	4.86e-291	787
YFJ08380.1	NP_417526.1	98.4	433	7.03e-316	850
YFJ08069.1	NP_417265.1	99.1	433	2.10e-317	854
YFJ07759.1	NP_416925.2	98.2	433	0.0	864
YFJ10873.1	NP_415707.1	100	432	0.0	870
YFJ10143.1	NP_414970.1	100	432	6.26e-298	805
YFJ09949.1	NP_414730.1	97.0	432	3.60e-313	843
YFJ09576.1	NP_418598.1	100	432	0.0	864
YFJ08417.1	NP_417564.2	99.5	432	3.30e-309	833
YFJ08063.1	NP_417259.1	100	432	8.68e-305	822
YFJ07915.1	NP_417082.1	100	432	4.02e-310	835
YFJ11055.1	NP_415854.4	98.8	431	4.50e-310	835
YFJ10107.1	NP_414934.1	99.8	431	0.0	866
YFJ08718.1	NP_417888.1	100	431	0.0	871
YFJ07620.1	NP_416768.4	98.4	431	7.59e-319	857
YFJ11569.1	NP_415929.1	94.7	430	1.00e-318	857
YFJ11534.1	NP_415268.1	100	430	1.26e-215	596
YFJ11318.1	NP_416109.2	99.0	418	2.01e-290	785
YFJ11030.1	NP_415826.1	97.9	430	2.13e-304	821
YFJ10617.1	NP_415413.1	100	430	1.99e-309	833
YFJ10192.1	NP_415019.1	99.1	430	1.01e-286	776
YFJ11666.1	NP_417959.4	98.6	429	9.99e-298	804
YFJ11420.1	NP_416214.1	99.5	429	4.33e-308	830
YFJ10499.1	NP_415295.1	98.1	429	9.31e-319	857
YFJ09390.1	NP_418433.1	98.4	429	2.54e-316	851
YFJ08596.1	NP_417747.1	98.4	429	0.0	863
YFJ08080.1	NP_417276.1	100	429	4.95e-298	805
YFJ07818.1	NP_416992.1	99.8	429	7.19e-291	786
YFJ07600.1	NP_416749.4	98.8	429	1.73e-298	806
YFJ11630.1	YP_026171.3	100	428	6.36e-289	781
YFJ10158.1	NP_414985.1	100	428	1.37e-299	808
YFJ09823.1	NP_414595.1	100	428	1.74e-302	816
YFJ09812.1	NP_414585.1	99.5	428	9.02e-305	822
YFJ09773.1	NP_414545.1	99.5	428	1.12e-314	847
YFJ08815.1	NP_417985.1	100	428	1.34e-290	786
YFJ08675.1	NP_417847.1	97.0	428	4.21e-220	607
YFJ10631.1	NP_415428.1	98.8	427	5.26e-308	830
YFJ10497.1	NP_415293.1	99.1	427	1.41e-312	841
YFJ10437.1	NP_415248.1	99.3	427	1.99e-319	858
YFJ10056.1	NP_414871.1	98.8	427	2.76e-319	858
YFJ07850.1	NP_417018.4	98.8	427	1.03e-314	847
YFJ07169.1	NP_416347.1	99.5	427	6.97e-313	842
YFJ07118.1	NP_416298.1	99.3	426	3.33e-295	797
YFJ11021.1	NP_415817.1	99.5	426	1.47e-318	856
YFJ09916.1	NP_414696.1	99.8	426	1.72e-317	853
YFJ09712.1	NP_418756.1	99.8	426	2.21e-304	820
YFJ09572.1	NP_418594.1	99.5	426	1.05e-302	816
YFJ08454.1	NP_417601.1	98.8	426	9.97e-317	852
YFJ07956.1	NP_417148.1	98.1	425	1.10e-304	821
YFJ07862.1	NP_417030.2	99.1	426	6.73e-315	847
YFJ07408.1	NP_416549.1	99.1	426	2.07e-309	833
YFJ08929.1	NP_418090.1	99.8	425	9.47e-310	834
YFJ08870.1	YP_026232.1	98.6	425	2.39e-287	777
YFJ08739.1	NP_417913.1	99.3	425	1.92e-293	793
YFJ08225.1	YP_026187.1	98.8	425	1.78e-314	846
YFJ08059.1	NP_417255.1	98.4	425	2.49e-305	823
YFJ07457.1	NP_416601.1	100	425	6.66e-310	834
YFJ11359.1	NP_416154.1	100	424	1.21e-316	851
YFJ10145.1	NP_414972.1	100	424	2.51e-309	833
YFJ07839.1	NP_417009.1	100	424	5.75e-315	847
YFJ11403.1	NP_416196.1	98.3	423	3.68e-306	825
YFJ10731.1	NP_415538.1	98.1	423	4.88e-311	837
YFJ09899.1	NP_414677.1	63.0	424	3.43e-183	513
YFJ08830.1	NP_417996.1	98.8	423	1.57e-291	788
YFJ08053.1	NP_417246.4	97.6	423	1.40e-310	836
YFJ11631.1	NP_417146.2	98.1	422	1.76e-308	830
YFJ10868.1	NP_415702.1	99.1	422	2.24e-311	838
YFJ07667.1	NP_416818.1	99.3	422	5.89e-307	827
YFJ11413.1	NP_416206.6	98.8	421	9.07e-290	783
YFJ11022.1	NP_415818.1	98.3	421	1.60e-299	808
YFJ10548.1	NP_415342.1	99.0	420	0.0	874
YFJ10472.1	NP_415267.1	100	421	1.13e-120	354
YFJ09119.1	NP_418227.1	99.8	421	3.43e-310	835
YFJ09860.1	NP_414636.1	100	420	6.86e-305	821
YFJ09126.1	YP_026254.1	99.8	420	9.48e-312	838
YFJ08122.1	NP_417315.1	99.3	420	1.64e-312	840
YFJ07454.1	NP_416598.1	97.1	420	2.20e-301	812
YFJ10220.1	YP_009029994.1	98.8	419	5.43e-306	824
YFJ10055.1	NP_414870.1	99.5	419	2.17e-296	800
YFJ09573.1	NP_418595.1	99.8	419	3.91e-267	726
YFJ09254.1	YP_026276.1	99.3	419	8.17e-317	851
YFJ09122.1	NP_418230.1	100	419	1.82e-304	820
YFJ08912.1	NP_418070.6	99.5	419	2.57e-249	681
YFJ08507.1	NP_417656.1	100	419	8.27e-301	811
YFJ07596.1	NP_416745.1	98.6	419	5.91e-310	834
YFJ11387.1	NP_416181.1	98.1	418	1.97e-241	660
YFJ10927.1	NP_415728.1	98.3	418	1.33e-285	772
YFJ10716.1	NP_415521.1	87.1	418	3.10e-268	728
YFJ09543.1	NP_418565.1	99.0	418	1.54e-300	810
YFJ08261.1	NP_417439.4	100	418	2.67e-301	812
YFJ07735.1	NP_416901.1	98.6	418	1.21e-297	803
YFJ07725.1	NP_416890.1	98.1	418	2.40e-288	779
YFJ11322.1	NP_416113.1	100	417	8.83e-279	755
YFJ10963.1	NP_415766.1	99.8	417	2.70e-289	781
YFJ10673.1	NP_415470.1	100	417	7.38e-303	816
YFJ10061.1	NP_414877.1	100	417	6.21e-295	796
YFJ10007.1	NP_414778.1	99.5	417	1.99e-291	787
YFJ08864.1	YP_026231.1	99.0	417	1.48e-318	855
YFJ08100.1	NP_417294.4	100	417	9.86e-292	788
YFJ07878.1	NP_417046.1	100	417	5.06e-310	834
YFJ10840.1	NP_415654.1	99.5	416	3.29e-310	834
YFJ10324.1	NP_415123.1	99.5	416	7.33e-282	763
YFJ09131.1	NP_418239.1	99.5	416	1.14e-285	772
YFJ08756.1	NP_417930.2	99.0	405	1.39e-281	761
YFJ07710.1	NP_416875.1	100	416	4.54e-317	852
YFJ07520.1	NP_416669.1	100	416	6.84e-271	735
YFJ07517.1	NP_416666.1	99.5	416	6.14e-274	743
YFJ10309.1	NP_415109.1	99.5	415	9.84e-291	785
YFJ09061.1	NP_418165.1	99.5	415	2.57e-302	814
YFJ07722.1	NP_416887.1	99.3	415	4.00e-290	783
YFJ07437.1	NP_416578.2	98.6	415	5.10e-277	750
YFJ10820.1	NP_415636.1	99.5	414	1.92e-292	789
YFJ10003.1	NP_414774.1	99.8	414	0.0	861
YFJ09855.1	NP_414631.1	100	414	5.49e-292	788
YFJ08481.1	NP_417630.1	99.5	414	6.98e-295	795
YFJ08413.1	NP_417560.1	99.8	414	8.91e-282	762
YFJ10797.1	NP_415613.1	100	413	4.07e-298	803
YFJ10717.1	NP_415522.1	98.8	413	3.39e-306	824
YFJ10514.1	NP_415310.1	99.8	413	1.34e-312	840
YFJ09229.1	NP_418316.4	99.0	413	0.0	874
YFJ08678.1	NP_417850.1	99.0	412	1.68e-285	771
YFJ08382.1	NP_417528.1	99.3	412	1.02e-311	838
YFJ07727.1	NP_416893.1	100	412	1.13e-283	767
YFJ07715.1	NP_416880.1	99.8	412	2.81e-309	832
YFJ07503.1	NP_416651.1	98.3	412	4.58e-299	806
YFJ11063.1	NP_415861.1	99.8	411	5.23e-309	831
YFJ10554.1	NP_415348.1	99.3	411	2.56e-300	809
YFJ10217.1	NP_415049.1	98.5	411	2.59e-309	832
YFJ09136.1	YP_026259.1	95.9	411	5.46e-311	836
YFJ07504.1	NP_416652.4	98.8	411	5.38e-302	813
YFJ11058.1	NP_415857.2	99.5	410	1.22e-302	815
YFJ10639.1	NP_415436.1	98.8	410	1.24e-311	837
YFJ10569.1	NP_415363.1	99.8	410	5.47e-290	783
YFJ09755.1	NP_418807.4	99.8	410	6.87e-309	830
YFJ09713.1	NP_418757.1	98.3	409	1.38e-283	766
YFJ08204.1	NP_417388.1	99.8	410	1.25e-295	797
YFJ12260.1	NP_418693.1	99.0	301	7.11e-227	619
YFJ11787.1	NP_418693.1	96.7	301	6.49e-223	608
YFJ09893.1	NP_414672.1	97.8	409	6.00e-298	803
YFJ08992.1	NP_418693.1	96.0	301	7.56e-222	606
YFJ08128.1	NP_417322.1	100	409	5.41e-285	770
YFJ10829.1	NP_415645.1	99.8	408	5.18e-303	815
YFJ10755.1	NP_415571.1	99.5	408	1.75e-285	771
YFJ08708.1	NP_417879.1	98.8	408	3.35e-299	806
YFJ08667.1	NP_417839.1	96.8	408	1.78e-294	794
YFJ07927.1	NP_417095.1	98.8	408	1.34e-289	781
YFJ07771.1	NP_416947.1	99.0	408	1.87e-280	758
YFJ10306.1	NP_415106.1	99.0	407	2.14e-290	783
YFJ09748.1	NP_418800.1	99.8	407	7.18e-314	843
YFJ08652.1	NP_417818.1	98.8	405	2.56e-300	808
YFJ08292.1	YP_026190.1	99.5	407	3.23e-301	811
YFJ07413.1	NP_416554.1	98.8	407	1.79e-298	804
YFJ11466.1	NP_416262.1	98.0	406	2.86e-299	806
YFJ11402.1	NP_416195.1	98.5	406	8.21e-299	805
YFJ11320.1	NP_416111.1	99.5	406	4.87e-291	785
YFJ10395.1	NP_415202.1	100	406	5.31e-295	795
YFJ10336.1	NP_415135.1	98.0	406	0.0	862
YFJ10185.1	NP_415012.1	99.5	406	2.17e-278	753
YFJ10086.1	NP_414911.1	99.8	406	4.36e-294	793
YFJ08935.1	NP_418096.4	99.8	406	9.42e-289	779
YFJ07675.1	NP_416826.1	100	406	7.22e-293	790
YFJ07407.1	NP_416548.1	99.0	406	4.36e-294	793
YFJ10444.1	NP_415255.1	100	405	2.24e-275	745
YFJ09807.1	NP_414580.1	99.0	405	9.76e-311	835
YFJ07642.1	NP_416793.1	99.8	405	1.49e-305	822
YFJ07419.1	NP_416561.1	99.0	405	4.98e-304	818
YFJ07418.1	NP_416560.1	99.3	405	1.27e-281	761
YFJ11412.1	NP_416205.1	98.3	404	1.05e-284	769
YFJ11309.1	NP_416098.1	100	404	1.78e-319	857
YFJ09356.1	NP_416098.1	91.6	404	1.16e-297	801
YFJ09043.1	NP_418144.3	98.0	404	5.42e-317	851
YFJ07857.1	YP_026169.1	100	404	1.93e-296	798
YFJ11383.1	YP_025306.1	99.8	403	6.84e-285	769
YFJ10845.1	NP_415681.1	98.0	403	1.29e-289	781
YFJ10362.1	NP_415165.1	100	403	6.49e-299	805
YFJ10070.1	NP_414887.2	98.3	403	8.34e-270	731
YFJ08166.1	NP_417348.1	100	403	3.40e-310	833
YFJ07237.1	NP_416420.1	99.5	403	1.08e-281	761
YFJ10766.1	NP_415583.4	99.5	402	9.79e-289	779
YFJ10572.1	NP_415366.1	99.8	402	3.35e-280	757
YFJ08838.1	NP_418003.1	98.3	402	4.23e-251	684
YFJ08440.1	NP_417585.2	99.5	402	7.19e-291	784
YFJ07624.1	NP_416772.1	91.3	402	2.56e-266	722
YFJ10777.1	NP_415594.1	93.0	402	2.57e-254	692
YFJ08949.1	NP_418110.1	99.5	401	1.57e-273	740
YFJ08092.1	NP_417290.1	98.8	401	1.10e-289	781
YFJ07601.1	NP_416750.2	99.0	401	1.01e-310	834
YFJ07265.1	NP_416439.1	100	401	1.32e-306	824
YFJ10654.1	NP_415451.1	99.5	400	2.18e-300	808
YFJ10566.1	NP_415360.1	99.8	400	5.27e-292	787
YFJ10317.1	NP_415117.2	97.3	400	4.45e-309	830
YFJ10105.1	NP_414932.1	99.2	399	5.27e-292	787
YFJ09870.1	NP_414648.1	97.0	400	5.54e-278	751
YFJ08771.1	NP_417949.1	99.5	400	4.92e-297	800
YFJ08198.1	NP_417382.1	98.3	400	2.92e-289	780
YFJ07973.1	NP_417163.1	100	400	4.64e-286	772
YFJ07869.1	NP_417037.1	96.8	400	3.81e-285	769
YFJ07728.1	NP_416894.1	100	400	7.37e-267	723
YFJ07648.1	NP_416799.1	100	400	1.29e-292	788
YFJ07603.1	NP_416752.1	99.8	400	1.11e-293	791
YFJ10818.1	NP_415634.1	100	399	1.75e-269	730
YFJ09140.1	NP_418247.1	96.8	376	3.26e-222	610
YFJ10076.1	NP_414897.1	99.2	398	3.60e-298	802
YFJ09934.1	NP_414715.1	100	398	4.63e-285	769
YFJ09655.1	YP_026288.1	97.0	398	9.16e-276	746
YFJ09139.1	NP_418246.1	99.5	398	5.17e-282	761
YFJ08916.1	NP_418074.1	100	398	2.91e-288	777
YFJ08165.1	NP_417347.1	100	398	1.78e-298	803
YFJ07940.1	NP_417111.1	60.4	394	1.19e-172	485
YFJ10972.1	NP_415777.1	99.5	397	1.52e-294	793
YFJ10169.1	NP_414996.1	99.7	397	2.83e-274	742
YFJ09461.1	NP_418478.1	98.5	397	6.35e-287	774
YFJ08119.1	NP_417312.1	99.2	397	4.20e-276	746
YFJ07877.1	NP_417045.4	99.0	397	9.95e-300	806
YFJ11240.1	NP_416045.1	100	396	4.44e-266	721
YFJ10690.1	NP_415487.4	98.5	396	9.07e-291	783
YFJ10651.1	NP_415448.1	100	396	1.64e-293	790
YFJ09443.1	NP_418458.1	99.0	396	3.85e-292	787
YFJ08904.1	NP_418062.1	98.5	396	9.32e-284	766
YFJ07879.1	NP_417047.1	99.2	396	7.88e-301	809
YFJ07597.1	NP_416746.1	99.7	396	2.23e-291	785
YFJ07539.1	NP_416687.1	99.5	396	3.89e-276	746
YFJ11641.1	YP_026185.1	100	395	3.70e-292	787
YFJ11246.1	NP_416051.1	98.0	395	1.15e-272	738
YFJ08445.1	NP_417591.1	89.1	395	5.79e-250	680
YFJ08326.1	NP_417481.1	98.5	395	3.27e-288	777
YFJ07772.1	NP_416948.4	99.0	395	2.17e-277	749
YFJ11524.1	NP_414930.3	98.5	394	4.84e-269	728
YFJ09694.1	NP_418742.1	99.5	394	5.09e-296	796
YFJ09367.1	NP_418407.1	100	394	4.68e-292	786
YFJ09029.1	NP_418129.2	99.7	394	7.01e-278	751
YFJ09017.1	NP_418118.2	100	394	1.05e-268	728
YFJ09007.1	NP_418115.1	99.2	394	1.35e-275	745
YFJ08632.1	NP_417798.1	100	394	3.30e-292	787
YFJ07579.1	NP_416728.1	98.7	394	1.39e-268	727
YFJ11638.1	NP_417321.2	99.7	393	1.12e-278	753
YFJ08860.1	NP_418025.1	99.7	393	9.43e-271	733
YFJ08657.1	NP_417823.1	99.5	393	1.74e-282	762
YFJ08585.1	YP_026209.1	98.0	393	1.15e-271	735
YFJ07526.1	NP_416675.1	99.2	393	4.76e-280	756
YFJ07125.1	NP_416305.1	99.5	393	3.59e-275	744
YFJ09706.1	NP_418752.1	89.8	392	2.95e-246	671
YFJ08861.1	NP_418026.1	100	392	3.15e-289	779
YFJ08316.1	NP_417469.1	100	392	2.13e-287	775
YFJ08269.1	NP_416532.1	75.3	388	2.80e-213	587
YFJ08199.1	NP_417383.1	98.0	392	5.37e-281	758
YFJ07837.1	NP_417007.1	99.7	392	3.32e-259	703
YFJ07674.1	NP_416825.1	99.0	392	2.14e-271	734
YFJ07184.1	NP_416363.1	98.7	392	1.54e-280	757
YFJ11339.1	NP_416130.3	98.5	391	1.66e-279	754
YFJ10391.1	NP_415195.1	98.7	391	4.83e-288	776
YFJ10326.1	NP_415125.1	99.5	391	1.73e-281	759
YFJ09062.1	NP_418166.1	99.0	391	1.05e-266	722
YFJ11345.1	NP_416139.1	99.0	390	2.24e-297	800
YFJ11153.1	NP_415950.4	98.5	390	1.78e-260	706
YFJ10711.1	NP_415516.1	99.0	390	1.98e-291	785
YFJ09701.1	NP_418748.1	98.5	390	1.95e-282	762
YFJ08501.1	NP_417650.1	99.5	390	1.29e-271	734
YFJ07980.1	NP_417170.1	99.5	390	2.97e-261	708
YFJ11379.1	NP_416174.1	100	389	4.76e-262	710
YFJ10995.1	NP_415796.1	100	389	4.95e-280	756
YFJ10052.1	NP_414867.1	99.5	389	5.87e-288	776
YFJ11589.1	NP_416268.2	98.5	388	1.69e-291	785
YFJ10445.1	NP_415256.1	100	388	2.54e-277	749
YFJ09787.1	NP_414560.1	99.5	388	1.23e-268	727
YFJ07396.1	NP_416532.1	89.2	388	1.13e-248	676
YFJ07379.1	NP_416514.4	99.5	388	1.45e-292	787
YFJ10237.1	NP_415069.1	100	387	1.18e-286	772
YFJ09585.1	NP_418607.1	98.7	387	2.73e-301	809
YFJ09195.1	YP_026272.1	98.2	387	1.52e-273	739
YFJ08668.1	NP_417840.1	95.9	387	4.74e-277	748
YFJ08329.1	NP_417484.1	100	387	5.02e-288	776
YFJ08220.1	NP_417401.1	100	387	8.77e-273	737
YFJ07704.1	NP_416869.1	98.2	387	1.45e-271	734
YFJ10334.1	NP_415133.1	99.0	386	5.19e-285	768
YFJ09333.1	NP_418374.1	100	386	5.81e-282	760
YFJ08366.1	NP_417510.1	100	386	5.71e-298	801
YFJ07922.1	NP_417090.1	99.5	386	1.46e-275	744
YFJ11214.1	NP_416014.4	99.5	385	5.07e-296	796
YFJ10751.1	NP_415565.1	99.5	385	6.82e-285	768
YFJ10085.1	NP_414910.1	100	385	1.61e-283	764
YFJ09924.1	NP_414704.4	99.7	385	3.47e-278	751
YFJ08800.1	NP_417970.1	99.7	385	2.68e-266	721
YFJ08581.1	NP_417731.1	99.2	385	6.59e-267	722
YFJ07509.1	NP_416657.1	99.0	385	2.66e-282	761
YFJ07488.1	NP_416634.1	97.9	385	1.25e-255	694
YFJ10501.1	NP_415297.1	97.1	384	2.82e-272	736
YFJ10059.1	NP_414875.1	97.1	384	8.29e-265	717
YFJ08460.1	NP_417605.1	97.9	384	1.66e-280	756
YFJ08237.1	NP_417417.1	100	384	7.24e-275	742
YFJ07842.1	NP_417012.1	99.7	384	1.27e-284	767
YFJ12280.1	NP_418704.1	99.2	383	1.79e-279	754
YFJ11585.1	NP_416210.4	100	383	4.99e-286	770
YFJ09861.1	NP_414637.1	100	383	5.64e-267	722
YFJ09711.1	NP_418755.4	98.7	383	3.93e-283	763
YFJ09352.1	NP_418392.1	99.2	383	9.39e-291	782
YFJ08884.1	YP_026233.1	99.7	383	5.50e-274	740
YFJ11636.1	NP_417279.2	99.7	382	3.90e-278	750
YFJ11384.1	NP_416178.1	100	382	4.87e-297	798
YFJ10622.1	NP_415418.1	99.5	382	3.15e-268	725
YFJ10482.1	NP_415278.1	99.7	382	1.00e-280	757
YFJ10396.1	NP_415203.1	99.7	382	2.02e-280	756
YFJ09943.1	NP_414724.1	98.7	382	3.20e-277	748
YFJ09801.1	NP_414573.1	99.5	382	4.62e-286	770
YFJ09045.1	YP_026237.1	99.5	382	7.13e-290	780
YFJ08897.1	NP_418057.1	99.5	382	1.99e-271	733
YFJ07343.1	YP_026237.1	99.2	382	4.13e-289	778
YFJ07211.1	NP_416394.1	99.7	382	2.70e-269	728
YFJ11159.1	NP_415957.1	98.4	381	2.92e-293	788
YFJ10658.1	NP_415455.1	99.0	381	5.98e-277	747
YFJ10215.1	NP_415047.1	98.4	381	1.88e-264	716
YFJ08446.1	NP_417593.4	99.0	381	8.72e-270	729
YFJ07707.1	NP_416872.4	98.4	381	2.37e-283	763
YFJ09808.1	NP_414581.1	100	380	7.97e-286	769
YFJ08296.1	YP_009518815.1	98.1	371	1.25e-280	757
YFJ10466.1	NP_415262.1	100	379	6.23e-278	749
YFJ09565.1	NP_418587.1	98.7	379	1.43e-283	764
YFJ08030.1	NP_417222.1	99.5	379	3.36e-234	639
YFJ07863.1	NP_417031.1	98.4	379	1.68e-266	721
YFJ07607.1	NP_416756.6	98.9	379	3.05e-275	743
YFJ07424.1	NP_416566.1	100	379	1.31e-279	754
YFJ11177.1	NP_417941.1	98.7	378	1.04e-280	756
YFJ10828.1	NP_415644.1	100	378	1.85e-274	741
YFJ10701.1	NP_415498.1	99.7	378	7.01e-279	752
YFJ10298.1	NP_417941.1	97.1	378	1.36e-276	746
YFJ09500.1	NP_418519.1	97.6	378	9.39e-268	724
YFJ08895.1	NP_418054.1	100	378	1.33e-267	723
YFJ08892.1	NP_417941.1	97.9	378	1.41e-278	751
YFJ08408.1	NP_417555.4	99.2	378	2.10e-280	756
YFJ08250.1	NP_417430.1	98.4	378	4.60e-284	765
YFJ07672.1	NP_416823.1	98.4	378	2.25e-275	743
YFJ07478.1	NP_416625.1	98.9	378	4.16e-271	732
YFJ11124.1	NP_415895.1	97.1	377	9.46e-272	734
YFJ10582.1	NP_415376.4	99.7	377	1.03e-275	744
YFJ10518.1	NP_415314.1	99.7	377	5.15e-260	704
YFJ10320.1	NP_415119.1	96.3	377	1.41e-257	698
YFJ09554.1	NP_418574.1	95.5	377	1.91e-271	733
YFJ09376.1	NP_418417.1	98.9	376	7.89e-280	754
YFJ08000.1	NP_417191.1	98.1	377	6.83e-265	716
YFJ09783.1	NP_414556.1	99.5	376	4.08e-245	666
YFJ09130.1	NP_418238.1	99.5	376	1.39e-268	726
YFJ09125.1	YP_026253.1	99.2	376	2.00e-277	748
YFJ07588.1	NP_416738.1	99.7	376	2.97e-279	753
YFJ07525.1	NP_416674.1	99.5	376	9.61e-260	703
YFJ10730.1	NP_415537.1	98.7	375	7.12e-266	719
YFJ10586.1	NP_415380.1	98.7	375	1.12e-278	751
YFJ10113.1	NP_414940.1	100	375	1.01e-290	781
YFJ08543.1	NP_417699.1	98.7	375	1.25e-275	743
YFJ07793.1	NP_416967.1	99.7	375	3.34e-280	755
YFJ07274.1	NP_416453.1	96.0	375	6.66e-239	650
YFJ11662.1	NP_417942.6	99.7	374	2.46e-261	707
YFJ08927.1	NP_418088.1	90.4	374	1.46e-253	687
YFJ08593.1	YP_026211.1	98.1	374	1.11e-273	738
YFJ07137.1	NP_416316.1	99.7	374	5.03e-295	792
YFJ10830.1	NP_415646.4	99.7	373	7.40e-292	784
YFJ08018.1	NP_417209.1	99.7	373	1.13e-286	771
YFJ07923.1	NP_417091.1	99.5	372	6.64e-270	729
YFJ07415.1	NP_416557.1	100	373	2.74e-278	750
YFJ10761.1	NP_415577.1	98.4	372	1.17e-283	763
YFJ10694.1	NP_415491.1	100	372	4.08e-284	764
YFJ10542.1	NP_415339.1	98.1	372	8.95e-263	711
YFJ10313.1	NP_415113.1	99.2	372	2.02e-284	765
YFJ08318.1	NP_417471.1	100	372	3.91e-282	759
YFJ07840.1	NP_417010.1	100	372	6.30e-263	711
YFJ11239.1	NP_416044.1	95.4	371	3.67e-266	719
YFJ11003.1	NP_415803.2	95.7	375	1.66e-263	712
YFJ10604.1	NP_415399.4	99.2	371	6.38e-251	681
YFJ10564.1	NP_415358.1	98.7	371	1.87e-284	765
YFJ10095.1	NP_414919.1	100	371	5.92e-272	734
YFJ09444.1	NP_418459.1	100	371	4.00e-270	729
YFJ07139.1	NP_416318.1	99.5	371	2.61e-276	745
YFJ11410.1	NP_416203.1	99.5	370	2.15e-253	687
YFJ10581.1	NP_415375.1	99.5	370	4.89e-275	741
YFJ10364.1	NP_415167.1	99.7	370	6.73e-257	696
YFJ08531.1	NP_417687.1	89.6	375	9.03e-238	647
YFJ11362.1	NP_416157.1	99.7	368	6.70e-277	746
YFJ10670.1	NP_415467.1	98.1	369	3.72e-274	739
YFJ10073.1	NP_414890.1	99.5	369	3.19e-275	742
YFJ08741.1	NP_417915.1	99.2	369	5.67e-269	726
YFJ07471.1	NP_416616.4	99.7	369	2.81e-269	727
YFJ10835.1	NP_415651.4	99.5	368	1.85e-278	750
YFJ10517.1	NP_415313.1	100	368	2.56e-260	704
YFJ09682.1	NP_418730.4	99.5	368	3.07e-277	747
YFJ08818.1	NP_417988.1	99.2	368	2.10e-284	765
YFJ11658.1	NP_417736.2	98.9	367	2.06e-270	729
YFJ10121.1	NP_414948.1	98.6	367	8.38e-270	728
YFJ10006.1	NP_414777.1	99.7	367	1.17e-260	705
YFJ09341.1	NP_418380.4	100	367	6.32e-265	716
YFJ09123.1	NP_418231.1	100	367	1.81e-264	714
YFJ08743.1	YP_026223.1	99.7	367	1.69e-269	727
YFJ08721.1	NP_417891.1	99.7	367	4.33e-272	734
YFJ08560.1	NP_417716.1	100	367	2.74e-227	620
YFJ10932.1	NP_415734.1	99.7	366	3.80e-245	665
YFJ09658.1	NP_418682.1	99.7	366	1.30e-252	684
YFJ09516.1	NP_418536.1	99.2	363	8.16e-253	685
YFJ09361.1	NP_418400.1	99.7	366	3.84e-270	729
YFJ09053.1	NP_418156.1	100	366	7.12e-266	718
YFJ08089.1	NP_417286.1	99.7	366	1.04e-283	763
YFJ11372.1	NP_416167.1	99.7	365	6.14e-271	731
YFJ10781.1	NP_415598.3	99.5	365	1.82e-247	671
YFJ10264.1	NP_415895.1	64.4	374	6.40e-160	450
YFJ08184.1	NP_417367.1	99.7	365	2.46e-261	706
YFJ08095.1	NP_417293.1	100	365	8.47e-278	748
YFJ07751.1	NP_416917.1	98.9	365	1.89e-265	717
YFJ10205.1	NP_415036.1	96.7	364	6.09e-266	718
YFJ10090.1	NP_414915.1	100	364	6.09e-266	718
YFJ10087.1	NP_414912.1	98.6	364	1.87e-260	704
YFJ08197.1	NP_417381.1	99.7	364	4.67e-270	728
YFJ07872.1	NP_417040.2	99.4	353	1.46e-268	724
YFJ07570.1	NP_416719.1	89.9	367	3.64e-245	665
YFJ07535.1	NP_416683.1	99.7	364	3.24e-261	706
YFJ11545.1	NP_415532.3	98.9	363	6.95e-267	721
YFJ10922.1	NP_415721.1	100	363	2.20e-263	711
YFJ09841.1	NP_414615.4	99.2	363	3.12e-263	711
YFJ08046.1	NP_417238.1	99.2	363	3.49e-260	703
YFJ10630.1	NP_415427.1	98.6	362	1.56e-267	722
YFJ10363.1	NP_415166.1	98.6	362	4.82e-246	667
YFJ10333.1	NP_415132.1	98.3	362	8.28e-263	710
YFJ10036.1	NP_414849.1	99.2	362	3.28e-269	726
YFJ08676.1	NP_417848.1	99.7	362	1.13e-260	704
YFJ07516.1	NP_416665.1	98.3	362	3.23e-260	703
YFJ07476.1	NP_416623.2	99.2	362	2.18e-258	699
YFJ10525.1	NP_415322.1	98.6	361	3.69e-270	728
YFJ08663.1	NP_417835.1	96.4	361	2.58e-245	665
YFJ07990.1	NP_417181.1	97.8	361	1.44e-267	722
YFJ07721.1	NP_416886.1	97.5	361	7.86e-256	692
YFJ07681.1	NP_416832.1	99.7	361	1.68e-266	719
YFJ07135.1	NP_416314.1	98.9	361	2.82e-274	739
YFJ10928.1	NP_415729.1	99.7	360	6.68e-252	682
YFJ10063.1	NP_414879.3	98.6	360	1.01e-246	669
YFJ09853.1	NP_414629.1	99.7	360	2.88e-262	708
YFJ09659.1	NP_418683.4	100	360	1.71e-254	689
YFJ11646.1	NP_417438.2	100	359	1.61e-263	711
YFJ09460.1	NP_418477.1	100	359	7.13e-267	720
YFJ09344.1	NP_418384.1	100	359	1.98e-248	673
YFJ09132.1	YP_026257.1	97.8	359	1.61e-263	711
YFJ08219.1	NP_417400.1	100	359	2.04e-266	719
YFJ07318.1	NP_416495.1	95.8	359	2.58e-244	663
YFJ07593.1	NP_416742.1	98.0	358	4.64e-267	720
YFJ07110.1	NP_416290.1	99.4	358	1.45e-270	729
YFJ10817.1	NP_415633.1	98.6	357	3.90e-238	647
YFJ10708.1	NP_415512.1	98.3	357	6.54e-262	707
YFJ10652.1	NP_415449.1	92.6	363	7.62e-244	662
YFJ09742.1	NP_418794.1	98.9	357	1.01e-265	717
YFJ09052.1	NP_418155.1	100	357	1.61e-262	709
YFJ10892.1	NP_415718.6	98.3	356	2.11e-262	708
YFJ10874.1	NP_415708.1	98.9	356	8.59e-262	707
YFJ10792.1	NP_415608.2	99.7	356	1.29e-247	671
YFJ10664.1	NP_415461.1	89.9	356	5.36e-240	652
YFJ10112.1	NP_414939.1	99.7	356	2.46e-261	706
YFJ09248.1	NP_418334.1	99.2	356	1.49e-262	709
YFJ08733.1	NP_417907.2	97.2	356	1.40e-251	681
YFJ08404.1	NP_417550.1	98.0	356	3.30e-275	741
YFJ07924.1	NP_417092.1	99.7	356	8.24e-260	702
YFJ07390.1	NP_416525.1	99.2	356	6.49e-257	694
YFJ10223.1	NP_415055.1	98.6	354	5.00e-265	715
YFJ09856.1	NP_414632.1	99.4	355	1.92e-253	686
YFJ09127.1	YP_026255.1	98.6	355	3.14e-268	723
YFJ08767.1	NP_417944.1	98.9	355	5.69e-200	550
YFJ08546.1	NP_417702.1	100	355	9.13e-252	681
YFJ07391.1	NP_416526.4	99.2	355	1.28e-267	721
YFJ09591.1	NP_418613.2	99.4	354	3.19e-281	756
YFJ09503.1	NP_418523.1	99.2	354	1.86e-255	691
YFJ09383.1	NP_418425.1	99.2	353	5.39e-264	712
YFJ09044.1	NP_418145.2	97.2	354	4.62e-265	715
YFJ07974.1	NP_417164.1	99.4	354	6.10e-245	664
YFJ07568.1	NP_416717.1	98.6	354	3.49e-260	702
YFJ11172.1	NP_415969.1	92.1	353	1.72e-223	610
YFJ11042.1	NP_415838.1	99.4	353	1.16e-253	686
YFJ07988.1	NP_417179.1	100	353	6.42e-251	679
YFJ07815.1	NP_416988.1	99.7	353	4.84e-230	626
YFJ11353.1	NP_416147.1	99.1	352	1.12e-255	691
YFJ10490.1	NP_415286.1	99.1	352	3.74e-254	687
YFJ10349.1	NP_415151.4	100	352	1.54e-262	708
YFJ08928.1	NP_418089.1	73.2	332	1.46e-180	501
YFJ08745.1	NP_417919.1	100	352	5.69e-249	674
YFJ07382.1	NP_416517.1	98.9	352	6.20e-253	684
YFJ07377.1	NP_416512.1	99.7	352	1.93e-256	693
YFJ11035.1	NP_415831.1	99.1	351	8.26e-262	706
YFJ10005.1	NP_414776.1	99.4	351	1.86e-258	698
YFJ09994.1	NP_414766.1	99.4	351	1.26e-256	693
YFJ09246.1	NP_418332.1	96.9	351	1.33e-242	658
YFJ07569.1	NP_416718.1	98.9	351	1.03e-255	691
YFJ11663.1	NP_417948.4	98.9	350	9.83e-249	673
YFJ11033.1	NP_415829.1	98.9	350	2.19e-261	705
YFJ10757.1	NP_415573.1	99.4	350	7.53e-253	684
YFJ10494.1	NP_415290.1	100	350	1.16e-256	693
YFJ10479.1	NP_415275.1	99.4	350	2.19e-261	705
YFJ09563.1	NP_418585.4	99.4	350	2.01e-257	695
YFJ08293.1	YP_026191.1	97.1	350	3.63e-260	702
YFJ08259.1	NP_417436.1	99.1	350	1.23e-267	721
YFJ07765.1	NP_416932.1	99.4	350	7.96e-264	711
YFJ07548.1	NP_416698.1	99.4	350	5.93e-250	676
YFJ07456.1	NP_416600.4	100	350	2.86e-257	695
YFJ11290.1	NP_416078.4	92.8	348	2.91e-245	664
YFJ11084.1	NP_416078.4	87.6	348	1.76e-230	627
YFJ10984.1	NP_415788.1	99.1	349	1.07e-231	630
YFJ10218.1	NP_415050.1	98.3	349	4.90e-253	684
YFJ10045.1	NP_414859.1	98.6	349	1.42e-261	706
YFJ09214.1	NP_418305.1	100	349	1.71e-253	685
YFJ08757.1	NP_417931.4	99.1	349	6.72e-235	638
YFJ08033.1	NP_417225.1	99.1	349	8.85e-256	691
YFJ07514.1	NP_416663.1	100	349	3.63e-239	649
YFJ07217.1	NP_416397.1	99.4	349	1.44e-245	665
YFJ11425.1	NP_416219.1	99.4	348	1.48e-258	698
YFJ10825.1	NP_415641.1	99.4	348	4.60e-262	707
YFJ10763.1	NP_415580.1	99.4	348	9.27e-262	706
YFJ10483.1	NP_415279.1	98.9	348	1.28e-268	723
YFJ10427.1	NP_415243.4	98.3	348	1.40e-231	630
YFJ09124.1	NP_418232.2	99.7	348	6.44e-253	684
YFJ08918.1	NP_418077.1	99.4	348	2.66e-261	705
YFJ08255.1	NP_417432.1	99.1	348	9.40e-246	665
YFJ07329.1	NP_417432.1	98.3	348	2.58e-243	659
YFJ11480.1	NP_416278.1	99.7	347	1.46e-253	685
YFJ10475.1	NP_415271.1	98.8	347	2.53e-254	687
YFJ09869.1	NP_414646.1	99.7	347	1.46e-253	685
YFJ08561.1	NP_417717.2	100	347	8.70e-246	665
YFJ07787.1	NP_416961.1	98.8	347	3.35e-259	699
YFJ07109.1	NP_416288.1	98.8	347	2.26e-257	695
YFJ11347.1	NP_416141.4	99.1	346	6.00e-257	694
YFJ10680.1	NP_415477.1	98.3	346	1.24e-249	675
YFJ10500.1	NP_415296.1	100	346	9.94e-256	691
YFJ10481.1	NP_415277.1	99.4	346	8.27e-264	711
YFJ10389.1	NP_415193.2	100	346	1.98e-246	667
YFJ09075.1	NP_418184.1	99.7	346	7.83e-253	683
YFJ08471.1	NP_417620.1	99.1	345	1.62e-245	665
YFJ08118.1	NP_417311.1	99.1	346	1.92e-253	685
YFJ07508.1	NP_416656.1	99.4	346	2.31e-245	664
YFJ07450.1	NP_416594.1	97.7	346	2.51e-249	674
YFJ11169.1	NP_415966.6	97.4	345	1.59e-256	692
YFJ09456.1	NP_418473.3	100	345	1.80e-262	707
YFJ08728.1	NP_417897.1	99.7	345	1.66e-258	697
YFJ08041.1	NP_417233.1	98.6	345	1.07e-254	688
YFJ07909.1	NP_417076.1	99.7	345	1.78e-253	685
YFJ07820.1	NP_416994.1	99.7	345	3.90e-257	694
YFJ07720.1	NP_416885.1	98.8	345	1.50e-245	665
YFJ11618.1	NP_416611.1	98.5	344	1.52e-233	634
YFJ11465.1	NP_416261.1	100	344	3.09e-258	697
YFJ11327.1	NP_416118.1	99.4	344	2.12e-224	611
YFJ08914.1	NP_418072.1	98.3	344	2.44e-255	689
YFJ07799.1	NP_416972.4	99.4	344	6.32e-242	655
YFJ11048.1	NP_415846.1	99.7	343	3.68e-245	664
YFJ10369.1	NP_415173.1	99.1	343	1.06e-244	662
YFJ09961.1	NP_414741.1	99.4	343	2.22e-246	667
YFJ09735.1	NP_418788.1	99.1	343	5.94e-251	678
YFJ09487.1	NP_418506.1	99.4	343	1.65e-232	632
YFJ08121.1	NP_417314.1	99.4	343	7.43e-245	663
YFJ11343.1	NP_416137.1	98.8	342	5.19e-240	650
YFJ11226.1	NP_416031.1	98.8	342	5.32e-233	633
YFJ10709.1	NP_415514.1	98.2	342	5.65e-244	660
YFJ09548.1	NP_418570.1	97.7	342	8.73e-248	670
YFJ09364.1	NP_418403.1	98.0	342	1.21e-254	687
YFJ11381.1	NP_416175.1	100	341	1.77e-251	679
YFJ10809.1	NP_415625.1	98.8	341	6.64e-247	668
YFJ09940.1	NP_414721.1	98.5	341	7.19e-203	556
YFJ09326.1	NP_418369.1	100	341	1.40e-248	672
YFJ08915.1	NP_418073.1	99.1	341	9.96e-258	695
YFJ07536.1	NP_416684.1	99.1	341	1.12e-254	687
YFJ07128.1	NP_416308.4	99.4	341	2.70e-246	666
YFJ11228.1	NP_416033.1	99.4	340	2.50e-246	666
YFJ11203.1	NP_416003.1	99.4	340	1.24e-246	667
YFJ10799.1	NP_415615.1	99.7	340	7.47e-248	670
YFJ09725.1	NP_418778.4	99.4	340	3.86e-250	676
YFJ09630.1	NP_418651.3	98.5	340	1.14e-224	612
YFJ09163.1	YP_026266.1	99.7	340	2.46e-262	707
YFJ08646.1	NP_417812.1	97.4	340	1.31e-257	695
YFJ08321.1	NP_417474.1	98.8	340	2.05e-251	679
YFJ11308.1	NP_416097.1	99.1	339	2.15e-251	679
YFJ09661.1	NP_418690.4	98.8	339	5.29e-252	681
YFJ08907.1	NP_418065.1	100	339	5.22e-243	658
YFJ08834.1	NP_418000.1	100	339	3.67e-243	658
YFJ08221.1	NP_417402.1	99.7	339	1.45e-249	674
YFJ11660.1	YP_026219.1	96.4	338	1.30e-231	629
YFJ11483.1	NP_416281.1	100	338	1.91e-249	674
YFJ10484.1	NP_415280.3	99.7	338	5.54e-258	696
YFJ09751.1	NP_418803.1	98.5	338	2.33e-250	676
YFJ09508.1	NP_418529.1	99.4	338	6.57e-241	652
YFJ07777.1	NP_416953.1	99.4	338	1.27e-238	647
YFJ07754.1	NP_416920.1	99.4	338	4.19e-253	683
YFJ11539.1	NP_415389.2	99.7	337	9.52e-254	685
YFJ11160.1	NP_415958.1	97.3	337	6.80e-238	645
YFJ10958.1	YP_025300.1	99.1	337	8.28e-239	647
YFJ10947.1	NP_415751.1	100	337	1.39e-246	667
YFJ10069.1	NP_414886.1	98.8	337	1.10e-243	659
YFJ08809.1	NP_417979.1	99.1	336	1.31e-235	639
YFJ08390.1	NP_417536.1	99.7	337	1.10e-243	659
YFJ07671.1	NP_416822.1	99.7	337	1.67e-238	646
YFJ11632.1	NP_417194.2	98.5	336	2.10e-236	641
YFJ11195.1	NP_415995.4	98.8	335	1.88e-239	649
YFJ10668.1	NP_415465.1	99.7	336	1.10e-247	669
YFJ09317.1	NP_418360.1	100	336	2.29e-240	651
YFJ08019.1	NP_417210.2	98.8	336	1.55e-238	646
YFJ07841.1	NP_417011.1	81.1	338	1.62e-157	441
YFJ07505.1	NP_416653.1	100	336	7.21e-228	619
YFJ07195.1	NP_416374.1	99.7	336	2.39e-242	656
YFJ10234.1	NP_415066.2	97.6	327	1.19e-235	639
YFJ08480.1	NP_417629.1	99.1	335	1.19e-246	667
YFJ08254.1	NP_417431.1	98.2	335	1.43e-238	646
YFJ07543.1	NP_416691.1	99.7	335	3.37e-237	643
YFJ11400.1	NP_416193.1	99.1	334	5.62e-240	650
YFJ10959.1	NP_415763.1	99.7	334	3.85e-247	668
YFJ10801.1	NP_415617.1	98.8	334	1.15e-248	672
YFJ10323.1	NP_415122.1	99.1	334	8.21e-217	591
YFJ09846.1	NP_414622.1	100	334	2.49e-243	658
YFJ09652.1	NP_418675.1	98.8	334	2.05e-242	656
YFJ09574.1	NP_418596.1	100	334	2.25e-230	625
YFJ09353.1	NP_418393.1	99.4	334	7.76e-247	667
YFJ08831.1	NP_417997.1	98.8	334	7.13e-243	657
YFJ08671.1	NP_417843.1	100	334	4.49e-246	665
YFJ07458.1	NP_416602.1	99.4	334	2.67e-238	645
YFJ07295.1	NP_416480.1	99.7	334	3.20e-255	688
YFJ07276.1	NP_416455.1	99.7	334	8.68e-244	659
YFJ11346.1	NP_416140.1	99.1	333	1.28e-240	651
YFJ10596.1	NP_415391.1	99.7	333	4.65e-243	657
YFJ11040.1	NP_415836.1	96.7	332	1.93e-230	625
YFJ09632.1	NP_418653.1	100	332	1.98e-248	671
YFJ08867.1	NP_418032.1	99.4	332	1.90e-246	666
YFJ07873.1	NP_417041.1	98.2	332	6.97e-201	551
YFJ07742.1	NP_416907.1	94.3	332	6.51e-182	503
YFJ07739.1	NP_416905.1	99.1	332	5.15e-235	637
YFJ07507.1	NP_416655.1	100	332	1.13e-238	646
YFJ11535.1	NP_415316.1	98.8	331	7.11e-196	538
YFJ10492.1	NP_415288.1	99.7	331	1.46e-254	686
YFJ09631.1	NP_418652.2	98.5	331	2.71e-225	612
YFJ08853.1	NP_418018.1	96.7	331	7.07e-237	642
YFJ08726.1	YP_026222.1	100	331	1.28e-239	649
YFJ08478.1	NP_417627.1	99.4	331	2.61e-248	671
YFJ08212.1	NP_417393.1	98.5	331	2.76e-234	635
YFJ07673.1	NP_416824.1	98.8	331	4.69e-226	614
YFJ07270.1	NP_416449.1	99.7	331	4.69e-226	614
YFJ07113.1	NP_416293.1	100	331	1.97e-243	658
YFJ11227.1	NP_416032.1	99.7	330	2.06e-224	610
YFJ11150.1	NP_415946.1	98.5	330	4.41e-235	637
YFJ11011.1	NP_415807.1	100	330	3.42e-248	670
YFJ10322.1	NP_415121.1	98.5	330	7.68e-220	598
YFJ09103.1	NP_418209.1	99.7	330	5.01e-241	652
YFJ09095.1	NP_418200.1	99.7	330	1.39e-247	669
YFJ08858.1	NP_418023.1	99.1	330	1.35e-229	623
YFJ08029.1	NP_417221.1	99.7	330	2.73e-229	622
YFJ07975.1	NP_417165.1	99.7	330	7.20e-250	674
YFJ11128.1	NP_415898.1	100	329	1.27e-238	646
YFJ10506.1	NP_415302.1	99.4	329	7.46e-247	667
YFJ09822.1	NP_414594.1	98.5	329	1.81e-238	645
YFJ09309.1	NP_418352.1	100	329	2.50e-245	663
YFJ08603.1	NP_417754.1	100	329	1.73e-236	640
YFJ08442.1	NP_417587.1	100	329	5.18e-238	644
YFJ07231.1	NP_416414.1	100	329	2.20e-239	648
YFJ11597.1	YP_026162.2	100	328	1.09e-218	595
YFJ11201.1	NP_416001.1	98.2	328	5.84e-239	647
YFJ10638.1	NP_415435.1	98.5	328	8.65e-241	651
YFJ09204.1	NP_418296.1	99.1	328	2.93e-248	670
YFJ08871.1	NP_418036.1	99.1	328	3.62e-233	632
YFJ08515.1	NP_417664.1	100	328	1.37e-237	643
YFJ08429.1	NP_417573.1	99.4	328	1.20e-256	691
YFJ08411.1	NP_417558.2	98.2	328	2.55e-233	632
YFJ08317.1	NP_417470.1	100	328	1.07e-259	699
YFJ07530.1	NP_416678.1	99.7	328	1.90e-244	660
YFJ07256.1	NP_416429.4	99.7	328	3.24e-236	640
YFJ11435.1	NP_416229.1	99.1	327	6.30e-238	644
YFJ11059.1	NP_415858.1	100	327	7.15e-244	659
YFJ09836.1	NP_414610.1	98.2	327	1.33e-239	648
YFJ09458.1	NP_418475.1	99.1	327	4.37e-229	622
YFJ09258.1	NP_418345.2	99.4	327	2.48e-219	597
YFJ08832.1	NP_417998.1	99.4	327	7.36e-237	641
YFJ08400.1	NP_417546.1	97.6	327	9.20e-231	626
YFJ07875.1	NP_417043.1	98.8	327	3.59e-228	619
YFJ11432.1	NP_416226.1	100	326	3.32e-228	619
YFJ11149.1	NP_415945.1	89.3	326	1.61e-203	557
YFJ09681.1	NP_418729.1	97.9	326	2.33e-253	683
YFJ09492.1	NP_418510.1	99.4	326	5.89e-222	603
YFJ08245.1	NP_417425.2	98.2	326	4.04e-229	622
YFJ08191.1	NP_417374.1	98.5	326	1.95e-236	640
YFJ07918.1	NP_417085.1	99.1	326	5.83e-238	644
YFJ07106.1	NP_416285.1	99.1	326	5.00e-239	647
YFJ11613.1	NP_416531.4	91.7	326	9.35e-205	560
YFJ11023.1	NP_415819.4	99.4	325	1.73e-234	635
YFJ10124.1	NP_414951.1	100	325	4.30e-244	659
YFJ09559.1	NP_418579.2	100	325	3.25e-239	647
YFJ08514.1	NP_417663.1	99.1	325	1.01e-217	593
YFJ07954.1	NP_417145.4	98.8	325	7.66e-238	644
YFJ07634.1	NP_416785.1	99.7	325	6.04e-235	636
YFJ10987.1	NP_415791.1	99.7	324	2.37e-236	640
YFJ10126.1	NP_414953.2	99.4	324	2.47e-238	645
YFJ10082.1	NP_414903.4	100	324	1.47e-230	625
YFJ08844.1	NP_418009.2	99.1	324	7.60e-233	631
YFJ08563.1	NP_417719.1	97.8	324	5.35e-233	631
YFJ07895.1	NP_417063.1	99.4	324	8.03e-244	659
YFJ07626.1	NP_416774.2	94.1	323	1.36e-228	620
YFJ10116.1	NP_414943.1	100	323	6.19e-227	616
YFJ08505.1	NP_417654.1	100	323	6.03e-234	634
YFJ07744.1	NP_416909.1	100	323	2.26e-229	622
YFJ07205.1	NP_416385.1	99.4	323	1.34e-246	665
YFJ07190.1	NP_416369.1	100	323	5.68e-248	669
YFJ07151.1	NP_416331.1	100	323	2.16e-227	617
YFJ11462.1	NP_416258.1	99.7	322	1.02e-245	663
YFJ10598.1	NP_415393.1	99.4	322	5.65e-243	656
YFJ09753.1	NP_418805.1	99.7	322	1.37e-234	635
YFJ09562.1	NP_418584.1	100	322	6.06e-238	644
YFJ07608.1	NP_416757.1	99.4	322	5.13e-230	624
YFJ11495.1	NP_418631.2	99.4	321	1.80e-234	635
YFJ11045.1	NP_415841.4	97.8	321	1.85e-227	617
YFJ11013.1	NP_415809.1	99.7	321	1.73e-232	630
YFJ10613.1	NP_415408.1	99.4	321	1.27e-234	635
YFJ10555.1	NP_415349.1	98.8	321	8.79e-226	613
YFJ10358.1	NP_415161.1	100	321	2.13e-242	655
YFJ09365.1	NP_418404.1	99.1	321	8.55e-233	630
YFJ09101.1	NP_418206.1	99.4	321	3.75e-211	576
YFJ08577.1	NP_417726.1	100	321	1.68e-239	647
YFJ08502.1	NP_417651.1	100	321	5.08e-225	611
YFJ08412.1	YP_026201.1	99.7	319	1.98e-222	604
YFJ08224.1	NP_417405.1	99.1	321	2.98e-233	632
YFJ07997.1	NP_417188.4	100	321	2.16e-226	614
YFJ07724.1	NP_416889.1	99.7	321	7.97e-238	643
YFJ07459.1	NP_416603.1	99.1	321	1.88e-236	640
YFJ07414.1	NP_416556.1	99.7	321	7.12e-241	651
YFJ07138.1	NP_416317.1	96.3	321	1.73e-232	630
YFJ12307.1	NP_414857.1	93.6	314	1.55e-213	582
YFJ11738.1	NP_414857.1	93.6	314	1.55e-213	582
YFJ10815.1	NP_415631.1	99.1	320	2.65e-231	627
YFJ10524.1	NP_415321.1	99.7	320	7.37e-238	643
YFJ10181.1	NP_415008.1	99.4	320	1.81e-238	645
YFJ10078.1	NP_414899.2	98.8	320	1.41e-226	615
YFJ09308.1	NP_418351.1	100	320	4.98e-236	639
YFJ07616.1	NP_416764.1	97.8	320	6.78e-234	633
YFJ10788.1	NP_415604.1	99.7	319	4.35e-225	611
YFJ10659.1	NP_415456.4	95.3	319	4.28e-216	588
YFJ10182.1	NP_415009.1	99.4	319	1.10e-243	658
YFJ09946.1	NP_414727.1	99.1	319	1.58e-227	617
YFJ09325.1	NP_418368.1	95.3	319	1.02e-191	526
YFJ09074.1	NP_418183.1	100	319	2.41e-222	604
YFJ09063.1	NP_418167.1	98.1	319	1.32e-235	637
YFJ08919.1	NP_418078.1	96.2	317	7.85e-228	618
YFJ08913.1	NP_418071.4	98.4	319	8.19e-230	623
YFJ07992.1	YP_026181.1	98.7	319	1.30e-226	615
YFJ07972.1	NP_417162.1	98.7	319	1.54e-234	635
YFJ10603.1	NP_415398.1	99.4	318	3.04e-232	629
YFJ10513.1	NP_415309.1	98.4	318	8.13e-225	610
YFJ10325.1	NP_415124.1	98.7	318	2.60e-221	601
YFJ09719.1	NP_418772.4	99.4	318	2.46e-235	637
YFJ09628.1	NP_418648.1	99.4	318	3.17e-222	603
YFJ09479.1	NP_418497.1	98.7	318	1.57e-222	604
YFJ07898.1	NP_417066.1	100	318	5.97e-227	615
YFJ12249.1	NP_415097.1	73.2	317	5.95e-183	504
YFJ10793.1	NP_415609.1	100	317	2.35e-228	619
YFJ10784.1	NP_415601.1	98.7	317	2.26e-210	573
YFJ10583.1	NP_415377.1	99.7	317	9.96e-230	622
YFJ10493.1	NP_415289.4	99.7	317	1.48e-231	627
YFJ10359.1	NP_415162.4	98.4	317	2.01e-229	622
YFJ10293.1	NP_415097.1	99.4	317	2.38e-237	642
YFJ09777.1	NP_414549.1	99.7	317	9.55e-228	617
YFJ09166.1	NP_418272.1	99.7	317	2.28e-235	637
YFJ11050.1	NP_415849.1	100	316	2.56e-236	639
YFJ10068.1	NP_414885.1	99.4	316	1.06e-219	597
YFJ10043.1	NP_414857.1	98.4	316	7.26e-227	615
YFJ09798.1	NP_414570.1	100	316	1.53e-228	619
YFJ09570.1	NP_418592.1	99.7	316	3.08e-228	619
YFJ09366.1	NP_418405.1	100	316	2.36e-232	629
YFJ09152.1	NP_418260.1	100	316	2.43e-225	611
YFJ08242.1	NP_417422.1	99.4	316	1.48e-235	637
YFJ07785.1	NP_416959.1	99.4	316	2.17e-228	619
YFJ07497.1	NP_416645.1	98.7	315	5.58e-233	630
YFJ07315.1	NP_416492.1	98.4	316	4.90e-225	610
YFJ11553.1	NP_415725.1	100	315	4.53e-225	610
YFJ10139.1	NP_414966.1	100	315	2.18e-232	629
YFJ09641.1	NP_418662.1	99.7	315	1.11e-225	612
YFJ08595.1	NP_417746.1	98.1	314	6.72e-227	615
YFJ07805.1	NP_416978.4	97.5	315	2.26e-209	571
YFJ07107.1	NP_416286.4	99.7	315	3.72e-224	608
YFJ11330.1	NP_416121.1	99.7	314	1.50e-218	594
YFJ10066.1	NP_414882.1	99.4	314	9.60e-231	625
YFJ09843.1	NP_414618.4	99.4	314	5.55e-230	623
YFJ09714.1	NP_416808.1	62.5	296	2.06e-128	365
YFJ08760.1	NP_417934.1	99.7	314	9.87e-224	607
YFJ08486.1	NP_417635.1	100	314	2.64e-228	619
YFJ07708.1	NP_416873.1	100	314	5.02e-217	590
YFJ11686.1	NP_418324.1	100	313	5.24e-236	639
YFJ11161.1	NP_415959.1	98.7	313	7.19e-221	600
YFJ10782.1	NP_415599.1	99.4	313	1.24e-221	602
YFJ10477.1	NP_415273.1	99.4	313	9.53e-226	612
YFJ09848.1	NP_414624.1	100	313	3.72e-223	605
YFJ09811.1	NP_414584.1	99.0	313	2.62e-223	606
YFJ09794.1	NP_414566.1	99.7	313	1.41e-227	617
YFJ09142.1	YP_026260.1	99.4	313	2.73e-225	611
YFJ07522.1	NP_416671.1	99.4	313	4.22e-229	620
YFJ07518.1	NP_416667.1	98.7	313	1.60e-233	632
YFJ11419.1	NP_416213.1	98.4	312	1.99e-222	603
YFJ10738.1	NP_415551.2	98.7	312	7.64e-236	637
YFJ08547.1	NP_417703.1	99.7	312	6.11e-217	590
YFJ08443.1	NP_417588.1	100	312	1.91e-220	598
YFJ07641.1	NP_416792.1	99.4	312	1.91e-220	598
YFJ07524.1	NP_416673.1	100	312	1.12e-228	619
YFJ07521.1	NP_416670.1	98.1	312	6.83e-214	582
YFJ11062.1	NP_415860.1	99.7	311	6.51e-232	627
YFJ10380.1	NP_415184.1	99.0	311	1.04e-228	619
YFJ09646.1	NP_418666.1	100	311	3.32e-225	610
YFJ09494.1	NP_418512.1	99.4	311	8.04e-217	589
YFJ08123.1	NP_417316.1	98.4	311	2.30e-216	588
YFJ07700.1	NP_416865.1	97.7	311	2.97e-228	618
YFJ07598.1	NP_416747.1	93.9	311	7.83e-212	576
YFJ07317.1	NP_416494.1	99.0	310	3.34e-227	615
YFJ11382.1	NP_416176.1	99.7	310	1.61e-236	639
YFJ10424.1	NP_415240.1	99.0	310	2.10e-232	629
YFJ10191.1	NP_415018.1	97.7	310	6.94e-222	602
YFJ10037.1	NP_414850.1	99.0	310	3.07e-225	610
YFJ09895.1	NP_414674.1	91.9	310	1.06e-193	530
YFJ09772.1	NP_414544.1	99.4	310	2.35e-229	621
YFJ09207.1	NP_418299.1	99.4	310	4.07e-230	623
YFJ08917.1	NP_418076.1	99.7	310	2.45e-231	626
YFJ08552.1	NP_417708.1	99.4	310	3.03e-216	588
YFJ08386.1	NP_417532.1	99.7	310	4.07e-230	623
YFJ08168.1	NP_417350.1	99.7	310	3.16e-218	593
YFJ07699.1	NP_416849.1	99.0	310	5.02e-215	585
YFJ07682.1	NP_416833.4	99.4	310	1.04e-232	629
YFJ07492.1	NP_416638.4	99.7	310	8.68e-216	587
YFJ07192.1	NP_416371.4	95.2	310	7.63e-210	572
YFJ12301.1	NP_414850.1	84.7	308	3.11e-195	535
YFJ11744.1	NP_414850.1	84.7	308	3.11e-195	535
YFJ11680.1	NP_418208.1	99.4	309	1.00e-209	571
YFJ11588.1	NP_416237.3	99.7	309	3.27e-215	585
YFJ11336.1	NP_416127.1	99.7	309	2.44e-226	613
YFJ10794.1	NP_415610.1	100	309	1.19e-217	591
YFJ09490.1	NP_418508.1	97.4	309	1.71e-226	613
YFJ09393.1	NP_418437.1	98.4	309	2.27e-231	626
YFJ09241.1	NP_418327.1	98.7	309	7.28e-228	617
YFJ09112.1	YP_026247.1	100	309	1.86e-230	624
YFJ08813.1	NP_417983.2	100	309	2.00e-225	611
YFJ08554.1	NP_417710.1	100	309	1.64e-224	608
YFJ08529.1	NP_417678.1	99.7	308	4.26e-236	638
YFJ07384.1	NP_416519.4	99.4	309	5.50e-223	605
YFJ11236.1	NP_416041.1	100	308	3.58e-223	605
YFJ11200.1	NP_416000.1	98.4	308	1.70e-221	601
YFJ10531.1	NP_415328.4	98.7	308	2.86e-229	620
YFJ10206.1	NP_415037.1	99.7	308	9.18e-226	612
YFJ09890.1	NP_414669.1	100	308	4.68e-219	595
YFJ09322.1	NP_418365.1	99.7	308	5.46e-218	592
YFJ08740.1	NP_417914.1	99.7	308	1.87e-209	570
YFJ08331.1	YP_026195.1	97.4	308	4.01e-220	597
YFJ07738.1	NP_416904.1	98.4	308	2.22e-217	590
YFJ07487.1	NP_416633.1	98.4	308	2.22e-217	590
YFJ07223.1	NP_416403.1	99.4	308	3.03e-215	585
YFJ11144.1	NP_415939.2	99.7	307	2.24e-221	600
YFJ10769.1	NP_415586.1	99.7	307	8.85e-228	617
YFJ09008.1	NP_418116.1	99.7	305	4.56e-205	559
YFJ08011.1	NP_417202.1	99.7	307	4.64e-214	582
YFJ07134.1	NP_416313.4	99.3	307	1.64e-223	606
YFJ10956.1	NP_415760.1	100	306	6.26e-207	564
YFJ10756.1	NP_415572.1	99.3	306	1.67e-236	639
YFJ10715.1	NP_415520.1	99.0	306	1.25e-222	603
YFJ10557.1	NP_415352.1	99.0	306	1.15e-218	593
YFJ10543.1	NP_415340.1	99.7	306	1.12e-225	611
YFJ09858.1	NP_414634.1	100	306	6.93e-220	597
YFJ09446.1	NP_418461.1	99.7	306	2.90e-212	577
YFJ08231.1	NP_417412.1	100	306	2.55e-231	625
YFJ07714.1	NP_416879.4	99.0	306	4.41e-232	627
YFJ07287.1	NP_416468.1	99.7	306	8.89e-207	563
YFJ10199.1	NP_415022.1	100	305	4.26e-163	453
YFJ09862.1	NP_414638.1	100	305	1.03e-225	611
YFJ09358.1	NP_418396.1	100	305	1.64e-222	603
YFJ08091.1	NP_417288.1	100	305	1.92e-221	600
YFJ08043.1	NP_417235.1	99.0	305	9.10e-220	596
YFJ07623.1	NP_416771.4	99.0	305	2.64e-228	618
YFJ07489.1	NP_416635.1	96.4	305	1.00e-207	566
YFJ07316.1	NP_416493.1	99.0	305	6.05e-209	569
YFJ07286.1	NP_416467.1	99.7	305	3.07e-202	552
YFJ11232.1	NP_416037.2	99.3	304	2.22e-215	585
YFJ11219.1	NP_416019.1	98.0	304	2.94e-220	597
YFJ10879.1	NP_415710.1	98.0	304	5.52e-225	609
YFJ09964.1	NP_414744.1	99.3	304	1.67e-210	573
YFJ09799.1	NP_414571.1	98.4	304	4.35e-222	602
YFJ09724.1	YP_026290.1	99.7	304	5.08e-221	599
YFJ07668.1	NP_416819.1	100	304	8.08e-218	591
YFJ11417.1	NP_416211.1	99.3	303	3.91e-229	620
YFJ10866.1	NP_415700.4	99.7	303	7.68e-211	573
YFJ10821.1	NP_415637.1	100	303	2.45e-232	628
YFJ10558.1	NP_415353.1	99.7	303	8.01e-213	578
YFJ10132.1	NP_414959.1	99.7	303	3.75e-227	615
YFJ10102.1	NP_414927.1	100	303	1.02e-215	586
YFJ09700.1	NP_418747.1	99.3	303	2.72e-220	597
YFJ08851.1	NP_418017.1	99.7	303	4.95e-232	627
YFJ08387.1	NP_417533.1	100	303	9.49e-221	598
YFJ07750.1	NP_416916.1	98.3	303	5.04e-216	587
YFJ11056.1	NP_415855.1	99.3	302	3.43e-218	592
YFJ10957.1	NP_415761.1	99.7	302	4.81e-193	528
YFJ10948.1	NP_415752.1	100	302	1.02e-219	596
YFJ10624.1	NP_415420.1	98.7	302	5.08e-220	597
YFJ10505.1	NP_415301.1	97.7	302	8.29e-210	571
YFJ10384.1	NP_415188.1	99.7	302	2.82e-217	590
YFJ10347.1	NP_415149.4	99.7	302	3.68e-213	579
YFJ10103.1	NP_414928.2	99.3	302	6.44e-223	604
YFJ09521.1	NP_418542.1	99.3	302	1.11e-223	606
YFJ08040.1	NP_417232.1	99.7	302	3.47e-227	615
YFJ11039.1	NP_415835.1	98.7	301	4.98e-240	647
YFJ10946.1	NP_415750.2	99.7	301	1.64e-220	598
YFJ09339.1	NP_418378.4	99.7	301	1.55e-209	570
YFJ08670.1	YP_026214.1	99.0	301	8.72e-216	586
YFJ07893.1	NP_417061.1	99.3	301	7.47e-217	588
YFJ10579.1	NP_415373.1	100	300	1.15e-215	585
YFJ10337.1	NP_415136.1	88.7	300	1.44e-193	530
YFJ09692.1	NP_418740.1	99.7	300	2.81e-216	587
YFJ09307.1	NP_418350.1	99.7	300	1.82e-212	577
YFJ09243.1	NP_418329.1	100	300	4.96e-235	634
YFJ09228.1	NP_418315.3	95.6	298	3.79e-216	587
YFJ08833.1	NP_417999.1	100	300	3.54e-194	531
YFJ11623.1	NP_416931.1	96.7	299	4.06e-229	619
YFJ11520.1	NP_414872.3	97.0	299	1.04e-206	563
YFJ11245.1	NP_416050.4	99.0	299	2.11e-206	562
YFJ10600.1	NP_415395.2	98.7	299	1.07e-199	545
YFJ10551.1	NP_415345.2	98.7	299	2.26e-226	612
YFJ10128.1	NP_414955.1	99.7	299	2.79e-211	574
YFJ09788.1	NP_414561.1	99.7	299	2.24e-222	602
YFJ09165.1	NP_418271.1	99.7	299	6.67e-219	593
YFJ08808.1	NP_417978.2	98.7	299	2.60e-216	587
YFJ08328.1	NP_417483.2	99.7	299	1.19e-212	578
YFJ07760.1	NP_416926.4	99.7	299	1.20e-221	600
YFJ07448.1	NP_416590.1	98.0	299	2.23e-217	590
YFJ07388.1	NP_416523.1	99.7	299	1.68e-212	577
YFJ11369.1	YP_025305.1	100	298	3.88e-222	602
YFJ11202.1	NP_416002.1	98.7	298	2.65e-204	556
YFJ11135.1	NP_415927.1	91.6	298	1.11e-196	537
YFJ09906.1	NP_414686.3	96.0	298	4.96e-216	587
YFJ09232.1	NP_418319.2	98.7	298	8.06e-215	583
YFJ09231.1	NP_418318.1	98.3	298	6.80e-207	563
YFJ09147.1	NP_418256.1	100	298	3.06e-219	594
YFJ08432.1	NP_417576.1	99.3	298	1.49e-210	572
YFJ08215.1	NP_417396.4	99.7	298	8.76e-219	593
YFJ08187.1	NP_417370.1	100	298	8.06e-215	583
YFJ07757.1	NP_416923.1	98.0	298	5.59e-206	561
YFJ11321.1	NP_416112.1	99.7	297	1.06e-214	583
YFJ11182.1	NP_415981.1	97.0	297	9.46e-218	590
YFJ10642.1	NP_415439.1	100	297	2.86e-228	617
YFJ10222.1	NP_415054.1	98.7	297	7.67e-208	565
YFJ09873.1	NP_414651.1	99.7	296	4.14e-212	576
YFJ09035.1	NP_418136.2	98.0	297	1.07e-223	605
YFJ08536.1	NP_417692.1	100	297	7.46e-215	583
YFJ08210.1	NP_417391.1	100	297	3.85e-217	589
YFJ07656.1	NP_416807.1	99.3	297	1.78e-222	602
YFJ07404.1	NP_416546.1	99.7	297	7.15e-213	578
YFJ11490.1	NP_418513.4	100	296	1.14e-213	580
YFJ11249.1	NP_416052.1	98.6	296	2.84e-223	604
YFJ11012.1	NP_415808.1	100	296	1.56e-211	575
YFJ10295.1	NP_415099.1	98.0	296	3.28e-213	579
YFJ10135.1	NP_414962.1	100	296	3.83e-212	576
YFJ10051.1	NP_414865.1	98.3	296	3.23e-204	556
YFJ09914.1	NP_414694.1	99.3	296	2.73e-221	599
YFJ09441.1	NP_418456.1	100	296	8.64e-209	568
YFJ09337.1	NP_418376.1	99.7	296	1.30e-219	595
YFJ09157.1	YP_026262.1	100	296	1.34e-212	577
YFJ09114.1	NP_418221.1	99.0	296	3.55e-215	584
YFJ09102.1	NP_418207.1	99.7	296	1.79e-201	549
YFJ09073.1	NP_418182.1	99.0	296	7.60e-203	553
YFJ08447.1	NP_417594.3	100	294	1.73e-203	554
YFJ07864.1	NP_417032.1	98.3	296	2.12e-209	569
YFJ07657.1	NP_416808.1	98.6	296	2.69e-212	577
YFJ07610.1	NP_416759.1	97.6	296	9.91e-224	605
YFJ11459.1	NP_416255.1	98.3	295	6.94e-219	593
YFJ10537.1	NP_415334.1	99.7	295	3.34e-201	548
YFJ08735.1	NP_417909.1	100	295	1.14e-208	567
YFJ07768.1	NP_416935.1	99.7	295	5.39e-207	563
YFJ07224.1	NP_416404.1	99.3	295	5.54e-200	545
YFJ11192.1	NP_415992.1	99.3	294	4.75e-230	621
YFJ10118.1	NP_414945.1	100	294	1.80e-234	632
YFJ08483.1	NP_417632.1	100	294	6.89e-214	580
YFJ08323.1	NP_417476.1	100	294	9.79e-214	580
YFJ07733.1	NP_416900.1	98.3	294	2.21e-210	572
YFJ07500.1	NP_416648.1	99.7	294	1.69e-214	582
YFJ07114.1	NP_416294.4	98.0	294	2.24e-219	594
YFJ11238.1	NP_416043.1	98.3	293	4.49e-214	581
YFJ11190.1	NP_415990.5	99.0	293	3.03e-212	576
YFJ11031.1	NP_415827.1	100	293	3.96e-208	566
YFJ10976.1	NP_415782.1	99.7	293	6.19e-221	598
YFJ09128.1	NP_418236.1	99.7	293	2.82e-217	589
YFJ08576.1	NP_417725.1	99.3	293	8.44e-219	593
YFJ07905.1	NP_417072.4	96.6	293	7.34e-204	555
YFJ07513.1	NP_416662.1	99.7	293	5.87e-210	570
YFJ07165.1	NP_416343.1	99.7	293	1.42e-201	549
YFJ11504.1	NP_414606.1	100	292	7.56e-226	610
YFJ10387.1	NP_415191.1	100	292	3.66e-208	566
YFJ10344.1	NP_415146.1	98.6	292	1.62e-211	574
YFJ10211.1	NP_415042.1	99.7	292	1.18e-204	557
YFJ09513.1	NP_418534.4	96.9	292	1.39e-212	577
YFJ09347.1	NP_418387.3	99.0	292	2.06e-214	582
YFJ09230.1	NP_418317.1	99.3	292	4.46e-209	568
YFJ09047.1	NP_418148.1	97.9	292	3.82e-210	571
YFJ08700.1	NP_417870.1	99.0	292	6.89e-213	578
YFJ08688.1	NP_417860.2	100	292	1.84e-217	589
YFJ08666.1	NP_417838.1	98.3	292	1.89e-210	572
YFJ08479.1	NP_417628.2	99.7	292	1.35e-219	595
YFJ08162.1	NP_417343.1	98.6	292	6.89e-213	578
YFJ07934.1	NP_417105.1	99.7	292	8.74e-216	585
YFJ07800.1	NP_416973.1	99.7	292	2.81e-212	576
YFJ07341.1	NP_418148.1	96.2	292	1.23e-206	562
YFJ11229.1	NP_416034.1	98.3	291	5.02e-210	570
YFJ10979.1	NP_415785.1	100	291	4.30e-211	573
YFJ08533.1	NP_417689.4	96.6	291	1.30e-196	536
YFJ08111.1	NP_417305.1	100	291	1.30e-221	600
YFJ07752.1	YP_026168.2	99.7	291	1.96e-207	564
YFJ09449.1	NP_418464.1	100	290	4.21e-197	538
YFJ09409.1	NP_418446.1	98.3	290	2.58e-207	563
YFJ09235.1	NP_418322.1	100	290	4.70e-194	530
YFJ08062.1	NP_417258.4	92.1	265	1.66e-171	473
YFJ08016.1	NP_417207.1	99.7	290	3.18e-217	588
YFJ07871.1	NP_417039.1	97.2	287	6.21e-224	605
YFJ07175.1	NP_416354.1	97.9	290	4.99e-205	558
YFJ10446.1	NP_415257.1	100	289	1.61e-205	559
YFJ09763.1	NP_418813.1	100	289	4.35e-219	593
YFJ09547.1	NP_418569.1	97.9	289	1.04e-201	549
YFJ09159.1	NP_418265.1	99.3	289	1.65e-223	604
YFJ08648.1	NP_417814.1	100	289	6.92e-216	585
YFJ07764.1	NP_416930.1	99.0	289	1.42e-199	544
YFJ07188.1	NP_416367.1	99.7	289	1.73e-200	546
YFJ11521.1	NP_414883.5	99.3	288	4.70e-218	590
YFJ11414.1	NP_416207.1	99.3	288	3.41e-211	573
YFJ10230.1	NP_415062.1	99.3	288	6.60e-209	567
YFJ09884.1	NP_414663.1	99.7	288	2.83e-219	593
YFJ08310.1	NP_417463.4	99.7	288	1.46e-221	599
YFJ10620.1	NP_415416.1	99.3	287	2.56e-201	548
YFJ10040.1	NP_414853.1	96.5	287	8.68e-209	567
YFJ09744.1	NP_418796.1	94.8	287	4.86e-190	520
YFJ09084.1	NP_418189.1	100	287	1.80e-201	548
YFJ08941.1	NP_418101.1	98.6	287	7.53e-194	529
YFJ08466.1	NP_417615.1	100	286	1.27e-203	554
YFJ07797.1	NP_416970.1	100	287	5.68e-214	580
YFJ07558.1	NP_416708.1	99.7	287	7.21e-217	587
YFJ11584.1	NP_416153.1	99.7	286	1.23e-210	572
YFJ11443.1	NP_416239.1	99.7	286	1.25e-221	599
YFJ11132.1	NP_415924.1	99.0	286	3.66e-205	558
YFJ10159.1	NP_414986.1	100	286	2.61e-214	581
YFJ09614.1	NP_418632.1	97.6	286	5.48e-191	522
YFJ08874.1	NP_418039.2	97.6	286	3.82e-207	563
YFJ08461.1	NP_417606.1	100	286	4.64e-208	565
YFJ08218.1	NP_417399.1	99.3	286	1.34e-175	483
YFJ08056.1	NP_417249.4	97.9	286	1.67e-201	548
YFJ07218.1	NP_416398.1	99.3	286	1.19e-210	572
YFJ11542.1	NP_415424.1	100	285	1.28e-209	569
YFJ11366.1	NP_416161.4	99.6	285	5.38e-202	550
YFJ11075.1	NP_415877.1	100	285	2.90e-206	560
YFJ10827.1	NP_415643.3	100	274	5.58e-188	514
YFJ10699.1	NP_415496.1	98.9	285	2.31e-212	576
YFJ10328.1	NP_415127.1	99.3	285	1.15e-212	577
YFJ09936.1	NP_414717.2	99.3	285	2.04e-206	561
YFJ09363.1	NP_418402.2	99.3	285	1.13e-203	554
YFJ07756.1	NP_416922.1	96.5	285	1.49e-183	503
YFJ07718.1	NP_416883.1	98.9	285	8.41e-215	582
YFJ07617.1	NP_416765.1	99.6	285	1.02e-215	584
YFJ07515.1	NP_416664.1	98.9	285	1.28e-209	569
YFJ07432.1	NP_416572.1	97.1	280	1.06e-205	559
YFJ11525.1	NP_415025.4	99.3	284	5.34e-197	537
YFJ11316.1	NP_416107.1	98.6	284	2.12e-203	553
YFJ10931.1	NP_415733.1	100	284	1.09e-205	559
YFJ10027.1	NP_414839.1	99.6	284	2.40e-209	568
YFJ09875.1	NP_414653.1	99.6	284	1.33e-206	561
YFJ09596.1	NP_418618.1	99.3	284	1.39e-208	566
YFJ08744.1	NP_417918.1	100	284	1.37e-199	543
YFJ08572.1	NP_416599.2	64.3	283	9.76e-133	374
YFJ08523.1	NP_417672.1	100	284	8.02e-208	564
YFJ07861.1	NP_417029.4	98.9	284	8.72e-212	574
YFJ07455.1	NP_416599.2	99.3	284	3.66e-204	555
YFJ07115.1	NP_416295.1	97.9	284	4.27e-203	552
YFJ10925.1	NP_415726.1	99.3	283	1.28e-208	566
YFJ10081.1	NP_414902.1	98.9	283	3.28e-211	573
YFJ09931.1	NP_414712.1	100	283	1.65e-195	533
YFJ09897.1	NP_414675.1	98.6	283	3.63e-199	542
YFJ09349.1	NP_418389.1	99.6	283	1.05e-207	564
YFJ07748.1	NP_416913.1	98.9	283	3.25e-202	550
YFJ07292.1	NP_416476.1	99.6	283	3.57e-215	583
YFJ07153.1	NP_416333.4	100	283	9.70e-204	554
YFJ11687.1	NP_418342.2	99.3	282	2.50e-210	570
YFJ09819.1	NP_414591.1	98.9	282	1.30e-216	586
YFJ08866.1	NP_418031.1	99.6	282	3.13e-204	555
YFJ08495.1	NP_417644.4	100	282	2.12e-202	550
YFJ08078.1	NP_417274.1	98.2	282	6.39e-213	577
YFJ07888.1	NP_417056.2	99.6	282	3.09e-195	532
YFJ07814.1	NP_416987.1	97.5	282	1.60e-197	538
YFJ11491.1	NP_418522.1	99.6	281	4.66e-210	570
YFJ11181.1	NP_415980.1	96.4	281	6.62e-210	569
YFJ10584.1	NP_415378.1	100	281	2.74e-193	527
YFJ09319.1	NP_418362.1	100	281	9.41e-210	569
YFJ08734.1	NP_417908.1	98.9	281	8.55e-197	536
YFJ07846.1	NP_417016.4	98.9	281	4.66e-210	570
YFJ11453.1	NP_416249.1	99.3	280	2.57e-202	550
YFJ11032.1	NP_415828.1	98.6	280	2.96e-192	525
YFJ10944.1	NP_415748.1	99.6	280	1.97e-206	560
YFJ09707.1	NP_418753.3	83.5	279	1.98e-164	454
YFJ08890.1	NP_418051.1	99.6	280	3.00e-201	547
YFJ08778.1	NP_417956.1	98.9	280	8.02e-206	559
YFJ09106.1	YP_026246.1	100	279	1.44e-203	553
YFJ07421.1	NP_416563.1	99.3	279	1.39e-210	571
YFJ09256.1	NP_418341.1	99.3	278	2.39e-206	560
YFJ08674.1	NP_417846.1	99.6	278	1.02e-207	563
YFJ08127.1	NP_417320.1	98.6	278	1.06e-209	568
YFJ07773.1	NP_416949.1	99.6	278	4.14e-207	562
YFJ07511.1	NP_416659.1	97.8	278	7.76e-212	574
YFJ07108.1	NP_416287.1	99.6	278	4.64e-204	554
YFJ11424.1	NP_416218.1	100	277	1.13e-199	543
YFJ10929.1	NP_415730.1	98.2	277	3.38e-201	547
YFJ10741.1	NP_415555.1	100	277	1.09e-197	538
YFJ10072.1	NP_414889.1	95.7	277	6.09e-204	554
YFJ10064.1	NP_414880.2	98.6	277	3.48e-194	529
YFJ09245.1	NP_418331.1	98.9	277	4.12e-202	549
YFJ08761.1	NP_417935.1	100	277	2.19e-197	537
YFJ07753.1	NP_416919.1	98.9	277	8.19e-193	526
YFJ07736.1	NP_416902.1	97.1	277	4.42e-197	536
YFJ10594.1	NP_415388.1	99.6	276	8.70e-208	563
YFJ09859.1	NP_414635.1	99.6	276	1.22e-198	540
YFJ09697.1	NP_418745.3	88.8	276	5.25e-184	503
YFJ08711.1	YP_026220.1	99.3	276	1.02e-206	561
YFJ11458.1	NP_416254.1	97.8	275	3.11e-196	534
YFJ11377.1	NP_416172.1	97.1	275	1.26e-169	467
YFJ10080.1	NP_414901.1	92.0	275	7.54e-172	473
YFJ08361.1	NP_417504.1	100	275	7.18e-211	571
YFJ08330.1	NP_417485.4	99.3	275	9.40e-207	561
YFJ11683.1	NP_418254.2	100	274	7.15e-206	558
YFJ10808.1	NP_415624.1	97.4	274	2.60e-208	565
YFJ09955.1	NP_414735.4	94.5	274	1.86e-192	525
YFJ09927.1	NP_414708.1	99.6	274	6.55e-177	485
YFJ09403.1	NP_416333.4	62.3	273	6.79e-116	331
YFJ09397.1	NP_418442.2	100	274	8.60e-198	538
YFJ09253.1	NP_418338.1	97.8	274	8.34e-205	556
YFJ08942.1	NP_418102.2	83.9	274	5.33e-160	442
YFJ08862.1	YP_026230.1	100	274	5.72e-187	511
YFJ08803.1	NP_417973.1	93.4	274	1.76e-181	497
YFJ07680.1	NP_416831.1	98.5	274	2.79e-203	552
YFJ07465.1	NP_416609.1	94.5	274	9.22e-161	444
YFJ07385.1	NP_416520.1	99.6	274	1.97e-203	552
YFJ12316.1	NP_414786.4	64.9	265	6.11e-126	356
YFJ11324.1	NP_416115.1	99.6	273	2.31e-206	560
YFJ10822.1	NP_415638.3	100	273	3.77e-202	549
YFJ09821.1	NP_414593.1	100	273	7.96e-198	538
YFJ09800.1	NP_414572.1	99.3	273	2.86e-191	521
YFJ08906.1	NP_418064.1	100	273	1.61e-197	537
YFJ08625.1	NP_417776.1	100	273	4.11e-200	544
YFJ08383.1	NP_417529.1	99.6	273	8.55e-193	525
YFJ07370.1	NP_414786.4	75.4	272	4.30e-154	427
YFJ07124.1	NP_416304.1	98.2	273	1.38e-198	540
YFJ10491.1	NP_415287.1	99.3	272	1.14e-201	548
YFJ10153.1	NP_414980.2	99.6	272	4.31e-206	559
YFJ09009.1	NP_418117.1	98.9	272	2.76e-193	526
YFJ09000.1	NP_414786.4	74.5	271	4.13e-154	427
YFJ08589.1	NP_417740.1	96.7	272	1.86e-191	522
YFJ07461.1	NP_416605.2	98.5	272	9.34e-201	545
YFJ07202.1	NP_416382.1	99.6	272	1.63e-210	570
YFJ10571.1	NP_415365.4	99.3	271	1.88e-195	532
YFJ10549.1	NP_415343.1	98.9	271	5.60e-197	536
YFJ10321.1	NP_415120.1	99.6	269	5.60e-197	536
YFJ10221.1	NP_415053.1	98.5	271	1.56e-203	552
YFJ10208.1	NP_415039.1	100	271	7.32e-193	525
YFJ10046.1	NP_414860.1	97.8	271	5.21e-202	548
YFJ09959.1	NP_414739.1	100	271	1.27e-193	527
YFJ09825.1	NP_414597.1	99.3	271	5.37e-195	531
YFJ09089.1	NP_418194.1	99.6	271	2.45e-191	521
YFJ07283.1	NP_416464.1	98.2	271	4.28e-201	546
YFJ11390.1	NP_416184.1	99.3	270	1.91e-94	276
YFJ10858.1	NP_415693.1	100	270	1.08e-189	517
YFJ09926.1	NP_414706.2	97.4	270	8.96e-198	538
YFJ09049.1	NP_418152.1	100	270	1.43e-194	530
YFJ08640.1	NP_417806.1	99.6	270	1.06e-180	494
YFJ07868.1	NP_417036.1	98.9	270	4.77e-193	526
YFJ07670.1	NP_416821.1	99.3	270	4.82e-202	548
YFJ11066.1	NP_415865.1	100	269	5.37e-194	528
YFJ10798.1	NP_415614.1	98.1	269	1.87e-194	529
YFJ10202.1	NP_415026.1	99.3	269	7.63e-194	528
YFJ10096.1	NP_414920.1	99.6	269	2.25e-186	509
YFJ10067.1	NP_414884.2	98.9	269	3.11e-193	526
YFJ09176.1	YP_026268.1	97.4	269	6.29e-198	538
YFJ08931.1	NP_418092.1	99.6	269	8.03e-205	555
YFJ08513.1	NP_417662.1	100	269	9.29e-195	530
YFJ08453.1	NP_417600.1	100	269	5.53e-187	510
YFJ08287.1	NP_417446.4	95.9	269	3.63e-192	523
YFJ08130.1	NP_417324.1	95.5	269	1.43e-198	540
YFJ07679.1	NP_416830.1	99.6	269	5.30e-185	505
YFJ07157.1	NP_416336.1	98.9	269	2.21e-202	549
YFJ11529.1	NP_415144.1	99.6	268	8.68e-204	553
YFJ11467.1	NP_416263.1	98.5	268	6.11e-204	553
YFJ11010.1	NP_415806.1	100	268	9.63e-192	522
YFJ10971.1	NP_415776.1	98.5	268	9.23e-190	517
YFJ08763.1	NP_417937.1	97.0	268	1.64e-183	501
YFJ08660.1	YP_026212.2	99.6	268	4.63e-199	541
YFJ08094.1	NP_417292.1	99.3	268	1.17e-192	525
YFJ11448.1	NP_416244.2	96.6	267	1.93e-186	509
YFJ09963.1	NP_414743.1	99.3	267	1.42e-188	514
YFJ08463.1	NP_417608.1	98.5	267	1.52e-183	501
YFJ07860.1	NP_417028.1	100	267	7.63e-193	525
YFJ07778.1	NP_416954.1	98.9	267	1.04e-190	520
YFJ07599.1	NP_416748.1	97.4	267	2.86e-188	513
YFJ11139.1	NP_415932.1	99.2	266	2.39e-200	544
YFJ10724.1	NP_415529.1	97.7	266	4.77e-191	520
YFJ10397.1	NP_415204.1	100	266	1.68e-200	544
YFJ09965.1	NP_414745.1	100	266	3.50e-193	526
YFJ09920.1	NP_414700.1	99.6	266	1.66e-191	521
YFJ09164.1	YP_026267.1	98.9	266	5.40e-197	535
YFJ07462.1	NP_416606.1	100	266	2.88e-192	523
YFJ07257.1	NP_416430.1	99.2	266	8.85e-187	509
YFJ07229.1	NP_416411.1	97.7	266	1.37e-190	519
YFJ07152.1	NP_416332.1	100	266	1.19e-175	481
YFJ10802.1	NP_415618.1	100	265	5.84e-196	533
YFJ10256.1	NP_415078.1	100	265	1.67e-195	531
YFJ09913.1	NP_414693.1	99.6	265	2.78e-194	528
YFJ09404.1	NP_416332.1	63.5	252	1.42e-106	306
YFJ08926.1	NP_418087.1	84.2	265	7.57e-167	459
YFJ07298.1	NP_416484.2	99.6	265	4.46e-200	543
YFJ11162.1	NP_415960.1	100	264	1.53e-186	509
YFJ10826.1	NP_415642.1	100	264	3.17e-179	490
YFJ10187.1	NP_415015.1	97.3	264	3.50e-192	523
YFJ09929.1	NP_414710.1	100	264	2.29e-197	536
YFJ09898.1	NP_414676.1	98.1	264	2.09e-184	503
YFJ09883.1	NP_414662.1	99.6	264	1.14e-197	537
YFJ09603.1	NP_418625.1	97.0	264	6.57e-197	535
YFJ08110.1	NP_417304.1	100	264	4.85e-208	563
YFJ11629.1	NP_417102.4	100	263	1.36e-184	504
YFJ10657.1	NP_415454.4	98.9	263	1.20e-178	489
YFJ10474.1	NP_415270.1	99.6	263	1.31e-122	347
YFJ10426.1	NP_415242.1	97.0	263	1.18e-194	529
YFJ08537.1	NP_417693.3	90.5	263	1.03e-163	451
YFJ08464.1	NP_417609.1	99.6	263	8.20e-186	507
YFJ08065.1	NP_417261.1	99.6	263	1.72e-187	511
YFJ07755.1	NP_416921.4	99.6	263	1.93e-184	503
YFJ07163.1	NP_416341.1	99.6	263	2.86e-186	508
YFJ11034.1	NP_415830.2	99.6	262	3.96e-197	535
YFJ11004.1	NP_415804.1	100	262	5.57e-188	512
YFJ10823.1	NP_415639.1	88.2	262	9.54e-164	451
YFJ10732.1	NP_415539.1	99.6	262	8.79e-184	505
YFJ10486.1	NP_415282.1	100	262	1.31e-186	509
YFJ09942.1	NP_414723.1	100	262	2.78e-156	432
YFJ09733.1	NP_418787.1	95.4	262	2.88e-190	518
YFJ09509.1	NP_418530.1	98.5	262	1.21e-182	499
YFJ08370.1	NP_417511.3	98.1	262	2.01e-199	541
YFJ07463.1	NP_416607.1	96.6	262	1.06e-176	484
YFJ11635.1	NP_417254.4	99.2	261	4.60e-191	520
YFJ11391.1	NP_416185.1	92.0	261	1.20e-177	486
YFJ10644.1	NP_415441.1	99.6	261	7.40e-197	535
YFJ10216.1	NP_415048.1	98.5	261	7.40e-197	535
YFJ09972.1	NP_414752.1	95.4	261	2.52e-179	490
YFJ09805.1	NP_414578.2	100	261	3.11e-189	515
YFJ09233.1	NP_418320.2	100	260	3.90e-183	500
YFJ08213.1	NP_417394.4	100	261	2.55e-188	513
YFJ07280.1	NP_416460.1	98.9	261	3.67e-172	472
YFJ07194.1	NP_416373.1	99.6	261	7.74e-174	476
YFJ10779.1	NP_415596.1	100	260	7.28e-183	499
YFJ09191.1	YP_026271.1	98.5	260	1.05e-191	521
YFJ08512.1	NP_417661.1	100	260	1.57e-177	486
YFJ08075.1	NP_417271.1	100	260	1.61e-195	531
YFJ07662.1	NP_416813.1	98.1	260	3.46e-181	495
YFJ07661.1	NP_416812.1	100	260	7.91e-187	509
YFJ07602.1	NP_416751.1	99.2	260	2.88e-189	515
YFJ10643.1	NP_415440.1	99.6	259	5.37e-189	514
YFJ10201.1	NP_415024.4	100	259	1.05e-170	468
YFJ09746.1	NP_418798.1	99.6	259	3.34e-183	500
YFJ09743.1	YP_026291.2	97.3	259	8.55e-186	506
YFJ08682.1	NP_417854.4	98.4	258	1.54e-188	513
YFJ08174.1	NP_417356.1	98.1	259	1.93e-182	498
YFJ08057.1	NP_417250.4	95.0	259	2.94e-177	485
YFJ07994.1	NP_417185.1	99.2	259	2.74e-182	498
YFJ10210.1	NP_415041.1	98.4	258	3.53e-198	538
YFJ09775.1	NP_414547.1	98.1	258	4.39e-183	499
YFJ09354.1	NP_418394.3	99.2	258	7.28e-182	496
YFJ09190.1	NP_418282.1	100	258	3.55e-173	474
YFJ08903.1	NP_418061.1	98.8	258	5.34e-184	502
YFJ08422.1	NP_417565.2	99.2	258	2.88e-188	513
YFJ07849.1	NP_417017.4	98.4	258	7.59e-184	501
YFJ07580.1	NP_416729.1	98.1	258	1.43e-188	513
YFJ07394.1	NP_416529.1	98.8	258	1.43e-188	513
YFJ10488.1	NP_415284.1	98.1	257	3.74e-179	489
YFJ10075.1	NP_414892.1	98.4	257	6.08e-194	527
YFJ09992.1	NP_414762.1	98.8	249	1.44e-181	495
YFJ09696.1	NP_418744.1	99.2	257	7.03e-184	501
YFJ09382.1	YP_026280.1	99.2	257	7.70e-197	534
YFJ09072.1	NP_418181.1	100	257	9.68e-191	519
YFJ08371.1	NP_417512.1	100	257	1.60e-164	452
YFJ07996.1	NP_417187.1	99.6	257	2.01e-183	500
YFJ07658.1	NP_416809.1	99.6	257	2.35e-182	498
YFJ09986.1	NP_414754.1	98.8	256	1.14e-193	526
YFJ09966.1	NP_414746.1	93.2	205	2.52e-133	372
YFJ09891.1	NP_414670.1	100	256	1.31e-183	501
YFJ09810.1	NP_414583.2	99.6	256	6.15e-173	474
YFJ09730.1	NP_418784.4	99.2	256	6.51e-184	501
YFJ09377.1	NP_418418.2	98.4	256	1.35e-176	483
YFJ08701.1	NP_417871.1	98.4	256	5.18e-190	517
YFJ08448.1	NP_417595.1	99.6	256	1.37e-185	506
YFJ08170.1	NP_417352.2	96.9	256	3.00e-189	515
YFJ11342.1	NP_416136.1	99.2	255	1.12e-179	491
YFJ10656.1	NP_415453.1	100	255	6.20e-177	484
YFJ10079.1	NP_414900.1	98.4	255	5.54e-180	491
YFJ09989.1	NP_414758.1	100	255	1.19e-199	541
YFJ09710.1	NP_418754.2	98.0	255	1.25e-176	483
YFJ09311.1	NP_418354.1	100	255	5.31e-178	486
YFJ08812.1	NP_417982.2	100	255	6.81e-190	516
YFJ08738.1	NP_417912.1	100	255	2.56e-185	505
YFJ08465.1	NP_417610.1	96.8	250	1.60e-178	488
YFJ08008.1	NP_417199.1	99.2	255	4.80e-190	517
YFJ07930.1	NP_417098.1	100	255	9.68e-190	516
YFJ11418.1	NP_416212.1	97.2	254	1.58e-174	478
YFJ11018.1	NP_415814.4	99.2	254	1.22e-187	511
YFJ10993.1	NP_415794.1	98.8	254	1.00e-186	508
YFJ10632.1	NP_415429.2	99.2	254	1.58e-174	478
YFJ10405.1	NP_415212.1	99.2	254	1.49e-188	513
YFJ09877.1	NP_414655.1	100	254	1.58e-174	478
YFJ09833.1	NP_414607.1	99.2	254	1.67e-185	505
YFJ09177.1	NP_418275.1	100	253	2.98e-181	494
YFJ09151.1	YP_026261.1	96.9	254	1.03e-179	491
YFJ08762.1	NP_417936.1	98.8	254	9.12e-174	476
YFJ08395.1	NP_417541.1	98.0	254	3.65e-189	514
YFJ08295.1	NP_417454.1	99.6	254	9.92e-178	486
YFJ07737.1	NP_416903.1	96.9	254	2.48e-196	533
YFJ11216.1	NP_416016.1	98.0	253	2.10e-183	500
YFJ10515.1	NP_415311.1	100	253	1.89e-195	530
YFJ10294.1	NP_415098.1	99.2	253	7.03e-182	496
YFJ09520.1	NP_418540.1	99.6	253	2.56e-184	502
YFJ08126.1	NP_417319.1	99.2	253	4.07e-181	494
YFJ08032.1	NP_417224.1	100	253	1.18e-189	516
YFJ07743.1	NP_416908.1	100	253	1.23e-191	521
YFJ07495.1	NP_416641.1	98.0	253	2.35e-180	492
YFJ07435.1	NP_416576.1	95.2	251	1.70e-173	475
YFJ11441.1	NP_416236.1	99.6	252	4.09e-185	504
YFJ11415.1	NP_416208.1	100	252	6.43e-173	473
YFJ11231.1	NP_416036.1	94.8	252	3.23e-182	497
YFJ10983.1	NP_415787.1	99.6	252	7.07e-186	506
YFJ10567.1	NP_415361.1	100	252	1.05e-187	511
YFJ09935.1	NP_414716.1	100	252	1.48e-185	505
YFJ09502.1	YP_026282.1	98.8	252	2.97e-178	487
YFJ09497.1	NP_418516.1	96.8	251	1.14e-191	521
YFJ08672.1	NP_417844.1	99.2	252	3.36e-184	502
YFJ08586.1	NP_417737.1	99.2	252	2.03e-185	505
YFJ08305.1	NP_417458.1	99.6	252	6.24e-180	491
YFJ08230.1	NP_417411.2	99.2	252	4.34e-171	469
YFJ07811.1	NP_416984.1	99.2	251	3.65e-188	512
YFJ07618.1	NP_416766.1	96.0	252	4.40e-180	491
YFJ07105.1	NP_416284.1	99.2	252	2.85e-176	482
YFJ10778.1	NP_415595.1	99.2	251	5.70e-171	468
YFJ10502.1	NP_415298.1	98.0	251	2.66e-185	504
YFJ09968.1	NP_414748.1	99.2	251	7.10e-190	516
YFJ09590.1	NP_418612.1	99.6	251	2.26e-177	484
YFJ09379.1	NP_418420.4	98.4	251	1.36e-178	488
YFJ09310.1	NP_418353.1	99.2	251	6.28e-184	501
YFJ09185.1	YP_026269.1	100	251	1.80e-183	500
YFJ08082.1	NP_417278.4	98.8	251	1.88e-185	505
YFJ07698.1	NP_416848.1	99.6	251	1.23e-190	518
YFJ07193.1	NP_416372.1	100	251	6.28e-184	501
YFJ11051.1	NP_415850.1	100	250	2.27e-181	494
YFJ10480.1	NP_415276.1	100	250	1.74e-185	505
YFJ10394.1	NP_415201.1	100	250	3.65e-187	509
YFJ08776.1	NP_417954.1	100	250	1.37e-182	498
YFJ08159.1	NP_417341.4	96.0	251	2.23e-170	467
YFJ07690.1	NP_416839.1	77.1	236	2.25e-133	373
YFJ07254.1	NP_416427.1	99.6	250	4.05e-175	479
YFJ11451.1	NP_416247.1	96.0	249	3.21e-176	481
YFJ11430.1	NP_416224.1	99.6	249	8.21e-179	488
YFJ10997.1	NP_415800.1	99.6	249	2.26e-176	482
YFJ10553.1	NP_415347.1	98.4	249	2.87e-179	489
YFJ10292.1	NP_415096.1	100	249	1.48e-181	495
YFJ09589.1	NP_418611.1	98.4	249	5.16e-182	496
YFJ09064.1	NP_418168.2	100	249	1.38e-186	508
YFJ11404.1	NP_416197.1	99.2	248	1.47e-176	482
YFJ11252.1	NP_416057.1	100	248	2.03e-183	499
YFJ11076.1	NP_415878.1	100	248	9.64e-182	495
YFJ10641.1	NP_415438.1	98.4	248	2.18e-178	487
YFJ10535.1	NP_415332.1	100	248	2.18e-178	487
YFJ10338.1	NP_415137.2	99.6	248	1.17e-182	498
YFJ10329.1	NP_415128.1	99.2	248	1.35e-172	472
YFJ09316.1	NP_418359.1	98.8	248	3.57e-168	461
YFJ07460.1	NP_416604.1	100	248	3.10e-178	486
YFJ07417.1	NP_416559.1	98.0	247	2.27e-180	492
YFJ07207.1	YP_025309.2	97.6	248	7.30e-177	483
YFJ07116.1	NP_416296.1	99.6	248	7.12e-193	523
YFJ10967.1	NP_415771.1	99.6	247	2.09e-155	429
YFJ10422.1	NP_415238.1	100	247	1.38e-185	505
YFJ09867.1	NP_414644.1	99.6	247	2.10e-180	492
YFJ09826.1	YP_009518734.1	87.0	192	4.32e-120	338
YFJ08732.1	NP_417906.1	97.2	247	3.24e-184	501
YFJ07319.1	NP_416496.1	99.2	247	1.34e-167	459
YFJ07204.1	NP_416384.1	99.6	247	8.93e-182	495
YFJ10626.1	NP_415422.1	100	246	5.01e-192	521
YFJ10383.1	NP_415187.1	100	246	7.61e-178	485
YFJ09990.1	NP_414759.1	100	246	5.19e-185	503
YFJ09903.1	NP_414682.1	81.7	246	4.87e-149	412
YFJ09617.1	NP_418635.1	99.6	246	2.68e-187	509
YFJ09141.1	NP_418248.1	98.8	246	5.58e-180	491
YFJ09134.1	NP_418242.1	99.2	246	1.95e-180	492
YFJ08216.1	NP_417397.1	100	246	5.29e-169	463
YFJ07859.1	NP_417027.1	100	246	1.26e-176	482
YFJ07199.1	NP_416378.1	99.6	246	2.97e-175	479
YFJ11559.1	NP_415797.1	98.0	245	3.45e-169	463
YFJ10739.1	NP_415552.1	99.6	245	3.24e-183	499
YFJ10667.1	NP_415464.4	97.0	236	1.96e-166	456
YFJ09727.1	NP_418781.1	100	245	4.76e-176	481
YFJ09437.1	NP_418452.1	97.1	245	1.15e-167	459
YFJ08344.1	NP_417490.1	99.2	245	2.99e-179	489
YFJ07977.1	NP_417167.1	99.6	245	5.11e-171	468
YFJ07919.1	NP_417086.1	100	245	1.48e-179	489
YFJ07903.1	NP_417070.2	99.6	245	3.64e-180	491
YFJ07553.1	NP_416703.1	100	245	7.96e-184	500
YFJ07393.1	NP_416528.2	98.4	245	8.83e-172	470
YFJ07278.1	NP_416458.1	99.6	245	7.78e-166	455
YFJ10881.1	NP_415712.1	98.0	244	2.01e-172	471
YFJ10795.1	NP_415611.1	99.6	244	5.92e-165	452
YFJ10425.1	NP_415241.1	97.1	244	1.52e-167	459
YFJ09557.1	NP_418577.1	100	244	1.61e-187	509
YFJ08325.1	NP_417479.1	100	244	6.91e-164	450
YFJ08050.1	NP_417242.1	99.2	244	1.74e-182	497
YFJ07717.1	NP_416882.1	100	244	1.95e-179	489
YFJ10844.1	NP_415680.1	99.6	243	3.25e-182	496
YFJ10590.1	NP_415384.1	99.6	243	1.66e-175	479
YFJ10587.1	NP_415381.1	99.6	243	1.73e-177	484
YFJ09971.1	NP_414751.1	99.2	243	1.94e-174	476
YFJ09579.1	NP_418601.1	100	243	4.57e-173	473
YFJ08241.1	NP_417421.4	99.6	243	1.42e-176	482
YFJ08088.1	NP_417285.1	100	243	3.91e-174	476
YFJ07917.1	NP_417084.1	97.9	243	9.30e-182	495
YFJ07891.1	NP_417059.1	98.8	243	1.03e-169	464
YFJ07486.1	NP_416632.1	99.2	243	1.38e-158	436
YFJ07484.1	NP_416631.1	99.6	243	1.38e-183	499
YFJ11046.1	NP_415842.2	98.8	241	1.33e-185	504
YFJ10591.1	NP_415385.1	100	242	5.14e-174	475
YFJ08802.1	NP_417972.1	97.5	242	6.01e-173	473
YFJ08526.1	NP_417675.1	98.8	242	2.10e-173	474
YFJ07892.1	NP_417060.1	99.6	242	1.26e-174	477
YFJ10381.1	NP_415185.1	100	241	2.64e-171	468
YFJ09932.1	NP_414713.1	100	241	2.17e-170	466
YFJ09930.1	NP_414711.1	100	241	1.37e-173	474
YFJ09731.1	NP_418785.1	100	241	1.37e-173	474
YFJ09688.1	NP_418736.3	99.6	241	4.57e-172	470
YFJ09506.1	NP_418526.1	100	241	4.96e-176	480
YFJ09071.1	NP_418180.1	100	238	2.17e-170	466
YFJ08519.1	NP_417668.1	100	241	4.57e-172	470
YFJ11620.1	NP_416735.1	99.6	240	1.43e-179	489
YFJ11332.1	NP_416123.1	99.2	240	1.37e-177	484
YFJ10578.1	NP_415372.1	98.3	240	2.18e-174	476
YFJ10533.1	NP_415330.1	99.6	240	1.72e-171	469
YFJ10225.1	NP_415057.1	99.2	240	2.28e-176	481
YFJ09969.1	NP_414749.2	98.8	240	3.00e-181	493
YFJ08639.1	NP_417805.4	100	240	7.02e-171	467
YFJ07442.1	NP_416583.1	100	240	1.32e-175	479
YFJ07253.1	NP_416426.1	97.5	240	1.42e-170	466
YFJ11334.1	NP_416125.2	98.7	239	5.56e-172	470
YFJ10871.1	NP_415705.1	100	239	1.09e-178	487
YFJ10476.1	NP_415272.1	98.3	239	2.43e-166	456
YFJ10028.1	NP_414840.1	98.7	239	4.77e-173	473
YFJ09749.1	NP_418801.1	99.2	239	2.76e-172	471
YFJ09526.1	NP_418548.1	100	239	2.19e-178	486
YFJ08694.1	NP_417864.1	100	239	9.62e-173	472
YFJ08258.1	NP_417435.1	100	239	7.11e-184	500
YFJ08256.1	NP_417433.1	100	239	1.64e-164	451
YFJ07501.1	NP_416649.1	100	239	7.90e-172	469
YFJ07482.1	NP_416629.4	99.6	239	2.65e-170	466
YFJ07259.1	NP_416432.3	100	239	6.98e-166	454
YFJ11557.1	NP_415768.1	90.0	239	2.37e-120	339
YFJ10589.1	NP_415383.1	99.6	238	3.07e-164	450
YFJ10442.1	NP_415252.1	99.6	238	4.45e-182	495
YFJ09768.1	NP_418818.1	100	238	1.13e-175	479
YFJ09683.1	NP_418731.2	100	238	1.68e-186	506
YFJ09148.1	NP_418257.1	100	238	4.60e-175	478
YFJ09038.1	NP_418139.1	100	238	5.77e-169	462
YFJ08940.1	YP_009518822.1	99.1	223	2.56e-156	430
YFJ07659.1	NP_416810.1	100	238	1.72e-170	466
YFJ07313.1	NP_416490.1	100	238	7.86e-167	457
YFJ11428.1	NP_416222.1	96.2	237	4.77e-172	470
YFJ10512.1	NP_415308.1	92.8	237	1.33e-153	423
YFJ09780.1	NP_414552.1	99.6	237	5.74e-164	449
YFJ09462.1	NP_418479.1	100	237	7.35e-176	479
YFJ08737.1	NP_417911.4	99.6	237	3.09e-168	460
YFJ08306.1	NP_417459.1	98.3	237	5.80e-173	472
YFJ08222.1	NP_417403.1	97.5	237	5.18e-176	480
YFJ08116.1	NP_417309.1	100	237	7.18e-158	434
YFJ07882.1	NP_417050.1	98.7	237	1.08e-168	461
YFJ07798.1	NP_416971.1	100	237	4.97e-174	475
YFJ07531.1	NP_416679.4	100	237	1.86e-169	463
YFJ11468.1	NP_416264.4	97.0	236	7.76e-157	431
YFJ11313.1	NP_416102.2	99.6	236	5.37e-173	472
YFJ11223.1	NP_418736.3	64.4	208	8.28e-95	275
YFJ10942.1	NP_415744.1	99.2	236	3.90e-166	455
YFJ10010.1	NP_414823.2	97.9	236	1.48e-170	466
YFJ09954.1	NP_414734.1	97.9	235	1.80e-171	468
YFJ08845.1	NP_418010.2	100	236	1.17e-167	459
YFJ08186.1	NP_417369.1	95.3	236	1.17e-167	459
YFJ08035.1	NP_417227.1	99.6	236	1.37e-175	479
YFJ11648.1	NP_417441.1	99.1	235	9.78e-155	426
YFJ11470.1	NP_416266.1	98.7	235	2.24e-160	440
YFJ10696.1	NP_415493.1	99.6	235	6.83e-180	489
YFJ10377.1	NP_415181.1	97.0	235	1.81e-175	478
YFJ10374.1	NP_415178.1	96.2	235	2.57e-175	478
YFJ09957.1	NP_414737.1	99.6	235	1.00e-172	471
YFJ09146.1	NP_418255.1	100	235	1.94e-170	466
YFJ08240.1	NP_417420.1	100	235	1.00e-172	471
YFJ10646.1	NP_415443.2	100	234	3.34e-166	455
YFJ10610.1	NP_415405.1	99.1	234	5.41e-181	492
YFJ10511.1	NP_415307.1	98.3	234	1.29e-154	426
YFJ09908.1	NP_414688.1	99.6	234	1.22e-168	461
YFJ09371.1	NP_418411.1	100	234	2.83e-158	435
YFJ08246.1	NP_417426.1	99.6	234	1.66e-166	456
YFJ11625.1	NP_416991.2	100	233	7.07e-172	469
YFJ10819.1	NP_415635.4	99.6	233	1.47e-164	451
YFJ10662.1	NP_415459.1	97.0	233	2.54e-165	452
YFJ09194.1	NP_418286.1	99.6	233	1.95e-169	463
YFJ08622.1	NP_417773.1	100	233	3.10e-166	455
YFJ08433.1	NP_417577.1	98.3	233	1.37e-169	463
YFJ07779.1	NP_416955.1	97.9	233	1.41e-162	446
YFJ10780.1	NP_415597.1	99.6	232	1.00e-166	456
YFJ09921.1	NP_414701.1	100	232	1.17e-165	453
YFJ09834.1	NP_414608.1	97.8	232	4.20e-159	437
YFJ09581.1	NP_418603.1	99.6	232	1.72e-142	395
YFJ09261.1	NP_418348.1	100	232	5.16e-169	462
YFJ08839.1	NP_418004.4	98.3	232	1.48e-168	461
YFJ07911.1	NP_417078.4	98.7	232	1.42e-166	456
YFJ07795.1	NP_416968.2	99.1	232	1.80e-169	463
YFJ07519.1	NP_416668.3	98.2	219	1.52e-158	435
YFJ07167.1	YP_026161.1	96.1	232	4.41e-145	401
YFJ11487.1	NP_418429.1	99.6	231	1.36e-159	438
YFJ11355.1	NP_416149.1	99.1	231	3.19e-158	434
YFJ11319.1	NP_416110.4	99.6	231	1.54e-165	453
YFJ11184.1	NP_415983.1	97.8	231	6.25e-165	451
YFJ10934.1	NP_415736.2	99.1	231	3.65e-173	472
YFJ10859.1	NP_415694.1	99.6	231	2.55e-164	450
YFJ10776.1	NP_415593.1	98.3	231	1.34e-150	415
YFJ10601.1	NP_415396.1	99.6	231	4.22e-163	447
YFJ10151.1	NP_414978.1	99.6	230	1.22e-171	468
YFJ10030.1	NP_414842.4	96.1	231	2.51e-155	427
YFJ09830.1	NP_414603.1	98.7	231	1.05e-172	471
YFJ09491.1	NP_418509.1	100	231	4.98e-171	467
YFJ08875.1	NP_418040.1	97.0	231	1.01e-170	466
YFJ08727.1	NP_417896.1	100	231	1.33e-175	478
YFJ07559.1	NP_416709.1	100	231	4.26e-172	469
YFJ07540.1	NP_416688.1	100	231	1.09e-174	476
YFJ07499.1	NP_416647.1	100	231	4.86e-153	421
YFJ07290.1	NP_416471.1	98.3	231	2.44e-162	445
YFJ07142.1	NP_416321.1	98.7	231	2.03e-170	465
YFJ11544.1	NP_415531.2	98.3	230	2.99e-167	457
YFJ10710.1	NP_415515.1	100	230	2.87e-165	452
YFJ10629.1	NP_415426.1	99.1	230	2.75e-163	447
YFJ10470.1	NP_415265.1	100	230	3.60e-159	437
YFJ10232.1	NP_415064.1	99.6	230	3.91e-163	447
YFJ09223.1	NP_418311.1	93.9	230	2.10e-167	457
YFJ09105.1	YP_026245.1	100	230	2.99e-167	457
YFJ08410.1	NP_417557.1	94.8	230	3.60e-159	437
YFJ08307.1	NP_417460.1	98.3	230	4.96e-166	454
YFJ08124.1	NP_417317.1	99.1	230	6.03e-167	456
YFJ10489.1	NP_415285.1	98.7	229	1.36e-158	435
YFJ10106.1	NP_414933.1	100	229	3.51e-170	464
YFJ09765.1	NP_418815.1	98.7	229	1.32e-165	453
YFJ09483.1	NP_418502.1	99.6	229	2.28e-166	455
YFJ09400.1	NP_418445.1	99.6	229	3.93e-167	457
YFJ09048.1	YP_026239.1	100	229	2.45e-161	442
YFJ08947.1	NP_418108.1	99.6	229	3.23e-166	454
YFJ08534.1	NP_417690.1	100	229	2.01e-160	440
YFJ08115.1	NP_417308.1	99.1	229	6.26e-164	449
YFJ07908.1	NP_417075.1	99.6	229	6.57e-175	476
YFJ07340.1	YP_026239.1	100	229	2.45e-161	442
YFJ11253.1	NP_416058.1	99.1	228	2.27e-161	442
YFJ10203.1	NP_415028.1	99.1	228	3.76e-160	439
YFJ09770.1	NP_418820.1	98.2	228	3.60e-158	434
YFJ09597.1	NP_418619.1	99.6	228	2.38e-172	470
YFJ07660.1	NP_416811.1	99.6	228	7.27e-158	433
YFJ07271.1	NP_416450.2	99.1	228	1.02e-132	370
YFJ10633.1	NP_415430.1	100	227	2.74e-157	432
YFJ10304.1	NP_415103.1	100	227	1.80e-162	445
YFJ09703.1	NP_418750.2	100	227	1.36e-157	432
YFJ08702.1	NP_417872.2	96.5	227	1.13e-165	453
YFJ11183.1	NP_415982.1	88.9	226	7.49e-150	413
YFJ10351.1	NP_415153.1	100	226	3.50e-164	449
YFJ09501.1	NP_418520.1	97.3	226	1.86e-159	437
YFJ07894.1	NP_417062.1	100	226	1.12e-160	440
YFJ11469.1	NP_416265.4	98.2	225	2.28e-164	449
YFJ10943.1	NP_415745.1	99.6	225	2.28e-164	449
YFJ10528.1	NP_415325.4	98.2	225	1.13e-164	450
YFJ10503.1	NP_415299.1	97.8	225	1.48e-160	440
YFJ10412.1	NP_415222.1	100	225	3.78e-163	446
YFJ10200.1	NP_415023.1	99.1	225	5.37e-163	446
YFJ10100.1	NP_414924.1	98.2	225	4.19e-151	416
YFJ09738.1	NP_418791.1	99.6	225	4.99e-168	459
YFJ09732.1	NP_418786.4	99.6	225	4.95e-159	436
YFJ08673.1	NP_417845.1	100	225	4.42e-162	444
YFJ10382.1	NP_415186.1	100	224	6.71e-152	418
YFJ09259.1	NP_418346.2	99.1	224	1.88e-167	457
YFJ09129.1	YP_026256.2	98.2	224	3.61e-156	429
YFJ08045.1	NP_417237.2	99.1	224	1.33e-167	457
YFJ07468.1	NP_416613.1	98.7	224	6.48e-158	434
YFJ11603.1	NP_416478.2	99.6	223	6.03e-159	436
YFJ10832.1	NP_415648.1	99.6	223	3.49e-158	434
YFJ10520.1	NP_415317.4	99.6	223	1.09e-161	442
YFJ10077.1	NP_414898.4	99.5	185	3.50e-131	364
YFJ10048.1	NP_414862.1	98.2	223	2.87e-157	431
YFJ09478.1	NP_418496.1	99.6	223	6.59e-172	468
YFJ09384.1	NP_418426.2	100	223	1.67e-165	452
YFJ08365.1	NP_417509.3	97.8	223	3.08e-152	419
YFJ08061.1	NP_417257.1	100	223	2.21e-170	464
YFJ11445.1	NP_416241.1	99.5	222	3.77e-157	431
YFJ11392.1	NP_416186.4	98.2	222	4.29e-172	469
YFJ11152.1	NP_415948.1	99.1	222	1.37e-159	437
YFJ11024.1	NP_415820.1	99.1	222	3.14e-140	388
YFJ10588.1	NP_415382.1	99.5	222	1.39e-143	397
YFJ10013.1	NP_414826.1	99.5	222	3.77e-157	431
YFJ09517.1	NP_418537.1	99.5	222	1.95e-159	437
YFJ08934.1	NP_418095.4	99.1	222	6.26e-156	428
YFJ08746.1	NP_417920.1	100	222	2.88e-161	441
YFJ08686.1	NP_417858.4	100	222	2.39e-169	462
YFJ07510.1	NP_416658.1	100	222	1.87e-157	432
YFJ07267.1	YP_025310.1	96.8	222	2.90e-170	464
YFJ07255.1	NP_416428.1	100	222	2.01e-152	419
YFJ11241.1	NP_416046.1	100	221	6.96e-148	407
YFJ11170.1	NP_415967.2	92.3	221	6.67e-146	402
YFJ09067.1	NP_418171.1	85.0	220	1.76e-141	391
YFJ08754.1	NP_417928.1	99.5	221	4.76e-155	426
YFJ07238.1	NP_416421.1	99.1	221	4.11e-165	451
YFJ10687.1	NP_415484.1	100	220	7.31e-154	422
YFJ10552.1	NP_415346.4	99.5	220	8.19e-151	415
YFJ09889.1	NP_414668.1	100	220	4.82e-168	458
YFJ09613.1	NP_418630.1	99.1	220	1.67e-159	437
YFJ09342.1	NP_418381.1	98.6	220	1.42e-151	417
YFJ08873.1	NP_418038.1	98.2	220	3.23e-157	431
YFJ08580.1	NP_417730.1	98.2	220	1.32e-156	429
YFJ08423.1	NP_417566.1	100	220	4.60e-157	431
YFJ07958.1	NP_417150.4	99.5	220	9.27e-157	430
YFJ07639.1	NP_416790.1	100	220	1.89e-165	452
YFJ07576.1	NP_416725.1	99.5	220	2.28e-157	431
YFJ07554.1	NP_416704.1	100	220	2.20e-123	345
YFJ07179.1	NP_416358.1	100	220	3.39e-168	459
YFJ11037.1	NP_415833.1	95.9	219	6.97e-147	405
YFJ10864.1	NP_415698.1	98.6	219	9.32e-161	440
YFJ10773.1	NP_415590.1	97.3	219	2.84e-146	403
YFJ10693.1	NP_415490.1	100	219	1.64e-145	401
YFJ10534.1	NP_415331.1	100	219	1.08e-150	414
YFJ10057.1	NP_414873.1	98.6	219	2.72e-144	398
YFJ09827.1	NP_414600.1	100	219	2.04e-164	449
YFJ09582.1	NP_418604.1	97.7	219	2.67e-160	439
YFJ08843.1	YP_026228.1	100	219	3.04e-141	390
YFJ08349.1	NP_417497.1	99.1	219	6.05e-157	430
YFJ08327.1	NP_417482.1	100	219	1.00e-155	427
YFJ08205.1	NP_417389.1	100	219	3.92e-153	421
YFJ08192.1	NP_417375.1	99.5	219	3.22e-152	418
YFJ07767.1	NP_416934.1	97.3	219	1.03e-148	409
YFJ07669.1	NP_416820.1	94.5	219	1.64e-145	401
YFJ07436.1	NP_416577.1	98.6	219	6.30e-159	435
YFJ07181.1	NP_416360.1	97.3	219	5.49e-144	397
YFJ11678.1	YP_026240.1	61.8	212	3.16e-94	271
YFJ11360.1	NP_416155.1	99.5	218	2.68e-164	449
YFJ10423.1	NP_415239.1	99.5	218	4.28e-161	441
YFJ08025.1	NP_417214.1	91.3	218	3.63e-153	421
YFJ07250.1	NP_416424.1	99.1	218	2.86e-150	413
YFJ07178.1	NP_416357.1	99.1	218	3.81e-164	448
YFJ07173.1	NP_416352.4	97.7	218	4.30e-170	463
YFJ11473.1	NP_416270.1	95.4	217	1.04e-147	407
YFJ11193.1	NP_415993.1	100	217	1.55e-158	434
YFJ10310.1	NP_415110.1	99.5	217	3.50e-155	426
YFJ09960.1	NP_414740.1	100	217	1.20e-114	323
YFJ08527.1	NP_417676.2	99.5	217	9.64e-153	419
YFJ08373.1	NP_417513.1	99.5	217	4.09e-154	423
YFJ11690.1	NP_418398.3	99.5	216	1.75e-145	402
YFJ10937.1	NP_415739.1	100	216	1.42e-149	411
YFJ10744.1	NP_415558.1	99.1	216	4.61e-155	425
YFJ09595.1	NP_418617.1	99.5	216	2.78e-156	428
YFJ09523.1	NP_418545.1	96.2	208	2.30e-142	393
YFJ07899.1	NP_417067.1	100	216	7.76e-138	382
YFJ07807.1	NP_416980.1	99.1	216	7.24e-143	394
YFJ07666.1	NP_416817.2	97.3	220	2.15e-129	360
YFJ07645.1	NP_416796.2	99.1	216	2.28e-155	426
YFJ07590.1	NP_416740.1	98.1	216	1.23e-159	437
YFJ07577.1	NP_416726.1	100	216	7.10e-159	435
YFJ07572.1	NP_416721.1	100	216	2.99e-151	416
YFJ07567.1	NP_416716.1	97.7	216	2.69e-163	446
YFJ07297.1	NP_416482.1	96.8	216	7.10e-159	435
YFJ11374.1	NP_416169.1	99.5	215	9.34e-159	434
YFJ10953.1	NP_415758.1	99.5	214	2.44e-145	400
YFJ10768.1	NP_415585.1	99.1	215	1.32e-149	411
YFJ10765.1	NP_415582.1	99.5	215	2.20e-157	431
YFJ10650.1	NP_415447.1	98.1	215	1.05e-164	449
YFJ10170.1	NP_414997.1	100	215	4.98e-154	422
YFJ09762.1	NP_418812.1	97.7	215	4.78e-152	417
YFJ08795.1	NP_417965.1	99.5	215	6.25e-148	407
YFJ08083.1	NP_417280.1	98.6	215	2.88e-153	421
YFJ07654.1	NP_416805.1	98.6	215	4.13e-162	443
YFJ07547.1	NP_416697.1	99.5	215	2.09e-146	403
YFJ10180.1	NP_415007.1	100	214	3.79e-153	420
YFJ09752.1	NP_418804.1	100	214	5.56e-146	402
YFJ07653.1	NP_416804.1	99.1	214	3.38e-156	428
YFJ07215.1	NP_416395.1	100	214	1.12e-145	401
YFJ11484.1	NP_416282.4	97.6	212	6.86e-160	437
YFJ11385.1	NP_416179.1	100	213	3.13e-156	428
YFJ10834.1	NP_415650.1	99.5	213	7.62e-148	407
YFJ10807.1	NP_415623.1	100	213	6.61e-133	369
YFJ10800.1	NP_415616.1	99.1	213	5.37e-148	407
YFJ10368.1	NP_415172.1	100	213	5.02e-162	442
YFJ10360.1	NP_415163.2	99.1	213	1.09e-156	429
YFJ08939.1	NP_418099.1	100	213	1.23e-153	421
YFJ07430.1	NP_416570.2	100	213	2.47e-153	421
YFJ07185.1	NP_416364.1	100	213	2.77e-150	413
YFJ11494.1	NP_418627.4	99.1	212	1.33e-152	419
YFJ11393.1	NP_416187.1	96.7	212	8.20e-150	412
YFJ10968.1	NP_415772.1	100	212	7.12e-157	429
YFJ10837.1	NP_415653.4	94.6	205	1.06e-141	391
YFJ10726.1	NP_415533.1	99.5	212	3.00e-149	410
YFJ09621.1	NP_418640.1	99.5	212	1.39e-163	446
YFJ09584.1	NP_418606.1	96.2	212	1.55e-151	416
YFJ09436.1	NP_418451.4	99.5	212	1.18e-155	426
YFJ08540.1	NP_417696.1	100	212	1.18e-155	426
YFJ07821.1	NP_416995.1	99.1	212	3.96e-154	422
YFJ07133.1	NP_416312.1	99.1	212	1.17e-146	404
YFJ11486.1	NP_418421.1	96.7	211	2.45e-143	395
YFJ11356.1	NP_416150.1	100	211	5.42e-156	427
YFJ09242.1	NP_418328.1	100	211	2.58e-154	423
YFJ08510.1	NP_417659.1	99.5	211	1.95e-149	410
YFJ08472.1	NP_417621.2	98.6	211	2.38e-150	413
YFJ08217.1	NP_417398.1	98.6	211	7.40e-154	422
YFJ07887.1	NP_417055.4	99.1	211	1.14e-157	431
YFJ07296.1	NP_416481.1	98.6	210	3.24e-148	407
YFJ10891.1	NP_415717.1	97.6	210	5.58e-144	397
YFJ10813.1	NP_415629.4	97.6	210	4.44e-150	412
YFJ10236.1	NP_415068.1	100	210	7.08e-147	404
YFJ09209.1	NP_418301.3	100	210	2.47e-147	405
YFJ08650.1	NP_417816.1	100	210	2.29e-152	418
YFJ08525.1	NP_417674.1	98.6	210	7.13e-156	427
YFJ08129.1	NP_417323.2	99.5	210	8.68e-157	429
YFJ07711.1	NP_416876.1	95.3	211	2.59e-131	365
YFJ10682.1	NP_415479.1	100	209	8.31e-150	411
YFJ10335.1	NP_415134.1	98.6	209	1.75e-151	416
YFJ08628.1	NP_417779.1	100	209	6.83e-149	409
YFJ08497.1	NP_417646.1	100	209	2.38e-149	410
YFJ08376.1	NP_417522.1	99.5	209	4.29e-152	417
YFJ08363.1	NP_417506.1	100	209	3.38e-149	410
YFJ11395.1	NP_416189.1	99.5	208	5.20e-148	407
YFJ10621.1	NP_415417.1	99.0	208	4.83e-153	419
YFJ10565.1	NP_415359.4	100	208	1.50e-156	428
YFJ09205.1	NP_418297.1	100	208	1.14e-151	416
YFJ08751.1	NP_417925.1	100	208	7.70e-150	411
YFJ08031.1	NP_417223.1	100	208	2.68e-150	412
YFJ07819.1	NP_416993.2	100	208	2.89e-145	400
YFJ11526.1	NP_415027.1	99.0	207	6.33e-151	414
YFJ10926.1	NP_415727.1	100	207	1.14e-155	426
YFJ10144.1	NP_414971.1	100	207	1.44e-149	410
YFJ10084.1	NP_414909.2	99.5	207	4.30e-151	414
YFJ09919.1	NP_414699.1	100	207	2.67e-145	400
YFJ09091.1	NP_418196.1	100	207	3.53e-150	412
YFJ08944.1	NP_418105.1	100	207	3.39e-148	407
YFJ08396.1	NP_417542.1	99.0	207	4.20e-133	369
YFJ07583.1	NP_416732.4	97.6	207	3.55e-159	435
YFJ07555.1	NP_416705.2	98.1	207	2.90e-149	410
YFJ07281.1	NP_416461.1	100	207	6.57e-146	401
YFJ11475.1	NP_416272.2	94.7	206	3.78e-140	387
YFJ11354.1	NP_416148.1	99.0	206	9.00e-148	406
YFJ10977.1	NP_415783.6	100	206	3.98e-151	414
YFJ10315.1	NP_415115.2	92.7	206	4.80e-143	394
YFJ09868.1	NP_414645.1	99.0	206	1.61e-141	390
YFJ09611.1	NP_418628.4	100	206	1.23e-145	400
YFJ09257.1	NP_418344.3	99.0	206	1.76e-154	423
YFJ09162.1	YP_026265.1	100	206	1.32e-140	388
YFJ09160.1	YP_026264.1	98.5	206	2.48e-145	400
YFJ08604.1	NP_417755.1	100	206	4.80e-143	394
YFJ08381.1	NP_417527.1	100	206	4.28e-146	402
YFJ07838.1	NP_417008.1	99.5	206	2.66e-140	387
YFJ11315.1	NP_416106.1	100	205	5.06e-167	454
YFJ11174.1	NP_415971.1	98.0	205	1.90e-153	420
YFJ10950.1	NP_415754.1	99.0	205	5.87e-148	406
YFJ10619.1	NP_415415.1	100	205	6.15e-168	457
YFJ09340.1	NP_418379.1	96.6	205	4.13e-148	407
YFJ09046.1	YP_026238.1	97.1	205	8.97e-143	393
YFJ08943.1	NP_418103.4	100	205	1.74e-140	387
YFJ08385.1	NP_417531.1	100	205	6.11e-150	411
YFJ07803.1	NP_416976.4	98.5	205	9.41e-154	421
YFJ07342.1	YP_026238.1	98.0	205	4.45e-143	394
YFJ11317.1	NP_416108.2	98.0	204	5.66e-150	411
YFJ10137.1	NP_414964.1	100	204	2.92e-152	417
YFJ10008.1	NP_414821.1	100	204	4.49e-156	427
YFJ09198.1	NP_418290.4	99.5	204	1.44e-143	395
YFJ07705.1	NP_416870.1	100	204	7.12e-144	396
YFJ11541.1	NP_415411.2	100	203	1.50e-149	410
YFJ11530.1	NP_415171.1	99.0	203	9.43e-153	418
YFJ10880.1	NP_415711.2	98.5	203	4.31e-149	409
YFJ10060.1	NP_414876.1	97.0	203	7.45e-150	411
YFJ08013.1	NP_417204.1	100	203	2.40e-146	402
YFJ07395.1	NP_416530.1	98.0	203	3.27e-144	397
YFJ07196.1	NP_416375.1	100	203	3.01e-140	387
YFJ09451.1	NP_418467.1	100	202	2.90e-142	392
YFJ09331.1	NP_418372.1	96.5	202	2.49e-143	394
YFJ08887.1	NP_418049.1	99.5	202	3.53e-143	394
YFJ12302.1	NP_414852.1	71.6	201	2.03e-105	298
YFJ11743.1	NP_414852.1	71.6	201	2.03e-105	298
YFJ11358.1	NP_416152.1	99.5	201	1.24e-147	405
YFJ11137.1	NP_415930.1	98.5	201	2.04e-137	379
YFJ11134.1	NP_415926.4	96.5	200	4.60e-134	371
YFJ10178.1	NP_415005.1	100	201	2.05e-146	402
YFJ10039.1	NP_414852.1	98.5	201	8.37e-146	400
YFJ09901.1	NP_414679.1	69.7	201	5.85e-91	262
YFJ09839.1	NP_414613.1	98.0	200	2.14e-148	407
YFJ09740.1	NP_418793.1	99.5	201	5.76e-128	355
YFJ09186.1	NP_418278.1	99.5	201	7.40e-140	385
YFJ08627.1	NP_417778.1	100	201	4.80e-136	376
YFJ08388.1	NP_417534.1	100	201	3.29e-152	417
YFJ08038.1	NP_417230.1	100	201	1.45e-146	402
YFJ10455.1	NP_415786.1	66.8	196	9.11e-96	274
YFJ09684.1	NP_418732.1	99.5	200	1.77e-151	415
YFJ08807.1	NP_417977.1	99.5	200	4.31e-143	394
YFJ08654.1	NP_417820.1	99.5	200	3.42e-149	409
YFJ08203.1	NP_417387.3	98.9	182	1.93e-135	374
YFJ07606.1	NP_416755.1	99.0	200	1.90e-146	402
YFJ07556.1	NP_416706.1	100	200	4.01e-157	429
YFJ07197.1	NP_416376.2	98.5	200	1.90e-146	402
YFJ11371.1	NP_416166.3	97.5	199	1.63e-142	392
YFJ10713.1	NP_415518.1	97.5	199	3.83e-141	389
YFJ09312.1	NP_418355.1	99.5	199	2.90e-136	376
YFJ09234.1	NP_418321.4	98.5	199	8.73e-147	403
YFJ08044.1	NP_417236.1	99.5	199	2.14e-147	404
YFJ07643.1	NP_416794.1	99.0	199	4.47e-140	386
YFJ10719.1	NP_415524.1	99.5	198	7.16e-141	388
YFJ10568.1	NP_415362.1	98.5	198	2.71e-145	399
YFJ09944.1	NP_414725.1	98.5	198	9.77e-139	382
YFJ09900.1	NP_414678.1	68.7	195	7.39e-95	271
YFJ09685.1	NP_418733.1	99.5	198	4.68e-146	401
YFJ09481.1	NP_418500.1	97.5	198	3.66e-134	371
YFJ08937.1	NP_418098.4	99.5	198	1.01e-131	365
YFJ08748.1	NP_417922.1	99.5	198	1.29e-143	395
YFJ11151.1	NP_415947.1	99.5	197	5.07e-145	398
YFJ10024.1	NP_414835.2	99.0	197	3.29e-141	389
YFJ09649.1	NP_418672.4	98.0	197	4.48e-139	383
YFJ08722.1	NP_417892.1	100	197	1.04e-128	357
YFJ08558.1	NP_417714.1	98.0	197	2.39e-134	371
YFJ08249.1	NP_417429.1	98.5	197	7.44e-138	380
YFJ07933.1	NP_417104.1	99.5	197	3.64e-129	358
YFJ12283.1	NP_415892.1	83.9	193	6.26e-109	307
YFJ11446.1	NP_416242.6	99.5	196	7.51e-151	413
YFJ11341.1	NP_416135.1	99.5	196	1.14e-136	377
YFJ11258.1	NP_415892.1	100	196	2.81e-137	379
YFJ11131.1	NP_415918.1	96.9	196	3.18e-118	330
YFJ10992.1	NP_415793.1	100	196	1.64e-145	399
YFJ10982.1	NP_415786.1	99.0	196	3.05e-141	389
YFJ10723.1	NP_415528.1	96.9	196	3.05e-141	389
YFJ10625.1	NP_415421.1	99.0	196	7.22e-149	408
YFJ10131.1	NP_414958.4	99.0	196	1.98e-137	379
YFJ09804.1	NP_414577.2	95.9	196	1.39e-137	379
YFJ09385.1	NP_418427.1	100	196	1.29e-142	392
YFJ09024.1	NP_418125.1	100	196	5.90e-139	383
YFJ08642.1	NP_417808.1	100	196	2.34e-120	336
YFJ08469.1	NP_417618.1	100	195	6.89e-138	380
YFJ07392.1	NP_416527.1	99.0	196	6.94e-147	403
YFJ10697.1	NP_415494.1	94.9	195	1.19e-133	369
YFJ10034.1	NP_414847.3	94.9	195	5.41e-130	360
YFJ10014.1	NP_414827.1	99.5	195	4.45e-129	358
YFJ09778.1	NP_414550.1	99.5	195	1.57e-138	382
YFJ08898.1	NP_418058.1	100	195	1.69e-133	369
YFJ08758.1	NP_417932.1	99.0	195	5.93e-143	393
YFJ07906.1	NP_417073.1	97.9	195	5.04e-135	373
YFJ07493.1	NP_416639.2	100	195	2.42e-142	391
YFJ10923.1	NP_415722.1	100	194	1.64e-144	397
YFJ10789.1	NP_415605.2	100	194	2.61e-141	389
YFJ10767.1	NP_415584.1	100	194	1.35e-152	417
YFJ10291.1	NP_416064.1	96.3	191	1.46e-135	374
YFJ09904.1	NP_414683.1	92.8	194	1.27e-123	344
YFJ09704.1	NP_418751.4	100	184	3.14e-133	368
YFJ09504.1	NP_418524.1	96.4	194	3.15e-133	368
YFJ09202.1	NP_418294.1	97.4	193	4.34e-140	385
YFJ11378.1	NP_416173.1	100	193	1.30e-145	399
YFJ11350.1	NP_416144.1	100	193	2.12e-126	351
YFJ11205.1	NP_416005.1	97.4	193	1.40e-140	387
YFJ10370.1	NP_415174.1	100	193	2.92e-133	368
YFJ10111.1	NP_414938.1	99.0	193	1.58e-146	402
YFJ08360.1	NP_417503.1	100	193	2.62e-145	399
YFJ08352.1	NP_417500.1	100	193	4.72e-148	405
YFJ07429.1	NP_416569.1	99.0	193	2.83e-140	386
YFJ07141.1	NP_416320.1	99.0	193	2.07e-142	391
YFJ11351.1	NP_416145.1	99.0	192	3.69e-131	363
YFJ10141.1	NP_414968.4	100	192	7.45e-131	362
YFJ09988.1	NP_414757.1	99.5	192	4.01e-135	373
YFJ08201.1	NP_417385.4	100	192	9.14e-141	387
YFJ08171.1	NP_417353.1	97.4	192	3.72e-140	385
YFJ07494.1	NP_416640.2	100	192	8.14e-144	395
YFJ07225.1	NP_416405.1	99.5	192	2.62e-140	386
YFJ07147.1	NP_416327.1	99.0	192	9.84e-136	374
YFJ11460.1	NP_416256.2	98.4	191	4.19e-141	388
YFJ10758.1	NP_415574.1	100	191	2.33e-138	381
YFJ10660.1	NP_415457.1	97.9	191	1.51e-134	371
YFJ09537.1	NP_418558.2	100	191	6.96e-140	385
YFJ08703.1	NP_417873.1	100	191	2.00e-139	384
YFJ08517.1	NP_417666.1	100	191	6.16e-134	370
YFJ08470.1	NP_417619.1	100	191	4.29e-125	347
YFJ08055.1	NP_417248.1	99.0	191	5.28e-135	372
YFJ07900.1	NP_417068.1	100	191	6.16e-134	370
YFJ07788.1	NP_416962.1	98.4	191	1.11e-136	377
YFJ07761.1	NP_416927.1	99.0	191	4.90e-140	385
YFJ10414.1	NP_415224.1	97.4	190	1.06e-129	359
YFJ10160.1	NP_414987.3	99.5	190	1.09e-122	341
YFJ09962.1	NP_414742.1	98.9	190	1.99e-141	389
YFJ08798.1	NP_417968.1	99.5	190	8.03e-125	347
YFJ08656.1	NP_417822.1	100	190	3.44e-135	373
YFJ08590.1	NP_417741.1	98.4	190	1.46e-136	376
YFJ07801.1	NP_416974.4	100	190	4.02e-134	370
YFJ07528.1	NP_416676.4	100	190	1.25e-137	379
YFJ11510.1	NP_414680.4	62.8	191	8.76e-73	215
YFJ11180.1	NP_415979.2	96.3	189	2.00e-138	381
YFJ07663.1	NP_416814.1	98.9	189	5.08e-132	365
YFJ10759.1	NP_415575.1	98.9	188	2.74e-140	385
YFJ09779.1	NP_414551.1	99.5	188	1.16e-132	366
YFJ09549.1	NP_418571.1	100	188	1.07e-137	379
YFJ09477.1	NP_418495.2	100	188	2.54e-145	398
YFJ09065.1	NP_418169.1	100	188	3.45e-134	370
YFJ08785.1	NP_417963.4	99.5	188	9.55e-141	387
YFJ08516.1	NP_417665.1	99.5	188	5.72e-133	367
YFJ08247.1	NP_417427.1	99.5	188	6.61e-123	342
YFJ07984.1	NP_417175.1	98.4	188	1.78e-136	376
YFJ07692.1	NP_416841.1	71.4	189	6.61e-86	248
YFJ07532.1	NP_416680.1	100	188	6.96e-134	369
YFJ07208.1	NP_416389.4	97.3	188	1.93e-140	386
YFJ07201.1	NP_416381.2	99.5	188	1.03e-135	374
YFJ07156.1	NP_416335.4	100	188	9.50e-132	364
YFJ11224.1	NP_418734.1	64.7	187	4.81e-75	220
YFJ11057.1	NP_415856.1	98.9	187	9.93e-138	379
YFJ10675.1	NP_415472.2	98.9	187	2.74e-135	373
YFJ10339.1	NP_415138.1	100	187	8.50e-139	382
YFJ08840.1	NP_418005.1	98.4	187	6.23e-141	387
YFJ08653.1	NP_417819.1	97.3	187	1.65e-136	376
YFJ08243.1	NP_417423.4	100	187	6.72e-136	374
YFJ08108.1	NP_417302.1	96.3	187	5.95e-130	359
YFJ07991.1	YP_026180.1	100	187	9.93e-138	379
YFJ11312.1	NP_416101.1	99.5	186	5.33e-137	377
YFJ10764.1	NP_415581.1	100	186	1.92e-130	360
YFJ10353.1	NP_415155.1	98.4	186	4.39e-145	397
YFJ08684.1	NP_417856.1	98.9	186	1.16e-131	363
YFJ11019.1	NP_415815.1	100	185	6.21e-131	362
YFJ09933.1	NP_414714.1	100	185	3.56e-121	337
YFJ09618.1	NP_418637.1	97.3	183	2.25e-126	350
YFJ09499.1	NP_418518.1	95.7	185	2.33e-126	350
YFJ08755.1	NP_417929.4	100	185	2.00e-127	353
YFJ08518.1	NP_417667.1	100	185	5.11e-130	359
YFJ07549.1	NP_416699.1	100	185	2.97e-138	380
YFJ10740.1	NP_415553.1	99.5	184	9.23e-137	376
YFJ10376.1	NP_415180.1	98.9	184	4.40e-87	251
YFJ08587.1	NP_417738.4	91.3	184	6.94e-123	341
YFJ07632.1	NP_416783.1	100	184	2.71e-120	335
YFJ11659.1	NP_417810.1	100	183	4.57e-139	382
YFJ11481.1	NP_416279.1	99.5	183	5.55e-133	367
YFJ11431.1	NP_416225.1	97.8	183	3.91e-133	367
YFJ10345.1	NP_415147.1	98.4	183	1.12e-132	366
YFJ10255.1	NP_415077.1	100	183	8.55e-137	376
YFJ10175.1	NP_415002.1	100	183	5.33e-131	362
YFJ10165.1	NP_414992.1	97.8	183	1.07e-121	338
YFJ09874.1	NP_414652.1	97.3	183	2.18e-139	383
YFJ09634.1	NP_418655.1	100	183	6.71e-125	346
YFJ08511.1	NP_417660.1	100	183	5.12e-129	357
YFJ08414.1	NP_417561.1	99.5	183	2.86e-135	372
YFJ07683.1	NP_416834.1	98.4	183	7.89e-133	366
YFJ07652.1	NP_416803.3	100	183	5.99e-135	372
YFJ07258.1	NP_416431.2	96.2	183	1.36e-133	368
YFJ11628.1	NP_417099.4	100	182	1.31e-135	373
YFJ11471.1	NP_416267.1	97.8	182	2.10e-132	365
YFJ10649.1	NP_415446.1	100	182	3.10e-134	370
YFJ09686.1	NP_418734.1	91.8	182	2.46e-106	299
YFJ08182.1	NP_417365.1	96.1	180	2.01e-130	360
YFJ07678.1	NP_416829.1	99.5	182	3.11e-143	392
YFJ07416.1	NP_416558.1	97.8	182	1.26e-133	368
YFJ07248.1	NP_416422.1	100	182	1.17e-129	358
YFJ10406.1	NP_415213.1	100	181	2.09e-127	352
YFJ10270.1	NP_415092.1	98.9	181	2.35e-124	345
YFJ09952.1	NP_414732.1	98.3	181	7.91e-132	363
YFJ09564.1	NP_418586.4	100	181	5.80e-134	369
YFJ09369.1	NP_418409.1	100	181	2.76e-132	365
YFJ09200.1	NP_418292.1	98.3	181	7.91e-132	363
YFJ08077.1	NP_417273.1	100	181	5.16e-137	377
YFJ07810.1	NP_416983.1	97.8	181	2.82e-116	324
YFJ07320.1	NP_416497.1	100	181	9.24e-131	361
YFJ11587.1	NP_416233.1	100	180	8.50e-122	338
YFJ11517.1	NP_414828.1	97.2	180	3.98e-126	350
YFJ10810.1	NP_415626.4	100	180	2.37e-137	377
YFJ10669.1	NP_415466.4	100	180	1.95e-136	375
YFJ10665.1	NP_415462.1	93.9	180	2.34e-119	332
YFJ10231.1	NP_415063.4	100	180	2.44e-121	337
YFJ08591.1	YP_026210.1	100	180	8.76e-115	320
YFJ08009.1	NP_417200.1	98.9	180	1.41e-120	335
YFJ07651.1	NP_416802.1	100	180	2.99e-131	362
YFJ07633.1	NP_416784.1	100	180	8.86e-124	343
YFJ07604.1	NP_416753.4	99.4	180	7.04e-130	358
YFJ07469.1	NP_416614.1	98.9	180	1.08e-124	345
YFJ11148.1	NP_415944.1	97.8	179	1.27e-127	353
YFJ10966.1	NP_415770.1	100	179	6.22e-119	331
YFJ10812.1	NP_415628.1	98.9	178	6.40e-112	313
YFJ10661.1	NP_415458.2	92.7	179	9.09e-112	313
YFJ10119.1	NP_414946.4	96.6	179	2.08e-117	327
YFJ10071.1	NP_414888.4	98.3	179	8.67e-94	267
YFJ09728.1	NP_418782.1	100	179	7.62e-129	356
YFJ09687.1	NP_418735.2	99.4	179	3.93e-131	362
YFJ08681.1	NP_417853.1	89.9	179	5.62e-106	298
YFJ08616.1	NP_417767.1	100	179	1.80e-127	352
YFJ08444.1	NP_417590.2	96.6	179	3.78e-129	357
YFJ07828.1	NP_417001.1	99.4	179	7.10e-93	265
YFJ11444.1	NP_416240.1	99.4	178	1.26e-122	340
YFJ11154.1	NP_415951.1	96.6	178	1.13e-125	348
YFJ10573.1	NP_415367.1	99.4	178	4.59e-125	346
YFJ09888.1	NP_414667.4	100	178	2.27e-125	347
YFJ09466.1	NP_418483.1	100	178	3.29e-109	306
YFJ08275.1	NP_417442.1	92.7	178	6.19e-114	318
YFJ11284.1	NP_416072.1	99.4	177	4.44e-136	374
YFJ11093.1	NP_416072.1	92.7	177	2.19e-127	352
YFJ10749.1	NP_415563.1	100	177	4.43e-127	351
YFJ09553.1	NP_418573.1	100	177	2.03e-132	365
YFJ09086.1	NP_418191.1	100	177	8.86e-118	328
YFJ08613.1	NP_417764.1	99.4	177	1.73e-124	345
YFJ11221.1	NP_416021.1	98.9	176	1.08e-122	340
YFJ11141.1	NP_415935.2	98.3	176	2.03e-127	352
YFJ10869.1	NP_415703.3	100	176	1.09e-131	363
YFJ10403.1	NP_415210.1	100	176	1.13e-133	368
YFJ09909.1	NP_414689.4	98.9	176	4.27e-129	356
YFJ09815.1	NP_414588.1	99.4	176	1.74e-137	377
YFJ09690.1	NP_418738.1	98.3	176	9.29e-124	343
YFJ09627.1	NP_418647.1	100	176	4.27e-129	356
YFJ09324.1	NP_418367.1	100	176	2.66e-123	342
YFJ08786.1	NP_417964.1	98.3	176	2.19e-122	339
YFJ08113.1	NP_417307.1	99.4	176	1.13e-133	368
YFJ07979.1	NP_417169.1	99.4	176	7.95e-125	345
YFJ11667.1	NP_417969.1	99.4	175	1.01e-122	340
YFJ10173.1	NP_415000.1	97.7	175	2.45e-114	319
YFJ09201.1	NP_418293.2	97.1	175	5.82e-122	338
YFJ08725.1	NP_417894.2	99.4	175	3.13e-126	349
YFJ08002.1	NP_417193.1	100	175	2.48e-132	364
YFJ10098.1	NP_414922.1	99.4	174	7.66e-122	338
YFJ08477.1	NP_417626.1	100	174	2.67e-122	339
YFJ07962.1	NP_417154.1	97.7	174	4.44e-121	336
YFJ11368.1	NP_416163.1	99.4	173	2.48e-122	339
YFJ10790.1	NP_415606.1	100	173	8.64e-123	340
YFJ10473.1	NP_415269.1	100	173	1.18e-120	335
YFJ10228.1	NP_415060.1	98.8	173	2.05e-130	359
YFJ08677.1	YP_026215.2	100	173	6.82e-120	333
YFJ08188.1	NP_417371.1	100	173	2.13e-132	364
YFJ07198.1	NP_416377.1	100	173	2.28e-118	329
YFJ11168.1	NP_415965.1	98.3	172	4.30e-127	351
YFJ10677.1	NP_415474.1	100	172	2.21e-129	357
YFJ10125.1	NP_414952.1	100	172	8.68e-136	373
YFJ08473.1	NP_417622.2	98.8	172	1.09e-120	335
YFJ07926.1	NP_417094.1	97.7	172	6.32e-120	333
YFJ07866.1	NP_417034.1	98.8	172	8.33e-125	345
YFJ07827.1	NP_417000.1	100	172	7.80e-89	254
YFJ11052.1	NP_415851.1	99.4	171	1.39e-127	352
YFJ10666.1	NP_415463.2	98.8	171	1.44e-120	334
YFJ10592.1	NP_415386.1	92.4	171	7.68e-116	322
YFJ10538.1	NP_415335.1	100	171	5.22e-123	340
YFJ10235.1	NP_415067.1	97.1	171	2.04e-120	334
YFJ09761.1	NP_418811.2	100	170	5.89e-122	338
YFJ09454.1	NP_418470.4	99.4	171	2.13e-122	339
YFJ09189.1	YP_026270.1	100	171	2.65e-107	301
YFJ07982.1	NP_417172.1	100	171	7.72e-125	345
YFJ07854.1	NP_417022.1	100	171	9.34e-117	325
YFJ10507.1	NP_415303.1	100	170	1.97e-122	339
YFJ09863.1	NP_414639.2	99.4	170	2.05e-124	344
YFJ10681.1	NP_415478.1	99.4	169	2.69e-115	321
YFJ10419.1	NP_415235.1	95.9	169	3.69e-122	338
YFJ10224.1	NP_415056.1	100	169	1.14e-116	324
YFJ09210.1	NP_418302.1	99.4	169	3.83e-83	239
YFJ08594.1	NP_417745.1	99.4	169	7.71e-115	320
YFJ08223.1	NP_417404.1	98.2	169	7.16e-120	332
YFJ07747.1	NP_416912.1	100	169	8.03e-117	325
YFJ11044.1	NP_415840.1	100	168	1.83e-117	326
YFJ08394.1	NP_417540.1	100	168	1.45e-123	342
YFJ11220.1	NP_416020.1	98.2	167	1.14e-115	322
YFJ10536.1	NP_415333.1	100	167	5.67e-116	322
YFJ09691.1	NP_418739.1	98.2	167	4.12e-109	305
YFJ09654.1	YP_026287.1	99.4	167	1.29e-121	337
YFJ08611.1	NP_417762.1	100	167	9.41e-115	319
YFJ08476.1	NP_417625.1	100	167	2.71e-123	341
YFJ08409.1	NP_417556.2	98.8	167	3.17e-122	338
YFJ07886.1	NP_417054.2	99.4	167	7.78e-123	340
YFJ07627.1	NP_416775.1	97.0	167	6.90e-117	325
YFJ07232.1	NP_416415.1	100	167	1.14e-115	322
YFJ07221.1	NP_416401.1	100	167	4.30e-111	310
YFJ07121.1	NP_416301.1	99.4	167	8.06e-116	322
YFJ11688.1	YP_026277.1	100	166	2.58e-107	300
YFJ10969.1	NP_415774.1	99.4	166	9.01e-108	301
YFJ10031.1	NP_414844.1	70.3	222	2.10e-98	280
YFJ07987.1	NP_417178.1	98.2	166	2.32e-119	331
YFJ07766.1	NP_416933.4	99.4	166	7.18e-114	317
YFJ07637.1	NP_416788.1	100	166	4.34e-124	343
YFJ11283.1	NP_416071.1	89.7	165	1.94e-97	275
YFJ10266.1	NP_415087.1	95.2	165	2.82e-115	320
YFJ10038.1	NP_414851.1	97.0	165	9.84e-116	322
YFJ09448.1	NP_418463.4	98.8	165	2.07e-117	326
YFJ09372.1	NP_418412.1	100	165	9.76e-107	299
YFJ09030.1	NP_418130.1	97.0	165	6.42e-121	335
YFJ08539.1	NP_417695.1	99.4	165	5.93e-117	325
YFJ08239.1	NP_417419.1	98.8	165	5.28e-120	332
YFJ07989.1	NP_417180.1	100	165	9.45e-114	317
YFJ07235.1	NP_416418.1	100	165	8.77e-119	329
YFJ07168.1	NP_416346.4	97.6	165	8.42e-117	324
YFJ11500.1	NP_418780.2	99.4	164	1.90e-108	303
YFJ10722.1	NP_415527.4	98.2	164	2.95e-121	335
YFJ10614.1	NP_415409.1	100	164	4.52e-116	322
YFJ10408.1	NP_415215.1	94.5	164	3.72e-115	320
YFJ10226.1	NP_415058.1	99.4	164	4.19e-121	335
YFJ09796.1	NP_414568.1	99.4	164	2.83e-119	330
YFJ08322.1	NP_417475.1	100	164	2.93e-112	313
YFJ08314.1	NP_417467.1	99.4	164	2.41e-111	310
YFJ07646.1	NP_416797.2	100	164	3.45e-120	333
YFJ07562.1	NP_416712.1	100	164	4.19e-130	358
YFJ11546.1	NP_415554.4	100	163	1.99e-114	318
YFJ10133.1	NP_414960.2	100	163	2.61e-110	308
YFJ09845.1	NP_414620.1	98.8	163	8.75e-109	304
YFJ08522.1	NP_417671.1	100	163	3.87e-112	312
YFJ08134.1	NP_417328.1	93.9	163	9.88e-115	319
YFJ11564.1	NP_415870.4	100	162	3.73e-114	317
YFJ10585.1	NP_415379.1	100	162	1.71e-110	308
YFJ09192.1	NP_418284.1	100	162	3.32e-117	325
YFJ08729.1	NP_417898.1	95.1	162	1.25e-112	313
YFJ08559.1	NP_417715.1	100	162	2.07e-111	310
YFJ08313.1	NP_417466.1	100	162	4.20e-120	332
YFJ08178.1	NP_417362.4	98.1	162	5.48e-107	299
YFJ07858.1	NP_417026.1	100	162	2.63e-114	318
YFJ07665.1	NP_416816.1	99.4	162	1.64e-108	303
YFJ07564.1	NP_416713.1	98.8	162	3.19e-115	320
YFJ07420.1	NP_416562.1	100	162	4.36e-113	315
YFJ11461.1	NP_416257.1	98.8	161	6.19e-108	301
YFJ10508.1	NP_415304.1	100	161	1.65e-112	313
YFJ09939.1	NP_414720.1	100	161	1.57e-101	285
YFJ09321.1	NP_418364.1	100	161	5.98e-115	319
YFJ07693.1	NP_416842.1	98.1	161	6.98e-114	317
YFJ10522.1	NP_415319.1	98.8	160	3.90e-115	320
YFJ10372.1	NP_415176.1	100	160	1.12e-114	318
YFJ10207.1	NP_415038.1	99.4	160	8.52e-119	329
YFJ08347.1	YP_026197.1	98.8	160	1.47e-119	331
YFJ08047.1	NP_417239.1	98.8	160	1.16e-116	323
YFJ07939.1	NP_417110.1	100	160	7.87e-115	319
YFJ07928.1	NP_417096.1	98.8	160	1.59e-114	318
YFJ11614.1	NP_416555.2	95.6	159	3.47e-113	315
YFJ11503.1	NP_414590.1	100	159	3.35e-120	332
YFJ10186.1	NP_415014.1	98.7	159	3.90e-110	307
YFJ09905.1	NP_414684.1	96.2	159	9.57e-111	308
YFJ09002.1	NP_414782.1	72.5	142	8.97e-78	225
YFJ08930.1	NP_418091.1	100	159	1.21e-113	316
YFJ08163.1	NP_417344.1	100	159	6.50e-118	327
YFJ08034.1	NP_417226.1	100	159	2.54e-115	320
YFJ07897.1	NP_417065.1	96.2	159	8.83e-107	298
YFJ07780.1	NP_416956.1	98.1	159	8.53e-114	316
YFJ07551.1	NP_416701.1	100	159	4.94e-113	314
YFJ07371.1	NP_417130.1	74.5	137	1.81e-77	224
YFJ11072.1	NP_415874.1	100	158	1.37e-114	318
YFJ10580.1	NP_415374.1	100	158	2.27e-113	315
YFJ10498.1	NP_415294.1	98.7	158	1.31e-121	336
YFJ09542.1	NP_418564.2	100	158	3.74e-103	289
YFJ09381.1	NP_418423.1	100	158	2.76e-114	317
YFJ09003.1	NP_416506.1	95.3	148	2.09e-100	282
YFJ08695.1	YP_026216.2	98.7	158	5.56e-114	317
YFJ08630.1	NP_417795.1	89.7	155	2.08e-100	282
YFJ08499.1	NP_417648.4	100	158	7.30e-110	306
YFJ08462.1	NP_417607.1	98.7	158	8.88e-111	308
YFJ07372.1	NP_416506.1	99.3	148	1.60e-104	292
YFJ09764.1	NP_418814.1	100	157	1.37e-109	305
YFJ09729.1	NP_418783.2	100	157	7.91e-109	303
YFJ08905.1	NP_418063.1	99.4	157	4.59e-117	324
YFJ08869.1	NP_418034.1	100	157	3.92e-109	304
YFJ08865.1	NP_418030.1	94.9	157	7.04e-112	311
YFJ08592.1	NP_417743.1	97.5	157	2.36e-110	307
YFJ08455.1	NP_417602.4	99.4	157	1.22e-112	313
YFJ07378.1	NP_416513.1	98.1	157	1.37e-118	328
YFJ10164.1	NP_414991.4	99.4	156	3.63e-109	304
YFJ10122.1	NP_414949.1	99.4	156	3.22e-103	289
YFJ10058.1	NP_414874.1	99.4	156	2.46e-107	300
YFJ09087.1	NP_418192.1	100	156	3.87e-79	228
YFJ08634.1	NP_417800.1	100	156	2.12e-104	293
YFJ08565.1	NP_417721.1	100	156	8.86e-101	283
YFJ08548.1	NP_417704.1	100	156	4.08e-106	296
YFJ08109.1	NP_417303.1	100	156	6.29e-119	329
YFJ08006.1	NP_417197.1	100	156	3.50e-116	322
YFJ07802.1	NP_416975.1	100	156	1.27e-118	328
YFJ07481.1	NP_416628.1	100	155	8.92e-110	306
YFJ07288.1	NP_416469.1	98.7	156	1.43e-115	320
YFJ11363.1	YP_025304.1	100	155	4.19e-78	226
YFJ10541.1	NP_415338.1	99.4	155	1.54e-105	295
YFJ10388.1	NP_415192.1	100	155	2.03e-110	307
YFJ10366.1	NP_415169.1	100	155	1.88e-115	320
YFJ09973.1	YP_001165307.1	93.5	155	4.04e-86	246
YFJ09970.1	NP_414750.1	100	155	2.03e-119	330
YFJ09158.1	NP_418264.4	100	155	1.37e-108	303
YFJ08908.1	NP_418066.1	100	155	7.36e-113	313
YFJ08868.1	NP_418033.1	96.1	155	1.37e-108	303
YFJ11429.1	NP_416223.1	98.7	154	1.05e-116	323
YFJ09637.1	NP_418658.1	98.7	154	1.32e-119	330
YFJ09594.1	NP_418616.1	96.1	154	1.43e-105	295
YFJ09470.1	NP_418487.1	98.7	154	4.44e-109	304
YFJ08532.1	NP_417688.1	98.1	154	1.09e-109	305
YFJ08452.1	NP_417599.1	100	154	3.66e-117	324
YFJ07275.1	NP_416454.1	99.4	154	1.01e-105	295
YFJ10836.1	NP_415652.1	100	153	1.96e-116	322
YFJ10824.1	NP_415640.2	97.4	153	3.01e-111	309
YFJ09702.1	NP_418749.1	100	153	2.20e-104	292
YFJ09645.1	NP_418665.1	99.3	153	1.74e-110	307
YFJ09567.1	NP_418589.1	100	153	1.49e-111	310
YFJ08014.1	NP_417205.1	99.3	153	3.01e-111	309
YFJ07622.1	NP_416770.1	98.7	153	6.33e-113	313
YFJ07480.1	NP_416627.2	99.3	153	1.27e-103	290
YFJ10945.1	NP_415749.1	99.3	152	6.85e-121	333
YFJ10686.1	NP_415483.2	100	152	4.83e-112	311
YFJ10198.1	NP_415021.2	97.3	150	3.52e-105	294
YFJ10154.1	NP_414981.4	100	152	5.42e-109	303
YFJ10097.1	NP_414921.2	100	152	1.28e-107	300
YFJ10002.1	NP_414773.1	100	152	2.39e-112	312
YFJ09847.1	NP_414623.1	99.3	152	2.21e-108	302
YFJ09094.1	NP_418199.1	100	152	6.09e-106	296
YFJ08936.1	NP_418097.1	99.3	151	1.50e-108	302
YFJ07154.1	NP_416334.1	100	152	2.78e-102	286
YFJ10258.1	NP_415079.1	100	151	6.61e-114	316
YFJ09941.1	NP_414722.1	100	151	3.54e-109	304
YFJ09907.1	NP_414687.1	100	151	9.75e-107	298
YFJ08281.1	NP_417787.1	65.2	141	5.55e-59	177
YFJ07647.1	NP_416798.1	100	151	3.15e-112	311
YFJ11595.1	NP_416379.1	96.7	150	1.44e-103	290
YFJ10679.1	NP_415476.1	100	150	1.02e-103	290
YFJ10510.1	NP_415306.1	98.7	150	4.85e-111	308
YFJ09997.1	NP_414769.1	94.7	150	8.69e-105	293
YFJ09650.1	NP_418673.4	98.7	150	8.05e-110	305
YFJ09505.1	NP_418525.1	97.3	150	8.35e-103	288
YFJ09019.1	NP_418119.2	98.7	150	2.13e-105	294
YFJ08490.1	NP_417639.6	100	150	8.69e-105	293
YFJ07453.1	NP_416597.1	99.3	150	3.03e-105	294
YFJ10120.1	NP_414947.1	100	149	6.63e-104	290
YFJ09797.1	NP_414569.1	98.7	149	1.63e-104	292
YFJ09602.1	NP_418624.1	100	149	5.64e-96	270
YFJ09495.1	NP_418514.1	98.7	149	9.42e-104	290
YFJ08402.1	NP_417548.1	99.3	149	2.14e-109	304
YFJ08074.1	NP_417270.1	97.3	149	2.41e-106	296
YFJ07964.1	NP_417156.1	99.3	149	4.86e-106	296
YFJ07959.1	NP_417151.1	100	149	9.42e-104	290
YFJ07762.1	NP_416928.4	96.6	149	8.39e-107	298
YFJ07557.1	NP_416707.4	100	149	1.15e-113	315
YFJ11515.1	NP_414755.1	100	148	7.17e-105	293
YFJ10865.1	NP_415699.5	100	148	3.35e-118	327
YFJ10684.1	NP_415481.1	100	148	2.51e-103	289
YFJ10402.1	NP_415209.1	100	148	4.17e-111	308
YFJ09737.1	NP_418790.1	98.0	148	8.74e-104	290
YFJ09250.1	NP_418336.1	93.9	148	4.16e-102	286
YFJ07123.1	NP_416303.1	100	148	3.69e-96	271
YFJ11497.1	NP_418680.1	99.3	147	1.46e-106	297
YFJ09510.1	NP_418531.1	98.6	147	1.07e-108	302
YFJ09392.1	NP_418436.1	93.8	146	3.17e-101	283
YFJ09093.1	NP_418198.1	97.3	147	1.20e-105	295
YFJ08474.1	NP_417623.1	96.6	147	8.10e-104	290
YFJ08227.1	NP_417409.1	100	147	8.10e-104	290
YFJ08093.1	NP_417291.1	99.3	147	2.23e-101	284
YFJ07640.1	NP_416791.3	100	147	2.72e-102	286
YFJ07423.1	NP_416565.1	99.3	147	5.08e-107	298
YFJ07273.1	NP_416452.1	99.3	147	1.02e-97	275
YFJ11349.1	NP_416143.2	99.3	146	1.99e-99	279
YFJ09892.1	NP_414671.1	96.6	146	9.14e-105	292
YFJ09872.1	NP_414650.1	99.3	146	3.06e-103	288
YFJ09313.1	NP_418356.1	100	146	2.83e-108	301
YFJ08841.1	NP_418006.1	99.3	146	3.58e-111	308
YFJ08731.1	NP_417905.1	96.6	146	1.62e-89	254
YFJ08680.1	NP_417852.1	91.1	146	2.61e-95	268
YFJ09236.1	NP_418323.1	100	145	6.70e-102	285
YFJ08854.1	NP_418019.4	100	145	1.35e-101	284
YFJ07938.1	NP_417109.1	100	145	2.57e-102	286
YFJ11364.1	NP_416159.2	99.3	144	2.73e-96	271
YFJ11242.1	NP_416047.4	97.9	144	7.26e-101	282
YFJ11123.1	NP_415894.4	99.3	144	1.16e-97	274
YFJ09498.1	NP_418517.1	99.3	144	2.34e-106	296
YFJ08774.1	NP_417952.1	100	144	1.53e-102	286
YFJ08609.1	NP_417760.1	99.3	144	2.82e-89	253
YFJ11199.1	NP_415999.1	100	143	3.34e-101	283
YFJ08910.1	NP_418068.1	99.3	143	5.33e-98	275
YFJ07843.1	NP_417013.1	99.3	143	8.19e-102	285
YFJ10471.1	NP_415266.1	100	142	7.88e-95	267
YFJ10341.1	NP_415140.1	97.9	142	3.34e-96	270
YFJ09370.1	NP_418410.1	100	142	9.59e-96	269
YFJ09315.1	NP_418358.1	99.3	142	4.57e-103	288
YFJ09040.1	NP_418141.2	100	142	3.76e-102	285
YFJ08542.1	NP_417698.1	100	142	2.75e-104	291
YFJ07227.1	NP_416409.1	97.9	142	2.75e-95	268
YFJ09577.1	NP_418599.1	100	141	4.58e-98	275
YFJ09387.1	NP_418430.2	100	141	1.31e-88	251
YFJ08781.1	NP_417960.1	96.5	141	7.61e-97	272
YFJ08600.1	NP_417751.1	99.3	141	4.41e-96	270
YFJ08324.1	NP_417478.1	100	141	1.08e-96	271
YFJ08132.1	NP_417326.2	97.2	141	2.98e-94	265
YFJ07763.1	NP_416929.4	99.3	141	6.03e-103	287
YFJ07605.1	NP_416754.1	99.3	141	6.03e-103	287
YFJ11127.1	NP_415897.1	100	140	4.97e-97	272
YFJ11074.1	NP_415876.1	100	140	1.27e-99	279
YFJ09953.1	NP_414733.1	97.1	140	8.54e-89	251
YFJ08362.1	NP_417505.1	100	140	5.59e-103	287
YFJ08131.1	NP_417325.4	97.1	140	5.92e-98	275
YFJ08087.1	NP_417284.1	100	140	1.48e-98	276
YFJ07870.1	NP_417038.4	100	140	1.67e-95	268
YFJ10867.1	NP_415701.1	99.3	139	2.67e-96	270
YFJ10123.1	NP_414950.1	100	139	1.09e-95	269
YFJ09099.1	NP_418204.2	99.3	139	2.20e-95	268
YFJ09082.1	NP_418187.1	100	139	1.49e-93	263
YFJ07910.1	NP_417077.1	100	139	1.32e-105	294
YFJ11571.1	NP_415955.2	100	138	8.30e-95	266
YFJ11401.1	NP_416194.1	100	138	8.64e-97	271
YFJ10774.1	NP_415591.1	100	138	1.61e-92	261
YFJ10771.1	NP_415588.1	98.6	138	3.95e-93	262
YFJ10742.1	NP_415556.1	100	138	5.00e-96	270
YFJ09653.1	NP_418676.1	100	138	8.30e-95	266
YFJ09463.1	NP_418480.1	100	138	4.11e-104	290
YFJ08407.1	NP_417553.1	99.3	138	5.84e-95	267
YFJ08244.1	NP_417424.1	99.3	138	1.09e-99	279
YFJ11599.1	NP_416438.1	99.3	137	5.86e-99	277
YFJ10949.1	NP_415753.1	100	137	7.66e-86	244
YFJ10733.1	NP_415540.1	97.1	136	1.68e-89	253
YFJ10688.1	NP_415485.4	98.5	137	3.27e-96	270
YFJ10330.1	NP_415129.1	100	137	9.00e-103	286
YFJ09736.1	NP_418789.1	97.1	137	1.89e-95	268
YFJ09041.1	NP_418142.1	100	137	1.38e-97	273
YFJ07812.1	NP_416985.4	94.9	137	7.40e-93	261
YFJ07294.1	NP_416479.1	100	137	6.86e-98	274
YFJ07277.1	NP_416456.1	98.5	137	7.11e-91	256
YFJ07112.1	NP_416292.1	100	137	7.11e-109	302
YFJ11408.1	NP_416201.1	99.3	136	2.22e-98	275
YFJ10516.1	NP_415312.1	100	136	4.84e-93	262
YFJ10342.1	NP_415143.1	100	136	5.23e-97	272
YFJ09440.1	NP_418454.1	100	136	2.21e-89	253
YFJ08621.1	NP_417772.1	100	136	8.35e-94	264
YFJ08598.1	NP_417749.1	100	136	2.69e-90	255
YFJ08286.1	NP_417445.1	99.3	136	9.38e-91	256
YFJ08007.1	NP_417198.1	97.8	136	8.69e-96	269
YFJ07970.1	NP_417160.1	99.3	136	3.83e-99	277
YFJ07262.1	NP_416435.1	98.5	136	5.22e-88	249
YFJ11476.1	NP_416273.1	97.8	135	1.50e-91	258
YFJ11373.1	NP_416168.1	100	135	7.17e-99	276
YFJ10193.1	NP_415020.1	99.3	135	3.29e-95	267
YFJ08189.1	NP_417372.1	99.3	135	6.63e-95	266
YFJ08107.1	NP_417301.4	93.3	135	6.88e-88	249
YFJ10843.1	NP_415679.1	99.3	134	1.51e-95	268
YFJ10775.1	NP_415592.1	99.3	134	3.85e-89	252
YFJ10469.1	NP_415264.1	100	134	1.45e-93	263
YFJ10439.1	NP_415249.1	99.2	129	8.97e-87	246
YFJ09958.1	NP_414738.1	100	134	4.16e-93	262
YFJ09781.1	NP_414554.1	94.0	134	9.07e-88	248
YFJ08679.1	NP_417851.4	97.8	134	3.85e-98	275
YFJ08649.1	NP_417815.1	100	134	1.19e-92	261
YFJ08427.1	NP_417570.1	100	134	1.76e-85	243
YFJ08291.1	NP_417451.1	100	134	6.07e-77	221
YFJ07963.1	NP_417155.1	100	134	4.15e-84	239
YFJ10861.1	NP_415696.1	97.7	133	3.72e-91	257
YFJ09580.1	NP_418602.1	99.2	133	3.72e-91	257
YFJ08764.1	NP_417938.1	100	133	1.64e-94	265
YFJ08687.1	NP_417859.1	100	133	2.51e-89	252
YFJ08487.1	NP_417636.1	100	133	1.25e-89	253
YFJ10965.1	NP_415769.1	100	132	2.52e-93	262
YFJ10698.1	NP_415495.1	99.2	132	9.51e-98	273
YFJ10150.1	NP_414977.1	100	132	1.20e-91	258
YFJ09996.1	NP_414768.1	99.2	132	3.19e-96	270
YFJ09583.1	NP_418605.1	100	132	4.03e-90	254
YFJ09050.1	NP_418153.4	97.7	132	2.62e-86	244
YFJ08544.1	NP_417700.2	100	132	9.51e-89	251
YFJ07498.1	NP_416646.1	100	132	5.50e-88	249
YFJ09803.1	NP_414576.4	100	131	1.65e-93	263
YFJ09648.1	NP_418669.1	99.2	130	5.97e-96	269
YFJ09599.1	NP_418621.5	100	131	4.55e-91	256
YFJ09556.1	NP_418576.1	100	131	1.41e-94	265
YFJ08468.1	NP_417617.1	97.7	131	2.34e-93	262
YFJ08090.1	NP_417287.1	100	131	9.18e-91	256
YFJ07203.1	NP_416383.4	100	131	3.89e-92	259
YFJ11653.1	NP_417572.2	100	130	4.93e-90	254
YFJ11596.1	NP_416392.1	96.2	130	5.76e-89	251
YFJ11250.1	NP_416054.1	98.5	130	2.44e-90	254
YFJ10930.1	NP_415731.1	100	130	1.93e-87	247
YFJ09699.1	NP_418746.4	97.7	130	3.09e-93	262
YFJ08614.1	NP_417765.1	100	130	1.93e-87	247
YFJ08541.1	NP_417697.1	99.2	130	2.26e-86	244
YFJ08348.1	NP_417496.1	100	130	1.03e-82	235
YFJ07731.1	NP_416898.3	93.8	130	1.12e-86	245
YFJ10743.1	NP_415557.1	100	129	6.01e-95	266
YFJ09948.1	NP_414729.4	99.2	129	2.55e-96	270
YFJ09865.1	NP_414641.1	97.7	129	1.72e-94	265
YFJ08605.1	NP_417756.1	100	129	3.35e-92	259
YFJ08438.1	NP_417583.4	100	129	2.65e-89	252
YFJ08196.1	NP_417380.1	100	129	6.25e-88	248
YFJ07216.1	NP_416396.1	100	129	1.53e-88	250
YFJ10725.1	NP_415530.1	98.4	128	2.10e-90	254
YFJ09925.1	NP_414705.1	100	128	2.37e-87	247
YFJ09644.1	NP_418664.2	100	128	4.78e-87	246
YFJ08638.1	NP_417804.1	96.1	128	6.52e-85	241
YFJ07856.1	NP_417024.1	100	128	1.22e-89	253
YFJ07613.1	NP_416761.4	98.4	128	6.79e-87	246
YFJ11243.1	NP_416048.2	100	127	5.82e-92	258
YFJ10563.1	NP_415357.1	100	127	6.55e-89	251
YFJ10355.1	NP_415157.1	98.4	127	7.96e-90	253
YFJ10311.1	NP_415111.1	100	121	2.75e-89	251
YFJ10263.1	NP_415083.1	99.2	127	8.60e-94	263
YFJ09480.1	NP_418499.1	96.1	127	1.43e-83	237
YFJ09368.1	NP_418408.1	100	127	1.32e-79	227
YFJ08889.1	NP_417940.2	97.6	127	1.09e-87	248
YFJ08742.1	NP_417916.1	97.6	126	5.39e-88	248
YFJ08602.1	NP_417753.1	100	127	6.06e-85	241
YFJ08424.1	NP_417567.1	99.2	127	1.61e-89	252
YFJ07907.1	NP_417074.1	99.2	127	7.66e-88	248
YFJ10478.1	NP_415274.1	100	126	3.13e-82	234
YFJ09894.1	NP_414673.1	100	126	1.05e-89	253
YFJ09615.1	NP_418633.4	98.4	126	5.85e-87	246
YFJ09156.1	NP_418262.2	96.8	126	1.55e-82	234
YFJ09155.1	NP_418261.1	99.2	126	1.74e-88	249
YFJ09090.1	NP_418195.2	100	126	4.10e-78	223
YFJ07890.1	NP_417058.1	97.6	126	2.90e-87	246
YFJ10806.1	NP_415622.1	96.8	125	2.69e-87	246
YFJ10575.1	NP_415369.1	100	125	6.09e-93	261
YFJ10174.1	NP_415001.1	99.2	125	1.10e-86	245
YFJ09820.1	NP_414592.1	100	125	8.33e-91	255
YFJ09005.1	NP_416509.1	88.7	124	3.54e-76	218
YFJ10754.1	NP_415569.4	100	124	8.70e-88	248
YFJ10167.1	NP_414994.1	100	124	1.39e-93	262
YFJ08635.1	NP_417801.1	100	124	6.12e-88	248
YFJ07176.1	NP_416355.1	98.4	124	3.41e-85	241
YFJ10149.1	NP_414976.1	97.6	123	5.24e-75	215
YFJ08618.1	NP_417769.1	100	123	1.10e-85	242
YFJ07993.1	NP_417184.1	99.2	123	1.98e-88	249
YFJ11406.1	NP_416199.1	99.2	122	8.09e-92	258
YFJ10860.1	NP_415695.1	96.7	122	2.15e-87	246
YFJ09450.1	NP_418466.1	100	122	3.18e-80	228
YFJ09004.1	NP_416508.1	91.7	121	5.93e-85	240
YFJ08601.1	NP_417752.1	91.8	122	1.29e-79	227
YFJ08425.1	NP_417568.2	100	122	1.23e-68	199
YFJ08384.1	NP_417530.2	100	122	1.64e-82	234
YFJ07749.1	NP_416914.1	95.9	122	8.33e-81	230
YFJ07374.1	NP_416508.1	99.2	122	1.70e-93	262
YFJ11600.1	NP_416457.4	100	121	3.31e-77	221
YFJ11326.1	NP_416117.1	100	121	1.64e-77	221
YFJ09849.1	NP_414625.1	100	121	2.16e-82	234
YFJ09373.1	NP_418413.1	100	121	4.00e-69	200
YFJ08430.1	NP_417574.1	100	121	1.15e-95	267
YFJ07925.1	NP_417093.2	99.2	121	3.45e-88	248
YFJ07263.1	NP_416436.1	97.5	119	6.96e-79	225
YFJ11669.1	NP_418055.1	100	120	2.17e-86	244
YFJ11633.1	NP_417245.1	99.2	120	5.07e-92	258
YFJ10261.1	NP_415082.1	94.2	120	3.46e-83	236
YFJ09882.1	NP_414661.2	100	120	3.74e-87	246
YFJ09031.1	NP_418131.1	100	120	6.99e-83	235
YFJ08900.1	NP_418059.1	100	120	5.97e-75	215
YFJ08669.1	NP_417841.2	99.2	120	5.98e-84	238
YFJ07655.1	NP_416806.1	100	120	5.98e-84	238
YFJ11567.1	YP_009518777.1	98.3	119	1.72e-78	224
YFJ11235.1	NP_416040.1	96.6	119	1.16e-85	242
YFJ11026.1	NP_415822.1	100	119	2.01e-77	221
YFJ10805.1	NP_415621.3	100	119	3.91e-84	238
YFJ09555.1	NP_418575.1	100	119	2.35e-85	241
YFJ09360.1	NP_418399.1	100	119	1.53e-81	231
YFJ09056.1	NP_418159.1	100	119	7.59e-82	232
YFJ08750.1	NP_417924.1	98.3	119	4.39e-81	230
YFJ08637.1	NP_417803.1	100	119	7.89e-84	237
YFJ07995.1	NP_417186.1	100	119	2.26e-83	236
YFJ07817.1	NP_416990.1	96.6	119	1.72e-78	224
YFJ07730.1	NP_416897.2	99.1	114	1.03e-78	224
YFJ07132.1	NP_416311.1	100	119	1.53e-90	254
YFJ11436.1	NP_416231.1	100	118	2.55e-75	216
YFJ11411.1	NP_416204.2	98.3	118	4.58e-87	245
YFJ09464.1	NP_418481.1	100	118	4.24e-83	235
YFJ08606.1	NP_417757.1	100	118	4.59e-78	223
YFJ08431.1	NP_417575.1	83.9	118	2.87e-72	208
YFJ07792.1	NP_416966.1	96.6	118	1.26e-84	239
YFJ07182.1	NP_416361.2	99.2	118	1.04e-83	237
YFJ10935.1	NP_415737.1	99.1	117	1.09e-80	229
YFJ10162.1	NP_414989.1	100	117	2.77e-83	236
YFJ09546.1	NP_418568.2	100	117	2.19e-80	228
YFJ08780.1	NP_417958.1	96.6	117	3.79e-81	230
YFJ08665.1	NP_417837.2	100	117	1.32e-81	231
YFJ08612.1	NP_417763.1	100	117	1.37e-74	214
YFJ11454.1	NP_416250.1	100	116	1.81e-74	213
YFJ09626.1	NP_418646.1	97.4	116	2.68e-76	218
YFJ08015.1	NP_417206.1	99.1	116	2.20e-84	238
YFJ07226.1	NP_416406.4	100	116	1.14e-77	221
YFJ11376.1	NP_416171.1	100	115	2.79e-82	233
YFJ10440.1	NP_415250.1	100	115	5.65e-73	209
YFJ10117.1	NP_414944.1	100	115	2.58e-87	246
YFJ09885.1	NP_414664.4	100	115	3.97e-82	233
YFJ09032.1	NP_418132.1	100	115	2.49e-76	218
YFJ07929.1	NP_417097.1	100	115	6.11e-77	219
YFJ07126.1	NP_416306.2	97.4	115	8.02e-82	232
YFJ11591.1	NP_416323.4	100	114	1.24e-80	229
YFJ09918.1	NP_414698.1	100	114	3.03e-81	230
YFJ08022.1	NP_417212.1	98.2	114	4.23e-84	238
YFJ07965.1	NP_417157.1	100	114	1.28e-82	234
YFJ07538.1	NP_416686.1	100	114	4.65e-85	240
YFJ11311.1	NP_416100.1	99.1	113	4.34e-76	217
YFJ10189.1	NP_415016.4	100	113	3.71e-77	220
YFJ09624.1	NP_418643.1	100	113	9.05e-87	244
YFJ09348.1	NP_418388.1	99.1	113	7.49e-77	219
YFJ08855.1	NP_418020.2	95.6	113	4.17e-74	212
YFJ08312.1	NP_417465.1	100	113	7.18e-84	237
YFJ07936.1	NP_417107.2	100	113	1.57e-78	223
YFJ07921.1	NP_417088.1	100	113	1.06e-76	219
YFJ07174.1	NP_416353.1	99.1	113	4.34e-76	217
YFJ11457.1	NP_416253.1	100	112	6.18e-80	227
YFJ10157.1	NP_414984.1	100	112	1.92e-74	213
YFJ09717.1	NP_418767.4	91.7	109	8.73e-69	199
YFJ09539.1	NP_418560.1	100	112	1.20e-77	221
YFJ09107.1	NP_418213.1	100	112	7.82e-74	211
YFJ07880.1	NP_417048.1	100	112	2.42e-77	220
YFJ07466.1	NP_416610.4	100	112	1.30e-81	231
YFJ11333.1	NP_416124.1	99.1	111	2.08e-73	210
YFJ10852.1	NP_415689.2	100	109	1.38e-73	211
YFJ09511.1	NP_418532.1	100	111	7.24e-83	234
YFJ08773.1	NP_417951.1	100	111	2.84e-80	228
YFJ08451.1	NP_417598.1	99.1	111	1.35e-78	223
YFJ08066.1	NP_417262.1	99.1	111	6.97e-81	229
YFJ07978.1	NP_417168.1	98.2	111	2.96e-73	210
YFJ07852.1	NP_417020.1	99.1	111	9.90e-81	229
YFJ07781.1	NP_416957.4	100	111	4.55e-77	219
YFJ07612.1	YP_588462.1	100	111	1.35e-78	223
YFJ10747.1	NP_415561.1	98.2	110	7.59e-71	204
YFJ10114.1	NP_414941.1	100	110	1.59e-72	208
YFJ09042.1	NP_418143.2	100	110	8.53e-77	219
YFJ08797.1	NP_417967.1	99.1	110	3.48e-76	217
YFJ08623.1	NP_417774.1	100	110	1.31e-71	206
YFJ08493.1	NP_417642.1	100	110	6.25e-70	201
YFJ08399.1	NP_417545.1	98.2	110	2.01e-75	215
YFJ08351.1	NP_417499.1	93.6	110	2.65e-71	205
YFJ07443.1	NP_416584.4	99.1	110	1.86e-71	205
YFJ11361.1	NP_416156.4	95.4	109	3.11e-74	212
YFJ11325.1	NP_416116.1	99.1	109	2.02e-70	202
YFJ10960.1	NP_415764.4	100	109	1.37e-77	221
YFJ10692.1	NP_415489.4	99.1	109	5.57e-77	219
YFJ10177.1	NP_415004.1	100	109	4.59e-67	194
YFJ10136.1	NP_414963.1	100	109	2.19e-74	213
YFJ10009.1	NP_414822.1	100	109	2.74e-86	243
YFJ09588.1	NP_418610.4	99.1	109	8.58e-72	206
YFJ09120.1	NP_418228.2	100	109	2.36e-78	223
YFJ08202.1	NP_417386.1	100	109	2.46e-71	205
YFJ08076.1	NP_417272.1	98.2	109	4.77e-78	222
YFJ07966.1	NP_417158.4	100	109	1.48e-72	208
YFJ07376.1	NP_416511.4	100	109	4.09e-70	202
YFJ11568.1	NP_415901.2	99.1	108	1.61e-71	205
YFJ11560.1	NP_415798.2	99.1	108	2.47e-75	215
YFJ11310.1	NP_416099.1	99.1	108	1.49e-76	218
YFJ10401.1	NP_415208.1	100	108	1.61e-71	205
YFJ09760.1	NP_418810.1	100	106	1.96e-72	207
YFJ08796.1	NP_417966.4	100	108	1.22e-75	216
YFJ08712.1	NP_417883.1	99.1	108	3.78e-79	224
YFJ08659.1	NP_417825.1	99.1	108	4.43e-78	222
YFJ08257.1	NP_417434.4	99.1	108	2.56e-77	220
YFJ07726.1	NP_416891.1	100	108	4.61e-62	181
YFJ07723.1	NP_416888.1	100	108	2.20e-69	200
YFJ11610.1	YP_009518798.1	98.1	107	3.27e-75	215
YFJ10841.1	NP_415678.1	97.2	107	1.05e-80	228
YFJ10593.1	NP_415387.1	99.1	107	3.67e-72	207
YFJ09469.1	NP_418486.1	100	107	9.71e-77	218
YFJ08106.1	NP_417300.1	100	107	3.81e-74	212
YFJ08037.1	NP_417229.1	100	107	1.28e-72	208
YFJ07914.1	NP_417081.2	98.1	107	9.71e-77	218
YFJ07855.1	NP_417023.1	100	107	9.71e-77	218
YFJ07234.1	NP_416417.1	99.1	107	7.99e-76	216
YFJ11456.1	NP_416252.1	100	106	6.88e-72	206
YFJ10607.1	NP_415402.1	100	106	2.59e-76	217
YFJ09345.1	NP_418385.1	100	106	2.22e-68	197
YFJ09144.1	NP_418251.1	99.1	106	2.79e-80	227
YFJ07867.1	NP_417035.1	100	106	8.00e-80	226
YFJ10689.1	NP_415486.4	100	105	1.10e-72	208
YFJ10367.1	NP_415170.4	100	105	1.10e-72	208
YFJ10142.1	NP_414969.4	100	105	9.44e-74	211
YFJ09552.1	NP_418572.4	100	105	1.63e-65	190
YFJ09332.1	NP_418373.1	100	105	1.15e-74	213
YFJ07475.1	YP_588459.1	99.0	105	2.81e-75	214
YFJ07447.1	NP_416589.2	95.2	105	6.39e-72	206
YFJ11028.1	NP_415824.1	99.0	104	7.22e-73	208
YFJ09600.1	NP_418622.1	99.0	104	1.07e-74	213
YFJ09474.1	NP_418492.1	100	104	2.94e-72	207
YFJ09252.1	NP_418337.1	99.0	104	2.71e-77	219
YFJ08617.1	NP_417768.1	100	104	2.33e-69	199
YFJ08353.1	NP_417501.1	98.1	104	4.34e-74	211
YFJ07268.1	NP_416447.1	98.1	104	5.09e-64	186
YFJ11285.1	NP_416073.1	97.1	103	4.92e-66	191
YFJ10748.1	NP_415562.1	94.2	103	1.47e-67	195
YFJ10161.1	NP_414988.1	100	103	6.59e-74	212
YFJ08629.1	NP_417780.1	100	103	8.83e-69	198
YFJ08504.1	NP_417653.1	100	103	1.85e-70	202
YFJ08193.1	NP_417376.1	98.1	103	6.46e-71	203
YFJ08036.1	NP_417228.1	100	103	3.20e-71	204
YFJ11323.1	NP_416114.2	79.4	102	4.90e-19	72.4
YFJ10994.1	NP_415795.1	98.0	102	8.89e-64	185
YFJ10088.1	NP_414913.1	100	102	1.53e-73	210
YFJ09571.1	NP_418593.1	100	102	2.73e-49	149
YFJ08852.1	YP_588469.1	93.1	102	8.09e-64	185
YFJ11580.1	NP_416103.2	99.0	101	7.35e-67	193
YFJ11388.1	NP_416182.1	99.0	101	1.94e-71	204
YFJ10714.1	NP_415519.1	100	101	1.60e-70	202
YFJ09593.1	NP_418615.1	100	101	6.53e-70	201
YFJ08615.1	NP_417766.1	100	101	7.63e-69	198
YFJ08426.1	NP_417569.1	100	101	6.80e-63	183
YFJ07621.1	NP_416769.1	100	101	8.93e-68	195
YFJ08626.1	NP_417777.1	100	100	1.89e-64	187
YFJ08475.1	NP_417624.1	97.0	100	3.96e-66	191
YFJ07631.1	NP_416782.1	100	100	2.12e-61	179
YFJ11433.1	NP_416227.1	100	99	3.14e-67	194
YFJ09314.1	NP_418357.1	99.0	99	1.44e-63	184
YFJ08428.1	NP_417571.1	98.0	99	6.35e-67	193
YFJ08374.1	NP_417514.4	86.2	94	5.77e-49	147
YFJ07961.1	NP_417153.1	100	99	5.88e-63	183
YFJ07144.1	NP_416324.2	98.0	99	1.33e-68	197
YFJ11073.1	NP_415875.1	100	98	4.48e-71	203
YFJ10964.1	NP_415767.2	100	98	2.92e-67	194
YFJ10348.1	NP_415150.1	100	98	1.02e-67	195
YFJ09774.1	NP_414546.1	69.5	105	7.47e-36	114
YFJ09530.1	NP_418552.1	100	98	1.24e-68	197
YFJ08578.1	NP_417727.1	100	98	1.98e-65	189
YFJ12261.1	NP_415089.1	89.7	97	4.03e-60	176
YFJ11421.1	NP_416215.1	97.9	97	9.04e-75	213
YFJ10863.1	NP_415697.5	100	97	6.64e-68	196
YFJ10772.1	NP_415589.1	99.0	97	9.51e-59	172
YFJ10468.1	NP_415263.1	100	97	6.67e-68	195
YFJ10404.1	NP_415211.2	100	97	1.16e-59	174
YFJ10268.1	NP_415089.1	89.7	97	4.03e-60	176
YFJ09995.1	NP_414767.1	97.9	97	1.46e-62	182
YFJ09544.1	NP_418566.1	100	97	1.77e-63	184
YFJ09010.1	YP_588471.1	87.6	97	3.19e-57	168
YFJ08509.1	NP_417658.4	97.9	97	7.51e-65	187
YFJ08498.1	NP_417647.1	100	97	2.62e-65	189
YFJ07776.1	NP_416952.2	100	97	4.19e-62	181
YFJ11442.1	NP_416238.1	99.0	96	1.21e-65	189
YFJ11230.1	NP_416035.1	99.0	96	1.07e-68	197
YFJ10260.1	NP_415081.1	97.9	96	1.07e-68	197
YFJ09025.1	NP_418126.1	100	96	8.81e-68	195
YFJ08846.1	NP_418011.1	100	96	2.34e-63	184
YFJ08248.1	NP_417428.2	99.0	96	4.91e-65	188
YFJ07937.1	NP_417108.4	99.0	96	4.73e-63	183
YFJ07183.1	NP_416362.1	100	96	2.74e-62	181
YFJ10577.1	NP_415371.1	96.8	95	4.41e-54	160
YFJ09813.1	NP_414586.1	100	95	3.59e-71	203
YFJ08636.1	NP_417802.1	94.7	95	4.24e-61	178
YFJ08521.1	NP_417670.1	100	95	3.22e-65	188
YFJ08319.1	NP_417472.1	100	95	1.03e-70	202
YFJ07775.1	NP_416951.1	100	95	5.76e-68	195
YFJ07160.1	NP_416339.1	98.9	95	2.27e-56	166
YFJ11194.1	NP_415994.4	100	94	1.67e-62	181
YFJ10635.1	NP_415432.1	100	94	1.27e-66	192
YFJ10570.1	NP_415364.1	100	94	9.69e-53	157
YFJ10101.1	NP_414925.1	98.9	94	3.50e-64	186
YFJ08042.1	NP_417234.2	95.7	94	4.09e-63	183
YFJ07696.1	NP_416845.2	100	94	8.58e-65	187
YFJ07542.1	NP_416690.1	96.8	94	7.06e-64	185
YFJ07452.1	NP_416596.1	94.7	94	3.50e-64	186
YFJ11602.1	NP_416472.2	100	93	7.30e-69	198
YFJ09467.1	NP_418484.4	100	93	5.41e-63	182
YFJ09116.1	NP_418223.1	98.9	93	4.80e-66	190
YFJ07470.1	NP_416615.1	93.5	93	2.21e-62	181
YFJ10924.1	NP_415723.1	98.9	92	7.42e-65	187
YFJ10691.1	NP_415488.1	98.9	92	3.81e-67	193
YFJ09439.1	YP_001165332.1	100	92	4.30e-64	185
YFJ08624.1	NP_417775.1	100	92	1.82e-65	189
YFJ08506.1	NP_417655.1	98.9	92	5.42e-67	192
YFJ07677.1	NP_416828.1	96.7	92	3.99e-60	175
YFJ11068.1	NP_415867.1	100	91	9.45e-63	182
YFJ10074.1	NP_414891.4	100	91	1.77e-58	171
YFJ10049.1	NP_414863.1	98.9	91	4.18e-57	167
YFJ09598.1	NP_418620.1	100	91	1.11e-61	179
YFJ09587.1	NP_418609.4	100	91	6.40e-61	177
YFJ09488.1	YP_001165334.1	98.9	91	2.51e-58	171
YFJ08945.1	NP_418106.1	100	91	4.18e-57	167
YFJ08260.1	NP_417437.1	100	91	1.69e-65	189
YFJ07712.1	NP_416877.1	94.5	91	4.89e-56	165
YFJ11477.1	NP_416274.1	98.9	90	2.62e-64	186
YFJ10847.1	NP_415683.1	91.1	90	6.22e-54	159
YFJ10147.1	NP_414974.1	100	90	6.46e-56	164
YFJ09529.1	NP_418551.1	98.9	90	2.95e-61	178
YFJ09410.1	NP_418447.1	98.9	90	6.46e-56	164
YFJ09386.1	NP_418428.1	100	90	5.53e-57	167
YFJ08550.1	NP_417706.1	100	90	1.07e-63	184
YFJ08524.1	NP_417673.1	100	90	1.16e-58	171
YFJ08017.1	NP_417208.1	98.9	90	8.79e-63	182
YFJ07464.1	NP_416608.1	98.9	90	8.15e-59	172
YFJ07111.1	NP_416291.4	96.7	90	2.84e-59	173
YFJ09203.1	NP_418295.1	100	89	1.93e-61	178
YFJ09188.1	NP_418280.4	100	89	5.79e-54	159
YFJ08749.1	NP_417923.1	98.9	89	5.34e-59	172
YFJ08485.1	NP_417634.1	100	89	4.40e-58	170
YFJ07279.1	NP_416459.1	100	89	6.77e-53	157
YFJ11126.1	YP_588453.1	100	88	7.96e-56	164
YFJ10857.1	NP_415692.1	100	88	2.37e-57	168
YFJ10848.1	NP_415684.1	96.6	88	1.32e-54	161
YFJ10527.1	NP_415324.1	97.7	88	4.40e-62	180
YFJ09709.1	YP_009518833.1	88.8	80	8.19e-53	156
YFJ08190.1	NP_417373.1	100	88	1.59e-64	186
YFJ07614.1	NP_416762.2	94.3	88	4.97e-59	172
YFJ11519.1	NP_414830.1	100	87	1.18e-61	179
YFJ11449.1	NP_416245.2	98.8	80	8.23e-54	159
YFJ10361.1	NP_415164.1	100	87	1.61e-59	173
YFJ09792.1	NP_414564.1	100	87	8.34e-53	156
YFJ09111.1	NP_418217.1	100	87	1.88e-58	171
YFJ08549.1	NP_417705.2	100	87	3.40e-43	132
YFJ07561.1	NP_416711.1	100	87	1.55e-57	168
YFJ10530.1	NP_415327.2	98.8	86	1.63e-54	160
YFJ10526.1	NP_415323.1	100	86	8.09e-46	139
YFJ10092.1	NP_414916.1	98.8	86	8.06e-55	161
YFJ09991.1	NP_414761.1	96.5	86	9.79e-56	164
YFJ09950.1	NP_414731.2	98.8	84	7.88e-57	166
YFJ08054.1	NP_417247.2	94.2	86	4.46e-61	177
YFJ07889.1	NP_417057.1	98.8	86	2.88e-66	190
YFJ11049.1	NP_415848.1	100	85	1.03e-52	156
YFJ10814.1	NP_415630.1	100	85	2.52e-53	157
YFJ10576.1	NP_415370.1	98.8	85	1.19e-60	176
YFJ09057.1	YP_588472.1	100	85	7.42e-64	184
YFJ08588.1	NP_417739.1	94.1	85	2.41e-60	175
YFJ08503.1	NP_417652.1	100	85	1.34e-57	168
YFJ08332.1	NP_417487.1	100	85	3.18e-56	165
YFJ07745.1	NP_416910.1	100	85	4.35e-54	159
YFJ11548.1	NP_415578.3	100	84	9.13e-60	174
YFJ10882.1	NP_415713.1	96.4	84	2.74e-52	155
YFJ08619.1	NP_417770.1	100	84	7.52e-59	171
YFJ08508.1	NP_417657.2	100	84	2.16e-58	170
YFJ07589.1	NP_416739.1	100	84	2.32e-62	180
YFJ07527.1	YP_588461.1	100	84	4.00e-63	182
YFJ07386.1	YP_588458.1	100	84	1.63e-62	181
YFJ07127.1	NP_416307.1	100	84	6.66e-62	179
YFJ11292.1	NP_416079.1	96.4	83	3.22e-55	162
YFJ10985.1	NP_415789.1	100	83	6.75e-57	166
YFJ09625.1	NP_418645.2	95.2	83	1.36e-56	166
YFJ08909.1	NP_418067.1	100	83	4.21e-60	174
YFJ08236.1	YP_009518814.1	98.8	83	6.75e-57	166
YFJ07387.1	NP_416521.2	100	83	6.50e-55	161
YFJ07233.1	NP_416416.2	98.8	83	2.18e-53	157
YFJ10849.1	NP_415685.1	96.3	82	6.83e-52	154
YFJ10312.1	NP_415112.1	97.6	82	1.18e-52	155
YFJ08311.1	NP_417464.1	100	82	2.19e-57	167
YFJ08067.1	NP_417263.1	100	82	3.77e-58	169
YFJ07931.1	NP_417100.1	100	82	3.00e-55	162
YFJ07130.1	NP_416309.1	100	82	7.09e-54	159
YFJ11015.1	NP_415811.1	98.8	81	8.31e-57	166
YFJ10762.1	NP_415579.1	100	81	8.01e-55	161
YFJ10509.1	NP_415305.1	98.8	81	1.62e-54	160
YFJ10047.1	NP_414861.2	91.4	81	8.07e-46	138
YFJ09320.1	NP_418363.1	100	81	1.39e-37	117
YFJ08753.1	NP_417927.1	100	81	6.06e-59	171
YFJ07969.1	NP_417159.1	100	81	2.47e-58	170
YFJ10129.1	NP_414956.1	100	80	1.99e-50	150
YFJ09457.1	NP_418474.4	98.8	80	1.90e-30	99.8
YFJ08574.1	NP_417723.1	97.5	80	1.90e-57	167
YFJ07713.1	NP_416878.1	98.8	80	3.43e-51	152
YFJ11370.1	NP_416165.2	100	79	2.51e-57	167
YFJ09088.1	NP_418193.1	100	79	5.12e-48	144
YFJ07502.1	NP_416650.1	100	79	1.70e-55	162
YFJ07236.1	NP_416419.1	97.5	79	8.13e-54	158
YFJ07162.1	YP_588456.1	100	79	2.73e-52	154
YFJ11399.1	NP_416192.1	100	78	1.04e-33	107
YFJ11365.1	NP_416160.1	100	78	9.18e-55	160
YFJ10846.1	NP_415682.1	96.2	78	1.17e-48	145
YFJ10796.1	NP_415612.1	100	78	1.17e-48	145
YFJ10025.1	NP_414837.2	96.2	78	3.93e-47	141
YFJ09734.1	YP_588478.1	93.6	78	4.08e-49	146
YFJ08933.1	NP_418094.1	100	78	1.26e-52	155
YFJ08699.1	NP_417869.1	100	78	5.32e-54	159
YFJ07172.1	NP_416350.4	100	78	1.64e-57	167
YFJ11257.1	NP_416062.2	100	77	4.78e-52	154
YFJ11166.1	NP_415963.1	100	77	3.80e-49	146
YFJ08999.1	NP_414783.1	64.7	68	1.20e-32	105
YFJ07266.1	NP_416440.1	100	77	1.73e-54	160
YFJ11156.1	NP_415953.1	97.4	76	3.67e-51	151
YFJ10933.1	NP_415735.1	100	76	3.80e-53	156
YFJ10706.1	NP_415511.1	98.7	76	1.55e-52	155
YFJ09528.1	NP_418550.1	96.1	76	6.80e-56	163
YFJ07177.1	NP_416356.1	100	76	5.21e-51	151
YFJ11637.1	NP_417289.2	100	75	1.15e-49	147
YFJ11601.1	NP_416463.4	100	75	1.15e-49	147
YFJ11298.1	NP_416087.1	69.7	76	6.15e-34	108
YFJ11179.1	NP_415978.1	98.7	75	1.26e-51	152
YFJ10753.1	NP_415568.1	100	75	6.11e-54	158
YFJ10718.1	NP_415523.1	100	75	8.38e-52	153
YFJ09601.1	NP_418623.1	100	75	5.69e-50	148
YFJ08697.1	NP_417867.1	100	75	6.90e-51	150
YFJ07544.1	NP_416692.1	98.7	75	1.30e-46	140
YFJ07381.1	NP_416516.1	96.0	75	1.91e-48	144
YFJ11147.1	NP_415943.4	100	74	1.03e-47	142
YFJ11025.1	NP_415821.1	100	74	8.50e-47	140
YFJ10606.1	NP_415401.1	100	74	1.63e-53	157
YFJ07252.1	NP_416425.1	100	74	2.01e-45	137
YFJ11070.1	NP_415869.2	98.6	73	2.09e-51	152
YFJ11027.1	NP_415823.1	100	73	2.76e-47	141
YFJ08583.1	NP_417733.1	100	73	1.42e-49	147
YFJ07373.1	NP_416507.1	97.3	73	2.09e-51	152
YFJ11689.1	NP_416586.1	98.6	72	1.42e-53	157
YFJ11654.1	NP_417589.4	91.7	72	7.12e-45	135
YFJ11244.1	NP_416049.1	94.4	72	1.18e-43	132
YFJ10996.1	NP_415799.1	98.6	72	1.62e-41	127
YFJ10851.1	YP_588447.1	98.6	71	9.76e-43	130
YFJ10609.1	NP_415404.1	100	72	5.39e-49	145
YFJ10318.1	YP_588441.1	94.4	72	6.77e-52	153
YFJ10166.1	NP_414993.1	100	72	5.39e-49	145
YFJ09793.1	NP_414565.1	100	72	5.39e-49	145
YFJ09240.1	NP_418325.4	95.8	72	2.04e-44	134
YFJ08647.1	NP_417813.1	100	72	3.79e-49	146
YFJ08641.1	NP_417807.1	100	72	2.04e-44	134
YFJ08599.1	YP_588467.1	100	72	7.93e-51	150
YFJ08136.1	NP_417330.1	84.7	72	7.75e-40	122
YFJ08117.1	NP_417310.1	100	72	6.31e-48	143
YFJ07740.1	YP_588464.1	100	72	1.32e-49	147
YFJ11348.1	NP_416142.1	100	71	2.48e-49	146
YFJ11286.1	NP_415086.1	94.4	71	1.19e-47	142
YFJ11198.1	NP_415998.4	98.6	71	3.41e-47	141
YFJ11090.1	NP_415086.1	98.6	71	5.02e-49	145
YFJ11064.1	NP_415862.4	100	71	9.29e-54	157
YFJ10265.1	NP_415086.1	100	70	1.44e-48	144
YFJ08391.1	NP_417537.1	100	71	4.51e-43	130
YFJ07835.1	NP_417005.2	64.8	71	1.85e-33	106
YFJ11578.1	NP_416070.1	100	70	1.39e-50	149
YFJ11175.1	NP_415972.1	94.3	70	1.65e-40	124
YFJ10705.1	NP_415510.1	100	70	6.65e-49	145
YFJ10704.1	NP_415509.1	100	70	5.48e-48	143
YFJ10229.1	NP_415061.2	100	70	1.30e-46	139
YFJ10089.1	NP_414914.2	100	70	6.89e-51	150
YFJ09328.1	NP_418371.1	100	70	1.44e-52	154
YFJ08847.1	NP_418012.1	100	70	9.45e-49	145
YFJ11396.1	NP_416190.1	100	69	8.20e-45	135
YFJ11065.1	NP_415863.1	98.6	69	1.17e-44	134
YFJ10354.1	NP_415156.1	100	69	1.03e-47	142
YFJ09453.1	NP_418469.1	92.8	69	2.35e-44	134
YFJ08899.1	YP_588470.1	98.5	67	4.75e-44	133
YFJ07552.1	NP_416702.1	100	69	7.63e-41	125
YFJ07158.1	NP_416337.1	100	69	5.11e-48	143
YFJ11281.1	NP_415091.1	79.4	68	1.06e-33	107
YFJ10418.1	NP_415228.1	95.6	68	1.94e-47	141
YFJ09619.1	NP_418638.2	100	68	7.65e-45	135
YFJ11254.1	NP_416059.1	100	67	4.13e-44	133
YFJ10357.1	NP_415160.1	100	67	1.57e-39	121
YFJ09720.1	NP_418773.1	100	67	1.32e-49	147
YFJ09145.1	YP_588473.1	100	67	8.65e-46	137
YFJ08553.1	NP_417709.2	100	67	5.88e-44	132
YFJ09951.1	YP_026160.1	100	66	3.72e-42	128
YFJ09378.1	YP_026279.1	98.5	66	7.52e-42	127
YFJ08643.1	YP_588468.1	100	66	8.36e-48	142
YFJ08375.1	NP_417521.1	98.5	66	3.41e-47	140
YFJ07851.1	NP_417019.1	100	66	8.36e-48	142
YFJ07794.1	YP_588465.1	100	66	3.99e-46	138
YFJ11437.1	NP_416232.3	100	65	5.99e-43	130
YFJ11217.1	NP_416017.1	96.9	64	2.19e-36	113
YFJ10332.1	YP_588442.1	100	65	1.11e-47	142
YFJ09866.1	NP_414643.1	100	65	2.62e-46	138
YFJ09575.1	NP_418597.1	100	65	1.03e-43	132
YFJ11563.1	NP_415864.1	100	64	3.60e-48	143
YFJ10269.1	YP_001165309.1	96.8	63	2.58e-39	120
YFJ08631.1	NP_417796.1	87.5	64	4.44e-40	122
YFJ07375.1	YP_009518797.1	100	64	2.28e-42	128
YFJ11593.1	NP_416351.2	98.4	63	1.13e-46	139
YFJ11426.1	NP_416220.1	98.4	63	1.75e-41	126
YFJ11304.1	NP_416093.1	93.7	63	1.19e-39	121
YFJ10099.1	NP_414923.1	100	63	8.99e-44	132
YFJ08824.1	NP_417994.2	100	63	9.81e-39	119
YFJ08620.1	NP_417771.1	100	63	1.11e-35	111
YFJ07826.1	NP_416999.1	100	63	1.19e-39	121
YFJ11577.1	YP_009518790.1	93.5	62	9.82e-43	129
YFJ11543.1	YP_009518761.1	98.4	62	1.75e-45	136
YFJ11407.1	NP_416200.2	100	62	5.50e-40	122
YFJ11303.1	NP_416092.1	87.1	62	2.97e-35	110
YFJ08822.1	NP_417992.1	98.4	62	6.67e-41	124
YFJ07282.1	NP_416462.1	100	62	8.38e-44	132
YFJ11130.1	NP_415900.1	100	61	2.02e-37	115
YFJ11094.1	YP_588452.1	98.4	61	7.56e-42	127
YFJ10855.1	YP_001165315.1	93.4	61	4.96e-38	117
YFJ07985.1	NP_417176.1	100	61	2.37e-36	113
YFJ10640.1	NP_415437.1	100	60	3.49e-42	127
YFJ10267.1	YP_588440.1	98.3	60	1.61e-38	118
YFJ07285.1	NP_416466.1	100	60	4.09e-41	125
YFJ07131.1	NP_416310.1	100	60	6.81e-40	122
YFJ08610.1	NP_417761.1	100	59	1.76e-37	115
YFJ08579.1	NP_417729.1	100	59	2.60e-39	120
YFJ07145.1	NP_416325.1	100	59	1.70e-35	110
YFJ11157.1	NP_415954.2	100	58	1.46e-40	123
YFJ07251.1	YP_009518796.1	98.3	58	9.56e-37	114
YFJ11576.1	NP_416068.2	93.0	57	3.98e-31	99.8
YFJ11165.1	NP_415962.2	100	57	1.49e-35	110
YFJ11142.1	NP_415936.1	94.7	57	2.11e-35	110
YFJ11060.1	YP_009518775.1	100	57	2.43e-14	57.4
YFJ10998.1	YP_001165317.1	98.2	57	4.42e-37	114
YFJ10962.1	YP_001165316.1	100	57	1.74e-34	108
YFJ10854.1	YP_001165314.1	91.2	57	3.17e-28	92.4
YFJ10791.1	NP_415607.1	100	57	2.19e-37	115
YFJ10720.1	NP_415525.2	100	57	1.52e-17	65.5
YFJ10707.1	YP_588446.1	100	57	7.11e-34	106
YFJ09531.1	YP_588474.1	100	57	2.04e-33	105
YFJ11069.1	YP_588451.1	100	56	4.27e-39	119
YFJ10259.1	NP_415080.1	96.4	56	4.13e-37	114
YFJ08372.1	YP_009518818.1	100	56	1.15e-34	108
YFJ10989.1	YP_588450.2	98.2	55	1.07e-34	108
YFJ10676.1	NP_415473.1	100	55	1.11e-36	113
YFJ08932.1	NP_418093.1	100	55	1.07e-34	108
YFJ08662.1	NP_417828.1	100	55	6.65e-38	116
YFJ08655.1	NP_417821.1	96.4	55	6.00e-32	101
YFJ11561.1	YP_009518772.1	100	54	6.43e-40	121
YFJ10172.1	NP_414999.1	86.5	52	4.07e-25	84.3
YFJ09716.1	NP_418761.1	85.2	54	6.35e-29	94.0
YFJ08434.1	NP_417578.2	96.3	54	2.59e-28	92.4
YFJ07563.1	YP_009518801.1	94.4	54	1.00e-34	108
YFJ09741.1	YP_588479.2	100	53	3.56e-30	97.1
YFJ11592.1	YP_009518795.1	100	52	1.64e-35	110
YFJ07960.1	NP_417152.1	100	52	4.33e-35	109
YFJ11293.1	NP_416080.1	100	51	3.66e-29	94.4
YFJ11082.1	NP_416080.1	100	51	3.66e-29	94.4
YFJ11071.1	NP_416089.1	93.9	49	5.38e-31	99.0
YFJ07901.1	YP_009518806.1	100	51	4.75e-34	106
YFJ11300.1	NP_416089.1	89.6	48	3.38e-27	89.4
YFJ10314.1	YP_025295.1	98.0	50	6.91e-29	93.6
YFJ09784.1	YP_025292.1	100	50	8.38e-30	95.9
YFJ08848.1	YP_026229.1	98.0	50	6.10e-32	101
YFJ10487.1	NP_415283.1	100	49	1.53e-27	90.1
YFJ10253.1	YP_009518754.1	100	48	1.26e-26	87.8
YFJ09551.1	YP_026284.1	100	48	3.40e-26	86.7
YFJ08114.1	YP_009518810.1	100	48	1.12e-33	105
YFJ11621.1	YP_009518802.1	97.9	47	2.04e-31	99.8
YFJ09698.1	YP_009518831.1	93.6	47	3.29e-28	91.7
YFJ07161.1	NP_416340.1	100	47	4.13e-31	99.0
YFJ07159.1	NP_416338.1	100	47	1.68e-30	97.4
YFJ11518.1	YP_588437.1	100	46	1.53e-28	92.4
YFJ10988.1	YP_588449.2	97.8	46	1.90e-30	97.4
YFJ10262.1	YP_588439.1	95.7	46	2.54e-27	89.4
YFJ09769.1	NP_418819.1	100	46	1.22e-25	85.1
YFJ09055.1	NP_418158.1	100	46	8.56e-26	85.5
YFJ11197.1	NP_415997.1	100	45	2.38e-27	89.4
YFJ09647.1	NP_418667.1	100	44	8.31e-32	100
YFJ08234.1	NP_417414.2	100	43	4.23e-27	88.6
YFJ10540.1	YP_009029995.1	100	42	6.83e-28	90.5
YFJ11583.1	YP_025303.1	95.1	41	8.53e-24	80.1
YFJ11572.1	YP_009518784.1	94.9	39	2.05e-24	81.6
YFJ09550.1	YP_026283.1	97.6	41	2.87e-22	76.3
YFJ08181.1	YP_002791254.1	97.6	41	1.38e-20	72.0
YFJ08607.1	NP_417758.1	100	38	1.67e-22	76.6
YFJ11256.1	YP_009518787.1	100	37	2.54e-19	68.6
YFJ10760.1	NP_415576.1	100	37	1.82e-20	71.6
YFJ10467.1	YP_588444.1	100	37	2.71e-23	78.6
YFJ10842.1	YP_009518767.1	94.4	36	5.84e-20	70.1
YFJ09212.1	YP_002791260.1	100	36	2.38e-19	68.6
YFJ11555.1	YP_025299.1	97.1	35	3.99e-22	75.5
YFJ11554.1	YP_025298.1	94.3	35	5.68e-22	75.1
YFJ11440.1	YP_588455.2	100	35	2.81e-22	75.9
YFJ10438.1	YP_009518759.1	100	35	4.68e-21	72.8
YFJ08829.1	YP_026227.1	94.3	35	4.68e-21	72.8
YFJ08828.1	YP_026227.1	94.3	35	4.68e-21	72.8
YFJ08827.1	YP_026227.1	94.3	35	4.68e-21	72.8
YFJ08826.1	YP_026227.1	91.4	35	5.32e-18	65.1
YFJ07485.1	YP_588460.1	100	35	5.32e-18	65.1
YFJ11001.1	YP_002791239.1	100	34	1.49e-19	68.9
YFJ07122.1	NP_416302.2	100	34	3.40e-16	60.5
YFJ10257.1	YP_001165308.1	100	33	7.15e-22	74.7
YFJ09121.1	YP_009518827.1	100	33	3.31e-18	65.5
YFJ09109.1	NP_418215.1	100	32	1.45e-14	56.2
YFJ09027.1	NP_418128.1	100	32	6.91e-13	52.0
YFJ07129.1	YP_002791242.1	100	32	2.58e-17	63.2
YFJ11247.1	YP_001165319.1	100	31	1.02e-18	66.6
YFJ11164.1	YP_001165318.1	96.8	31	2.35e-15	58.2
YFJ10990.1	YP_009518771.1	100	31	1.77e-19	68.6
YFJ10702.1	YP_001165313.1	100	30	9.35e-17	61.6
YFJ11380.1	YP_001165321.1	100	29	8.24e-13	51.6
YFJ10417.1	YP_588443.1	96.6	29	3.36e-12	50.1
YFJ09515.1	YP_004831120.1	96.6	29	2.02e-13	53.1
YFJ09028.1	YP_001165331.1	93.1	29	1.09e-08	41.2
YFJ11598.1	YP_002791245.1	100	28	2.04e-17	63.2
YFJ11531.1	YP_001491546.1	100	28	1.15e-14	56.2
YFJ11505.1	NP_414617.1	100	28	3.99e-15	57.4
YFJ11665.1	YP_001165328.2	100	27	3.39e-09	42.4
YFJ11644.1	YP_009518813.1	92.6	27	1.05e-12	51.2
YFJ11619.1	YP_002791249.1	100	27	2.38e-09	42.7
YFJ11582.1	YP_001165320.1	96.3	27	4.99e-11	47.0
YFJ11523.1	YP_009518750.1	92.6	27	7.36e-13	51.6
YFJ11499.1	YP_009518832.1	100	27	1.87e-15	58.2
YFJ11655.1	YP_002791258.1	100	26	2.51e-15	57.8
YFJ11626.1	YP_002791251.1	96.2	26	9.18e-09	41.2
YFJ11679.1	NP_418163.1	100	24	1.59e-15	58.2
YFJ11590.1	YP_002791243.1	100	24	1.04e-11	48.5
YFJ11643.1	YP_009518812.1	100	23	1.20e-12	50.8
YFJ11622.1	YP_002791250.1	100	23	2.33e-10	45.1
YFJ11594.1	YP_002791244.1	95.2	21	5.77e-08	38.9
YFJ11537.1	YP_009518760.1	100	21	5.37e-13	51.6
YFJ11513.1	YP_009518738.1	100	21	1.04e-10	45.8
YFJ11501.1	NP_414542.1	100	21	1.16e-07	38.1
YFJ11611.1	YP_002791246.1	100	20	2.85e-10	44.7
YFJ11624.1	YP_001165325.1	100	19	7.79e-10	43.5
YFJ11616.1	YP_002791247.1	100	19	4.05e-05	31.6
YFJ11496.1	YP_003933616.1	100	17	1.37e-07	37.7
YFJ11493.1	YP_002791261.1	100	17	6.80e-08	38.5
YFJ11681.1	YP_002791259.1	100	16	9.27e-08	38.1
YFJ11627.1	NP_417089.1	93.3	15	3.87e-04	28.9
YFJ11586.1	NP_416230.1	100	14	1.86e-04	29.6
YFJ11558.1	NP_415781.1	100	14	1.41e-06	35.0
YFJ11549.1	YP_009518766.1	100	14	3.72e-04	28.9
YFJ11506.1	YP_009518736.1	100	14	8.09e-06	33.1
