WP_339176677.1	NP_389602.3	98.7	5488	0.0	10722
WP_490339674.1	NP_389598.3	98.5	5043	0.0	9849
WP_490339673.1	NP_389600.3	98.4	4540	0.0	8851
WP_490339672.1	NP_389601.3	98.0	4262	0.0	8326
WP_490339642.1	NP_389713.2	98.2	3603	0.0	7004
WP_490339405.1	NP_388230.2	99.1	3587	0.0	6980
WP_490339404.1	NP_388231.2	98.9	3583	0.0	6955
WP_490339639.1	NP_389716.2	98.2	2561	0.0	4981
WP_490339640.1	NP_389715.1	98.1	2560	0.0	4991
WP_490339641.1	NP_389714.1	95.9	2555	0.0	4861
WP_339176535.1	NP_389604.2	98.7	2544	0.0	4953
WP_119899734.1	NP_391076.3	99.5	2378	0.0	4668
WP_462746351.1	NP_391802.2	98.2	2334	0.0	4068
WP_131227481.1	NP_389727.2	99.3	1520	0.0	2982
WP_339175217.1	NP_391066.2	99.5	1495	0.0	2920
WP_490339335.1	NP_388665.1	99.0	1462	0.0	2794
WP_339176512.1	NP_389540.1	99.7	1437	0.0	2833
WP_163182349.1	NP_389413.1	98.9	1433	0.0	2777
WP_490339514.1	NP_391384.1	98.8	1289	0.0	2575
WP_490339643.1	NP_389712.1	98.5	1279	0.0	2522
WP_490339403.1	NP_388233.2	98.1	1275	0.0	2475
WP_161477168.1	NP_389150.2	79.1	1353	0.0	1397
WP_227057358.1	NP_388944.2	99.3	1232	0.0	2384
WP_490339491.1	NP_391609.2	99.5	1228	0.0	2533
WP_004399688.1	NP_387989.2	100	1199	0.0	2344
WP_486304051.1	NP_388800.1	97.7	1195	0.0	2235
WP_163138298.1	NP_390085.1	97.8	1193	0.0	2210
WP_009966326.1	NP_387988.2	100	1193	0.0	2345
WP_015252105.1	NP_389476.2	98.3	1186	0.0	1885
WP_490339440.1	NP_387936.1	99.7	1177	0.0	2245
WP_032721292.1	NP_388943.2	99.7	1166	0.0	2281
WP_160243241.1	NP_389369.1	99.6	1148	0.0	2264
WP_213414397.1	NP_388946.2	96.0	1130	0.0	1828
WP_114523444.1	NP_390801.1	99.6	1115	0.0	2155
WP_490339678.1	NP_389435.1	99.7	1071	0.0	2067
WP_339175215.1	NP_391064.1	78.3	1089	0.0	1245
WP_490339345.1	NP_388606.1	98.4	1061	0.0	2097
WP_339174951.1	NP_390594.1	98.6	1054	0.0	2068
WP_490339727.1	NP_388553.2	99.5	1052	0.0	1811
WP_490339710.1	NP_389006.3	98.8	1030	0.0	1986
WP_490339702.1	NP_389098.1	98.8	985	0.0	1994
WP_010886582.1	NP_390600.1	100	980	0.0	1974
WP_110109644.1	NP_388873.1	98.5	963	0.0	1756
WP_490339513.1	NP_391396.1	99.8	957	0.0	1882
WP_110109459.1	NP_390859.2	95.5	952	0.0	1604
WP_015483337.1	NP_389819.3	99.8	944	0.0	1873
WP_490339580.1	NP_390586.2	99.1	935	0.0	1788
WP_490339619.1	NP_390121.1	99.8	931	0.0	1826
WP_490339499.1	NP_391509.1	99.6	922	0.0	1828
WP_462749045.1	NP_389426.2	99.3	921	0.0	1857
WP_124058495.1	NP_390113.1	94.8	859	0.0	1451
WP_033884051.1	NP_389683.1	99.7	909	0.0	1804
WP_198878458.1	NP_391448.1	94.1	900	0.0	1706
WP_339176143.1	NP_388958.1	99.3	894	0.0	1632
WP_187002223.1	NP_389448.1	99.7	890	0.0	1680
WP_490339379.1	NP_388446.1	98.8	885	0.0	1484
WP_490339509.1	NP_391459.1	98.8	880	0.0	941
WP_251233307.1	NP_390787.1	99.5	880	0.0	1678
WP_017697542.1	NP_390687.2	99.8	880	0.0	1790
WP_024573506.1	NP_390618.1	99.8	878	0.0	1716
WP_490339424.1	NP_388065.2	98.9	871	0.0	1738
WP_251232981.1	NP_389764.1	97.3	865	0.0	1646
WP_490339326.1	NP_388741.2	99.5	861	0.0	1660
WP_029726481.1	NP_389586.2	99.8	858	0.0	1645
WP_490339347.1	NP_388590.2	97.5	857	0.0	1760
WP_490339328.1	YP_003097695.1	99.6	856	0.0	1623
WP_410617855.1	NP_391410.1	99.9	841	0.0	1625
WP_116315799.1	NP_391399.1	99.8	831	0.0	1631
WP_490339371.1	NP_388495.1	94.7	829	0.0	1570
WP_015253002.1	NP_387945.1	99.9	827	0.0	1551
WP_003244540.1	NP_387888.1	100	821	0.0	1432
WP_014475592.1	NP_387967.1	99.9	810	0.0	1526
WP_160221891.1	NP_391688.1	99.5	806	0.0	1540
WP_029317859.1	NP_389692.2	99.8	806	0.0	1565
WP_490339676.1	NP_389453.1	96.9	805	0.0	1521
WP_085186732.1	NP_388212.1	99.9	805	0.0	1587
WP_163138230.1	NP_390741.1	99.4	804	0.0	1541
WP_033884845.1	NP_390910.1	99.9	804	0.0	1652
WP_490339732.1	NP_391230.2	98.8	803	0.0	1497
WP_490339547.1	NP_391038.2	99.6	801	0.0	1499
WP_128992276.1	YP_054577.2	98.8	800	0.0	1532
WP_490339555.1	NP_390972.1	99.4	798	0.0	1602
WP_080529616.1	NP_390625.1	99.6	798	0.0	1559
WP_161476728.1	NP_391163.2	99.0	789	0.0	1529
WP_015252077.1	NP_389562.3	99.9	787	0.0	1430
WP_490339574.1	NP_390640.1	99.7	786	0.0	1530
WP_003229541.1	NP_390736.1	100	785	0.0	1449
WP_003228386.1	NP_391241.1	100	779	0.0	1484
WP_032677118.1	NP_390435.1	98.7	776	0.0	1468
WP_088325523.1	NP_388897.1	96.4	775	0.0	919
WP_161476712.1	NP_391225.1	99.0	774	0.0	1500
WP_088467340.1	NP_390893.1	99.2	771	0.0	1489
WP_003229618.1	NP_390698.1	100	774	0.0	1467
WP_490339407.1	NP_388214.2	97.5	771	0.0	1492
WP_160221595.1	NP_389593.3	99.3	767	0.0	1511
WP_227057410.1	NP_389201.2	99.6	762	0.0	1499
WP_490339353.1	NP_388582.1	97.8	761	0.0	1449
WP_326248467.1	NP_389064.3	99.5	759	0.0	1507
WP_227058272.1	NP_391337.1	97.8	757	0.0	1498
WP_490339621.1	NP_390104.1	99.5	749	0.0	1486
WP_327839262.1	NP_391128.1	98.7	745	0.0	1459
WP_128992485.1	NP_388530.2	99.5	742	0.0	1435
WP_015383008.1	NP_388543.1	99.9	739	0.0	1424
WP_015252221.1	NP_389236.1	99.9	738	0.0	1423
WP_490339573.1	NP_390643.1	98.4	737	0.0	1352
WP_490339367.1	NP_388516.2	98.9	737	0.0	1381
WP_003229747.1	NP_390638.2	100	734	0.0	1420
WP_041850711.1	NP_388307.1	99.7	727	0.0	1412
WP_339175880.1	NP_388424.1	99.3	724	0.0	1333
WP_198878802.1	NP_389171.2	91.8	722	0.0	1188
WP_490339385.1	NP_388359.2	99.3	719	0.0	1346
WP_110109461.1	NP_390871.2	98.3	718	0.0	1445
WP_017696170.1	NP_390379.1	93.9	716	0.0	1285
WP_014479801.1	NP_389545.1	99.9	716	0.0	1299
WP_110109611.1	NP_388892.2	99.2	714	0.0	1402
WP_490339682.1	NP_389399.2	98.9	713	0.0	1373
WP_339174875.1	NP_390411.1	99.9	711	0.0	1303
WP_490339408.1	NP_388213.2	97.5	710	0.0	1391
WP_106073917.1	NP_389551.1	99.9	705	0.0	1321
WP_029318706.1	NP_391599.1	99.6	705	0.0	1405
WP_003245075.1	NP_389281.2	100	704	0.0	1376
WP_041850715.1	NP_388312.1	98.9	703	0.0	1312
WP_160221812.1	NP_391229.3	98.1	702	0.0	1303
WP_031314955.1	NP_389620.1	99.7	700	0.0	1383
WP_227057420.1	NP_389253.1	99.7	699	0.0	1321
WP_003244661.1	NP_389272.1	100	699	0.0	1340
WP_061891251.1	NP_388297.1	99.3	694	0.0	1300
WP_153256915.1	NP_390290.1	99.9	692	0.0	1336
WP_003235056.1	NP_387993.2	100	692	0.0	1350
WP_490339490.1	NP_391631.2	99.7	691	0.0	1364
WP_159376799.1	NP_389494.1	99.7	691	0.0	1365
WP_490339552.1	NP_391000.1	98.5	689	0.0	1363
WP_490339522.1	NP_391293.1	99.0	687	0.0	1417
WP_490339470.1	NP_391784.2	99.4	686	0.0	1377
WP_410618060.1	NP_391929.2	97.4	685	0.0	1238
WP_029317792.1	NP_389469.1	99.9	682	0.0	1323
WP_131227483.1	NP_389739.2	98.2	679	0.0	1354
WP_069964217.1	NP_390404.2	99.4	679	0.0	1307
WP_003231947.1	NP_389521.2	100	677	0.0	1249
WP_029726326.1	NP_388853.1	99.6	673	0.0	1288
WP_161476992.1	NP_389525.2	99.6	672	0.0	1253
WP_015714699.1	NP_391222.1	99.9	670	0.0	1197
WP_250540519.1	NP_390581.1	99.3	669	0.0	1377
WP_490339360.1	NP_388544.1	99.1	668	0.0	1262
WP_128740029.1	NP_388295.1	99.0	668	0.0	1303
WP_339176586.1	NP_389672.1	99.3	667	0.0	1306
WP_339175624.1	NP_391973.1	98.7	667	0.0	1326
WP_490339442.1	NP_387919.1	99.5	664	0.0	1318
WP_160243298.1	NP_388589.1	97.3	663	0.0	1343
WP_490339551.1	NP_391003.1	98.9	662	3.34e-299	827
WP_462746967.1	NP_391004.2	99.7	662	1.01e-319	879
WP_038429524.1	NP_391001.1	99.6	552	0.0	899
WP_003228054.1	NP_391397.1	99.8	661	0.0	1267
WP_490339453.1	NP_391931.1	99.8	659	0.0	1248
WP_490339410.1	NP_388186.2	98.3	659	0.0	1315
WP_490339540.1	NP_391103.2	99.5	657	0.0	1259
WP_198878745.1	NP_389278.2	99.4	655	0.0	1014
WP_014479944.1	NP_389691.2	99.8	655	0.0	1263
WP_490339705.1	NP_389083.2	99.2	650	0.0	1187
WP_003233694.1	NP_388652.1	100	649	0.0	1270
WP_003227407.1	NP_391695.1	100	649	0.0	1310
WP_033884375.1	NP_389082.2	99.4	648	0.0	1253
WP_003232062.1	NP_389459.1	100	648	0.0	1233
WP_395532692.1	NP_390915.1	99.5	646	0.0	1178
WP_327836439.1	NP_391349.1	99.4	646	0.0	1194
WP_160243246.1	NP_389354.1	92.9	646	0.0	1161
WP_003245048.1	NP_389400.2	100	646	0.0	1262
WP_161476614.1	NP_391719.1	98.8	645	0.0	995
WP_014480529.1	NP_390773.1	99.7	643	0.0	1261
WP_490339432.1	NP_388047.1	98.4	642	0.0	1226
WP_029317385.1	NP_388476.2	99.2	642	0.0	1143
WP_490339475.1	NP_391739.1	99.5	641	0.0	1240
WP_046381135.1	NP_390097.1	99.8	641	0.0	1265
WP_024571975.1	NP_391899.2	99.8	641	0.0	1282
WP_024572622.1	NP_388607.2	99.5	639	0.0	1263
WP_490339488.1	NP_391636.2	99.4	638	0.0	1265
WP_128473988.1	NP_389820.2	99.2	638	0.0	1230
WP_088326957.1	NP_391235.1	99.0	631	0.0	1209
WP_032722831.1	NP_387887.1	99.8	638	0.0	1244
WP_003230133.1	NP_390364.2	99.8	638	0.0	1245
WP_490339688.1	NP_389268.1	99.5	637	0.0	1184
WP_161476567.1	NP_391852.2	99.8	637	0.0	1242
WP_122895832.1	NP_387950.1	99.7	637	0.0	1222
WP_131228145.1	NP_391364.1	89.5	636	0.0	1102
WP_003232350.1	NP_389323.1	100	635	0.0	1145
WP_490339578.1	NP_390592.1	95.7	634	0.0	1207
WP_160245702.1	NP_390307.1	99.8	633	0.0	1267
WP_227057553.1	NP_389814.2	98.4	632	0.0	1224
WP_004398625.1	NP_390932.1	100	632	0.0	1280
WP_490339422.1	NP_388117.1	99.0	631	0.0	1221
WP_003233433.1	NP_388778.1	100	631	0.0	1219
WP_490339342.1	NP_388618.1	99.4	629	0.0	1194
WP_003226825.1	NP_391981.1	100	628	0.0	1221
WP_490339553.1	NP_390976.1	99.2	627	0.0	1332
WP_198878787.1	NP_389587.1	97.9	627	0.0	1184
WP_003243561.1	NP_391861.1	100	626	0.0	1208
WP_010886602.1	NP_391027.2	100	624	0.0	1228
WP_411983752.1	NP_391842.2	98.9	622	0.0	1182
WP_003232245.1	NP_389373.2	100	622	0.0	1246
WP_440671070.1	NP_391216.1	98.9	617	0.0	1212
WP_490339350.1	NP_388586.1	98.4	614	0.0	1231
WP_106073796.1	NP_388960.2	99.7	614	0.0	1270
WP_015715673.1	NP_389046.1	99.7	614	0.0	1121
WP_490339349.1	NP_388587.1	98.2	612	0.0	1256
WP_003245847.1	NP_388982.1	100	612	0.0	1201
WP_003232278.1	NP_389360.1	100	612	0.0	1179
WP_003229999.1	NP_390429.1	100	612	0.0	1178
WP_110109626.1	NP_389223.1	99.7	611	0.0	1246
WP_009968432.1	NP_391920.1	100	611	0.0	1159
WP_004398786.1	NP_390425.1	100	611	0.0	1137
WP_201757451.1	NP_389036.2	99.8	609	0.0	1197
WP_003234374.1	NP_388313.1	99.7	607	0.0	1142
WP_171518537.1	NP_391315.1	99.8	598	0.0	1163
WP_080529263.1	NP_389282.1	99.7	606	0.0	1176
WP_490339529.1	NP_391224.1	98.2	605	0.0	1166
WP_490339468.1	NP_391806.2	98.0	609	0.0	1118
WP_462749130.1	NP_388691.1	98.2	605	0.0	1181
WP_230488532.1	NP_389316.1	99.0	604	0.0	1124
WP_042978122.1	NP_388703.1	99.7	604	0.0	1136
WP_339174872.1	NP_390400.2	99.7	603	0.0	1170
WP_339175289.1	NP_391268.1	76.5	605	0.0	884
WP_015252962.1	NP_388059.1	99.8	600	0.0	1156
WP_014477607.1	NP_390749.2	99.8	598	0.0	1164
WP_003244094.1	NP_391161.1	100	594	0.0	1131
WP_490339564.1	NP_390771.1	99.3	593	0.0	1113
WP_080529620.1	NP_390633.1	99.7	592	0.0	1155
WP_069703917.1	NP_389803.1	99.2	591	0.0	1156
WP_131227805.1	NP_390727.2	99.2	590	0.0	1152
WP_017697515.1	NP_388759.2	99.7	590	0.0	1193
WP_144500726.1	NP_390192.1	99.8	589	0.0	1131
WP_080529830.1	NP_391342.1	99.2	589	0.0	1232
WP_003243345.1	NP_391362.1	100	589	0.0	1095
WP_490339587.1	NP_389781.1	60.1	604	5.25e-232	651
WP_181217109.1	NP_389723.1	99.5	587	0.0	1171
WP_003229567.1	NP_390722.2	100	586	0.0	1184
WP_110109606.1	NP_388852.1	99.5	585	0.0	1120
WP_029317738.1	NP_389315.1	99.7	585	0.0	1129
WP_004398560.1	NP_390796.1	100	585	0.0	1105
WP_462747586.1	NP_390609.1	99.1	584	0.0	1126
WP_122895028.1	NP_388250.1	98.6	584	0.0	1050
WP_490339418.1	NP_388144.2	99.5	583	0.0	1181
WP_088325493.1	NP_388812.2	99.1	581	0.0	1120
WP_490339362.1	NP_388538.1	99.7	580	0.0	1189
WP_213385627.1	NP_391201.2	99.3	580	0.0	1125
WP_015714576.1	NP_390960.1	99.5	580	0.0	1159
WP_009966836.1	NP_388749.2	100	580	0.0	1095
WP_342006722.1	NP_390788.1	99.5	579	0.0	1115
WP_195727747.1	NP_390843.1	98.3	579	0.0	1099
WP_490339684.1	NP_389335.2	98.6	577	0.0	1104
WP_257436524.1	NP_388576.1	99.1	577	0.0	1120
WP_490339467.1	NP_391809.2	63.1	455	2.58e-162	472
WP_163182343.1	NP_389489.1	97.9	576	0.0	1043
WP_029317928.1	NP_390304.2	99.8	576	0.0	1067
WP_339175427.1	NP_391604.1	99.5	575	0.0	1119
WP_198878839.1	NP_388940.1	98.6	575	0.0	1147
WP_038428019.1	NP_391752.1	99.1	575	0.0	1080
WP_198878990.1	NP_388315.1	99.5	574	0.0	1126
WP_110109452.1	NP_390689.1	95.3	575	0.0	939
WP_029726372.1	NP_390709.1	99.8	574	0.0	1126
WP_160243140.1	NP_388226.2	99.0	573	8.04e-267	738
WP_029726857.1	NP_388702.1	99.7	573	0.0	1062
WP_195727746.1	NP_390846.1	99.8	572	0.0	1155
WP_490339530.1	NP_391223.1	99.8	571	0.0	1153
WP_490339504.1	NP_391482.2	99.6	570	0.0	1111
WP_187002222.1	NP_389447.1	99.5	570	0.0	1106
WP_088326689.1	NP_390737.1	99.8	570	0.0	1098
WP_003218638.1	NP_389274.2	100	570	0.0	1084
WP_095844008.1	NP_391545.1	99.6	569	0.0	1123
WP_490339728.1	NP_388310.1	98.6	569	0.0	1093
WP_338382378.1	NP_391753.1	98.1	567	0.0	1060
WP_110109478.1	NP_391249.1	94.7	566	0.0	876
WP_110109460.1	NP_390866.1	99.6	566	0.0	1117
WP_080529931.1	NP_391657.1	99.5	566	0.0	1142
WP_003244309.1	NP_391586.1	99.8	565	0.0	1096
WP_014479610.1	NP_389221.1	99.5	564	0.0	1131
WP_003231918.1	NP_389539.1	100	564	0.0	1101
WP_088327004.1	NP_391299.1	99.1	563	0.0	1060
WP_003247135.1	NP_387900.2	100	563	0.0	1093
WP_490339473.1	NP_391757.1	98.8	562	0.0	1080
WP_195727749.1	NP_390839.1	95.7	562	0.0	961
WP_029726871.1	NP_388662.1	98.8	562	0.0	1174
WP_342006596.1	NP_389742.2	92.7	561	6.32e-291	798
WP_088327025.1	NP_391336.1	98.6	561	0.0	1147
WP_029726978.1	NP_388166.1	98.4	561	0.0	1174
WP_088326687.1	NP_390734.1	99.3	560	0.0	1119
WP_015251499.1	NP_390757.1	99.5	560	0.0	1110
WP_009967560.1	NP_390070.2	100	558	0.0	1102
WP_262119326.1	NP_390338.1	99.3	557	0.0	1093
WP_003227570.1	NP_391614.1	100	556	0.0	1102
WP_015715569.1	NP_388811.2	99.6	555	0.0	1105
WP_003245660.1	NP_389336.1	100	555	0.0	1104
WP_003231875.1	NP_389560.2	100	555	0.0	1059
WP_490339550.1	NP_391007.2	99.1	554	0.0	1159
WP_038427652.1	NP_389466.1	99.3	553	0.0	1033
WP_032722751.1	NP_391815.1	99.6	552	0.0	1102
WP_014477564.1	NP_390699.1	99.8	552	0.0	1065
WP_490339721.1	NP_389179.2	99.3	549	0.0	1109
WP_490339648.1	NP_389707.1	98.7	549	0.0	1104
WP_229762716.1	NP_390262.2	99.5	547	0.0	1082
WP_227058623.1	NP_388442.1	98.5	547	0.0	1036
WP_227057411.1	NP_389205.2	98.7	547	0.0	1050
WP_195727691.1	NP_391742.1	99.6	547	0.0	1116
WP_490339659.1	NP_389663.1	98.9	546	0.0	1065
WP_490339709.1	NP_389025.1	99.4	545	0.0	1107
WP_110109462.1	NP_390883.1	99.8	544	0.0	1009
WP_029317289.1	NP_388252.1	99.6	544	0.0	983
WP_003234067.1	NP_388484.1	99.6	544	0.0	982
WP_131227225.1	NP_388639.1	98.7	542	0.0	1015
WP_038429221.1	NP_390195.1	99.6	542	0.0	1082
WP_122895038.1	NP_388277.2	99.8	541	0.0	1056
WP_038427334.1	NP_388188.2	99.8	541	0.0	1003
WP_021480565.1	NP_391167.1	99.8	541	0.0	1012
WP_003232344.1	NP_389326.1	100	540	0.0	1058
WP_174223257.1	NP_389395.2	99.4	539	0.0	1050
WP_003246447.1	NP_388094.2	100	539	0.0	1058
WP_003228746.1	NP_391078.1	99.4	539	0.0	1078
WP_131227305.1	NP_388991.1	99.3	538	0.0	1066
WP_128992378.1	NP_388175.1	99.3	537	0.0	1078
WP_490339500.1	NP_391508.2	99.3	536	0.0	1044
WP_010886506.1	NP_389503.1	100	536	0.0	926
WP_033883548.1	NP_388326.1	99.3	535	0.0	1019
WP_003227612.1	NP_391596.1	100	535	0.0	1067
WP_490339665.1	NP_389640.2	98.9	533	0.0	1127
WP_003228835.1	NP_391030.1	100	533	0.0	1011
WP_490339439.1	NP_387938.1	99.2	532	0.0	986
WP_003233429.1	NP_388782.1	100	532	0.0	999
WP_490339569.1	NP_390665.1	99.1	531	0.0	1037
WP_014477890.1	NP_391122.1	99.2	531	0.0	1030
WP_003228175.1	NP_391346.1	99.8	530	0.0	998
WP_342006807.1	NP_388045.1	99.2	529	0.0	1018
WP_151262374.1	NP_390834.2	99.4	529	0.0	1045
WP_033884423.1	NP_390833.1	99.4	529	0.0	1077
WP_339176025.1	NP_388701.1	99.4	527	0.0	1018
WP_088327089.1	NP_391451.1	97.2	527	0.0	989
WP_014480627.1	NP_390934.2	99.8	527	0.0	1057
WP_128422436.1	NP_391491.1	98.5	525	0.0	1045
WP_063335623.1	NP_388541.1	99.0	525	0.0	1038
WP_004398713.1	NP_390188.2	100	525	0.0	1012
WP_003245026.1	NP_389353.1	100	521	0.0	1007
WP_003228228.1	NP_391327.1	100	520	0.0	1025
WP_003221010.1	NP_389578.1	100	520	8.41e-308	837
WP_131227462.1	NP_389658.1	98.5	520	0.0	966
WP_161986231.1	NP_390636.1	99.6	518	0.0	936
WP_131227238.1	NP_388721.1	98.8	518	0.0	984
WP_131227220.1	NP_388623.2	99.6	518	0.0	1009
WP_100506482.1	NP_390706.1	99.0	518	0.0	997
WP_014480435.1	NP_390645.1	99.4	518	0.0	930
WP_088327021.1	NP_391326.1	99.6	516	0.0	1082
WP_134991932.1	NP_388203.2	99.8	515	0.0	1004
WP_088467253.1	NP_390149.1	99.4	515	0.0	1006
WP_014478322.1	NP_391658.1	99.6	515	0.0	1013
WP_490339651.1	NP_389698.1	98.1	513	0.0	1014
WP_490339368.1	NP_388511.1	99.4	513	0.0	1067
WP_462746285.1	NP_391886.1	99.4	513	0.0	1033
WP_227058131.1	NP_391698.2	98.2	513	0.0	1028
WP_029726300.1	NP_388908.2	99.4	513	0.0	1028
WP_029726201.1	NP_391703.2	99.8	513	0.0	927
WP_003245514.1	NP_388806.2	100	513	0.0	1041
WP_003233970.1	NP_388517.2	99.8	513	0.0	1043
WP_490339365.1	NP_388534.2	99.8	512	0.0	989
WP_167407825.1	NP_388189.2	99.8	512	0.0	966
WP_015384403.1	NP_390885.1	99.8	512	0.0	975
WP_339232313.1	NP_390991.1	98.2	511	0.0	942
WP_339176602.1	NP_389703.2	98.6	511	0.0	983
WP_014480918.1	NP_391271.1	99.8	511	0.0	1023
WP_490339645.1	NP_389710.1	98.4	510	0.0	1028
WP_128740684.1	NP_391033.1	99.2	510	0.0	961
WP_124073454.1	NP_388133.2	99.6	510	0.0	1012
WP_339176129.1	NP_388920.1	99.0	509	0.0	1028
WP_014479820.1	NP_389583.1	99.6	509	0.0	1006
WP_014477772.1	NP_390979.1	99.8	509	5.15e-259	712
WP_003243077.1	NP_391890.1	100	509	0.0	986
WP_407060178.1	NP_388820.1	99.4	508	1.28e-309	842
WP_003243255.1	NP_391814.1	100	508	0.0	972
WP_339174863.1	NP_390367.2	99.8	507	0.0	923
WP_080265375.1	NP_390272.2	98.8	507	0.0	981
WP_003228001.1	NP_391421.1	100	507	0.0	949
WP_080477770.1	NP_389249.1	99.4	506	0.0	957
WP_490339425.1	NP_388064.1	97.8	505	0.0	945
WP_339175300.1	YP_003097789.1	95.4	505	0.0	894
WP_490339390.1	NP_388298.2	98.6	503	0.0	1000
WP_195727694.1	NP_391729.1	99.2	503	0.0	999
WP_490339346.1	NP_388591.1	99.6	502	0.0	992
WP_014478256.1	NP_391564.1	99.8	502	0.0	964
WP_490339715.1	NP_388865.1	99.4	501	0.0	998
WP_029726796.1	NP_390090.1	99.4	500	0.0	1007
WP_490339544.1	NP_391085.1	99.6	500	0.0	957
WP_041351299.1	NP_391605.1	99.8	500	0.0	984
WP_004398747.1	NP_390750.2	100	500	0.0	1031
WP_490339652.1	NP_389695.2	99.2	499	0.0	1016
WP_160221477.1	NP_388931.1	97.0	499	0.0	958
WP_088467487.1	NP_387963.1	99.8	499	0.0	983
WP_029726902.1	NP_389643.1	99.6	499	0.0	999
WP_032726955.1	NP_391414.1	94.6	498	1.38e-318	862
WP_003229205.1	NP_390894.3	99.2	498	0.0	990
WP_339176332.1	NP_389121.2	98.6	497	0.0	971
WP_029318028.1	NP_389839.1	99.0	496	0.0	927
WP_015251799.1	NP_390183.1	99.8	496	0.0	982
WP_014477615.1	NP_390758.2	99.4	496	0.0	1004
WP_003233384.1	NP_388810.2	100	496	0.0	1005
WP_490339696.1	NP_389141.2	99.2	495	0.0	969
WP_490339625.1	NP_389813.1	99.6	495	0.0	994
WP_004398654.1	NP_390729.2	100	495	0.0	1043
WP_327839263.1	NP_391125.1	98.8	494	0.0	957
WP_003246685.1	NP_388339.2	100	494	0.0	911
WP_003245326.1	NP_389401.1	100	494	0.0	966
WP_490339386.1	NP_388341.1	98.6	493	0.0	924
WP_047182828.1	NP_390220.2	99.8	493	0.0	938
WP_014479972.1	NP_389726.2	99.6	493	0.0	995
WP_014478164.1	NP_391475.1	99.8	493	0.0	949
WP_003244432.1	NP_391041.3	100	493	0.0	914
WP_029726571.1	NP_388249.2	99.6	492	0.0	928
WP_003233905.1	NP_388548.1	99.4	492	0.0	913
WP_003230572.1	NP_390161.1	100	492	0.0	963
WP_339176614.1	NP_389717.1	99.4	491	0.0	939
WP_032722678.1	NP_391528.1	99.8	490	0.0	969
WP_017694801.1	NP_389346.1	99.6	490	0.0	949
WP_003243430.1	NP_390984.1	100	490	0.0	967
WP_003228788.1	NP_391053.1	100	490	0.0	940
WP_490339520.1	NP_391319.1	98.4	489	0.0	964
WP_326225555.1	NP_387939.1	99.4	489	0.0	875
WP_122895185.1	NP_388926.1	99.4	489	0.0	917
WP_086344049.1	NP_390266.2	99.4	489	0.0	991
WP_490339421.1	NP_388129.1	99.0	488	0.0	939
WP_326253752.1	NP_391437.1	98.8	488	0.0	910
WP_088325494.1	NP_388818.2	98.8	488	2.14e-273	747
WP_003230209.1	NP_390335.1	100	488	0.0	978
WP_003226803.1	NP_387890.1	100	488	0.0	942
WP_490339492.1	NP_391608.1	99.2	487	0.0	1016
WP_173614386.1	NP_391855.1	99.8	487	0.0	974
WP_173614088.1	NP_389509.2	99.8	487	1.70e-311	843
WP_004399436.1	NP_389737.1	100	487	0.0	979
WP_490339558.1	NP_390957.1	98.6	486	0.0	942
WP_250621315.1	NP_390454.2	98.1	486	0.0	926
WP_122895031.1	NP_388256.2	98.6	486	1.74e-278	760
WP_490339472.1	NP_391762.1	98.4	485	0.0	928
WP_490339343.1	NP_388616.1	99.4	485	0.0	959
WP_110109470.1	NP_390998.1	97.5	485	0.0	947
WP_003242878.1	NP_388550.1	100	485	0.0	947
WP_490339570.1	NP_390659.2	99.8	484	0.0	910
WP_213414531.1	NP_390973.1	99.2	484	0.0	983
WP_131228144.1	NP_391361.1	99.8	484	0.0	953
WP_082359949.1	NP_388968.2	98.3	484	0.0	949
WP_080481020.1	NP_388707.1	65.4	463	8.95e-216	601
WP_072175235.1	NP_388204.2	100	473	0.0	915
WP_490339508.1	NP_391461.2	99.8	483	0.0	917
WP_119898989.1	NP_388210.1	97.5	483	0.0	948
WP_089172437.1	NP_388057.2	99.8	419	3.20e-291	792
WP_088326190.1	NP_389743.2	99.6	482	0.0	958
WP_029725996.1	NP_391440.1	99.8	483	3.78e-320	865
WP_014478617.1	NP_387973.1	99.8	483	0.0	962
WP_014476225.1	NP_388762.2	99.6	483	0.0	991
WP_017695969.1	NP_388418.1	99.2	482	0.0	942
WP_014477941.1	NP_391185.2	99.0	482	0.0	897
WP_003243311.1	NP_391540.1	100	482	0.0	956
WP_160221892.1	NP_391707.2	98.1	481	2.53e-320	865
WP_490339512.1	NP_391404.1	99.8	480	0.0	925
WP_339175633.1	NP_387908.1	98.8	480	0.0	933
WP_160221514.1	NP_389120.1	99.0	480	0.0	972
WP_326144881.1	NP_388917.1	96.7	479	0.0	934
WP_160221889.1	NP_391683.2	97.3	479	0.0	994
WP_128993425.1	NP_391284.1	99.4	479	0.0	936
WP_106074065.1	NP_388271.1	99.8	479	0.0	934
WP_019712854.1	NP_391790.2	99.2	479	0.0	929
WP_010886396.1	NP_388149.1	100	479	7.87e-313	846
WP_003226994.1	NP_391891.1	100	479	0.0	996
WP_131227505.1	NP_389783.2	99.0	478	0.0	956
WP_131227037.1	NP_388039.1	99.8	478	0.0	873
WP_010886406.1	NP_388280.2	100	478	0.0	886
WP_003234831.1	NP_388124.2	99.2	478	0.0	890
WP_003233725.1	NP_388638.1	100	478	0.0	878
WP_490339411.1	NP_388184.2	99.4	477	0.0	892
WP_029317189.1	NP_388223.1	99.2	477	0.0	1008
WP_131227306.1	NP_388999.3	98.1	476	0.0	914
WP_003233947.1	NP_388531.2	100	476	0.0	937
WP_003219444.1	NP_388551.2	100	476	0.0	926
WP_029726161.1	NP_391818.2	99.4	475	0.0	912
WP_003230430.1	NP_390238.2	100	475	0.0	927
WP_161476625.1	NP_391669.2	98.9	474	0.0	946
WP_147772216.1	NP_390286.2	99.2	474	0.0	919
WP_490339415.1	NP_388161.1	96.6	473	0.0	933
WP_229762418.1	NP_389112.1	97.9	473	0.0	962
WP_122895032.1	NP_388258.1	99.2	473	0.0	893
WP_029726584.1	NP_388504.1	99.4	473	0.0	886
WP_003234529.1	NP_388246.1	99.8	473	0.0	970
WP_003227686.1	NP_391562.1	100	473	0.0	919
WP_001022105.1	NP_391325.1	100	473	0.0	944
WP_342006720.1	NP_390777.1	99.2	472	0.0	913
WP_326121753.1	NP_391812.2	98.1	469	0.0	957
WP_080333419.1	NP_390293.2	99.4	472	0.0	946
WP_038429808.1	NP_391651.1	99.8	472	0.0	931
WP_015253000.1	NP_387948.1	99.8	472	0.0	938
WP_003234482.1	NP_388266.1	99.6	472	0.0	877
WP_003229604.1	NP_390704.1	100	472	0.0	952
WP_490339664.1	NP_389645.2	98.7	471	0.0	875
WP_088467352.1	NP_390961.1	99.6	471	0.0	937
WP_015714115.1	NP_389850.1	99.8	471	0.0	948
WP_015252561.1	NP_388656.1	98.5	471	0.0	874
WP_110109613.1	NP_388895.1	98.9	470	0.0	915
WP_087614542.1	NP_389344.1	99.8	470	0.0	905
WP_069703679.1	NP_388122.1	99.4	470	0.0	907
WP_069322996.1	NP_391779.3	99.6	472	0.0	868
WP_044052656.1	NP_387955.1	98.9	470	0.0	919
WP_032722325.1	NP_390746.1	99.6	470	0.0	908
WP_029726224.1	NP_391656.1	99.1	470	0.0	904
WP_003233682.1	NP_388661.1	100	470	0.0	897
WP_110109601.1	NP_388829.1	97.0	469	0.0	923
WP_046664004.1	NP_391637.1	97.8	465	5.45e-305	825
WP_014481004.1	NP_391360.1	95.6	473	1.21e-185	523
WP_003233998.1	NP_388512.2	100	469	0.0	881
WP_003230365.1	NP_390267.2	100	469	0.0	919
WP_003228445.1	NP_391214.1	99.6	469	0.0	877
WP_130572529.1	NP_390237.1	99.6	468	0.0	867
WP_032722677.1	NP_391527.1	99.8	468	3.91e-312	843
WP_029726133.1	NP_391888.1	99.6	468	0.0	936
WP_014479295.1	NP_388821.1	99.8	468	0.0	945
WP_003243795.1	NP_391755.1	100	468	0.0	930
WP_490339704.1	NP_389092.1	99.6	467	0.0	905
WP_003245556.1	NP_389498.1	100	467	0.0	876
WP_003242721.1	NP_391913.1	100	467	0.0	905
WP_015714111.1	NP_389840.1	99.6	466	0.0	872
WP_014478619.1	NP_387975.1	99.6	466	0.0	935
WP_003245369.1	NP_389147.2	100	466	0.0	887
WP_003233644.1	NP_388683.1	100	466	0.0	921
WP_490339653.1	NP_389694.1	99.4	465	0.0	872
WP_490339377.1	NP_388465.1	98.3	465	0.0	968
WP_003245791.1	NP_388827.1	100	465	0.0	867
WP_003228608.1	NP_391146.1	100	465	0.0	926
WP_003243899.1	NP_391276.1	100	464	0.0	885
WP_339175865.1	NP_388405.1	99.1	463	0.0	936
WP_217024082.1	NP_391427.1	98.5	463	0.0	921
WP_160221466.1	NP_388889.1	98.9	463	5.00e-317	855
WP_088325487.1	NP_388794.1	99.6	463	7.39e-303	820
WP_038427746.1	NP_389719.2	99.8	463	5.00e-317	855
WP_038427472.1	NP_388497.1	99.1	463	0.0	881
WP_032725796.1	NP_389639.2	99.8	463	0.0	888
WP_024571819.1	NP_390931.1	99.8	463	0.0	892
WP_004399126.1	NP_390876.1	100	463	0.0	936
WP_490339538.1	NP_391117.1	99.6	462	0.0	912
WP_490339381.1	NP_388399.2	97.0	462	0.0	890
WP_326228453.1	NP_388455.2	99.6	462	0.0	892
WP_077671553.1	NP_390587.2	99.8	462	0.0	879
WP_021481750.1	NP_388273.1	99.6	462	0.0	910
WP_003246273.1	NP_388088.1	100	462	0.0	897
WP_003228523.1	NP_391184.1	100	462	0.0	899
WP_440671380.1	NP_388555.1	96.1	459	0.0	883
WP_256683019.1	NP_391438.1	99.6	461	0.0	897
WP_160221890.1	NP_391684.3	99.3	461	0.0	883
WP_088467328.1	NP_390822.1	99.3	461	0.0	915
WP_046161055.1	NP_391860.1	99.8	461	2.58e-318	858
WP_044052406.1	NP_391915.1	99.8	461	0.0	891
WP_003233771.1	NP_388615.1	99.8	461	4.28e-317	855
WP_003233322.1	NP_388840.1	99.6	461	0.0	874
WP_049140752.1	NP_389113.1	99.3	459	9.01e-318	857
WP_024572918.1	NP_391720.1	99.8	459	4.46e-318	858
WP_014478576.1	NP_391982.1	99.3	459	0.0	866
WP_490339534.1	NP_391180.2	99.1	458	1.75e-303	821
WP_490339446.1	NP_391957.1	99.8	458	0.0	868
WP_339176015.1	NP_388690.1	97.6	458	2.04e-318	858
WP_227058169.1	NP_391624.1	97.2	458	1.32e-314	849
WP_110109598.1	NP_388822.2	99.1	458	0.0	886
WP_015715115.1	NP_387968.1	99.8	458	0.0	884
WP_014475969.1	NP_388443.1	99.8	458	0.0	865
WP_116316461.1	NP_388338.1	98.2	457	0.0	879
WP_024571920.1	NP_391464.2	99.1	457	2.21e-317	856
WP_003244111.1	NP_391750.1	100	457	0.0	886
WP_021480924.1	NP_391675.2	99.8	456	0.0	901
WP_015382564.1	NP_387931.1	99.8	456	8.87e-312	842
WP_004399038.1	NP_390695.1	100	455	1.09e-316	854
WP_003242515.1	NP_391726.1	100	455	0.0	868
WP_003234968.1	NP_388049.3	100	455	6.17e-307	829
WP_003234818.1	NP_388130.2	100	455	0.0	892
WP_003234816.1	NP_388131.2	100	455	0.0	926
WP_003233074.1	NP_388962.1	100	455	1.48e-314	848
WP_003226936.1	NP_391919.1	99.8	455	0.0	896
WP_490339693.1	NP_389209.1	98.2	454	1.20e-308	833
WP_128740021.1	NP_388261.1	99.1	454	0.0	866
WP_015715055.1	NP_391924.2	99.8	454	2.54e-319	860
WP_395530639.1	NP_388162.1	97.1	453	0.0	886
WP_072175825.1	NP_388849.1	98.7	453	1.06e-306	828
WP_003233284.1	NP_388858.2	99.8	453	0.0	924
WP_106073492.1	NP_389826.1	99.3	452	5.21e-318	857
WP_029726045.1	NP_391529.1	99.3	452	6.49e-312	842
WP_015252257.1	NP_389173.2	98.7	452	6.24e-284	771
WP_015250911.1	NP_391737.1	99.8	452	0.0	870
WP_003243372.1	NP_388651.1	100	452	0.0	872
WP_462746468.1	NP_391625.1	94.5	451	5.63e-278	756
WP_167408013.1	NP_388828.1	99.3	451	1.80e-313	845
WP_128992562.1	NP_388760.2	98.2	451	0.0	908
WP_088327020.1	NP_391324.1	97.3	450	0.0	888
WP_029318525.1	NP_391964.2	99.3	451	0.0	882
WP_014114458.1	NP_390421.1	99.8	451	0.0	892
WP_003232543.1	NP_389213.1	100	451	4.13e-303	819
WP_003232189.1	NP_389403.1	100	451	0.0	879
WP_003228765.1	NP_391067.1	100	382	1.71e-272	742
WP_003228527.1	NP_391182.2	100	451	2.97e-319	860
WP_339175189.1	NP_391013.2	99.8	450	0.0	895
WP_327837060.1	NP_390314.2	99.8	450	0.0	880
WP_213414364.1	NP_388807.2	99.6	450	0.0	907
WP_003230547.1	NP_390173.1	100	450	0.0	871
WP_003227271.1	NP_391756.1	100	450	1.43e-314	848
WP_490339733.1	NP_391123.1	98.9	449	5.60e-300	811
WP_032725587.1	NP_389233.1	99.8	449	1.32e-314	848
WP_014476180.1	NP_388699.1	99.6	449	0.0	900
WP_490339605.1	NP_390258.2	98.9	448	0.0	897
WP_490339427.1	NP_388058.1	99.8	448	0.0	868
WP_198878640.1	NP_390310.2	99.6	448	1.73e-314	848
WP_160221789.1	NP_391036.1	99.6	448	6.75e-312	841
WP_038429487.1	NP_390901.1	99.8	448	0.0	901
WP_029317920.1	NP_390336.2	99.8	448	0.0	872
WP_024573031.1	NP_391617.1	99.8	448	0.0	927
WP_003243139.1	NP_391887.1	100	448	1.73e-298	807
WP_144482465.1	NP_389456.1	99.6	447	0.0	878
WP_032722543.1	NP_391281.1	99.6	447	1.15e-307	830
WP_029725961.1	NP_391332.1	99.6	447	0.0	919
WP_490339409.1	NP_388193.2	99.3	446	8.04e-319	858
WP_160243292.1	NP_388594.1	98.4	445	0.0	877
WP_106073422.1	NP_391121.1	98.9	446	0.0	881
WP_003242674.1	NP_387882.1	100	446	0.0	870
WP_003232020.1	NP_389480.1	100	446	3.06e-307	829
WP_490339689.1	NP_389266.1	99.6	445	9.45e-306	825
WP_490339622.1	NP_390054.1	99.3	445	2.17e-295	799
WP_227057554.1	NP_389816.1	99.1	445	2.22e-304	822
WP_080529717.1	NP_390988.1	99.6	445	1.57e-304	822
WP_032725026.1	NP_391865.2	99.3	445	2.37e-315	850
WP_032722758.1	NP_391825.2	97.3	445	5.00e-317	854
WP_029726901.1	NP_389642.2	99.3	445	0.0	901
WP_017695726.1	NP_390838.1	99.8	445	1.03e-309	835
WP_490339623.1	NP_389855.1	99.1	444	6.85e-319	858
WP_339175075.1	NP_390747.1	99.3	444	0.0	885
WP_338382228.1	NP_388238.1	97.7	444	2.33e-319	860
WP_024573041.1	NP_389706.1	99.5	444	4.11e-320	862
WP_015251887.1	NP_389833.1	98.9	444	6.70e-294	795
WP_014481033.1	NP_391401.1	99.3	444	1.27e-298	807
WP_009966903.1	NP_388836.1	100	444	3.88e-309	834
WP_003246460.1	NP_388096.1	100	444	0.0	893
WP_003231737.1	NP_389628.1	100	444	0.0	895
WP_490339479.1	NP_391718.1	99.3	443	6.57e-319	858
WP_015482683.1	NP_387891.1	99.8	443	1.49e-317	855
WP_003229073.1	NP_390949.2	99.5	443	0.0	869
WP_204551516.1	NP_391196.1	99.1	442	1.61e-316	852
WP_160221600.1	NP_389608.1	99.1	442	0.0	873
WP_033884708.1	NP_390355.1	99.3	442	1.11e-307	830
WP_029318749.1	NP_391484.1	99.5	442	2.98e-312	842
WP_015714509.1	NP_390809.1	98.6	442	0.0	878
WP_003245272.1	NP_389364.1	100	442	1.68e-318	857
WP_003244285.1	NP_391735.1	100	442	0.0	871
WP_003244271.1	NP_388464.1	100	442	6.70e-309	833
WP_003232311.1	NP_389343.1	100	442	2.14e-305	824
WP_003228736.1	NP_391084.1	100	442	2.65e-283	768
WP_490339711.1	NP_388936.1	99.1	441	0.0	872
WP_198879173.1	NP_388048.2	98.9	441	0.0	874
WP_003227105.1	NP_391831.1	99.8	441	0.0	879
WP_339174915.1	NP_390546.1	98.0	440	1.54e-297	804
WP_038428518.1	NP_388518.1	99.5	440	1.43e-286	776
WP_015384975.1	NP_391673.2	99.8	440	3.31e-308	831
WP_015251054.1	NP_391504.1	98.9	440	1.60e-315	850
WP_003232169.1	NP_389411.2	99.8	440	2.91e-302	816
WP_490339608.1	NP_390236.1	99.8	439	1.30e-309	835
WP_339176685.1	NP_390219.1	99.5	439	0.0	878
WP_106073659.1	NP_390805.1	99.8	439	3.20e-310	836
WP_227057644.1	NP_390088.1	99.3	438	1.26e-295	799
WP_064671728.1	NP_391850.2	99.3	438	3.38e-300	811
WP_038429373.1	NP_390563.1	99.8	438	6.66e-291	787
WP_032677120.1	NP_390393.1	99.8	438	1.26e-311	840
WP_015715886.1	NP_389506.2	99.8	438	2.08e-310	837
WP_015252262.1	NP_389169.1	99.3	438	4.79e-316	851
WP_015715099.1	NP_387921.1	97.3	437	6.68e-279	757
WP_003230024.1	NP_390417.1	100	437	2.35e-295	798
WP_003228602.1	NP_391149.1	100	437	3.63e-315	848
WP_490339452.1	NP_391937.1	99.5	435	1.72e-310	837
WP_339174781.1	NP_390165.1	99.5	436	1.49e-318	857
WP_227058172.1	NP_391620.1	97.7	436	6.81e-299	807
WP_080316919.1	NP_389852.1	99.5	436	0.0	890
WP_046160059.1	NP_388272.1	99.8	436	1.37e-314	847
WP_038427856.1	NP_390919.1	99.8	436	5.01e-301	813
WP_029726057.1	NP_391557.1	99.8	436	1.03e-309	835
WP_029725951.1	NP_391300.1	98.2	436	6.37e-304	820
WP_490339572.1	NP_390654.2	99.3	435	0.0	881
WP_490339559.1	NP_390953.1	99.5	435	1.89e-300	811
WP_326132395.1	NP_390753.2	99.1	435	0.0	863
WP_029318351.1	NP_391340.1	99.8	435	5.37e-316	850
WP_015483210.1	NP_389431.2	99.8	435	6.58e-301	812
WP_014478962.1	NP_388415.1	99.5	435	4.43e-299	808
WP_003244725.1	NP_389495.1	100	435	1.26e-314	847
WP_490339502.1	NP_391486.1	87.6	434	1.05e-188	526
WP_217024301.1	NP_390538.1	98.6	434	1.23e-300	811
WP_029726160.1	NP_391819.2	99.3	433	2.29e-300	811
WP_029318469.1	NP_391106.1	99.8	433	1.41e-310	837
WP_024571616.1	NP_391640.1	99.5	433	0.0	881
WP_019712462.1	NP_389140.1	99.3	433	0.0	872
WP_003242978.1	NP_388642.1	100	433	1.92e-292	791
WP_003229274.1	NP_390857.1	100	432	0.0	878
WP_003229234.1	NP_390877.1	100	432	1.03e-291	789
WP_003229179.1	NP_390908.1	99.8	432	0.0	869
WP_004399662.1	NP_388017.1	100	431	1.76e-303	818
WP_003233955.1	NP_388526.1	100	431	9.65e-317	852
WP_163138232.1	NP_390690.1	98.8	430	6.02e-315	847
WP_124072762.1	NP_391124.1	99.3	430	8.05e-288	779
WP_038428132.1	NP_388400.1	98.6	430	1.00e-281	763
WP_029317736.1	NP_389311.1	99.8	430	2.98e-315	848
WP_004398777.1	NP_390117.1	100	430	0.0	867
WP_003245267.1	NP_389286.2	100	430	1.85e-309	833
WP_003230095.1	NP_390380.2	100	430	4.97e-298	805
WP_003229640.1	NP_390686.1	100	430	1.31e-318	857
WP_003228333.1	NP_391270.1	100	430	1.65e-312	841
WP_003226929.1	NP_391922.1	99.8	430	3.11e-317	853
WP_185183903.1	NP_391008.2	99.3	429	4.30e-303	817
WP_173614309.1	NP_391292.2	98.6	429	0.0	864
WP_160221468.1	NP_388903.1	99.8	429	8.50e-294	794
WP_029317453.1	NP_388751.3	99.3	429	9.62e-316	849
WP_003227628.1	NP_391591.2	100	429	1.34e-306	826
WP_128993312.1	NP_390964.1	99.5	428	1.41e-312	841
WP_128740682.1	NP_391023.2	99.8	428	3.65e-299	807
WP_080467404.1	NP_391789.1	99.3	428	6.31e-300	809
WP_031315588.1	NP_390141.1	99.8	428	1.97e-303	818
WP_015714542.1	NP_390888.1	99.1	428	0.0	885
WP_003246161.1	NP_390670.1	100	428	5.51e-310	835
WP_003232333.1	NP_389332.1	100	428	1.35e-310	836
WP_003232117.1	NP_389433.2	99.5	428	1.42e-320	861
WP_003231858.1	NP_389568.2	99.8	428	1.16e-311	839
WP_490339355.1	NP_388578.2	99.3	427	2.87e-316	850
WP_174223695.1	NP_387897.1	99.3	427	1.46e-277	753
WP_029318339.1	NP_391371.1	98.4	427	2.23e-288	780
WP_003221939.1	NP_391589.2	100	427	4.68e-306	825
WP_490339680.1	NP_389418.2	98.6	426	0.0	868
WP_227058171.1	NP_391622.1	98.1	426	2.54e-314	845
WP_227057555.1	NP_389857.1	99.3	426	0.0	876
WP_160221470.1	NP_388910.1	99.1	426	2.24e-308	830
WP_015715896.1	NP_389566.2	98.8	426	1.80e-298	805
WP_015714553.1	NP_390905.1	98.6	426	1.04e-313	844
WP_004398697.1	NP_390303.2	100	426	1.24e-305	823
WP_003227205.1	NP_391785.2	100	426	2.51e-289	782
WP_041850718.1	NP_388317.1	99.5	425	2.95e-292	790
WP_003247131.1	NP_387894.1	100	425	1.95e-297	803
WP_490339568.1	NP_390701.1	99.8	424	1.19e-286	775
WP_490339363.1	NP_388537.2	98.3	424	5.16e-297	801
WP_339174828.1	NP_390283.1	97.9	424	1.30e-290	785
WP_017695497.1	NP_390996.1	99.3	424	0.0	866
WP_014480430.1	NP_390634.1	99.3	424	6.23e-314	844
WP_003230536.1	NP_390177.2	99.3	427	6.69e-312	839
WP_003227482.1	NP_391659.2	100	424	2.54e-313	843
WP_490339697.1	NP_389124.1	99.1	423	3.89e-312	840
WP_003230620.1	NP_390140.1	100	423	4.27e-300	809
WP_003229433.1	NP_390791.1	100	423	7.84e-312	839
WP_490339364.1	NP_388535.1	99.3	422	3.95e-300	809
WP_439846633.1	NP_390612.1	99.8	422	1.12e-315	848
WP_144500837.1	NP_389118.1	99.5	422	8.16e-293	791
WP_069839038.1	NP_388979.1	99.3	422	1.16e-292	790
WP_041850561.1	NP_391140.1	99.3	422	8.11e-309	831
WP_038427906.1	NP_391194.1	99.3	422	4.05e-293	791
WP_029726680.1	NP_389697.1	99.5	422	0.0	863
WP_014480566.1	NP_390845.1	99.8	422	6.12e-304	819
WP_010886604.1	NP_391070.2	100	422	5.02e-303	816
WP_010886508.1	NP_389538.1	100	422	1.88e-298	805
WP_003230803.1	NP_390060.1	100	422	3.75e-314	845
WP_032722752.1	NP_391816.1	99.0	421	3.82e-302	814
WP_032722554.1	NP_391296.1	99.8	421	2.87e-297	802
WP_029317829.1	NP_389626.2	99.8	421	4.72e-312	839
WP_015714437.1	NP_390631.1	99.8	421	2.93e-306	825
WP_014475862.1	NP_388328.1	99.5	421	8.81e-292	788
WP_490339337.1	NP_388637.1	99.0	420	1.83e-304	820
WP_024571334.1	NP_388452.2	99.5	420	1.70e-309	833
WP_003246697.1	NP_388311.1	100	420	1.46e-310	835
WP_003245432.1	NP_389625.2	100	420	4.40e-296	799
WP_003231805.1	NP_389595.2	100	420	3.20e-314	845
WP_003229613.1	NP_390700.2	100	420	2.28e-298	805
WP_003229222.1	NP_390884.2	100	420	4.01e-308	829
WP_490339713.1	NP_388871.2	99.5	419	8.77e-275	745
WP_015714738.1	NP_391295.1	99.5	418	7.73e-305	821
WP_003246301.1	NP_388180.2	100	418	2.54e-294	794
WP_131227056.1	NP_388092.1	99.3	416	1.86e-316	850
WP_095843812.1	NP_390254.2	99.8	410	4.24e-293	791
WP_095252533.1	NP_391341.1	99.5	417	2.39e-303	817
WP_014477077.1	NP_389818.2	99.8	417	2.55e-266	723
WP_490339729.1	NP_388099.1	98.8	416	2.83e-290	784
WP_462747947.1	NP_390807.1	98.6	416	5.67e-306	823
WP_160243215.1	NP_391132.1	99.5	416	1.98e-306	825
WP_029318658.1	NP_391705.1	98.8	416	7.20e-309	831
WP_003231847.1	NP_389575.2	100	416	6.34e-303	816
WP_229762408.1	NP_389196.2	98.8	415	3.19e-291	786
WP_088325901.1	NP_389594.2	99.5	415	1.83e-306	825
WP_003227669.1	NP_391571.1	100	415	4.49e-307	826
WP_490339433.1	NP_388046.1	98.8	414	5.65e-305	821
WP_024571720.1	NP_390268.2	99.3	414	1.28e-301	812
WP_014478694.1	NP_388116.1	99.8	414	9.23e-279	754
WP_004399265.1	NP_389823.1	100	414	2.21e-270	733
WP_003231439.1	NP_389736.1	100	414	1.39e-305	822
WP_339174762.1	NP_390103.1	99.0	413	1.38e-300	810
WP_160221895.1	NP_391725.1	97.3	413	9.94e-294	792
WP_003244890.1	NP_389016.1	100	413	7.12e-303	815
WP_003242751.1	NP_391467.1	100	413	2.82e-309	832
WP_101172187.1	NP_391133.1	96.4	412	1.66e-296	799
WP_088467434.1	NP_391655.1	99.3	412	7.57e-277	749
WP_080030675.1	NP_390252.1	99.8	412	4.14e-306	823
WP_041352246.1	NP_388205.2	99.8	411	5.73e-292	788
WP_490339730.1	NP_391873.2	99.3	292	1.17e-137	397
WP_395533354.1	NP_391771.1	99.8	410	5.39e-301	810
WP_339174918.1	NP_390551.1	98.3	410	2.16e-291	786
WP_014664951.1	NP_390800.1	99.8	410	4.17e-289	780
WP_010886394.1	NP_388126.2	100	410	1.22e-297	802
WP_003232341.1	NP_389328.1	100	410	5.03e-306	823
WP_490339344.1	NP_388613.1	99.3	409	6.12e-270	732
WP_204551373.1	NP_391207.3	98.8	409	1.57e-272	738
WP_128738183.1	NP_391052.1	99.8	409	1.60e-297	801
WP_106073919.1	NP_389553.2	99.8	409	3.93e-298	803
WP_110109608.1	NP_388886.1	99.0	408	1.52e-274	743
WP_110109607.1	NP_388872.1	97.5	408	3.95e-302	813
WP_072175508.1	NP_388235.2	99.0	408	9.55e-294	792
WP_015252149.1	NP_389386.1	99.8	408	1.39e-286	774
WP_003229564.1	NP_390725.1	100	408	8.60e-281	759
WP_003226972.1	NP_391905.1	100	408	1.18e-303	817
WP_490339399.1	NP_388253.1	95.1	407	5.71e-290	782
WP_285299632.1	NP_390966.1	99.5	407	4.97e-300	808
WP_032723008.1	NP_388697.1	99.0	407	2.23e-271	735
WP_032678641.1	NP_388422.1	99.5	407	1.83e-270	733
WP_003232391.1	NP_389292.1	100	407	3.00e-301	811
WP_490339543.1	NP_391090.1	99.8	406	2.48e-304	818
WP_262118748.1	NP_391769.1	99.3	406	4.05e-262	712
WP_131228326.1	NP_389002.2	99.5	406	4.23e-296	798
WP_015252114.1	NP_389452.1	99.5	406	1.84e-290	783
WP_003228604.1	NP_391148.1	100	406	1.95e-301	811
WP_490339724.1	NP_389030.2	98.0	405	9.89e-274	741
WP_217024437.1	NP_389824.2	99.8	405	1.59e-295	796
WP_080529341.1	NP_389605.2	99.8	405	2.87e-298	803
WP_032677426.1	NP_389242.2	99.3	405	5.32e-294	792
WP_017695292.1	NP_391386.1	99.8	405	3.91e-296	798
WP_003233272.1	NP_388866.2	100	405	2.22e-270	733
WP_490339661.1	NP_389660.1	98.5	404	1.06e-288	779
WP_490339451.1	NP_391946.1	97.8	404	2.99e-279	755
WP_128740028.1	NP_388288.3	99.8	404	1.93e-275	745
WP_015483233.1	NP_389558.2	99.8	404	6.15e-288	777
WP_015251031.1	NP_391532.1	99.8	404	2.34e-292	788
WP_003228710.1	NP_391098.1	99.8	404	3.19e-274	742
WP_490339523.1	NP_391291.1	99.5	403	2.12e-267	725
WP_031600514.1	NP_389564.2	99.8	403	5.03e-268	726
WP_029317758.1	NP_389368.1	98.5	402	2.42e-273	740
WP_003229357.1	NP_390823.1	100	403	3.12e-301	810
WP_003228068.1	NP_391389.1	100	403	3.60e-275	744
WP_371929879.1	NP_391026.2	99.7	391	1.38e-276	748
WP_324199226.1	NP_389187.1	98.5	399	1.57e-286	773
WP_161477147.1	NP_390983.2	99.8	402	2.54e-295	795
WP_128740871.1	NP_391877.2	97.5	402	8.71e-287	774
WP_014475975.1	NP_388449.1	99.5	402	6.15e-271	734
WP_003226917.1	NP_391928.1	100	402	1.29e-288	778
WP_490339406.1	NP_388215.2	99.0	401	1.14e-286	773
WP_227057356.1	NP_388939.1	98.0	401	1.46e-273	740
WP_041335551.1	NP_388933.1	99.3	401	2.64e-276	747
WP_038429323.1	NP_390431.1	99.5	401	8.06e-287	774
WP_003229326.1	NP_390836.2	100	401	6.18e-291	784
WP_003226954.1	NP_391914.1	99.0	401	7.02e-297	799
WP_217024297.1	NP_390536.1	99.8	400	6.42e-272	736
WP_114523602.1	NP_391743.1	98.8	400	6.27e-279	754
WP_080477803.1	NP_388710.1	99.0	400	2.14e-286	773
WP_015715206.1	NP_388177.1	99.5	400	1.96e-282	763
WP_015383968.1	NP_390145.2	99.3	400	4.38e-295	795
WP_015250930.1	NP_391713.1	99.3	400	2.68e-282	762
WP_003229102.1	NP_390933.1	100	400	1.57e-288	778
WP_003226941.1	NP_391916.1	98.8	400	1.27e-278	753
WP_490339650.1	NP_389702.1	99.2	399	6.00e-297	799
WP_338382419.1	NP_391649.1	99.7	399	1.60e-301	811
WP_046380984.1	NP_389261.1	99.5	399	9.27e-301	809
WP_003230230.1	NP_390319.2	100	399	9.18e-260	705
WP_490339612.1	NP_390207.1	99.5	398	1.46e-292	788
WP_490339593.1	NP_390413.2	99.7	398	3.57e-245	668
WP_490339336.1	NP_388659.1	100	378	4.41e-270	731
WP_462746482.1	NP_391600.1	99.5	398	1.40e-290	783
WP_326149771.1	NP_388515.2	99.2	398	4.68e-289	779
WP_204551366.1	NP_391079.2	99.0	398	1.34e-288	778
WP_015252544.1	NP_388689.1	99.2	398	9.29e-264	715
WP_014479625.1	NP_389241.1	99.7	398	7.88e-297	799
WP_490339560.1	NP_390913.1	99.2	397	1.03e-271	735
WP_198878547.1	NP_391434.1	98.7	397	9.64e-302	811
WP_160221334.1	NP_388218.1	99.5	397	2.24e-291	785
WP_131227379.1	NP_389320.1	98.2	397	2.69e-267	724
WP_128992277.1	NP_389239.2	99.0	397	1.11e-291	786
WP_046381145.1	NP_390126.1	98.7	397	7.05e-279	753
WP_032722736.1	NP_391781.2	99.2	397	1.20e-270	733
WP_021480587.1	NP_391209.1	100	397	1.44e-232	636
WP_003243500.1	NP_388735.1	100	397	1.46e-271	735
WP_003228042.1	NP_391402.1	99.7	397	1.62e-284	768
WP_490339707.1	NP_389072.1	99.2	396	8.87e-277	748
WP_339176034.1	NP_388713.1	96.7	396	7.13e-267	723
WP_131228149.1	NP_391381.1	98.5	396	2.89e-282	762
WP_110109609.1	NP_388888.2	99.2	396	2.25e-295	795
WP_088325436.1	NP_388621.1	99.7	396	5.73e-273	738
WP_080529208.1	NP_389103.1	98.7	395	5.22e-285	769
WP_032723003.1	NP_388667.1	99.5	396	8.32e-266	720
WP_003242795.1	NP_388545.1	100	396	1.18e-281	760
WP_003235058.1	NP_387994.1	100	396	8.43e-291	783
WP_003227769.1	NP_391526.1	100	396	3.46e-274	741
WP_342006752.1	NP_388453.2	99.7	395	1.15e-292	788
WP_339175440.1	NP_391613.2	99.5	395	4.07e-277	749
WP_339175124.1	NP_390897.1	98.2	395	1.97e-284	767
WP_339174987.1	NP_390666.1	96.7	395	1.97e-284	767
WP_212059311.1	NP_390782.1	98.7	396	9.93e-260	705
WP_088327232.1	NP_391715.1	99.0	396	1.96e-282	762
WP_029725819.1	NP_388412.1	99.5	395	2.11e-263	714
WP_003227327.1	NP_391730.1	100	395	2.02e-302	813
WP_003223511.1	NP_390825.1	100	395	1.38e-284	768
WP_490339486.1	NP_391650.1	99.0	394	9.47e-271	733
WP_160221731.1	NP_390754.1	98.2	394	7.73e-286	771
WP_029946145.1	NP_389646.1	99.0	394	1.01e-281	760
WP_015251776.1	NP_390231.2	99.7	394	1.41e-297	800
WP_003246341.1	NP_388087.1	100	394	3.76e-277	749
WP_003243051.1	NP_391273.1	100	394	2.77e-279	754
WP_490339602.1	NP_390297.1	99.2	393	7.65e-281	758
WP_110109603.1	NP_388838.1	98.7	393	8.34e-285	768
WP_014479654.1	NP_389283.2	99.5	393	3.54e-286	771
WP_003244143.1	NP_391820.2	100	393	2.80e-267	724
WP_003230667.1	NP_390118.1	99.7	393	5.25e-288	776
WP_003227883.1	NP_391471.2	100	393	1.01e-285	770
WP_003227413.1	NP_391691.1	100	393	2.62e-272	736
WP_490339477.1	NP_391732.1	99.7	392	2.85e-296	797
WP_139451262.1	NP_388611.1	99.5	392	8.04e-287	773
WP_131227486.1	NP_389748.1	99.0	392	1.47e-298	803
WP_122895116.1	NP_389104.1	99.5	392	5.81e-280	756
WP_015383407.1	NP_389111.1	99.7	392	3.66e-283	764
WP_014664025.1	NP_389582.1	99.5	392	8.26e-280	755
WP_003233432.1	NP_388779.1	100	392	8.39e-289	778
WP_490339332.1	NP_388672.1	98.7	391	2.78e-282	761
WP_160243255.1	NP_388945.3	99.7	391	2.04e-284	767
WP_064671519.1	NP_391432.1	99.4	363	1.95e-227	623
WP_029726484.1	NP_389577.1	99.5	391	9.71e-283	763
WP_029318441.1	NP_391162.1	99.5	391	1.27e-278	752
WP_014481016.1	NP_391373.1	99.5	391	2.38e-283	764
WP_004398799.1	NP_390194.2	100	391	7.13e-285	768
WP_490339614.1	NP_390152.3	99.7	390	1.17e-278	752
WP_490339413.1	NP_388178.1	98.5	390	9.03e-267	722
WP_268554238.1	NP_388070.1	98.7	390	7.92e-261	707
WP_227058129.1	NP_391699.1	99.2	390	2.15e-290	782
WP_038429527.1	NP_391014.1	99.5	390	1.92e-293	790
WP_021479530.1	NP_389070.1	99.7	390	5.42e-284	766
WP_410618838.1	NP_388105.1	98.2	384	1.86e-271	734
WP_410618234.1	NP_388973.2	99.0	389	4.54e-296	796
WP_163138275.1	NP_390281.2	99.7	389	6.42e-271	733
WP_131227864.1	NP_390900.1	98.2	389	1.95e-281	759
WP_129137970.1	NP_391439.1	97.9	389	1.26e-277	749
WP_128473381.1	NP_391668.1	99.5	389	4.48e-287	773
WP_106074084.1	NP_388345.1	99.2	389	3.02e-285	769
WP_014480174.1	NP_390229.1	99.7	389	2.34e-273	739
WP_490339521.1	NP_391303.2	97.2	388	6.04e-280	755
WP_038429517.1	NP_390994.1	99.7	388	1.25e-256	696
WP_003234105.1	NP_388461.2	100	388	5.32e-258	700
WP_490339455.1	NP_391907.2	93.0	387	3.25e-263	713
WP_339174806.1	NP_390241.2	97.9	387	1.13e-279	754
WP_131227743.1	NP_390662.1	99.7	387	9.70e-219	600
WP_128740681.1	NP_391022.1	98.7	387	8.06e-289	778
WP_015251447.1	NP_390849.1	99.7	387	7.83e-296	795
WP_003228869.1	NP_391015.1	100	387	7.20e-292	785
WP_227058421.1	NP_391621.1	96.9	386	2.74e-275	743
WP_198879159.1	NP_387907.1	99.2	386	1.59e-258	701
WP_128740680.1	NP_391018.2	99.2	386	9.18e-274	739
WP_014479245.1	NP_388772.2	99.2	386	1.18e-285	769
WP_003234755.1	NP_388158.1	99.7	386	2.88e-261	708
WP_490339532.1	NP_391204.1	99.2	385	1.29e-293	790
WP_339176036.1	NP_388714.1	96.1	385	2.55e-259	703
WP_069964103.1	NP_389004.2	99.5	385	8.27e-281	757
WP_029726199.1	NP_391706.1	97.4	385	5.34e-245	667
WP_021481520.1	NP_390099.1	99.7	385	1.62e-287	774
WP_003244732.1	NP_389491.1	100	385	3.86e-270	730
WP_003229232.1	NP_390878.1	100	385	1.29e-268	726
WP_003227983.1	NP_391430.1	100	385	2.90e-249	677
WP_160221606.1	NP_389641.3	98.2	384	6.73e-275	742
WP_128422414.1	NP_391312.1	99.0	384	5.16e-279	753
WP_003233112.1	NP_388938.1	99.7	384	1.00e-260	706
WP_341116071.1	NP_388183.2	98.7	383	1.17e-279	754
WP_003245155.1	NP_389537.2	100	383	9.63e-279	752
WP_230488695.1	NP_391884.2	98.7	382	1.19e-267	724
WP_128441985.1	NP_391791.2	97.4	382	4.05e-275	743
WP_122895033.1	NP_388259.1	99.5	382	1.80e-246	670
WP_069703888.1	NP_390200.1	99.2	382	1.84e-271	733
WP_015251871.1	NP_389861.1	99.7	382	7.11e-285	767
WP_014477197.1	NP_390169.1	99.7	382	1.55e-263	713
WP_003246153.1	NP_390075.1	100	382	7.63e-280	754
WP_003245745.1	NP_389442.1	100	382	4.47e-288	775
WP_213376795.1	NP_389229.1	96.9	381	1.25e-211	582
WP_163182232.1	NP_391253.1	98.7	381	6.94e-271	732
WP_153529843.1	NP_390837.1	98.4	381	6.37e-267	722
WP_033883461.1	NP_391314.1	99.5	381	3.26e-285	768
WP_029726299.1	NP_388911.2	99.7	381	1.18e-262	711
WP_029318693.1	NP_391626.1	99.2	381	1.60e-260	706
WP_024573542.1	NP_390649.1	99.7	381	6.66e-294	790
WP_003234334.1	NP_388333.1	100	381	8.96e-283	762
WP_490339647.1	NP_389708.1	99.2	380	6.15e-269	727
WP_197196331.1	NP_391864.1	96.3	380	5.89e-267	722
WP_161476572.1	NP_391826.2	98.2	380	6.70e-273	737
WP_144500505.1	NP_391446.1	99.7	380	9.27e-280	754
WP_116316332.1	NP_388525.2	99.2	380	6.25e-278	749
WP_095843675.1	NP_389412.2	87.9	379	1.06e-219	602
WP_003243370.1	NP_391263.1	100	380	1.35e-272	736
WP_003243306.1	NP_391469.1	100	380	1.54e-278	751
WP_003229769.1	NP_390629.2	99.5	379	9.17e-273	736
WP_003229018.1	NP_390975.1	99.7	380	1.02e-267	724
WP_490339320.1	NP_388813.1	99.7	379	3.21e-275	743
WP_212058860.1	NP_390295.2	99.2	379	8.08e-269	726
WP_049140956.1	NP_391598.1	98.9	379	2.94e-271	733
WP_017696065.1	NP_390603.1	99.7	379	8.81e-273	736
WP_015714284.1	NP_390428.2	99.5	379	5.78e-278	749
WP_440671332.1	NP_391775.3	99.2	378	9.65e-281	756
WP_015252291.1	NP_389125.1	99.7	378	1.71e-274	741
WP_014480718.1	NP_391071.1	99.7	378	1.45e-266	721
WP_014479788.1	NP_389514.1	99.7	378	4.06e-257	697
WP_003242509.1	NP_387883.1	100	378	1.45e-266	721
WP_003229843.1	NP_390574.2	100	378	3.82e-287	773
WP_490339716.1	NP_388860.1	98.4	377	3.37e-260	704
WP_490339685.1	NP_389318.1	98.7	377	7.33e-232	633
WP_128993559.1	NP_391774.2	99.2	377	7.64e-282	759
WP_032722021.1	NP_390071.1	99.5	377	2.78e-206	568
WP_015251824.1	NP_390127.1	99.7	377	2.07e-270	730
WP_010886567.1	NP_390386.1	100	377	7.09e-262	709
WP_003229028.1	NP_390969.1	100	377	5.16e-280	754
WP_003227715.1	NP_391550.1	100	377	3.58e-271	732
WP_212060008.1	NP_388565.2	98.4	376	4.03e-272	734
WP_161476373.1	NP_388624.1	98.7	376	8.34e-265	716
WP_010886566.1	NP_390363.1	100	376	2.68e-286	770
WP_003245787.1	NP_388766.2	100	376	1.31e-277	748
WP_490339726.1	NP_390460.2	64.5	375	1.67e-185	515
WP_229762704.1	NP_390424.2	99.5	375	3.92e-258	699
WP_003246337.1	NP_388151.1	100	375	8.62e-262	708
WP_490339507.1	NP_391463.1	97.9	374	1.71e-272	735
WP_038428899.1	NP_389302.1	99.7	374	1.31e-276	746
WP_490339717.1	NP_390890.3	96.5	373	5.36e-280	754
WP_490339595.1	NP_390396.1	99.2	373	2.62e-271	732
WP_490339483.1	NP_391666.1	99.5	373	1.92e-273	738
WP_490339398.1	NP_388254.1	97.6	373	6.20e-254	688
WP_161476723.1	NP_391187.1	96.0	373	4.27e-245	666
WP_029946494.1	NP_388281.2	99.7	373	4.53e-272	734
WP_015715681.1	NP_389069.1	99.5	373	9.94e-276	743
WP_015715201.1	NP_388164.1	99.7	373	1.20e-251	682
WP_003233655.1	NP_388677.2	100	373	1.49e-286	771
WP_003232938.1	NP_389035.1	99.2	373	4.99e-285	767
WP_339174835.1	NP_390294.1	98.9	372	2.22e-267	722
WP_088326454.1	NP_390301.1	99.5	372	1.12e-276	746
WP_029318444.1	NP_391143.1	98.7	372	1.75e-264	715
WP_004398810.1	NP_390792.1	100	372	6.65e-269	726
WP_342006665.1	NP_388978.1	99.2	371	3.36e-282	759
WP_131227482.1	NP_389729.1	99.5	371	6.88e-266	718
WP_069322485.1	NP_388845.1	99.7	371	9.36e-264	713
WP_046160682.1	NP_390627.3	99.7	371	2.37e-282	760
WP_029318384.1	NP_391287.2	98.9	371	5.55e-256	693
WP_029317945.1	NP_390271.2	99.7	371	4.26e-260	704
WP_004399115.1	NP_390794.1	100	371	2.81e-249	676
WP_003231912.1	NP_389542.1	100	371	2.20e-262	709
WP_003230615.1	NP_390142.1	100	371	6.15e-269	726
WP_003229057.1	NP_390956.1	99.7	371	1.21e-275	743
WP_003226225.1	NP_390399.2	100	371	1.36e-256	695
WP_003222294.1	NP_389341.1	100	371	1.05e-260	705
WP_490339417.1	NP_388148.2	97.6	370	9.68e-261	705
WP_088327308.1	NP_391824.1	99.2	370	1.37e-260	705
WP_029318043.1	NP_389800.1	99.2	370	6.98e-254	688
WP_003243515.1	NP_387885.1	100	370	1.10e-266	720
WP_131227315.1	NP_389049.1	98.6	369	4.20e-275	741
WP_015483636.1	NP_391058.1	99.5	369	2.31e-247	671
WP_014479222.1	NP_388743.1	99.7	369	1.84e-269	727
WP_490339356.1	NP_388577.1	99.5	368	2.89e-261	706
WP_462747267.1	NP_390190.2	98.4	368	1.53e-256	694
WP_032722630.1	NP_391462.2	98.9	368	1.31e-257	697
WP_032722324.1	NP_390745.2	98.1	368	3.02e-263	711
WP_014480309.1	NP_390432.1	99.7	368	1.43e-261	707
WP_003229691.1	NP_390663.1	100	368	1.65e-276	745
WP_490339582.1	NP_390565.2	99.5	367	7.15e-266	718
WP_041055100.1	NP_391311.1	99.5	367	6.13e-267	721
WP_004399076.1	NP_390928.1	100	367	3.91e-279	751
WP_003228630.1	NP_391135.1	100	367	8.35e-265	715
WP_490339675.1	NP_389522.1	99.5	366	4.58e-257	696
WP_462748533.1	NP_389181.1	98.1	366	3.09e-255	691
WP_024573277.1	NP_388825.2	99.5	366	1.49e-262	709
WP_015714292.1	NP_390445.1	99.7	366	7.83e-274	738
WP_010886623.1	NP_391409.1	100	366	6.08e-262	708
WP_003244810.1	NP_389404.1	100	366	7.59e-256	692
WP_003242727.1	NP_391972.1	100	366	3.93e-258	698
WP_003235014.1	NP_387970.1	100	366	8.85e-255	690
WP_003229578.1	NP_390716.1	100	366	9.24e-257	695
WP_490339454.1	NP_391910.1	99.2	365	4.42e-259	701
WP_046663424.1	NP_390087.1	98.9	365	4.31e-266	718
WP_033884505.1	NP_388469.2	69.7	366	9.15e-196	540
WP_032726210.1	NP_388469.2	73.5	366	9.57e-205	563
WP_015714468.1	NP_390705.2	99.2	365	2.86e-255	691
WP_014480828.1	NP_391186.1	99.2	365	1.42e-255	692
WP_014479591.1	NP_389195.2	99.7	365	1.27e-258	699
WP_014478112.1	NP_391392.1	99.5	365	1.10e-220	603
WP_003242648.1	NP_391760.1	100	365	1.44e-264	714
WP_326144880.1	NP_388916.1	96.7	364	1.40e-250	679
WP_003232115.1	NP_389434.1	100	364	9.12e-272	733
WP_003230309.1	NP_390288.1	100	364	1.62e-265	717
WP_490339687.1	NP_389269.1	99.2	363	3.16e-267	721
WP_069703555.1	NP_389659.1	99.7	363	4.94e-255	690
WP_029317935.1	NP_390287.2	99.7	363	1.88e-259	701
WP_015383602.1	NP_389405.2	99.4	363	1.54e-258	699
WP_014476780.1	NP_389457.1	99.4	363	4.30e-265	716
WP_003244231.1	NP_391734.2	100	363	9.05e-267	720
WP_003235007.1	NP_387966.1	100	363	1.32e-259	702
WP_003234715.1	NP_388176.1	100	363	9.76e-246	667
WP_003233711.1	NP_388644.2	99.7	363	8.18e-279	750
WP_003233283.1	NP_388859.1	99.7	363	2.35e-278	749
WP_490339615.1	NP_390151.1	98.6	362	3.81e-263	711
WP_490339600.1	NP_390337.2	98.9	362	1.89e-263	711
WP_490339374.1	NP_388469.2	98.1	362	1.71e-275	742
WP_213415018.1	NP_388717.1	99.4	362	3.91e-256	693
WP_041850712.1	NP_388308.1	98.9	362	2.50e-268	724
WP_015714831.1	NP_391487.1	98.9	362	3.86e-272	733
WP_003243070.1	NP_391277.2	100	362	3.00e-260	703
WP_069703887.1	NP_390209.1	99.7	361	2.04e-262	709
WP_014475870.1	NP_388337.1	99.2	354	2.13e-260	703
WP_003229495.1	NP_390760.1	100	361	3.02e-264	713
WP_490339575.1	NP_390615.1	98.6	360	2.89e-241	655
WP_041333103.1	NP_391189.1	99.7	360	5.69e-248	672
WP_004399129.1	NP_390143.2	100	360	4.63e-263	710
WP_003231949.1	NP_389520.1	100	360	9.42e-247	669
WP_003225736.1	NP_387969.1	100	360	3.21e-254	688
WP_161476863.1	NP_390370.2	97.2	359	8.51e-254	687
WP_144500835.1	NP_389116.1	99.2	359	1.30e-273	737
WP_015383186.1	NP_388793.1	99.4	359	3.62e-255	690
WP_014479338.1	NP_388883.1	99.7	359	1.49e-263	711
WP_003228831.1	NP_391032.2	100	359	1.21e-253	686
WP_219912780.1	NP_391233.1	97.8	358	2.46e-257	696
WP_077670618.1	NP_389028.1	99.4	358	2.87e-256	693
WP_041333229.1	NP_391309.1	97.5	358	1.27e-259	701
WP_029726872.1	NP_388657.1	99.7	358	1.52e-251	681
WP_010886459.1	NP_388832.1	100	358	3.80e-261	705
WP_003234762.1	NP_388154.1	99.7	358	4.07e-256	692
WP_003227975.1	NP_391433.1	100	358	8.81e-235	639
WP_003223454.1	NP_390853.1	100	358	9.18e-253	684
WP_212060137.1	NP_388862.1	98.3	357	1.74e-261	706
WP_161476993.1	NP_389524.2	99.2	357	1.21e-252	684
WP_080478419.1	NP_390970.1	98.6	357	4.65e-266	717
WP_015251442.1	NP_390864.1	99.7	357	3.14e-264	713
WP_014479133.1	NP_388605.1	98.6	356	9.55e-252	681
WP_131228143.1	NP_391351.1	99.4	356	4.74e-254	687
WP_077670852.1	NP_391880.2	99.2	356	2.99e-257	695
WP_069837488.1	NP_389372.1	99.4	356	2.25e-252	683
WP_069322755.1	NP_390353.1	99.7	356	9.31e-261	704
WP_019712566.1	NP_388121.1	99.4	356	6.84e-263	709
WP_003227645.1	NP_391582.1	100	356	2.41e-247	670
WP_003228707.1	NP_391100.2	99.7	355	9.77e-267	719
WP_490339393.1	NP_388282.3	98.9	354	4.42e-258	697
WP_041351107.1	NP_389441.1	99.4	354	1.25e-232	633
WP_014481149.1	NP_391519.1	98.9	354	3.48e-255	690
WP_003234750.1	NP_388160.1	100	354	3.14e-242	657
WP_110109612.1	NP_388893.1	98.0	353	1.66e-257	696
WP_042974729.1	NP_391197.1	98.9	353	4.60e-239	649
WP_029726276.1	NP_389005.2	99.4	353	3.81e-263	710
WP_021479417.1	NP_389238.1	99.4	353	5.33e-254	687
WP_015715423.1	NP_388496.1	99.7	353	6.05e-260	702
WP_015251726.1	NP_390326.1	99.7	353	7.26e-252	681
WP_009967889.1	NP_390619.1	100	353	1.57e-246	668
WP_003233537.1	NP_388750.1	100	353	1.68e-241	655
WP_490339734.1	NP_391105.1	99.4	352	2.98e-255	690
WP_029318044.1	NP_389799.1	99.4	352	8.29e-262	706
WP_004398594.1	NP_390184.1	100	352	5.60e-260	702
WP_003235124.1	NP_388035.1	100	352	2.55e-256	692
WP_004399100.1	NP_390362.2	100	351	7.93e-260	701
WP_003242902.1	NP_388673.1	100	351	1.13e-238	648
WP_003229031.1	NP_390968.1	100	351	4.82e-265	714
WP_038827763.1	NP_388329.1	100	349	3.34e-235	639
WP_033883551.1	NP_388325.1	99.7	350	3.62e-255	689
WP_015383282.1	NP_388934.2	99.7	350	2.77e-259	700
WP_227057407.1	NP_389184.1	98.6	349	1.27e-259	701
WP_032722383.1	NP_390168.3	99.7	349	1.75e-241	655
WP_014480388.1	NP_390579.2	98.6	349	8.22e-256	691
WP_169072850.1	NP_391212.1	99.1	348	1.77e-240	654
WP_131227173.1	NP_388507.1	98.6	348	1.31e-208	572
WP_015714618.1	NP_391034.1	99.7	348	2.80e-242	657
WP_015252271.1	NP_389155.1	99.4	348	1.76e-245	665
WP_003245789.1	NP_389576.2	100	348	5.64e-242	656
WP_069703845.1	NP_390557.1	99.1	347	4.18e-248	671
WP_032721430.1	NP_389254.1	98.8	347	4.90e-231	628
WP_029726482.1	NP_389581.1	99.4	347	7.03e-256	691
WP_029317888.1	NP_390434.1	99.4	347	2.22e-243	659
WP_490339373.1	NP_388475.1	99.1	346	1.84e-246	667
WP_131227383.1	NP_389379.1	99.4	346	2.76e-257	694
WP_019712588.1	NP_391576.1	99.4	346	2.54e-253	684
WP_014480631.1	NP_390950.1	99.4	346	2.50e-244	662
WP_014479351.1	NP_388901.1	99.7	346	1.60e-256	692
WP_003244674.1	NP_389557.1	100	346	2.33e-249	674
WP_003234015.1	NP_388505.1	100	346	3.46e-251	679
WP_003233945.1	NP_388532.2	99.7	346	2.05e-243	659
WP_490339597.1	NP_390352.1	97.8	323	1.22e-220	601
WP_131227307.1	NP_389001.2	98.3	345	1.65e-253	685
WP_038427783.1	NP_390164.1	95.7	345	1.86e-234	637
WP_024571748.1	NP_389746.1	98.8	345	1.42e-254	687
WP_003229874.1	NP_390541.1	100	345	1.27e-257	695
WP_490339566.1	NP_390742.1	99.7	344	8.84e-253	683
WP_490339525.1	NP_391282.1	95.3	344	8.71e-244	660
WP_490339459.1	NP_391849.2	99.7	344	8.84e-253	683
WP_490339354.1	NP_388581.1	98.5	344	4.57e-255	689
WP_339175302.1	NP_391308.1	98.0	344	9.89e-250	675
WP_032726900.1	NP_391310.1	99.1	344	1.20e-250	677
WP_009967372.1	NP_389738.1	100	344	6.49e-255	688
WP_003229188.1	NP_390904.1	99.1	344	4.32e-244	661
WP_490339554.1	NP_390974.1	98.0	343	1.74e-238	647
WP_490339457.1	NP_391883.3	99.4	343	4.17e-246	666
WP_339174813.1	NP_390248.1	97.1	343	7.52e-249	673
WP_015714866.1	NP_391556.1	98.5	343	1.17e-236	642
WP_003246126.1	NP_390427.1	100	343	4.86e-245	663
WP_003243057.1	NP_388727.1	100	343	7.58e-233	632
WP_339176426.1	NP_389276.1	99.7	342	1.73e-258	697
WP_339176012.1	NP_388688.1	98.8	342	1.29e-244	662
WP_032722932.1	NP_389799.1	69.7	320	1.28e-168	470
WP_015715649.1	NP_388965.1	97.1	342	1.20e-249	675
WP_003229723.1	NP_390650.1	100	342	1.03e-250	677
WP_003222549.1	NP_390707.1	100	342	1.10e-245	665
WP_490339571.1	NP_390655.1	99.1	341	5.51e-250	676
WP_110109451.1	NP_390688.1	98.8	341	1.04e-254	687
WP_029317392.1	NP_388500.1	99.7	341	1.46e-229	624
WP_003243488.1	NP_391551.1	100	341	6.43e-249	673
WP_003242752.1	NP_388503.1	100	341	2.44e-253	684
WP_003242531.1	NP_391154.1	100	341	2.21e-240	651
WP_490339358.1	NP_388564.2	91.5	340	3.18e-228	620
WP_131227384.1	NP_389388.2	99.7	340	1.01e-238	647
WP_015252222.1	NP_389235.1	99.7	340	1.63e-246	667
WP_009968188.1	NP_391275.1	100	340	5.02e-241	653
WP_003229459.1	NP_390780.1	100	340	4.37e-251	678
WP_490339484.1	NP_391664.1	97.6	339	1.33e-240	652
WP_490339471.1	NP_391765.1	99.4	339	2.96e-253	684
WP_144500834.1	NP_389115.1	98.8	339	4.33e-246	665
WP_089172577.1	NP_390094.1	99.4	339	2.69e-240	651
WP_069703946.1	NP_388626.1	98.5	339	4.65e-241	653
WP_032721477.1	NP_389310.1	99.1	339	1.45e-244	662
WP_003228692.1	NP_391107.1	99.7	339	2.27e-257	694
WP_339175650.1	NP_387947.2	98.8	338	2.04e-239	649
WP_088467252.1	NP_390148.2	99.4	338	1.41e-230	626
WP_033882865.1	NP_391754.1	99.7	338	7.23e-249	672
WP_010886647.1	NP_391974.1	100	338	1.13e-236	642
WP_003234282.1	NP_388344.2	100	338	3.95e-237	643
WP_003231981.1	NP_389504.1	100	338	8.52e-232	629
WP_003230465.1	NP_390222.1	100	338	2.94e-248	671
WP_003230377.1	NP_390263.1	100	338	7.23e-249	672
WP_185184127.1	NP_391878.2	98.5	337	2.43e-251	679
WP_144500833.1	NP_389114.1	96.7	337	3.27e-240	650
WP_029726287.1	NP_388964.1	99.1	337	8.60e-236	639
WP_015252230.1	NP_389222.1	99.7	337	1.14e-240	652
WP_003229650.1	NP_390681.2	100	337	3.13e-238	645
WP_128993409.1	NP_391211.1	98.2	336	2.72e-227	618
WP_110109599.1	NP_388823.2	98.8	336	1.35e-199	548
WP_103330543.1	NP_389052.1	99.1	336	2.59e-241	653
WP_088325402.1	NP_388546.1	98.8	336	2.44e-255	689
WP_080528895.1	NP_388209.1	97.0	336	1.28e-241	654
WP_003234980.1	NP_388042.2	100	336	4.41e-233	632
WP_003228318.1	NP_391278.1	100	336	8.43e-247	667
WP_128740645.1	NP_390898.1	98.8	335	5.04e-243	657
WP_041851094.1	NP_390831.1	98.8	335	6.47e-230	624
WP_033884941.1	NP_389178.1	97.6	334	9.35e-239	647
WP_031600167.1	YP_054571.2	99.4	335	3.26e-239	648
WP_015252763.1	NP_388351.1	99.7	335	1.24e-243	659
WP_003245743.1	NP_389330.1	100	335	2.68e-238	645
WP_003219957.1	NP_391274.1	100	335	3.97e-240	650
WP_462747951.1	NP_390811.1	98.8	334	1.67e-236	641
WP_033884525.1	NP_390937.2	99.1	334	2.81e-244	660
WP_015483530.1	NP_390702.2	99.7	334	1.10e-241	654
WP_004398652.1	NP_390917.1	100	334	2.22e-241	653
WP_003234979.1	NP_388043.1	100	334	5.99e-230	624
WP_003229718.1	YP_054590.1	100	334	4.47e-241	652
WP_003229285.1	NP_390852.1	100	334	3.52e-238	645
WP_369877811.1	NP_388631.1	99.4	333	2.94e-225	612
WP_032722719.1	NP_391689.1	99.7	333	8.35e-241	652
WP_015482945.1	NP_388632.1	99.4	333	8.42e-225	611
WP_014475588.1	NP_387962.1	99.7	333	3.86e-246	665
WP_003244946.1	NP_389119.1	100	333	3.26e-238	645
WP_003242898.1	NP_388687.1	100	333	1.15e-247	669
WP_003233570.1	NP_388726.1	99.7	333	2.63e-228	620
WP_003232642.1	NP_389167.2	100	333	2.26e-229	623
WP_003232041.1	NP_389471.1	100	333	4.75e-231	627
WP_003227776.1	NP_391522.2	100	333	2.57e-235	638
WP_230488304.1	NP_390684.1	95.8	332	1.29e-207	568
WP_029317518.1	NP_388764.1	93.7	332	1.44e-220	600
WP_003228725.1	NP_391091.2	99.7	332	6.62e-242	654
WP_003220879.1	NP_389513.1	100	332	5.59e-234	634
WP_490339361.1	NP_388539.1	99.1	331	8.10e-247	667
WP_163189224.1	NP_388170.2	99.4	331	8.70e-242	654
WP_110109602.1	NP_388834.1	99.7	331	5.47e-245	662
WP_014479356.1	NP_388906.1	99.4	331	5.95e-249	672
WP_004399025.1	NP_390061.1	100	331	7.15e-241	652
WP_003230026.1	NP_390416.1	100	331	9.04e-196	538
WP_198878521.1	NP_391131.1	96.7	330	1.10e-239	649
WP_064911674.1	NP_388913.1	99.4	330	2.37e-234	635
WP_038430004.1	NP_389024.1	99.4	330	8.27e-235	636
WP_015714144.1	NP_390091.1	99.7	330	1.71e-227	618
WP_004398565.1	NP_390285.1	100	330	4.65e-241	652
WP_003244199.1	NP_391297.1	100	330	1.56e-239	648
WP_277736954.1	NP_388510.1	97.3	329	8.20e-230	624
WP_227057406.1	NP_389183.2	98.5	329	1.18e-238	646
WP_106073788.1	NP_388937.1	99.4	329	5.46e-244	659
WP_029317611.1	NP_389019.2	99.4	329	5.86e-239	647
WP_014479971.1	NP_389725.1	99.7	329	2.49e-240	650
WP_010886488.1	NP_389090.2	100	329	2.79e-237	642
WP_004399032.1	NP_390239.1	100	329	4.30e-241	652
WP_003244113.1	NP_388740.1	100	329	1.01e-239	649
WP_003232026.1	NP_389477.1	100	329	9.16e-227	616
WP_003231754.1	NP_389621.1	100	329	1.63e-245	663
WP_003229346.1	NP_390826.1	100	329	7.52e-226	613
WP_003226770.1	NP_387912.1	99.7	329	9.72e-238	644
WP_426692555.1	NP_391833.2	96.3	328	1.05e-236	641
WP_257437538.1	NP_391010.3	99.1	328	5.20e-237	642
WP_131227309.1	NP_389018.1	99.4	328	1.22e-235	638
WP_015251278.1	NP_391141.1	99.4	328	7.39e-237	641
WP_003246175.1	NP_390922.1	100	328	6.96e-226	613
WP_003234894.1	NP_388083.1	100	319	1.42e-223	607
WP_003228926.1	NP_390995.1	100	328	4.46e-238	644
WP_120363241.1	NP_388125.1	99.1	327	1.44e-238	645
WP_014476212.1	NP_388742.1	99.7	327	8.67e-240	649
WP_004398638.1	NP_390284.1	100	327	4.12e-238	644
WP_161476653.1	NP_391472.1	98.8	326	2.27e-230	625
WP_029725886.1	NP_391093.2	99.1	326	7.69e-238	644
WP_015714649.1	NP_391114.2	99.7	326	5.10e-252	679
WP_004398762.1	NP_390562.2	100	326	3.04e-244	660
WP_490339722.1	NP_389152.1	99.1	325	1.13e-234	635
WP_490339638.1	NP_389718.1	99.4	325	3.06e-248	670
WP_490339563.1	NP_390798.1	99.7	325	1.96e-235	637
WP_440617344.1	NP_388725.1	99.1	325	4.42e-232	629
WP_227058627.1	NP_388459.1	96.0	325	4.94e-229	621
WP_173614223.1	NP_390730.1	99.4	325	7.01e-229	621
WP_131228141.1	NP_391348.1	99.1	325	2.90e-237	642
WP_131227868.1	NP_390921.1	98.2	325	1.08e-232	630
WP_131227166.1	NP_388471.1	97.2	325	9.29e-234	633
WP_106073221.1	NP_391853.1	98.5	325	2.85e-228	619
WP_029726776.1	NP_390125.1	99.7	325	2.90e-237	642
WP_029318045.1	NP_389798.1	98.5	325	1.90e-242	655
WP_015715154.1	NP_388081.2	99.7	325	3.95e-235	637
WP_015385109.1	NP_391844.1	99.7	325	2.28e-234	635
WP_015252549.1	NP_388684.1	98.8	325	1.39e-244	660
WP_014113660.1	NP_389342.1	99.7	325	8.54e-230	623
WP_003233200.1	NP_388898.1	100	325	5.22e-240	649
WP_490339699.1	NP_389108.1	99.1	324	4.38e-227	616
WP_198878672.1	NP_390093.1	99.4	324	6.87e-240	649
WP_160245386.1	NP_388199.2	98.1	324	6.49e-229	621
WP_106073521.1	NP_390176.2	94.1	324	5.96e-225	611
WP_038428989.1	NP_389592.2	99.1	324	1.69e-240	650
WP_015483525.1	NP_390691.1	99.7	324	2.20e-236	640
WP_003232192.1	NP_389402.2	100	324	5.71e-223	606
WP_440671383.1	NP_388502.1	99.1	323	2.51e-205	561
WP_144500644.1	NP_390759.2	99.1	323	9.80e-244	658
WP_032721272.1	NP_388914.2	99.7	323	5.28e-223	606
WP_015715747.1	NP_389172.2	99.4	323	1.26e-230	625
WP_003235941.1	NP_391646.1	99.7	323	1.16e-226	615
WP_440671501.1	NP_389624.2	99.7	322	1.25e-225	612
WP_131227254.1	NP_388797.2	99.7	322	7.89e-229	620
WP_038427926.1	NP_391302.1	97.8	322	8.34e-240	648
WP_029317941.1	NP_390275.2	99.4	322	4.37e-226	613
WP_009968016.1	NP_390926.1	100	322	2.42e-248	670
WP_003246287.1	NP_388115.1	100	322	1.99e-247	667
WP_003244102.1	NP_388609.2	100	322	4.31e-242	654
WP_003243404.1	NP_391465.2	100	322	4.37e-226	613
WP_003227873.1	NP_391476.1	99.7	322	2.83e-206	563
WP_395533910.1	NP_389270.1	99.1	321	1.08e-230	625
WP_128473986.1	NP_389817.1	99.7	321	3.98e-217	591
WP_116316200.1	NP_390892.2	99.4	321	1.92e-224	609
WP_088327320.1	NP_391840.2	99.1	321	7.00e-227	615
WP_076457764.1	NP_389308.1	99.1	321	4.62e-200	548
WP_043940045.1	NP_388187.2	99.1	321	4.11e-235	636
WP_038427805.1	NP_390539.1	98.1	321	1.45e-219	597
WP_021480031.1	NP_390365.2	99.4	321	3.24e-232	629
WP_010886637.1	NP_391696.2	100	321	2.55e-229	622
WP_003242962.1	NP_391590.1	100	321	1.21e-227	617
WP_490339370.1	NP_388498.1	98.1	320	1.20e-222	605
WP_161477062.1	NP_389084.1	99.7	315	5.28e-243	656
WP_048655022.1	NP_388514.2	99.1	320	4.76e-229	621
WP_032729081.1	NP_390111.1	97.8	320	8.33e-239	645
WP_015252255.1	NP_389177.1	99.4	320	3.91e-228	619
WP_015251166.1	NP_391333.1	99.7	320	4.62e-236	639
WP_003246013.1	NP_390155.1	100	320	5.73e-230	624
WP_003227599.1	NP_391601.1	100	320	5.87e-239	646
WP_161476990.1	NP_389552.1	98.1	319	2.37e-233	632
WP_131228190.1	NP_391585.1	99.7	319	2.35e-208	568
WP_131227226.1	NP_388641.2	98.1	319	4.59e-231	626
WP_087960870.1	NP_389180.2	98.7	319	9.66e-233	630
WP_069322344.1	NP_388167.1	99.7	319	1.58e-222	604
WP_042977070.1	NP_388397.1	97.8	319	2.15e-220	599
WP_032722075.1	NP_390260.1	99.7	319	3.93e-232	629
WP_017695943.1	NP_390257.2	99.7	319	2.65e-230	624
WP_014480697.1	NP_391035.1	99.4	319	2.15e-220	599
WP_014479598.1	NP_389202.1	99.7	319	1.54e-229	622
WP_014477373.1	NP_390412.2	99.7	319	5.99e-227	615
WP_014476421.1	NP_389007.1	99.1	319	5.14e-228	618
WP_003243908.1	NP_391817.1	100	319	2.12e-236	639
WP_003237788.1	NP_390797.1	99.7	319	7.94e-232	628
WP_003233650.1	NP_388681.1	100	319	3.27e-240	649
WP_490339437.1	NP_387995.2	97.5	318	7.98e-236	638
WP_106074157.1	NP_388155.1	94.0	318	1.28e-216	589
WP_048655107.1	NP_390329.2	98.4	318	6.20e-224	608
WP_015715213.1	NP_388200.1	99.4	318	7.98e-236	638
WP_014479122.1	NP_388592.1	99.7	318	1.73e-230	624
WP_490339396.1	NP_388265.1	97.8	317	2.24e-221	601
WP_339176335.1	NP_389128.1	98.4	317	3.71e-220	598
WP_339174859.1	NP_390354.1	99.4	317	2.88e-233	631
WP_273796434.1	NP_388044.1	96.8	317	2.29e-214	583
WP_041337934.1	NP_389455.1	97.5	317	1.21e-225	612
WP_029726491.1	NP_389472.1	99.4	317	8.73e-219	595
WP_015251872.1	NP_389860.2	99.1	317	1.62e-239	647
WP_014476425.1	NP_389012.2	99.7	317	1.09e-237	642
WP_003244450.1	NP_391356.2	100	317	1.87e-229	622
WP_003218353.1	NP_387932.1	100	317	3.61e-227	616
WP_490339557.1	NP_390965.1	99.1	316	5.16e-231	625
WP_128993477.1	NP_391460.1	99.7	316	3.99e-244	659
WP_119899803.1	NP_391343.1	99.4	316	5.31e-224	608
WP_014476561.1	NP_389170.1	99.4	316	1.13e-234	635
WP_014476430.1	NP_389021.2	92.7	316	2.77e-210	573
WP_014475804.1	NP_388262.1	99.7	316	7.92e-210	572
WP_003243775.1	NP_391355.1	100	316	3.07e-223	606
WP_003231899.1	NP_389549.1	99.4	316	1.32e-233	632
WP_003228139.1	NP_391359.1	99.7	316	9.99e-229	620
WP_490339375.1	NP_388468.1	96.8	315	8.35e-241	650
WP_490339339.1	NP_388633.1	99.0	315	1.92e-221	601
WP_458475472.1	NP_391662.1	99.4	315	5.19e-235	635
WP_038428310.1	NP_388123.1	97.8	315	4.98e-233	630
WP_029727175.1	NP_390542.1	97.8	315	1.25e-216	589
WP_029317163.1	NP_387889.1	99.7	315	1.33e-237	642
WP_014480851.1	NP_391213.1	98.4	315	3.76e-228	618
WP_003246705.1	NP_388263.1	100	315	3.97e-214	583
WP_490339670.1	NP_389615.2	99.4	314	3.90e-225	610
WP_163138306.1	NP_390693.1	99.4	314	5.30e-223	605
WP_122894695.1	NP_391198.1	98.4	314	5.68e-218	592
WP_014477361.1	NP_390395.2	99.7	314	7.03e-228	617
WP_003245698.1	NP_388874.1	100	314	2.19e-231	626
WP_003234824.1	NP_388127.1	100	314	1.20e-219	597
WP_003225835.1	NP_388024.1	100	314	4.18e-220	598
WP_490339626.1	NP_389791.1	98.4	313	7.59e-227	615
WP_490339465.1	NP_391822.1	97.8	313	4.70e-221	600
WP_087961011.1	NP_390752.1	99.4	313	2.00e-222	603
WP_038427544.1	NP_388790.1	99.4	313	5.88e-215	585
WP_015252930.1	NP_388106.1	99.7	313	1.60e-228	619
WP_004398971.1	NP_390803.1	100	313	1.81e-234	634
WP_490339420.1	NP_388136.1	98.7	312	4.54e-223	605
WP_490339401.1	NP_388237.2	98.7	312	4.99e-211	575
WP_163138434.1	NP_388430.1	99.0	312	7.40e-238	642
WP_088326691.1	NP_390740.1	99.4	313	8.37e-217	589
WP_019712935.1	NP_391077.1	99.7	312	5.15e-229	620
WP_015714783.1	NP_391378.1	98.4	312	2.12e-212	578
WP_003237775.1	NP_390790.1	99.7	312	1.52e-221	601
WP_003232971.1	NP_389015.1	100	312	4.74e-225	610
WP_339176032.1	NP_388712.2	97.7	311	1.11e-218	594
WP_210216798.1	NP_391803.1	97.1	311	3.96e-212	577
WP_088327380.1	NP_391967.1	99.4	311	1.05e-232	629
WP_088325822.1	NP_389397.1	99.0	311	8.13e-221	599
WP_072175252.1	NP_388138.2	99.7	311	3.31e-220	598
WP_019712464.1	NP_389143.1	99.7	311	6.68e-220	597
WP_017697250.1	NP_391728.1	99.7	311	8.71e-216	587
WP_015252502.1	NP_388773.1	99.7	311	2.87e-230	623
WP_015252123.1	NP_389437.1	99.7	311	1.94e-228	619
WP_014480531.1	NP_390776.1	99.7	311	7.27e-224	607
WP_009966783.1	NP_388612.1	100	311	1.39e-246	664
WP_004398884.1	NP_390423.2	100	311	3.22e-227	615
WP_003245554.1	NP_389026.1	100	311	2.23e-218	593
WP_003229237.1	NP_390875.1	100	311	8.84e-225	609
WP_490339712.1	NP_388894.1	98.7	310	2.28e-231	626
WP_046160020.1	NP_388159.1	99.4	310	4.06e-225	610
WP_003228097.1	NP_391380.1	100	310	1.25e-219	596
WP_003227049.1	NP_391857.1	99.7	310	6.01e-227	615
WP_490339576.1	NP_390613.1	99.4	309	1.26e-223	606
WP_131228332.1	NP_389414.1	99.7	309	1.26e-223	606
WP_131227381.1	NP_389366.1	99.4	309	1.71e-221	601
WP_085187031.1	NP_388579.1	99.4	309	1.20e-221	601
WP_032730460.1	NP_388987.2	99.7	309	1.78e-223	606
WP_015252083.1	NP_389548.1	99.7	309	5.96e-222	602
WP_014477352.1	NP_390377.2	99.7	309	3.11e-208	567
WP_003243969.1	NP_391932.1	100	309	5.62e-211	574
WP_003229243.1	NP_390872.1	100	309	5.39e-234	632
WP_003228699.1	NP_391104.1	100	309	7.57e-225	609
WP_003226902.1	NP_391935.1	100	309	8.70e-215	584
WP_440671130.1	NP_391217.1	98.1	308	4.17e-217	590
WP_195727752.1	NP_390818.1	98.7	308	4.73e-223	605
WP_038428312.1	NP_388128.2	99.7	308	4.22e-226	612
WP_003246573.1	NP_388330.1	100	308	3.19e-221	600
WP_003245446.1	NP_389176.1	100	308	1.49e-210	573
WP_003218399.1	NP_387954.1	99.7	308	1.85e-220	598
WP_339174957.1	NP_390604.1	99.3	307	2.33e-218	593
WP_080529155.1	NP_388955.1	97.7	307	1.03e-221	601
WP_043857806.1	NP_390323.1	99.3	307	1.71e-220	598
WP_029317893.1	NP_390420.2	99.0	307	2.98e-205	560
WP_024572520.1	NP_388139.2	98.7	307	1.57e-216	588
WP_004398681.1	NP_390265.1	100	307	9.21e-225	609
WP_490339526.1	NP_391251.1	98.4	306	2.73e-221	600
WP_462748074.1	NP_390955.1	99.3	306	1.30e-219	596
WP_144500506.1	NP_391445.1	95.8	306	3.28e-213	580
WP_131227490.1	NP_389761.1	97.1	306	1.19e-215	586
WP_087614237.1	NP_388103.1	99.0	306	4.46e-211	574
WP_069703676.1	NP_388134.1	97.7	306	2.97e-225	610
WP_019712435.1	NP_388417.1	99.7	306	2.21e-211	575
WP_015714213.1	NP_390243.1	99.3	306	1.77e-217	590
WP_014478637.1	NP_388040.2	99.3	306	1.49e-209	570
WP_003232254.1	NP_389370.1	99.3	306	1.45e-216	588
WP_088326987.1	NP_391280.1	99.0	305	4.05e-202	551
WP_088326401.1	NP_390245.1	98.7	305	6.47e-224	607
WP_041850647.1	NP_388098.1	97.7	305	3.30e-217	590
WP_029317524.1	NP_388789.1	99.7	305	6.38e-215	584
WP_015714825.1	NP_391477.1	99.3	305	3.79e-207	564
WP_015714181.1	NP_390174.1	99.7	305	7.14e-212	576
WP_003245567.1	NP_389029.1	100	305	1.31e-223	606
WP_003232954.1	NP_389027.1	100	305	5.47e-216	587
WP_003232250.1	NP_389371.1	100	305	2.60e-214	582
WP_490339429.1	NP_388051.1	99.3	304	9.38e-212	576
WP_161477011.1	NP_389352.1	99.0	304	9.93e-223	603
WP_144500918.1	NP_388216.2	98.4	304	2.24e-219	595
WP_046381008.1	NP_389432.2	98.0	304	6.89e-214	581
WP_029726421.1	NP_390873.1	99.7	304	1.39e-213	580
WP_010886530.1	NP_389821.1	100	304	1.24e-216	588
WP_003244699.1	NP_389573.3	100	288	1.05e-179	494
WP_003231988.1	NP_389496.1	100	304	6.43e-219	594
WP_490339624.1	NP_389838.1	98.3	303	1.12e-223	606
WP_490339426.1	NP_388061.1	98.0	303	7.87e-224	606
WP_181216882.1	NP_388610.1	99.7	303	2.03e-235	635
WP_038427851.1	NP_390906.1	99.0	303	6.94e-218	591
WP_038427635.1	NP_389327.1	99.0	303	5.95e-219	594
WP_033883800.1	NP_389322.1	99.7	303	6.94e-218	591
WP_032725666.1	NP_389429.3	99.7	303	8.20e-226	611
WP_015384655.1	NP_391261.1	99.7	303	2.26e-223	605
WP_014476655.1	NP_389284.1	99.7	303	1.99e-217	590
WP_003246421.1	NP_388202.1	100	303	8.81e-221	598
WP_003244332.1	NP_388732.1	100	303	3.21e-223	605
WP_003233894.1	NP_388554.1	100	303	1.25e-220	598
WP_003232961.1	NP_389022.1	100	303	7.44e-213	578
WP_003232182.1	NP_389406.1	100	303	3.16e-214	582
WP_003231400.1	NP_389753.1	100	303	6.20e-221	599
WP_490339503.1	NP_391483.1	99.7	302	6.70e-220	596
WP_161476727.1	NP_391164.1	99.7	302	1.97e-212	577
WP_015252485.1	NP_388802.2	99.0	302	8.15e-221	598
WP_490339481.1	NP_391710.1	91.4	301	7.31e-203	553
WP_163259858.1	NP_390292.1	98.7	301	4.12e-209	569
WP_161476696.1	NP_391289.1	98.3	301	5.86e-209	568
WP_004398721.1	NP_390074.2	100	301	2.66e-230	622
WP_003233084.1	NP_388956.1	99.7	301	1.12e-222	603
WP_003230051.1	NP_390407.1	100	301	4.18e-218	592
WP_339175882.1	NP_388425.1	99.0	300	3.92e-227	614
WP_160245735.1	NP_390806.1	99.3	300	3.82e-209	569
WP_029318447.1	NP_391138.1	99.3	300	1.30e-216	588
WP_021479442.1	NP_389194.2	99.7	300	4.04e-220	597
WP_017696171.1	NP_390378.1	99.3	300	1.89e-209	570
WP_004399246.1	NP_389728.2	100	300	3.13e-208	566
WP_003238566.1	NP_389492.1	100	300	3.87e-218	592
WP_003234411.1	NP_388296.1	98.3	300	3.60e-223	604
WP_003232049.1	NP_389468.1	100	300	9.62e-203	553
WP_490339703.1	NP_389095.2	97.3	299	2.82e-215	584
WP_490339376.1	NP_388467.1	97.0	299	8.09e-215	583
WP_339175131.1	NP_390903.1	98.7	299	3.33e-223	604
WP_326144882.1	NP_388924.1	99.0	299	2.42e-216	587
WP_201757450.1	NP_389044.1	97.9	283	2.55e-205	558
WP_088272553.1	NP_391645.1	98.7	299	5.46e-213	578
WP_038827842.1	NP_389705.1	99.3	299	5.70e-215	583
WP_015250787.1	NP_391963.1	99.3	299	3.73e-220	597
WP_003245184.1	NP_389037.2	100	299	6.46e-221	598
WP_003230308.1	NP_390289.2	99.0	299	1.21e-200	547
WP_485919465.1	NP_389394.1	99.3	298	3.87e-217	589
WP_339176371.1	NP_389164.1	96.3	296	7.42e-208	565
WP_082098077.1	NP_389523.1	99.3	298	7.37e-206	560
WP_015383877.1	NP_389830.2	99.3	298	2.06e-212	577
WP_014481046.1	NP_391420.1	99.0	298	1.52e-198	542
WP_003233262.1	NP_388870.2	100	298	4.52e-216	586
WP_003232513.1	NP_389232.1	99.3	298	8.24e-203	553
WP_003232060.1	NP_389460.1	100	298	1.71e-220	597
WP_003222888.1	NP_391113.2	100	298	1.35e-217	590
WP_339176599.1	NP_389700.1	98.7	297	1.50e-209	570
WP_339176434.1	NP_389299.1	99.7	297	9.25e-229	618
WP_227058755.1	NP_387953.1	98.7	297	3.95e-205	558
WP_163138265.1	NP_390450.1	99.0	297	7.85e-221	598
WP_131228280.1	NP_391851.1	99.3	297	2.97e-225	609
WP_116316535.1	NP_390392.1	99.7	297	2.52e-217	589
WP_046664162.1	NP_389376.1	99.3	297	1.03e-216	588
WP_038429859.1	NP_391761.1	99.3	297	5.69e-214	581
WP_015252717.1	NP_388428.2	99.3	297	1.26e-201	550
WP_014479775.1	NP_389493.1	99.7	297	3.20e-220	597
WP_010886524.1	NP_389730.2	100	297	2.90e-207	564
WP_003231888.1	NP_389555.1	100	297	3.16e-211	574
WP_003230562.1	NP_390166.1	100	297	6.37e-211	573
WP_003230330.1	NP_390280.2	100	297	1.03e-216	588
WP_490339487.1	NP_391643.1	98.6	296	3.27e-208	566
WP_339174801.1	NP_390232.2	99.7	296	9.49e-217	588
WP_195727661.1	NP_388108.1	99.0	296	4.03e-218	591
WP_167559896.1	NP_389182.2	95.9	296	5.05e-212	576
WP_163138299.1	NP_390083.1	99.7	296	1.11e-215	585
WP_106073557.1	NP_390308.2	99.7	296	5.89e-211	573
WP_064671878.1	NP_388580.1	99.7	296	3.31e-217	589
WP_015251119.1	NP_391405.1	99.7	296	1.12e-199	545
WP_003246132.1	NP_390544.2	100	296	8.73e-213	578
WP_003226959.1	NP_391912.1	100	296	1.11e-215	585
WP_490339474.1	NP_391745.1	98.0	295	4.00e-213	578
WP_229762664.1	NP_391171.1	99.0	295	1.68e-205	559
WP_042978042.1	NP_388593.1	99.7	295	1.15e-212	577
WP_033884531.1	NP_390952.1	99.7	295	2.34e-196	536
WP_003246240.1	NP_388114.1	100	295	1.85e-218	592
WP_003243903.1	NP_391357.1	100	295	1.03e-215	585
WP_003226213.1	NP_390405.1	100	295	8.87e-226	610
WP_490339518.1	NP_391338.1	97.3	294	3.50e-202	551
WP_029317900.1	NP_390376.2	99.7	294	2.68e-206	561
WP_024572505.1	NP_389224.1	99.3	294	2.91e-205	559
WP_010886400.1	NP_388207.1	100	294	1.63e-191	524
WP_003247145.1	NP_387892.1	100	294	7.69e-206	560
WP_003243727.1	NP_388755.1	100	294	3.45e-218	591
WP_490339506.1	NP_391473.1	99.0	293	7.42e-208	565
WP_490339423.1	NP_388095.1	99.3	293	5.08e-215	583
WP_014481127.1	NP_391497.1	99.3	293	1.63e-211	574
WP_003246462.1	NP_388182.1	100	293	1.40e-212	577
WP_003242763.1	NP_388728.1	100	293	4.53e-218	591
WP_003232387.1	NP_389297.1	100	293	1.07e-216	587
WP_003231929.1	NP_389532.1	100	293	3.94e-203	553
WP_003230077.1	NP_390390.2	100	293	3.02e-207	563
WP_003226685.1	NP_387957.1	99.0	293	1.77e-215	584
WP_076457336.1	NP_391947.2	99.7	292	2.23e-213	579
WP_038428262.1	NP_387917.1	99.3	292	8.36e-209	567
WP_029318069.1	NP_389758.1	98.6	292	9.76e-208	565
WP_014477910.1	NP_391139.1	99.7	292	7.68e-205	557
WP_004398506.1	NP_390923.1	100	292	6.14e-211	573
WP_003246592.1	NP_388267.2	100	292	1.17e-199	544
WP_003245079.1	NP_388876.1	100	292	9.18e-181	496
WP_003228493.1	NP_391200.1	100	292	1.93e-223	604
WP_003228316.1	NP_391279.1	99.7	292	5.89e-209	568
WP_003227944.1	NP_391447.1	100	292	4.32e-211	573
WP_003226751.1	NP_387923.1	100	292	6.31e-204	555
WP_490339677.1	NP_389449.1	99.7	291	7.95e-202	550
WP_490339383.1	NP_388396.1	98.6	290	5.07e-214	580
WP_080529533.1	NP_390331.1	99.3	291	4.00e-211	573
WP_080529110.1	NP_388824.2	99.7	291	2.82e-211	573
WP_003243192.1	NP_391183.1	100	291	1.75e-205	559
WP_003226695.1	NP_387952.1	100	291	8.07e-211	572
WP_490339533.1	NP_391191.2	97.9	290	4.16e-176	484
WP_490339382.1	NP_388398.1	98.6	290	1.40e-215	584
WP_160221918.1	NP_391846.1	99.3	290	1.69e-207	564
WP_122895025.1	NP_388244.1	99.3	290	1.06e-210	572
WP_029725818.1	NP_388409.1	99.7	290	2.87e-199	543
WP_024573337.1	NP_390799.2	99.7	290	4.32e-210	570
WP_015714065.1	NP_389757.1	99.3	290	8.01e-206	560
WP_015382563.1	NP_387924.1	99.3	290	6.05e-201	547
WP_014481160.1	NP_391536.1	90.3	290	4.49e-160	444
WP_014480169.1	NP_390218.1	99.7	290	2.07e-192	526
WP_014475869.1	NP_388335.1	99.7	290	3.26e-205	558
WP_009967915.1	NP_390680.2	100	290	2.30e-205	558
WP_003245816.1	NP_389559.1	100	290	5.41e-204	555
WP_003233995.1	NP_388513.1	100	290	2.57e-202	551
WP_003230635.1	NP_390132.2	100	290	2.20e-203	553
WP_003227545.1	NP_391629.1	100	290	5.31e-220	595
WP_046664349.1	NP_388027.1	99.3	276	2.61e-196	535
WP_033882942.1	NP_390664.1	99.7	289	2.81e-210	571
WP_015714637.1	NP_391081.2	99.7	289	1.84e-215	584
WP_015251604.1	NP_390564.1	99.7	289	1.02e-212	577
WP_015250852.1	NP_391848.1	99.7	289	8.76e-214	580
WP_003244867.1	NP_388826.1	100	289	1.39e-210	572
WP_003227457.1	NP_391667.1	99.7	289	1.45e-212	577
WP_003226742.1	NP_387927.1	100	289	9.41e-209	567
WP_490339686.1	NP_389288.2	100	283	2.52e-212	576
WP_338382436.1	NP_391581.1	99.7	288	3.40e-206	560
WP_160221594.1	NP_389591.1	99.3	287	4.50e-211	573
WP_101172188.1	NP_391134.1	99.0	288	3.59e-217	588
WP_029727177.1	NP_390540.1	99.0	288	3.40e-206	560
WP_004398649.1	NP_390675.1	100	288	7.46e-210	570
WP_003245029.1	NP_389279.1	100	288	3.40e-206	560
WP_003233277.1	NP_388864.2	100	288	2.57e-201	548
WP_490339330.1	NP_388682.1	99.3	287	2.24e-215	583
WP_041345118.1	NP_388963.1	99.3	287	6.62e-208	565
WP_009966510.1	NP_388220.1	100	287	2.73e-191	523
WP_003244388.1	NP_391563.1	100	287	6.26e-197	537
WP_003234455.1	NP_388274.1	100	287	4.04e-193	527
WP_003234225.1	NP_388404.1	100	287	1.18e-201	549
WP_003231267.1	NP_389802.1	100	287	3.31e-176	484
WP_003230294.1	NP_390296.2	100	287	1.05e-204	556
WP_490339331.1	NP_388680.2	99.3	286	1.94e-195	533
WP_339174768.1	NP_390123.1	98.3	286	8.58e-199	541
WP_088327102.1	NP_391466.1	99.7	286	7.15e-207	562
WP_015714932.1	NP_391722.1	99.7	286	2.25e-219	593
WP_014479220.1	NP_388739.1	99.3	286	5.53e-220	595
WP_010886597.1	NP_390895.1	100	286	1.94e-195	533
WP_003246648.1	NP_388300.1	100	286	1.83e-209	568
WP_003232597.1	NP_389185.2	99.3	286	2.50e-207	563
WP_490339579.1	NP_390591.1	98.9	285	4.92e-193	527
WP_069963942.1	NP_387958.1	99.3	285	1.34e-206	561
WP_029726037.1	NP_391510.1	98.2	285	7.10e-202	549
WP_014479970.1	NP_389724.1	99.3	285	6.35e-205	557
WP_014477545.1	NP_390668.1	99.6	285	6.16e-212	575
WP_003246309.1	NP_388086.1	100	285	4.79e-200	545
WP_003245662.1	NP_388921.1	100	285	1.90e-206	561
WP_003243339.1	NP_391593.1	100	285	6.62e-207	562
WP_003234649.1	NP_388206.1	100	285	3.77e-197	537
WP_003233597.1	NP_388705.2	100	285	1.51e-212	576
WP_003218342.1	NP_387928.1	100	285	1.37e-199	543
WP_490339583.1	NP_390556.1	98.2	284	6.19e-216	585
WP_339175232.1	NP_391097.1	99.6	284	5.47e-210	570
WP_069963972.1	NP_388208.1	96.5	284	1.02e-205	559
WP_029318448.1	NP_391137.1	99.6	284	1.34e-210	571
WP_204551388.1	NP_391294.1	99.3	283	6.53e-197	536
WP_131227128.1	NP_388309.1	98.6	283	6.53e-197	536
WP_110109605.1	NP_388848.1	99.3	281	2.29e-199	543
WP_015252968.1	NP_388050.1	99.6	283	4.59e-197	537
WP_015250965.1	NP_391661.3	99.6	283	2.93e-209	568
WP_015250778.1	NP_391979.1	99.6	283	2.55e-194	530
WP_003245785.1	NP_388992.1	100	283	2.69e-205	558
WP_003230259.1	NP_390311.1	100	283	1.28e-203	553
WP_410618230.1	NP_388980.1	96.1	282	5.63e-202	549
WP_032722735.1	NP_391780.1	98.2	282	9.07e-208	564
WP_031315317.1	NP_390990.1	98.9	282	1.81e-198	540
WP_015715878.1	NP_389487.1	99.6	282	2.91e-204	555
WP_015715633.1	NP_388935.2	99.6	282	7.45e-207	561
WP_014480032.1	NP_389827.1	99.6	282	7.35e-198	539
WP_003245705.1	NP_388847.1	100	282	5.87e-204	554
WP_003243895.1	NP_391119.2	100	282	3.60e-223	603
WP_003234703.1	NP_388181.1	100	282	2.16e-190	520
WP_003226832.1	NP_391976.1	100	282	6.76e-194	529
WP_490339400.1	NP_388248.2	95.0	281	2.48e-200	545
WP_160245701.1	NP_390306.2	99.6	281	6.08e-201	546
WP_106073293.1	NP_391644.1	99.6	281	2.12e-201	548
WP_076457520.1	NP_391428.1	99.3	281	2.48e-200	545
WP_038427838.1	NP_390867.1	99.6	256	9.05e-197	535
WP_029318216.1	NP_390751.2	99.3	281	3.77e-195	532
WP_021480288.1	NP_390774.2	99.6	281	3.28e-205	557
WP_015251901.1	NP_389815.1	98.9	281	9.49e-214	579
WP_014113602.1	NP_389271.2	99.3	281	4.76e-170	469
WP_004399689.1	NP_388026.2	100	281	6.34e-203	551
WP_003242677.1	NP_391408.2	100	281	1.13e-190	521
WP_490339535.1	NP_391177.1	99.3	279	5.40e-199	541
WP_076458133.1	NP_390444.2	99.6	280	4.13e-203	552
WP_015250811.1	NP_391918.1	99.3	280	1.38e-201	548
WP_010886444.1	NP_388675.1	100	280	1.22e-195	533
WP_003246340.1	NP_388169.1	100	280	4.09e-178	489
WP_003245017.1	NP_388993.1	100	280	5.79e-194	529
WP_003229455.1	NP_390783.1	100	280	1.10e-207	563
WP_003227349.1	NP_391721.1	99.6	280	2.57e-197	537
WP_339176368.1	NP_389161.2	98.2	279	3.52e-199	542
WP_227058020.1	NP_391945.1	97.8	279	6.50e-163	450
WP_217017293.1	NP_391759.1	97.5	279	3.52e-199	542
WP_041335379.1	NP_389651.1	97.5	279	4.51e-211	572
WP_490339604.1	NP_390261.1	98.2	278	2.26e-190	520
WP_339176340.1	NP_389131.2	99.6	278	2.71e-207	562
WP_161477046.1	NP_389134.2	99.6	278	4.31e-204	554
WP_144500836.1	NP_389117.1	99.3	278	3.12e-197	537
WP_080529292.1	NP_389420.1	98.9	278	1.83e-205	558
WP_049140862.1	NP_391847.1	94.2	278	3.07e-188	514
WP_032722561.1	NP_391313.2	99.6	278	7.44e-205	556
WP_029726040.1	NP_391516.1	95.7	278	1.59e-190	520
WP_021480027.1	NP_390356.2	98.9	278	1.00e-193	528
WP_017695262.1	NP_391339.1	98.6	278	4.08e-193	526
WP_014664579.1	NP_390333.1	99.6	278	1.57e-206	560
WP_003242615.1	NP_391763.1	100	278	3.49e-194	529
WP_003230325.1	NP_390282.2	100	278	2.20e-197	537
WP_490339695.1	NP_389203.1	99.3	277	1.54e-192	525
WP_097080579.1	NP_391129.1	97.1	277	1.47e-190	520
WP_032726957.1	NP_391416.1	64.5	304	5.96e-110	317
WP_003242598.1	NP_391787.2	100	277	2.37e-196	535
WP_003230652.1	NP_390124.1	100	277	1.18e-196	535
WP_003229851.1	NP_390566.1	100	277	4.15e-206	559
WP_003225795.1	NP_388000.2	100	277	1.33e-202	550
WP_490339482.1	NP_391686.1	98.6	276	4.25e-194	529
WP_490339321.1	NP_388792.2	98.9	276	3.80e-197	536
WP_220396779.1	NP_390786.2	98.6	276	3.03e-203	552
WP_015483687.1	NP_391220.1	99.3	276	4.30e-203	551
WP_014477785.1	NP_390993.1	99.6	276	3.74e-188	514
WP_010886451.1	NP_388765.1	100	276	1.73e-193	527
WP_003229180.1	NP_390907.1	99.3	276	1.78e-186	509
WP_003227543.1	NP_391630.1	100	276	1.34e-206	560
WP_003227282.1	NP_391751.1	97.8	276	2.60e-204	555
WP_003222575.1	NP_390694.2	100	276	5.79e-192	523
WP_490339464.1	NP_391823.2	99.3	275	6.08e-198	538
WP_490339333.1	NP_388671.1	99.3	275	2.85e-187	511
WP_128740304.1	NP_389333.1	96.8	277	4.29e-203	551
WP_080265401.1	NP_391173.1	99.6	275	1.28e-199	543
WP_042977349.1	NP_388104.1	99.6	275	5.99e-189	516
WP_041054607.1	NP_389851.1	98.2	275	2.12e-198	540
WP_029727150.1	NP_390589.1	98.9	275	4.79e-195	531
WP_017697660.1	NP_390269.1	96.0	275	3.18e-184	504
WP_014665585.1	NP_391452.1	85.5	275	4.42e-175	481
WP_014477150.1	NP_390095.1	99.3	275	8.73e-207	561
WP_003232691.1	NP_389142.2	99.6	275	1.14e-177	487
WP_003229834.1	NP_390582.1	100	275	1.74e-197	537
WP_003226767.1	NP_387913.1	99.6	275	9.27e-193	525
WP_076457691.1	NP_389607.2	98.2	274	1.45e-209	568
WP_033884945.1	NP_389175.2	99.3	274	8.33e-200	543
WP_015714575.1	NP_390959.1	98.9	274	5.86e-200	543
WP_015252765.1	NP_388348.1	99.6	274	6.47e-188	513
WP_003233386.1	NP_388809.1	100	274	1.18e-199	543
WP_003228595.1	NP_391152.1	100	274	4.07e-191	521
WP_490339581.1	NP_390568.2	96.3	271	3.00e-192	524
WP_274358077.1	NP_391118.1	99.6	273	3.32e-185	506
WP_213414573.1	NP_390712.3	98.9	273	7.81e-184	503
WP_197196330.1	NP_391863.2	98.2	273	2.37e-194	529
WP_122894877.1	NP_390438.1	98.5	273	9.27e-192	523
WP_041850721.1	NP_388324.1	99.3	273	2.69e-200	544
WP_038429393.1	NP_390621.1	99.3	273	5.14e-189	516
WP_038429165.1	NP_389843.1	99.3	273	1.26e-189	517
WP_029318328.1	NP_391416.1	74.7	304	5.91e-133	375
WP_014480683.1	NP_391020.1	99.6	272	3.41e-203	551
WP_014480349.1	NP_390535.1	99.6	273	3.52e-196	534
WP_003223651.1	NP_388056.2	100	273	2.66e-191	521
WP_283933628.1	NP_390717.2	98.5	272	1.18e-198	540
WP_229762409.1	NP_389174.1	97.4	272	1.90e-179	491
WP_131227130.1	NP_388320.1	99.3	272	2.99e-192	524
WP_019712417.1	NP_388195.1	99.6	272	1.04e-192	525
WP_015251501.1	NP_390755.1	99.6	272	3.64e-193	526
WP_015250932.1	NP_391709.1	99.6	272	4.56e-187	511
WP_014477672.1	NP_390851.1	99.6	272	1.17e-189	517
WP_003229044.1	NP_390963.1	100	272	2.49e-200	544
WP_339174799.1	NP_390230.1	99.6	271	1.18e-193	527
WP_131227316.1	NP_389053.1	99.3	271	1.43e-194	530
WP_116316326.1	NP_388509.1	98.5	271	2.50e-204	554
WP_038429916.1	NP_391854.2	98.5	271	5.65e-201	546
WP_014665830.1	NP_391681.1	99.6	271	2.28e-191	521
WP_003229054.1	NP_390958.1	100	271	2.80e-201	546
WP_490339497.1	NP_391521.1	97.8	270	6.79e-172	472
WP_473105763.1	NP_389105.1	98.5	270	5.79e-189	515
WP_410618146.1	NP_389252.1	99.3	270	2.32e-179	491
WP_327847348.1	NP_388427.1	98.9	270	1.42e-189	517
WP_029726404.1	NP_390815.1	98.5	270	2.20e-193	526
WP_015252377.1	NP_388995.1	99.3	270	1.50e-200	545
WP_014477740.1	NP_390940.1	99.6	270	1.94e-187	511
WP_003245342.1	NP_389220.1	100	270	3.68e-201	546
WP_003230064.1	NP_390402.1	100	270	5.39e-194	528
WP_003227099.1	NP_391834.1	99.6	270	1.68e-197	537
WP_490339531.1	NP_391210.1	98.9	269	1.18e-192	525
WP_038829406.1	NP_391290.1	99.6	269	3.04e-204	554
WP_032722673.1	NP_391520.2	99.3	269	8.16e-184	502
WP_021480693.1	NP_391379.1	99.6	269	6.33e-197	535
WP_015384102.1	NP_390375.1	99.6	269	8.28e-193	525
WP_015251465.1	NP_390816.1	99.6	269	2.21e-197	536
WP_009967991.1	NP_390861.1	100	269	2.37e-192	524
WP_003234394.1	NP_388304.1	100	269	8.16e-184	502
WP_003231924.1	NP_389536.1	100	269	6.99e-185	505
WP_003229833.1	NP_390583.1	100	269	7.34e-171	469
WP_490339660.1	NP_389661.1	98.1	268	8.68e-199	540
WP_085185480.1	NP_391677.1	98.9	268	7.99e-195	530
WP_029726282.1	NP_388971.1	99.6	268	3.15e-201	546
WP_015382752.1	NP_388243.2	99.6	268	3.64e-191	521
WP_014664846.1	NP_390677.1	99.3	268	2.87e-188	513
WP_003229318.1	NP_390840.1	100	268	3.84e-202	548
WP_257182392.1	NP_388198.2	98.4	253	2.63e-187	510
WP_038429205.1	NP_390130.1	99.3	267	1.67e-191	521
WP_014479057.1	NP_388519.2	99.6	267	2.86e-167	460
WP_004399091.1	NP_390832.1	100	267	1.23e-193	527
WP_003244994.1	NP_389304.2	100	267	1.04e-185	507
WP_003230608.1	NP_390144.1	100	267	1.32e-188	514
WP_003226427.1	NP_390302.1	100	267	1.32e-188	514
WP_015252287.1	NP_389135.2	99.6	266	6.11e-198	538
WP_003233737.1	NP_388630.1	100	266	3.39e-195	531
WP_003232918.1	NP_389043.1	100	266	7.13e-197	535
WP_003229815.1	NP_390598.1	100	266	2.02e-187	511
WP_144453050.1	NP_389139.1	99.2	265	6.71e-181	494
WP_069322571.1	NP_389350.1	99.6	265	1.09e-195	532
WP_029317183.1	NP_388028.2	99.6	265	4.72e-181	495
WP_026113666.1	NP_390558.1	98.5	265	1.74e-192	524
WP_009967993.1	NP_390870.2	100	204	4.68e-153	422
WP_144527528.1	NP_388643.1	99.6	264	1.75e-196	534
WP_032679119.1	NP_389227.1	99.6	264	4.95e-183	502
WP_029726483.1	NP_389579.2	99.6	264	3.03e-197	536
WP_029318070.1	NP_389756.1	98.1	264	1.68e-194	529
WP_029317772.1	NP_389417.2	99.6	264	9.32e-192	522
WP_024572096.1	NP_390065.1	99.2	264	2.51e-205	556
WP_004398684.1	NP_390676.1	100	264	4.43e-190	518
WP_003243354.1	NP_388733.1	100	264	5.55e-184	502
WP_003233657.1	NP_388674.1	100	264	4.43e-190	518
WP_003231968.1	NP_389511.2	100	264	1.31e-182	499
WP_003230633.1	NP_390133.1	100	264	5.79e-186	507
WP_003230200.1	NP_390339.1	100	264	1.28e-198	539
WP_003228388.1	NP_391239.1	100	264	3.91e-184	503
WP_003227109.1	NP_391829.1	100	264	2.11e-188	513
WP_003226939.1	NP_391917.2	99.6	264	4.82e-194	528
WP_080528866.1	NP_388111.1	99.2	263	3.66e-193	525
WP_015384617.1	NP_391199.1	99.6	263	1.04e-183	501
WP_003244439.1	NP_388679.1	100	263	4.31e-201	545
WP_003232178.1	NP_389407.1	100	263	9.53e-180	491
WP_227058022.1	NP_391943.1	94.3	262	1.42e-185	506
WP_042975049.1	NP_390692.1	98.5	262	1.73e-186	508
WP_003246715.1	NP_388354.2	100	262	1.46e-178	488
WP_003227709.1	NP_391552.1	100	262	6.56e-191	520
WP_490339394.1	NP_388275.1	98.9	261	2.77e-187	510
WP_339176483.1	NP_389445.1	98.1	261	1.18e-188	514
WP_204551367.1	NP_391080.2	99.2	261	3.47e-181	495
WP_085185268.1	NP_391984.1	99.6	261	1.21e-181	496
WP_076458474.1	NP_388416.1	99.6	261	6.87e-197	535
WP_033884846.1	NP_390912.1	99.6	261	6.80e-188	512
WP_015714838.1	NP_391503.1	98.9	261	7.16e-199	540
WP_015714250.1	NP_390342.1	98.9	261	1.47e-182	498
WP_014479439.1	NP_389017.1	99.6	261	8.02e-196	532
WP_003232473.1	NP_389251.1	100	261	1.97e-171	470
WP_003151872.1	NP_391150.1	100	261	4.59e-186	507
WP_440671071.1	NP_391218.1	97.7	260	7.56e-180	491
WP_046381061.1	NP_389704.1	99.2	260	4.37e-179	489
WP_033884029.1	NP_389796.1	98.8	260	1.42e-184	503
WP_032726370.1	NP_390772.2	99.2	260	4.12e-193	525
WP_015252861.1	NP_388201.1	99.2	260	4.43e-188	512
WP_014480273.1	NP_390374.1	99.6	260	3.25e-190	518
WP_009967190.1	NP_389416.1	100	260	1.53e-179	491
WP_003232221.1	NP_389387.1	100	260	3.08e-179	490
WP_003231925.1	NP_389535.1	100	260	7.99e-191	519
WP_003229092.1	NP_390939.1	100	260	5.39e-189	514
WP_339176505.1	NP_389519.2	99.6	259	2.15e-174	478
WP_144482436.1	NP_389596.1	99.6	259	6.07e-190	517
WP_110109630.1	NP_389240.1	99.2	259	2.80e-195	530
WP_038429179.1	NP_389856.1	98.8	259	1.37e-186	508
WP_032722073.1	NP_390259.1	99.6	259	3.37e-187	510
WP_015251802.1	NP_390179.1	99.2	259	1.74e-189	516
WP_003244095.1	NP_391648.1	100	259	2.97e-181	495
WP_003229383.1	NP_390812.1	99.6	259	9.27e-185	504
WP_003229109.1	NP_390929.1	99.2	259	2.69e-193	525
WP_003228167.1	NP_391350.1	100	259	3.23e-185	505
WP_003220850.1	NP_389499.1	100	259	3.88e-177	484
WP_490339584.1	NP_390526.1	92.7	261	6.66e-160	441
WP_195727690.1	NP_391744.2	98.8	258	9.61e-182	496
WP_160221467.1	NP_388899.1	98.4	258	1.31e-179	491
WP_131228352.1	NP_390902.3	98.4	258	3.02e-194	528
WP_041851055.1	NP_388756.2	98.8	258	6.04e-185	504
WP_038828015.1	NP_390732.1	99.6	258	1.25e-177	486
WP_029726977.1	NP_388165.1	98.8	258	1.94e-181	495
WP_029318508.1	NP_390999.1	99.6	258	1.03e-176	483
WP_015252370.1	NP_389003.1	98.8	258	2.64e-179	490
WP_010886388.1	NP_387951.2	100	258	4.12e-192	522
WP_003244075.1	NP_391511.1	100	258	5.79e-183	499
WP_003232896.1	NP_389054.2	100	258	5.18e-186	507
WP_003227516.1	NP_391642.1	99.6	258	1.12e-148	412
WP_490339527.1	NP_391244.1	98.0	256	4.47e-193	525
WP_339174747.1	NP_390068.2	99.6	257	1.23e-188	513
WP_263723548.1	NP_391541.1	98.8	257	1.37e-185	506
WP_230488516.1	NP_389444.1	98.8	257	1.43e-187	511
WP_128740904.1	NP_388289.3	99.6	257	4.64e-193	525
WP_128740027.1	NP_388287.3	98.1	257	4.41e-182	497
WP_029726181.1	NP_391776.2	99.2	257	1.41e-178	488
WP_017696087.1	NP_391843.2	97.3	257	2.09e-180	493
WP_015252170.1	NP_389338.1	99.6	257	2.58e-190	518
WP_014480500.1	NP_390731.1	99.6	257	3.47e-179	489
WP_003246204.1	NP_390936.1	100	257	1.14e-193	526
WP_003244693.1	NP_389280.2	100	257	2.15e-173	475
WP_003234719.1	NP_388174.1	99.6	257	1.72e-179	490
WP_003232140.1	NP_389424.1	100	257	1.04e-180	493
WP_339176477.1	NP_389436.1	99.6	256	1.88e-187	510
WP_038829708.1	NP_390422.1	98.8	256	7.05e-183	499
WP_033883421.1	NP_391685.1	98.4	256	6.77e-181	494
WP_015250957.1	NP_391670.1	99.6	256	1.88e-187	510
WP_010886483.1	NP_389051.1	100	256	1.31e-178	488
WP_003243196.1	NP_391109.1	100	256	1.27e-185	506
WP_003234892.1	NP_388085.1	100	256	1.73e-183	500
WP_003231443.1	NP_389734.1	100	256	4.62e-188	512
WP_003230589.1	NP_390153.2	100	256	2.99e-184	502
WP_490339714.1	NP_388869.3	99.2	255	1.07e-172	473
WP_462747264.1	NP_390189.1	98.8	255	5.76e-177	484
WP_435081722.1	NP_388763.3	98.0	255	1.21e-178	488
WP_339175668.1	NP_388032.2	99.2	255	3.52e-187	509
WP_339174739.1	NP_390057.1	99.6	255	8.53e-179	488
WP_163182344.1	NP_389488.1	99.6	255	2.45e-178	487
WP_038427598.1	NP_388996.1	98.4	255	5.59e-184	501
WP_024572687.1	NP_391481.1	99.6	255	1.05e-188	513
WP_015715273.1	NP_388331.1	99.6	246	5.33e-164	451
WP_015483652.1	NP_391115.1	99.2	255	9.86e-171	468
WP_014475570.1	NP_387920.1	99.6	255	1.01e-186	508
WP_004398706.1	NP_390278.1	100	255	6.01e-179	489
WP_004398521.1	NP_390820.1	100	255	6.81e-185	504
WP_004398051.1	NP_390135.1	99.6	255	8.02e-193	524
WP_003243767.1	NP_388696.1	100	255	4.99e-187	509
WP_003230458.1	NP_390226.1	100	255	1.93e-175	480
WP_003230055.1	NP_390406.2	100	255	6.33e-190	516
WP_326147656.1	NP_390096.1	97.2	254	4.38e-176	481
WP_256683264.1	NP_388501.1	98.0	254	7.57e-177	483
WP_247471670.1	NP_389623.2	97.7	219	1.81e-150	417
WP_106073365.1	NP_391353.1	96.9	254	1.13e-187	511
WP_080332627.1	NP_388480.1	98.8	254	3.39e-164	451
WP_064671004.1	NP_390548.1	99.2	254	9.61e-180	491
WP_032722669.1	NP_391505.1	98.0	254	1.73e-182	498
WP_029726859.1	NP_388700.1	99.2	254	3.64e-184	502
WP_021479436.1	NP_389204.1	99.2	254	9.22e-178	486
WP_014480428.1	NP_390632.3	99.2	254	3.91e-179	489
WP_014479762.1	NP_389458.1	99.6	254	2.11e-183	500
WP_014479136.1	NP_388608.1	99.6	254	7.42e-193	524
WP_003245643.1	NP_389122.1	100	254	3.31e-171	469
WP_003242896.1	NP_391647.3	100	254	1.01e-190	518
WP_003235130.1	NP_388038.1	100	254	4.43e-185	504
WP_003232398.1	NP_389289.1	100	254	1.27e-184	503
WP_003220911.1	NP_389529.1	100	254	7.90e-179	488
WP_490339596.1	NP_390383.2	99.2	250	3.44e-173	474
WP_167407826.1	NP_388192.2	99.2	253	2.14e-196	533
WP_161477130.1	NP_388786.1	98.4	253	3.24e-182	497
WP_122894916.1	NP_390264.1	98.4	253	5.20e-188	511
WP_120363589.1	NP_391652.2	99.2	253	3.78e-181	494
WP_003245974.1	NP_390896.2	100	253	3.24e-182	497
WP_003243394.1	NP_391272.1	100	253	1.54e-180	493
WP_003230180.1	NP_390344.1	98.0	253	1.36e-158	437
WP_003229569.1	NP_390721.1	100	253	3.54e-195	530
WP_003229137.1	NP_390916.1	100	253	1.87e-181	495
WP_003219244.1	NP_391977.1	100	253	2.86e-176	482
WP_490339444.1	NP_391968.1	98.4	252	3.25e-186	507
WP_439949243.1	NP_390560.1	94.0	252	3.42e-165	454
WP_015714777.1	NP_391367.1	99.2	252	9.62e-179	488
WP_015714006.1	NP_389665.1	98.8	252	6.77e-179	488
WP_015252388.1	NP_388976.1	99.6	252	1.48e-182	498
WP_003242619.1	NP_391435.1	100	252	1.44e-189	515
WP_003242574.1	NP_391733.2	100	252	6.05e-182	496
WP_003234487.1	NP_388264.1	100	252	5.80e-180	491
WP_181217040.1	NP_389321.1	99.2	251	4.41e-179	489
WP_076458061.1	NP_390157.1	99.6	251	2.66e-180	492
WP_014477220.1	NP_390203.1	99.6	251	1.77e-169	464
WP_003245855.1	NP_389228.1	100	251	6.18e-170	466
WP_003245148.1	NP_389080.1	100	251	1.43e-184	503
WP_003231406.1	NP_389750.1	99.6	251	2.80e-191	520
WP_003227050.1	NP_391856.1	100	251	6.53e-181	493
WP_490339700.1	NP_389107.1	98.8	250	3.92e-177	484
WP_473105764.1	NP_389106.1	98.8	250	5.38e-159	438
WP_163138266.1	NP_390448.1	96.4	250	1.60e-176	482
WP_038427276.1	NP_388041.2	96.4	250	1.00e-179	490
WP_029727101.1	NP_390954.1	98.8	250	2.88e-179	489
WP_015483750.1	NP_391374.1	99.6	250	5.18e-182	496
WP_014478857.1	NP_388291.2	99.6	250	6.23e-174	476
WP_003244804.1	NP_389505.2	100	208	5.40e-140	388
WP_003239298.1	NP_389023.1	100	250	3.15e-192	522
WP_003223262.1	NP_388745.1	100	250	2.65e-175	479
WP_339175720.1	NP_388118.1	98.0	249	1.04e-176	483
WP_160221914.1	NP_391827.1	99.6	249	6.73e-173	473
WP_119899346.1	NP_389597.2	98.8	249	1.80e-177	484
WP_017696211.1	NP_391690.1	99.2	249	4.41e-178	486
WP_014475811.1	NP_388268.1	99.6	249	5.77e-174	476
WP_014475598.1	NP_387977.1	99.2	249	7.02e-175	478
WP_003234424.1	NP_388286.2	100	249	4.60e-180	491
WP_003233698.1	NP_388650.1	100	249	9.68e-182	495
WP_003232030.1	NP_389475.1	100	249	2.19e-178	487
WP_490339690.1	NP_389260.1	98.8	248	8.86e-173	473
WP_163138233.1	NP_390685.2	99.2	248	4.51e-166	456
WP_089172519.1	NP_389166.1	99.6	248	1.00e-178	488
WP_048655239.1	NP_390914.2	97.2	248	1.11e-79	237
WP_015714484.1	NP_390743.1	99.6	248	2.27e-175	479
WP_003242712.1	NP_391387.1	100	248	1.27e-181	495
WP_003227811.1	NP_391507.1	100	248	1.06e-164	452
WP_003225828.1	NP_388019.1	100	248	3.26e-184	501
WP_490339629.1	NP_389787.1	98.0	247	8.64e-184	500
WP_122895024.1	NP_388241.2	99.6	247	3.48e-174	476
WP_122894882.1	NP_390394.1	96.8	247	6.04e-55	174
WP_029317885.1	NP_390439.1	99.2	247	9.68e-181	493
WP_024571662.1	NP_388885.1	99.2	247	1.27e-176	482
WP_004399657.1	NP_388029.2	100	247	2.21e-186	507
WP_003244526.1	NP_387915.1	100	247	8.29e-182	495
WP_003233309.1	NP_388846.1	100	247	3.67e-185	504
WP_015483817.1	NP_391558.1	99.2	246	1.60e-174	477
WP_015252894.1	NP_388157.1	99.6	246	1.12e-174	477
WP_014478328.1	NP_391663.1	99.6	246	4.44e-181	493
WP_003242610.1	NP_391242.2	100	246	7.13e-187	508
WP_003232035.1	NP_389473.1	100	246	5.13e-171	468
WP_003220918.1	NP_389531.1	100	246	1.47e-170	467
WP_161476697.1	NP_391288.1	98.8	245	2.45e-173	474
WP_017695280.1	NP_391368.1	98.0	245	1.59e-169	464
WP_014481462.1	NP_391908.1	99.6	244	1.12e-169	464
WP_003246039.1	NP_390715.1	100	245	1.48e-174	477
WP_003245712.1	NP_389561.3	100	245	8.92e-176	480
WP_003243782.1	NP_387946.1	100	245	9.58e-171	467
WP_003234130.1	NP_388450.2	100	245	7.74e-161	442
WP_003228904.1	NP_391005.1	99.6	245	6.34e-185	503
WP_262119395.1	NP_390162.1	99.2	244	7.37e-179	488
WP_250622474.1	NP_389039.1	98.3	181	4.72e-117	329
WP_131227314.1	NP_389045.1	98.4	244	2.79e-183	499
WP_033883595.1	NP_389010.1	99.2	244	5.86e-185	503
WP_004398815.1	NP_390197.2	100	244	4.39e-171	468
WP_003242621.1	NP_391568.1	100	244	3.09e-171	468
WP_003234069.1	NP_388482.1	100	244	5.13e-170	465
WP_003233185.1	NP_388905.1	100	244	1.01e-185	505
WP_490339692.1	NP_389257.1	99.2	243	2.48e-181	494
WP_490339545.1	NP_391062.1	98.8	243	4.95e-172	470
WP_490339419.1	NP_388143.2	98.4	243	2.10e-173	474
WP_131228151.1	NP_391383.1	99.2	243	2.56e-174	476
WP_080529316.1	NP_389485.1	99.2	243	2.89e-180	491
WP_041333825.1	NP_389189.1	98.8	243	7.87e-169	462
WP_038429286.1	NP_390298.2	98.4	243	1.22e-172	472
WP_014479309.1	NP_388843.1	98.8	243	4.42e-175	478
WP_003243132.1	NP_391885.1	100	243	4.55e-168	460
WP_003229964.1	NP_390447.1	100	243	4.64e-186	506
WP_410617846.1	NP_391382.1	99.2	242	1.01e-175	479
WP_163138277.1	NP_390270.3	98.3	242	7.13e-185	503
WP_110109448.1	NP_390620.1	99.2	242	1.60e-172	471
WP_024571825.1	NP_391786.1	99.6	242	1.90e-189	514
WP_015715897.1	NP_389569.2	98.8	242	7.29e-169	462
WP_014480777.1	NP_391136.3	99.6	242	2.11e-177	484
WP_003234779.1	NP_388146.2	99.2	242	7.50e-162	444
WP_003234568.1	NP_388234.1	100	242	8.33e-184	500
WP_003229290.1	NP_390850.1	100	242	1.35e-164	451
WP_122895469.1	NP_389786.1	98.8	241	3.95e-177	483
WP_041337795.1	NP_388527.1	98.8	241	2.99e-172	471
WP_019712907.1	NP_390770.1	98.8	241	6.75e-169	462
WP_003245732.1	NP_389563.1	100	241	3.11e-174	476
WP_003228510.1	NP_391190.1	99.2	241	3.08e-165	453
WP_490339718.1	NP_390660.1	99.2	240	9.94e-166	454
WP_490339662.1	NP_389652.2	97.9	240	2.85e-165	453
WP_490339516.1	NP_391365.1	68.5	241	6.28e-114	323
WP_490339456.1	NP_391894.1	97.9	240	2.80e-156	430
WP_219144591.1	NP_390451.2	99.6	240	2.03e-174	476
WP_147772213.1	NP_390276.1	99.2	240	3.10e-169	463
WP_128993465.1	NP_391425.2	97.9	240	4.10e-174	475
WP_128993424.1	NP_391283.1	95.8	240	1.79e-168	461
WP_088325315.1	NP_388290.2	99.2	240	5.82e-174	475
WP_029317626.1	NP_389068.1	98.3	240	1.27e-177	484
WP_015714739.1	NP_391298.2	99.1	219	4.32e-146	404
WP_004398603.1	NP_390181.1	100	240	4.07e-149	412
WP_003246107.1	NP_390193.2	100	240	1.43e-174	476
WP_003243421.1	NP_391665.2	100	240	1.95e-172	471
WP_003229442.1	NP_390789.2	100	240	1.37e-172	471
WP_003220923.1	NP_389533.2	100	240	9.94e-166	454
WP_339175437.1	NP_391611.1	98.3	239	1.10e-182	497
WP_173614079.1	NP_389438.1	98.7	239	3.75e-165	452
WP_038429789.1	NP_391619.1	99.6	239	2.99e-171	468
WP_033884539.1	NP_390962.2	99.6	239	7.34e-172	469
WP_014481512.1	NP_391980.1	99.2	239	7.34e-172	469
WP_004399112.1	NP_390814.1	100	239	4.19e-162	445
WP_003242611.1	NP_388566.3	100	239	4.37e-164	450
WP_003229226.1	NP_390882.2	100	239	8.93e-173	472
WP_003221446.1	NP_389415.2	100	239	1.25e-163	449
WP_106073330.1	NP_391498.2	89.5	238	4.16e-157	432
WP_042975336.1	NP_391285.1	98.3	238	1.28e-176	481
WP_032722670.1	NP_391506.1	98.3	236	2.95e-159	437
WP_014481215.1	NP_391612.1	99.2	238	7.94e-171	467
WP_014479980.1	NP_389732.1	99.2	238	5.29e-160	439
WP_003233679.1	NP_388663.1	100	238	3.51e-174	475
WP_003227229.1	NP_391778.1	99.2	238	6.52e-170	464
WP_490339322.1	NP_388776.1	99.2	237	1.93e-99	286
WP_251187148.1	NP_388466.1	99.2	237	4.62e-174	475
WP_033883478.1	NP_391352.1	99.6	237	1.32e-173	474
WP_015252979.1	NP_388034.1	99.2	237	1.88e-173	473
WP_015250923.1	NP_391723.1	97.5	237	3.45e-160	440
WP_003243545.1	NP_391202.2	100	237	4.62e-174	475
WP_342006662.1	NP_389047.1	99.6	236	3.40e-180	490
WP_326228452.1	NP_388454.1	97.5	236	8.18e-163	446
WP_131227539.1	NP_390128.2	99.2	236	6.53e-169	462
WP_119899226.1	NP_388974.2	98.7	236	7.43e-184	499
WP_046160232.1	NP_388887.1	98.7	236	8.18e-163	446
WP_019712614.1	NP_391893.1	97.9	236	9.96e-164	449
WP_003229230.1	NP_390879.1	100	236	8.62e-174	474
WP_003218680.1	NP_389301.2	100	236	1.91e-129	362
WP_490339719.1	NP_390559.1	98.3	235	7.58e-163	446
WP_110109631.1	NP_389243.1	98.7	235	3.02e-178	485
WP_106074004.1	NP_388614.1	98.7	235	5.39e-172	469
WP_019712895.1	NP_390813.1	99.1	235	2.43e-159	437
WP_019712204.1	NP_388777.2	97.9	235	8.88e-109	310
WP_014477821.1	NP_391031.1	99.6	235	2.27e-164	450
WP_009967184.1	NP_389409.2	100	235	1.03e-160	441
WP_003245758.1	NP_389609.1	100	235	6.77e-166	454
WP_003244363.1	NP_391921.1	100	235	9.71e-175	476
WP_003244300.1	NP_391653.1	100	235	7.41e-179	487
WP_003234841.1	NP_388119.1	100	235	8.59e-169	461
WP_003234156.1	NP_388435.1	100	235	6.23e-162	444
WP_003231585.1	NP_389676.1	100	235	1.22e-168	461
WP_003234541.1	NP_388242.1	100	234	1.65e-161	443
WP_003228247.1	NP_391317.1	100	234	1.59e-159	438
WP_490339628.1	NP_389789.1	98.3	233	1.09e-170	466
WP_110109627.1	NP_389231.1	99.1	233	1.08e-161	443
WP_038429387.1	NP_390608.1	91.8	233	8.01e-104	297
WP_038429167.1	NP_389844.1	99.6	233	5.80e-166	454
WP_015714112.1	NP_389841.1	99.1	233	2.11e-168	460
WP_015250988.1	NP_391623.1	97.9	233	2.43e-158	435
WP_003246338.1	NP_388132.2	100	233	1.37e-164	451
WP_003234759.1	NP_388156.1	100	233	2.36e-165	452
WP_003230580.1	NP_390156.1	100	233	5.62e-173	472
WP_003221498.1	NP_389440.1	99.1	233	7.45e-187	507
WP_490339352.1	NP_388583.1	99.1	232	4.46e-174	474
WP_339246723.1	NP_387971.1	99.6	232	4.42e-165	452
WP_029726781.1	NP_390116.1	99.6	232	1.32e-166	456
WP_029318392.1	NP_391267.1	99.6	232	2.45e-162	445
WP_010886431.1	NP_388547.1	100	232	2.98e-163	447
WP_003235040.1	NP_387984.2	100	232	1.54e-165	453
WP_003231419.1	NP_389744.1	100	232	1.33e-175	478
WP_131227376.1	NP_389317.1	98.7	231	1.16e-155	428
WP_041851110.1	NP_390899.1	97.0	231	1.37e-163	448
WP_041351757.1	NP_390682.1	99.6	231	1.74e-166	455
WP_038429386.1	NP_390605.1	99.6	231	2.37e-164	450
WP_033884849.1	NP_390918.1	99.6	231	9.34e-171	466
WP_015483203.1	NP_389408.2	97.8	231	7.67e-145	400
WP_014479125.1	NP_388595.1	99.1	231	5.35e-161	441
WP_014475714.1	NP_388168.1	99.6	231	2.79e-172	470
WP_003229482.1	NP_390768.1	100	231	4.52e-153	421
WP_003229129.1	NP_390920.1	100	231	6.06e-167	456
WP_490339725.1	NP_388758.2	99.1	230	6.60e-175	476
WP_490339679.1	NP_389421.1	99.6	230	1.27e-163	448
WP_326224272.1	NP_391219.3	99.1	230	1.22e-161	443
WP_029318236.1	NP_390808.1	98.7	230	7.96e-167	456
WP_015715816.1	NP_389319.1	99.6	230	7.33e-163	446
WP_003227015.1	NP_391882.3	100	230	1.85e-156	430
WP_131227516.1	NP_389854.1	99.1	229	2.77e-162	444
WP_129092355.1	NP_388788.1	97.8	232	3.86e-156	429
WP_015252719.1	NP_388426.1	98.7	229	6.70e-154	423
WP_014480848.1	NP_391208.2	99.6	229	1.13e-161	443
WP_014477139.1	NP_390081.1	99.1	229	2.18e-159	437
WP_003243527.1	NP_391845.1	100	229	3.37e-163	447
WP_003234078.1	NP_388473.1	100	229	3.00e-166	454
WP_003230248.1	NP_390317.2	100	229	1.92e-153	422
WP_003229501.1	NP_390756.1	100	229	1.75e-174	475
WP_003219701.1	NP_391429.1	100	229	3.00e-166	454
WP_227057414.1	NP_389208.1	97.8	228	1.42e-159	437
WP_128992625.1	NP_388975.1	97.4	228	1.22e-160	440
WP_080121049.1	NP_388140.3	99.6	228	2.42e-151	417
WP_014479073.1	NP_388542.1	99.6	228	3.79e-164	449
WP_003228039.1	NP_391406.1	100	228	2.10e-161	442
WP_227057542.1	NP_389747.1	98.7	227	6.86e-171	466
WP_131227317.1	NP_389055.1	94.3	227	4.94e-109	310
WP_088327018.1	NP_391323.1	97.8	227	6.07e-165	451
WP_041851253.1	NP_388499.1	99.1	227	1.77e-148	409
WP_038429463.1	NP_390819.2	99.6	227	1.62e-169	462
WP_024571497.1	NP_391555.1	99.6	227	6.52e-160	438
WP_014663062.1	NP_388529.1	99.1	227	2.30e-169	462
WP_003246532.1	NP_388257.1	100	227	1.33e-168	460
WP_003228249.1	NP_391316.1	100	227	1.92e-152	419
WP_339175877.1	NP_388420.1	99.6	226	2.11e-160	439
WP_163138300.1	NP_390080.2	98.2	226	5.39e-163	446
WP_163131349.1	NP_389277.2	99.1	226	1.05e-169	463
WP_131227838.1	NP_390829.1	98.7	226	1.40e-149	412
WP_080528920.1	NP_388255.1	99.1	226	1.00e-158	435
WP_038427522.1	NP_388640.1	99.1	226	1.94e-156	429
WP_032722741.1	NP_391788.1	97.3	226	3.03e-144	399
WP_017695313.1	NP_391436.1	99.6	226	9.88e-150	412
WP_015715769.1	NP_389210.1	99.1	226	2.71e-147	406
WP_014478888.1	NP_388327.1	99.6	226	2.87e-158	434
WP_014477102.1	NP_389848.1	99.6	226	8.94e-162	443
WP_009966453.1	NP_388137.2	100	226	2.38e-166	454
WP_004398901.1	NP_390678.1	100	226	2.46e-159	437
WP_003234624.1	NP_388219.1	100	226	8.84e-153	420
WP_003228374.1	NP_391250.1	100	226	3.30e-148	409
WP_161476624.1	NP_391676.1	95.6	225	2.89e-162	444
WP_128441942.1	NP_391712.2	99.6	225	5.07e-147	405
WP_088327118.1	NP_391485.1	97.8	225	4.99e-163	446
WP_004399503.1	NP_389745.1	100	225	3.73e-149	411
WP_003231824.1	NP_389590.1	100	225	1.44e-171	468
WP_003231283.1	NP_389794.1	100	225	9.67e-161	440
WP_003228889.1	NP_391009.1	100	225	4.23e-155	426
WP_003228755.1	NP_391073.2	99.6	225	5.23e-174	474
WP_003228529.1	NP_391181.1	100	225	1.55e-166	455
WP_003228506.1	NP_391192.1	99.6	225	5.92e-146	403
WP_342006753.1	NP_388451.1	99.6	224	2.57e-160	439
WP_088327023.1	NP_391335.1	98.2	222	9.92e-154	422
WP_014478003.1	NP_391260.1	99.5	216	2.85e-140	389
WP_003243553.1	NP_391554.1	100	224	2.02e-157	432
WP_003230555.1	NP_390170.1	100	224	2.00e-148	409
WP_003227654.1	NP_391578.1	100	224	5.57e-155	426
WP_003227111.1	NP_391828.1	99.1	224	1.26e-151	417
WP_003225560.1	NP_390136.1	100	224	8.67e-168	458
WP_490339493.1	NP_391606.1	99.6	223	2.12e-163	447
WP_029726159.1	NP_391821.2	99.1	223	4.06e-152	418
WP_029317748.1	NP_389340.2	99.6	223	2.74e-150	414
WP_003234895.1	NP_388082.1	100	223	1.49e-163	447
WP_003227396.1	NP_391701.2	100	223	7.10e-162	443
WP_015251427.1	NP_390887.1	99.1	222	6.78e-155	425
WP_015250933.1	NP_391708.1	98.2	222	2.54e-150	414
WP_003228942.1	NP_390987.1	99.5	222	3.80e-161	441
WP_003228593.1	NP_391153.1	100	222	4.71e-130	362
WP_003228414.1	NP_391228.1	100	193	6.86e-139	385
WP_131228148.1	NP_391375.1	98.6	221	2.78e-158	434
WP_029726984.1	NP_389226.1	99.1	221	7.65e-156	427
WP_014479155.1	NP_388646.1	98.6	221	3.52e-161	441
WP_014476241.1	NP_388781.1	99.5	221	6.93e-143	395
WP_003245692.1	NP_389517.1	100	221	6.20e-146	402
WP_003243096.1	NP_388664.1	100	221	9.01e-164	447
WP_003231215.1	YP_054582.2	100	221	2.21e-164	449
WP_003222311.1	NP_389334.1	100	221	6.03e-153	420
WP_490339565.1	NP_390767.2	85.5	221	2.04e-61	188
WP_490339450.1	NP_391950.1	98.6	220	2.49e-165	451
WP_490339351.1	NP_388584.1	95.9	220	2.59e-167	456
WP_339176030.1	NP_388711.1	98.2	220	2.00e-146	404
WP_003233396.1	NP_388805.1	99.1	220	7.38e-158	432
WP_003232050.1	NP_389467.1	100	220	4.27e-157	431
WP_339175861.1	NP_388403.1	94.5	219	2.95e-143	395
WP_106073911.1	NP_389516.1	96.3	219	2.71e-139	385
WP_046380957.1	NP_389151.2	99.1	219	5.01e-160	438
WP_038427620.1	NP_389255.1	99.5	219	1.90e-164	449
WP_009967580.1	NP_390115.1	100	219	3.02e-161	441
WP_003243167.1	NP_391633.1	100	219	6.83e-158	432
WP_003230340.1	NP_390277.1	100	219	1.31e-146	404
WP_163182159.1	NP_390316.2	99.5	218	1.14e-135	376
WP_151262358.1	NP_390646.1	98.2	218	3.62e-148	408
WP_072175151.1	NP_391087.1	99.5	218	1.18e-153	422
WP_015714960.1	NP_391770.1	96.3	218	1.72e-146	404
WP_003242001.1	NP_388003.2	99.5	218	5.83e-154	422
WP_003232944.1	NP_389033.1	100	218	4.23e-147	405
WP_003232942.1	NP_389034.1	99.1	218	2.28e-151	416
WP_003230542.1	NP_390175.1	100	218	1.55e-158	434
WP_003229784.1	NP_390623.1	100	218	4.53e-142	392
WP_003225758.1	NP_387979.1	99.5	218	3.23e-151	416
WP_490339434.1	NP_388018.1	99.5	217	3.02e-160	438
WP_256683434.1	NP_389461.1	99.1	217	9.33e-155	424
WP_198878928.1	NP_388588.1	99.1	217	1.10e-162	444
WP_024572730.1	NP_389853.1	99.5	217	1.14e-155	427
WP_015715086.1	NP_387895.1	99.5	217	5.22e-161	440
WP_015714429.1	NP_390614.1	99.1	217	2.39e-157	431
WP_015714011.1	NP_389670.1	99.5	217	1.94e-147	406
WP_009966881.1	NP_388799.1	100	217	7.06e-150	412
WP_003230551.1	NP_390172.1	100	217	5.56e-147	405
WP_003228370.1	NP_391252.1	100	217	1.59e-146	404
WP_003228349.1	NP_391262.1	100	217	6.77e-148	407
WP_003227979.1	NP_391431.1	100	217	6.84e-157	430
WP_003225749.1	NP_387974.1	100	217	6.57e-155	425
WP_490339458.1	NP_391858.1	100	216	2.97e-81	238
WP_163138371.1	NP_391304.1	98.6	216	1.81e-82	241
WP_160221711.1	NP_390622.1	99.1	216	7.85e-142	392
WP_014481021.1	NP_391377.1	98.6	216	5.21e-156	427
WP_003246178.1	NP_390397.1	100	216	7.10e-154	422
WP_003243049.1	NP_391777.1	100	216	7.10e-154	422
WP_213382176.1	NP_390656.2	99.5	215	3.96e-155	425
WP_088467251.1	NP_390146.3	97.2	215	6.31e-152	417
WP_015252479.1	NP_388814.1	99.1	215	3.24e-147	405
WP_014480161.1	NP_390208.1	99.5	215	1.09e-152	419
WP_003246307.1	NP_388147.1	100	215	1.06e-159	437
WP_003234545.1	NP_388240.2	99.5	215	1.09e-152	419
WP_003234073.1	NP_388478.1	100	215	1.09e-152	419
WP_339174803.1	NP_390234.1	99.5	214	3.34e-142	392
WP_160221469.1	NP_388907.1	98.6	214	1.22e-144	399
WP_014479765.1	NP_389462.1	99.5	214	2.80e-159	436
WP_014479129.1	NP_388601.1	99.5	214	1.07e-138	384
WP_003229294.1	NP_390848.1	100	214	1.82e-155	426
WP_003220716.1	NP_391046.1	100	214	5.01e-153	420
WP_490339701.1	NP_389100.1	99.1	213	1.19e-130	363
WP_490339380.1	NP_388423.1	99.1	213	2.27e-144	398
WP_490339323.1	NP_388775.1	99.1	213	6.48e-143	395
WP_080530079.1	NP_390775.1	99.5	213	1.67e-146	403
WP_080529611.1	NP_390606.1	98.6	213	1.19e-155	426
WP_029317305.1	NP_388292.1	99.5	213	3.54e-157	430
WP_015714860.1	NP_391543.1	99.1	213	8.98e-151	414
WP_015714073.1	NP_389765.1	99.1	213	4.48e-160	437
WP_015251138.1	NP_391372.1	99.5	213	3.13e-151	415
WP_004398646.1	NP_390868.1	100	213	6.37e-160	437
WP_004398522.1	NP_390062.1	100	213	2.88e-147	405
WP_131227453.1	NP_389635.1	91.1	213	1.37e-147	406
WP_029726283.1	NP_388970.1	99.1	212	3.66e-99	283
WP_015714779.1	NP_391369.1	98.1	212	9.71e-150	411
WP_015252167.1	NP_389348.1	99.5	212	3.15e-155	425
WP_014475698.1	NP_388152.1	99.5	212	3.96e-149	410
WP_003243137.1	NP_387909.2	100	212	4.81e-150	412
WP_003237058.1	NP_390403.1	100	212	6.84e-150	412
WP_003227626.1	NP_391592.3	100	212	2.78e-149	410
WP_123373073.1	NP_390359.1	98.6	211	3.84e-160	437
WP_088327211.1	NP_391679.2	99.0	210	8.63e-148	406
WP_032722866.1	NP_388062.1	98.1	211	1.29e-158	434
WP_029318425.1	NP_391188.1	99.5	211	2.77e-144	397
WP_021479720.1	NP_387942.1	98.6	211	4.41e-141	389
WP_010886614.1	NP_391265.1	100	211	7.31e-140	386
WP_003245469.1	NP_389644.1	100	211	5.42e-151	414
WP_003245294.1	NP_389042.1	100	211	5.21e-149	409
WP_003243587.1	NP_391234.1	100	211	2.50e-156	428
WP_003225916.1	NP_390611.1	100	211	6.60e-152	417
WP_490339632.1	NP_389760.1	95.7	210	4.82e-149	409
WP_128471741.1	NP_388716.1	91.0	210	9.45e-131	363
WP_032724921.1	NP_388228.1	99.5	210	2.87e-141	390
WP_029726417.1	NP_390847.1	99.0	210	2.93e-159	435
WP_029317782.1	NP_389439.1	98.1	210	1.47e-149	411
WP_015251302.1	NP_391112.1	98.6	210	1.27e-144	398
WP_014477480.1	NP_390588.1	99.5	210	1.66e-140	388
WP_003244564.1	NP_391727.1	100	210	2.13e-152	418
WP_085185329.1	NP_391895.1	98.6	209	1.75e-146	403
WP_072173406.1	NP_388575.1	98.6	209	6.01e-138	381
WP_071578700.1	NP_388191.1	99.5	209	5.43e-150	412
WP_029318340.1	NP_391366.1	98.6	209	6.09e-147	404
WP_009966972.1	NP_388977.1	100	209	7.11e-146	401
WP_004399671.1	NP_387997.1	100	209	3.52e-146	402
WP_003234135.1	NP_388447.1	100	209	7.72e-150	411
WP_003232485.1	NP_389244.1	99.5	209	5.43e-150	412
WP_003232269.1	NP_389363.1	100	209	1.19e-128	358
WP_003231935.1	NP_389527.1	100	209	1.28e-148	408
WP_003227670.1	NP_391570.1	100	209	3.98e-152	417
WP_080477798.1	NP_389101.2	98.6	208	6.37e-153	419
WP_041056970.1	NP_388585.1	99.0	208	3.54e-150	412
WP_038429330.1	NP_390449.1	99.0	208	1.43e-140	388
WP_029317269.1	NP_388055.1	99.0	208	3.84e-154	422
WP_003243764.1	NP_391983.1	100	208	3.81e-145	399
WP_003232442.1	NP_389265.1	100	208	3.13e-144	397
WP_003231260.1	NP_389804.1	100	208	2.49e-150	412
WP_198878530.1	NP_391094.2	98.1	207	1.98e-151	415
WP_144500748.1	NP_389825.3	98.6	207	3.02e-146	402
WP_029725823.1	NP_388419.1	98.6	207	2.40e-152	417
WP_014477663.1	NP_390841.1	99.5	207	8.67e-146	401
WP_010886465.1	NP_388929.1	100	207	8.67e-146	401
WP_004399658.1	NP_387998.1	100	207	1.09e-139	385
WP_003245517.1	NP_388771.1	100	207	5.67e-151	414
WP_003232244.1	NP_389374.1	100	207	1.90e-149	410
WP_003226790.1	NP_387896.1	99.0	207	6.62e-150	411
WP_396123078.1	NP_388617.1	100	206	2.18e-106	304
WP_161476974.1	NP_389622.1	99.0	206	2.58e-142	392
WP_080031073.1	NP_388460.1	99.5	205	4.13e-141	389
WP_072173938.1	NP_390299.2	99.5	206	8.99e-143	393
WP_032721250.1	NP_388854.1	97.1	206	7.39e-142	391
WP_015714205.1	NP_390225.2	99.5	206	6.87e-147	404
WP_015252716.1	NP_388429.1	98.5	206	8.03e-146	401
WP_015251730.1	NP_390318.1	99.0	206	2.18e-134	372
WP_004399067.1	NP_390112.1	100	206	2.23e-152	417
WP_004398497.1	NP_390063.2	100	206	5.89e-148	406
WP_339175242.1	NP_391130.2	96.1	205	2.91e-143	394
WP_160221866.1	NP_391489.1	98.5	205	8.33e-143	393
WP_122894878.1	NP_390437.1	97.1	205	2.99e-136	377
WP_029726669.1	NP_389662.1	98.5	205	1.19e-151	416
WP_029317807.1	NP_389589.1	99.0	205	7.14e-144	396
WP_015715674.1	NP_389048.1	99.0	205	4.82e-142	391
WP_015252404.1	NP_388951.1	90.2	205	4.64e-94	270
WP_014480688.1	NP_391025.1	99.5	205	3.56e-153	419
WP_003243890.1	NP_391975.1	100	205	4.48e-147	404
WP_003238209.1	NP_389668.1	100	205	6.11e-145	399
WP_003218470.1	NP_389168.1	100	205	1.29e-146	403
WP_317680646.1	NP_390067.1	100	203	3.06e-151	414
WP_198879158.1	NP_387906.1	97.1	204	2.19e-133	369
WP_173614087.1	NP_389508.2	90.7	204	1.80e-81	238
WP_043858126.1	NP_388276.1	95.1	204	2.66e-134	372
WP_014478815.1	NP_388245.1	99.0	204	9.39e-144	395
WP_009968341.1	NP_391654.1	100	204	6.14e-149	409
WP_003243443.1	NP_387933.1	100	204	4.29e-140	386
WP_003243118.1	NP_391266.1	100	204	3.55e-148	407
WP_003232083.1	NP_389450.2	100	204	9.79e-146	400
WP_003227409.1	NP_391694.1	100	204	1.76e-148	407
WP_038429169.1	NP_389846.1	99.5	203	4.83e-141	389
WP_003239501.1	NP_388880.1	100	203	4.00e-149	409
WP_003230469.1	YP_003097758.1	100	203	4.49e-146	401
WP_003228419.1	NP_391226.1	99.5	202	1.19e-143	395
WP_128740025.1	NP_388284.2	94.6	202	4.48e-141	389
WP_046160871.1	NP_391305.1	98.0	202	1.34e-142	392
WP_014477092.1	NP_389836.1	99.5	202	1.34e-142	392
WP_004398583.1	NP_390381.3	100	202	2.83e-153	419
WP_003222512.1	NP_390723.1	100	202	2.81e-144	397
WP_076458270.1	NP_390860.1	99.5	201	2.14e-143	394
WP_003235045.1	NP_387987.1	100	201	2.50e-142	392
WP_003229717.1	NP_390652.1	100	201	8.37e-141	388
WP_490339524.1	NP_391286.1	99.0	200	4.49e-140	386
WP_305090519.1	NP_389130.1	99.5	199	1.24e-146	402
WP_227057413.1	NP_389207.1	96.5	200	3.84e-141	389
WP_124059396.1	NP_391704.1	99.0	200	4.34e-147	404
WP_042976971.1	NP_391953.1	94.5	200	3.62e-128	356
WP_029318030.1	NP_389837.1	98.0	200	4.34e-147	404
WP_003244650.1	NP_389556.1	100	200	8.41e-145	398
WP_003230529.1	NP_390182.1	99.5	189	2.20e-133	369
WP_003229304.1	NP_390844.1	100	200	4.00e-143	394
WP_003228737.1	NP_391083.1	100	200	4.25e-129	358
WP_490339694.1	NP_389206.2	99.5	199	1.43e-131	364
WP_131227256.1	NP_388801.1	97.0	199	6.38e-137	378
WP_131227149.1	NP_388439.1	93.8	192	5.21e-124	345
WP_131227133.1	NP_388342.1	99.0	199	2.06e-140	387
WP_042977278.1	NP_388171.1	99.0	199	5.48e-145	398
WP_015714467.1	NP_390703.1	98.5	199	3.58e-150	411
WP_004399356.1	NP_389801.1	100	199	2.40e-139	384
WP_003246608.1	NP_388355.1	100	199	1.84e-143	394
WP_003245829.1	NP_388972.1	100	199	1.03e-149	410
WP_003233335.1	NP_388835.1	100	199	2.72e-145	399
WP_003232376.1	NP_389309.1	100	199	3.31e-146	401
WP_003230560.1	NP_390167.1	100	199	3.28e-137	379
WP_326228417.1	NP_388299.1	98.9	181	1.71e-130	361
WP_119899464.1	NP_389701.1	99.5	198	1.51e-137	379
WP_024572596.1	NP_389132.3	99.0	198	8.78e-146	400
WP_015251523.1	NP_390714.1	99.5	198	1.76e-136	377
WP_004399693.1	NP_388037.1	100	198	4.32e-137	378
WP_003246345.1	NP_388194.3	100	198	7.82e-149	408
WP_003245996.1	NP_390661.2	100	198	1.24e-136	377
WP_003244147.1	NP_388413.1	100	198	1.83e-138	382
WP_003228739.1	NP_391082.1	100	198	2.00e-160	437
WP_003225425.1	NP_387902.1	100	198	3.58e-145	399
WP_339175859.1	NP_388402.1	96.4	197	1.90e-135	374
WP_043940264.1	NP_388196.2	97.5	197	2.15e-141	389
WP_015252120.1	NP_389443.1	99.5	197	7.81e-144	395
WP_015251064.1	NP_391493.1	99.0	197	2.70e-135	374
WP_010886620.1	NP_391347.1	100	197	2.62e-142	391
WP_004398928.1	NP_390784.1	100	197	5.85e-130	360
WP_004398789.1	NP_390134.1	100	185	3.83e-130	360
WP_003228214.1	NP_391334.1	100	197	4.86e-138	380
WP_003223904.1	NP_390202.1	100	197	1.45e-139	384
WP_029726364.1	NP_387893.1	99.5	196	1.99e-141	389
WP_015383933.1	NP_390092.1	99.0	196	8.73e-136	375
WP_015251895.1	NP_389822.1	99.5	196	8.80e-145	397
WP_004398980.1	NP_390199.1	100	196	9.10e-138	380
WP_003227303.1	NP_391741.1	100	196	1.35e-148	407
WP_131227303.1	NP_388989.2	97.9	195	1.55e-124	346
WP_015252651.1	NP_388533.2	99.5	195	2.15e-140	386
WP_014478269.1	NP_391587.1	99.0	195	1.46e-138	382
WP_010886627.1	NP_391488.1	100	195	1.89e-49	156
WP_003229621.1	NP_390697.1	100	195	9.14e-142	390
WP_339174953.1	NP_390595.1	99.0	194	1.35e-138	382
WP_273796397.1	NP_388217.2	92.3	194	2.93e-133	368
WP_187954474.1	YP_054572.1	99.5	194	2.24e-137	379
WP_021479714.1	NP_387956.1	98.5	194	1.41e-140	387
WP_015714780.1	NP_391370.1	99.5	194	2.43e-141	389
WP_015714142.1	NP_390089.1	99.5	194	3.99e-131	363
WP_004398483.1	NP_390927.1	100	194	5.96e-142	390
WP_003244950.1	NP_388985.1	100	194	1.01e-124	347
WP_003244443.1	NP_391328.2	100	194	4.20e-141	389
WP_003243940.1	NP_388729.1	100	194	8.47e-142	390
WP_003230533.1	NP_390178.1	100	194	8.13e-140	385
WP_003230521.1	NP_390191.2	100	194	2.61e-136	376
WP_003229547.1	NP_390733.1	100	194	3.56e-134	370
WP_490339414.1	NP_388172.1	99.5	193	2.52e-138	381
WP_339174741.1	NP_390058.2	99.0	193	6.71e-143	392
WP_326144903.1	NP_388959.1	97.4	195	6.93e-141	387
WP_273796523.1	NP_390388.1	98.4	193	1.36e-142	392
WP_198878512.1	NP_391195.2	99.0	193	9.09e-132	364
WP_024573494.1	NP_391534.1	99.5	193	8.80e-139	382
WP_017695347.1	NP_388915.1	99.5	193	3.33e-143	393
WP_015383592.1	NP_389392.1	99.5	193	5.67e-110	309
WP_003244753.1	NP_389574.2	100	193	3.30e-134	370
WP_003234158.1	NP_388434.1	100	193	2.70e-129	359
WP_003232348.1	NP_389324.1	100	193	3.58e-138	380
WP_003231560.1	NP_389689.1	100	193	1.97e-126	351
WP_029317573.1	NP_388923.1	99.5	192	7.56e-144	395
WP_015483131.1	NP_389156.1	99.0	192	5.51e-137	377
WP_004399131.1	NP_390671.1	100	192	2.96e-141	388
WP_003243361.1	NP_390982.1	100	192	1.47e-141	389
WP_003241242.1	NP_388173.1	100	192	1.21e-140	387
WP_003233388.1	NP_388808.1	100	192	2.34e-138	381
WP_003228966.1	NP_390977.1	100	192	6.37e-127	352
WP_003224597.1	NP_389031.2	99.0	192	1.84e-135	374
WP_088326249.1	NP_389788.1	99.0	191	3.18e-131	363
WP_014481045.1	NP_391419.1	99.0	191	5.84e-95	271
WP_014479348.1	NP_388896.1	99.0	191	4.90e-135	372
WP_014476503.1	NP_389097.1	99.5	191	5.96e-136	375
WP_003232378.1	NP_389307.1	100	191	2.81e-125	348
WP_003228180.1	NP_391344.1	100	191	3.20e-140	385
WP_003227022.1	NP_391879.2	100	191	3.45e-135	373
WP_080529787.1	NP_391238.1	98.4	190	2.52e-132	365
WP_014479452.1	NP_389040.1	98.4	190	1.40e-129	358
WP_004399159.1	NP_390186.1	100	190	1.50e-124	346
WP_003234446.1	NP_388278.1	98.4	190	1.72e-139	384
WP_003234219.1	NP_388407.1	100	190	5.13e-141	387
WP_003230181.1	NP_390343.1	99.5	190	6.25e-101	286
WP_003225516.1	NP_390159.1	100	190	2.16e-133	368
WP_338382602.1	NP_390442.1	99.5	189	1.72e-143	394
WP_230488626.1	NP_391411.1	99.5	189	6.98e-134	369
WP_029725984.1	NP_391400.1	99.5	189	1.16e-132	366
WP_004398496.1	NP_390683.1	100	189	2.08e-135	373
WP_003245125.1	NP_388796.2	100	189	1.60e-114	320
WP_003233850.1	NP_388572.1	100	189	3.08e-137	378
WP_003229978.1	NP_390436.1	100	189	2.26e-139	383
WP_003227761.1	NP_391530.2	100	189	6.22e-137	377
WP_019712537.1	NP_390553.1	98.4	186	5.13e-133	367
WP_015715072.1	NP_391956.1	98.4	188	4.22e-139	382
WP_003246449.1	NP_388150.1	100	188	6.74e-136	374
WP_003232044.1	NP_389470.1	100	188	7.48e-124	344
WP_003226727.1	NP_387934.1	100	188	4.94e-138	380
WP_490339519.1	NP_391331.1	100	166	2.47e-120	334
WP_229762703.1	NP_390426.1	99.5	187	1.18e-115	323
WP_161476864.1	NP_390369.1	99.5	187	7.90e-139	382
WP_014478649.1	NP_388054.1	98.9	187	3.89e-130	360
WP_003243686.1	NP_391889.1	100	187	3.91e-139	382
WP_003234434.1	NP_388283.1	100	187	2.74e-130	360
WP_003230807.1	NP_390056.1	100	187	2.34e-131	363
WP_003229074.1	NP_390947.1	100	187	3.09e-136	375
WP_088467287.1	NP_390533.1	98.4	186	9.26e-142	389
WP_072174198.1	NP_389099.1	99.5	186	4.52e-124	344
WP_015253010.1	NP_387922.1	99.5	186	5.98e-129	357
WP_014480316.1	NP_390441.1	99.5	186	8.21e-136	374
WP_003246473.1	NP_388197.2	100	186	3.62e-139	382
WP_003233151.1	NP_388918.1	100	186	1.51e-122	340
WP_490339462.1	NP_391835.1	98.9	185	1.35e-120	335
WP_490339402.1	NP_388236.1	98.4	185	1.59e-128	355
WP_462749695.1	NP_387965.1	91.4	185	1.91e-120	335
WP_339176020.1	NP_388695.1	97.8	185	8.54e-133	366
WP_339175779.1	NP_388227.1	98.9	185	1.86e-127	353
WP_086343851.1	NP_389588.1	99.5	185	5.77e-131	362
WP_042975495.1	NP_391575.1	99.5	185	1.40e-122	340
WP_038428783.1	NP_389011.2	98.4	185	2.45e-132	365
WP_029318053.1	NP_389782.3	96.8	185	1.79e-134	370
WP_015251636.1	NP_390530.1	97.8	185	1.59e-128	355
WP_004398600.1	NP_390242.1	100	185	9.88e-123	341
WP_003235126.1	NP_388036.1	100	185	1.03e-124	346
WP_003231927.1	NP_389534.1	100	185	5.72e-122	339
WP_003228837.1	NP_391029.2	100	185	3.17e-119	332
WP_003228345.1	NP_391264.1	99.5	185	6.74e-130	359
WP_003226377.1	NP_390325.2	100	185	1.65e-130	360
WP_033884396.1	NP_391965.1	99.5	184	2.36e-134	370
WP_021479346.1	NP_389384.2	98.4	184	4.22e-128	354
WP_015482896.1	NP_388521.2	99.5	184	1.58e-123	343
WP_015251007.1	NP_391584.1	98.9	184	1.20e-118	330
WP_003245474.1	NP_389339.1	100	184	3.92e-133	367
WP_003227586.1	NP_391607.1	95.7	184	1.65e-125	348
WP_339175209.1	NP_391054.1	98.4	183	1.60e-136	375
WP_160245741.1	NP_390874.1	97.3	183	1.48e-132	365
WP_088326387.1	NP_390212.1	98.4	184	8.52e-130	358
WP_041850710.1	NP_388302.1	96.7	183	7.63e-135	371
WP_024572091.1	NP_389219.2	99.5	183	4.24e-132	364
WP_029726850.1	NP_388715.1	99.5	182	1.32e-130	360
WP_440671103.1	NP_391565.1	98.3	181	1.36e-118	330
WP_174223203.1	NP_390101.2	96.1	180	3.02e-126	350
WP_106073332.1	NP_391496.1	97.2	181	1.80e-132	365
WP_085187900.1	NP_387898.1	97.2	181	1.66e-128	355
WP_046160488.1	NP_389792.1	95.0	181	5.75e-120	333
WP_014481253.1	NP_391671.1	99.4	181	1.52e-115	322
WP_004399558.1	NP_389720.2	100	181	6.04e-131	361
WP_003243556.1	NP_390986.1	100	181	1.41e-120	335
WP_003238555.1	NP_389497.1	100	181	3.62e-123	342
WP_003232852.1	NP_389071.1	99.4	181	3.50e-130	359
WP_003232127.1	NP_389430.1	100	181	1.87e-125	347
WP_003231833.1	NP_389585.1	100	181	3.62e-123	342
WP_003231473.1	NP_389721.2	100	181	2.76e-127	352
WP_440671104.1	NP_391572.1	99.4	180	1.42e-124	345
WP_087614410.1	NP_388573.1	97.8	180	1.74e-134	370
WP_029727148.1	NP_390596.1	98.3	180	1.80e-127	352
WP_014480661.1	NP_390985.1	98.9	180	1.73e-125	347
WP_004398582.1	NP_390667.2	100	180	1.22e-125	348
WP_003245371.1	NP_389305.1	100	180	1.43e-133	368
WP_003226700.1	NP_387949.1	100	180	1.00e-124	345
WP_490339731.1	NP_391764.2	98.9	180	2.50e-95	271
WP_041352200.1	NP_388063.1	99.4	179	2.68e-133	367
WP_014477219.1	NP_390201.1	99.4	179	1.22e-129	358
WP_004399690.1	NP_388012.1	100	179	2.66e-124	344
WP_004399171.1	NP_390139.1	100	179	1.55e-132	365
WP_003232993.1	NP_389000.1	99.4	164	1.75e-112	314
WP_003230513.1	NP_390196.2	100	179	5.40e-133	366
WP_003225809.1	NP_388009.1	100	179	3.94e-126	349
WP_490339505.1	NP_391478.1	97.8	178	9.64e-122	338
WP_131227237.1	NP_388720.1	98.3	178	7.98e-130	358
WP_088326588.1	NP_390514.1	93.8	178	2.57e-126	349
WP_032722729.1	NP_391749.1	98.9	178	3.12e-127	352
WP_029317835.1	NP_389634.1	97.6	170	4.07e-128	353
WP_014665634.1	NP_391494.1	98.3	178	6.25e-118	328
WP_003245971.1	NP_390817.1	100	178	2.48e-133	367
WP_003245405.1	NP_388988.1	100	178	3.95e-130	359
WP_003245073.1	NP_388767.1	100	178	2.11e-125	347
WP_003232483.1	NP_389245.1	98.9	178	5.18e-126	348
WP_003231280.1	NP_389795.1	100	178	1.43e-123	342
WP_003230509.1	NP_390198.2	100	178	2.18e-118	329
WP_003230222.1	NP_390328.1	100	178	3.65e-126	349
WP_003218365.1	NP_387937.1	100	178	4.09e-123	341
WP_088327209.1	NP_391678.1	97.2	177	2.46e-119	332
WP_014478002.1	NP_391254.2	99.4	177	1.13e-124	345
WP_009966430.1	NP_388109.1	100	177	5.00e-128	353
WP_003231441.1	NP_389735.2	100	177	1.23e-128	355
WP_003230812.1	NP_390052.1	100	177	1.75e-137	377
WP_003230797.1	NP_390066.1	100	177	2.29e-124	344
WP_003229537.1	NP_390738.1	100	177	3.91e-116	323
WP_003225764.1	NP_387982.1	100	177	1.18e-126	350
WP_014477957.1	NP_391203.2	98.9	176	1.18e-121	337
WP_004398604.1	NP_390274.1	100	176	4.29e-133	366
WP_004398507.1	NP_390561.1	100	176	4.63e-128	353
WP_003244444.1	NP_391061.1	100	176	8.01e-129	355
WP_003233428.1	NP_388783.1	100	176	6.85e-130	358
WP_003223272.1	NP_388748.3	100	176	9.75e-139	380
WP_160221478.1	NP_388932.1	99.4	175	8.00e-124	343
WP_131228316.1	NP_388067.1	96.0	175	4.63e-123	341
WP_080529238.1	NP_389190.1	98.3	175	2.59e-129	357
WP_015714827.1	NP_391480.1	99.4	175	6.10e-128	353
WP_339175425.1	NP_391603.1	98.9	174	1.89e-126	349
WP_080529315.1	NP_389484.1	99.4	174	3.14e-125	346
WP_072692710.1	NP_390624.1	98.3	174	2.59e-124	344
WP_015715573.1	NP_388815.1	99.4	174	3.39e-120	333
WP_015714193.1	NP_390204.1	98.3	174	3.67e-124	343
WP_015251368.1	NP_390980.1	98.3	174	4.97e-113	315
WP_490339494.1	NP_391595.1	97.7	173	3.82e-121	336
WP_490339447.1	NP_391954.1	91.3	173	9.76e-124	342
WP_042974935.1	NP_389312.1	99.4	173	1.19e-124	345
WP_032722466.1	NP_391127.1	96.5	173	1.24e-126	350
WP_029318517.1	NP_390978.1	98.3	173	9.76e-124	342
WP_014665742.1	NP_391597.1	100	139	1.23e-85	246
WP_010886591.1	NP_390765.1	100	173	1.49e-118	329
WP_490339496.1	NP_391538.1	90.1	172	3.54e-96	273
WP_490339489.1	NP_391632.1	98.8	172	2.59e-123	341
WP_122894769.1	NP_391376.1	99.4	172	2.22e-124	344
WP_043940070.1	NP_388666.1	98.3	172	3.97e-118	328
WP_032727126.1	NP_388444.1	97.7	172	2.39e-119	331
WP_029318471.1	NP_391095.1	99.4	172	8.35e-120	332
WP_015252515.1	NP_388737.1	95.9	172	2.30e-117	326
WP_015252243.1	NP_389191.1	99.4	172	7.46e-132	363
WP_014479718.1	NP_389390.1	98.8	172	5.87e-120	333
WP_004399096.1	NP_390708.2	100	172	1.09e-115	322
WP_004398811.1	NP_390679.1	100	172	4.45e-115	320
WP_003245590.1	NP_388878.2	100	172	2.05e-120	334
WP_003233236.1	NP_388882.2	100	172	1.87e-107	301
WP_003232595.1	NP_389186.2	99.4	172	7.44e-123	340
WP_003232389.1	NP_389294.1	100	172	9.41e-126	347
WP_003226126.1	NP_390446.1	100	172	2.31e-126	349
WP_003219228.1	NP_391970.1	100	172	7.60e-107	300
WP_490339708.1	NP_389067.1	99.4	171	4.15e-124	343
WP_161476613.1	NP_391724.1	98.8	171	1.01e-115	322
WP_032726461.1	NP_390930.1	99.4	171	4.07e-90	257
WP_032722102.1	NP_390322.1	98.8	171	1.61e-112	314
WP_029317621.1	NP_389058.1	89.0	172	1.11e-101	286
WP_213385720.1	NP_390653.1	99.4	170	3.85e-124	343
WP_029726674.1	NP_389684.1	98.2	170	5.25e-122	338
WP_014479606.1	NP_389211.1	99.4	170	1.56e-114	319
WP_004398479.1	NP_390824.1	100	170	6.89e-118	327
WP_003244051.1	NP_391566.1	100	170	4.46e-82	237
WP_003243499.1	NP_388477.1	100	170	7.17e-120	332
WP_003235032.1	NP_387978.1	100	170	5.66e-117	325
WP_003229745.1	NP_390639.1	100	170	2.60e-122	338
WP_161477045.1	NP_389138.1	97.0	169	1.55e-109	306
WP_029726286.1	NP_388966.2	99.4	169	7.20e-124	342
WP_029318331.1	NP_391388.1	98.8	169	2.50e-115	321
WP_017697219.1	NP_390713.2	99.4	169	4.87e-122	338
WP_003229836.1	NP_390580.2	100	169	6.65e-120	332
WP_131227324.1	NP_389086.1	95.2	168	9.11e-122	337
WP_088326321.1	NP_390064.1	99.4	168	4.02e-125	345
WP_069703931.1	NP_390105.1	97.6	168	7.75e-114	317
WP_041336387.1	NP_390086.1	99.4	168	1.70e-117	326
WP_003233128.1	NP_388930.1	100	168	2.24e-122	338
WP_157678475.1	NP_390802.3	99.4	167	3.56e-114	318
WP_074794659.1	NP_390889.2	99.4	163	1.02e-113	317
WP_038429370.1	NP_390555.1	97.0	167	2.83e-120	333
WP_033884140.1	NP_390827.1	99.4	167	3.31e-119	330
WP_017695036.1	NP_388163.1	98.8	167	1.58e-126	349
WP_015252089.1	NP_389530.1	97.6	167	5.60e-102	287
WP_003234400.1	NP_388301.1	100	167	2.00e-129	356
WP_003230627.1	NP_390137.1	100	167	1.40e-129	357
WP_003226679.1	NP_387960.1	99.4	167	2.24e-117	326
WP_106073774.1	NP_388891.1	98.8	166	1.85e-120	333
WP_106073766.1	NP_388850.2	98.8	166	2.61e-111	310
WP_009968070.1	NP_391019.1	100	166	3.44e-116	323
WP_003328273.1	NP_388014.1	100	166	4.50e-112	312
WP_003244852.1	NP_389528.1	100	166	9.86e-116	322
WP_003243814.1	NP_391108.1	100	166	2.83e-115	320
WP_003235042.1	NP_387985.2	100	166	3.27e-105	295
WP_003227524.1	NP_391639.1	100	166	8.79e-119	329
WP_490339698.1	NP_389109.1	97.6	165	8.47e-121	334
WP_128992967.1	NP_389752.2	97.6	165	2.24e-116	323
WP_041351240.1	NP_388457.1	99.4	165	2.43e-120	333
WP_015714465.1	NP_390696.2	99.4	165	5.73e-119	330
WP_015252220.1	NP_389237.1	98.8	165	1.58e-116	323
WP_014477061.1	NP_389797.1	98.8	165	6.45e-125	345
WP_003245444.1	NP_389267.1	100	165	1.71e-120	333
WP_003233269.1	NP_388867.1	100	165	3.32e-118	328
WP_003229739.1	NP_390642.1	100	165	7.83e-117	324
WP_003227107.1	NP_391830.2	99.4	165	9.17e-125	344
WP_003218613.1	NP_389258.1	100	165	3.46e-129	355
WP_490339720.1	NP_389287.1	99.4	164	8.82e-118	327
WP_173613941.1	NP_388448.1	98.8	164	2.07e-107	300
WP_029726783.1	NP_390114.1	99.4	164	8.17e-123	339
WP_014477652.1	NP_390830.1	99.4	164	7.25e-117	324
WP_003230065.1	NP_390401.2	100	164	1.25e-117	326
WP_003221468.1	NP_389425.1	100	164	2.22e-102	288
WP_198878989.1	NP_388314.1	98.7	149	5.63e-106	296
WP_195727748.1	NP_390842.2	98.8	163	1.36e-116	323
WP_080031076.1	NP_391537.1	98.8	163	4.21e-120	332
WP_014479415.1	NP_388983.1	99.4	163	1.47e-79	230
WP_010886519.1	NP_389678.1	100	163	1.24e-103	291
WP_003231259.1	NP_389805.2	100	163	5.96e-111	309
WP_003224177.1	NP_388833.1	100	163	4.73e-117	325
WP_308154271.1	NP_391773.1	98.1	162	1.03e-115	321
WP_131227487.1	NP_389749.1	99.4	162	4.56e-119	330
WP_029318159.1	NP_390584.1	99.4	162	5.31e-109	304
WP_015715866.1	NP_389446.1	99.4	162	2.74e-111	310
WP_003244134.1	NP_388524.1	100	162	2.74e-111	310
WP_003242867.1	NP_390981.1	100	162	7.85e-111	309
WP_003239243.1	NP_389057.1	100	162	1.12e-128	354
WP_003234861.1	NP_388110.1	100	162	2.97e-115	320
WP_021480465.1	NP_390992.1	98.8	161	2.35e-116	323
WP_015384708.1	NP_391320.1	98.8	161	1.08e-121	336
WP_015383578.1	NP_389365.1	99.4	161	4.57e-114	317
WP_014480858.1	NP_391221.1	99.4	161	6.75e-116	322
WP_014477164.1	NP_390119.1	99.4	161	1.58e-105	295
WP_003245834.1	NP_389478.1	100	161	5.78e-117	324
WP_003245283.1	NP_389385.1	100	161	1.12e-114	318
WP_003245226.1	NP_389145.1	100	161	4.23e-119	330
WP_003226784.1	NP_387899.1	98.8	161	1.79e-111	310
WP_080529778.1	NP_391215.1	98.8	160	3.34e-111	310
WP_038429196.1	NP_390073.1	98.1	160	1.31e-117	326
WP_029318071.1	NP_389754.1	99.4	160	2.34e-102	287
WP_015252522.1	NP_388722.1	99.4	160	6.23e-107	299
WP_015252318.1	NP_389085.1	98.8	160	1.24e-97	275
WP_015251635.1	NP_390531.1	98.1	160	2.35e-111	310
WP_014481048.1	NP_391422.1	99.4	160	4.91e-104	291
WP_014480008.1	NP_389790.1	98.1	160	2.18e-116	323
WP_014479759.1	NP_389454.1	97.5	160	3.34e-111	310
WP_014476736.1	NP_389393.2	99.4	160	1.60e-118	328
WP_014475628.1	NP_388052.2	99.4	160	1.08e-116	323
WP_004398518.1	NP_390382.1	100	160	3.60e-106	297
WP_003246168.1	NP_390601.1	100	160	1.26e-106	298
WP_003243364.1	NP_391933.1	100	160	4.95e-113	314
WP_003234299.1	NP_388353.1	100	160	1.04e-114	318
WP_003233442.1	NP_388774.2	98.8	160	1.87e-117	325
WP_326228454.1	NP_388458.1	96.9	159	3.90e-112	312
WP_085185321.1	NP_391903.1	98.7	159	1.21e-108	303
WP_076458104.1	NP_390315.1	91.8	159	6.12e-93	263
WP_021479508.1	NP_389088.1	98.7	159	2.98e-109	305
WP_010886470.1	YP_054576.1	100	159	1.27e-119	331
WP_003244390.1	NP_391549.2	100	159	2.04e-113	315
WP_003234318.1	NP_388340.1	100	159	7.61e-112	311
WP_003226879.1	NP_391949.1	99.4	159	1.07e-102	288
WP_339175435.1	NP_391610.1	99.4	158	1.22e-112	313
WP_273796590.1	NP_390941.1	99.4	158	3.79e-116	322
WP_041336741.1	NP_388472.1	99.4	158	8.93e-115	318
WP_029318490.1	YP_054591.2	98.7	158	7.30e-105	293
WP_014479661.1	NP_389298.1	99.4	158	6.54e-117	324
WP_014478181.1	NP_391492.1	99.4	158	1.17e-110	308
WP_014475594.1	NP_387972.1	99.4	158	7.34e-114	316
WP_010886622.1	NP_391358.1	100	158	7.07e-121	334
WP_003244337.1	NP_391086.1	100	158	6.00e-104	291
WP_003231255.1	NP_389808.1	100	158	7.95e-118	326
WP_490339325.1	YP_054574.1	99.4	157	7.08e-116	321
WP_227058622.1	NP_388441.1	97.5	157	1.61e-112	313
WP_052728185.1	NP_389093.1	98.1	157	1.09e-110	308
WP_043940215.1	NP_391560.1	99.4	157	3.65e-118	327
WP_032722131.1	NP_390410.2	99.4	157	1.00e-106	298
WP_029726184.1	NP_391768.1	97.5	157	2.36e-105	295
WP_015715811.1	NP_389313.1	99.4	157	4.61e-112	311
WP_015251617.1	NP_390549.1	99.4	157	2.11e-108	302
WP_004399078.1	NP_390610.1	100	157	5.80e-106	296
WP_003245008.1	NP_388769.1	100	157	4.08e-106	296
WP_003231207.1	YP_054583.1	100	157	2.99e-108	302
WP_003228083.1	NP_391385.1	100	157	2.28e-112	312
WP_003219361.1	NP_390945.1	100	157	2.47e-116	322
WP_144483085.1	NP_390371.1	98.7	156	1.22e-111	310
WP_106610977.1	NP_391909.1	97.4	156	1.55e-114	318
WP_017696247.1	NP_391638.1	99.4	156	1.88e-106	297
WP_004398668.1	NP_390250.1	100	156	1.96e-117	325
WP_003245084.1	NP_389200.1	100	156	7.98e-117	323
WP_003243480.1	NP_388669.1	100	156	3.01e-112	312
WP_003243092.1	NP_391800.1	100	156	5.40e-115	319
WP_003231938.1	NP_389526.1	100	156	9.30e-107	298
WP_003231915.1	NP_389541.1	100	156	5.60e-108	301
WP_003225784.1	NP_387992.2	100	156	3.38e-109	304
WP_003220025.1	NP_391240.1	100	156	1.18e-109	305
WP_490339556.1	NP_390971.1	98.7	155	3.37e-104	291
WP_161476726.1	NP_391166.1	98.7	155	2.56e-99	279
WP_072592558.1	NP_391269.1	75.5	155	1.28e-83	239
WP_131227108.1	NP_388247.2	96.1	154	1.38e-107	300
WP_108029075.1	NP_391531.1	98.7	154	1.33e-105	295
WP_101172258.1	NP_391660.1	99.4	154	1.55e-104	292
WP_042976512.1	NP_390373.2	95.5	154	7.61e-96	270
WP_015251478.1	NP_390793.1	99.4	154	1.87e-96	272
WP_014479541.1	NP_389123.1	98.7	154	1.89e-105	295
WP_003246360.1	NP_388190.2	100	154	1.09e-104	293
WP_003245047.1	NP_389428.1	100	154	4.82e-108	301
WP_003233431.1	NP_388780.1	100	154	4.45e-104	291
WP_003232536.1	NP_389217.1	100	154	4.12e-109	304
WP_003232406.1	NP_389285.1	100	154	9.01e-113	313
WP_003225724.1	NP_387964.1	100	154	8.97e-104	290
WP_003223915.1	NP_390206.1	100	154	2.48e-110	307
WP_010886417.1	NP_388394.1	100	153	6.10e-106	296
WP_003228537.1	NP_391178.1	100	153	1.82e-107	300
WP_217024299.1	NP_390537.1	96.7	152	1.06e-110	308
WP_042977030.1	NP_388445.1	99.3	152	2.80e-106	296
WP_003228245.1	NP_391318.1	98.7	152	3.02e-101	284
WP_003223586.1	NP_390778.1	100	152	8.36e-108	300
WP_339176435.1	NP_389300.2	98.7	151	2.60e-106	296
WP_339175005.1	NP_390711.1	97.4	151	1.57e-107	300
WP_198878788.1	YP_054578.1	98.0	151	2.04e-94	266
WP_160243142.1	NP_388221.1	98.7	151	8.37e-103	288
WP_072175169.1	NP_391063.1	97.4	151	1.49e-96	272
WP_021481932.1	NP_388053.2	99.3	151	3.55e-104	291
WP_019712603.1	NP_391876.1	98.7	151	5.66e-101	283
WP_014479419.1	NP_388994.1	99.2	119	8.65e-80	228
WP_004398631.1	NP_390828.1	100	151	2.69e-99	279
WP_003244791.1	NP_389422.3	100	151	5.37e-90	255
WP_003242881.1	YP_054595.1	100	151	6.63e-118	326
WP_003234077.1	NP_388474.1	98.0	151	2.92e-112	311
WP_163182342.1	NP_389501.1	99.3	150	6.13e-100	280
WP_103803479.1	NP_388360.1	98.7	150	1.57e-111	310
WP_088325455.1	NP_388685.1	98.0	150	1.11e-111	310
WP_014481190.1	NP_391574.1	98.7	150	2.32e-104	291
WP_003246574.1	NP_388319.1	100	150	4.67e-104	291
WP_003245175.1	NP_389610.1	100	150	4.33e-109	303
WP_003227178.1	NP_391796.1	100	150	1.06e-109	305
WP_003226875.1	NP_391951.1	100	150	6.64e-104	290
WP_003223947.1	NP_390223.1	100	150	1.40e-105	295
WP_124073124.1	NP_388981.2	85.2	149	6.38e-97	273
WP_064911673.1	NP_388912.1	96.6	149	7.20e-103	288
WP_029317620.1	NP_389056.1	100	148	2.00e-111	309
WP_014475770.1	NP_388225.3	98.7	149	5.27e-105	293
WP_010886554.1	NP_390154.1	100	149	1.64e-108	302
WP_003245454.1	NP_389666.1	100	149	2.75e-100	282
WP_003232462.1	NP_389256.1	100	149	2.07e-111	309
WP_003230265.1	NP_390305.1	100	149	9.11e-106	295
WP_003227889.1	NP_391470.1	100	149	6.12e-95	268
WP_003226915.1	NP_391930.1	100	149	5.69e-100	280
WP_003223972.1	NP_390233.2	100	149	2.23e-106	296
WP_003221910.1	NP_391573.1	100	149	6.93e-110	305
WP_003221370.1	NP_389382.1	100	149	1.15e-99	280
WP_490339469.1	NP_391804.1	98.6	148	2.93e-97	273
WP_262118708.1	NP_391936.1	99.3	148	1.63e-94	266
WP_088325783.1	NP_389306.2	98.0	148	2.94e-106	296
WP_088325488.1	NP_388795.1	87.4	151	8.72e-70	204
WP_041336362.1	NP_390138.1	98.0	147	5.49e-102	285
WP_015252579.1	NP_388625.1	98.0	148	3.58e-107	298
WP_014479951.1	NP_389699.1	99.3	148	3.06e-108	301
WP_003243875.1	NP_391813.2	100	148	1.20e-105	295
WP_003243426.1	NP_388619.1	100	148	6.68e-103	288
WP_003232676.1	NP_389149.2	100	148	6.95e-105	293
WP_003231591.1	NP_389673.1	100	148	1.84e-109	304
WP_003230223.1	NP_390327.1	100	148	4.89e-105	293
WP_003230022.1	NP_390418.1	100	148	1.34e-93	264
WP_003229263.1	NP_390863.1	100	148	4.18e-106	296
WP_003222508.1	NP_390724.1	100	148	2.07e-106	296
WP_003221362.1	NP_389378.2	100	148	1.11e-101	285
WP_490339357.1	NP_388568.1	96.6	147	1.35e-106	297
WP_163182341.1	NP_389507.1	99.3	147	1.24e-93	264
WP_015251520.1	NP_390720.1	98.6	147	9.15e-105	292
WP_014476587.1	NP_389198.1	99.3	147	1.71e-100	281
WP_014475936.1	NP_388421.1	99.3	147	3.32e-107	298
WP_003244265.1	NP_391577.1	100	147	1.07e-103	290
WP_003239114.1	NP_389148.1	99.3	147	5.95e-101	283
WP_003235118.1	NP_388033.1	100	147	3.05e-94	266
WP_003230531.1	NP_390180.1	100	147	7.24e-111	308
WP_003226881.1	NP_391948.1	100	147	9.52e-107	297
WP_003222809.1	NP_391147.1	100	147	3.73e-104	291
WP_003222630.1	NP_390669.1	100	147	5.72e-99	278
WP_003218674.1	NP_389296.1	100	147	3.73e-104	291
WP_490339448.1	NP_391952.1	88.3	145	1.68e-91	259
WP_161477043.1	NP_389146.1	99.3	146	4.91e-104	290
WP_080530024.1	NP_391978.2	98.6	146	2.25e-100	281
WP_014479293.1	NP_388819.1	99.3	146	1.65e-102	286
WP_014477620.1	NP_390769.1	99.3	146	8.72e-89	252
WP_009966249.1	NP_387911.1	100	146	3.59e-97	273
WP_004398689.1	NP_390637.2	100	131	2.41e-92	260
WP_003246144.1	NP_390585.1	100	146	4.54e-100	280
WP_003230452.1	NP_390227.1	100	146	2.85e-103	288
WP_003229573.1	NP_390718.1	100	146	1.92e-101	284
WP_003225819.1	NP_388016.1	100	146	2.16e-98	276
WP_029317584.1	NP_388942.1	99.3	145	2.26e-104	291
WP_024715130.1	NP_390279.1	99.3	145	6.48e-104	290
WP_014480629.1	NP_390944.1	98.6	145	9.54e-97	272
WP_014477935.1	NP_391174.1	99.3	145	2.96e-100	281
WP_004398578.1	NP_390389.2	100	145	5.12e-110	305
WP_003241966.1	NP_388030.2	100	145	5.54e-105	293
WP_003233231.1	NP_388884.1	100	145	2.09e-109	304
WP_003232475.1	NP_389250.1	100	145	2.54e-101	283
WP_003229083.1	NP_390943.1	100	145	4.38e-102	285
WP_003223285.1	NP_388753.1	100	145	7.00e-108	300
WP_490339663.1	NP_389649.1	98.6	144	1.72e-103	289
WP_326227994.1	NP_391836.1	97.2	144	3.91e-100	280
WP_230488592.1	NP_391539.1	99.3	144	8.50e-95	267
WP_032725818.1	NP_389667.1	98.6	144	1.26e-105	294
WP_014480061.1	NP_390051.1	98.6	144	2.99e-106	296
WP_003246585.1	NP_388306.1	100	144	6.75e-101	282
WP_003231627.1	NP_389656.1	100	144	3.22e-108	301
WP_003230794.1	NP_390069.1	100	144	5.77e-102	285
WP_003228684.1	NP_391110.1	100	144	9.97e-103	287
WP_003225801.1	NP_388004.1	100	144	2.86e-102	286
WP_473106017.1	NP_390967.1	86.0	143	7.69e-77	221
WP_326236913.1	NP_391881.1	99.3	143	1.36e-95	269
WP_227058389.1	NP_391039.1	99.3	143	2.64e-93	263
WP_029725990.1	NP_391418.1	99.3	143	3.62e-100	280
WP_029318068.1	NP_389759.1	99.3	143	1.17e-105	294
WP_015715315.1	NP_388436.1	99.3	143	6.51e-103	287
WP_010886460.1	NP_388837.1	100	143	1.80e-100	281
WP_004399685.1	NP_387976.1	100	143	3.48e-98	275
WP_003246714.1	YP_003097678.1	100	143	2.02e-97	273
WP_003245685.1	NP_389248.1	100	143	5.78e-97	272
WP_003231834.1	NP_389584.1	100	143	7.58e-93	262
WP_003223931.1	NP_390217.1	100	143	1.26e-109	304
WP_003221402.1	NP_389396.1	100	143	1.37e-104	291
WP_153255999.1	NP_389351.1	98.6	142	1.80e-104	291
WP_017696263.1	NP_391615.1	99.3	142	5.58e-99	277
WP_015483014.1	NP_388830.1	99.3	142	2.99e-103	288
WP_014662646.1	NP_388142.2	98.6	142	3.11e-105	293
WP_003236923.1	NP_390332.2	100	142	8.25e-101	282
WP_003231580.1	NP_389679.1	100	142	5.81e-101	282
WP_003227169.1	NP_391801.1	100	142	3.78e-97	273
WP_029317673.1	NP_389154.1	97.2	141	2.66e-92	260
WP_024572867.1	NP_391875.2	97.2	141	7.03e-88	249
WP_004398634.1	NP_390053.1	100	141	1.00e-96	271
WP_003234221.1	NP_388406.1	100	141	6.29e-100	280
WP_003232574.1	NP_389197.1	100	141	2.03e-96	271
WP_003230463.1	NP_390224.1	100	141	3.93e-94	265
WP_003221796.1	NP_391518.2	100	141	1.32e-101	284
WP_003156430.1	NP_387983.2	100	141	1.17e-95	269
WP_327838055.1	NP_388536.2	97.1	139	7.41e-96	269
WP_110109458.1	NP_390856.2	97.1	140	1.64e-65	192
WP_106073611.1	NP_390578.2	98.6	140	1.27e-69	203
WP_043857940.1	NP_388620.1	98.6	140	1.01e-91	259
WP_038429765.1	NP_391535.1	97.9	140	1.61e-97	273
WP_017696586.1	NP_391502.1	72.1	140	2.47e-60	179
WP_015252333.1	NP_389066.1	99.3	140	9.32e-97	271
WP_014480205.1	NP_390273.2	97.1	140	2.29e-97	273
WP_003245462.1	NP_388804.1	100	140	3.00e-93	263
WP_003234396.1	NP_388303.1	100	140	6.31e-104	290
WP_003231970.1	NP_389510.1	100	140	1.38e-98	276
WP_003231964.1	NP_389512.1	100	140	3.33e-81	232
WP_003220510.1	NP_389110.1	100	140	9.65e-90	254
WP_128993616.1	NP_391923.1	97.1	139	9.72e-103	286
WP_089172588.1	NP_390415.2	88.5	139	8.32e-70	203
WP_038429728.1	NP_391424.1	99.3	139	3.67e-98	275
WP_014480905.1	NP_391247.1	99.3	139	1.96e-93	263
WP_014477158.1	NP_390106.1	99.3	139	6.09e-97	272
WP_003242889.1	NP_391635.1	100	139	4.28e-97	272
WP_490339598.1	NP_390350.1	95.1	143	2.94e-91	258
WP_069703550.1	YP_054580.1	97.5	121	5.51e-89	251
WP_003229795.1	NP_390617.1	100	138	3.27e-96	270
WP_003228417.1	NP_391227.1	100	138	2.05e-99	278
WP_003227174.1	NP_391798.1	100	138	2.59e-102	285
WP_003225879.1	NP_390630.2	100	138	3.27e-96	270
WP_003225781.1	NP_387991.2	100	138	5.65e-97	272
WP_490339671.1	NP_389614.2	99.3	137	6.56e-82	234
WP_426691901.1	NP_388567.2	84.5	148	2.23e-37	121
WP_003230640.1	NP_390129.1	100	137	6.37e-98	274
WP_003228839.1	NP_391028.1	100	137	3.99e-101	282
WP_003227771.1	NP_391525.1	100	137	3.55e-95	267
WP_338382035.1	NP_389199.1	99.3	136	9.81e-97	271
WP_160221688.1	NP_390452.1	99.3	136	8.73e-100	279
WP_103749132.1	NP_391904.1	84.7	137	6.04e-80	229
WP_032722130.1	NP_390408.1	99.3	136	8.07e-96	269
WP_003243579.1	NP_391205.1	100	136	2.92e-89	252
WP_003227794.1	NP_391514.1	100	136	2.50e-90	255
WP_003245606.1	NP_389690.1	100	135	2.07e-93	263
WP_003238341.1	NP_389627.1	100	135	8.42e-93	261
WP_003233192.1	NP_388902.1	99.3	135	1.91e-98	275
WP_003230254.1	NP_390313.2	100	135	2.41e-92	260
WP_003220034.1	NP_391246.1	100	135	3.57e-94	265
WP_024573054.1	NP_390942.1	97.0	134	3.30e-85	242
WP_009968420.1	YP_003097798.1	100	134	9.08e-83	236
WP_003244204.1	NP_388704.1	100	134	8.77e-90	253
WP_003237674.1	NP_390735.1	100	134	2.24e-92	260
WP_003228878.1	NP_391011.1	100	134	4.35e-99	277
WP_010886467.1	NP_388949.1	100	133	4.90e-91	256
WP_003246640.1	NP_388350.1	100	133	6.20e-94	264
WP_003243747.1	NP_391413.1	100	133	4.36e-94	264
WP_003230824.1	NP_389859.1	100	133	8.14e-90	253
WP_003230228.1	NP_390320.1	100	133	2.82e-81	232
WP_003227734.1	NP_391544.1	100	133	2.73e-88	249
WP_131227326.1	NP_389096.1	98.5	132	6.99e-95	266
WP_131227313.1	NP_389038.1	99.2	132	5.98e-96	269
WP_029317188.1	NP_388224.1	97.7	132	2.34e-93	262
WP_021480810.1	NP_391561.1	96.2	132	8.08e-76	218
WP_015251853.1	NP_390082.1	98.5	132	6.47e-91	256
WP_015251331.1	NP_391055.1	98.5	132	4.55e-91	256
WP_009967329.1	NP_389655.1	100	132	6.22e-98	274
WP_003246434.1	NP_388107.1	100	132	2.01e-94	265
WP_003243483.1	NP_391006.2	100	132	7.55e-99	276
WP_003241998.1	NP_388011.2	100	132	1.07e-89	253
WP_003232233.1	NP_389380.1	100	132	1.93e-92	260
WP_003227087.1	NP_391839.2	99.2	132	2.85e-94	265
WP_339174703.1	NP_389976.1	84.7	131	3.06e-75	216
WP_161477061.1	NP_389087.2	99.2	131	4.93e-99	276
WP_021445844.1	NP_391517.1	99.2	131	1.42e-82	235
WP_015251073.1	NP_391474.1	98.5	131	2.26e-86	244
WP_014479359.1	NP_388909.1	99.2	131	2.75e-87	247
WP_014479308.1	NP_388842.1	98.5	131	1.04e-91	258
WP_014476435.1	NP_389032.1	99.2	131	4.22e-91	256
WP_009966385.1	NP_388023.1	100	131	4.56e-86	244
WP_003233401.1	NP_388803.2	100	131	1.53e-93	263
WP_003230256.1	NP_390312.2	100	131	5.77e-89	251
WP_003226367.1	NP_390330.1	100	131	7.57e-85	241
WP_128740026.1	NP_388285.2	98.5	130	4.58e-90	254
WP_072592538.1	NP_389680.1	99.2	130	4.95e-94	264
WP_029318219.1	NP_390761.1	99.2	130	9.62e-92	258
WP_004399691.1	NP_388031.1	100	130	8.89e-88	248
WP_003233692.1	NP_388655.2	100	130	5.57e-91	256
WP_003231758.1	NP_389619.1	100	130	9.62e-92	258
WP_003231518.1	NP_389711.1	100	130	1.08e-88	250
WP_003229121.1	NP_390924.1	100	130	1.60e-90	255
WP_003228864.1	NP_391017.1	100	130	2.98e-86	244
WP_339175213.1	NP_391059.1	91.5	129	7.06e-89	251
WP_074794481.1	NP_390387.1	99.2	129	5.58e-86	243
WP_042976962.1	NP_391944.1	97.7	129	2.46e-89	252
WP_031315243.1	NP_390647.1	99.2	129	1.60e-85	243
WP_029318766.1	NP_391455.1	76.7	129	2.17e-74	214
WP_014477090.1	NP_389834.1	96.1	129	2.37e-87	247
WP_003245656.1	NP_389500.1	100	129	5.58e-86	243
WP_003234169.1	NP_388431.1	100	129	8.25e-88	248
WP_128740683.1	NP_391024.1	97.7	128	6.06e-94	263
WP_032721548.1	NP_389483.1	98.4	128	9.66e-82	233
WP_029317623.1	NP_389060.1	94.5	128	4.55e-71	206
WP_015251763.1	NP_390256.1	97.7	128	3.79e-97	271
WP_015251599.1	NP_390571.1	99.2	128	2.29e-89	252
WP_014478718.1	NP_388141.1	98.4	128	5.59e-81	231
WP_003227644.1	NP_391583.1	100	128	1.22e-93	263
WP_003227375.1	NP_391711.1	100	128	7.95e-81	230
WP_003218379.1	NP_387944.1	100	128	1.22e-84	240
WP_490339416.1	NP_388153.1	99.2	127	1.89e-83	237
WP_161477044.1	YP_003097713.1	99.2	127	3.39e-86	244
WP_015251477.1	NP_390795.1	99.2	127	4.81e-86	243
WP_015251261.1	NP_391168.1	97.6	127	5.85e-87	246
WP_014478204.1	NP_391513.1	99.2	127	1.28e-90	255
WP_004398675.1	NP_390150.1	99.2	127	4.12e-87	246
WP_003243159.1	NP_391569.1	100	127	4.81e-86	243
WP_003230168.1	NP_390348.1	100	127	2.58e-90	254
WP_003227738.1	NP_391542.1	100	127	2.68e-83	236
WP_003227398.1	NP_391700.1	100	127	2.20e-82	234
WP_003225586.1	NP_390122.1	100	127	7.11e-88	248
WP_003222781.1	NP_391159.1	100	127	1.75e-88	249
WP_144500413.1	NP_391966.1	98.4	126	3.53e-92	259
WP_017695528.1	NP_391045.2	98.4	126	7.72e-87	245
WP_014665869.1	NP_391716.1	97.6	126	1.39e-89	252
WP_014480835.1	NP_391193.1	99.2	126	1.82e-85	242
WP_004398485.1	NP_390334.2	100	126	1.56e-86	244
WP_003230147.1	NP_390357.2	100	126	2.30e-88	249
WP_003229458.1	NP_390781.1	100	126	2.39e-90	254
WP_003223584.1	NP_390779.2	100	126	3.53e-92	259
WP_339176337.1	NP_389129.1	97.6	125	3.99e-84	238
WP_014477920.1	NP_391151.1	99.2	125	3.04e-88	249
WP_014477159.1	NP_390107.1	99.2	125	4.27e-70	203
WP_003244377.1	YP_003097791.1	100	125	2.70e-91	256
WP_003243211.1	NP_387943.1	100	125	4.13e-77	221
WP_003236556.1	NP_391934.1	99.2	125	1.14e-92	260
WP_003226738.1	NP_387929.1	100	125	2.50e-87	246
WP_202616991.1	NP_388401.1	96.7	123	7.78e-73	211
WP_133953114.1	NP_390347.1	96.8	124	1.24e-82	234
WP_088325836.1	NP_389427.2	99.2	124	6.65e-87	245
WP_029726054.1	NP_391546.1	98.4	124	3.85e-86	243
WP_003246482.1	NP_388069.1	100	124	7.48e-84	238
WP_003245672.1	NP_389345.1	100	124	2.32e-87	246
WP_003244302.1	NP_391044.1	100	124	1.51e-83	237
WP_003233427.1	NP_388784.1	100	124	9.57e-62	182
WP_003228617.1	NP_391142.1	100	124	1.02e-90	255
WP_003227621.1	NP_391594.1	100	124	1.91e-86	244
WP_003227410.1	NP_391693.1	100	124	1.40e-88	249
WP_003223910.1	NP_390205.1	100	124	7.77e-86	243
WP_490339735.1	NP_391012.1	95.9	123	9.11e-80	227
WP_339174920.1	NP_390554.1	94.3	123	2.51e-77	221
WP_227058625.1	NP_388456.1	96.7	123	9.47e-91	255
WP_160221476.1	NP_388928.1	98.3	120	1.67e-79	226
WP_015714151.1	NP_390109.1	97.6	123	2.33e-82	234
WP_015384119.1	NP_390409.2	98.4	123	5.71e-83	235
WP_003234013.1	NP_388506.1	100	123	1.07e-87	247
WP_003227446.1	NP_391672.2	100	123	5.71e-83	235
WP_003156436.1	NP_387986.1	100	123	2.49e-68	198
WP_326146021.1	NP_391051.2	97.5	122	4.36e-82	233
WP_038427600.1	NP_389041.1	98.4	122	1.30e-83	237
WP_014477470.1	NP_390573.1	99.2	122	4.71e-86	243
WP_009968394.1	NP_391799.1	100	122	1.35e-85	242
WP_004398508.1	NP_390599.1	100	122	1.30e-83	237
WP_003233730.1	NP_388634.1	100	122	1.71e-88	249
WP_003225805.1	NP_388007.1	100	122	1.85e-83	236
WP_003220337.1	NP_389731.1	100	122	8.81e-82	232
WP_131227501.1	NP_389768.1	95.0	121	2.74e-89	251
WP_088325332.1	NP_388343.1	97.5	121	6.47e-79	225
WP_041334052.1	NP_391811.1	98.3	121	3.70e-39	124
WP_003238683.1	NP_389410.1	100	121	3.20e-79	226
WP_003235095.1	NP_388022.2	100	121	2.64e-78	223
WP_003233424.1	NP_388787.1	100	121	1.16e-81	232
WP_003227093.1	NP_391837.1	100	121	6.17e-45	139
WP_003225190.1	NP_388349.1	100	121	1.85e-78	224
WP_227057941.1	NP_389636.1	95.5	112	3.54e-75	215
WP_088467486.1	NP_387959.1	98.3	120	7.89e-84	237
WP_015483668.1	NP_391157.1	97.5	120	2.98e-80	229
WP_014665730.1	NP_391579.1	98.3	120	1.42e-77	221
WP_014476812.1	NP_389515.1	99.2	120	3.62e-80	228
WP_003246265.1	NP_388229.2	100	120	1.72e-87	246
WP_003245707.1	NP_389677.1	100	120	3.76e-82	233
WP_003244166.1	NP_391096.1	100	120	2.01e-86	244
WP_003233803.1	NP_388597.1	100	120	1.04e-88	249
WP_003232238.1	NP_389377.1	100	120	1.66e-85	241
WP_003232054.1	NP_389465.1	100	120	7.59e-82	232
WP_003230068.1	NP_390398.1	100	120	2.35e-85	241
WP_003225836.1	NP_388025.1	100	120	1.04e-79	227
WP_003225816.1	NP_388013.2	100	120	3.48e-78	223
WP_024572056.1	NP_388323.1	99.2	119	2.18e-85	241
WP_017695156.1	NP_391237.1	98.3	119	1.04e-74	214
WP_004399021.1	NP_390570.2	100	119	2.55e-84	238
WP_003228066.1	NP_391390.1	100	119	8.22e-72	207
WP_003222420.1	NP_390763.1	100	119	3.36e-80	228
WP_003218308.1	NP_387914.1	100	119	1.83e-59	176
WP_490339691.1	NP_389259.1	99.2	118	1.67e-84	239
WP_131227641.1	NP_390440.1	96.6	118	6.55e-82	232
WP_131227460.1	YP_003097731.1	95.8	118	1.09e-71	206
WP_131227318.1	NP_389061.1	97.5	118	7.36e-79	224
WP_110109604.1	NP_388841.1	94.1	118	4.24e-69	200
WP_080265378.1	NP_389751.1	99.2	118	1.60e-91	256
WP_076457692.1	NP_389606.3	97.5	118	2.28e-82	233
WP_029726097.1	NP_391955.1	98.3	118	6.52e-91	255
WP_009967053.1	NP_389144.1	100	118	1.80e-88	249
WP_004398671.1	NP_390569.2	100	118	1.37e-83	236
WP_003245875.1	NP_388881.1	100	118	3.29e-57	170
WP_003244937.1	NP_388957.1	100	118	8.95e-80	227
WP_003222779.1	NP_391160.1	100	118	1.00e-85	242
WP_462747073.1	NP_389762.1	90.8	120	4.03e-74	213
WP_014481007.1	NP_391363.1	99.1	116	9.21e-73	209
WP_014113119.1	YP_054575.1	98.3	117	1.89e-76	218
WP_009967251.1	NP_389547.1	100	117	6.84e-79	224
WP_004398633.1	NP_390228.1	100	117	8.31e-80	227
WP_003245993.1	NP_390372.1	100	117	4.11e-71	205
WP_003245163.1	NP_389611.1	100	117	2.79e-78	223
WP_003236356.1	NP_391838.2	99.1	117	2.23e-31	104
WP_003234445.1	NP_388279.1	98.3	117	1.43e-80	229
WP_003232200.1	NP_389398.1	100	117	6.82e-70	202
WP_003224239.1	NP_388861.1	100	117	1.28e-74	214
WP_017695932.1	NP_390240.1	99.1	116	2.69e-80	228
WP_003245290.1	NP_389136.1	100	116	1.50e-77	221
WP_003242628.1	NP_391985.1	100	116	5.87e-75	214
WP_003231213.1	NP_389829.1	100	116	2.39e-83	236
WP_003230467.1	YP_003097759.1	100	116	1.89e-80	228
WP_003221829.1	NP_391533.1	100	116	2.30e-81	231
WP_003156187.1	NP_388347.1	100	116	5.22e-78	222
WP_490339599.1	NP_390349.1	95.7	115	1.45e-79	226
WP_490339537.1	NP_391120.1	99.1	115	1.62e-85	241
WP_003233729.1	NP_388636.1	100	115	2.92e-79	225
WP_003233025.1	YP_003097701.1	99.1	115	5.90e-79	224
WP_003232839.1	NP_389081.1	100	115	3.29e-76	218
WP_003227084.1	NP_391841.1	100	115	1.24e-80	229
WP_003220825.1	NP_389486.2	100	115	1.19e-78	224
WP_044052460.1	NP_391126.2	92.1	114	1.51e-76	218
WP_015715317.1	NP_388440.1	95.6	114	8.09e-72	206
WP_003230488.1	NP_390211.1	99.1	114	8.75e-76	216
WP_003228587.1	NP_391155.1	100	114	2.23e-78	223
WP_003220141.1	NP_389811.1	100	114	1.11e-78	224
WP_490339498.1	NP_391512.2	97.3	113	1.71e-77	221
WP_490339387.1	NP_388322.1	99.1	113	1.07e-80	229
WP_014481040.1	NP_391412.1	97.3	113	1.30e-72	208
WP_009966921.1	NP_388879.1	100	113	7.23e-79	224
WP_003232719.1	NP_389133.1	100	113	5.95e-78	222
WP_003229410.1	YP_003097771.1	100	113	1.77e-79	226
WP_003220730.1	NP_391040.2	100	113	2.16e-71	205
WP_003156475.1	NP_388002.1	100	113	9.51e-75	214
WP_080475155.1	NP_388868.1	97.3	112	1.47e-73	211
WP_038429322.1	NP_390430.1	97.3	112	7.27e-74	211
WP_024572376.1	NP_388432.1	96.4	112	2.63e-76	218
WP_014477255.1	NP_390251.1	99.1	112	3.32e-79	225
WP_004399427.1	NP_389835.1	100	112	4.72e-79	224
WP_003242725.1	NP_391407.1	100	112	1.36e-78	223
WP_003232583.1	NP_389192.1	100	112	1.12e-77	221
WP_003229669.1	NP_390673.2	100	112	9.54e-79	224
WP_003227432.1	YP_003097793.1	100	112	1.65e-79	226
WP_038429685.1	NP_391329.1	98.2	111	6.49e-72	206
WP_015482851.1	NP_388414.1	99.1	111	1.53e-79	226
WP_014481121.1	NP_391490.1	99.1	111	7.02e-76	216
WP_010886606.1	NP_391102.1	100	111	2.17e-79	225
WP_004398743.1	NP_390710.1	100	111	2.45e-67	195
WP_004398044.1	NP_390131.1	99.1	111	2.45e-76	218
WP_003246114.1	NP_390911.3	100	111	9.97e-76	216
WP_003226345.1	NP_390341.1	100	111	1.94e-73	210
WP_003225151.1	NP_388332.1	100	111	2.35e-74	213
WP_021480479.1	YP_003097778.1	99.1	110	6.03e-72	206
WP_017697558.1	NP_389785.1	96.4	110	5.16e-73	209
WP_015252849.1	NP_388222.1	99.1	110	3.49e-71	204
WP_015252690.1	NP_388463.2	98.2	110	8.57e-72	206
WP_014478379.1	NP_391736.1	99.1	110	2.87e-70	202
WP_003245988.1	NP_390547.1	100	110	1.42e-70	203
WP_003242803.1	NP_388738.1	100	110	2.46e-71	205
WP_003238590.1	NP_389479.1	100	110	1.66e-69	200
WP_003232541.1	NP_389214.1	100	110	3.11e-74	212
WP_003232242.1	NP_389375.1	100	110	1.08e-74	213
WP_003231257.1	NP_389806.1	100	110	4.41e-74	212
WP_003222766.1	NP_391165.1	99.1	110	1.48e-72	208
WP_339176364.1	NP_389159.1	91.7	109	1.61e-71	205
WP_326144490.1	NP_391415.1	99.1	109	1.09e-78	223
WP_080528943.1	NP_388352.1	99.1	109	6.81e-73	209
WP_010886445.1	NP_388693.1	100	109	5.38e-79	224
WP_003243941.1	NP_388408.1	100	109	5.58e-81	229
WP_003242755.1	NP_387910.1	100	109	2.47e-75	215
WP_003232822.1	NP_389089.1	100	109	4.80e-73	209
WP_124059987.1	NP_388596.2	98.1	108	2.68e-74	212
WP_033885262.1	NP_389985.1	92.5	107	8.33e-69	198
WP_033880479.1	NP_388941.1	93.5	108	2.68e-74	212
WP_032726939.1	NP_391393.1	99.1	108	2.04e-69	200
WP_015714646.1	NP_391101.1	98.1	108	5.84e-78	221
WP_003246051.1	NP_390345.1	100	108	6.33e-73	209
WP_003242888.1	NP_391248.2	100	108	2.29e-75	215
WP_003229280.1	NP_390854.1	100	108	3.96e-76	217
WP_339174811.1	NP_390247.1	99.1	107	2.49e-74	212
WP_029317622.1	NP_389059.1	92.0	88	8.10e-41	127
WP_014476269.1	NP_388817.1	99.1	107	2.13e-75	215
WP_003231284.1	NP_389793.1	100	107	3.41e-72	207
WP_003229740.1	NP_390641.1	100	107	1.10e-68	198
WP_003229265.1	NP_390862.1	100	107	1.33e-78	223
WP_003225427.1	NP_387901.1	100	107	7.40e-58	171
WP_032721424.1	NP_389246.1	99.1	106	3.70e-71	204
WP_003246252.1	NP_388211.1	100	106	4.31e-79	224
WP_003242570.1	NP_391345.1	100	106	6.64e-74	211
WP_003241898.1	NP_389740.1	78.4	97	1.54e-50	152
WP_003238544.1	NP_389502.1	100	106	9.39e-56	165
WP_003234326.1	NP_388336.1	100	106	2.50e-78	222
WP_003233665.1	NP_388670.1	99.1	106	2.14e-70	202
WP_003228728.1	NP_391088.1	99.1	106	8.27e-50	150
WP_003228585.1	NP_391156.1	100	106	1.19e-76	218
WP_003228222.1	NP_391330.1	100	106	7.48e-71	203
WP_003227289.1	NP_391748.1	100	106	5.92e-68	196
WP_339176585.1	NP_389669.1	99.0	105	6.69e-69	198
WP_212059231.1	NP_389079.1	97.1	105	1.20e-71	205
WP_015252242.1	NP_389193.1	99.0	105	1.99e-70	202
WP_014480575.1	NP_390865.1	98.1	105	2.42e-71	204
WP_009967307.1	NP_389612.1	100	105	1.46e-72	207
WP_003243806.1	NP_391674.3	100	105	3.87e-68	196
WP_003232274.1	NP_389361.1	100	105	6.43e-67	193
WP_003227724.1	NP_391547.1	100	105	5.94e-72	206
WP_128993155.1	NP_390361.2	99.0	104	4.37e-69	199
WP_128740022.1	NP_388270.1	99.0	104	1.58e-71	205
WP_042978114.1	NP_388698.1	99.0	104	2.25e-62	182
WP_015714599.1	NP_390997.1	99.0	104	8.46e-76	216
WP_004399431.1	NP_389845.2	100	104	6.96e-75	213
WP_003245621.1	NP_389664.1	100	104	5.10e-67	194
WP_003244592.1	NP_388734.1	100	104	3.88e-72	206
WP_003233700.1	NP_388649.1	99.0	104	3.60e-68	196
WP_003222500.1	NP_390728.1	100	104	2.34e-73	209
WP_003219429.1	NP_388540.1	100	104	3.88e-72	206
WP_088325205.1	NP_388008.1	99.0	103	8.53e-71	203
WP_014475989.1	NP_388462.1	99.0	103	1.36e-67	195
WP_004398993.1	NP_390909.2	100	103	2.54e-72	207
WP_003232998.1	NP_388997.1	100	102	2.36e-72	207
WP_003229668.1	NP_390674.1	100	102	4.59e-70	201
WP_003227392.1	NP_391702.1	100	102	3.78e-69	199
WP_003227046.1	NP_391859.1	100	102	3.92e-71	204
WP_003218755.1	NP_391738.1	100	102	7.92e-71	203
WP_003156464.1	NP_387996.1	100	102	7.63e-69	198
WP_043857590.1	NP_389733.1	97.0	101	1.68e-58	172
WP_038429180.1	NP_389858.1	93.1	101	1.55e-63	184
WP_014665249.1	NP_391116.1	97.0	101	3.38e-67	194
WP_004399414.1	YP_003097734.1	100	101	1.13e-65	190
WP_003228404.1	NP_391232.1	100	101	4.99e-69	198
WP_490339646.1	NP_389709.1	95.4	87	3.79e-57	168
WP_015252406.1	NP_388947.1	98.0	100	1.33e-68	197
WP_010886398.1	NP_388179.1	100	100	6.59e-69	198
WP_003234907.1	YP_003097670.1	100	100	3.96e-70	201
WP_003229401.1	NP_390804.1	100	100	3.14e-67	194
WP_003226714.1	NP_387941.1	100	100	5.63e-70	201
WP_003222155.1	NP_391687.2	100	100	7.42e-66	190
WP_003220946.1	NP_389544.1	100	100	2.59e-66	191
WP_015383773.1	NP_389687.1	98.0	99	1.97e-74	212
WP_014475567.1	NP_387916.1	99.0	99	4.31e-69	198
WP_003246006.1	NP_390576.1	100	99	3.03e-69	199
WP_003230087.1	NP_390385.1	100	99	3.42e-66	191
WP_015483764.1	NP_391426.1	99.0	98	1.07e-64	187
WP_014480225.1	NP_390300.2	100	97	1.52e-66	192
WP_003230162.1	NP_390351.1	100	98	1.11e-66	192
WP_003229735.1	NP_390644.1	99.0	98	5.69e-69	198
WP_003227867.1	NP_391479.1	99.0	98	3.86e-67	193
WP_003225629.1	NP_390100.1	100	98	1.46e-62	182
WP_339176555.1	NP_389629.1	94.8	96	2.02e-57	169
WP_047182565.1	NP_389357.1	97.9	97	5.96e-66	190
WP_041335460.1	YP_054581.1	97.9	97	1.65e-63	184
WP_003233021.1	NP_388990.1	100	97	9.54e-63	182
WP_003220661.1	NP_391069.2	100	97	6.72e-63	182
WP_003218346.1	NP_387930.1	99.0	97	8.80e-68	195
WP_339174949.1	NP_390593.1	96.9	96	4.57e-65	188
WP_015252954.1	NP_388068.1	97.9	96	1.12e-65	189
WP_015252794.1	NP_388305.1	97.9	96	1.86e-64	186
WP_014478421.1	NP_391783.2	97.9	96	2.75e-66	191
WP_003245399.1	NP_389263.1	100	96	1.12e-65	189
WP_003233341.1	NP_388831.1	100	96	3.09e-63	183
WP_003226760.1	NP_387918.1	100	96	3.76e-64	186
WP_003226133.1	NP_390443.1	100	96	1.08e-63	184
WP_003219442.1	NP_388549.1	100	96	1.53e-63	184
WP_490339391.1	NP_388294.1	98.9	95	3.22e-69	198
WP_339176592.1	NP_389688.1	97.9	95	2.65e-68	196
WP_125121357.1	YP_009513958.1	98.9	95	8.25e-63	182
WP_044052617.1	YP_003097690.1	89.5	95	1.09e-58	172
WP_010886563.1	YP_054586.1	100	95	3.63e-66	191
WP_003244064.1	NP_391971.1	100	95	2.10e-65	189
WP_003244050.1	NP_391580.1	100	95	3.79e-59	173
WP_003234477.1	NP_388269.1	100	95	1.42e-63	184
WP_003228549.1	NP_391172.1	100	95	7.33e-66	190
WP_003156467.1	NP_387999.2	100	95	5.59e-61	177
WP_088325454.1	YP_003097694.1	91.5	94	7.19e-60	174
WP_003228814.1	NP_391043.2	100	94	8.01e-56	164
WP_003222623.1	NP_390672.1	100	94	2.78e-65	188
WP_003155970.1	NP_388483.2	100	94	2.12e-60	176
WP_106073560.1	NP_390324.1	98.9	93	4.15e-53	157
WP_003246199.1	NP_390616.1	100	93	6.10e-64	185
WP_003245286.1	NP_389367.1	100	93	7.14e-63	182
WP_003232001.1	NP_389490.1	100	93	1.01e-62	182
WP_003229388.1	NP_390810.1	96.8	93	1.50e-64	186
WP_003226191.1	NP_390414.1	100	93	1.05e-64	187
WP_003225183.1	NP_388346.1	100	93	4.66e-59	172
WP_003221804.1	NP_391523.1	100	93	2.05e-62	181
WP_339175717.1	NP_388112.1	96.7	92	1.34e-62	181
WP_004399539.1	YP_003097745.1	100	92	7.15e-67	192
WP_003244728.1	NP_389331.1	100	92	1.34e-62	181
WP_003237926.1	NP_390869.1	100	92	2.31e-63	183
WP_003232791.1	NP_389102.1	100	92	5.47e-62	180
WP_003231211.1	YP_003097741.1	100	92	1.57e-61	179
WP_003156472.1	NP_388001.1	100	92	2.05e-66	191
WP_003153447.1	NP_390160.1	100	92	3.71e-60	175
WP_227057516.1	NP_389637.1	91.2	91	7.84e-57	167
WP_038428307.1	NP_388120.1	97.8	90	9.89e-60	174
WP_029317825.1	NP_389613.2	97.8	91	2.16e-45	138
WP_009967250.1	NP_389543.1	100	91	1.20e-60	176
WP_003243521.1	NP_391144.1	100	91	6.96e-60	174
WP_003233709.1	NP_388645.1	98.9	91	1.25e-62	181
WP_003228682.1	NP_391111.2	100	91	1.98e-68	196
WP_086344433.1	NP_391602.1	98.9	90	1.59e-60	176
WP_029317674.1	YP_003097716.1	98.9	90	3.75e-59	172
WP_015715839.1	NP_389383.1	98.9	90	6.48e-60	174
WP_014479841.1	NP_389617.1	98.9	90	2.84e-63	183
WP_010886449.1	YP_003097696.1	100	90	1.93e-61	178
WP_003243854.1	NP_388438.1	100	90	1.08e-58	171
WP_003229117.1	NP_390925.1	100	90	3.75e-59	172
WP_003221463.1	NP_389423.1	100	90	1.79e-57	168
WP_003220815.1	NP_389481.1	100	90	6.72e-62	179
WP_490339324.1	NP_388768.1	98.9	89	2.87e-58	170
WP_326144884.1	NP_388925.1	98.9	89	7.05e-59	172
WP_160243244.1	NP_389355.1	98.9	89	1.22e-59	174
WP_015252265.1	NP_389162.1	98.9	89	1.88e-54	160
WP_015251856.1	NP_390078.1	98.9	89	1.88e-54	160
WP_003243789.1	NP_388736.1	100	89	1.31e-63	184
WP_003232345.1	NP_389325.1	100	89	9.65e-57	166
WP_003229490.1	NP_390762.1	100	89	2.65e-63	183
WP_003220957.1	NP_389550.1	100	89	3.49e-59	172
WP_003220888.1	NP_389518.1	100	89	2.19e-53	158
WP_003218942.1	NP_391810.1	98.9	89	1.13e-55	164
WP_003154355.1	NP_570902.1	100	89	4.08e-58	170
WP_120028100.1	YP_009513956.1	94.3	88	8.65e-55	161
WP_015384783.1	NP_391423.1	97.7	88	1.23e-54	161
WP_009966591.1	YP_003097680.1	100	88	2.67e-58	170
WP_004398708.1	NP_390648.2	100	88	2.58e-56	165
WP_003245382.1	NP_389347.1	100	88	4.61e-59	172
WP_003244812.1	NP_389153.1	100	88	2.58e-56	165
WP_003229989.1	NP_390433.2	100	88	2.79e-51	152
WP_003225903.1	YP_054589.1	100	88	9.32e-59	171
WP_003154654.1	NP_389273.1	100	88	8.98e-57	166
WP_101169761.1	NP_390567.1	98.8	86	1.75e-58	171
WP_072173222.1	NP_391772.1	98.9	87	3.81e-62	180
WP_038429095.1	NP_389763.1	97.7	87	1.39e-55	163
WP_029318504.1	YP_003097777.1	97.7	87	6.88e-56	164
WP_014479566.1	NP_389163.1	98.9	87	1.69e-56	166
WP_009966423.1	YP_003097672.1	100	87	3.69e-51	152
WP_004399338.1	NP_389809.1	100	87	7.14e-58	169
WP_003231535.1	NP_389696.1	100	87	1.09e-61	179
WP_003227411.1	NP_391692.1	100	87	8.35e-57	166
WP_003225804.1	NP_388006.1	100	87	9.77e-56	164
WP_003225421.1	NP_387904.2	100	87	1.34e-53	158
WP_003222348.1	NP_390989.1	100	87	1.69e-56	166
WP_003219491.1	NP_388571.2	100	87	1.38e-64	186
WP_088467220.1	NP_389650.1	95.3	86	5.88e-20	73.6
WP_014480684.1	NP_391021.2	95.3	86	2.61e-55	162
WP_007615173.1	NP_387925.1	98.8	86	3.71e-55	162
WP_003242708.1	NP_388747.1	100	86	3.43e-52	155
WP_003237170.1	NP_390532.1	100	63	7.05e-40	123
WP_003234883.1	NP_388093.1	100	86	1.91e-57	168
WP_003226716.1	NP_387940.1	100	86	6.17e-54	159
WP_003221757.1	NP_391501.1	100	86	1.84e-55	163
WP_003154135.1	NP_389580.1	100	86	7.21e-53	156
WP_445213811.1	YP_009513960.1	89.4	85	1.10e-57	169
WP_003246519.1	NP_388318.1	100	85	2.44e-46	140
WP_003245199.1	NP_389570.1	100	85	1.52e-58	171
WP_003232731.1	NP_389127.2	100	85	2.62e-59	172
WP_003231890.1	NP_389554.1	100	85	1.30e-59	173
WP_003230757.1	NP_390084.1	100	85	6.97e-55	161
WP_003229534.1	NP_390739.1	100	85	8.79e-58	169
WP_003219835.1	NP_391354.1	100	85	3.33e-53	157
WP_003218598.1	NP_389247.1	100	85	4.51e-60	174
WP_003244393.1	YP_003097776.1	100	84	5.29e-63	182
WP_003233541.1	NP_388746.1	100	84	1.97e-17	67.0
WP_003232870.1	NP_389063.2	100	84	1.31e-54	160
WP_003232866.1	YP_003097706.1	100	84	3.21e-55	162
WP_003231396.1	NP_389755.1	100	84	3.10e-53	157
WP_003230076.1	NP_390391.1	100	84	2.55e-52	155
WP_003226409.1	NP_390309.2	100	84	4.57e-55	162
WP_003219409.1	NP_388528.1	100	84	5.55e-56	164
WP_014481429.1	NP_391862.1	97.6	83	4.41e-57	167
WP_014477099.1	NP_389842.1	97.6	83	5.00e-45	136
WP_004399020.1	NP_390059.1	100	83	3.77e-58	169
WP_003231568.1	NP_389685.1	100	83	2.78e-51	152
WP_225722182.1	NP_390545.3	98.8	82	7.98e-55	162
WP_088327213.1	NP_391682.1	98.8	82	2.68e-53	157
WP_088325204.1	NP_387990.1	98.8	82	4.84e-47	141
WP_024571599.1	NP_388089.1	98.8	82	4.63e-54	159
WP_021480501.1	NP_391056.1	98.8	82	3.96e-55	162
WP_017695774.1	NP_391906.1	91.5	82	1.14e-45	138
WP_015715704.1	NP_389091.2	97.6	82	8.75e-25	85.5
WP_015715167.1	NP_388097.1	98.8	82	7.42e-51	151
WP_003231809.1	NP_570904.1	100	82	1.14e-54	160
WP_003225461.1	NP_390185.1	100	82	1.01e-57	168
WP_003219489.1	NP_388570.1	100	82	3.91e-64	184
WP_003219346.1	NP_390948.1	100	82	1.04e-59	173
WP_015251831.1	NP_390110.1	98.8	81	1.50e-54	160
WP_014477469.1	NP_390572.1	98.8	81	7.17e-53	156
WP_014476792.1	NP_389482.1	98.8	81	1.45e-52	155
WP_009968363.1	NP_391697.2	100	81	2.06e-52	155
WP_003240256.1	NP_388293.1	100	81	4.86e-51	151
WP_003232382.1	NP_389303.1	100	81	3.03e-54	159
WP_003232153.1	NP_389419.1	100	81	3.03e-54	159
WP_003228567.1	YP_003097784.1	100	81	2.69e-57	167
WP_003226300.1	NP_390358.1	100	81	1.50e-54	160
WP_003219266.1	NP_387886.2	100	81	1.82e-55	162
WP_015251393.1	NP_390935.1	98.8	80	5.92e-56	164
WP_003234151.1	NP_388437.1	100	80	2.33e-53	157
WP_003233373.1	NP_388816.1	100	80	2.93e-56	164
WP_490339611.1	NP_390213.1	92.9	70	6.09e-44	133
WP_021480583.1	YP_003097787.1	98.7	79	3.19e-55	162
WP_003232972.1	NP_389014.1	100	79	8.91e-44	133
WP_003232231.1	NP_389381.1	100	79	7.28e-52	153
WP_003230411.1	NP_390246.1	100	79	4.70e-57	166
WP_003228763.1	NP_391068.1	100	79	4.02e-58	169
WP_003219224.1	NP_391969.2	100	79	1.26e-52	155
WP_003218671.1	NP_389293.1	100	79	1.52e-53	157
WP_003218644.1	NP_389275.1	100	79	9.16e-55	160
WP_490339542.1	NP_391099.1	98.7	78	8.53e-55	160
WP_004399366.1	NP_389832.1	100	78	8.62e-46	138
WP_003244342.1	NP_388433.1	100	78	2.28e-50	149
WP_003230304.1	NP_390291.1	100	78	1.60e-50	150
WP_003228581.1	NP_391158.1	100	78	2.17e-57	167
WP_003227325.1	NP_391731.1	100	78	9.99e-54	158
WP_003220771.1	NP_391016.1	100	78	1.13e-50	150
WP_003220677.1	NP_391060.1	100	78	2.02e-53	157
WP_230488533.1	NP_389314.1	98.7	77	9.76e-47	140
WP_009968172.1	NP_391245.1	100	77	5.39e-53	156
WP_003233142.1	NP_388922.1	100	77	4.13e-48	144
WP_003233090.1	NP_388952.2	100	77	2.12e-50	149
WP_003231595.1	NP_389671.1	100	77	4.83e-47	141
WP_003231251.1	NP_389810.1	100	77	3.13e-52	154
WP_003154310.1	NP_389474.1	100	77	9.76e-47	140
WP_416378552.1	NP_391892.1	98.7	76	4.67e-49	146
WP_277737202.1	YP_003097749.1	93.4	76	4.71e-40	123
WP_227057533.1	NP_389722.1	98.7	76	9.43e-49	145
WP_227057515.1	NP_389978.1	80.9	68	2.87e-34	108
WP_029317348.1	YP_003097687.1	98.7	76	3.71e-46	139
WP_003245262.1	NP_389618.1	100	76	2.05e-52	154
WP_003243417.1	NP_387935.1	100	76	1.55e-56	165
WP_003237358.1	NP_390602.1	100	76	1.44e-52	155
WP_003235419.1	NP_391394.1	97.4	76	6.64e-49	145
WP_003228053.1	NP_391398.1	100	76	9.09e-47	140
WP_003227691.1	NP_391559.1	100	76	7.77e-48	143
WP_003220028.1	NP_391243.1	100	76	3.88e-39	121
WP_124048207.1	NP_389978.1	89.3	75	6.98e-46	138
WP_069322778.1	NP_390527.1	93.3	75	2.62e-50	149
WP_017695061.1	YP_003097719.1	98.7	75	1.11e-51	152
WP_015383862.1	YP_003097740.1	96.0	75	9.92e-46	137
WP_014477240.1	YP_003097760.1	98.7	75	1.15e-53	157
WP_010886551.1	NP_390102.1	100	75	1.05e-58	170
WP_010886405.1	YP_003097675.1	100	75	1.01e-56	165
WP_003233931.1	YP_003097691.1	100	75	5.68e-54	158
WP_003230576.1	NP_390158.1	100	75	7.51e-50	148
WP_003229076.1	NP_390946.1	100	75	1.75e-57	167
WP_029725989.1	NP_391417.1	95.9	74	6.04e-42	128
WP_015252245.1	NP_389188.1	97.3	74	2.35e-48	144
WP_014476919.1	NP_389653.2	86.5	74	1.45e-06	38.5
WP_003242387.1	NP_387903.1	100	74	3.22e-46	139
WP_003233542.1	NP_388744.1	100	74	1.03e-51	152
WP_003231160.1	NP_389849.1	100	74	8.80e-53	155
WP_003230416.1	NP_390244.1	93.2	74	5.59e-29	95.5
WP_003222050.1	NP_391641.1	100	74	6.19e-53	155
WP_003184172.1	NP_390719.2	100	74	7.61e-45	135
WP_339175211.1	NP_391057.1	97.3	73	3.51e-45	136
WP_088325300.1	NP_388251.1	95.9	73	3.39e-43	131
WP_032722655.1	NP_391495.1	95.9	73	1.01e-44	135
WP_003245519.1	YP_003097733.1	100	73	5.18e-47	140
WP_003233088.1	NP_388953.1	100	73	5.37e-49	145
WP_003221097.1	NP_389616.1	100	73	3.78e-49	146
WP_003152337.1	NP_390880.1	100	73	1.87e-49	147
WP_010886462.1	NP_388857.1	100	72	1.12e-54	160
WP_003233096.1	NP_388948.2	100	72	6.86e-47	140
WP_003232679.1	YP_003097714.1	100	72	3.98e-46	138
WP_003221221.1	NP_389674.1	100	72	1.29e-42	129
WP_003219905.1	NP_391301.1	100	72	6.86e-47	140
WP_003156508.1	NP_388020.1	100	72	3.52e-49	146
WP_124048211.1	NP_389973.1	84.5	71	6.71e-40	122
WP_088326395.1	NP_390235.1	94.4	71	7.22e-44	132
WP_080019511.1	NP_390102.1	69.9	73	1.25e-38	119
WP_076457648.1	NP_391037.1	97.2	71	2.70e-48	144
WP_021480275.1	NP_390744.1	98.6	71	1.84e-46	139
WP_015715504.1	NP_388668.1	97.2	71	1.46e-43	132
WP_004399107.1	NP_390366.1	100	71	7.76e-48	142
WP_003231966.1	YP_003097728.1	100	71	5.46e-48	143
WP_003226810.1	NP_387884.1	100	71	1.34e-48	144
WP_160221592.1	YP_003097729.1	98.6	70	4.19e-47	140
WP_003233252.1	NP_388875.1	100	70	3.90e-43	130
WP_003230479.1	NP_390216.1	100	70	2.95e-47	141
WP_003223835.1	NP_388145.2	100	70	9.23e-42	127
WP_003151167.1	NP_391567.1	100	70	8.90e-40	122
WP_490339683.1	NP_389362.1	98.6	69	2.75e-47	141
WP_029725880.1	YP_003097779.1	98.6	69	5.09e-52	153
WP_003244260.1	NP_391231.1	100	69	7.62e-45	135
WP_003243327.1	YP_003097790.1	100	69	2.85e-49	146
WP_003234008.1	NP_388508.1	100	69	4.19e-51	150
WP_003226678.1	NP_387961.1	100	69	5.36e-45	135
WP_003223491.1	NP_390835.1	100	69	2.19e-44	134
WP_003222303.1	NP_389337.1	100	69	5.36e-45	135
WP_017695696.1	YP_003097704.1	97.1	68	6.85e-43	130
WP_004398812.1	YP_009513995.1	100	68	3.11e-48	143
WP_004398642.1	NP_390253.1	100	68	2.47e-45	136
WP_003244900.1	NP_389137.1	100	68	4.27e-46	138
WP_003242917.1	NP_391747.1	100	68	1.27e-47	142
WP_003226838.1	YP_003097803.1	100	68	1.54e-48	144
WP_003223929.1	YP_003097757.1	100	68	1.87e-49	146
WP_003153142.1	NP_390321.1	100	68	5.85e-44	132
WP_120028477.1	YP_009513997.1	98.5	67	9.09e-43	129
WP_069703884.1	NP_390215.1	98.5	67	5.27e-42	127
WP_015250806.1	NP_391926.1	98.5	67	1.62e-45	136
WP_014477495.1	NP_390607.1	97.0	67	4.19e-39	120
WP_004399143.1	NP_390163.1	100	67	1.51e-41	126
WP_003233478.1	NP_388757.2	100	67	1.06e-41	127
WP_003233287.1	NP_388856.1	100	67	2.61e-42	128
WP_003231245.1	NP_389812.1	100	67	2.80e-46	138
WP_003224086.1	NP_388791.1	100	67	5.66e-46	137
WP_003221520.1	NP_389451.1	100	67	1.84e-42	129
WP_072173897.1	NP_389050.1	98.5	66	1.25e-44	134
WP_009966860.1	YP_003097697.1	100	66	2.08e-43	131
WP_003234247.1	NP_388393.1	100	66	4.35e-45	135
WP_003233686.1	NP_388658.1	100	66	2.15e-45	136
WP_003231189.1	YP_003097742.1	100	66	2.43e-42	128
WP_003230776.1	NP_390076.1	100	66	7.49e-46	137
WP_003226922.1	NP_391925.1	100	66	7.24e-44	132
WP_003224377.1	NP_388927.1	100	66	3.34e-40	123
WP_003222669.1	YP_003097768.1	100	66	2.11e-34	108
WP_003222418.1	NP_390764.1	100	66	1.36e-39	121
WP_003156482.1	NP_388005.1	100	66	6.50e-38	117
WP_003151132.1	NP_391588.1	100	66	1.90e-48	144
WP_085185458.1	NP_391714.1	95.4	65	1.08e-40	124
WP_069703600.1	NP_391758.1	92.2	64	8.24e-34	107
WP_014480384.1	NP_390575.1	98.5	65	1.80e-39	121
WP_010886502.1	NP_389295.1	100	65	7.91e-43	129
WP_003245613.1	YP_003097702.1	100	65	2.19e-40	123
WP_003245192.1	NP_388761.2	100	65	5.37e-41	125
WP_003228065.1	NP_391391.1	100	65	8.94e-40	122
WP_003219403.1	NP_388523.1	100	65	1.87e-41	126
WP_015482686.1	NP_387905.1	98.4	64	1.32e-45	136
WP_014480387.1	YP_009513988.1	98.4	64	1.05e-42	129
WP_014480135.1	YP_003097755.1	98.4	64	6.08e-42	127
WP_003232825.1	YP_003097709.1	100	64	2.57e-43	130
WP_003230808.1	NP_390055.1	100	64	3.12e-44	133
WP_003218622.1	YP_003097721.1	100	64	5.19e-43	130
WP_003218568.1	NP_389230.1	100	64	8.34e-40	122
WP_339175077.1	YP_009513996.1	93.0	57	4.65e-31	99.8
WP_017695371.1	YP_003097700.1	98.4	63	3.06e-37	115
WP_003246090.1	NP_390098.1	100	63	1.63e-41	126
WP_003234886.1	NP_388090.1	100	63	5.87e-44	132
WP_003233561.1	NP_388730.1	100	63	7.51e-38	117
WP_003229407.1	YP_003097772.1	100	63	2.40e-43	130
WP_003228241.1	YP_009514003.1	100	63	2.31e-41	125
WP_003225893.1	YP_003097767.1	100	63	1.75e-45	136
WP_003225680.1	NP_388481.1	100	63	2.81e-42	128
WP_003224559.1	NP_389013.1	100	63	4.51e-39	120
WP_003222590.1	YP_003097770.1	100	63	5.48e-40	122
WP_131227461.1	NP_389657.2	98.4	61	8.51e-39	119
WP_080529360.1	NP_389654.1	98.4	62	5.78e-37	114
WP_009967148.1	NP_389349.1	100	62	4.21e-39	120
WP_003245500.1	NP_389359.1	100	62	1.42e-37	116
WP_003232781.1	YP_003097710.1	100	62	9.45e-45	134
WP_003230690.1	NP_390108.1	100	62	2.62e-42	128
WP_003227718.1	NP_391548.1	100	62	9.37e-25	84.0
WP_003227293.1	NP_391746.1	100	62	6.42e-43	129
WP_003222038.1	NP_391634.1	100	62	1.21e-38	119
WP_003221548.1	NP_389464.1	100	62	8.51e-39	119
WP_131227386.1	YP_003097727.1	98.4	61	7.67e-37	114
WP_015715596.1	YP_003097698.1	98.4	61	1.37e-39	121
WP_003245236.1	NP_389009.1	100	61	1.09e-36	114
WP_003232446.1	NP_389264.2	100	61	2.77e-39	120
WP_003223132.1	NP_388678.1	100	61	6.78e-40	122
WP_003221676.1	YP_003097786.1	98.4	61	1.88e-37	115
WP_003218333.1	NP_387926.1	100	61	5.79e-41	124
WP_003156488.1	NP_388010.1	100	61	1.72e-42	128
WP_119899602.1	NP_390501.1	87.5	56	1.00e-33	106
WP_015252223.1	NP_389234.1	100	55	1.28e-32	103
WP_004399003.1	NP_390079.1	100	60	1.17e-44	134
WP_003245766.1	NP_389216.1	100	60	1.05e-38	119
WP_003230774.1	NP_390077.1	100	60	1.02e-36	114
WP_003223398.1	NP_390886.1	100	60	1.82e-39	120
WP_072592579.1	NP_388334.1	98.3	59	1.35e-36	113
WP_072175549.1	NP_390346.2	98.3	59	5.91e-40	122
WP_064671914.1	NP_388692.1	98.3	59	1.99e-38	118
WP_032677541.1	YP_003097674.1	98.0	49	3.14e-31	100
WP_010886421.1	YP_003097685.1	100	59	6.92e-39	119
WP_004399676.1	NP_387981.1	100	59	7.83e-36	111
WP_003245356.1	NP_389008.1	100	59	3.67e-43	130
WP_003232712.1	YP_003097711.1	100	59	1.02e-40	124
WP_003156497.1	NP_388015.1	100	59	1.92e-36	113
WP_003154457.1	NP_389391.1	100	59	1.24e-41	126
WP_038429171.1	NP_389847.1	98.3	58	7.32e-36	111
WP_003234785.1	YP_003097673.1	96.6	58	8.88e-37	114
WP_003233093.1	NP_388950.1	100	58	3.09e-37	115
WP_003230553.1	NP_390171.1	100	58	1.79e-36	113
WP_106073985.1	YP_003097693.1	98.2	57	6.84e-36	111
WP_010886518.1	NP_389675.1	100	57	3.97e-35	109
WP_003234072.1	NP_388479.1	100	57	1.14e-34	108
WP_003230187.1	NP_390340.1	100	57	2.03e-37	115
WP_003230141.1	NP_390360.1	100	57	4.81e-36	112
WP_003230126.1	NP_390368.1	100	57	3.97e-35	109
WP_003152957.1	NP_390419.1	100	57	1.06e-30	98.6
WP_065423456.1	YP_003097800.1	98.2	56	3.97e-39	119
WP_021481067.1	YP_003097801.1	92.9	56	4.74e-29	94.4
WP_004399157.1	NP_390635.1	100	56	1.62e-38	118
WP_003233086.1	NP_388954.1	100	56	1.83e-35	110
WP_003232646.1	NP_389165.1	100	56	1.83e-35	110
WP_003232568.1	YP_003097717.1	100	56	1.68e-40	123
WP_003225588.1	NP_390120.1	100	56	4.49e-36	112
WP_119123072.1	YP_009513989.1	100	55	3.58e-37	114
WP_033885256.1	NP_390513.1	89.1	55	2.35e-06	37.0
WP_014476499.1	NP_389094.1	98.2	55	6.76e-33	103
WP_003245588.1	YP_003097712.1	100	55	3.71e-39	119
WP_003244944.1	YP_003097703.1	100	55	1.37e-32	103
WP_003244522.1	NP_388600.1	100	55	3.92e-32	102
WP_003244066.1	NP_388520.3	100	55	1.37e-32	103
WP_003227896.1	NP_391468.1	100	55	1.66e-33	105
WP_490339392.1	YP_003097679.1	96.3	54	3.54e-30	97.1
WP_339176366.1	NP_389160.1	92.6	54	3.79e-34	107
WP_129093188.1	YP_009513961.1	90.9	55	3.25e-31	99.8
WP_014478893.1	YP_009513944.1	98.1	54	5.21e-32	101
WP_003245467.1	YP_003097730.1	100	54	3.60e-21	74.3
WP_003231643.1	YP_009513957.1	100	54	3.35e-37	114
WP_003221681.1	YP_003097785.1	100	54	3.92e-36	112
WP_033882995.1	YP_009513986.1	90.6	53	5.91e-33	103
WP_010886461.1	NP_388851.1	100	53	8.69e-35	108
WP_003245246.1	YP_003097722.1	100	53	5.21e-36	111
WP_003234807.1	NP_388135.1	100	53	4.45e-37	114
WP_003227706.1	NP_391553.1	100	53	1.08e-26	88.2
WP_003227632.1	YP_009514010.1	100	53	6.92e-32	101
WP_003222006.1	NP_391618.1	100	53	3.31e-30	97.1
WP_208555884.1	YP_009513991.1	98.1	52	1.02e-37	115
WP_087961422.1	YP_003097799.1	98.1	52	5.16e-29	94.0
WP_029726582.1	YP_003097689.1	98.1	52	2.18e-30	97.4
WP_009968374.1	NP_391740.1	100	52	3.76e-31	99.4
WP_003243648.1	YP_003097794.1	100	52	4.71e-34	106
WP_003232317.1	YP_003097725.1	100	52	1.14e-23	80.5
WP_003229069.1	YP_003097775.1	100	52	8.69e-39	118
WP_128992965.1	YP_009513964.1	98.0	51	8.32e-30	95.9
WP_106074009.1	NP_388622.1	96.1	51	2.56e-33	104
WP_072557135.1	NP_388785.1	94.1	51	3.64e-33	104
WP_003244572.1	NP_388648.1	100	51	1.01e-30	98.2
WP_003232538.1	NP_389215.1	100	51	6.86e-29	93.6
WP_003232510.1	YP_003097718.1	100	51	3.00e-32	102
WP_003230835.1	YP_009513966.1	100	51	6.48e-36	111
WP_131228329.1	YP_009513952.1	88.6	44	1.05e-22	77.8
WP_106073301.1	YP_054594.1	98.0	50	6.87e-33	103
WP_010327933.1	YP_003097754.1	100	50	1.18e-33	105
WP_003223241.1	YP_054573.1	100	50	2.31e-31	99.8
WP_004399102.1	NP_390597.1	100	49	2.54e-30	97.1
WP_003239113.1	YP_003097715.1	100	49	2.62e-32	102
WP_003229985.1	YP_009513978.1	100	49	6.22e-31	98.6
WP_003227330.1	YP_003097795.1	100	49	1.91e-34	107
WP_003226909.1	YP_003097802.1	100	49	1.26e-30	97.8
WP_003226511.1	NP_570908.2	77.6	49	3.15e-22	76.6
WP_003156421.1	NP_387980.1	100	49	4.37e-31	99.0
WP_003153056.1	NP_570908.2	100	49	1.85e-32	102
WP_003244839.1	NP_389682.1	100	48	8.00e-29	93.2
WP_003240817.1	YP_003097783.1	97.9	48	1.56e-26	87.4
WP_003231569.1	YP_054579.2	100	48	4.09e-31	99.0
WP_003228613.1	YP_054592.1	100	48	3.22e-17	63.9
WP_003221237.1	NP_389681.1	100	48	3.38e-30	96.7
WP_032722385.1	NP_390534.1	95.7	47	7.92e-31	98.2
WP_014477437.1	YP_003097765.1	97.9	47	7.24e-27	88.2
WP_003243880.1	YP_003097686.1	100	47	1.46e-26	87.4
WP_003243733.1	NP_391089.1	100	47	4.65e-32	101
WP_003242876.1	YP_003097792.1	100	47	4.35e-28	91.3
WP_003231164.1	YP_003097744.1	100	47	4.49e-30	96.3
WP_003230053.1	YP_003097761.1	100	47	5.45e-31	98.6
WP_003218259.1	YP_003097753.1	97.9	47	6.32e-28	90.9
WP_121517033.1	YP_009513990.1	97.8	46	1.66e-27	89.7
WP_119122854.1	YP_009513949.1	100	46	7.25e-31	98.2
WP_004398683.1	YP_003097769.1	100	46	1.42e-28	92.4
WP_003242786.1	NP_391927.1	100	46	2.77e-26	86.7
WP_003229081.1	YP_003097774.1	100	46	1.75e-24	82.4
WP_003228723.1	NP_391092.1	100	46	5.59e-26	85.9
WP_003227702.1	YP_009514009.1	100	46	2.08e-30	97.1
WP_003226124.1	YP_054588.1	100	46	6.63e-28	90.9
WP_003221612.1	YP_054593.1	100	46	4.77e-27	88.6
WP_003220708.1	NP_391050.1	100	46	2.77e-26	86.7
WP_010886442.1	NP_388653.1	100	45	1.13e-29	95.1
WP_003233704.1	NP_388647.1	100	45	2.29e-29	94.4
WP_003229119.1	YP_009513999.1	100	45	1.10e-27	90.1
WP_003228600.1	YP_003097782.1	100	45	1.28e-26	87.4
WP_003218541.1	NP_389212.1	100	45	9.34e-29	92.8
WP_161476753.1	YP_009514000.1	97.7	44	5.57e-23	78.2
WP_121591398.1	YP_009513940.1	97.7	44	1.16e-24	82.4
WP_021480955.1	YP_009514012.1	97.7	44	1.24e-28	92.4
WP_003245487.1	NP_389126.1	100	44	7.22e-28	90.5
WP_003244802.1	NP_388904.1	100	44	9.77e-33	102
WP_003238865.1	NP_389329.1	100	44	1.71e-26	87.0
WP_003229983.1	YP_003097762.1	100	44	4.91e-26	85.9
WP_003178075.1	NP_391986.1	100	44	3.34e-24	81.3
WP_230488681.1	YP_009514007.1	93.0	43	1.37e-27	89.7
WP_119899525.1	YP_009513973.1	95.3	43	2.63e-28	91.7
WP_009968115.1	YP_003097780.1	100	43	4.46e-24	80.9
WP_003246334.1	YP_009513941.1	100	43	7.94e-27	87.8
WP_003229780.1	YP_003097766.1	100	43	4.46e-24	80.9
WP_003225499.1	YP_003097756.2	100	43	1.09e-24	82.4
WP_003222002.1	NP_391616.1	100	43	1.66e-28	92.0
WP_003230707.1	YP_009513975.1	100	42	1.71e-23	79.3
WP_003218255.1	YP_054584.1	100	42	3.56e-25	83.6
WP_142395484.1	YP_009514006.1	92.7	41	6.54e-23	77.8
WP_003245136.1	NP_388855.1	100	41	1.16e-25	84.7
WP_003244964.1	YP_003097732.1	100	41	2.67e-22	76.3
WP_003232500.1	YP_009513954.1	100	41	9.29e-23	77.4
WP_003231174.1	YP_003097743.1	100	41	3.34e-25	83.6
WP_003228793.1	YP_009514001.1	100	41	6.76e-25	82.8
WP_339174989.1	YP_009513993.1	97.5	40	1.09e-25	84.7
WP_339174808.1	YP_009513976.1	97.5	40	3.14e-25	83.6
WP_128473814.1	YP_009513950.1	95.0	40	8.44e-21	72.4
WP_014477000.1	YP_009513963.1	97.5	40	1.76e-22	76.6
WP_003229707.1	YP_009513992.1	100	40	3.14e-25	83.6
WP_003224994.1	NP_388260.1	100	40	7.20e-22	75.1
WP_010886415.1	NP_388383.1	100	39	7.92e-21	72.4
WP_009968329.1	NP_391627.1	100	39	3.92e-21	73.2
WP_003232305.1	YP_003097726.1	100	39	9.04e-29	92.4
WP_004399150.1	YP_009513998.1	100	38	1.17e-26	87.0
WP_003226961.1	NP_391911.1	100	38	6.56e-24	80.1
WP_032728921.1	YP_003097677.1	97.3	37	1.94e-18	66.2
WP_003225207.1	YP_009513946.1	100	37	9.06e-26	84.7
WP_003156543.1	NP_388021.1	100	37	7.23e-23	77.4
WP_010886628.1	NP_391524.1	100	36	2.37e-23	78.6
WP_003223230.1	NP_388731.1	100	36	3.69e-18	65.5
WP_009966908.1	NP_388844.1	100	35	1.42e-17	63.9
WP_003225606.1	YP_054585.1	100	34	9.39e-18	64.3
WP_121572432.1	YP_009513987.1	90.9	33	8.84e-18	64.3
WP_080019512.1	YP_003097699.1	70.4	27	5.85e-06	34.3
WP_100069434.1	YP_009513974.1	100	29	1.60e-14	55.8
WP_015482794.1	YP_003097676.1	100	29	1.88e-13	53.1
WP_003327753.1	YP_003097699.1	100	28	1.20e-11	48.5
WP_003155248.1	YP_009513948.1	100	28	2.95e-12	50.1
WP_003221545.1	NP_389463.1	100	26	4.71e-15	57.0
WP_072175780.1	YP_009513985.1	100	25	2.06e-11	47.8
WP_010886645.1	NP_391958.1	100	20	4.38e-09	41.6
