WP_339176677.1	NP_389602.3	pksN
WP_490339674.1	NP_389598.3	pksJ
WP_490339673.1	NP_389600.3	pksL
WP_490339672.1	NP_389601.3	pksM
WP_490339642.1	NP_389713.2	ppsD
WP_490339405.1	NP_388230.2	srfAA
WP_490339404.1	NP_388231.2	srfAB
WP_490339639.1	NP_389716.2	ppsA
WP_490339640.1	NP_389715.1	ppsB
WP_490339641.1	NP_389714.1	ppsC
WP_339176535.1	NP_389604.2	pksR
WP_119899734.1	NP_391076.3	dhbF
WP_462746351.1	NP_391802.2	wapA
WP_131227481.1	NP_389727.2	gltA
WP_339175217.1	NP_391066.2	yukAB
WP_490339335.1	NP_388665.1	yfkN
WP_339176512.1	NP_389540.1	polC
WP_163182349.1	NP_389413.1	bpr
WP_490339514.1	NP_391384.1	yvnB
WP_490339643.1	NP_389712.1	ppsE
WP_490339403.1	NP_388233.2	srfAC
WP_161477168.1	NP_389150.2	xkdO
WP_227057358.1	NP_388944.2	addA
WP_490339491.1	NP_391609.2	narG
WP_004399688.1	NP_387989.2	rpoC
WP_486304051.1	NP_388800.1	mncR
WP_163138298.1	NP_390085.1	dynA
WP_009966326.1	NP_387988.2	rpoB
WP_015252105.1	NP_389476.2	smc
WP_490339440.1	NP_387936.1	mfd
WP_032721292.1	NP_388943.2	addB
WP_160243241.1	NP_389369.1	pycA
WP_213414397.1	NP_388946.2	sbcC
WP_114523444.1	NP_390801.1	dnaEC
WP_490339678.1	NP_389435.1	pyrAB
WP_339175215.1	NP_391064.1	yueB
WP_490339345.1	NP_388606.1	cypD
WP_339174951.1	NP_390594.1	cypB
WP_490339727.1	NP_388553.2	srfP
WP_490339710.1	NP_389006.3	carB
WP_490339702.1	NP_389098.1	yjgC
WP_010886582.1	NP_390600.1	yrhE
WP_110109644.1	NP_388873.1	sbcE
WP_490339513.1	NP_391396.1	uvrA
WP_110109459.1	NP_390859.2	sftA
WP_015483337.1	NP_389819.3	odhA
WP_490339580.1	NP_390586.2	levR
WP_490339619.1	NP_390121.1	dinG
WP_490339499.1	NP_391509.1	hepA
WP_462749045.1	NP_389426.2	ileS
WP_124058495.1	NP_390113.1	ponA
WP_033884051.1	NP_389683.1	citB
WP_198878458.1	NP_391448.1	ggaB
WP_339176143.1	NP_388958.1	wprA
WP_187002223.1	NP_389448.1	tcaB
WP_490339379.1	NP_388446.1	ydgH
WP_490339509.1	NP_391459.1	lytD
WP_251233307.1	NP_390787.1	polA
WP_017697542.1	NP_390687.2	valS
WP_024573506.1	NP_390618.1	alaS
WP_490339424.1	NP_388065.2	ybcC
WP_251232981.1	NP_389764.1	yppS
WP_490339326.1	NP_388741.2	yfhO
WP_029726481.1	NP_389586.2	mutS
WP_490339347.1	NP_388590.2	yetA
WP_490339328.1	YP_003097695.1	mprF
WP_410617855.1	NP_391410.1	secA
WP_116315799.1	NP_391399.1	yvkC
WP_490339371.1	NP_388495.1	gutR
WP_015253002.1	NP_387945.1	spoIIE
WP_003244540.1	NP_387888.1	gyrA
WP_014475592.1	NP_387967.1	clpC
WP_160221891.1	NP_391688.1	vpr
WP_029317859.1	NP_389692.2	parC
WP_490339676.1	NP_389453.1	priA
WP_085186732.1	NP_388212.1	nasD
WP_163138230.1	NP_390741.1	pheT
WP_033884845.1	NP_390910.1	leuS
WP_490339732.1	NP_391230.2	copA
WP_490339547.1	NP_391038.2	mrpA
WP_128992276.1	YP_054577.2	dgcW
WP_490339555.1	NP_390972.1	glgP
WP_080529616.1	NP_390625.1	recDB
WP_161476728.1	NP_391163.2	fadN
WP_015252077.1	NP_389562.3	spoIIIE
WP_490339574.1	NP_390640.1	recJ
WP_003229541.1	NP_390736.1	mutSB
WP_003228386.1	NP_391241.1	rnr
WP_032677118.1	NP_390435.1	comEC
WP_088325523.1	NP_388897.1	yhgE
WP_161476712.1	NP_391225.1	helD
WP_088467340.1	NP_390893.1	rmgR
WP_003229618.1	NP_390698.1	lonA
WP_490339407.1	NP_388214.2	nasB
WP_160221595.1	NP_389593.3	pksE
WP_227057410.1	NP_389201.2	metE
WP_490339353.1	NP_388582.1	rhgR
WP_326248467.1	NP_389064.3	yjcD
WP_227058272.1	NP_391337.1	mdxK
WP_490339621.1	NP_390104.1	yprA
WP_327839262.1	NP_391128.1	pucD
WP_128992485.1	NP_388530.2	purL
WP_015383008.1	NP_388543.1	pcrA
WP_015252221.1	NP_389236.1	kinE
WP_490339573.1	NP_390643.1	secDF
WP_490339367.1	NP_388516.2	yebA
WP_003229747.1	NP_390638.2	rsh
WP_041850711.1	NP_388307.1	topB
WP_339175880.1	NP_388424.1	ydfJ
WP_198878802.1	NP_389171.2	ykcB
WP_490339385.1	NP_388359.2	tex
WP_110109461.1	NP_390871.2	amyX
WP_017696170.1	NP_390379.1	pbpA
WP_014479801.1	NP_389545.1	infB
WP_110109611.1	NP_388892.2	pbpF
WP_490339682.1	NP_389399.2	pbpB
WP_339174875.1	NP_390411.1	pgpH
WP_490339408.1	NP_388213.2	nasC
WP_106073917.1	NP_389551.1	pnpA
WP_029318706.1	NP_391599.1	fadF
WP_003245075.1	NP_389281.2	pbpH
WP_041850715.1	NP_388312.1	ydaN
WP_160221812.1	NP_391229.3	cadA
WP_031314955.1	NP_389620.1	nrdE
WP_227057420.1	NP_389253.1	clpE
WP_003244661.1	NP_389272.1	ptsG
WP_061891251.1	NP_388297.1	mtlR
WP_153256915.1	NP_390290.1	bkdR
WP_003235056.1	NP_387993.2	fusA
WP_490339490.1	NP_391631.2	pbpG
WP_159376799.1	NP_389494.1	topA
WP_490339552.1	NP_391000.1	rhaE
WP_490339522.1	NP_391293.1	ganA
WP_490339470.1	NP_391784.2	katE
WP_410618060.1	NP_391929.2	yycA
WP_029317792.1	NP_389469.1	recG
WP_131227483.1	NP_389739.2	yoaE
WP_069964217.1	NP_390404.2	glyS
WP_003231947.1	NP_389521.2	flhA
WP_029726326.1	NP_388853.1	bmrD
WP_161476992.1	NP_389525.2	cheA
WP_015714699.1	NP_391222.1	nhaK
WP_250540519.1	NP_390581.1	sacC
WP_490339360.1	NP_388544.1	ligA
WP_128740029.1	NP_388295.1	pbpC
WP_339176586.1	NP_389672.1	tktA
WP_339175624.1	NP_391973.1	yyaE
WP_490339442.1	NP_387919.1	metS
WP_160243298.1	NP_388589.1	rhgZ
WP_490339551.1	NP_391003.1	tlpA
WP_462746967.1	NP_391004.2	mcpB
WP_038429524.1	NP_391001.1	tlpB
WP_003228054.1	NP_391397.1	uvrB
WP_490339453.1	NP_391931.1	gdpP
WP_490339410.1	NP_388186.2	amyE
WP_490339540.1	NP_391103.2	yuxL
WP_198878745.1	NP_389278.2	mcpC
WP_014479944.1	NP_389691.2	parE
WP_490339705.1	NP_389083.2	manP
WP_003233694.1	NP_388652.1	ltaSB
WP_003227407.1	NP_391695.1	qoxB
WP_033884375.1	NP_389082.2	manR
WP_003232062.1	NP_389459.1	prkC
WP_395532692.1	NP_390915.1	bceB
WP_327836439.1	NP_391349.1	psdB
WP_160243246.1	NP_389354.1	ylaA
WP_003245048.1	NP_389400.2	spoVD
WP_161476614.1	NP_391719.1	epr
WP_014480529.1	NP_390773.1	thrS
WP_490339432.1	NP_388047.1	nagZ
WP_029317385.1	NP_388476.2	ydiF
WP_490339475.1	NP_391739.1	licR
WP_046381135.1	NP_390097.1	ypvA
WP_024571975.1	NP_391899.2	fbp
WP_024572622.1	NP_388607.2	ltaSA
WP_490339488.1	NP_391636.2	thrZ
WP_128473988.1	NP_389820.2	yojO
WP_088326957.1	NP_391235.1	yvaC
WP_032722831.1	NP_387887.1	gyrB
WP_003230133.1	NP_390364.2	ltaSC
WP_490339688.1	NP_389268.1	pfeT
WP_161476567.1	NP_391852.2	iolD
WP_122895832.1	NP_387950.1	ftsH
WP_131228145.1	NP_391364.1	yvcB
WP_003232350.1	NP_389323.1	fruA
WP_490339578.1	NP_390592.1	oatA
WP_160245702.1	NP_390307.1	dxs
WP_227057553.1	NP_389814.2	sqhC
WP_004398625.1	NP_390932.1	asnB
WP_490339422.1	NP_388117.1	gamP
WP_003233433.1	NP_388778.1	prkA
WP_490339342.1	NP_388618.1	ettA
WP_003226825.1	NP_391981.1	trmF
WP_490339553.1	NP_390976.1	glgB
WP_198878787.1	NP_389587.1	mutL
WP_003243561.1	NP_391861.1	htpG
WP_010886602.1	NP_391027.2	pbpD
WP_411983752.1	NP_391842.2	tpeM
WP_003232245.1	NP_389373.2	ctaD
WP_440671070.1	NP_391216.1	ltaSP
WP_490339350.1	NP_388586.1	rhgW
WP_106073796.1	NP_388960.2	asnO
WP_015715673.1	NP_389046.1	kefQ
WP_490339349.1	NP_388587.1	rhgX
WP_003245847.1	NP_388982.1	samT
WP_003232278.1	NP_389360.1	bipA
WP_003229999.1	NP_390429.1	lepA
WP_110109626.1	NP_389223.1	ligD
WP_009968432.1	NP_391920.1	walK
WP_004398786.1	NP_390425.1	dnaK
WP_201757451.1	NP_389036.2	pepF
WP_003234374.1	NP_388313.1	kimA
WP_171518537.1	NP_391315.1	epsC
WP_080529263.1	NP_389282.1	kinA
WP_490339529.1	NP_391224.1	cysJ
WP_490339468.1	NP_391806.2	bglP
WP_462749130.1	NP_388691.1	acoR
WP_230488532.1	NP_389316.1	yknV
WP_042978122.1	NP_388703.1	yfiC
WP_339174872.1	NP_390400.2	dnaG
WP_339175289.1	NP_391268.1	yvbJ
WP_015252962.1	NP_388059.1	glmS
WP_014477607.1	NP_390749.2	cstA
WP_003244094.1	NP_391161.1	fadE
WP_490339564.1	NP_390771.1	lytS
WP_080529620.1	NP_390633.1	aspS
WP_069703917.1	NP_389803.1	recQ
WP_131227805.1	NP_390727.2	uvrC
WP_017697515.1	NP_388759.2	thiC
WP_144500726.1	NP_390192.1	resE
WP_080529830.1	NP_391342.1	mdxD
WP_003243345.1	NP_391362.1	bmrA
WP_490339587.1	NP_389781.1	rttL
WP_181217109.1	NP_389723.1	ggt
WP_003229567.1	NP_390722.2	sdhA
WP_110109606.1	NP_388852.1	bmrC
WP_029317738.1	NP_389315.1	yknU
WP_004398560.1	NP_390796.1	pyk
WP_462747586.1	NP_390609.1	pbpI
WP_122895028.1	NP_388250.1	yclG
WP_490339418.1	NP_388144.2	phoD
WP_088325493.1	NP_388812.2	pgcA
WP_490339362.1	NP_388538.1	yerA
WP_213385627.1	NP_391201.2	yvrG
WP_015714576.1	NP_390960.1	menD
WP_009966836.1	NP_388749.2	ygaD
WP_342006722.1	NP_390788.1	phoR
WP_195727747.1	NP_390843.1	dgcP
WP_490339684.1	NP_389335.2	adeC
WP_257436524.1	NP_388576.1	yesM
WP_490339467.1	NP_391809.2	rtbD
WP_163182343.1	NP_389489.1	ylqG
WP_029317928.1	NP_390304.2	recN
WP_339175427.1	NP_391604.1	ywjA
WP_198878839.1	NP_388940.1	yhjP
WP_038428019.1	NP_391752.1	cydD
WP_198878990.1	NP_388315.1	poxB
WP_110109452.1	NP_390689.1	spoVID
WP_029726372.1	NP_390709.1	ilvB
WP_160243140.1	NP_388226.2	tlpC
WP_029726857.1	NP_388702.1	yfiB
WP_195727746.1	NP_390846.1	acsA
WP_490339530.1	NP_391223.1	cysI
WP_490339504.1	NP_391482.2	alsS
WP_187002222.1	NP_389447.1	fbnA
WP_088326689.1	NP_390737.1	polX
WP_003218638.1	NP_389274.2	ptsI
WP_095844008.1	NP_391545.1	ureC
WP_490339728.1	NP_388310.1	ydaL
WP_338382378.1	NP_391753.1	cydC
WP_110109478.1	NP_391249.1	yvaQ
WP_110109460.1	NP_390866.1	maeC
WP_080529931.1	NP_391657.1	rocB
WP_003244309.1	NP_391586.1	maeA
WP_014479610.1	NP_389221.1	ykoS
WP_003231918.1	NP_389539.1	proS
WP_088327004.1	NP_391299.1	lutP
WP_003247135.1	NP_387900.2	dnaX
WP_490339473.1	NP_391757.1	yxkI
WP_195727749.1	NP_390839.1	ezrA
WP_029726871.1	NP_388662.1	treA
WP_342006596.1	NP_389742.2	yoaH
WP_088327025.1	NP_391336.1	mdxL
WP_029726978.1	NP_388166.1	ycdG
WP_088326687.1	NP_390734.1	lcfA
WP_015251499.1	NP_390757.1	araB
WP_009967560.1	NP_390070.2	ilvD
WP_262119326.1	NP_390338.1	yqhH
WP_003227570.1	NP_391614.1	argS
WP_015715569.1	NP_388811.2	glpD
WP_003245660.1	NP_389336.1	rnjA
WP_003231875.1	NP_389560.2	rnjB
WP_490339550.1	NP_391007.2	yugT
WP_038427652.1	NP_389466.1	yloV
WP_032722751.1	NP_391815.1	hutU
WP_014477564.1	NP_390699.1	lonB
WP_490339721.1	NP_389179.2	dppE
WP_490339648.1	NP_389707.1	ldeI
WP_229762716.1	NP_390262.2	yqjN
WP_227058623.1	NP_388442.1	vmlR
WP_227057411.1	NP_389205.2	thiW
WP_195727691.1	NP_391742.1	katX
WP_490339659.1	NP_389663.1	yndJ
WP_490339709.1	NP_389025.1	oppA
WP_110109462.1	NP_390883.1	murJ
WP_029317289.1	NP_388252.1	gerKA
WP_003234067.1	NP_388484.1	groEL
WP_131227225.1	NP_388639.1	citS
WP_038429221.1	NP_390195.1	resB
WP_122895038.1	NP_388277.2	cutJ
WP_038427334.1	NP_388188.2	lctP
WP_021480565.1	NP_391167.1	mdtP
WP_003232344.1	NP_389326.1	ykpA
WP_174223257.1	NP_389395.2	bshC
WP_003246447.1	NP_388094.2	ybeC
WP_003228746.1	NP_391078.1	dhbE
WP_131227305.1	NP_388991.1	nprB
WP_128992378.1	NP_388175.1	yceG
WP_490339500.1	NP_391508.2	ywqB
WP_010886506.1	NP_389503.1	fliF
WP_033883548.1	NP_388326.1	dctS
WP_003227612.1	NP_391596.1	pyrG
WP_490339665.1	NP_389640.2	xynB
WP_003228835.1	NP_391030.1	maeL
WP_490339439.1	NP_387938.1	yabM
WP_003233429.1	NP_388782.1	yhcA
WP_490339569.1	NP_390665.1	nadB
WP_014477890.1	NP_391122.1	pucR
WP_003228175.1	NP_391346.1	yvdB
WP_342006807.1	NP_388045.1	btr
WP_151262374.1	NP_390834.2	ytcI
WP_033884423.1	NP_390833.1	ytcJ
WP_339176025.1	NP_388701.1	malP
WP_088327089.1	NP_391451.1	tagH
WP_014480627.1	NP_390934.2	pckA
WP_128422436.1	NP_391491.1	hpxW
WP_063335623.1	NP_388541.1	yerD
WP_004398713.1	NP_390188.2	serA
WP_003245026.1	NP_389353.1	nprE
WP_003228228.1	NP_391327.1	aspP
WP_003221010.1	NP_389578.1	rny
WP_131227462.1	NP_389658.1	yndD
WP_161986231.1	NP_390636.1	yrvJ
WP_131227238.1	NP_388721.1	yfiU
WP_131227220.1	NP_388623.2	ettM
WP_100506482.1	NP_390706.1	leuA
WP_014480435.1	NP_390645.1	spoVB
WP_088327021.1	NP_391326.1	levB
WP_134991932.1	NP_388203.2	putC
WP_088467253.1	NP_390149.1	trpE
WP_014478322.1	NP_391658.1	rocA
WP_490339651.1	NP_389698.1	xynD
WP_490339368.1	NP_388511.1	cotA
WP_462746285.1	NP_391886.1	gntK
WP_227058131.1	NP_391698.2	galT
WP_029726300.1	NP_388908.2	lcfB
WP_029726201.1	NP_391703.2	vbfA
WP_003245514.1	NP_388806.2	yhcX
WP_003233970.1	NP_388517.2	guaA
WP_490339365.1	NP_388534.2	purH
WP_167407825.1	NP_388189.2	mdr
WP_015384403.1	NP_390885.1	opuD
WP_339232313.1	NP_390991.1	yubD
WP_339176602.1	NP_389703.2	ldeE
WP_014480918.1	NP_391271.1	pgm
WP_490339645.1	NP_389710.1	yngK
WP_128740684.1	NP_391033.1	nupO
WP_124073454.1	NP_388133.2	garD
WP_339176129.1	NP_388920.1	yhfW
WP_014479820.1	NP_389583.1	miaB
WP_014477772.1	NP_390979.1	floT
WP_003243077.1	NP_391890.1	ahpF
WP_407060178.1	NP_388820.1	ygxB
WP_003243255.1	NP_391814.1	hutH
WP_339174863.1	NP_390367.2	glpG
WP_080265375.1	NP_390272.2	yqjD
WP_003228001.1	NP_391421.1	flgK
WP_080477770.1	NP_389249.1	kinD
WP_490339425.1	NP_388064.1	ndhF
WP_339175300.1	YP_003097789.1	epsK
WP_490339390.1	NP_388298.2	ydaB
WP_195727694.1	NP_391729.1	dltA
WP_490339346.1	NP_388591.1	lplA
WP_014478256.1	NP_391564.1	atpA
WP_490339715.1	NP_388865.1	hemZ
WP_029726796.1	NP_390090.1	ypwA
WP_490339544.1	NP_391085.1	pepA
WP_041351299.1	NP_391605.1	clsC
WP_004398747.1	NP_390750.2	abfA
WP_490339652.1	NP_389695.2	eglS
WP_160221477.1	NP_388931.1	yhjG
WP_088467487.1	NP_387963.1	lysS
WP_029726902.1	NP_389643.1	xylB
WP_032726955.1	NP_391414.1	fliD
WP_003229205.1	NP_390894.3	ytcQ
WP_339176332.1	NP_389121.2	uxaA
WP_029318028.1	NP_389839.1	yodF
WP_015251799.1	NP_390183.1	recS
WP_014477615.1	NP_390758.2	araA
WP_003233384.1	NP_388810.2	glpK
WP_490339696.1	NP_389141.2	xkdE
WP_490339625.1	NP_389813.1	dhaS
WP_004398654.1	NP_390729.2	abfB
WP_327839263.1	NP_391125.1	pucL
WP_003246685.1	NP_388339.2	cshA
WP_003245326.1	NP_389401.1	murE
WP_490339386.1	NP_388341.1	ydbT
WP_047182828.1	NP_390220.2	spoVAF
WP_014479972.1	NP_389726.2	gltB
WP_014478164.1	NP_391475.1	rbsA
WP_003244432.1	NP_391041.3	mrpD
WP_029726571.1	NP_388249.2	dtpT
WP_003233905.1	NP_388548.1	opuE
WP_003230572.1	NP_390161.1	spoIVA
WP_339176614.1	NP_389717.1	dacC
WP_032722678.1	NP_391528.1	pucI
WP_017694801.1	NP_389346.1	speA
WP_003243430.1	NP_390984.1	gbsA
WP_003228788.1	NP_391053.1	pncB
WP_490339520.1	NP_391319.1	pnbA
WP_326225555.1	NP_387939.1	yabN
WP_122895185.1	NP_388926.1	yhjB
WP_086344049.1	NP_390266.2	zwf
WP_490339421.1	NP_388129.1	gucD
WP_326253752.1	NP_391437.1	tuaE
WP_088325494.1	NP_388818.2	lytF
WP_003230209.1	NP_390335.1	gcvPB
WP_003226803.1	NP_387890.1	guaB
WP_490339492.1	NP_391608.1	narH
WP_173614386.1	NP_391855.1	iolA
WP_173614088.1	NP_389509.2	fliK
WP_004399436.1	NP_389737.1	yoaC
WP_490339558.1	NP_390957.1	menE
WP_250621315.1	NP_390454.2	spoIVCA
WP_122895031.1	NP_388256.2	yclI
WP_490339472.1	NP_391762.1	aldY
WP_490339343.1	NP_388616.1	vdhT
WP_110109470.1	NP_390998.1	rhaB
WP_003242878.1	NP_388550.1	gatA
WP_490339570.1	NP_390659.2	alaP
WP_213414531.1	NP_390973.1	glgA
WP_131228144.1	NP_391361.1	yvcD
WP_082359949.1	NP_388968.2	yisV
WP_072175235.1	NP_388204.2	putP
WP_490339508.1	NP_391461.2	gerBA
WP_119898989.1	NP_388210.1	nasF
WP_089172437.1	NP_388057.2	cdaR
WP_088326190.1	NP_389743.2	yoaI
WP_029725996.1	NP_391440.1	tuaB
WP_014478617.1	NP_387973.1	gltX
WP_014476225.1	NP_388762.2	katA
WP_017695969.1	NP_388418.1	ydfD
WP_014477941.1	NP_391185.2	gerAA
WP_003243311.1	NP_391540.1	clsA
WP_160221892.1	NP_391707.2	efeU
WP_490339512.1	NP_391404.1	ctpB
WP_339175633.1	NP_387908.1	yaaO
WP_160221514.1	NP_389120.1	uxaB
WP_326144881.1	NP_388917.1	yhfT
WP_160221889.1	NP_391683.2	sacA
WP_128993425.1	NP_391284.1	lutB
WP_106074065.1	NP_388271.1	gabR
WP_019712854.1	NP_391790.2	deaD
WP_010886396.1	NP_388149.1	lmrB
WP_003226994.1	NP_391891.1	bglA
WP_131227505.1	NP_389783.2	yobN
WP_131227037.1	NP_388039.1	ybaR
WP_010886406.1	NP_388280.2	mtlA
WP_003234831.1	NP_388124.2	glnT
WP_003233725.1	NP_388638.1	maeS
WP_490339411.1	NP_388184.2	ycgA
WP_029317189.1	NP_388223.1	bglC
WP_131227306.1	NP_388999.3	yitY
WP_003233947.1	NP_388531.2	purF
WP_003219444.1	NP_388551.2	gatB
WP_029726161.1	NP_391818.2	hutM
WP_003230430.1	NP_390238.2	ansB
WP_161476625.1	NP_391669.2	spsB
WP_147772216.1	NP_390286.2	lpdV
WP_490339415.1	NP_388161.1	ycdB
WP_229762418.1	NP_389112.1	uxaC
WP_122895032.1	NP_388258.1	yclK
WP_029726584.1	NP_388504.1	iolT
WP_003234529.1	NP_388246.1	bsdC
WP_003227686.1	NP_391562.1	atpD
WP_001022105.1	NP_391325.1	sacB
WP_342006720.1	NP_390777.1	dnaB
WP_326121753.1	NP_391812.2	abnB
WP_080333419.1	NP_390293.2	mmgE
WP_038429808.1	NP_391651.1	bacD
WP_015253000.1	NP_387948.1	tilS
WP_003234482.1	NP_388266.1	ycnB
WP_003229604.1	NP_390704.1	leuC
WP_490339664.1	NP_389645.2	yncC
WP_088467352.1	NP_390961.1	menF
WP_015714115.1	NP_389850.1	kamA
WP_015252561.1	NP_388656.1	yflA
WP_110109613.1	NP_388895.1	hemY
WP_087614542.1	NP_389344.1	pdhD
WP_069703679.1	NP_388122.1	ybgF
WP_069322996.1	NP_391779.3	yxjC
WP_044052656.1	NP_387955.1	pabB
WP_032722325.1	NP_390746.1	glcD
WP_029726224.1	NP_391656.1	rocC
WP_003233682.1	NP_388661.1	treP
WP_110109601.1	NP_388829.1	yhdI
WP_046664004.1	NP_391637.1	mmr
WP_014481004.1	NP_391360.1	cwlO
WP_003233998.1	NP_388512.2	gabP
WP_003230365.1	NP_390267.2	gndA
WP_003228445.1	NP_391214.1	lysP
WP_130572529.1	NP_390237.1	mleN
WP_032722677.1	NP_391527.1	ywoF
WP_029726133.1	NP_391888.1	gntZ
WP_014479295.1	NP_388821.1	spoVR
WP_003243795.1	NP_391755.1	cydA
WP_490339704.1	NP_389092.1	pdaC
WP_003245556.1	NP_389498.1	clpY
WP_003242721.1	NP_391913.1	rocE
WP_015714111.1	NP_389840.1	ctpA
WP_014478619.1	NP_387975.1	cysS
WP_003245369.1	NP_389147.2	xkdK
WP_003233644.1	NP_388683.1	yfjO
WP_490339653.1	NP_389694.1	alsT
WP_490339377.1	NP_388465.1	gmuD
WP_003245791.1	NP_388827.1	bcaP
WP_003228608.1	NP_391146.1	sufB
WP_003243899.1	NP_391276.1	araE
WP_339175865.1	NP_388405.1	ydeL
WP_217024082.1	NP_391427.1	comFA
WP_160221466.1	NP_388889.1	yhfA
WP_088325487.1	NP_388794.1	tcyP
WP_038427746.1	NP_389719.2	yoeA
WP_038427472.1	NP_388497.1	gutP
WP_032725796.1	NP_389639.2	xynP
WP_024571819.1	NP_390931.1	ytnA
WP_004399126.1	NP_390876.1	ytjP
WP_490339538.1	NP_391117.1	yunD
WP_490339381.1	NP_388399.2	ydeF
WP_326228453.1	NP_388455.2	phoB
WP_077671553.1	NP_390587.2	aapA
WP_021481750.1	NP_388273.1	gabD
WP_003246273.1	NP_388088.1	ybxG
WP_003228523.1	NP_391184.1	fumC
WP_440671380.1	NP_388555.1	rlmCD
WP_256683019.1	NP_391438.1	tuaD
WP_160221890.1	NP_391684.3	sacP
WP_088467328.1	NP_390822.1	argH
WP_046161055.1	NP_391860.1	csbC
WP_044052406.1	NP_391915.1	rocR
WP_003233771.1	NP_388615.1	mtrA
WP_003233322.1	NP_388840.1	yhdT
WP_049140752.1	NP_389113.1	exuM
WP_024572918.1	NP_391720.1	sacX
WP_014478576.1	NP_391982.1	mnmE
WP_490339534.1	NP_391180.2	htrB
WP_490339446.1	NP_391957.1	tetB
WP_339176015.1	NP_388690.1	acoL
WP_227058169.1	NP_391624.1	ywhL
WP_110109598.1	NP_388822.2	phoA
WP_015715115.1	NP_387968.1	radA
WP_014475969.1	NP_388443.1	ydgF
WP_116316461.1	NP_388338.1	murF
WP_024571920.1	NP_391464.2	ywtG
WP_003244111.1	NP_391750.1	yxlA
WP_021480924.1	NP_391675.2	ywdH
WP_015382564.1	NP_387931.1	glmU
WP_004399038.1	NP_390695.1	hemA
WP_003242515.1	NP_391726.1	eapD
WP_003234968.1	NP_388049.3	murP
WP_003234818.1	NP_388130.2	gudP
WP_003234816.1	NP_388131.2	gudD
WP_003233074.1	NP_388962.1	yisQ
WP_003226936.1	NP_391919.1	walH
WP_490339693.1	NP_389209.1	ykoH
WP_128740021.1	NP_388261.1	thrD
WP_015715055.1	NP_391924.2	dnaC
WP_395530639.1	NP_388162.1	ycdC
WP_072175825.1	NP_388849.1	nhaC
WP_003233284.1	NP_388858.2	spaD
WP_106073492.1	NP_389826.1	mdtK
WP_029726045.1	NP_391529.1	ywoD
WP_015252257.1	NP_389173.2	htrA
WP_015250911.1	NP_391737.1	licC
WP_003243372.1	NP_388651.1	nagP
WP_462746468.1	NP_391625.1	ywhK
WP_167408013.1	NP_388828.1	yhdH
WP_128992562.1	NP_388760.2	ygaK
WP_088327020.1	NP_391324.1	pbpE
WP_029318525.1	NP_391964.2	yyaJ
WP_014114458.1	NP_390421.1	mtaB
WP_003232543.1	NP_389213.1	mgtE
WP_003232189.1	NP_389403.1	murD
WP_003228765.1	NP_391067.1	yukC
WP_003228527.1	NP_391182.2	cssS
WP_339175189.1	NP_391013.2	pgi
WP_327837060.1	NP_390314.2	accC
WP_213414364.1	NP_388807.2	yhxA
WP_003230547.1	NP_390173.1	sleC
WP_003227271.1	NP_391756.1	cimH
WP_490339733.1	NP_391123.1	pucJ
WP_032725587.1	NP_389233.1	ktrD
WP_014476180.1	NP_388699.1	malA
WP_490339605.1	NP_390258.2	dsdA
WP_490339427.1	NP_388058.1	glmM
WP_198878640.1	NP_390310.2	xseA
WP_160221789.1	NP_391036.1	maeN
WP_038429487.1	NP_390901.1	bioK
WP_029317920.1	NP_390336.2	gcvPA
WP_024573031.1	NP_391617.1	albA
WP_003243139.1	NP_391887.1	gntP
WP_144482465.1	NP_389456.1	rsmB
WP_032722543.1	NP_391281.1	yvbW
WP_029725961.1	NP_391332.1	cotNP
WP_490339409.1	NP_388193.2	ycgH
WP_160243292.1	NP_388594.1	lplD
WP_106073422.1	NP_391121.1	pucH
WP_003242674.1	NP_387882.1	dnaA
WP_003232020.1	NP_389480.1	ffh
WP_490339689.1	NP_389266.1	ykvU
WP_490339622.1	NP_390054.1	dinF
WP_227057554.1	NP_389816.1	yocR
WP_080529717.1	NP_390988.1	ktrB
WP_032725026.1	NP_391865.2	aldX
WP_032722758.1	NP_391825.2	yxeQ
WP_029726901.1	NP_389642.2	xylA
WP_017695726.1	NP_390838.1	braB
WP_490339623.1	NP_389855.1	yodT
WP_339175075.1	NP_390747.1	glcF
WP_338382228.1	NP_388238.1	ycxD
WP_024573041.1	NP_389706.1	ldeHA
WP_015251887.1	NP_389833.1	yojA
WP_014481033.1	NP_391401.1	yvkA
WP_009966903.1	NP_388836.1	yhdP
WP_003246460.1	NP_388096.1	glpT
WP_003231737.1	NP_389628.1	glnA
WP_490339479.1	NP_391718.1	ywbA
WP_015482683.1	NP_387891.1	dacA
WP_003229073.1	NP_390949.2	ythA
WP_204551516.1	NP_391196.1	yvrA
WP_160221600.1	NP_389608.1	aprX
WP_033884708.1	NP_390355.1	yqhB
WP_029318749.1	NP_391484.1	ywrK
WP_015714509.1	NP_390809.1	cmoJ
WP_003245272.1	NP_389364.1	ylaK
WP_003244285.1	NP_391735.1	licH
WP_003244271.1	NP_388464.1	gmuC
WP_003232311.1	NP_389343.1	pdhC
WP_003228736.1	NP_391084.1	hisP
WP_490339711.1	NP_388936.1	ntdA
WP_198879173.1	NP_388048.2	amiE
WP_003227105.1	NP_391831.1	yxeK
WP_339174915.1	NP_390546.1	brnQ
WP_038428518.1	NP_388518.1	pbuG
WP_015384975.1	NP_391673.2	ywdJ
WP_015251054.1	NP_391504.1	uglF
WP_003232169.1	NP_389411.2	ftsA
WP_490339608.1	NP_390236.1	mleA
WP_339176685.1	NP_390219.1	lysA
WP_106073659.1	NP_390805.1	ytoI
WP_227057644.1	NP_390088.1	pbuX
WP_064671728.1	NP_391850.2	iolF
WP_038429373.1	NP_390563.1	yraO
WP_032677120.1	NP_390393.1	cshB
WP_015715886.1	NP_389506.2	fliI
WP_015252262.1	NP_389169.1	steT
WP_015715099.1	NP_387921.1	yabE
WP_003230024.1	NP_390417.1	nfeDA
WP_003228602.1	NP_391149.1	sufD
WP_490339452.1	NP_391937.1	yybO
WP_339174781.1	NP_390165.1	der
WP_227058172.1	NP_391620.1	albD
WP_080316919.1	NP_389852.1	yodQ
WP_046160059.1	NP_388272.1	gabT
WP_038427856.1	NP_390919.1	ytrF
WP_029726057.1	NP_391557.1	murAA
WP_029725951.1	NP_391300.1	sigL
WP_490339572.1	NP_390654.2	csbX
WP_490339559.1	NP_390953.1	mntC
WP_326132395.1	NP_390753.2	araN
WP_029318351.1	NP_391340.1	mdxF
WP_015483210.1	NP_389431.2	pyrP
WP_014478962.1	NP_388415.1	arsF
WP_003244725.1	NP_389495.1	trmFO
WP_490339502.1	NP_391486.1	cotB
WP_217024301.1	NP_390538.1	yrkA
WP_029726160.1	NP_391819.2	pdp
WP_029318469.1	NP_391106.1	hom
WP_024571616.1	NP_391640.1	ywfO
WP_019712462.1	NP_389140.1	xtmB
WP_003242978.1	NP_388642.1	citM
WP_003229274.1	NP_390857.1	murC
WP_003229234.1	NP_390877.1	pbuO
WP_003229179.1	NP_390908.1	melA
WP_004399662.1	NP_388017.1	secY
WP_003233955.1	NP_388526.1	purB
WP_163138232.1	NP_390690.1	hemL
WP_124072762.1	NP_391124.1	pucK
WP_038428132.1	NP_388400.1	ydeG
WP_029317736.1	NP_389311.1	moeA
WP_004398777.1	NP_390117.1	asnS
WP_003245267.1	NP_389286.2	ykuC
WP_003230095.1	NP_390380.2	yqgE
WP_003229640.1	NP_390686.1	folC
WP_003228333.1	NP_391270.1	eno
WP_003226929.1	NP_391922.1	purA
WP_185183903.1	NP_391008.2	yugS
WP_173614309.1	NP_391292.2	ganB
WP_160221468.1	NP_388903.1	gltT
WP_029317453.1	NP_388751.3	gsaB
WP_003227628.1	NP_391591.2	murAB
WP_128993312.1	NP_390964.1	ytcA
WP_128740682.1	NP_391023.2	kinB
WP_080467404.1	NP_391789.1	yxiO
WP_031315588.1	NP_390141.1	aroA
WP_015714542.1	NP_390888.1	rmgT
WP_003246161.1	NP_390670.1	obgE
WP_003232333.1	NP_389332.1	kinC
WP_003232117.1	NP_389433.2	pyrC
WP_003231858.1	NP_389568.2	ymfH
WP_490339355.1	NP_388578.2	yesO
WP_174223695.1	NP_387897.1	sleL
WP_029318339.1	NP_391371.1	hisD
WP_003221939.1	NP_391589.2	rho
WP_490339680.1	NP_389418.2	thiQ
WP_227058171.1	NP_391622.1	albF
WP_227057555.1	NP_389857.1	cgeD
WP_160221470.1	NP_388910.1	yhfN
WP_015715896.1	NP_389566.2	ymfF
WP_015714553.1	NP_390905.1	msmE
WP_004398697.1	NP_390303.2	spoIVB
WP_003227205.1	NP_391785.2	citH
WP_041850718.1	NP_388317.1	mntH
WP_003247131.1	NP_387894.1	serS
WP_490339568.1	NP_390701.1	tig
WP_490339363.1	NP_388537.2	yecA
WP_339174828.1	NP_390283.1	bkdB
WP_017695497.1	NP_390996.1	rhaA
WP_014480430.1	NP_390634.1	hisS
WP_003230536.1	NP_390177.2	gudB
WP_003227482.1	NP_391659.2	rocG
WP_490339697.1	NP_389124.1	yjoB
WP_003230620.1	NP_390140.1	ypiA
WP_003229433.1	NP_390791.1	icd
WP_490339364.1	NP_388535.1	purD
WP_439846633.1	NP_390612.1	yrrO
WP_144500837.1	NP_389118.1	exuT
WP_069839038.1	NP_388979.1	yitG
WP_041850561.1	NP_391140.1	frlO
WP_038427906.1	NP_391194.1	yvqJ
WP_029726680.1	NP_389697.1	xynC
WP_014480566.1	NP_390845.1	tyrS
WP_010886604.1	NP_391070.2	adeR
WP_010886508.1	NP_389538.1	rasP
WP_003230803.1	NP_390060.1	ilvA
WP_032722752.1	NP_391816.1	hutI
WP_032722554.1	NP_391296.1	ganS
WP_029317829.1	NP_389626.2	ynbB
WP_015714437.1	NP_390631.1	rarA
WP_014475862.1	NP_388328.1	dctP
WP_490339337.1	NP_388637.1	pelA
WP_024571334.1	NP_388452.2	spoL
WP_003246697.1	NP_388311.1	ydaM
WP_003245432.1	NP_389625.2	hflX
WP_003231805.1	NP_389595.2	pksG
WP_003229613.1	NP_390700.2	clpX
WP_003229222.1	NP_390884.2	ytfP
WP_490339713.1	NP_388871.2	yhaP
WP_015714738.1	NP_391295.1	ganP
WP_003246301.1	NP_388180.2	opuAA
WP_131227056.1	NP_388092.1	cypC
WP_095843812.1	NP_390254.2	yqjV
WP_095252533.1	NP_391341.1	mdxE
WP_014477077.1	NP_389818.2	odhB
WP_490339729.1	NP_388099.1	ybfB
WP_462747947.1	NP_390807.1	sndA
WP_160243215.1	NP_391132.1	pucG
WP_029318658.1	NP_391705.1	efeB
WP_003231847.1	NP_389575.2	cinA
WP_229762408.1	NP_389196.2	proA
WP_088325901.1	NP_389594.2	pksF
WP_003227669.1	NP_391571.1	glyA
WP_490339433.1	NP_388046.1	ybbC
WP_024571720.1	NP_390268.2	polYA
WP_014478694.1	NP_388116.1	gltP
WP_004399265.1	NP_389823.1	cwlS
WP_003231439.1	NP_389736.1	yoaB
WP_339174762.1	NP_390103.1	yprB
WP_160221895.1	NP_391725.1	tyrZ
WP_003244890.1	NP_389016.1	fabF
WP_003242751.1	NP_391467.1	pgdS
WP_101172187.1	NP_391133.1	pucF
WP_088467434.1	NP_391655.1	ywfA
WP_080030675.1	NP_390252.1	polYB
WP_041352246.1	NP_388205.2	putR
WP_490339730.1	NP_391873.2	yxaL
WP_395533354.1	NP_391771.1	pepT
WP_339174918.1	NP_390551.1	cypA
WP_014664951.1	NP_390800.1	maeB
WP_010886394.1	NP_388126.2	glnJ
WP_003232341.1	NP_389328.1	ampS
WP_490339344.1	NP_388613.1	yfnC
WP_204551373.1	NP_391207.3	yvrN
WP_128738183.1	NP_391052.1	pdeH
WP_106073919.1	NP_389553.2	mlpA
WP_110109608.1	NP_388886.1	ecsB
WP_110109607.1	NP_388872.1	yhaO
WP_072175508.1	NP_388235.2	srfT
WP_015252149.1	NP_389386.1	spoVV
WP_003229564.1	NP_390725.1	lysCA
WP_003226972.1	NP_391905.1	yycR
WP_490339399.1	NP_388253.1	gerKC
WP_285299632.1	NP_390966.1	ytcC
WP_032723008.1	NP_388697.1	yfjB
WP_032678641.1	NP_388422.1	ydfH
WP_003232391.1	NP_389292.1	ykuI
WP_490339543.1	NP_391090.1	yumB
WP_262118748.1	NP_391769.1	yxjM
WP_131228326.1	NP_389002.2	argJ
WP_015252114.1	NP_389452.1	coaBC
WP_003228604.1	NP_391148.1	sufS
WP_490339724.1	NP_389030.2	yjbB
WP_217024437.1	NP_389824.2	yojK
WP_080529341.1	NP_389605.2	pksS
WP_032677426.1	NP_389242.2	mtnW
WP_017695292.1	NP_391386.1	cypX
WP_003233272.1	NP_388866.2	khtU
WP_490339661.1	NP_389660.1	yndF
WP_490339451.1	NP_391946.1	yybF
WP_128740028.1	NP_388288.3	pxpG
WP_015483233.1	NP_389558.2	dapG
WP_015251031.1	NP_391532.1	amtB
WP_003228710.1	NP_391098.1	yutK
WP_490339523.1	NP_391291.1	rsbP
WP_031600514.1	NP_389564.2	bcbE
WP_029317758.1	NP_389368.1	ftsW
WP_003229357.1	NP_390823.1	argG
WP_003228068.1	NP_391389.1	pchE
WP_371929879.1	NP_391026.2	yuxJ
WP_324199226.1	NP_389187.1	hmpA
WP_161477147.1	NP_390983.2	gbsB
WP_128740871.1	NP_391877.2	yxaH
WP_014475975.1	NP_388449.1	ydgK
WP_003226917.1	NP_391928.1	yycB
WP_490339406.1	NP_388215.2	nasA
WP_227057356.1	NP_388939.1	yhjO
WP_041335551.1	NP_388933.1	glcP
WP_038429323.1	NP_390431.1	spoIIP
WP_003229326.1	NP_390836.2	trmG
WP_003226954.1	NP_391914.1	rocD
WP_217024297.1	NP_390536.1	blt
WP_114523602.1	NP_391743.1	yxlH
WP_080477803.1	NP_388710.1	linJ
WP_015715206.1	NP_388177.1	niaP
WP_015383968.1	NP_390145.2	trpB
WP_015250930.1	NP_391713.1	ywbF
WP_003229102.1	NP_390933.1	metK
WP_003226941.1	NP_391916.1	htrC
WP_490339650.1	NP_389702.1	nrnB
WP_338382419.1	NP_391649.1	bacF
WP_046380984.1	NP_389261.1	ykvP
WP_003230230.1	NP_390319.2	spoIIIAE
WP_490339612.1	NP_390207.1	ribBA
WP_490339593.1	NP_390413.2	yqfD
WP_490339336.1	NP_388659.1	yfkR
WP_462746482.1	NP_391600.1	clsB
WP_326149771.1	NP_388515.2	yeaD
WP_204551366.1	NP_391079.2	dhbC
WP_015252544.1	NP_388689.1	acoC
WP_014479625.1	NP_389241.1	mtnE
WP_490339560.1	NP_390913.1	yttB
WP_198878547.1	NP_391434.1	tuaH
WP_160221334.1	NP_388218.1	zinU
WP_131227379.1	NP_389320.1	skiZ
WP_128992277.1	NP_389239.2	mtnK
WP_046381145.1	NP_390126.1	cca
WP_032722736.1	NP_391781.2	nupG
WP_021480587.1	NP_391209.1	yvrP
WP_003243500.1	NP_388735.1	yfhI
WP_003228042.1	NP_391402.1	minJ
WP_490339707.1	NP_389072.1	yjcL
WP_339176034.1	NP_388713.1	bifM
WP_131228149.1	NP_391381.1	nagA
WP_110109609.1	NP_388888.2	sndC
WP_088325436.1	NP_388621.1	copO
WP_080529208.1	NP_389103.1	cypE
WP_032723003.1	NP_388667.1	yfkL
WP_003242795.1	NP_388545.1	yerH
WP_003235058.1	NP_387994.1	tufA
WP_003227769.1	NP_391526.1	ywoG
WP_342006752.1	NP_388453.2	ydhE
WP_339175440.1	NP_391613.2	narK
WP_339175124.1	NP_390897.1	bioI
WP_339174987.1	NP_390666.1	nifS
WP_212059311.1	NP_390782.1	ytbD
WP_088327232.1	NP_391715.1	rlmI
WP_029725819.1	NP_388412.1	ydeR
WP_003227327.1	NP_391730.1	dltB
WP_003223511.1	NP_390825.1	ackA
WP_490339486.1	NP_391650.1	bacE
WP_160221731.1	NP_390754.1	egsA
WP_029946145.1	NP_389646.1	alrB
WP_015251776.1	NP_390231.2	deoB
WP_003246341.1	NP_388087.1	ybdO
WP_003243051.1	NP_391273.1	pgk
WP_490339602.1	NP_390297.1	mmgA
WP_110109603.1	NP_388838.1	yhdR
WP_014479654.1	NP_389283.2	dapX
WP_003244143.1	NP_391820.2	nupC
WP_003230667.1	NP_390118.1	aspB
WP_003227883.1	NP_391471.2	capB
WP_003227413.1	NP_391691.1	rodA
WP_490339477.1	NP_391732.1	dltD
WP_139451262.1	NP_388611.1	yfnE
WP_131227486.1	NP_389748.1	oxdD
WP_122895116.1	NP_389104.1	ppuG
WP_015383407.1	NP_389111.1	ndh
WP_014664025.1	NP_389582.1	kbl
WP_003233432.1	NP_388779.1	yhbH
WP_490339332.1	NP_388672.1	yfkF
WP_160243255.1	NP_388945.3	sbcD
WP_064671519.1	NP_391432.1	tagV
WP_029726484.1	NP_389577.1	pbpX
WP_029318441.1	NP_391162.1	fadA
WP_014481016.1	NP_391373.1	hisZ
WP_004398799.1	NP_390194.2	resC
WP_490339614.1	NP_390152.3	aroF
WP_490339413.1	NP_388178.1	yceJ
WP_268554238.1	NP_388070.1	ybcL
WP_227058129.1	NP_391699.1	galK
WP_038429527.1	NP_391014.1	bdhK
WP_021479530.1	NP_389070.1	metC
WP_410618838.1	NP_388105.1	purT
WP_410618234.1	NP_388973.2	yitA
WP_163138275.1	NP_390281.2	bmr
WP_131227864.1	NP_390900.1	bioFC
WP_129137970.1	NP_391439.1	tuaC
WP_128473381.1	NP_391668.1	spsC
WP_106074084.1	NP_388345.1	alrA
WP_014480174.1	NP_390229.1	dacF
WP_490339521.1	NP_391303.2	epsN
WP_038429517.1	NP_390994.1	yubA
WP_003234105.1	NP_388461.2	pbuE
WP_490339455.1	NP_391907.2	yycP
WP_339174806.1	NP_390241.2	yqxK
WP_131227743.1	NP_390662.1	safA
WP_128740681.1	NP_391022.1	patB
WP_015251447.1	NP_390849.1	acuC
WP_003228869.1	NP_391015.1	bdhJ
WP_227058421.1	NP_391621.1	albE
WP_198879159.1	NP_387907.1	yaaN
WP_128740680.1	NP_391018.2	yugH
WP_014479245.1	NP_388772.2	queG
WP_003234755.1	NP_388158.1	natB
WP_490339532.1	NP_391204.1	oxdC
WP_339176036.1	NP_388714.1	bifN
WP_069964103.1	NP_389004.2	argD
WP_029726199.1	NP_391706.1	efeM
WP_021481520.1	NP_390099.1	rlmKB
WP_003244732.1	NP_389491.1	sucC
WP_003229232.1	NP_390878.1	ythQ
WP_003227983.1	NP_391430.1	degS
WP_160221606.1	NP_389641.3	xylR
WP_128422414.1	NP_391312.1	epsF
WP_003233112.1	NP_388938.1	yhjN
WP_341116071.1	NP_388183.2	amhX
WP_003245155.1	NP_389537.2	dxr
WP_230488695.1	NP_391884.2	glxK
WP_128441985.1	NP_391791.2	yxiM
WP_122895033.1	NP_388259.1	rapC
WP_069703888.1	NP_390200.1	dacB
WP_015251871.1	NP_389861.1	phyC
WP_014477197.1	NP_390169.1	rpfA
WP_003246153.1	NP_390075.1	ugtP
WP_003245745.1	NP_389442.1	sat
WP_213376795.1	NP_389229.1	rsgI
WP_163182232.1	NP_391253.1	opuBA
WP_153529843.1	NP_390837.1	iscSB
WP_033883461.1	NP_391314.1	epsD
WP_029726299.1	NP_388911.2	aprE
WP_029318693.1	NP_391626.1	rapF
WP_024573542.1	NP_390649.1	tgt
WP_003234334.1	NP_388333.1	ydbM
WP_490339647.1	NP_389708.1	ldeJ
WP_197196331.1	NP_391864.1	yxbF
WP_161476572.1	NP_391826.2	sndB
WP_144500505.1	NP_391446.1	mnaA
WP_116316332.1	NP_388525.2	purK
WP_095843675.1	NP_389412.2	ftsZ
WP_003243370.1	NP_391263.1	opuCA
WP_003243306.1	NP_391469.1	capA
WP_003229769.1	NP_390629.2	iscSA
WP_003229018.1	NP_390975.1	glgC
WP_490339320.1	NP_388813.1	yhcY
WP_212058860.1	NP_390295.2	mmgC
WP_049140956.1	NP_391598.1	acdA
WP_017696065.1	NP_390603.1	mccB
WP_015714284.1	NP_390428.2	hemN
WP_440671332.1	NP_391775.3	yxjG
WP_015252291.1	NP_389125.1	rapA
WP_014480718.1	NP_391071.1	ald
WP_014479788.1	NP_389514.1	fliY
WP_003242509.1	NP_387883.1	dnaN
WP_003229843.1	NP_390574.2	adhB
WP_490339716.1	NP_388860.1	yheB
WP_490339685.1	NP_389318.1	skiX
WP_128993559.1	NP_391774.2	yxjH
WP_032722021.1	NP_390071.1	ypgR
WP_015251824.1	NP_390127.1	bshA
WP_010886567.1	NP_390386.1	ispG
WP_003229028.1	NP_390969.1	cotSA
WP_003227715.1	NP_391550.1	rapB
WP_212060008.1	NP_388565.2	rapH
WP_161476373.1	NP_388624.1	yfmL
WP_010886566.1	NP_390363.1	yqgT
WP_003245787.1	NP_388766.2	ssuD
WP_490339726.1	NP_390460.2	rapE
WP_229762704.1	NP_390424.2	dnaJ
WP_003246337.1	NP_388151.1	ansZ
WP_490339507.1	NP_391463.1	gerBC
WP_038428899.1	NP_389302.1	dapI
WP_490339717.1	NP_390890.3	rmgQ
WP_490339595.1	NP_390396.1	yqfO
WP_490339483.1	NP_391666.1	spsE
WP_490339398.1	NP_388254.1	gerKB
WP_161476723.1	NP_391187.1	gerAC
WP_029946494.1	NP_388281.2	mtlD
WP_015715681.1	NP_389069.1	metI
WP_015715201.1	NP_388164.1	rapJ
WP_003233655.1	NP_388677.2	yfkA
WP_003232938.1	NP_389035.1	coiA
WP_339174835.1	NP_390294.1	mmgD
WP_088326454.1	NP_390301.1	yqiG
WP_029318444.1	NP_391143.1	dadA
WP_004398810.1	NP_390792.1	citZ
WP_342006665.1	NP_388978.1	yitF
WP_131227482.1	NP_389729.1	proJ
WP_069322485.1	NP_388845.1	mscY
WP_046160682.1	NP_390627.3	mnmA
WP_029318384.1	NP_391287.2	yvfT
WP_029317945.1	NP_390271.2	yqjE
WP_004399115.1	NP_390794.1	ytvI
WP_003231912.1	NP_389542.1	nusA
WP_003230615.1	NP_390142.1	tyrA
WP_003229057.1	NP_390956.1	menC
WP_003226225.1	NP_390399.2	sigA
WP_003222294.1	NP_389341.1	pdhA
WP_490339417.1	NP_388148.2	ycbU
WP_088327308.1	NP_391824.1	yxeR
WP_029318043.1	NP_389800.1	desK
WP_003243515.1	NP_387885.1	recF
WP_131227315.1	NP_389049.1	thiO
WP_015483636.1	NP_391058.1	yueF
WP_014479222.1	NP_388743.1	mutY
WP_490339356.1	NP_388577.1	yesN
WP_462747267.1	NP_390190.2	rsiX
WP_032722630.1	NP_391462.2	gerBB
WP_032722324.1	NP_390745.2	ysfB
WP_014480309.1	NP_390432.1	gpr
WP_003229691.1	NP_390663.1	nadA
WP_490339582.1	NP_390565.2	prpF
WP_041055100.1	NP_391311.1	epsG
WP_004399076.1	NP_390928.1	tbcS
WP_003228630.1	NP_391135.1	frlP
WP_490339675.1	NP_389522.1	flhF
WP_462748533.1	NP_389181.1	aeeB
WP_024573277.1	NP_388825.2	citA
WP_015714292.1	NP_390445.1	rgpH
WP_010886623.1	NP_391409.1	prfB
WP_003244810.1	NP_389404.1	spoVE
WP_003242727.1	NP_391972.1	engD
WP_003235014.1	NP_387970.1	yacL
WP_003229578.1	NP_390716.1	gerM
WP_490339454.1	NP_391910.1	rapG
WP_046663424.1	NP_390087.1	bpsA
WP_015714468.1	NP_390705.2	leuB
WP_014480828.1	NP_391186.1	gerAB
WP_014479591.1	NP_389195.2	proB
WP_014478112.1	NP_391392.1	yvlB
WP_003242648.1	NP_391760.1	msmX
WP_326144880.1	NP_388916.1	yhfS
WP_003232115.1	NP_389434.1	pyrAA
WP_003230309.1	NP_390288.1	bcd
WP_490339687.1	NP_389269.1	papB
WP_069703555.1	NP_389659.1	yndE
WP_029317935.1	NP_390287.2	buk
WP_015383602.1	NP_389405.2	murG
WP_014476780.1	NP_389457.1	rlmN
WP_003244231.1	NP_391734.2	ilvK
WP_003235007.1	NP_387966.1	mcsB
WP_003234715.1	NP_388176.1	yceH
WP_003233711.1	NP_388644.2	nosA
WP_003233283.1	NP_388859.1	spaC
WP_490339615.1	NP_390151.1	aroB
WP_490339600.1	NP_390337.2	gcvT
WP_490339374.1	NP_388469.2	gmuG
WP_213415018.1	NP_388717.1	icaC
WP_041850712.1	NP_388308.1	epsJ
WP_015714831.1	NP_391487.1	cotH
WP_003243070.1	NP_391277.2	araR
WP_069703887.1	NP_390209.1	ribD
WP_014475870.1	NP_388337.1	ddlA
WP_003229495.1	NP_390760.1	frvX
WP_490339575.1	NP_390615.1	yrrL
WP_041333103.1	NP_391189.1	liaS
WP_004399129.1	NP_390143.2	hisC
WP_003231949.1	NP_389520.1	flhB
WP_003225736.1	NP_387969.1	disA
WP_161476863.1	NP_390370.2	yqgM
WP_144500835.1	NP_389116.1	uxuA
WP_015383186.1	NP_388793.1	dgcK
WP_014479338.1	NP_388883.1	serC
WP_003228831.1	NP_391032.2	nupN
WP_219912780.1	NP_391233.1	iolW
WP_077670618.1	NP_389028.1	oppD
WP_041333229.1	NP_391309.1	epsI
WP_029726872.1	NP_388657.1	yfkT
WP_010886459.1	NP_388832.1	asiMA
WP_003234762.1	NP_388154.1	yccF
WP_003227975.1	NP_391433.1	tagO
WP_003223454.1	NP_390853.1	aroX
WP_212060137.1	NP_388862.1	yhaZ
WP_161476993.1	NP_389524.2	cheB
WP_080478419.1	NP_390970.1	cotI
WP_015251442.1	NP_390864.1	ytoP
WP_014479133.1	NP_388605.1	yetN
WP_131228143.1	NP_391351.1	psdS
WP_077670852.1	NP_391880.2	yxnA
WP_069837488.1	NP_389372.1	ctaC
WP_069322755.1	NP_390353.1	comGA
WP_019712566.1	NP_388121.1	ilvE
WP_003227645.1	NP_391582.1	prfA
WP_003228707.1	NP_391100.2	yutJ
WP_490339393.1	NP_388282.3	ycsA
WP_041351107.1	NP_389441.1	cysP
WP_014481149.1	NP_391519.1	rapD
WP_003234750.1	NP_388160.1	ycdA
WP_110109612.1	NP_388893.1	hemE
WP_042974729.1	NP_391197.1	yvrB
WP_029726276.1	NP_389005.2	carA
WP_021479417.1	NP_389238.1	mtnA
WP_015715423.1	NP_388496.1	gutB
WP_015251726.1	NP_390326.1	papA
WP_009967889.1	NP_390619.1	yrrI
WP_003233537.1	NP_388750.1	ygaE
WP_490339734.1	NP_391105.1	thrC
WP_029318044.1	NP_389799.1	desE
WP_004398594.1	NP_390184.1	gmmB
WP_003235124.1	NP_388035.1	salA
WP_004399100.1	NP_390362.2	yqgU
WP_003242902.1	NP_388673.1	chaA
WP_003229031.1	NP_390968.1	cotS
WP_038827763.1	NP_388329.1	ydbI
WP_033883551.1	NP_388325.1	dctB
WP_015383282.1	NP_388934.2	ntdC
WP_227057407.1	NP_389184.1	pgl
WP_032722383.1	NP_390168.3	fni
WP_014480388.1	NP_390579.2	adhA
WP_169072850.1	NP_391212.1	fhuB
WP_131227173.1	NP_388507.1	ydjN
WP_015714618.1	NP_391034.1	nupP
WP_015252271.1	NP_389155.1	xkdT
WP_003245789.1	NP_389576.2	recA
WP_069703845.1	NP_390557.1	yrpB
WP_032721430.1	NP_389254.1	ykvI
WP_029726482.1	NP_389581.1	tdh
WP_029317888.1	NP_390434.1	holA
WP_490339373.1	NP_388475.1	tsaD
WP_131227383.1	NP_389379.1	ylbC
WP_019712588.1	NP_391576.1	tsaC
WP_014480631.1	NP_390950.1	ythB
WP_014479351.1	NP_388901.1	yhfE
WP_003244674.1	NP_389557.1	asd
WP_003234015.1	NP_388505.1	bdhA
WP_003233945.1	NP_388532.2	purM
WP_490339597.1	NP_390352.1	comGB
WP_131227307.1	NP_389001.2	argC
WP_038427783.1	NP_390164.1	gpsA
WP_024571748.1	NP_389746.1	pelB
WP_003229874.1	NP_390541.1	yrdP
WP_490339566.1	NP_390742.1	pheS
WP_490339525.1	NP_391282.1	yvbX
WP_490339459.1	NP_391849.2	iolG
WP_490339354.1	NP_388581.1	rhgH
WP_339175302.1	NP_391308.1	epsJ
WP_032726900.1	NP_391310.1	epsH
WP_009967372.1	NP_389738.1	yoaD
WP_003229188.1	NP_390904.1	msmR
WP_490339554.1	NP_390974.1	glgD
WP_490339457.1	NP_391883.3	yxaB
WP_339174813.1	NP_390248.1	yqkA
WP_015714866.1	NP_391556.1	spoIID
WP_003246126.1	NP_390427.1	hrcA
WP_003243057.1	NP_388727.1	sxzA
WP_339176426.1	NP_389276.1	splB
WP_339176012.1	NP_388688.1	acoB
WP_015715649.1	NP_388965.1	iolX
WP_003229723.1	NP_390650.1	queA
WP_003222549.1	NP_390707.1	ilvC
WP_490339571.1	NP_390655.1	yrbE
WP_110109451.1	NP_390688.1	cotN
WP_029317392.1	NP_388500.1	ydjG
WP_003243488.1	NP_391551.1	moaA
WP_003242752.1	NP_388503.1	ydjJ
WP_003242531.1	NP_391154.1	metN
WP_490339358.1	NP_388564.2	yeeG
WP_131227384.1	NP_389388.2	ylbL
WP_015252222.1	NP_389235.1	ykrP
WP_009968188.1	NP_391275.1	cggR
WP_003229459.1	NP_390780.1	gapB
WP_490339484.1	NP_391664.1	spsG
WP_490339471.1	NP_391765.1	galE
WP_144500834.1	NP_389115.1	yjmD
WP_089172577.1	NP_390094.1	kdgR
WP_069703946.1	NP_388626.1	yfmJ
WP_032721477.1	NP_389310.1	moeB
WP_003228692.1	NP_391107.1	cotNH
WP_339175650.1	NP_387947.2	prkT
WP_088467252.1	NP_390148.2	trpD
WP_033882865.1	NP_391754.1	cydB
WP_010886647.1	NP_391974.1	yyaD
WP_003234282.1	NP_388344.2	ydcC
WP_003231981.1	NP_389504.1	fliG
WP_003230465.1	NP_390222.1	spoVAD
WP_003230377.1	NP_390263.1	yqjM
WP_185184127.1	NP_391878.2	qdoI
WP_144500833.1	NP_389114.1	yjmC
WP_029726287.1	NP_388964.1	iolQ
WP_015252230.1	NP_389222.1	ykoT
WP_003229650.1	NP_390681.2	mreB
WP_128993409.1	NP_391211.1	fhuG
WP_110109599.1	NP_388823.2	lytE
WP_103330543.1	NP_389052.1	thiF
WP_088325402.1	NP_388546.1	yerI
WP_080528895.1	NP_388209.1	ffoR
WP_003234980.1	NP_388042.2	feuC
WP_003228318.1	NP_391278.1	yvbT
WP_128740645.1	NP_390898.1	bioB
WP_041851094.1	NP_390831.1	sppA
WP_033884941.1	NP_389178.1	dppD
WP_031600167.1	YP_054571.2	pxpC
WP_015252763.1	NP_388351.1	rsbU
WP_003245743.1	NP_389330.1	mreBH
WP_003219957.1	NP_391274.1	gapA
WP_462747951.1	NP_390811.1	cmoO
WP_033884525.1	NP_390937.2	ytlA
WP_015483530.1	NP_390702.2	ysoA
WP_004398652.1	NP_390917.1	bceS
WP_003234979.1	NP_388043.1	feuB
WP_003229718.1	YP_054590.1	ruvB
WP_003229285.1	NP_390852.1	ccpA
WP_369877811.1	NP_388631.1	fecE
WP_032722719.1	NP_391689.1	ywcH
WP_015482945.1	NP_388632.1	fecD
WP_014475588.1	NP_387962.1	dusB
WP_003244946.1	NP_389119.1	exuR
WP_003242898.1	NP_388687.1	acoA
WP_003233570.1	NP_388726.1	sxzZ
WP_003232642.1	NP_389167.2	pitB
WP_003232041.1	NP_389471.1	plsX
WP_003227776.1	NP_391522.2	mbl
WP_230488304.1	NP_390684.1	spoIIB
WP_029317518.1	NP_388764.1	ssuA
WP_003228725.1	NP_391091.2	trxBB
WP_003220879.1	NP_389513.1	fliM
WP_490339361.1	NP_388539.1	yerB
WP_163189224.1	NP_388170.2	yceB
WP_110109602.1	NP_388834.1	akrN
WP_014479356.1	NP_388906.1	lplJ
WP_004399025.1	NP_390061.1	silP
WP_003230026.1	NP_390416.1	floA
WP_198878521.1	NP_391131.1	pucA
WP_064911674.1	NP_388913.1	yhfP
WP_038430004.1	NP_389024.1	trpS
WP_015714144.1	NP_390091.1	kdgT
WP_004398565.1	NP_390285.1	bkdAA
WP_003244199.1	NP_391297.1	ganR
WP_277736954.1	NP_388510.1	yeaA
WP_227057406.1	NP_389183.2	ykfD
WP_106073788.1	NP_388937.1	ntdR
WP_029317611.1	NP_389019.2	appF
WP_014479971.1	NP_389725.1	yogA
WP_010886488.1	NP_389090.2	ctaO
WP_004399032.1	NP_390239.1	ansA
WP_003244113.1	NP_388740.1	csbB
WP_003232026.1	NP_389477.1	ftsY
WP_003231754.1	NP_389621.1	nrdF
WP_003229346.1	NP_390826.1	ytxK
WP_003226770.1	NP_387912.1	holB
WP_426692555.1	NP_391833.2	yxeI
WP_257437538.1	NP_391010.3	kbfO
WP_131227309.1	NP_389018.1	appD
WP_015251278.1	NP_391141.1	frlB
WP_003246175.1	NP_390922.1	ytrC
WP_003234894.1	NP_388083.1	ybdK
WP_003228926.1	NP_390995.1	iolU
WP_120363241.1	NP_388125.1	glsA
WP_014476212.1	NP_388742.1	yfhP
WP_004398638.1	NP_390284.1	bkdAB
WP_161476653.1	NP_391472.1	rbsR
WP_029725886.1	NP_391093.2	guaC
WP_015714649.1	NP_391114.2	lytH
WP_004398762.1	NP_390562.2	yrpG
WP_490339722.1	NP_389152.1	xkdQ
WP_490339638.1	NP_389718.1	galM
WP_490339563.1	NP_390798.1	accA
WP_440617344.1	NP_388725.1	sxzY
WP_227058627.1	NP_388459.1	ydhJ
WP_173614223.1	NP_390730.1	etfA
WP_131228141.1	NP_391348.1	yvcT
WP_131227868.1	NP_390921.1	ytrD
WP_131227166.1	NP_388471.1	thiL
WP_106073221.1	NP_391853.1	iolC
WP_029726776.1	NP_390125.1	birA
WP_029318045.1	NP_389798.1	yocD
WP_015715154.1	NP_388081.2	ybdG
WP_015385109.1	NP_391844.1	tpeK
WP_015252549.1	NP_388684.1	dusC
WP_014113660.1	NP_389342.1	pdhB
WP_003233200.1	NP_388898.1	fabHB
WP_490339699.1	NP_389108.1	yjlA
WP_198878672.1	NP_390093.1	kdgK
WP_160245386.1	NP_388199.2	ycgK
WP_106073521.1	NP_390176.2	ypdA
WP_038428989.1	NP_389592.2	pksD
WP_015483525.1	NP_390691.1	hemB
WP_003232192.1	NP_389402.2	mraY
WP_440671383.1	NP_388502.1	ydjI
WP_144500644.1	NP_390759.2	abnA
WP_032721272.1	NP_388914.2	yhfQ
WP_015715747.1	NP_389172.2	ykcC
WP_003235941.1	NP_391646.1	pta
WP_440671501.1	NP_389624.2	spoVK
WP_131227254.1	NP_388797.2	yhcO
WP_038427926.1	NP_391302.1	epsO
WP_029317941.1	NP_390275.2	yqjA
WP_009968016.1	NP_390926.1	ytqA
WP_003246287.1	NP_388115.1	ybfQ
WP_003244102.1	NP_388609.2	spmG
WP_003243404.1	NP_391465.2	tagT
WP_003227873.1	NP_391476.1	rbsC
WP_395533910.1	NP_389270.1	ykvZ
WP_128473986.1	NP_389817.1	yocS
WP_116316200.1	NP_390892.2	rmgP
WP_088327320.1	NP_391840.2	frxB
WP_076457764.1	NP_389308.1	sppO
WP_043940045.1	NP_388187.2	lctE
WP_038427805.1	NP_390539.1	yrdR
WP_021480031.1	NP_390365.2	glcK
WP_010886637.1	NP_391696.2	qoxA
WP_003242962.1	NP_391590.1	glpX
WP_490339370.1	NP_388498.1	ydjE
WP_161477062.1	NP_389084.1	manA
WP_048655022.1	NP_388514.2	yeaC
WP_032729081.1	NP_390111.1	yppC
WP_015252255.1	NP_389177.1	dppC
WP_015251166.1	NP_391333.1	cotR
WP_003246013.1	NP_390155.1	hepT
WP_003227599.1	NP_391601.1	uvsE
WP_161476990.1	NP_389552.1	ylxY
WP_131228190.1	NP_391585.1	ywkB
WP_131227226.1	NP_388641.2	yflP
WP_087960870.1	NP_389180.2	ldcA
WP_069322344.1	NP_388167.1	znuA
WP_042977070.1	NP_388397.1	ydeD
WP_032722075.1	NP_390260.1	yqjP
WP_017695943.1	NP_390257.2	coaA
WP_014480697.1	NP_391035.1	nupQ
WP_014479598.1	NP_389202.1	ispA
WP_014477373.1	NP_390412.2	phoH
WP_014476421.1	NP_389007.1	argF
WP_003243908.1	NP_391817.1	hutG
WP_003237788.1	NP_390797.1	pfkA
WP_003233650.1	NP_388681.1	yfjQ
WP_490339437.1	NP_387995.2	ybaC
WP_106074157.1	NP_388155.1	natK
WP_048655107.1	NP_390329.2	yqhQ
WP_015715213.1	NP_388200.1	cah
WP_014479122.1	NP_388592.1	lplB
WP_490339396.1	NP_388265.1	pbtQ
WP_339176335.1	NP_389128.1	xlyB
WP_339174859.1	NP_390354.1	yqxL
WP_273796434.1	NP_388044.1	feuA
WP_041337934.1	NP_389455.1	fmt
WP_029726491.1	NP_389472.1	fabD
WP_015251872.1	NP_389860.2	cgeB
WP_014476425.1	NP_389012.2	med
WP_003244450.1	NP_391356.2	mgfK
WP_003218353.1	NP_387932.1	prs
WP_490339557.1	NP_390965.1	ytcB
WP_128993477.1	NP_391460.1	pmiA
WP_119899803.1	NP_391343.1	mdxR
WP_014476561.1	NP_389170.1	mhqA
WP_014476430.1	NP_389021.2	appB
WP_014475804.1	NP_388262.1	pbtN
WP_003243775.1	NP_391355.1	whiA
WP_003231899.1	NP_389549.1	ribC
WP_003228139.1	NP_391359.1	trxB
WP_490339375.1	NP_388468.1	gmuF
WP_490339339.1	NP_388633.1	fecC
WP_458475472.1	NP_391662.1	spsJ
WP_038428310.1	NP_388123.1	ybgG
WP_029727175.1	NP_390542.1	czcD
WP_029317163.1	NP_387889.1	yaaC
WP_014480851.1	NP_391213.1	fhuD
WP_003246705.1	NP_388263.1	pbtO
WP_490339670.1	NP_389615.2	miaA
WP_163138306.1	NP_390693.1	hemC
WP_122894695.1	NP_391198.1	yvrC
WP_014477361.1	NP_390395.2	ispH
WP_003245698.1	NP_388874.1	yhaM
WP_003234824.1	NP_388127.1	glnL
WP_003225835.1	NP_388024.1	rpoA
WP_490339626.1	NP_389791.1	yobV
WP_490339465.1	NP_391822.1	deoR
WP_087961011.1	NP_390752.1	araP
WP_038427544.1	NP_388790.1	yhcI
WP_015252930.1	NP_388106.1	mpr
WP_004398971.1	NP_390803.1	nrnA
WP_490339420.1	NP_388136.1	ycbK
WP_490339401.1	NP_388237.2	ycxC
WP_163138434.1	NP_388430.1	ydfO
WP_088326691.1	NP_390740.1	rnhC
WP_019712935.1	NP_391077.1	dhbB
WP_015714783.1	NP_391378.1	yvoD
WP_003237775.1	NP_390790.1	mdh
WP_003232971.1	NP_389015.1	fabHA
WP_339176032.1	NP_388712.2	bifL
WP_210216798.1	NP_391803.1	yxxF
WP_088327380.1	NP_391967.1	ccpB
WP_088325822.1	NP_389397.1	rsmH
WP_072175252.1	NP_388138.2	ycbM
WP_019712464.1	NP_389143.1	xkdG
WP_017697250.1	NP_391728.1	menA
WP_015252502.1	NP_388773.1	yhbB
WP_015252123.1	NP_389437.1	pyrD
WP_014480531.1	NP_390776.1	dnaI
WP_009966783.1	NP_388612.1	yfnD
WP_004398884.1	NP_390423.2	prmA
WP_003245554.1	NP_389026.1	oppB
WP_003229237.1	NP_390875.1	ytkP
WP_490339712.1	NP_388894.1	hemH
WP_046160020.1	NP_388159.1	yccK
WP_003228097.1	NP_391380.1	hprK
WP_003227049.1	NP_391857.1	iolS
WP_490339576.1	NP_390613.1	yrrN
WP_131228332.1	NP_389414.1	spoIIGA
WP_131227381.1	NP_389366.1	glsB
WP_085187031.1	NP_388579.1	rhgP
WP_032730460.1	NP_388987.2	yitO
WP_015252083.1	NP_389548.1	truB
WP_014477352.1	NP_390377.2	pstC
WP_003243969.1	NP_391932.1	yybS
WP_003229243.1	NP_390872.1	ytlR
WP_003228699.1	NP_391104.1	thrB
WP_003226902.1	NP_391935.1	ppaC
WP_440671130.1	NP_391217.1	yvgK
WP_195727752.1	NP_390818.1	ascR
WP_038428312.1	NP_388128.2	kdgD
WP_003246573.1	NP_388330.1	ydbJ
WP_003245446.1	NP_389176.1	dppB
WP_003218399.1	NP_387954.1	cysK
WP_339174957.1	NP_390604.1	mccA
WP_080529155.1	NP_388955.1	yisJ
WP_043857806.1	NP_390323.1	spoIIIAA
WP_029317893.1	NP_390420.2	yqeW
WP_024572520.1	NP_388139.2	ycbN
WP_004398681.1	NP_390265.1	rnz
WP_490339526.1	NP_391251.1	opuBC
WP_462748074.1	NP_390955.1	mntA
WP_144500506.1	NP_391445.1	tagU
WP_131227490.1	NP_389761.1	penP
WP_087614237.1	NP_388103.1	ybfH
WP_069703676.1	NP_388134.1	ycbJ
WP_019712435.1	NP_388417.1	ydfC
WP_015714213.1	NP_390243.1	yqkF
WP_014478637.1	NP_388040.2	ybaS
WP_003232254.1	NP_389370.1	ctaA
WP_088326987.1	NP_391280.1	cyeB
WP_088326401.1	NP_390245.1	yqkD
WP_041850647.1	NP_388098.1	ybfA
WP_029317524.1	NP_388789.1	yhcH
WP_015714825.1	NP_391477.1	rbsB
WP_015714181.1	NP_390174.1	sleB
WP_003245567.1	NP_389029.1	oppF
WP_003232954.1	NP_389027.1	oppC
WP_003232250.1	NP_389371.1	ctaB
WP_490339429.1	NP_388051.1	murQ
WP_161477011.1	NP_389352.1	yktD
WP_144500918.1	NP_388216.2	folEB
WP_046381008.1	NP_389432.2	pyrB
WP_029726421.1	NP_390873.1	ytlQ
WP_010886530.1	NP_389821.1	yojN
WP_003244699.1	NP_389573.3	rodZ
WP_003231988.1	NP_389496.1	codV
WP_490339624.1	NP_389838.1	yodE
WP_490339426.1	NP_388061.1	alkA
WP_181216882.1	NP_388610.1	yfnF
WP_038427851.1	NP_390906.1	msmF
WP_038427635.1	NP_389327.1	panE
WP_033883800.1	NP_389322.1	fruK
WP_032725666.1	NP_389429.3	rluD
WP_015384655.1	NP_391261.1	opuCC
WP_014476655.1	NP_389284.1	cheV
WP_003246421.1	NP_388202.1	putB
WP_003244332.1	NP_388732.1	yfhF
WP_003233894.1	NP_388554.1	dagK
WP_003232961.1	NP_389022.1	appC
WP_003232182.1	NP_389406.1	murB
WP_003231400.1	NP_389753.1	yoaR
WP_490339503.1	NP_391483.1	alsR
WP_161476727.1	NP_391164.1	putM
WP_015252485.1	NP_388802.2	yhcT
WP_490339481.1	NP_391710.1	cidR
WP_163259858.1	NP_390292.1	mmgF
WP_161476696.1	NP_391289.1	yvfR
WP_004398721.1	NP_390074.2	metAA
WP_003233084.1	NP_388956.1	mblK
WP_003230051.1	NP_390407.1	era
WP_339175882.1	NP_388425.1	cesA
WP_160245735.1	NP_390806.1	ytnM
WP_029318447.1	NP_391138.1	frlM
WP_021479442.1	NP_389194.2	purU
WP_017696171.1	NP_390378.1	pstS
WP_004399246.1	NP_389728.2	gltC
WP_003238566.1	NP_389492.1	sucD
WP_003234411.1	NP_388296.1	ycsN
WP_003232049.1	NP_389468.1	sdaAA
WP_490339703.1	NP_389095.2	yjfC
WP_490339376.1	NP_388467.1	gmuE
WP_339175131.1	NP_390903.1	ytaP
WP_326144882.1	NP_388924.1	yhxD
WP_201757450.1	NP_389044.1	yjbO
WP_088272553.1	NP_391645.1	cysL
WP_038827842.1	NP_389705.1	ldeG
WP_015250787.1	NP_391963.1	yyaK
WP_003245184.1	NP_389037.2	spxH
WP_003230308.1	NP_390289.2	ptb
WP_485919465.1	NP_389394.1	panE
WP_339176371.1	NP_389164.1	xlyA
WP_082098077.1	NP_389523.1	flhG
WP_015383877.1	NP_389830.2	yojE
WP_014481046.1	NP_391420.1	flgL
WP_003233262.1	NP_388870.2	yhaQ
WP_003232513.1	NP_389232.1	htpX
WP_003232060.1	NP_389460.1	rsgA
WP_003222888.1	NP_391113.2	lipA
WP_339176599.1	NP_389700.1	yngB
WP_339176434.1	NP_389299.1	ykuO
WP_227058755.1	NP_387953.1	yacD
WP_163138265.1	NP_390450.1	yqeC
WP_131228280.1	NP_391851.1	iolE
WP_116316535.1	NP_390392.1	nfo
WP_046664162.1	NP_389376.1	ctaG
WP_038429859.1	NP_391761.1	yxkF
WP_015252717.1	NP_388428.2	mneP
WP_014479775.1	NP_389493.1	dprA
WP_010886524.1	NP_389730.2	proH
WP_003231888.1	NP_389555.1	spoVFA
WP_003230562.1	NP_390166.1	yphB
WP_003230330.1	NP_390280.2	bmrU
WP_490339487.1	NP_391643.1	ywfM
WP_339174801.1	NP_390232.2	ripX
WP_195727661.1	NP_388108.1	cesB
WP_167559896.1	NP_389182.2	eepC
WP_163138299.1	NP_390083.1	exnP
WP_106073557.1	NP_390308.2	ispA
WP_064671878.1	NP_388580.1	rhgQ
WP_015251119.1	NP_391405.1	ftsX
WP_003246132.1	NP_390544.2	gltR
WP_003226959.1	NP_391912.1	argI
WP_490339474.1	NP_391745.1	yxlF
WP_229762664.1	NP_391171.1	yusT
WP_042978042.1	NP_388593.1	lplC
WP_033884531.1	NP_390952.1	mntD
WP_003246240.1	NP_388114.1	ybfP
WP_003243903.1	NP_391357.1	yvcJ
WP_003226213.1	NP_390405.1	glyQ
WP_490339518.1	NP_391338.1	mdxJ
WP_029317900.1	NP_390376.2	pstA
WP_024572505.1	NP_389224.1	ligV
WP_010886400.1	NP_388207.1	ycgR
WP_003247145.1	NP_387892.1	pdxS
WP_003243727.1	NP_388755.1	ygxA
WP_490339506.1	NP_391473.1	rbsK
WP_490339423.1	NP_388095.1	glpQA
WP_014481127.1	NP_391497.1	ywqM
WP_003246462.1	NP_388182.1	opuAC
WP_003242763.1	NP_388728.1	yfhB
WP_003232387.1	NP_389297.1	ccpC
WP_003231929.1	NP_389532.1	tsf
WP_003230077.1	NP_390390.2	yqfU
WP_003226685.1	NP_387957.1	pabC
WP_076457336.1	NP_391947.2	yybE
WP_038428262.1	NP_387917.1	rsmI
WP_029318069.1	NP_389758.1	yoaV
WP_014477910.1	NP_391139.1	frlN
WP_004398506.1	NP_390923.1	ytrB
WP_003246592.1	NP_388267.2	ycnC
WP_003245079.1	NP_388876.1	prsA
WP_003228493.1	NP_391200.1	yvrE
WP_003228316.1	NP_391279.1	yvbU
WP_003227944.1	NP_391447.1	gtaB
WP_003226751.1	NP_387923.1	rsmA
WP_490339677.1	NP_389449.1	yloC
WP_490339383.1	NP_388396.1	ydeC
WP_080529533.1	NP_390331.1	yqhO
WP_080529110.1	NP_388824.2	citR
WP_003243192.1	NP_391183.1	yuxN
WP_003226695.1	NP_387952.1	hslO
WP_490339533.1	NP_391191.2	liaG
WP_490339382.1	NP_388398.1	ydeE
WP_160221918.1	NP_391846.1	iolJ
WP_122895025.1	NP_388244.1	bsdA
WP_029725818.1	NP_388409.1	ydeO
WP_024573337.1	NP_390799.2	accD
WP_015714065.1	NP_389757.1	yoaU
WP_015382563.1	NP_387924.1	prtG
WP_014481160.1	NP_391536.1	spoIIQ
WP_014480169.1	NP_390218.1	ypuA
WP_014475869.1	NP_388335.1	ydbO
WP_009967915.1	NP_390680.2	mreC
WP_003245816.1	NP_389559.1	dapA
WP_003233995.1	NP_388513.1	mneS
WP_003230635.1	NP_390132.2	ypjC
WP_003227545.1	NP_391629.1	speB
WP_046664349.1	NP_388027.1	ecfAB
WP_033882942.1	NP_390664.1	nadC
WP_015714637.1	NP_391081.2	besA
WP_015251604.1	NP_390564.1	yraN
WP_015250852.1	NP_391848.1	iolH
WP_003244867.1	NP_388826.1	yhdF
WP_003227457.1	NP_391667.1	spsD
WP_003226742.1	NP_387927.1	ispE
WP_490339686.1	NP_389288.2	ppeE
WP_338382436.1	NP_391581.1	prmC
WP_160221594.1	NP_389591.1	pksC
WP_101172188.1	NP_391134.1	bsnA
WP_029727177.1	NP_390540.1	czcR
WP_004398649.1	NP_390675.1	spoIVFB
WP_003245029.1	NP_389279.1	ohaC
WP_003233277.1	NP_388864.2	yhaX
WP_490339330.1	NP_388682.1	yfjP
WP_041345118.1	NP_388963.1	yisR
WP_009966510.1	NP_388220.1	yckB
WP_003244388.1	NP_391563.1	atpG
WP_003234455.1	NP_388274.1	glcU
WP_003234225.1	NP_388404.1	ydeK
WP_003231267.1	NP_389802.1	walL
WP_003230294.1	NP_390296.2	mmgB
WP_490339331.1	NP_388680.2	yfjR
WP_339174768.1	NP_390123.1	panC
WP_088327102.1	NP_391466.1	ribZB
WP_015714932.1	NP_391722.1	gspA
WP_014479220.1	NP_388739.1	ephM
WP_010886597.1	NP_390895.1	ytcP
WP_003246648.1	NP_388300.1	ydaD
WP_003232597.1	NP_389185.2	ddaH
WP_490339579.1	NP_390591.1	rsiV
WP_069963942.1	NP_387958.1	folP
WP_029726037.1	NP_391510.1	ywpJ
WP_014479970.1	NP_389724.1	ftsR
WP_014477545.1	NP_390668.1	pheA
WP_003246309.1	NP_388086.1	ybdN
WP_003245662.1	NP_388921.1	yhxC
WP_003243339.1	NP_391593.1	fbaA
WP_003234649.1	NP_388206.1	ycgQ
WP_003233597.1	NP_388705.2	catE
WP_003218342.1	NP_387928.1	purR
WP_490339583.1	NP_390556.1	aadK
WP_339175232.1	NP_391097.1	dapF
WP_069963972.1	NP_388208.1	ycgS
WP_029318448.1	NP_391137.1	frlD
WP_204551388.1	NP_391294.1	ganQ
WP_131227128.1	NP_388309.1	epsK
WP_110109605.1	NP_388848.1	dat
WP_015252968.1	NP_388050.1	murR
WP_015250965.1	NP_391661.3	spsK
WP_015250778.1	NP_391979.1	nocA
WP_003245785.1	NP_388992.1	fakBB
WP_003230259.1	NP_390311.1	folD
WP_410618230.1	NP_388980.1	yitH
WP_032722735.1	NP_391780.1	rlmA
WP_031315317.1	NP_390990.1	lytG
WP_015715878.1	NP_389487.1	rbgA
WP_015715633.1	NP_388935.2	ntdB
WP_014480032.1	NP_389827.1	rsbRC
WP_003245705.1	NP_388847.1	yheN
WP_003243895.1	NP_391119.2	yunF
WP_003234703.1	NP_388181.1	opuAB
WP_003226832.1	NP_391976.1	parB
WP_490339400.1	NP_388248.2	yclE
WP_160245701.1	NP_390306.2	yqxC
WP_106073293.1	NP_391644.1	lipL
WP_076457520.1	NP_391428.1	fakBA
WP_038427838.1	NP_390867.1	ytnP
WP_029318216.1	NP_390751.2	araQ
WP_021480288.1	NP_390774.2	ytxC
WP_015251901.1	NP_389815.1	sodF
WP_014113602.1	NP_389271.2	glcT
WP_004399689.1	NP_388026.2	ecfA
WP_003242677.1	NP_391408.2	yvjA
WP_490339535.1	NP_391177.1	yusZ
WP_076458133.1	NP_390444.2	aroE
WP_015250811.1	NP_391918.1	walI
WP_010886444.1	NP_388675.1	mscC
WP_003246340.1	NP_388169.1	znuB
WP_003245017.1	NP_388993.1	yitT
WP_003229455.1	NP_390783.1	ytbE
WP_003227349.1	NP_391721.1	sacY
WP_339176368.1	NP_389161.2	xepA
WP_227058020.1	NP_391945.1	yybG
WP_217017293.1	NP_391759.1	yxkH
WP_041335379.1	NP_389651.1	thyA
WP_490339604.1	NP_390261.1	proI
WP_339176340.1	NP_389131.2	xpdC
WP_161477046.1	NP_389134.2	xkdB
WP_144500836.1	NP_389117.1	uxuB
WP_080529292.1	NP_389420.1	ylmD
WP_049140862.1	NP_391847.1	iolI
WP_032722561.1	NP_391313.2	epsE
WP_029726040.1	NP_391516.1	ywpD
WP_021480027.1	NP_390356.2	rsbRD
WP_017695262.1	NP_391339.1	mdxG
WP_014664579.1	NP_390333.1	lipM
WP_003242615.1	NP_391763.1	gdnE
WP_003230325.1	NP_390282.2	bmrR
WP_490339695.1	NP_389203.1	rsbRB
WP_097080579.1	NP_391129.1	pucC
WP_003242598.1	NP_391787.2	licT
WP_003230652.1	NP_390124.1	panB
WP_003229851.1	NP_390566.1	csn
WP_003225795.1	NP_388000.2	rplB
WP_490339482.1	NP_391686.1	sacT
WP_490339321.1	NP_388792.2	yhcJ
WP_220396779.1	NP_390786.2	mutM
WP_015483687.1	NP_391220.1	pgoN
WP_014477785.1	NP_390993.1	uppP
WP_010886451.1	NP_388765.1	ssuC
WP_003229180.1	NP_390907.1	msmG
WP_003227543.1	NP_391630.1	speE
WP_003227282.1	NP_391751.1	nnrA
WP_003222575.1	NP_390694.2	hemX
WP_490339464.1	NP_391823.2	yxxB
WP_490339333.1	NP_388671.1	rbn
WP_128740304.1	NP_389333.1	ykqA
WP_080265401.1	NP_391173.1	feuV
WP_042977349.1	NP_388104.1	ybfI
WP_041054607.1	NP_389851.1	kamB
WP_029727150.1	NP_390589.1	yrhO
WP_017697660.1	NP_390269.1	oxaAB
WP_014665585.1	NP_391452.1	tagG
WP_014477150.1	NP_390095.1	kduI
WP_003232691.1	NP_389142.2	xkdF
WP_003229834.1	NP_390582.1	levG
WP_003226767.1	NP_387913.1	ricT
WP_076457691.1	NP_389607.2	ymaE
WP_033884945.1	NP_389175.2	dppA
WP_015714575.1	NP_390959.1	menH
WP_015252765.1	NP_388348.1	rsbRA
WP_003233386.1	NP_388809.1	glpF
WP_003228595.1	NP_391152.1	metQ
WP_490339581.1	NP_390568.2	yraK
WP_274358077.1	NP_391118.1	yunE
WP_213414573.1	NP_390712.3	ysnF
WP_197196330.1	NP_391863.2	yxbG
WP_122894877.1	NP_390438.1	comER
WP_041850721.1	NP_388324.1	ydbD
WP_038429393.1	NP_390621.1	glnH
WP_038429165.1	NP_389843.1	ldcB
WP_029318328.1	NP_391416.1	hag
WP_014480683.1	NP_391020.1	yugF
WP_014480349.1	NP_390535.1	bltR
WP_003223651.1	NP_388056.2	cdaA
WP_283933628.1	NP_390717.2	rcmE
WP_229762409.1	NP_389174.1	proCC
WP_131227130.1	NP_388320.1	ydbA
WP_019712417.1	NP_388195.1	nadE
WP_015251501.1	NP_390755.1	araL
WP_015250932.1	NP_391709.1	thiM
WP_014477672.1	NP_390851.1	motP
WP_003229044.1	NP_390963.1	ytdA
WP_339174799.1	NP_390230.1	pupG
WP_131227316.1	NP_389053.1	thiD
WP_116316326.1	NP_388509.1	ydjP
WP_038429916.1	NP_391854.2	iolB
WP_014665830.1	NP_391681.1	pdxK
WP_003229054.1	NP_390958.1	menB
WP_490339497.1	NP_391521.1	flhO
WP_473105763.1	NP_389105.1	yjjA
WP_410618146.1	NP_389252.1	motA
WP_327847348.1	NP_388427.1	ydfL
WP_029726404.1	NP_390815.1	tcyK
WP_015252377.1	NP_388995.1	ribZC
WP_014477740.1	NP_390940.1	ytlD
WP_003245342.1	NP_389220.1	ykoQ
WP_003230064.1	NP_390402.1	ppsR
WP_003227099.1	NP_391834.1	hadM
WP_490339531.1	NP_391210.1	fhuC
WP_038829406.1	NP_391290.1	rsbQ
WP_032722673.1	NP_391520.2	flhP
WP_021480693.1	NP_391379.1	lgt
WP_015384102.1	NP_390375.1	pstBA
WP_015251465.1	NP_390816.1	tcyJ
WP_009967991.1	NP_390861.1	ytpQ
WP_003234394.1	NP_388304.1	amj
WP_003231924.1	NP_389536.1	cdsA
WP_003229833.1	NP_390583.1	levF
WP_490339660.1	NP_389661.1	yndG
WP_085185480.1	NP_391677.1	ywdF
WP_029726282.1	NP_388971.1	yisY
WP_015382752.1	NP_388243.2	tcyA
WP_014664846.1	NP_390677.1	minD
WP_003229318.1	NP_390840.1	hisK
WP_257182392.1	NP_388198.2	ycgJ
WP_038429205.1	NP_390130.1	dapB
WP_014479057.1	NP_388519.2	yebC
WP_004399091.1	NP_390832.1	ppnKB
WP_003244994.1	NP_389304.2	mscT
WP_003230608.1	NP_390144.1	trpA
WP_003226427.1	NP_390302.1	spo0A
WP_015252287.1	NP_389135.2	xkdC
WP_003233737.1	NP_388630.1	fecF
WP_003232918.1	NP_389043.1	ppnKA
WP_003229815.1	NP_390598.1	yrhG
WP_144453050.1	NP_389139.1	xtmA
WP_069322571.1	NP_389350.1	suhB
WP_029317183.1	NP_388028.2	ecfT
WP_026113666.1	NP_390558.1	murI
WP_009967993.1	NP_390870.2	ytmP
WP_144527528.1	NP_388643.1	yflN
WP_032679119.1	NP_389227.1	ykoY
WP_029726483.1	NP_389579.2	pdeB
WP_029318070.1	NP_389756.1	yoaT
WP_029317772.1	NP_389417.2	ylmA
WP_024572096.1	NP_390065.1	thyB
WP_004398684.1	NP_390676.1	spoIVFA
WP_003243354.1	NP_388733.1	recX
WP_003233657.1	NP_388674.1	yfkD
WP_003231968.1	NP_389511.2	flgE
WP_003230633.1	NP_390133.1	ypjB
WP_003230200.1	NP_390339.1	yqhG
WP_003228388.1	NP_391239.1	yvaG
WP_003227109.1	NP_391829.1	yxeM
WP_003226939.1	NP_391917.2	walJ
WP_080528866.1	NP_388111.1	psd
WP_015384617.1	NP_391199.1	yvrD
WP_003244439.1	NP_388679.1	pdaA
WP_003232178.1	NP_389407.1	divIB
WP_227058022.1	NP_391943.1	ictI
WP_042975049.1	NP_390692.1	hemD
WP_003246715.1	NP_388354.2	sigB
WP_003227709.1	NP_391552.1	fdhD
WP_490339394.1	NP_388275.1	gdh
WP_339176483.1	NP_389445.1	sirB
WP_204551367.1	NP_391080.2	dhbA
WP_085185268.1	NP_391984.1	oxaAA
WP_076458474.1	NP_388416.1	ydfB
WP_033884846.1	NP_390912.1	blrA
WP_015714838.1	NP_391503.1	ywqG
WP_015714250.1	NP_390342.1	tasA
WP_014479439.1	NP_389017.1	yjaZ
WP_003232473.1	NP_389251.1	motB
WP_003151872.1	NP_391150.1	sufC
WP_440671071.1	NP_391218.1	modA
WP_046381061.1	NP_389704.1	ldeF
WP_033884029.1	NP_389796.1	yocB
WP_032726370.1	NP_390772.2	ysaA
WP_015252861.1	NP_388201.1	ycgL
WP_014480273.1	NP_390374.1	pstBB
WP_009967190.1	NP_389416.1	sigG
WP_003232221.1	NP_389387.1	ylbK
WP_003231925.1	NP_389535.1	uppS
WP_003229092.1	NP_390939.1	ytlC
WP_339176505.1	NP_389519.2	fliR
WP_144482436.1	NP_389596.1	pksH
WP_110109630.1	NP_389240.1	mtnU
WP_038429179.1	NP_389856.1	cgeE
WP_032722073.1	NP_390259.1	yqjQ
WP_015251802.1	NP_390179.1	ypbG
WP_003244095.1	NP_391648.1	bacG
WP_003229383.1	NP_390812.1	tcyN
WP_003229109.1	NP_390929.1	ytpA
WP_003228167.1	NP_391350.1	psdA
WP_003220850.1	NP_389499.1	codY
WP_490339584.1	NP_390526.1	yrkJ
WP_195727690.1	NP_391744.2	yxlG
WP_160221467.1	NP_388899.1	yhfC
WP_131228352.1	NP_390902.3	bioW
WP_041851055.1	NP_388756.2	spo0M
WP_038828015.1	NP_390732.1	fadB
WP_029726977.1	NP_388165.1	ycdF
WP_029318508.1	NP_390999.1	rhaR
WP_015252370.1	NP_389003.1	argB
WP_010886388.1	NP_387951.2	coaX
WP_003244075.1	NP_391511.1	glcR
WP_003232896.1	NP_389054.2	fabI
WP_003227516.1	NP_391642.1	psrF
WP_490339527.1	NP_391244.1	yvaM
WP_339174747.1	NP_390068.2	rsmJ
WP_263723548.1	NP_391541.1	mta
WP_230488516.1	NP_389444.1	sumT
WP_128740904.1	NP_388289.3	pxpI
WP_128740027.1	NP_388287.3	pxpA
WP_029726181.1	NP_391776.2	yxjF
WP_017696087.1	NP_391843.2	tpeL
WP_015252170.1	NP_389338.1	ykrA
WP_014480500.1	NP_390731.1	etfB
WP_003246204.1	NP_390936.1	ytmA
WP_003244693.1	NP_389280.2	ykwD
WP_003234719.1	NP_388174.1	yceF
WP_003232140.1	NP_389424.1	ylmH
WP_339176477.1	NP_389436.1	pyrK
WP_038829708.1	NP_390422.1	rsmE
WP_033883421.1	NP_391685.1	nirC
WP_015250957.1	NP_391670.1	spsA
WP_010886483.1	NP_389051.1	thiG
WP_003243196.1	NP_391109.1	nucF
WP_003234892.1	NP_388085.1	ybdM
WP_003231443.1	NP_389734.1	yoxB
WP_003230589.1	NP_390153.2	cheR
WP_490339714.1	NP_388869.3	yhaR
WP_462747264.1	NP_390189.1	aroC
WP_435081722.1	NP_388763.3	ssuB
WP_339175668.1	NP_388032.2	ybaJ
WP_339174739.1	NP_390057.1	ypmR
WP_163182344.1	NP_389488.1	rnhB
WP_038427598.1	NP_388996.1	yitV
WP_024572687.1	NP_391481.1	alsD
WP_015715273.1	NP_388331.1	ydbK
WP_015483652.1	NP_391115.1	fisB
WP_014475570.1	NP_387920.1	dayD
WP_004398706.1	NP_390278.1	artP
WP_004398521.1	NP_390820.1	ytkK
WP_004398051.1	NP_390135.1	qcrC
WP_003243767.1	NP_388696.1	yfjC
WP_003230458.1	NP_390226.1	sigF
WP_003230055.1	NP_390406.2	recO
WP_326147656.1	NP_390096.1	kduD
WP_256683264.1	NP_388501.1	ydjH
WP_247471670.1	NP_389623.2	cwlC
WP_106073365.1	NP_391353.1	yvcN
WP_080332627.1	NP_388480.1	tatCY
WP_064671004.1	NP_390548.1	azlC
WP_032722669.1	NP_391505.1	ptpZ
WP_029726859.1	NP_388700.1	malR
WP_021479436.1	NP_389204.1	thiX
WP_014480428.1	NP_390632.3	tcdA
WP_014479762.1	NP_389458.1	prpC
WP_014479136.1	NP_388608.1	spmH
WP_003245643.1	NP_389122.1	yjnA
WP_003242896.1	NP_391647.3	hemQ
WP_003235130.1	NP_388038.1	pdaB
WP_003232398.1	NP_389289.1	fadH
WP_003220911.1	NP_389529.1	sigD
WP_490339596.1	NP_390383.2	yqgB
WP_167407826.1	NP_388192.2	ycgG
WP_161477130.1	NP_388786.1	yhcE
WP_122894916.1	NP_390264.1	yqjL
WP_120363589.1	NP_391652.2	bacC
WP_003245974.1	NP_390896.2	ytbQ
WP_003243394.1	NP_391272.1	tpiA
WP_003230180.1	NP_390344.1	tapA
WP_003229569.1	NP_390721.1	sdhB
WP_003229137.1	NP_390916.1	bceA
WP_003219244.1	NP_391977.1	parA
WP_490339444.1	NP_391968.1	exoA
WP_439949243.1	NP_390560.1	zinT
WP_015714777.1	NP_391367.1	hisF
WP_015714006.1	NP_389665.1	pghL
WP_015252388.1	NP_388976.1	slpS
WP_003242619.1	NP_391435.1	tuaG
WP_003242574.1	NP_391733.2	dltE
WP_003234487.1	NP_388264.1	pbtP
WP_181217040.1	NP_389321.1	fruR
WP_076458061.1	NP_390157.1	hepS
WP_014477220.1	NP_390203.1	scpA
WP_003245855.1	NP_389228.1	sigI
WP_003245148.1	NP_389080.1	yjdA
WP_003231406.1	NP_389750.1	yoaP
WP_003227050.1	NP_391856.1	iolR
WP_490339700.1	NP_389107.1	yjkB
WP_473105764.1	NP_389106.1	yjkA
WP_163138266.1	NP_390448.1	cwlH
WP_038427276.1	NP_388041.2	eesA
WP_029727101.1	NP_390954.1	mntB
WP_015483750.1	NP_391374.1	yvpB
WP_014478857.1	NP_388291.2	pxpR
WP_003244804.1	NP_389505.2	fliH
WP_003239298.1	NP_389023.1	yjbA
WP_003223262.1	NP_388745.1	fabL
WP_339175720.1	NP_388118.1	gamA
WP_160221914.1	NP_391827.1	yxeO
WP_119899346.1	NP_389597.2	pksI
WP_017696211.1	NP_391690.1	nfrAA
WP_014475811.1	NP_388268.1	nfrAB
WP_014475598.1	NP_387977.1	rlmB
WP_003234424.1	NP_388286.2	ribZ
WP_003233698.1	NP_388650.1	mapB
WP_003232030.1	NP_389475.1	rnc
WP_490339690.1	NP_389260.1	ykvO
WP_163138233.1	NP_390685.2	comC
WP_089172519.1	NP_389166.1	spoIISA
WP_048655239.1	NP_390914.2	yttA
WP_015714484.1	NP_390743.1	rlmBB
WP_003242712.1	NP_391387.1	pchC
WP_003227811.1	NP_391507.1	tkmA
WP_003225828.1	NP_388019.1	mapA
WP_490339629.1	NP_389787.1	yobR
WP_122895024.1	NP_388241.2	tcyC
WP_122894882.1	NP_390394.1	yqfQ
WP_029317885.1	NP_390439.1	yqeM
WP_024571662.1	NP_388885.1	ecsA
WP_004399657.1	NP_388029.2	truA
WP_003244526.1	NP_387915.1	trmNF
WP_003233309.1	NP_388846.1	srtN
WP_015483817.1	NP_391558.1	ywmB
WP_015252894.1	NP_388157.1	natA
WP_014478328.1	NP_391663.1	spsI
WP_003242610.1	NP_391242.2	estA
WP_003232035.1	NP_389473.1	fabG
WP_003220918.1	NP_389531.1	rpsB
WP_161476697.1	NP_391288.1	yvfS
WP_017695280.1	NP_391368.1	hisA
WP_014481462.1	NP_391908.1	yycO
WP_003246039.1	NP_390715.1	rph
WP_003245712.1	NP_389561.3	tepA
WP_003243782.1	NP_387946.1	yabS
WP_003234130.1	NP_388450.2	ydhB
WP_003228904.1	NP_391005.1	tgl
WP_262119395.1	NP_390162.1	yphF
WP_250622474.1	NP_389039.1	cwlQ
WP_131227314.1	NP_389045.1	prpE
WP_033883595.1	NP_389010.1	yjaU
WP_004398815.1	NP_390197.2	rluB
WP_003242621.1	NP_391568.1	atpB
WP_003234069.1	NP_388482.1	ydiL
WP_003233185.1	NP_388905.1	yhfI
WP_490339692.1	NP_389257.1	queE
WP_490339545.1	NP_391062.1	bznD
WP_490339419.1	NP_388143.2	ycbR
WP_131228151.1	NP_391383.1	nagR
WP_080529316.1	NP_389485.1	trmD
WP_041333825.1	NP_389189.1	ykjA
WP_038429286.1	NP_390298.2	glpQ
WP_014479309.1	NP_388843.1	yhdW
WP_003243132.1	NP_391885.1	gntR
WP_003229964.1	NP_390447.1	yqeF
WP_410617846.1	NP_391382.1	nagBA
WP_163138277.1	NP_390270.3	yqjF
WP_110109448.1	NP_390620.1	glnQ
WP_024571825.1	NP_391786.1	bglS
WP_015715897.1	NP_389569.2	efpI
WP_014480777.1	NP_391136.3	frlR
WP_003234779.1	NP_388146.2	tatCD
WP_003234568.1	NP_388234.1	srfAD
WP_003229290.1	NP_390850.1	motS
WP_122895469.1	NP_389786.1	yobQ
WP_041337795.1	NP_388527.1	purC
WP_019712907.1	NP_390770.1	lytT
WP_003245732.1	NP_389563.1	ymfC
WP_003228510.1	NP_391190.1	liaF
WP_490339718.1	NP_390660.1	yrbC
WP_490339662.1	NP_389652.2	yncM
WP_490339516.1	NP_391365.1	yvcA
WP_490339456.1	NP_391894.1	liaM
WP_219144591.1	NP_390451.2	yqeB
WP_147772213.1	NP_390276.1	artR
WP_128993465.1	NP_391425.2	comFC
WP_128993424.1	NP_391283.1	lutC
WP_088325315.1	NP_388290.2	pxpB
WP_029317626.1	NP_389068.1	yjcH
WP_015714739.1	NP_391298.2	lutR
WP_004398603.1	NP_390181.1	ypbE
WP_003246107.1	NP_390193.2	resD
WP_003243421.1	NP_391665.2	spsF
WP_003229442.1	NP_390789.2	phoP
WP_003220923.1	NP_389533.2	pyrH
WP_339175437.1	NP_391611.1	ywiC
WP_173614079.1	NP_389438.1	pyrF
WP_038429789.1	NP_391619.1	albC
WP_033884539.1	NP_390962.2	yteA
WP_014481512.1	NP_391980.1	rsmG
WP_004399112.1	NP_390814.1	tcyL
WP_003242611.1	NP_388566.3	yeeI
WP_003229226.1	NP_390882.2	rsuA
WP_003221446.1	NP_389415.2	sigE
WP_106073330.1	NP_391498.2	nfi
WP_042975336.1	NP_391285.1	lutA
WP_032722670.1	NP_391506.1	ptkA
WP_014481215.1	NP_391612.1	fnr
WP_014479980.1	NP_389732.1	yoxD
WP_003233679.1	NP_388663.1	treR
WP_003227229.1	NP_391778.1	scoA
WP_490339322.1	NP_388776.1	yhbE
WP_251187148.1	NP_388466.1	gmuR
WP_033883478.1	NP_391352.1	psdR
WP_015252979.1	NP_388034.1	cwlD
WP_015250923.1	NP_391723.1	ywaF
WP_003243545.1	NP_391202.2	yvrH
WP_342006662.1	NP_389047.1	tenA
WP_326228452.1	NP_388454.1	ydhF
WP_131227539.1	NP_390128.2	bshBA
WP_119899226.1	NP_388974.2	yitB
WP_046160232.1	NP_388887.1	ecsC
WP_019712614.1	NP_391893.1	yydK
WP_003229230.1	NP_390879.1	ythP
WP_003218680.1	NP_389301.2	dapH
WP_490339719.1	NP_390559.1	yrpD
WP_110109631.1	NP_389243.1	mtnX
WP_106074004.1	NP_388614.1	pynN
WP_019712895.1	NP_390813.1	tcyM
WP_019712204.1	NP_388777.2	yhbF
WP_014477821.1	NP_391031.1	maeM
WP_009967184.1	NP_389409.2	ylxX
WP_003245758.1	NP_389609.1	pghC
WP_003244363.1	NP_391921.1	walR
WP_003244300.1	NP_391653.1	bacB
WP_003234841.1	NP_388119.1	gamR
WP_003234156.1	NP_388435.1	ydfS
WP_003231585.1	NP_389676.1	ccdA
WP_003234541.1	NP_388242.1	tcyB
WP_003228247.1	NP_391317.1	epsA
WP_490339628.1	NP_389789.1	yobT
WP_110109627.1	NP_389231.1	htpK
WP_038429387.1	NP_390608.1	yrrS
WP_038429167.1	NP_389844.1	deoD
WP_015714112.1	NP_389841.1	yodH
WP_015250988.1	NP_391623.1	albG
WP_003246338.1	NP_388132.2	garR
WP_003234759.1	NP_388156.1	natR
WP_003230580.1	NP_390156.1	menG
WP_003221498.1	NP_389440.1	cysH
WP_490339352.1	NP_388583.1	rhgT
WP_339246723.1	NP_387971.1	ispD
WP_029726781.1	NP_390116.1	dnaD
WP_029318392.1	NP_391267.1	yvbI
WP_010886431.1	NP_388547.1	sapB
WP_003235040.1	NP_387984.2	rplA
WP_003231419.1	NP_389744.1	exlX
WP_131227376.1	NP_389317.1	skiW
WP_041851110.1	NP_390899.1	bioD
WP_041351757.1	NP_390682.1	ysxA
WP_038429386.1	NP_390605.1	mtnN
WP_033884849.1	NP_390918.1	bceR
WP_015483203.1	NP_389408.2	ylxW
WP_014479125.1	NP_388595.1	yetF
WP_014475714.1	NP_388168.1	znuC
WP_003229482.1	NP_390768.1	pftB
WP_003229129.1	NP_390920.1	ytrE
WP_490339725.1	NP_388758.2	ygaJ
WP_490339679.1	NP_389421.1	ylmE
WP_326224272.1	NP_391219.3	modB
WP_029318236.1	NP_390808.1	ribR
WP_015715816.1	NP_389319.1	skiY
WP_003227015.1	NP_391882.3	yxaC
WP_131227516.1	NP_389854.1	yodS
WP_129092355.1	NP_388788.1	yhcG
WP_015252719.1	NP_388426.1	ydfK
WP_014480848.1	NP_391208.2	yvrO
WP_014477139.1	NP_390081.1	queP
WP_003243527.1	NP_391845.1	tpeJ
WP_003234078.1	NP_388473.1	tsaB
WP_003230248.1	NP_390317.2	spoIIIAG
WP_003229501.1	NP_390756.1	araD
WP_003219701.1	NP_391429.1	degU
WP_227057414.1	NP_389208.1	ykoG
WP_128992625.1	NP_388975.1	slpH
WP_080121049.1	NP_388140.3	ycbO
WP_014479073.1	NP_388542.1	pcrB
WP_003228039.1	NP_391406.1	ftsE
WP_227057542.1	NP_389747.1	yoaM
WP_131227317.1	NP_389055.1	cotO
WP_088327018.1	NP_391323.1	racX
WP_041851253.1	NP_388499.1	pspA
WP_038429463.1	NP_390819.2	ytkL
WP_024571497.1	NP_391555.1	ywmC
WP_014663062.1	NP_388529.1	purQ
WP_003246532.1	NP_388257.1	yclJ
WP_003228249.1	NP_391316.1	epsB
WP_339175877.1	NP_388420.1	ydfF
WP_163138300.1	NP_390080.2	ypeP
WP_163131349.1	NP_389277.2	ykwB
WP_131227838.1	NP_390829.1	ytfI
WP_080528920.1	NP_388255.1	yclH
WP_038427522.1	NP_388640.1	citT
WP_032722741.1	NP_391788.1	yxiP
WP_017695313.1	NP_391436.1	tuaF
WP_015715769.1	NP_389210.1	ykoI
WP_014478888.1	NP_388327.1	dctR
WP_014477102.1	NP_389848.1	yodN
WP_009966453.1	NP_388137.2	ycbL
WP_004398901.1	NP_390678.1	minC
WP_003234624.1	NP_388219.1	yckA
WP_003228374.1	NP_391250.1	opuBD
WP_161476624.1	NP_391676.1	ung
WP_128441942.1	NP_391712.2	cidB
WP_088327118.1	NP_391485.1	ywrJ
WP_004399503.1	NP_389745.1	yoaK
WP_003231824.1	NP_389590.1	pksB
WP_003231283.1	NP_389794.1	yocA
WP_003228889.1	NP_391009.1	yugP
WP_003228755.1	NP_391073.2	yukJ
WP_003228529.1	NP_391181.1	cssR
WP_003228506.1	NP_391192.1	liaH
WP_342006753.1	NP_388451.1	ydhC
WP_088327023.1	NP_391335.1	mdxM
WP_014478003.1	NP_391260.1	opuCD
WP_003243553.1	NP_391554.1	ywmD
WP_003230555.1	NP_390170.1	cmk
WP_003227654.1	NP_391578.1	spoIIR
WP_003227111.1	NP_391828.1	yxeN
WP_003225560.1	NP_390136.1	qcrB
WP_490339493.1	NP_391606.1	narI
WP_029726159.1	NP_391821.2	deoC
WP_029317748.1	NP_389340.2	ykyA
WP_003234895.1	NP_388082.1	ybdJ
WP_003227396.1	NP_391701.2	slrC
WP_015251427.1	NP_390887.1	rmgU
WP_015250933.1	NP_391708.1	thiE
WP_003228942.1	NP_390987.1	ktrA
WP_003228593.1	NP_391153.1	metP
WP_003228414.1	NP_391228.1	bdbD
WP_131228148.1	NP_391375.1	pelC
WP_029726984.1	NP_389226.1	ykoX
WP_014479155.1	NP_388646.1	yflK
WP_014476241.1	NP_388781.1	yhbJ
WP_003245692.1	NP_389517.1	fliP
WP_003243096.1	NP_388664.1	hypO
WP_003231215.1	YP_054582.2	bshBB
WP_003222311.1	NP_389334.1	ktrC
WP_490339565.1	NP_390767.2	yscB
WP_490339450.1	NP_391950.1	yybB
WP_490339351.1	NP_388584.1	yesU
WP_339176030.1	NP_388711.1	linK
WP_003233396.1	NP_388805.1	glpW
WP_003232050.1	NP_389467.1	sdaAB
WP_339175861.1	NP_388403.1	ydeJ
WP_106073911.1	NP_389516.1	fliZ
WP_046380957.1	NP_389151.2	xkdP
WP_038427620.1	NP_389255.1	queC
WP_009967580.1	NP_390115.1	nth
WP_003243167.1	NP_391633.1	ywhC
WP_003230340.1	NP_390277.1	artQ
WP_163182159.1	NP_390316.2	spoIIIAH
WP_151262358.1	NP_390646.1	yrbG
WP_072175151.1	NP_391087.1	spsC
WP_015714960.1	NP_391770.1	yxjL
WP_003242001.1	NP_388003.2	rpsC
WP_003232944.1	NP_389033.1	yjbE
WP_003232942.1	NP_389034.1	mecA
WP_003230542.1	NP_390175.1	prsW
WP_003229784.1	NP_390623.1	glnP
WP_003225758.1	NP_387979.1	sigH
WP_490339434.1	NP_388018.1	adk
WP_256683434.1	NP_389461.1	rpe
WP_198878928.1	NP_388588.1	yesY
WP_024572730.1	NP_389853.1	yodR
WP_015715086.1	NP_387895.1	dck
WP_015714429.1	NP_390614.1	yrrM
WP_015714011.1	NP_389670.1	dinL
WP_009966881.1	NP_388799.1	yhcQ
WP_003230551.1	NP_390172.1	dgrA
WP_003228370.1	NP_391252.1	opuBB
WP_003228349.1	NP_391262.1	opuCB
WP_003227979.1	NP_391431.1	yvyE
WP_003225749.1	NP_387974.1	cysE
WP_490339458.1	NP_391858.1	yxcE
WP_163138371.1	NP_391304.1	epsM
WP_160221711.1	NP_390622.1	glnM
WP_014481021.1	NP_391377.1	ppaX
WP_003246178.1	NP_390397.1	trmK
WP_003243049.1	NP_391777.1	scoB
WP_213382176.1	NP_390656.2	yrzF
WP_088467251.1	NP_390146.3	trpF
WP_015252479.1	NP_388814.1	yhcZ
WP_014480161.1	NP_390208.1	ribE
WP_003246307.1	NP_388147.1	pcp
WP_003234545.1	NP_388240.2	yczE
WP_003234073.1	NP_388478.1	rex
WP_339174803.1	NP_390234.1	spoIIM
WP_160221469.1	NP_388907.1	yhfK
WP_014479765.1	NP_389462.1	thiN
WP_014479129.1	NP_388601.1	calJ
WP_003229294.1	NP_390848.1	acuB
WP_003220716.1	NP_391046.1	comA
WP_490339701.1	NP_389100.1	yjhA
WP_490339380.1	NP_388423.1	ydfI
WP_490339323.1	NP_388775.1	yhbD
WP_080530079.1	NP_390775.1	ytxB
WP_080529611.1	NP_390606.1	yrrT
WP_029317305.1	NP_388292.1	lipC
WP_015714860.1	NP_391543.1	ywnB
WP_015714073.1	NP_389765.1	xynA
WP_015251138.1	NP_391372.1	hisG
WP_004398646.1	NP_390868.1	trmB
WP_004398522.1	NP_390062.1	yplQ
WP_131227453.1	NP_389635.1	ynaE
WP_029726283.1	NP_388970.1	yisX
WP_015714779.1	NP_391369.1	hisH
WP_015252167.1	NP_389348.1	yktB
WP_014475698.1	NP_388152.1	estA
WP_003243137.1	NP_387909.2	tmk
WP_003237058.1	NP_390403.1	ccpN
WP_003227626.1	NP_391592.3	tal
WP_123373073.1	NP_390359.1	yqgX
WP_088327211.1	NP_391679.2	ywdD
WP_032722866.1	NP_388062.1	adaA
WP_029318425.1	NP_391188.1	liaR
WP_021479720.1	NP_387942.1	spcQ
WP_010886614.1	NP_391265.1	yvbG
WP_003245469.1	NP_389644.1	yncB
WP_003245294.1	NP_389042.1	relP
WP_003243587.1	NP_391234.1	azoRB
WP_003225916.1	NP_390611.1	udk
WP_490339632.1	NP_389760.1	yoaZ
WP_128471741.1	NP_388716.1	estB
WP_032724921.1	NP_388228.1	hxlA
WP_029726417.1	NP_390847.1	acuA
WP_029317782.1	NP_389439.1	pyrE
WP_015251302.1	NP_391112.1	yutC
WP_014477480.1	NP_390588.1	yrhP
WP_003244564.1	NP_391727.1	relQ
WP_085185329.1	NP_391895.1	liaL
WP_072173406.1	NP_388575.1	yesL
WP_071578700.1	NP_388191.1	ycgF
WP_029318340.1	NP_391366.1	hisIE
WP_009966972.1	NP_388977.1	yitE
WP_004399671.1	NP_387997.1	rplC
WP_003234135.1	NP_388447.1	ydgI
WP_003232485.1	NP_389244.1	mtnB
WP_003232269.1	NP_389363.1	ylaJ
WP_003231935.1	NP_389527.1	cheC
WP_003227670.1	NP_391570.1	upp
WP_080477798.1	NP_389101.2	yjhB
WP_041056970.1	NP_388585.1	yesV
WP_038429330.1	NP_390449.1	yqeD
WP_029317269.1	NP_388055.1	rsiW
WP_003243764.1	NP_391983.1	jag
WP_003232442.1	NP_389265.1	ykvT
WP_003231260.1	NP_389804.1	azoJ
WP_198878530.1	NP_391094.2	paiB
WP_144500748.1	NP_389825.3	cdaS
WP_029725823.1	NP_388419.1	ydfE
WP_014477663.1	NP_390841.1	refZ
WP_010886465.1	NP_388929.1	yhjE
WP_004399658.1	NP_387998.1	rplD
WP_003245517.1	NP_388771.1	yhzB
WP_003232244.1	NP_389374.1	ctaE
WP_003226790.1	NP_387896.1	dgk
WP_396123078.1	NP_388617.1	yfmS
WP_161476974.1	NP_389622.1	ymaB
WP_080031073.1	NP_388460.1	ydhK
WP_072173938.1	NP_390299.2	yqiI
WP_032721250.1	NP_388854.1	yheG
WP_015714205.1	NP_390225.2	spoVAA
WP_015252716.1	NP_388429.1	ydfN
WP_015251730.1	NP_390318.1	spoIIIAF
WP_004399067.1	NP_390112.1	recU
WP_004398497.1	NP_390063.2	ypkP
WP_339175242.1	NP_391130.2	pucB
WP_160221866.1	NP_391489.1	ywrF
WP_122894878.1	NP_390437.1	comEA
WP_029726669.1	NP_389662.1	yndH
WP_029317807.1	NP_389589.1	pksA
WP_015715674.1	NP_389048.1	tenI
WP_015252404.1	NP_388951.1	gerPC
WP_014480688.1	NP_391025.1	kapD
WP_003243890.1	NP_391975.1	sprC
WP_003238209.1	NP_389668.1	lexA
WP_003218470.1	NP_389168.1	ykaA
WP_317680646.1	NP_390067.1	ypjP
WP_198879158.1	NP_387906.1	xpaC
WP_173614087.1	NP_389508.2	ylxF
WP_043858126.1	NP_388276.1	cutI
WP_014478815.1	NP_388245.1	ubiX
WP_009968341.1	NP_391654.1	bacA
WP_003243443.1	NP_387933.1	ctc
WP_003243118.1	NP_391266.1	yvbH
WP_003232083.1	NP_389450.2	gmk
WP_003227409.1	NP_391694.1	qoxC
WP_038429169.1	NP_389846.1	pgpB
WP_003239501.1	NP_388880.1	scoC
WP_003230469.1	YP_003097758.1	spoVAEA
WP_003228419.1	NP_391226.1	yvgT
WP_128740025.1	NP_388284.2	yczH
WP_046160871.1	NP_391305.1	epsL
WP_014477092.1	NP_389836.1	noxC
WP_004398583.1	NP_390381.3	sodA
WP_003222512.1	NP_390723.1	sdhC
WP_076458270.1	NP_390860.1	ytpR
WP_003235045.1	NP_387987.1	rlmG
WP_003229717.1	NP_390652.1	ruvA
WP_490339524.1	NP_391286.1	yvfU
WP_305090519.1	NP_389130.1	pghB
WP_227057413.1	NP_389207.1	thiU
WP_124059396.1	NP_391704.1	ywbO
WP_042976971.1	NP_391953.1	yyaS
WP_029318030.1	NP_389837.1	yodD
WP_003244650.1	NP_389556.1	spoVFB
WP_003230529.1	NP_390182.1	ypbD
WP_003229304.1	NP_390844.1	rpsD
WP_003228737.1	NP_391083.1	bioYB
WP_490339694.1	NP_389206.2	thiV
WP_131227256.1	NP_388801.1	srtA
WP_131227149.1	NP_388439.1	ydgC
WP_131227133.1	NP_388342.1	ydcA
WP_042977278.1	NP_388171.1	yceC
WP_015714467.1	NP_390703.1	leuD
WP_004399356.1	NP_389801.1	desR
WP_003246608.1	NP_388355.1	rsbX
WP_003245829.1	NP_388972.1	yisZ
WP_003233335.1	NP_388835.1	plsC
WP_003232376.1	NP_389309.1	mobA
WP_003230560.1	NP_390167.1	yphA
WP_326228417.1	NP_388299.1	ydaC
WP_119899464.1	NP_389701.1	yngC
WP_024572596.1	NP_389132.3	xkdA
WP_015251523.1	NP_390714.1	rdgB
WP_004399693.1	NP_388037.1	kbaA
WP_003246345.1	NP_388194.3	ycgI
WP_003245996.1	NP_390661.2	sgpA
WP_003244147.1	NP_388413.1	ydeS
WP_003228739.1	NP_391082.1	yuiH
WP_003225425.1	NP_387902.1	recR
WP_339175859.1	NP_388402.1	ydeI
WP_043940264.1	NP_388196.2	tmrB
WP_015252120.1	NP_389443.1	cysC
WP_015251064.1	NP_391493.1	chrB
WP_010886620.1	NP_391347.1	yvdA
WP_004398928.1	NP_390784.1	coaE
WP_004398789.1	NP_390134.1	ypjA
WP_003228214.1	NP_391334.1	clpP
WP_003223904.1	NP_390202.1	spcB
WP_029726364.1	NP_387893.1	pdxT
WP_015383933.1	NP_390092.1	kdgA
WP_015251895.1	NP_389822.1	sodC
WP_004398980.1	NP_390199.1	spmA
WP_003227303.1	NP_391741.1	aag
WP_131227303.1	NP_388989.2	yitQ
WP_015252651.1	NP_388533.2	purN
WP_014478269.1	NP_391587.1	tdk
WP_010886627.1	NP_391488.1	cotG
WP_003229621.1	NP_390697.1	engB
WP_339174953.1	NP_390595.1	bscR
WP_273796397.1	NP_388217.2	yciB
WP_187954474.1	YP_054572.1	yezE
WP_021479714.1	NP_387956.1	pabA
WP_015714780.1	NP_391370.1	hisB
WP_015714142.1	NP_390089.1	xpt
WP_004398483.1	NP_390927.1	ytqB
WP_003244950.1	NP_388985.1	yitM
WP_003244443.1	NP_391328.2	yvdT
WP_003243940.1	NP_388729.1	yfhC
WP_003230533.1	NP_390178.1	mecB
WP_003230521.1	NP_390191.2	sigX
WP_003229547.1	NP_390733.1	fadR
WP_490339414.1	NP_388172.1	yceD
WP_339174741.1	NP_390058.2	scuA
WP_326144903.1	NP_388959.1	yisN
WP_273796523.1	NP_390388.1	yqfW
WP_198878512.1	NP_391195.2	yvqK
WP_024573494.1	NP_391534.1	bcrC
WP_017695347.1	NP_388915.1	phoE
WP_015383592.1	NP_389392.1	gerR
WP_003244753.1	NP_389574.2	pgsA
WP_003234158.1	NP_388434.1	ydfR
WP_003232348.1	NP_389324.1	sipT
WP_003231560.1	NP_389689.1	plsY
WP_029317573.1	NP_388923.1	comK
WP_015483131.1	NP_389156.1	xkdU
WP_004399131.1	NP_390671.1	spo0B
WP_003243361.1	NP_390982.1	yuaD
WP_003241242.1	NP_388173.1	yceE
WP_003233388.1	NP_388808.1	glpP
WP_003228966.1	NP_390977.1	thiT
WP_003224597.1	NP_389031.2	yjbC
WP_088326249.1	NP_389788.1	yobS
WP_014481045.1	NP_391419.1	yviE
WP_014479348.1	NP_388896.1	yhgD
WP_014476503.1	NP_389097.1	yjgB
WP_003232378.1	NP_389307.1	rok
WP_003228180.1	NP_391344.1	yvdD
WP_003227022.1	NP_391879.2	qdoR
WP_080529787.1	NP_391238.1	yvaF
WP_014479452.1	NP_389040.1	yjbK
WP_004399159.1	NP_390186.1	fmnP
WP_003234446.1	NP_388278.1	cutR
WP_003234219.1	NP_388407.1	ydeN
WP_003230181.1	NP_390343.1	sipW
WP_003225516.1	NP_390159.1	folEA
WP_338382602.1	NP_390442.1	nadD
WP_230488626.1	NP_391411.1	hpf
WP_029725984.1	NP_391400.1	yvkB
WP_004398496.1	NP_390683.1	maf
WP_003245125.1	NP_388796.2	yhcN
WP_003233850.1	NP_388572.1	cotJC
WP_003229978.1	NP_390436.1	comEB
WP_003227761.1	NP_391530.2	ywoC
WP_019712537.1	NP_390553.1	yrdC
WP_015715072.1	NP_391956.1	yyaP
WP_003246449.1	NP_388150.1	lmrA
WP_003232044.1	NP_389470.1	fapR
WP_003226727.1	NP_387934.1	pth
WP_490339519.1	NP_391331.1	yvdQ
WP_229762703.1	NP_390426.1	grpE
WP_161476864.1	NP_390369.1	folN
WP_014478649.1	NP_388054.1	sigW
WP_003243686.1	NP_391889.1	ahpC
WP_003234434.1	NP_388283.1	sipU
WP_003230807.1	NP_390056.1	ypmS
WP_003229074.1	NP_390947.1	ytiB
WP_088467287.1	NP_390533.1	yrkC
WP_072174198.1	NP_389099.1	yjgD
WP_015253010.1	NP_387922.1	rnmV
WP_014480316.1	NP_390441.1	yqeK
WP_003246473.1	NP_388197.2	aroK
WP_003233151.1	NP_388918.1	bioY
WP_490339462.1	NP_391835.1	yxeG
WP_490339402.1	NP_388236.1	ycxB
WP_462749695.1	NP_387965.1	mcsA
WP_339176020.1	NP_388695.1	yfjD
WP_339175779.1	NP_388227.1	hxlB
WP_086343851.1	NP_389588.1	ymcC
WP_042975495.1	NP_391575.1	mntP
WP_038428783.1	NP_389011.2	yjaV
WP_029318053.1	NP_389782.3	yobM
WP_015251636.1	NP_390530.1	yrkF
WP_004398600.1	NP_390242.1	nudF
WP_003235126.1	NP_388036.1	gerD
WP_003231927.1	NP_389534.1	frr
WP_003228837.1	NP_391029.2	yufK
WP_003228345.1	NP_391264.1	opcR
WP_003226377.1	NP_390325.2	efp
WP_033884396.1	NP_391965.1	maa
WP_021479346.1	NP_389384.2	rsmD
WP_015482896.1	NP_388521.2	yebE
WP_015251007.1	NP_391584.1	racA
WP_003245474.1	NP_389339.1	defB
WP_003227586.1	NP_391607.1	narJ
WP_339175209.1	NP_391054.1	pncA
WP_160245741.1	NP_390874.1	ytlP
WP_088326387.1	NP_390212.1	sipS
WP_041850710.1	NP_388302.1	ydaF
WP_024572091.1	NP_389219.2	ykoP
WP_029726850.1	NP_388715.1	padR
WP_440671103.1	NP_391565.1	atpH
WP_174223203.1	NP_390101.2	ypsA
WP_106073332.1	NP_391496.1	ywqN
WP_085187900.1	NP_387898.1	yaaI
WP_046160488.1	NP_389792.1	yobW
WP_014481253.1	NP_391671.1	gerQ
WP_004399558.1	NP_389720.2	iseA
WP_003243556.1	NP_390986.1	bslA
WP_003238555.1	NP_389497.1	clpQ
WP_003232852.1	NP_389071.1	yjcK
WP_003232127.1	NP_389430.1	pyrR
WP_003231833.1	NP_389585.1	cotE
WP_003231473.1	NP_389721.2	yoeC
WP_440671104.1	NP_391572.1	ywlG
WP_087614410.1	NP_388573.1	yesJ
WP_029727148.1	NP_390596.1	yrhH
WP_014480661.1	NP_390985.1	gbsR
WP_004398582.1	NP_390667.2	niaR
WP_003245371.1	NP_389305.1	ahpA
WP_003226700.1	NP_387949.1	hprT
WP_490339731.1	NP_391764.2	yxkC
WP_041352200.1	NP_388063.1	adaB
WP_014477219.1	NP_390201.1	ypuI
WP_004399690.1	NP_388012.1	rplF
WP_004399171.1	NP_390139.1	ypiB
WP_003232993.1	NP_389000.1	yitZ
WP_003230513.1	NP_390196.2	resA
WP_003225809.1	NP_388009.1	rplE
WP_490339505.1	NP_391478.1	ywsB
WP_131227237.1	NP_388720.1	bstA
WP_088326588.1	NP_390514.1	yqaC
WP_032722729.1	NP_391749.1	sigY
WP_029317835.1	NP_389634.1	ynaD
WP_014665634.1	NP_391494.1	chrA
WP_003245971.1	NP_390817.1	snaA
WP_003245405.1	NP_388988.1	yitP
WP_003245073.1	NP_388767.1	ygaN
WP_003232483.1	NP_389245.1	mtnD
WP_003231280.1	NP_389795.1	yozB
WP_003230509.1	NP_390198.2	spmB
WP_003230222.1	NP_390328.1	yqhR
WP_003218365.1	NP_387937.1	spoVT
WP_088327209.1	NP_391678.1	ywdE
WP_014478002.1	NP_391254.2	yvaV
WP_009966430.1	NP_388109.1	pssA
WP_003231441.1	NP_389735.2	yoaA
WP_003230812.1	NP_390052.1	msrA
WP_003230797.1	NP_390066.1	ypjQ
WP_003229537.1	NP_390738.1	yshB
WP_003225764.1	NP_387982.1	nusG
WP_014477957.1	NP_391203.2	sigO
WP_004398604.1	NP_390274.1	yqjB
WP_004398507.1	NP_390561.1	sigZ
WP_003244444.1	NP_391061.1	yueE
WP_003233428.1	NP_388783.1	yhcB
WP_003223272.1	NP_388748.3	ygaC
WP_160221478.1	NP_388932.1	yhjH
WP_131228316.1	NP_388067.1	ybcF
WP_080529238.1	NP_389190.1	ykkA
WP_015714827.1	NP_391480.1	ywrO
WP_339175425.1	NP_391603.1	ywjB
WP_080529315.1	NP_389484.1	rimM
WP_072692710.1	NP_390624.1	yrrD
WP_015715573.1	NP_388815.1	azr
WP_015714193.1	NP_390204.1	ypuF
WP_015251368.1	NP_390980.1	nfeDB
WP_490339494.1	NP_391595.1	ywjG
WP_490339447.1	NP_391954.1	yyaR
WP_042974935.1	NP_389312.1	mobB
WP_032722466.1	NP_391127.1	pucE
WP_029318517.1	NP_390978.1	yuaI
WP_014665742.1	NP_391597.1	rpoE
WP_010886591.1	NP_390765.1	infC
WP_490339496.1	NP_391538.1	ywnG
WP_490339489.1	NP_391632.1	ywhD
WP_122894769.1	NP_391376.1	hprF
WP_043940070.1	NP_388666.1	sufLB
WP_032727126.1	NP_388444.1	dinB
WP_029318471.1	NP_391095.1	paiA
WP_015252515.1	NP_388737.1	yfhK
WP_015252243.1	NP_389191.1	ykkB
WP_014479718.1	NP_389390.1	ylbN
WP_004399096.1	NP_390708.2	ilvH
WP_004398811.1	NP_390679.1	mreD
WP_003245590.1	NP_388878.2	yhaJ
WP_003233236.1	NP_388882.2	trpP
WP_003232595.1	NP_389186.2	ykhA
WP_003232389.1	NP_389294.1	ykuK
WP_003226126.1	NP_390446.1	yqeG
WP_003219228.1	NP_391970.1	ssbA
WP_490339708.1	NP_389067.1	yjcG
WP_161476613.1	NP_391724.1	tyrZR
WP_032726461.1	NP_390930.1	ytoA
WP_032722102.1	NP_390322.1	spoIIIAB
WP_029317621.1	NP_389058.1	cotX
WP_213385720.1	NP_390653.1	bofC
WP_029726674.1	NP_389684.1	yneN
WP_014479606.1	NP_389211.1	ykoJ
WP_004398479.1	NP_390824.1	moaB
WP_003244051.1	NP_391566.1	atpF
WP_003243499.1	NP_388477.1	moaC
WP_003235032.1	NP_387978.1	raeA
WP_003229745.1	NP_390639.1	apt
WP_161477045.1	NP_389138.1	xpf
WP_029726286.1	NP_388966.2	yisT
WP_029318331.1	NP_391388.1	pchR
WP_017697219.1	NP_390713.2	ysnB
WP_003229836.1	NP_390580.2	sufL
WP_131227324.1	NP_389086.1	yjdG
WP_088326321.1	NP_390064.1	dfrA
WP_069703931.1	NP_390105.1	ypqE
WP_041336387.1	NP_390086.1	bpsB
WP_003233128.1	NP_388930.1	sipV
WP_157678475.1	NP_390802.3	ytrI
WP_074794659.1	NP_390889.2	rmgS
WP_038429370.1	NP_390555.1	yrdA
WP_033884140.1	NP_390827.1	tpx
WP_017695036.1	NP_388163.1	cwlK
WP_015252089.1	NP_389530.1	swrB
WP_003234400.1	NP_388301.1	lyxE
WP_003230627.1	NP_390137.1	qcrA
WP_003226679.1	NP_387960.1	folK
WP_106073774.1	NP_388891.1	hmoB
WP_106073766.1	NP_388850.2	nhaX
WP_009968070.1	NP_391019.1	yugG
WP_003328273.1	NP_388014.1	rpsE
WP_003244852.1	NP_389528.1	cheD
WP_003243814.1	NP_391108.1	yutG
WP_003235042.1	NP_387985.2	rplJ
WP_003227524.1	NP_391639.1	ywgA
WP_490339698.1	NP_389109.1	yjlB
WP_128992967.1	NP_389752.2	yozF
WP_041351240.1	NP_388457.1	ydhH
WP_015714465.1	NP_390696.2	ysxD
WP_015252220.1	NP_389237.1	ogt
WP_014477061.1	NP_389797.1	yocC
WP_003245444.1	NP_389267.1	stoA
WP_003233269.1	NP_388867.1	khtT
WP_003229739.1	NP_390642.1	yrvC
WP_003227107.1	NP_391830.2	snaB
WP_003218613.1	NP_389258.1	queF
WP_490339720.1	NP_389287.1	ltdD
WP_173613941.1	NP_388448.1	ydgJ
WP_029726783.1	NP_390114.1	ypoC
WP_014477652.1	NP_390830.1	yteJ
WP_003230065.1	NP_390401.2	yqxD
WP_003221468.1	NP_389425.1	divIVA
WP_198878989.1	NP_388314.1	nudT
WP_195727748.1	NP_390842.2	msrC
WP_080031076.1	NP_391537.1	ywnH
WP_014479415.1	NP_388983.1	yitK
WP_010886519.1	NP_389678.1	yneJ
WP_003231259.1	NP_389805.2	yocK
WP_003224177.1	NP_388833.1	sigM
WP_308154271.1	NP_391773.1	yxjI
WP_131227487.1	NP_389749.1	yoaO
WP_029318159.1	NP_390584.1	levE
WP_015715866.1	NP_389446.1	sirC
WP_003244134.1	NP_388524.1	purE
WP_003242867.1	NP_390981.1	yuaE
WP_003239243.1	NP_389057.1	cotY
WP_003234861.1	NP_388110.1	ybfM
WP_021480465.1	NP_390992.1	cdoA
WP_015384708.1	NP_391320.1	padC
WP_015383578.1	NP_389365.1	ylaL
WP_014480858.1	NP_391221.1	yvgO
WP_014477164.1	NP_390119.1	tseB
WP_003245834.1	NP_389478.1	ylqB
WP_003245283.1	NP_389385.1	coaD
WP_003245226.1	NP_389145.1	xkdI
WP_003226784.1	NP_387899.1	tadA
WP_080529778.1	NP_391215.1	yvsG
WP_038429196.1	NP_390073.1	bsaA
WP_029318071.1	NP_389754.1	yoaS
WP_015252522.1	NP_388722.1	yfiV
WP_015252318.1	NP_389085.1	yjdF
WP_015251635.1	NP_390531.1	yrkE
WP_014481048.1	NP_391422.1	flgN
WP_014480008.1	NP_389790.1	yobU
WP_014479759.1	NP_389454.1	defA
WP_014476736.1	NP_389393.2	ylbP
WP_014475628.1	NP_388052.2	ybbJ
WP_004398518.1	NP_390382.1	yqgC
WP_003246168.1	NP_390601.1	yrhD
WP_003243364.1	NP_391933.1	cotF
WP_003234299.1	NP_388353.1	rsbW
WP_003233442.1	NP_388774.2	trmL
WP_326228454.1	NP_388458.1	ydhI
WP_085185321.1	NP_391903.1	rlmH
WP_076458104.1	NP_390315.1	accB
WP_021479508.1	NP_389088.1	trnE
WP_010886470.1	YP_054576.1	yizA
WP_003244390.1	NP_391549.2	ywmF
WP_003234318.1	NP_388340.1	ydbS
WP_003226879.1	NP_391949.1	yybC
WP_339175435.1	NP_391610.1	arfM
WP_273796590.1	NP_390941.1	rppG
WP_041336741.1	NP_388472.1	tsaE
WP_029318490.1	YP_054591.2	mrpE
WP_014479661.1	NP_389298.1	fldN
WP_014478181.1	NP_391492.1	chrS
WP_014475594.1	NP_387972.1	ispF
WP_010886622.1	NP_391358.1	yvcI
WP_003244337.1	NP_391086.1	yuiD
WP_003231255.1	NP_389808.1	yocM
WP_490339325.1	YP_054574.1	bcp
WP_227058622.1	NP_388441.1	ydgE
WP_052728185.1	NP_389093.1	yjfA
WP_043940215.1	NP_391560.1	ywmA
WP_032722131.1	NP_390410.2	rnrY
WP_029726184.1	NP_391768.1	yxjN
WP_015715811.1	NP_389313.1	moaE
WP_015251617.1	NP_390549.1	azlB
WP_004399078.1	NP_390610.1	greA
WP_003245008.1	NP_388769.1	ygaO
WP_003231207.1	YP_054583.1	gerT
WP_003228083.1	NP_391385.1	yvnA
WP_003219361.1	NP_390945.1	luxS
WP_144483085.1	NP_390371.1	yqgL
WP_106610977.1	NP_391909.1	yycN
WP_017696247.1	NP_391638.1	ywgB
WP_004398668.1	NP_390250.1	yqjY
WP_003245084.1	NP_389200.1	guaN
WP_003243480.1	NP_388669.1	yfkJ
WP_003243092.1	NP_391800.1	yxiF
WP_003231938.1	NP_389526.1	cheW
WP_003231915.1	NP_389541.1	rimP
WP_003225784.1	NP_387992.2	rpsG
WP_003220025.1	NP_391240.1	smpB
WP_490339556.1	NP_390971.1	ytaB
WP_161476726.1	NP_391166.1	mdtR
WP_072592558.1	NP_391269.1	yvbK
WP_131227108.1	NP_388247.2	yclD
WP_108029075.1	NP_391531.1	ywoB
WP_101172258.1	NP_391660.1	bslB
WP_042976512.1	NP_390373.2	yqzC
WP_015251478.1	NP_390793.1	ytwI
WP_014479541.1	NP_389123.1	yjoA
WP_003246360.1	NP_388190.2	ycgE
WP_003245047.1	NP_389428.1	lspA
WP_003233431.1	NP_388780.1	yhbI
WP_003232536.1	NP_389217.1	ykoM
WP_003232406.1	NP_389285.1	kre
WP_003225724.1	NP_387964.1	ctsR
WP_003223915.1	NP_390206.1	ribH
WP_010886417.1	NP_388394.1	cdnL
WP_003228537.1	NP_391178.1	mrgA
WP_217024299.1	NP_390537.1	bltD
WP_042977030.1	NP_388445.1	ydgG
WP_003228245.1	NP_391318.1	slrR
WP_003223586.1	NP_390778.1	nrdR
WP_339176435.1	NP_389300.2	fldP
WP_339175005.1	NP_390711.1	ysnE
WP_198878788.1	YP_054578.1	ymzD
WP_160243142.1	NP_388221.1	yckC
WP_072175169.1	NP_391063.1	yueC
WP_021481932.1	NP_388053.2	ybbK
WP_019712603.1	NP_391876.1	yxaI
WP_014479419.1	NP_388994.1	ipi
WP_004398631.1	NP_390828.1	gerW
WP_003244791.1	NP_389422.3	sepF
WP_003242881.1	YP_054595.1	spsL
WP_003234077.1	NP_388474.1	rimI
WP_163182342.1	NP_389501.1	flgC
WP_103803479.1	NP_388360.1	ydcK
WP_088325455.1	NP_388685.1	yfjM
WP_014481190.1	NP_391574.1	prpB
WP_003246574.1	NP_388319.1	ydaT
WP_003245175.1	NP_389610.1	ymaD
WP_003227178.1	NP_391796.1	yxzG
WP_003226875.1	NP_391951.1	yybA
WP_003223947.1	NP_390223.1	spoVAC
WP_124073124.1	NP_388981.2	yitI
WP_064911673.1	NP_388912.1	yhfO
WP_029317620.1	NP_389056.1	cotZ
WP_014475770.1	NP_388225.3	nucA
WP_010886554.1	NP_390154.1	ndk
WP_003245454.1	NP_389666.1	yndM
WP_003232462.1	NP_389256.1	queD
WP_003230265.1	NP_390305.1	argR
WP_003227889.1	NP_391470.1	capC
WP_003226915.1	NP_391930.1	rplI
WP_003223972.1	NP_390233.2	fur
WP_003221910.1	NP_391573.1	rpiB
WP_003221370.1	NP_389382.1	ricF
WP_490339469.1	NP_391804.1	yxiE
WP_262118708.1	NP_391936.1	yybP
WP_088325783.1	NP_389306.2	ykuV
WP_088325488.1	NP_388795.1	yhcM
WP_041336362.1	NP_390138.1	ypiF
WP_015252579.1	NP_388625.1	yfmK
WP_014479951.1	NP_389699.1	yngA
WP_003243875.1	NP_391813.2	hutP
WP_003243426.1	NP_388619.1	yfmQ
WP_003232676.1	NP_389149.2	xkdN
WP_003231591.1	NP_389673.1	pcfA
WP_003230223.1	NP_390327.1	yqhS
WP_003230022.1	NP_390418.1	yqeY
WP_003229263.1	NP_390863.1	ytoQ
WP_003222508.1	NP_390724.1	yslB
WP_003221362.1	NP_389378.2	ylbB
WP_490339357.1	NP_388568.1	yesE
WP_163182341.1	NP_389507.1	fliJ
WP_015251520.1	NP_390720.1	ysmA
WP_014476587.1	NP_389198.1	ohrR
WP_014475936.1	NP_388421.1	ydfG
WP_003244265.1	NP_391577.1	ywlB
WP_003239114.1	NP_389148.1	xkdM
WP_003235118.1	NP_388033.1	ybaK
WP_003230531.1	NP_390180.1	ypbF
WP_003226881.1	NP_391948.1	yybD
WP_003222809.1	NP_391147.1	sufU
WP_003222630.1	NP_390669.1	thrR
WP_003218674.1	NP_389296.1	ykuL
WP_490339448.1	NP_391952.1	yyaT
WP_161477043.1	NP_389146.1	xkdJ
WP_080530024.1	NP_391978.2	yyaB
WP_014479293.1	NP_388819.1	nsrR
WP_014477620.1	NP_390769.1	pftA
WP_009966249.1	NP_387911.1	yaaR
WP_004398689.1	NP_390637.2	dtd
WP_003246144.1	NP_390585.1	levD
WP_003230452.1	NP_390227.1	spoIIAB
WP_003229573.1	NP_390718.1	ysmB
WP_003225819.1	NP_388016.1	rplO
WP_029317584.1	NP_388942.1	yhjR
WP_024715130.1	NP_390279.1	brxB
WP_014480629.1	NP_390944.1	ytkA
WP_014477935.1	NP_391174.1	cotNW
WP_004398578.1	NP_390389.2	zur
WP_003241966.1	NP_388030.2	rplM
WP_003233231.1	NP_388884.1	hinT
WP_003232475.1	NP_389250.1	mhqR
WP_003229083.1	NP_390943.1	dps
WP_003223285.1	NP_388753.1	perR
WP_490339663.1	NP_389649.1	dutA
WP_326227994.1	NP_391836.1	yxeF
WP_230488592.1	NP_391539.1	ywnF
WP_032725818.1	NP_389667.1	fosB
WP_014480061.1	NP_390051.1	msrB
WP_003246585.1	NP_388306.1	lrpC
WP_003231627.1	NP_389656.1	flvS
WP_003230794.1	NP_390069.1	brxA
WP_003228684.1	NP_391110.1	yutE
WP_003225801.1	NP_388004.1	rplP
WP_473106017.1	NP_390967.1	cotOO
WP_326236913.1	NP_391881.1	yxaD
WP_227058389.1	NP_391039.1	mrpB
WP_029725990.1	NP_391418.1	fliW
WP_029318068.1	NP_389759.1	yoaW
WP_015715315.1	NP_388436.1	cotP
WP_010886460.1	NP_388837.1	cueR
WP_004399685.1	NP_387976.1	mrnC
WP_003246714.1	YP_003097678.1	mtlF
WP_003245685.1	NP_389248.1	eag
WP_003231834.1	NP_389584.1	ricA
WP_003223931.1	NP_390217.1	ppiB
WP_003221402.1	NP_389396.1	mraZ
WP_153255999.1	NP_389351.1	ykzC
WP_017696263.1	NP_391615.1	ywiB
WP_015483014.1	NP_388830.1	yhdJ
WP_014662646.1	NP_388142.2	cwlJ
WP_003236923.1	NP_390332.2	mntR
WP_003231580.1	NP_389679.1	yneK
WP_003227169.1	NP_391801.1	wapI
WP_029317673.1	NP_389154.1	xkdS
WP_024572867.1	NP_391875.2	yxaJ
WP_004398634.1	NP_390053.1	ypoP
WP_003234221.1	NP_388406.1	ydeM
WP_003232574.1	NP_389197.1	ohrA
WP_003230463.1	NP_390224.1	spoVAB
WP_003221796.1	NP_391518.2	fabZ
WP_003156430.1	NP_387983.2	rplK
WP_327838055.1	NP_388536.2	yezC
WP_110109458.1	NP_390856.2	ytxG
WP_106073611.1	NP_390578.2	adhR
WP_043857940.1	NP_388620.1	copP
WP_038429765.1	NP_391535.1	ywnJ
WP_017696586.1	NP_391502.1	ywqH
WP_015252333.1	NP_389066.1	yjcF
WP_014480205.1	NP_390273.2	yqjC
WP_003245462.1	NP_388804.1	yhcV
WP_003234396.1	NP_388303.1	ydaG
WP_003231970.1	NP_389510.1	flgD
WP_003231964.1	NP_389512.1	fliL
WP_003220510.1	NP_389110.1	yjlC
WP_128993616.1	NP_391923.1	yycE
WP_089172588.1	NP_390415.2	yqfB
WP_038429728.1	NP_391424.1	yvyF
WP_014480905.1	NP_391247.1	rghRB
WP_014477158.1	NP_390106.1	ypqA
WP_003242889.1	NP_391635.1	ywhA
WP_490339598.1	NP_390350.1	comGD
WP_069703550.1	YP_054580.1	yneP
WP_003229795.1	NP_390617.1	rimF
WP_003228417.1	NP_391227.1	bdbC
WP_003227174.1	NP_391798.1	yxiG
WP_003225879.1	NP_390630.2	cymR
WP_003225781.1	NP_387991.2	rpsL
WP_490339671.1	NP_389614.2	ymaF
WP_426691901.1	NP_388567.2	cotK
WP_003230640.1	NP_390129.1	mgsA
WP_003228839.1	NP_391028.1	yuxK
WP_003227771.1	NP_391525.1	ywoH
WP_338382035.1	NP_389199.1	ohrB
WP_160221688.1	NP_390452.1	nucB
WP_103749132.1	NP_391904.1	yycS
WP_032722130.1	NP_390408.1	cdd
WP_003243579.1	NP_391205.1	rsiO
WP_003227794.1	NP_391514.1	ywpF
WP_003245606.1	NP_389690.1	yneT
WP_003238341.1	NP_389627.1	glnR
WP_003233192.1	NP_388902.1	yhfF
WP_003230254.1	NP_390313.2	yqhY
WP_003220034.1	NP_391246.1	rghRA
WP_024573054.1	NP_390942.1	ytkC
WP_009968420.1	YP_003097798.1	yxzK
WP_003244204.1	NP_388704.1	catD
WP_003237674.1	NP_390735.1	yshE
WP_003228878.1	NP_391011.1	yugN
WP_010886467.1	NP_388949.1	gerPE
WP_003246640.1	NP_388350.1	rsbT
WP_003243747.1	NP_391413.1	fliS
WP_003230824.1	NP_389859.1	cgeA
WP_003230228.1	NP_390320.1	spoIIIAD
WP_003227734.1	NP_391544.1	ywnA
WP_131227326.1	NP_389096.1	yjgA
WP_131227313.1	NP_389038.1	yjbI
WP_029317188.1	NP_388224.1	nin
WP_021480810.1	NP_391561.1	atpC
WP_015251853.1	NP_390082.1	ypdQ
WP_015251331.1	NP_391055.1	yueI
WP_009967329.1	NP_389655.1	yndA
WP_003246434.1	NP_388107.1	ybfJ
WP_003243483.1	NP_391006.2	yugU
WP_003241998.1	NP_388011.2	rpsH
WP_003232233.1	NP_389380.1	ylbD
WP_003227087.1	NP_391839.2	yxeC
WP_339174703.1	NP_389976.1	yopD
WP_161477061.1	NP_389087.2	yjdH
WP_021445844.1	NP_391517.1	mscL
WP_015251073.1	NP_391474.1	rbsD
WP_014479359.1	NP_388909.1	yhfM
WP_014479308.1	NP_388842.1	crcBB
WP_014476435.1	NP_389032.1	spxA
WP_009966385.1	NP_388023.1	rpsK
WP_003233401.1	NP_388803.2	yhcU
WP_003230256.1	NP_390312.2	nusB
WP_003226367.1	NP_390330.1	yqhP
WP_128740026.1	NP_388285.2	ycsD
WP_072592538.1	NP_389680.1	cotM
WP_029318219.1	NP_390761.1	ysdB
WP_004399691.1	NP_388031.1	rpsI
WP_003233692.1	NP_388655.2	yflB
WP_003231758.1	NP_389619.1	nrdI
WP_003231518.1	NP_389711.1	yngL
WP_003229121.1	NP_390924.1	ytrA
WP_003228864.1	NP_391017.1	yugI
WP_339175213.1	NP_391059.1	yuzE
WP_074794481.1	NP_390387.1	yqfX
WP_042976962.1	NP_391944.1	yybH
WP_031315243.1	NP_390647.1	yrzE
WP_029318766.1	NP_391455.1	tagD
WP_014477090.1	NP_389834.1	yodA
WP_003245656.1	NP_389500.1	flgB
WP_003234169.1	NP_388431.1	ydfP
WP_128740683.1	NP_391024.1	kapB
WP_032721548.1	NP_389483.1	ylqD
WP_029317623.1	NP_389060.1	cotV
WP_015251763.1	NP_390256.1	yqjT
WP_015251599.1	NP_390571.1	yraH
WP_014478718.1	NP_388141.1	ycbP
WP_003227644.1	NP_391583.1	ywkD
WP_003227375.1	NP_391711.1	cidA
WP_003218379.1	NP_387944.1	yabR
WP_490339416.1	NP_388153.1	yczC
WP_161477044.1	YP_003097713.1	ykzL
WP_015251477.1	NP_390795.1	ytzA
WP_015251261.1	NP_391168.1	yusQ
WP_014478204.1	NP_391513.1	ywpG
WP_004398675.1	NP_390150.1	aroH
WP_003243159.1	NP_391569.1	atpI
WP_003230168.1	NP_390348.1	comGF
WP_003227738.1	NP_391542.1	ywnC
WP_003227398.1	NP_391700.1	ywcD
WP_003225586.1	NP_390122.1	panD
WP_003222781.1	NP_391159.1	gcvH
WP_144500413.1	NP_391966.1	yyaH
WP_017695528.1	NP_391045.2	yuxO
WP_014665869.1	NP_391716.1	glxA
WP_014480835.1	NP_391193.1	liaI
WP_004398485.1	NP_390334.2	yqhL
WP_003230147.1	NP_390357.2	mgsR
WP_003229458.1	NP_390781.1	ytcD
WP_003223584.1	NP_390779.2	speD
WP_339176337.1	NP_389129.1	yjqA
WP_014477920.1	NP_391151.1	yurZ
WP_014477159.1	NP_390107.1	yppG
WP_003244377.1	YP_003097791.1	yvzG
WP_003243211.1	NP_387943.1	divIC
WP_003236556.1	NP_391934.1	hypR
WP_003226738.1	NP_387929.1	ridA
WP_202616991.1	NP_388401.1	ydeH
WP_133953114.1	NP_390347.1	comGG
WP_088325836.1	NP_389427.2	ylyA
WP_029726054.1	NP_391546.1	ureB
WP_003246482.1	NP_388069.1	ybcI
WP_003245672.1	NP_389345.1	slp
WP_003244302.1	NP_391044.1	mrpG
WP_003233427.1	NP_388784.1	yhcC
WP_003228617.1	NP_391142.1	yurQ
WP_003227621.1	NP_391594.1	spo0F
WP_003227410.1	NP_391693.1	qoxD
WP_003223910.1	NP_390205.1	ypzK
WP_490339735.1	NP_391012.1	yugM
WP_339174920.1	NP_390554.1	yrdB
WP_227058625.1	NP_388456.1	fra
WP_160221476.1	NP_388928.1	yhjD
WP_015714151.1	NP_390109.1	yppE
WP_015384119.1	NP_390409.2	unpK
WP_003234013.1	NP_388506.1	walM
WP_003227446.1	NP_391672.2	ywdK
WP_003156436.1	NP_387986.1	rplL
WP_326146021.1	NP_391051.2	cotIC
WP_038427600.1	NP_389041.1	yjbL
WP_014477470.1	NP_390573.1	yraF
WP_009968394.1	NP_391799.1	yxzC
WP_004398508.1	NP_390599.1	yrhF
WP_003233730.1	NP_388634.1	yfmB
WP_003225805.1	NP_388007.1	rplNA
WP_003220337.1	NP_389731.1	rtp
WP_131227501.1	NP_389768.1	yozI
WP_088325332.1	NP_388343.1	acpS
WP_041334052.1	NP_391811.1	yxiB
WP_003238683.1	NP_389410.1	sbp
WP_003235095.1	NP_388022.2	rpsM
WP_003233424.1	NP_388787.1	yhcF
WP_003227093.1	NP_391837.1	cotNE
WP_003225190.1	NP_388349.1	rsbS
WP_227057941.1	NP_389636.1	ynaF
WP_088467486.1	NP_387959.1	folB
WP_015483668.1	NP_391157.1	yusF
WP_014665730.1	NP_391579.1	ywlA
WP_014476812.1	NP_389515.1	cheY
WP_003246265.1	NP_388229.2	hxlR
WP_003245707.1	NP_389677.1	yneI
WP_003244166.1	NP_391096.1	sufA
WP_003233803.1	NP_388597.1	yetH
WP_003232238.1	NP_389377.1	ylbA
WP_003232054.1	NP_389465.1	yloU
WP_003230068.1	NP_390398.1	cccA
WP_003225836.1	NP_388025.1	rplQ
WP_003225816.1	NP_388013.2	rplR
WP_024572056.1	NP_388323.1	ydbC
WP_017695156.1	NP_391237.1	yvaE
WP_004399021.1	NP_390570.2	yraI
WP_003228066.1	NP_391390.1	yvlD
WP_003222420.1	NP_390763.1	rplT
WP_003218308.1	NP_387914.1	dnaH
WP_490339691.1	NP_389259.1	ykvN
WP_131227641.1	NP_390440.1	rsfS
WP_131227460.1	YP_003097731.1	ynzK
WP_131227318.1	NP_389061.1	yjcA
WP_110109604.1	NP_388841.1	crcBA
WP_080265378.1	NP_389751.1	yoaQ
WP_076457692.1	NP_389606.3	ymzB
WP_029726097.1	NP_391955.1	yyaQ
WP_009967053.1	NP_389144.1	xkdH
WP_004398671.1	NP_390569.2	yraJ
WP_003245875.1	NP_388881.1	yhaH
WP_003244937.1	NP_388957.1	yisL
WP_003222779.1	NP_391160.1	yusI
WP_462747073.1	NP_389762.1	yobA
WP_014481007.1	NP_391363.1	yvzA
WP_014113119.1	YP_054575.1	ygzB
WP_009967251.1	NP_389547.1	rbfA
WP_004398633.1	NP_390228.1	spoIIAA
WP_003245993.1	NP_390372.1	yqzD
WP_003245163.1	NP_389611.1	ebrB
WP_003236356.1	NP_391838.2	yxeD
WP_003234445.1	NP_388279.1	ycnL
WP_003232200.1	NP_389398.1	ftsL
WP_003224239.1	NP_388861.1	yheA
WP_017695932.1	NP_390240.1	ansR
WP_003245290.1	NP_389136.1	xkdD
WP_003242628.1	NP_391985.1	rnpA
WP_003231213.1	NP_389829.1	yojF
WP_003230467.1	YP_003097759.1	spoVAEB
WP_003221829.1	NP_391533.1	glnK
WP_003156187.1	NP_388347.1	ndoA
WP_490339599.1	NP_390349.1	comGE
WP_490339537.1	NP_391120.1	yunG
WP_003233729.1	NP_388636.1	yflT
WP_003233025.1	YP_003097701.1	yizB
WP_003232839.1	NP_389081.1	yjdB
WP_003227084.1	NP_391841.1	yxeA
WP_003220825.1	NP_389486.2	rplS
WP_044052460.1	NP_391126.2	pucM
WP_015715317.1	NP_388440.1	ydgD
WP_003230488.1	NP_390211.1	ypuD
WP_003228587.1	NP_391155.1	yusD
WP_003220141.1	NP_389811.1	yozO
WP_490339498.1	NP_391512.2	ssbB
WP_490339387.1	NP_388322.1	ydbB
WP_014481040.1	NP_391412.1	fliT
WP_009966921.1	NP_388879.1	yhaI
WP_003232719.1	NP_389133.1	xre
WP_003229410.1	YP_003097771.1	ytrH
WP_003220730.1	NP_391040.2	mrpC
WP_003156475.1	NP_388002.1	rplV
WP_080475155.1	NP_388868.1	khtS
WP_038429322.1	NP_390430.1	yqxA
WP_024572376.1	NP_388432.1	ydfQ
WP_014477255.1	NP_390251.1	yqjX
WP_004399427.1	NP_389835.1	arxR
WP_003242725.1	NP_391407.1	cccB
WP_003232583.1	NP_389192.1	gdnC
WP_003229669.1	NP_390673.2	rppA
WP_003227432.1	YP_003097793.1	ywzG
WP_038429685.1	NP_391329.1	psmA
WP_015482851.1	NP_388414.1	aseR
WP_014481121.1	NP_391490.1	ywrE
WP_010886606.1	NP_391102.1	yutI
WP_004398743.1	NP_390710.1	cotQ
WP_004398044.1	NP_390131.1	ypjD
WP_003246114.1	NP_390911.3	ytvB
WP_003226345.1	NP_390341.1	sinR
WP_003225151.1	NP_388332.1	ydbL
WP_021480479.1	YP_003097778.1	mstX
WP_017697558.1	NP_389785.1	csaA
WP_015252849.1	NP_388222.1	yckD
WP_015252690.1	NP_388463.2	gmuA
WP_014478379.1	NP_391736.1	licA
WP_003245988.1	NP_390547.1	azlD
WP_003242803.1	NP_388738.1	spdL
WP_003238590.1	NP_389479.1	ylxM
WP_003232541.1	NP_389214.1	tnrA
WP_003232242.1	NP_389375.1	ctaF
WP_003231257.1	NP_389806.1	yocL
WP_003222766.1	NP_391165.1	yusN
WP_339176364.1	NP_389159.1	xkdW
WP_326144490.1	NP_391415.1	yvyC
WP_080528943.1	NP_388352.1	rsbV
WP_010886445.1	NP_388693.1	yfjF
WP_003243941.1	NP_388408.1	ydzF
WP_003242755.1	NP_387910.1	darA
WP_003232822.1	NP_389089.1	yjdJ
WP_124059987.1	NP_388596.2	hmoA
WP_033885262.1	NP_389985.1	yonR
WP_033880479.1	NP_388941.1	yhjQ
WP_032726939.1	NP_391393.1	yvlA
WP_015714646.1	NP_391101.1	yuzD
WP_003246051.1	NP_390345.1	yqzG
WP_003242888.1	NP_391248.2	catR
WP_003229280.1	NP_390854.1	brxJ
WP_339174811.1	NP_390247.1	yqkB
WP_029317622.1	NP_389059.1	cotW
WP_014476269.1	NP_388817.1	yhdC
WP_003231284.1	NP_389793.1	czrA
WP_003229740.1	NP_390641.1	yrvD
WP_003229265.1	NP_390862.1	ytpP
WP_003225427.1	NP_387901.1	ebfC
WP_032721424.1	NP_389246.1	ykvA
WP_003246252.1	NP_388211.1	nasE
WP_003242570.1	NP_391345.1	yvdC
WP_003241898.1	NP_389740.1	yoaF
WP_003238544.1	NP_389502.1	fliE
WP_003234326.1	NP_388336.1	ydbP
WP_003233665.1	NP_388670.1	yfkI
WP_003228728.1	NP_391088.1	yuiB
WP_003228585.1	NP_391156.1	yusE
WP_003228222.1	NP_391330.1	psmB
WP_003227289.1	NP_391748.1	yxlC
WP_339176585.1	NP_389669.1	dinK
WP_212059231.1	NP_389079.1	yjcS
WP_015252242.1	NP_389193.1	gdnD
WP_014480575.1	NP_390865.1	ytzB
WP_009967307.1	NP_389612.1	ebrA
WP_003243806.1	NP_391674.3	ywdI
WP_003232274.1	NP_389361.1	ylaH
WP_003227724.1	NP_391547.1	ureA
WP_128993155.1	NP_390361.2	yqgV
WP_128740022.1	NP_388270.1	yczG
WP_042978114.1	NP_388698.1	yfjA
WP_015714599.1	NP_390997.1	rhaM
WP_004399431.1	NP_389845.2	yodL
WP_003245621.1	NP_389664.1	yndK
WP_003244592.1	NP_388734.1	yfhH
WP_003233700.1	NP_388649.1	yflH
WP_003222500.1	NP_390728.1	trxA
WP_003219429.1	NP_388540.1	yerC
WP_088325205.1	NP_388008.1	rplX
WP_014475989.1	NP_388462.1	gmuB
WP_004398993.1	NP_390909.2	ytwF
WP_003232998.1	NP_388997.1	yitW
WP_003229668.1	NP_390674.1	rplU
WP_003227392.1	NP_391702.1	vbfB
WP_003227046.1	NP_391859.1	yxcD
WP_003218755.1	NP_391738.1	licB
WP_003156464.1	NP_387996.1	rpsJ
WP_043857590.1	NP_389733.1	yoxC
WP_038429180.1	NP_389858.1	cgeC
WP_014665249.1	NP_391116.1	yunC
WP_004399414.1	YP_003097734.1	yozS
WP_003228404.1	NP_391232.1	csoR
WP_490339646.1	NP_389709.1	ynzE
WP_015252406.1	NP_388947.1	hlpB
WP_010886398.1	NP_388179.1	yceK
WP_003234907.1	YP_003097670.1	ybzH
WP_003229401.1	NP_390804.1	ytpI
WP_003226714.1	NP_387941.1	spcP
WP_003222155.1	NP_391687.2	ywcI
WP_003220946.1	NP_389544.1	rulQ
WP_015383773.1	NP_389687.1	yneQ
WP_014475567.1	NP_387916.1	yazA
WP_003246006.1	NP_390576.1	yraD
WP_003230087.1	NP_390385.1	yqfZ
WP_015483764.1	NP_391426.1	comFB
WP_014480225.1	NP_390300.2	yqiH
WP_003230162.1	NP_390351.1	comGC
WP_003229735.1	NP_390644.1	comN
WP_003227867.1	NP_391479.1	ywsA
WP_003225629.1	NP_390100.1	gpsB
WP_339176555.1	NP_389629.1	ynxB
WP_047182565.1	NP_389357.1	sigQ
WP_041335460.1	YP_054581.1	yozQ
WP_003233021.1	NP_388990.1	yitR
WP_003220661.1	NP_391069.2	yukE
WP_003218346.1	NP_387930.1	spoVG
WP_339174949.1	NP_390593.1	yrhK
WP_015252954.1	NP_388068.1	ybcH
WP_015252794.1	NP_388305.1	ydzA
WP_014478421.1	NP_391783.2	yxiS
WP_003245399.1	NP_389263.1	ykvR
WP_003233341.1	NP_388831.1	asiMB
WP_003226760.1	NP_387918.1	abrB
WP_003226133.1	NP_390443.1	yqeI
WP_003219442.1	NP_388549.1	gatC
WP_490339391.1	NP_388294.1	yczJ
WP_339176592.1	NP_389688.1	yneR
WP_044052617.1	YP_003097690.1	ydzX
WP_010886563.1	YP_054586.1	mifM
WP_003244064.1	NP_391971.1	rpsF
WP_003244050.1	NP_391580.1	ywkF
WP_003234477.1	NP_388269.1	ycnE
WP_003228549.1	NP_391172.1	yusU
WP_003156467.1	NP_387999.2	rplW
WP_088325454.1	YP_003097694.1	yfzA
WP_003228814.1	NP_391043.2	mrpF
WP_003222623.1	NP_390672.1	rpmA
WP_003155970.1	NP_388483.2	groES
WP_106073560.1	NP_390324.1	yqhV
WP_003246199.1	NP_390616.1	yrzB
WP_003245286.1	NP_389367.1	ylaN
WP_003232001.1	NP_389490.1	ylqH
WP_003229388.1	NP_390810.1	cmoI
WP_003226191.1	NP_390414.1	yqfC
WP_003225183.1	NP_388346.1	ndoAI
WP_003221804.1	NP_391523.1	spoIIID
WP_339175717.1	NP_388112.1	ybfN
WP_004399539.1	YP_003097745.1	yokU
WP_003244728.1	NP_389331.1	abhA
WP_003237926.1	NP_390869.1	ytzH
WP_003232791.1	NP_389102.1	yjiA
WP_003231211.1	YP_003097741.1	yoyC
WP_003156472.1	NP_388001.1	rpsS
WP_003153447.1	NP_390160.1	hbs
WP_227057516.1	NP_389637.1	ynaG
WP_038428307.1	NP_388120.1	ybgB
WP_029317825.1	NP_389613.2	ymaG
WP_009967250.1	NP_389543.1	rulR
WP_003243521.1	NP_391144.1	yurS
WP_003233709.1	NP_388645.1	acyP
WP_003228682.1	NP_391111.2	yutD
WP_086344433.1	NP_391602.1	ywjC
WP_029317674.1	YP_003097716.1	xkzA
WP_015715839.1	NP_389383.1	ylbG
WP_014479841.1	NP_389617.1	ymzC
WP_010886449.1	YP_003097696.1	ygzC
WP_003243854.1	NP_388438.1	ydgB
WP_003229117.1	NP_390925.1	ytzC
WP_003221463.1	NP_389423.1	ylmG
WP_003220815.1	NP_389481.1	rpsP
WP_490339324.1	NP_388768.1	rpsNB
WP_326144884.1	NP_388925.1	yhjA
WP_160243244.1	NP_389355.1	ylaB
WP_015252265.1	NP_389162.1	xhlA
WP_015251856.1	NP_390078.1	ypzA
WP_003243789.1	NP_388736.1	yfhJ
WP_003232345.1	NP_389325.1	ykoA
WP_003229490.1	NP_390762.1	ysdA
WP_003220957.1	NP_389550.1	rpsO
WP_003220888.1	NP_389518.1	fliQ
WP_003218942.1	NP_391810.1	yxiC
WP_003154355.1	NP_570902.1	remA
WP_015384783.1	NP_391423.1	flgM
WP_009966591.1	YP_003097680.1	ydzK
WP_004398708.1	NP_390648.2	yrbF
WP_003245382.1	NP_389347.1	yktA
WP_003244812.1	NP_389153.1	xkdR
WP_003229989.1	NP_390433.2	rpsT
WP_003225903.1	YP_054589.1	yrzL
WP_003154654.1	NP_389273.1	ptsH
WP_101169761.1	NP_390567.1	yraL
WP_072173222.1	NP_391772.1	yxjJ
WP_038429095.1	NP_389763.1	yobB
WP_029318504.1	YP_003097777.1	yuzI
WP_014479566.1	NP_389163.1	xhlB
WP_009966423.1	YP_003097672.1	ybzI
WP_004399338.1	NP_389809.1	yozN
WP_003231535.1	NP_389696.1	ynfE
WP_003227411.1	NP_391692.1	ywcE
WP_003225804.1	NP_388006.1	rpsQ
WP_003225421.1	NP_387904.2	bofA
WP_003222348.1	NP_390989.1	yubF
WP_003219491.1	NP_388571.2	cotJB
WP_088467220.1	NP_389650.1	cotU
WP_014480684.1	NP_391021.2	yugE
WP_007615173.1	NP_387925.1	veg
WP_003242708.1	NP_388747.1	ygaB
WP_003237170.1	NP_390532.1	yrkD
WP_003234883.1	NP_388093.1	ybyB
WP_003226716.1	NP_387940.1	hslR
WP_003221757.1	NP_391501.1	ywqI
WP_003154135.1	NP_389580.1	spoVS
WP_445213811.1	YP_009513960.1	yzzP
WP_003246519.1	NP_388318.1	ydaS
WP_003245199.1	NP_389570.1	ymfJ
WP_003232731.1	NP_389127.2	yjpA
WP_003231890.1	NP_389554.1	ymxH
WP_003230757.1	NP_390084.1	ypbS
WP_003229534.1	NP_390739.1	zapA
WP_003219835.1	NP_391354.1	crh
WP_003218598.1	NP_389247.1	spo0E
WP_003244393.1	YP_003097776.1	yuzH
WP_003233541.1	NP_388746.1	sspE
WP_003232870.1	NP_389063.2	spoVIF
WP_003232866.1	YP_003097706.1	yjzE
WP_003231396.1	NP_389755.1	yozG
WP_003230076.1	NP_390391.1	yqfT
WP_003226409.1	NP_390309.2	xseB
WP_003219409.1	NP_388528.1	purS
WP_014481429.1	NP_391862.1	yxcA
WP_014477099.1	NP_389842.1	yodI
WP_004399020.1	NP_390059.1	ypmP
WP_003231568.1	NP_389685.1	sspT
WP_225722182.1	NP_390545.3	yrdK
WP_088327213.1	NP_391682.1	ywdA
WP_088325204.1	NP_387990.1	rulS
WP_024571599.1	NP_388089.1	csgA
WP_021480501.1	NP_391056.1	yueH
WP_017695774.1	NP_391906.1	yycQ
WP_015715704.1	NP_389091.2	cotT
WP_015715167.1	NP_388097.1	ybeF
WP_003231809.1	NP_570904.1	acpK
WP_003225461.1	NP_390185.1	fer
WP_003219489.1	NP_388570.1	cotJA
WP_003219346.1	NP_390948.1	rpmEB
WP_015251831.1	NP_390110.1	yppD
WP_014477469.1	NP_390572.1	yraG
WP_014476792.1	NP_389482.1	ylqC
WP_009968363.1	NP_391697.2	ywzA
WP_003240256.1	NP_388293.1	yczI
WP_003232382.1	NP_389303.1	ykuS
WP_003232153.1	NP_389419.1	ylmC
WP_003228567.1	YP_003097784.1	yuzM
WP_003226300.1	NP_390358.1	yqgY
WP_003219266.1	NP_387886.2	remB
WP_015251393.1	NP_390935.1	ytmB
WP_003234151.1	NP_388437.1	ydgA
WP_003233373.1	NP_388816.1	yhdB
WP_490339611.1	NP_390213.1	ypzC
WP_021480583.1	YP_003097787.1	rsoA
WP_003232972.1	NP_389014.1	yjzB
WP_003232231.1	NP_389381.1	ylbE
WP_003230411.1	NP_390246.1	yqkC
WP_003228763.1	NP_391068.1	yukD
WP_003219224.1	NP_391969.2	rpsR
WP_003218671.1	NP_389293.1	ykuJ
WP_003218644.1	NP_389275.1	splA
WP_490339542.1	NP_391099.1	yuzB
WP_004399366.1	NP_389832.1	yojB
WP_003244342.1	NP_388433.1	ydzH
WP_003230304.1	NP_390291.1	yqzF
WP_003228581.1	NP_391158.1	yusG
WP_003227325.1	NP_391731.1	dltC
WP_003220771.1	NP_391016.1	yuzA
WP_003220677.1	NP_391060.1	yuzF
WP_230488533.1	NP_389314.1	moaD
WP_009968172.1	NP_391245.1	yvzC
WP_003233142.1	NP_388922.1	yhzC
WP_003233090.1	NP_388952.2	gerPB
WP_003231595.1	NP_389671.1	ynzC
WP_003231251.1	NP_389810.1	yocN
WP_003154310.1	NP_389474.1	acpA
WP_416378552.1	NP_391892.1	ptsJ
WP_277737202.1	YP_003097749.1	yoyI
WP_227057533.1	NP_389722.1	yoeD
WP_029317348.1	YP_003097687.1	ydzR
WP_003245262.1	NP_389618.1	ymzA
WP_003243417.1	NP_387935.1	fin
WP_003237358.1	NP_390602.1	yrhC
WP_003235419.1	NP_391394.1	yvkN
WP_003228053.1	NP_391398.1	csbA
WP_003227691.1	NP_391559.1	ywzB
WP_003220028.1	NP_391243.1	secG
WP_124048207.1	NP_389978.1	yopB
WP_069322778.1	NP_390527.1	yrkI
WP_017695061.1	YP_003097719.1	ykzQ
WP_015383862.1	YP_003097740.1	yoyB
WP_014477240.1	YP_003097760.1	yqzK
WP_010886551.1	NP_390102.1	cotD
WP_010886405.1	YP_003097675.1	bsdD
WP_003233931.1	YP_003097691.1	yezF
WP_003230576.1	NP_390158.1	mtrB
WP_003229076.1	NP_390946.1	ytjA
WP_029725989.1	NP_391417.1	csrA
WP_015252245.1	NP_389188.1	ykzH
WP_014476919.1	NP_389653.2	cotC
WP_003242387.1	NP_387903.1	yaaL
WP_003233542.1	NP_388744.1	yfhS
WP_003231160.1	NP_389849.1	yozE
WP_003230416.1	NP_390244.1	yqkE
WP_003222050.1	NP_391641.1	ywzC
WP_003184172.1	NP_390719.2	gerE
WP_339175211.1	NP_391057.1	yueG
WP_088325300.1	NP_388251.1	yczF
WP_032722655.1	NP_391495.1	ywqO
WP_003245519.1	YP_003097733.1	lgeHB
WP_003233088.1	NP_388953.1	gerPA
WP_003221097.1	NP_389616.1	hfq
WP_003152337.1	NP_390880.1	ytzE
WP_010886462.1	NP_388857.1	yheE
WP_003233096.1	NP_388948.2	gerPF
WP_003232679.1	YP_003097714.1	ykzM
WP_003221221.1	NP_389674.1	yneF
WP_003219905.1	NP_391301.1	yvfG
WP_003156508.1	NP_388020.1	infA
WP_124048211.1	NP_389973.1	yopF
WP_088326395.1	NP_390235.1	yqkK
WP_076457648.1	NP_391037.1	yufS
WP_021480275.1	NP_390744.1	sspI
WP_015715504.1	NP_388668.1	yfkK
WP_004399107.1	NP_390366.1	yqgQ
WP_003231966.1	YP_003097728.1	swrD
WP_003226810.1	NP_387884.1	rlbA
WP_160221592.1	YP_003097729.1	tepJ
WP_003233252.1	NP_388875.1	yhaL
WP_003230479.1	NP_390216.1	ypzD
WP_003223835.1	NP_388145.2	tatAD
WP_003151167.1	NP_391567.1	atpE
WP_490339683.1	NP_389362.1	ylaI
WP_029725880.1	YP_003097779.1	mbtH
WP_003244260.1	NP_391231.1	copZ
WP_003243327.1	YP_003097790.1	yvzJ
WP_003234008.1	NP_388508.1	ydjO
WP_003226678.1	NP_387961.1	yazB
WP_003223491.1	NP_390835.1	sspA
WP_003222303.1	NP_389337.1	rnpZA
WP_017695696.1	YP_003097704.1	yjzK
WP_004398642.1	NP_390253.1	yqzH
WP_003244900.1	NP_389137.1	xtrA
WP_003242917.1	NP_391747.1	yxlD
WP_003226838.1	YP_003097803.1	yyzM
WP_003223929.1	YP_003097757.1	ypzJ
WP_003153142.1	NP_390321.1	spoIIIAC
WP_069703884.1	NP_390215.1	ypuB
WP_015250806.1	NP_391926.1	yyzB
WP_014477495.1	NP_390607.1	yrzA
WP_004399143.1	NP_390163.1	yphE
WP_003233478.1	NP_388757.2	ygzA
WP_003233287.1	NP_388856.1	sspB
WP_003231245.1	NP_389812.1	yozC
WP_003224086.1	NP_388791.1	cspB
WP_003221520.1	NP_389451.1	rpoZ
WP_072173897.1	NP_389050.1	thiS
WP_009966860.1	YP_003097697.1	ygzD
WP_003234247.1	NP_388393.1	cspC
WP_003233686.1	NP_388658.1	yfkS
WP_003231189.1	YP_003097742.1	yoyD
WP_003230776.1	NP_390076.1	cspD
WP_003226922.1	NP_391925.1	yycD
WP_003224377.1	NP_388927.1	yhjC
WP_003222669.1	YP_003097768.1	yrzS
WP_003222418.1	NP_390764.1	rpmI
WP_003156482.1	NP_388005.1	rpmC
WP_003151132.1	NP_391588.1	rpmEA
WP_085185458.1	NP_391714.1	ywbE
WP_069703600.1	NP_391758.1	yxzE
WP_014480384.1	NP_390575.1	yraE
WP_010886502.1	NP_389295.1	abbA
WP_003245613.1	YP_003097702.1	yizC
WP_003245192.1	NP_388761.2	senS
WP_003228065.1	NP_391391.1	yvlC
WP_003219403.1	NP_388523.1	yebG
WP_015482686.1	NP_387905.1	csfB
WP_014480387.1	YP_009513988.1	yrzP
WP_014480135.1	YP_003097755.1	ypzH
WP_003232825.1	YP_003097709.1	yjzH
WP_003230808.1	NP_390055.1	ypmT
WP_003218622.1	YP_003097721.1	ykzS
WP_003218568.1	NP_389230.1	sspD
WP_017695371.1	YP_003097700.1	yhzF
WP_003246090.1	NP_390098.1	yptA
WP_003234886.1	NP_388090.1	ybxH
WP_003233561.1	NP_388730.1	yfhD
WP_003229407.1	YP_003097772.1	ytzJ
WP_003225893.1	YP_003097767.1	yrzR
WP_003225680.1	NP_388481.1	ydiK
WP_003224559.1	NP_389013.1	comZ
WP_003222590.1	YP_003097770.1	yszA
WP_131227461.1	NP_389657.2	ynzB
WP_080529360.1	NP_389654.1	tatAC
WP_009967148.1	NP_389349.1	ykzI
WP_003245500.1	NP_389359.1	ylaF
WP_003232781.1	YP_003097710.1	yjzI
WP_003230690.1	NP_390108.1	yppF
WP_003227718.1	NP_391548.1	csbD
WP_003227293.1	NP_391746.1	yxlE
WP_003222038.1	NP_391634.1	hmtB
WP_003221548.1	NP_389464.1	rpmB
WP_131227386.1	YP_003097727.1	ylzH
WP_015715596.1	YP_003097698.1	yhzD
WP_003245236.1	NP_389009.1	yjzD
WP_003232446.1	NP_389264.2	ykvS
WP_003223132.1	NP_388678.1	yfjT
WP_003221676.1	YP_003097786.1	yvzF
WP_003218333.1	NP_387926.1	sspF
WP_003156488.1	NP_388010.1	rpsNA
WP_119899602.1	NP_390501.1	yqaO
WP_015252223.1	NP_389234.1	ykzE
WP_004399003.1	NP_390079.1	ypeQ
WP_003245766.1	NP_389216.1	ykoL
WP_003230774.1	NP_390077.1	degR
WP_003223398.1	NP_390886.1	yteV
WP_072592579.1	NP_388334.1	fbpB
WP_072175549.1	NP_390346.2	spoIIT
WP_064671914.1	NP_388692.1	sspH
WP_032677541.1	YP_003097674.1	yczL
WP_010886421.1	YP_003097685.1	ydzP
WP_004399676.1	NP_387981.1	secE
WP_003245356.1	NP_389008.1	yjzC
WP_003232712.1	YP_003097711.1	yjzJ
WP_003156497.1	NP_388015.1	rpmD
WP_003154457.1	NP_389391.1	rpmF
WP_038429171.1	NP_389847.1	yozD
WP_003234785.1	YP_003097673.1	yczK
WP_003233093.1	NP_388950.1	gerPD
WP_003230553.1	NP_390171.1	ypfB
WP_106073985.1	YP_003097693.1	phrH
WP_010886518.1	NP_389675.1	spo0D
WP_003234072.1	NP_388479.1	tatAY
WP_003230187.1	NP_390340.1	sinI
WP_003230141.1	NP_390360.1	yqgW
WP_003230126.1	NP_390368.1	yqgO
WP_003152957.1	NP_390419.1	rpsU
WP_065423456.1	YP_003097800.1	yyzF
WP_021481067.1	YP_003097801.1	yyzG
WP_004399157.1	NP_390635.1	yrzK
WP_003233086.1	NP_388954.1	pchI
WP_003232646.1	NP_389165.1	spoIISB
WP_003232568.1	YP_003097717.1	ykzN
WP_003225588.1	NP_390120.1	ypmA
WP_033885256.1	NP_390513.1	yqaD
WP_014476499.1	NP_389094.1	yjfB
WP_003245588.1	YP_003097712.1	ykzK
WP_003244944.1	YP_003097703.1	yizD
WP_003244522.1	NP_388600.1	yezD
WP_003244066.1	NP_388520.3	yebD
WP_003227896.1	NP_391468.1	edmS
WP_490339392.1	YP_003097679.1	yczO
WP_339176366.1	NP_389160.1	xkdX
WP_014478893.1	YP_009513944.1	fbpA
WP_003245467.1	YP_003097730.1	ynzI
WP_003221681.1	YP_003097785.1	spxO
WP_010886461.1	NP_388851.1	bmrB
WP_003245246.1	YP_003097722.1	ykzT
WP_003234807.1	NP_388135.1	rtpA
WP_003227706.1	NP_391553.1	ywmE
WP_003222006.1	NP_391618.1	albB
WP_087961422.1	YP_003097799.1	yyzN
WP_029726582.1	YP_003097689.1	ydzJ
WP_009968374.1	NP_391740.1	yxzF
WP_003243648.1	YP_003097794.1	slrA
WP_003232317.1	YP_003097725.1	ykzV
WP_003229069.1	YP_003097775.1	ytzL
WP_106074009.1	NP_388622.1	yfmN
WP_072557135.1	NP_388785.1	yhcD
WP_003244572.1	NP_388648.1	yflI
WP_003232538.1	NP_389215.1	ykzB
WP_003232510.1	YP_003097718.1	ykzP
WP_131228329.1	YP_009513952.1	spoIISC
WP_106073301.1	YP_054594.1	sboX
WP_010327933.1	YP_003097754.1	ypzG
WP_003223241.1	YP_054573.1	sspK
WP_004399102.1	NP_390597.1	yrzI
WP_003239113.1	YP_003097715.1	xkzB
WP_003227330.1	YP_003097795.1	ywzH
WP_003226909.1	YP_003097802.1	yyzH
WP_003156421.1	NP_387980.1	rpmGB
WP_003153056.1	NP_570908.2	rpmGA
WP_003244839.1	NP_389682.1	sspO
WP_003240817.1	YP_003097783.1	yuzL
WP_003231569.1	YP_054579.2	sspN
WP_003228613.1	YP_054592.1	sspG
WP_003221237.1	NP_389681.1	sspP
WP_032722385.1	NP_390534.1	yrkB
WP_014477437.1	YP_003097765.1	yrzO
WP_003243880.1	YP_003097686.1	ydzQ
WP_003243733.1	NP_391089.1	yuiA
WP_003242876.1	YP_003097792.1	ywzD
WP_003231164.1	YP_003097744.1	yoyF
WP_003230053.1	YP_003097761.1	yqzL
WP_003218259.1	YP_003097753.1	ypzF
WP_004398683.1	YP_003097769.1	yrzT
WP_003242786.1	NP_391927.1	yycC
WP_003229081.1	YP_003097774.1	ytzI
WP_003228723.1	NP_391092.1	yuzG
WP_003226124.1	YP_054588.1	sda
WP_003221612.1	YP_054593.1	sspJ
WP_003220708.1	NP_391050.1	degQ
WP_010886442.1	NP_388653.1	yflD
WP_003233704.1	NP_388647.1	yflJ
WP_003228600.1	YP_003097782.1	yuzK
WP_003218541.1	NP_389212.1	ykzD
WP_003245487.1	NP_389126.1	phrA
WP_003244802.1	NP_388904.1	yhfH
WP_003238865.1	NP_389329.1	ykpC
WP_003229983.1	YP_003097762.1	yqzM
WP_003178075.1	NP_391986.1	rpmH
WP_009968115.1	YP_003097780.1	yuzJ
WP_003229780.1	YP_003097766.1	yrzQ
WP_003225499.1	YP_003097756.2	ypzI
WP_003222002.1	NP_391616.1	sboA
WP_003218255.1	YP_054584.1	sspL
WP_003245136.1	NP_388855.1	yheF
WP_003244964.1	YP_003097732.1	ynzL
WP_003231174.1	YP_003097743.1	yoyE
WP_339174808.1	YP_009513976.1	mciZ
WP_003224994.1	NP_388260.1	phrC
WP_010886415.1	NP_388383.1	phrI
WP_009968329.1	NP_391627.1	phrF
WP_003232305.1	YP_003097726.1	rgpA
WP_003226961.1	NP_391911.1	phrG
WP_032728921.1	YP_003097677.1	yczN
WP_003225207.1	YP_009513946.1	cmpA
WP_003156543.1	NP_388021.1	rpmJ
WP_010886628.1	NP_391524.1	usd
WP_003223230.1	NP_388731.1	yfhE
WP_009966908.1	NP_388844.1	yhdX
WP_003225606.1	YP_054585.1	sspM
WP_100069434.1	YP_009513974.1	fbpC
WP_015482794.1	YP_003097676.1	yczM
WP_003327753.1	YP_003097699.1	sscA
WP_003155248.1	YP_009513948.1	sscB
WP_003221545.1	NP_389463.1	spoVM
WP_072175780.1	YP_009513985.1	yrpDX
WP_010886645.1	NP_391958.1	tetL
