YFJ07845.1	NP_417015.1	b2520
YFJ11375.1	NP_416170.1	b1653
YFJ07950.1	NP_417134.2	b2647
YFJ08288.1	YP_026189.1	b4466
YFJ11656.1	NP_417679.2	b3212
YFJ10647.1	NP_415444.1	b0924
YFJ08888.1	YP_026224.1	b3482
YFJ09375.1	NP_418415.1	b3988
YFJ10615.1	NP_415410.1	b0890
YFJ09374.1	NP_418414.1	b3987
YFJ10727.1	NP_415534.1	b1014
YFJ11138.1	NP_415931.4	b1413
YFJ07884.1	YP_026170.1	b2557
YFJ10319.1	NP_415118.1	b0586
YFJ08556.1	YP_026208.1	b4472
YFJ09623.1	NP_418642.1	b4221
YFJ07586.1	NP_416736.1	b2233
YFJ10940.1	NP_415742.1	b1224
YFJ11186.1	NP_415985.1	b1468
YFJ09398.1	NP_418443.1	b4019
YFJ07474.1	NP_416621.1	b2118
YFJ07706.1	NP_416871.1	b2370
YFJ08103.1	NP_417297.1	b2820
YFJ11125.1	NP_415896.1	b1378
YFJ09945.1	NP_414726.1	b0184
YFJ08817.1	YP_026226.4	b3530
YFJ10816.1	NP_415632.1	b1114
YFJ08105.1	NP_417299.1	b2822
YFJ10171.1	NP_414998.1	b0465
YFJ09561.1	NP_418583.1	b4159
YFJ07431.1	NP_416571.1	b2067
YFJ07876.1	NP_417044.4	b2549
YFJ09802.1	NP_414574.1	b0033
YFJ10787.1	NP_415602.1	b1084
YFJ10168.1	NP_414995.1	b0462
YFJ10307.1	NP_415107.1	b0575
YFJ10104.1	NP_414931.1	b0397
YFJ07438.1	NP_416579.1	b2075
YFJ08801.1	NP_417971.1	b3514
YFJ07791.1	NP_416965.1	b2470
YFJ08582.1	NP_417732.1	b3266
YFJ08172.1	NP_417354.1	b2878
YFJ08401.1	YP_026199.1	b3076
YFJ07439.1	NP_416580.1	b2076
YFJ10062.1	NP_414878.1	b0344
YFJ11409.1	NP_416202.1	b1687
YFJ09244.1	NP_418330.1	b3894
YFJ11191.1	NP_415991.1	b1474
YFJ10296.1	NP_415100.1	b0568
YFJ10290.1	NP_415890.2	b1372
YFJ09828.1	NP_414601.1	b0059
YFJ08104.1	NP_417298.1	b2821
YFJ08195.1	NP_417379.1	b2903
YFJ08175.1	NP_417357.1	b2881
YFJ09656.1	NP_418679.1	b4258
YFJ07573.1	NP_416722.2	b2218
YFJ08379.1	NP_417525.1	b3053
YFJ09465.1	NP_418482.1	b4058
YFJ09795.1	NP_414567.1	b0026
YFJ10443.1	NP_415254.1	b0726
YFJ09208.1	NP_418300.1	b3863
YFJ11211.1	NP_416011.1	b1494
YFJ08070.1	NP_417266.1	b2786
YFJ08766.1	YP_026225.1	b3486
YFJ07635.1	NP_416786.4	b2283
YFJ09864.1	NP_414640.1	b0098
YFJ08707.1	NP_417877.1	b3418
YFJ09642.1	NP_418663.1	b4242
YFJ10413.1	NP_415223.1	b0695
YFJ10991.1	NP_415792.1	b1276
YFJ10952.1	NP_415757.1	b1241
YFJ09928.1	NP_414709.1	b0167
YFJ08488.1	NP_417637.1	b3168
YFJ07571.1	NP_416720.1	b2216
YFJ08049.1	NP_417241.1	b2761
YFJ09878.1	NP_414656.1	b0114
YFJ07912.1	NP_417079.1	b2584
YFJ09351.1	NP_418391.1	b3956
YFJ11129.1	NP_415899.1	b1381
YFJ09689.1	NP_418737.1	b4317
YFJ07170.1	NP_416348.2	b1834
YFJ07986.1	NP_417177.1	b2697
YFJ07585.1	NP_416734.1	b2231
YFJ08820.1	NP_417990.4	b3533
YFJ10655.1	NP_415452.1	b0932
YFJ10233.1	NP_415065.1	b0532
YFJ11067.1	NP_415866.1	b1350
YFJ10663.1	NP_415460.1	b0940
YFJ09902.1	NP_414681.1	b0139
YFJ10986.1	NP_415790.1	b1274
YFJ09881.1	NP_414660.1	b0118
YFJ10371.1	NP_415175.1	b0642
YFJ07916.1	NP_417083.1	b2592
YFJ08024.1	NP_417213.1	b2733
YFJ08683.1	NP_417855.4	b3396
YFJ10712.1	NP_415517.1	b0997
YFJ09143.1	NP_418250.1	b3806
YFJ10752.1	NP_415567.1	b1049
YFJ08658.1	NP_417824.1	b3365
YFJ09911.1	NP_414691.1	b0149
YFJ10012.1	NP_414825.1	b0291
YFJ10190.1	NP_415017.1	b0484
YFJ09343.1	YP_026278.1	b3947
YFJ07719.1	NP_416884.1	b2383
YFJ07560.1	NP_416710.1	b2206
YFJ07467.1	NP_416612.1	b2109
YFJ09771.1	NP_414543.1	b0002
YFJ08716.1	NP_417886.1	b3428
YFJ10618.1	NP_415414.4	b0894
YFJ09987.1	NP_414756.2	b0221
YFJ09578.1	NP_418600.4	b4179
YFJ10550.1	NP_415344.1	b0823
YFJ09938.1	NP_414719.1	b0177
YFJ09334.1	NP_418375.1	b3940
YFJ09910.1	NP_414690.4	b0148
YFJ07206.1	NP_416386.4	b1872
YFJ11314.1	NP_416104.1	b1587
YFJ11581.1	NP_416105.4	b1588
YFJ11488.1	NP_418465.4	b4041
YFJ10736.1	NP_415543.1	b1024
YFJ10204.1	NP_415029.1	b0496
YFJ09051.1	YP_026241.1	b3699
YFJ11206.1	NP_416006.4	b1489
YFJ08706.1	YP_026218.1	b3417
YFJ09887.1	NP_414666.1	b0124
YFJ11434.1	NP_416228.1	b1713
YFJ11423.1	NP_416217.1	b1702
YFJ11212.1	NP_416012.1	b1495
YFJ10146.1	NP_414973.1	b0439
YFJ09824.1	NP_414596.1	b0054
YFJ09829.1	NP_414602.1	b0060
YFJ08405.1	NP_417551.1	b3080
YFJ08819.1	NP_417989.1	b3532
YFJ08528.1	YP_026207.1	b3210
YFJ08842.1	NP_418007.3	b3551
YFJ08698.1	NP_417868.1	b3409
YFJ08696.1	NP_417866.4	b3407
YFJ08959.1	NP_418113.1	b3656
YFJ07844.1	NP_417014.1	b2519
YFJ11133.1	NP_415925.2	b1407
YFJ09346.1	NP_418386.1	b3951
YFJ08161.1	NP_417342.1	b2866
YFJ07490.1	NP_416636.1	b2132
YFJ08439.1	YP_026205.1	b3114
YFJ09726.1	NP_418779.2	b4359
YFJ07587.1	NP_416737.1	b2234
YFJ10627.1	NP_415423.1	b0903
YFJ10529.1	NP_415326.1	b0805
YFJ11218.1	NP_416018.1	b1501
YFJ07784.1	NP_416958.1	b2463
YFJ07477.1	NP_416624.1	b2120
YFJ10608.1	NP_415403.1	b0882
YFJ11492.1	NP_418541.2	b4117
YFJ11036.1	NP_415832.1	b1316
YFJ10636.1	NP_415433.4	b0913
YFJ11450.1	YP_025308.1	b1732
YFJ10496.1	NP_415292.2	b0771
YFJ09167.1	NP_418273.1	b3829
YFJ08345.1	NP_417491.1	b3019
YFJ08112.1	NP_417306.1	b2829
YFJ07824.1	NP_416998.1	b2503
YFJ10316.1	NP_415116.1	b0584
YFJ08001.1	NP_417192.1	b2712
YFJ10297.1	NP_415101.1	b0569
YFJ08068.1	NP_417264.1	b2784
YFJ09512.1	NP_418533.1	b4109
YFJ10532.1	NP_415329.4	b0808
YFJ11352.1	NP_416146.1	b1629
YFJ08335.1	YP_026196.1	b4469
YFJ10410.1	NP_415220.1	b0693
YFJ09327.1	NP_418370.1	b3935
YFJ08752.1	NP_417926.1	b3469
YFJ10804.1	NP_415620.1	b1102
YFJ09912.1	NP_414692.1	b0150
YFJ09196.1	NP_418288.1	b3846
YFJ07729.1	NP_416896.4	b2395
YFJ11394.1	NP_416188.1	b1673
YFJ08720.1	NP_417890.1	b3432
YFJ09338.1	NP_418377.1	b3942
YFJ08290.1	NP_417450.1	b2976
YFJ10683.1	NP_415480.2	b0960
YFJ09149.1	NP_418258.1	b3813
YFJ07422.1	NP_416564.4	b2060
YFJ08120.1	NP_417313.1	b2836
YFJ10523.1	NP_415320.1	b0799
YFJ09721.1	NP_418774.2	b4354
YFJ09534.1	NP_418555.1	b4131
YFJ09484.1	NP_418503.1	b4079
YFJ08211.1	NP_417392.1	b2917
YFJ07971.1	NP_417161.1	b2675
YFJ07694.1	NP_416843.1	b2341
YFJ07649.1	NP_416800.1	b2297
YFJ09947.1	NP_414728.1	b0186
YFJ09638.1	NP_418659.1	b4238
YFJ08685.1	NP_417857.1	b3398
YFJ08484.1	NP_417633.4	b3164
YFJ08262.1	NP_417440.4	b2965
YFJ08633.1	NP_417799.1	b3340
YFJ10671.1	NP_415468.1	b0948
YFJ08946.1	NP_418107.1	b3650
YFJ10331.1	NP_415130.1	b0598
YFJ11171.1	NP_415968.1	b1451
YFJ09438.1	NP_418453.1	b4029
YFJ08651.1	NP_417817.2	b3358
YFJ08948.1	NP_418109.1	b3652
YFJ08705.1	NP_417875.1	b3416
YFJ08020.1	NP_417211.1	b2731
YFJ07210.1	NP_416393.1	b1879
YFJ08850.1	NP_418016.1	b3559
YFJ07822.1	NP_416996.1	b2501
YFJ08811.1	NP_417981.2	b3524
YFJ07180.1	NP_416359.1	b1845
YFJ10685.1	NP_415482.1	b0962
YFJ09486.1	NP_418505.2	b4081
YFJ10415.1	NP_415225.1	b0697
YFJ07166.1	NP_416344.1	b1830
YFJ11251.1	NP_416056.1	b1538
YFJ08777.1	NP_417955.1	b3498
YFJ09226.1	NP_418314.1	b3878
YFJ08467.1	NP_417616.1	b3147
YFJ10035.1	NP_414848.1	b0314
YFJ07472.1	NP_416617.1	b2114
YFJ08863.1	NP_418028.1	b3571
YFJ10504.1	NP_415300.1	b0779
YFJ09117.1	YP_026251.1	b3778
YFJ10735.1	NP_415542.1	b1023
YFJ08406.1	NP_417552.1	b3081
YFJ07804.1	NP_416977.1	b2482
YFJ07796.1	NP_416969.1	b2474
YFJ07741.1	NP_416906.1	b2411
YFJ11367.1	NP_416162.1	b1645
YFJ07813.1	NP_416986.4	b2491
YFJ07676.1	NP_416827.4	b2324
YFJ07786.1	NP_416960.1	b2465
YFJ07479.1	YP_009518800.1	b2122
YFJ10138.1	NP_414965.1	b0431
YFJ08229.1	YP_026188.1	b2935
YFJ08816.1	NP_417986.4	b3529
YFJ11000.1	NP_415801.1	b1285
YFJ09489.1	NP_418507.2	b4083
YFJ09915.1	NP_414695.1	b0153
YFJ07609.1	NP_416758.1	b2255
YFJ07789.1	NP_416963.1	b2468
YFJ08233.1	NP_417413.1	b2938
YFJ08719.1	NP_417889.1	b3431
YFJ08551.1	NP_417707.1	b3240
YFJ11155.1	NP_415952.2	b1435
YFJ09475.1	NP_418493.1	b4069
YFJ11479.1	NP_416277.1	b1763
YFJ10605.1	NP_415400.1	b0879
YFJ10398.1	NP_415205.1	b0679
YFJ09616.1	NP_418634.1	b4213
YFJ07550.1	NP_416700.1	b2196
YFJ08562.1	NP_417718.1	b3252
YFJ07434.1	NP_416574.1	b2070
YFJ09759.1	NP_418809.4	b4392
YFJ11002.1	NP_415802.1	b1286
YFJ08496.1	NP_417645.1	b3178
YFJ07117.1	NP_416297.1	b1783
YFJ10176.1	NP_415003.1	b0470
YFJ11438.1	NP_416234.1	b1719
YFJ10893.1	NP_415719.2	b1201
YFJ08179.1	NP_417363.2	b2887
YFJ09782.1	NP_414555.1	b0014
YFJ08896.1	NP_418056.1	b3599
YFJ08645.1	NP_417811.1	b3352
YFJ07143.1	NP_416322.1	b1808
YFJ10672.1	NP_415469.1	b0949
YFJ10365.1	NP_415168.1	b0635
YFJ09380.1	NP_418422.1	b3994
YFJ09879.1	NP_414657.1	b0115
YFJ08359.1	NP_417502.1	b3030
YFJ10978.1	NP_415784.1	b1268
YFJ09092.1	NP_418197.1	b3741
YFJ08482.1	NP_417631.2	b3162
YFJ10054.1	NP_414869.1	b0335
YFJ10179.1	NP_415006.1	b0473
YFJ11538.1	NP_415350.2	b0829
YFJ10148.1	NP_414975.1	b0441
YFJ09098.1	YP_026244.1	b3747
YFJ10127.1	NP_414954.1	b0420
YFJ09816.1	NP_414589.1	b0047
YFJ08309.1	NP_417462.1	b2988
YFJ11482.1	NP_416280.1	b1766
YFJ09880.1	NP_414659.1	b0117
YFJ07428.1	NP_416568.1	b2064
YFJ09113.1	YP_026248.1	b3771
YFJ07853.1	NP_417021.1	b2526
YFJ10648.1	NP_415445.1	b0925
YFJ10115.1	NP_414942.1	b0408
YFJ09569.1	NP_418591.1	b4170
YFJ09362.1	NP_418401.1	b3966
YFJ08885.1	NP_418047.1	b3590
YFJ08393.1	NP_417539.1	b3067
YFJ07630.1	NP_416781.1	b2278
YFJ07644.1	NP_416795.1	b2292
YFJ07249.1	NP_416423.4	b1913
YFJ11685.1	YP_026263.3	b3822
YFJ09080.1	NP_418185.1	b3729
YFJ08102.1	NP_417296.1	b2819
YFJ08012.1	NP_417203.1	b2723
YFJ07574.1	NP_416723.1	b2219
YFJ09216.1	YP_026274.1	b3871
YFJ10110.1	NP_414937.2	b0403
YFJ07534.1	NP_416682.4	b2177
YFJ07186.1	NP_416365.1	b1851
YFJ09558.1	NP_418578.1	b4154
YFJ08644.1	NP_417809.1	b3350
YFJ07638.1	NP_416789.2	b2286
YFJ08052.1	NP_417244.1	b2764
YFJ07896.1	NP_417064.1	b2569
YFJ10938.1	NP_415740.1	b1222
YFJ10695.1	NP_415492.1	b0973
YFJ10209.1	NP_415040.1	b0507
YFJ10156.1	NP_414983.1	b0449
YFJ08164.1	NP_417345.1	b2869
YFJ08085.1	NP_417282.1	b2802
YFJ10155.1	NP_414982.1	b0448
YFJ07200.1	NP_416380.1	b1866
YFJ10612.1	NP_415407.1	b0887
YFJ10441.1	NP_415251.1	b0723
YFJ09850.1	NP_414626.1	b0084
YFJ09021.1	NP_418121.1	b3665
YFJ07625.1	NP_416773.1	b2270
YFJ10678.1	NP_415475.1	b0955
YFJ10628.1	NP_415425.4	b0905
YFJ07545.1	NP_416693.1	b2188
YFJ07541.1	NP_416689.1	b2184
YFJ11136.1	NP_415928.1	b1410
YFJ10637.1	NP_415434.1	b0914
YFJ09247.1	NP_418333.1	b3897
YFJ08730.1	NP_417904.1	b3447
YFJ08392.1	NP_417538.1	b3066
YFJ10878.1	NP_415709.2	b1191
YFJ10519.1	NP_415315.4	b0794
YFJ09622.1	NP_418641.1	b4220
YFJ09350.1	NP_418390.1	b3955
YFJ08185.1	NP_417368.1	b2892
YFJ07209.1	NP_416390.1	b1876
YFJ07746.1	NP_416911.1	b2416
YFJ09844.1	YP_025294.2	b0077
YFJ09396.1	NP_418440.1	b4016
YFJ08689.1	NP_417861.1	b3402
YFJ10611.1	NP_415406.1	b0886
YFJ11489.1	NP_418498.1	b4074
YFJ10597.1	NP_415392.1	b0871
YFJ09956.1	NP_414736.1	b0194
YFJ09034.1	NP_418135.1	b3679
YFJ07809.1	NP_416982.1	b2487
YFJ07491.1	NP_416637.1	b2133
YFJ08051.1	NP_417243.1	b2763
YFJ08010.1	NP_417201.1	b2721
YFJ08315.1	NP_417468.1	b2994
YFJ10152.1	NP_414979.1	b0445
YFJ09832.1	NP_414605.1	b0063
YFJ08951.1	NP_418112.1	b3655
YFJ07790.1	NP_416964.1	b2469
YFJ11196.1	NP_415996.2	b1479
YFJ10889.1	NP_415715.1	b1197
YFJ09538.1	NP_418559.1	b4136
YFJ07716.1	NP_416881.1	b2380
YFJ07709.1	NP_416874.1	b2373
YFJ08837.1	NP_418002.2	b3546
YFJ07523.1	NP_416672.1	b2167
YFJ10032.1	NP_414845.1	b0311
YFJ09026.1	NP_418127.1	b3671
YFJ07584.1	NP_416733.4	b2230
YFJ11213.1	NP_416013.1	b1496
YFJ10574.1	NP_415368.1	b0847
YFJ07483.1	NP_416630.1	b2126
YFJ07284.1	NP_416465.2	b1956
YFJ07140.1	NP_416319.1	b1805
YFJ11670.1	NP_418104.2	b3647
YFJ11215.1	NP_416015.2	b1498
YFJ08289.1	NP_417449.1	b2975
YFJ11029.1	NP_415825.4	b1309
YFJ08825.1	NP_417995.1	b3538
YFJ10184.1	NP_415011.1	b0478
YFJ10634.1	NP_415431.1	b0911
YFJ10416.1	NP_415226.1	b0698
YFJ10379.1	NP_415183.1	b0650
YFJ07619.1	NP_416767.1	b2264
YFJ10219.1	NP_415051.1	b0518
YFJ09758.1	NP_418808.1	b4391
YFJ10399.1	NP_415206.1	b0680
YFJ10393.1	NP_415200.1	b0674
YFJ10065.1	NP_414881.1	b0347
YFJ09722.1	NP_418775.1	b4355
YFJ09039.1	NP_418140.4	b3685
YFJ08377.1	NP_417523.1	b3051
YFJ07935.1	YP_026172.1	b2616
YFJ07220.1	NP_416400.1	b1886
YFJ10602.1	NP_415397.1	b0876
YFJ10350.1	NP_415152.1	b0619
YFJ09838.1	NP_414611.1	b0069
YFJ07269.1	NP_416448.1	b1938
YFJ11146.1	NP_415941.5	b1424
YFJ09639.1	NP_418660.1	b4239
YFJ09137.1	NP_418245.1	b3801
YFJ08902.1	NP_418060.1	b3603
YFJ11552.1	NP_415724.2	b1206
YFJ10599.1	NP_415394.4	b0873
YFJ09651.1	NP_418674.2	b4253
YFJ07611.1	NP_416760.1	b2257
YFJ09473.1	NP_418491.1	b4067
YFJ09472.1	NP_418489.1	b4065
YFJ09434.1	NP_418449.1	b4025
YFJ08806.1	NP_417976.1	b3519
YFJ07581.1	NP_416730.1	b2226
YFJ11422.1	NP_416216.5	b1701
YFJ11338.1	NP_416129.1	b1612
YFJ09545.1	NP_418567.1	b4143
YFJ09524.1	NP_418546.1	b4122
YFJ09058.1	NP_418161.1	b3705
YFJ07565.1	NP_416714.1	b2210
YFJ11014.1	NP_415810.1	b1294
YFJ10783.1	NP_415600.1	b1082
YFJ10011.1	NP_414824.1	b0290
YFJ09518.1	NP_418538.2	b4114
YFJ07566.1	NP_416715.1	b2211
YFJ11143.1	NP_415938.1	b1421
YFJ10674.1	NP_415471.1	b0951
YFJ10407.1	NP_415214.1	b0688
YFJ09187.1	NP_418279.1	b3835
YFJ08064.1	NP_417260.1	b2780
YFJ10955.1	NP_415759.1	b1243
YFJ09527.1	NP_418549.1	b4125
YFJ09399.1	NP_418444.1	b4020
YFJ07595.1	NP_416744.1	b2241
YFJ09586.1	NP_418608.6	b4187
YFJ08492.1	NP_417641.4	b3173
YFJ08169.1	NP_417351.1	b2875
YFJ08769.1	NP_417945.1	b3488
YFJ08690.1	NP_417862.1	b3403
YFJ07902.1	NP_417069.1	b2574
YFJ11047.1	NP_415845.2	b1329
YFJ10327.1	NP_415126.1	b0594
YFJ09835.1	NP_414609.1	b0067
YFJ07136.1	NP_416315.1	b1801
YFJ08835.1	NP_418001.1	b3544
YFJ08346.1	NP_417492.1	b3020
YFJ11389.1	NP_416183.1	b1668
YFJ09394.1	NP_418438.1	b4014
YFJ07219.1	NP_416399.1	b1885
YFJ08709.1	NP_417880.1	b3422
YFJ07149.1	NP_416329.4	b1815
YFJ11416.1	NP_416209.1	b1694
YFJ10974.1	NP_415779.1	b1263
YFJ10544.1	NP_415341.1	b0820
YFJ11344.1	NP_416138.1	b1621
YFJ09739.1	NP_418792.1	b4375
YFJ09391.1	NP_418434.1	b4006
YFJ07537.1	NP_416685.1	b2180
YFJ10050.1	NP_414864.1	b0330
YFJ09468.1	NP_418485.1	b4061
YFJ11615.1	NP_416567.4	b2063
YFJ10539.1	NP_415336.1	b0815
YFJ07808.1	NP_416981.1	b2486
YFJ07829.1	NP_417002.1	b2507
YFJ08759.1	NP_417933.1	b3476
YFJ09842.1	NP_414616.1	b0074
YFJ08823.1	NP_417993.1	b3536
YFJ08450.1	NP_417597.1	b3128
YFJ11533.1	NP_415261.2	b0733
YFJ10340.1	NP_415139.2	b0606
YFJ10975.1	NP_415780.1	b1264
YFJ07983.1	NP_417173.1	b2688
YFJ07885.1	NP_417053.2	b2558
YFJ07533.1	NP_416681.1	b2176
YFJ07150.1	NP_416330.1	b1816
YFJ09806.1	NP_414579.4	b0037
YFJ11204.1	NP_416004.1	b1487
YFJ10163.1	NP_414990.2	b0457
YFJ09886.1	NP_414665.1	b0123
YFJ09745.1	NP_418797.1	b4380
YFJ10041.1	NP_414854.1	b0320
YFJ09566.1	NP_418588.1	b4167
YFJ11682.1	NP_418220.1	b3772
YFJ11185.1	NP_415984.1	b1467
YFJ10700.1	NP_415497.1	b0978
YFJ09442.1	NP_418457.1	b4033
YFJ08911.1	NP_418069.1	b3612
YFJ11043.1	NP_415839.1	b1323
YFJ10870.1	NP_415704.1	b1186
YFJ10386.1	NP_415190.1	b0657
YFJ09085.1	NP_418190.1	b3734
YFJ08859.1	NP_418024.1	b3567
YFJ07823.1	NP_416997.1	b2502
YFJ10941.1	NP_415743.1	b1225
YFJ10556.1	NP_415351.1	b0830
YFJ09536.1	NP_418557.1	b4133
YFJ08882.1	NP_418045.4	b3588
YFJ07981.1	NP_417171.1	b2686
YFJ07703.1	NP_416868.1	b2367
YFJ11547.1	NP_415566.1	b1048
YFJ11472.1	NP_416269.4	b1755
YFJ11209.1	NP_416009.1	b1492
YFJ10770.1	NP_415587.1	b1069
YFJ11329.1	NP_416120.1	b1603
YFJ10872.1	NP_415706.1	b1188
YFJ10346.1	NP_415148.1	b0615
YFJ09493.1	NP_418511.1	b4087
YFJ07629.1	NP_416780.1	b2277
YFJ11053.1	NP_415852.2	b1336
YFJ10254.1	NP_415076.1	b0544
YFJ10850.1	NP_415686.2	b1168
YFJ09108.1	NP_418214.2	b3765
YFJ08397.1	NP_417543.1	b3072
YFJ07650.1	NP_416801.2	b2298
YFJ07506.1	NP_416654.1	b2149
YFJ09922.1	NP_414702.1	b0160
YFJ09532.1	NP_418553.1	b4129
YFJ08183.1	NP_417366.1	b2890
YFJ07664.1	NP_416815.1	b2312
YFJ09809.1	NP_414582.1	b0040
YFJ07998.1	NP_417189.2	b2709
YFJ07230.1	NP_416413.1	b1900
YFJ09657.1	NP_418681.1	b4260
YFJ07874.1	NP_417042.1	b2547
YFJ11934.1	YP_009518741.1	b0258
YFJ11340.1	NP_416131.1	b1614
YFJ10729.1	NP_415535.1	b1015
YFJ09318.1	NP_418361.1	b3926
YFJ08048.1	NP_417240.1	b2760
YFJ09100.1	NP_418205.1	b3749
YFJ08713.1	NP_417884.1	b3426
YFJ11357.1	NP_416151.1	b1634
YFJ09831.1	NP_414604.1	b0062
YFJ09660.1	NP_418684.1	b4263
YFJ09629.1	YP_026286.1	b4485
YFJ09560.1	NP_418580.2	b4156
YFJ09514.1	NP_418535.1	b4111
YFJ09023.1	NP_418124.4	b3668
YFJ11173.1	NP_415970.4	b1453
YFJ08772.1	NP_417950.1	b3493
YFJ08308.1	NP_417461.1	b2987
YFJ08294.1	NP_417453.1	b2979
YFJ09097.1	NP_418202.4	b3746
YFJ08872.1	NP_418037.1	b3580
YFJ08814.1	NP_417984.1	b3527
YFJ09193.1	NP_418285.1	b3843
YFJ09033.1	NP_418134.1	b3678
YFJ08283.1	NP_417785.1	b3326
YFJ08535.1	NP_417691.4	b3224
YFJ07120.1	NP_416300.2	b1786
YFJ11405.1	NP_416198.2	b1683
YFJ11020.1	NP_415816.1	b1300
YFJ09851.1	NP_414627.1	b0085
YFJ08747.1	NP_417921.1	b3464
YFJ08489.1	NP_417638.1	b3169
YFJ08415.1	NP_417562.1	b3091
YFJ07314.1	NP_416491.3	b1985
YFJ07264.1	NP_416437.1	b1927
YFJ09118.1	YP_026252.1	b3779
YFJ10750.1	NP_415564.2	b1046
YFJ10421.1	NP_415237.1	b0709
YFJ08364.1	NP_417507.2	b3035
YFJ11464.1	NP_416260.1	b1746
YFJ08214.1	NP_417395.1	b2920
YFJ08060.1	NP_417256.1	b2776
YFJ07409.1	NP_416550.1	b2046
YFJ10140.1	NP_414967.1	b0433
YFJ09857.1	NP_414633.1	b0091
YFJ09115.1	NP_418222.1	b3774
YFJ07187.1	NP_416366.1	b1852
YFJ07119.1	NP_416299.1	b1785
YFJ10485.1	NP_415281.1	b0760
YFJ10033.1	NP_414846.1	b0312
YFJ07836.1	NP_417006.2	b2511
YFJ09255.1	NP_418340.1	b3904
YFJ08775.1	NP_417953.1	b3496
YFJ08557.1	NP_417713.2	b3247
YFJ07512.1	NP_416661.1	b2156
YFJ09485.1	NP_418504.1	b4080
YFJ07830.1	NP_417003.1	b2508
YFJ07529.1	NP_416677.1	b2172
YFJ10343.1	NP_415145.1	b0612
YFJ08389.1	NP_417535.1	b3063
YFJ07816.1	NP_416989.1	b2494
YFJ11255.1	NP_416060.1	b1542
YFJ10961.1	NP_415765.1	b1249
YFJ10831.1	NP_415647.1	b1129
YFJ09695.1	NP_418743.1	b4323
YFJ11565.1	NP_415881.1	b1363
YFJ10001.1	NP_414772.1	b0237
YFJ09533.1	NP_418554.1	b4130
YFJ08003.1	YP_026182.1	b2715
YFJ07628.1	NP_416779.2	b2276
YFJ10212.1	NP_415044.4	b0511
YFJ08856.1	NP_418021.1	b3564
YFJ08058.1	YP_026183.1	b4463
YFJ07312.1	NP_416489.1	b1982
YFJ11233.1	YP_025302.1	b1521
YFJ10378.1	NP_415182.1	b0649
YFJ10053.1	NP_414868.1	b0334
YFJ09249.1	NP_418335.4	b3899
YFJ09199.1	YP_026273.1	b3849
YFJ09096.1	YP_026243.1	b3745
YFJ08575.1	NP_417724.4	b3258
YFJ10303.1	NP_415102.1	b0570
YFJ10130.1	NP_414957.1	b0423
YFJ08180.1	NP_417364.2	b2888
YFJ07955.1	NP_417147.1	b2661
YFJ11054.1	NP_415853.1	b1337
YFJ08555.1	NP_417711.1	b3244
YFJ07189.1	NP_416368.1	b1854
YFJ11140.1	NP_415933.1	b1415
YFJ07999.1	NP_417190.1	b2710
YFJ07806.1	NP_416979.1	b2484
YFJ07171.1	NP_416349.2	b1835
YFJ11427.1	NP_416221.1	b1706
YFJ09541.1	NP_418562.4	b4139
YFJ09476.1	NP_418494.1	b4070
YFJ07412.1	NP_416553.1	b2049
YFJ10803.1	NP_415619.1	b1101
YFJ10495.1	NP_415291.1	b0770
YFJ08717.1	NP_417887.1	b3429
YFJ08520.1	NP_417669.1	b3202
YFJ08500.1	NP_417649.1	b3182
YFJ08403.1	YP_026200.1	b3078
YFJ08378.1	NP_417524.1	b3052
YFJ08194.1	NP_417377.1	b2901
YFJ10623.1	NP_415419.2	b0899
YFJ10595.1	NP_415390.4	b0869
YFJ09776.1	NP_414548.1	b0007
YFJ09206.1	NP_418298.4	b3861
YFJ10375.1	NP_415179.1	b0646
YFJ10029.1	NP_414841.1	b0307
YFJ09184.1	NP_418276.1	b3832
YFJ09104.1	NP_418210.1	b3754
YFJ08039.1	NP_417231.1	b2751
YFJ07883.1	NP_417051.2	b2556
YFJ07380.1	NP_416515.1	b2011
YFJ11509.1	NP_414658.1	b0116
YFJ11163.1	NP_415961.1	b1444
YFJ10390.1	NP_415194.1	b0661
YFJ09923.1	NP_414703.1	b0161
YFJ09766.1	NP_418816.1	b4399
YFJ08004.1	NP_417196.1	b2716
YFJ07758.1	NP_416924.1	b2429
YFJ07228.1	NP_416410.1	b1896
YFJ09917.1	NP_414697.1	b0155
YFJ09640.1	NP_418661.1	b4240
YFJ11017.1	NP_415813.4	b1297
YFJ10890.1	NP_415716.4	b1198
YFJ10420.1	NP_415236.1	b0708
YFJ10042.1	NP_414855.1	b0321
YFJ08530.1	NP_417680.1	b3213
YFJ08125.1	NP_417318.1	b2841
YFJ08086.1	NP_417283.2	b2803
YFJ07289.1	NP_416470.1	b1961
YFJ10093.1	NP_414917.2	b0383
YFJ09459.1	NP_418476.1	b4052
YFJ09060.1	NP_418164.4	b3708
YFJ07732.1	NP_416899.1	b2400
YFJ07440.1	NP_416581.1	b2077
YFJ07261.1	NP_416434.1	b1924
YFJ11398.1	NP_416191.1	b1676
YFJ09715.1	NP_418760.1	b4340
YFJ09612.1	NP_418629.1	b4208
YFJ08416.1	NP_417563.1	b3092
YFJ08343.1	NP_417489.1	b3017
YFJ11634.1	NP_417251.2	b2771
YFJ09215.1	NP_418306.1	b3870
YFJ09213.1	NP_418304.1	b3868
YFJ11158.1	NP_415956.1	b1439
YFJ10400.1	NP_415207.1	b0681
YFJ07398.1	NP_416533.1	b2029
YFJ11337.1	NP_416128.1	b1611
YFJ09224.1	YP_026275.1	b3876
YFJ09054.1	NP_418157.1	b3702
YFJ07774.1	NP_416950.1	b2455
YFJ07770.1	NP_416946.1	b2451
YFJ07441.1	NP_416582.1	b2078
YFJ11210.1	NP_416010.1	b1493
YFJ10653.1	NP_415450.1	b0930
YFJ09840.1	NP_414614.1	b0072
YFJ09359.1	NP_418397.2	b3962
YFJ08804.1	NP_417974.1	b3517
YFJ08176.1	NP_417358.2	b2882
YFJ07957.1	NP_417149.1	b2663
YFJ11511.1	NP_414685.4	b0143
YFJ11041.1	NP_415837.1	b1321
YFJ09592.1	NP_418614.4	b4193
YFJ08805.1	NP_417975.1	b3518
YFJ10936.1	NP_415738.2	b1220
YFJ08238.1	NP_417418.1	b2943
YFJ07410.1	NP_416551.1	b2047
YFJ07406.1	NP_416547.1	b2043
YFJ11447.1	NP_416243.1	b1729
YFJ10939.1	NP_415741.1	b1223
YFJ09022.1	NP_418122.1	b3666
YFJ08950.1	NP_418111.1	b3654
YFJ08886.1	NP_418048.1	b3591
YFJ11328.1	NP_416119.1	b1602
YFJ11237.1	NP_416042.2	b1525
YFJ11187.1	NP_415986.1	b1469
YFJ09225.1	NP_418313.4	b3877
YFJ08226.1	NP_417408.1	b2933
YFJ11016.1	NP_415812.4	b1296
YFJ10352.1	NP_415154.1	b0621
YFJ10227.1	NP_415059.1	b0526
YFJ09871.1	NP_414649.1	b0107
YFJ09135.1	YP_026258.1	b3795
YFJ08167.1	NP_417349.4	b2873
YFJ07575.1	NP_416724.1	b2220
YFJ11331.1	NP_416122.1	b1605
YFJ11207.1	NP_416007.3	b1490
YFJ10305.1	NP_415104.1	b0572
YFJ10044.1	NP_414858.1	b0324
YFJ09754.1	NP_418806.1	b4389
YFJ09083.1	NP_418188.1	b3732
YFJ08960.1	NP_418114.4	b3657
YFJ08398.1	NP_417544.5	b3073
YFJ10308.1	NP_415108.1	b0576
YFJ09388.1	NP_418431.1	b4003
YFJ08597.1	NP_417748.1	b3290
YFJ08135.1	NP_417329.1	b2852
YFJ11386.1	YP_025307.1	b1663
YFJ11061.1	NP_415859.1	b1343
YFJ10109.1	NP_414936.1	b0402
YFJ09876.1	NP_414654.1	b0112
YFJ09633.1	NP_418654.1	b4233
YFJ09355.1	NP_418395.1	b3960
YFJ09260.1	NP_418347.1	b3911
YFJ09211.1	NP_418303.2	b3867
YFJ08661.1	NP_417827.1	b3368
YFJ07272.1	NP_416451.1	b1941
YFJ07164.1	NP_416342.4	b1828
YFJ10833.1	NP_415649.1	b1131
YFJ09081.1	NP_418186.1	b3730
YFJ07411.1	NP_416552.1	b2048
YFJ10737.1	NP_415544.1	b1025
YFJ08545.1	NP_417701.1	b3234
YFJ08538.1	NP_417694.1	b3227
YFJ08177.1	YP_026186.1	b4464
YFJ08081.1	NP_417277.1	b2797
YFJ07831.1	NP_417004.1	b2509
YFJ10134.1	NP_414961.4	b0427
YFJ09059.1	NP_418162.1	b3706
YFJ08437.1	YP_026204.1	b4471
YFJ08079.1	NP_417275.1	b2795
YFJ07148.1	NP_416328.1	b1814
YFJ10521.1	NP_415318.1	b0797
YFJ10213.1	NP_415045.1	b0512
YFJ09723.1	NP_418776.1	b4356
YFJ07932.1	NP_417101.1	b2610
YFJ07865.1	NP_417033.1	b2538
YFJ07769.1	NP_416936.4	b2441
YFJ07446.1	NP_416585.1	b2081
YFJ07146.1	NP_416326.1	b1812
YFJ11485.1	NP_416283.1	b1769
YFJ11455.1	NP_416251.1	b1737
YFJ10973.1	NP_415778.3	b1262
YFJ09967.1	NP_414747.1	b0211
YFJ09852.1	NP_414628.1	b0086
YFJ07594.1	NP_416743.1	b2240
YFJ07383.1	NP_416518.2	b2014
YFJ07293.1	NP_416477.1	b1968
YFJ09522.1	NP_418543.1	b4119
YFJ07913.1	NP_417080.4	b2585
YFJ07615.1	NP_416763.1	b2260
YFJ11452.1	NP_416248.1	b1734
YFJ09937.1	NP_414718.1	b0176
YFJ09767.1	NP_418817.1	b4400
YFJ09635.1	NP_418656.1	b4235
YFJ09133.1	NP_418241.1	b3793
YFJ08779.1	NP_417957.1	b3500
YFJ08693.1	NP_417863.1	b3404
YFJ08073.1	NP_417269.1	b2789
YFJ07433.1	NP_416573.4	b2069
YFJ09471.1	NP_418488.1	b4064
YFJ09433.1	NP_418448.1	b4024
YFJ08566.1	NP_417722.1	b3256
YFJ08350.1	NP_417498.1	b3026
YFJ08304.1	YP_026192.1	b2983
YFJ10951.1	NP_418698.1	b4278
YFJ11478.1	NP_416275.1	b1761
YFJ11463.1	NP_416259.1	b1745
YFJ11145.1	NP_415940.1	b1423
YFJ10616.1	NP_415412.1	b0892
YFJ09693.1	NP_418741.1	b4321
YFJ09620.1	NP_418639.1	b4218
YFJ08491.1	NP_417640.1	b3172
YFJ09525.1	NP_418547.1	b4123
YFJ09445.1	NP_418460.1	b4036
YFJ08724.1	YP_026221.1	b4476
YFJ08072.1	NP_417268.1	b2788
YFJ08071.1	NP_417267.1	b2787
YFJ07697.1	NP_416846.2	b2344
YFJ09568.1	NP_418590.1	b4169
YFJ09519.1	NP_418539.1	b4115
YFJ09066.1	NP_418170.1	b3714
YFJ08494.1	NP_417643.1	b3176
YFJ07701.1	NP_416866.1	b2365
YFJ07636.1	NP_416787.1	b2284
YFJ07344.1	NP_418146.4	b3691
YFJ09535.1	NP_418556.1	b4132
YFJ09020.1	NP_418120.2	b3664
YFJ08449.1	NP_417596.1	b3127
YFJ07904.1	NP_417071.1	b2576
YFJ07881.1	NP_417049.1	b2554
YFJ09814.1	NP_414587.1	b0045
YFJ09750.1	NP_418802.1	b4385
YFJ09323.1	NP_418366.1	b3931
YFJ09197.1	NP_418289.1	b3847
YFJ08608.1	NP_417759.1	b3300
YFJ08441.1	NP_417586.1	b3116
YFJ08436.1	YP_026203.3	b3110
YFJ08101.1	NP_417295.1	b2818
YFJ07702.1	NP_416867.1	b2366
YFJ10721.1	NP_415526.4	b1006
YFJ10559.1	NP_415355.1	b0834
YFJ08173.1	NP_417355.4	b2879
YFJ10734.1	NP_415541.1	b1022
YFJ10562.1	NP_415356.1	b0835
YFJ10026.1	NP_414838.2	b0304
YFJ09452.1	NP_418468.3	b4044
YFJ09389.1	NP_418432.1	b4004
YFJ08200.1	NP_417384.1	b2908
YFJ10645.1	NP_415442.1	b0922
YFJ09747.1	NP_418799.1	b4382
YFJ08857.1	NP_418022.1	b3565
YFJ08810.1	NP_417980.1	b3523
YFJ07578.1	NP_416727.1	b2223
YFJ07191.1	NP_416370.2	b1856
YFJ11675.1	NP_418123.2	b3667
YFJ11208.1	NP_416008.1	b1491
YFJ10409.1	NP_415219.1	b0692
YFJ10108.1	NP_414935.1	b0401
YFJ11642.1	NP_417359.1	b2883
YFJ09854.1	NP_414630.1	b0088
YFJ08736.1	NP_417910.1	b3453
YFJ08704.1	YP_026217.1	b3415
YFJ08084.1	NP_417281.1	b2801
YFJ07311.1	NP_416488.1	b1981
YFJ09482.1	NP_418501.1	b4077
YFJ10703.1	NP_415500.1	b0980
YFJ08435.1	YP_026202.1	b4470
YFJ07695.1	NP_416844.1	b2342
YFJ11474.1	NP_416271.4	b1757
YFJ10811.1	NP_415627.1	b1109
YFJ10183.1	NP_415010.1	b0477
YFJ09395.1	NP_418439.1	b4015
YFJ08664.1	NP_417836.1	b3377
YFJ07389.1	NP_416524.1	b2020
YFJ11335.1	NP_416126.1	b1609
YFJ10214.1	NP_415046.4	b0513
YFJ09540.1	NP_418561.1	b4138
YFJ08380.1	NP_417526.1	b3054
YFJ08069.1	NP_417265.1	b2785
YFJ07759.1	NP_416925.2	b2430
YFJ10873.1	NP_415707.1	b1189
YFJ10143.1	NP_414970.1	b0436
YFJ09949.1	NP_414730.1	b0188
YFJ09576.1	NP_418598.1	b4177
YFJ08417.1	NP_417564.2	b3093
YFJ08063.1	NP_417259.1	b2779
YFJ07915.1	NP_417082.1	b2587
YFJ11055.1	NP_415854.4	b1338
YFJ10107.1	NP_414934.1	b0400
YFJ08718.1	NP_417888.1	b3430
YFJ07620.1	NP_416768.4	b2265
YFJ11569.1	NP_415929.1	b1411
YFJ11534.1	NP_415268.1	b0740
YFJ11318.1	NP_416109.2	b1592
YFJ11030.1	NP_415826.1	b1310
YFJ10617.1	NP_415413.1	b0893
YFJ10192.1	NP_415019.1	b0486
YFJ11666.1	NP_417959.4	b3502
YFJ11420.1	NP_416214.1	b1699
YFJ10499.1	NP_415295.1	b0774
YFJ09390.1	NP_418433.1	b4005
YFJ08596.1	NP_417747.1	b3289
YFJ08080.1	NP_417276.1	b2796
YFJ07818.1	NP_416992.1	b2497
YFJ07600.1	NP_416749.4	b2246
YFJ11630.1	YP_026171.3	b4461
YFJ10158.1	NP_414985.1	b0451
YFJ09823.1	NP_414595.1	b0053
YFJ09812.1	NP_414585.1	b0043
YFJ09773.1	NP_414545.1	b0004
YFJ08815.1	NP_417985.1	b3528
YFJ08675.1	NP_417847.1	b3388
YFJ10631.1	NP_415428.1	b0908
YFJ10497.1	NP_415293.1	b0772
YFJ10437.1	NP_415248.1	b0720
YFJ10056.1	NP_414871.1	b0337
YFJ07850.1	NP_417018.4	b2523
YFJ07169.1	NP_416347.1	b1833
YFJ07118.1	NP_416298.1	b1784
YFJ11021.1	NP_415817.1	b1301
YFJ09916.1	NP_414696.1	b0154
YFJ09712.1	NP_418756.1	b4336
YFJ09572.1	NP_418594.1	b4173
YFJ08454.1	NP_417601.1	b3132
YFJ07956.1	NP_417148.1	b2662
YFJ07862.1	NP_417030.2	b2535
YFJ07408.1	NP_416549.1	b2045
YFJ08929.1	NP_418090.1	b3633
YFJ08870.1	YP_026232.1	b3578
YFJ08739.1	NP_417913.1	b3456
YFJ08225.1	YP_026187.1	b4465
YFJ08059.1	NP_417255.1	b2775
YFJ07457.1	NP_416601.1	b2098
YFJ11359.1	NP_416154.1	b1637
YFJ10145.1	NP_414972.1	b0438
YFJ07839.1	NP_417009.1	b2514
YFJ11403.1	NP_416196.1	b1681
YFJ10731.1	NP_415538.1	b1019
YFJ09899.1	NP_414677.1	b0135
YFJ08830.1	NP_417996.1	b3539
YFJ08053.1	NP_417246.4	b2766
YFJ11631.1	NP_417146.2	b2660
YFJ10868.1	NP_415702.1	b1184
YFJ07667.1	NP_416818.1	b2315
YFJ11413.1	NP_416206.6	b1691
YFJ11022.1	NP_415818.1	b1302
YFJ10548.1	NP_415342.1	b0821
YFJ10472.1	NP_415267.1	b0739
YFJ09119.1	NP_418227.1	b3780
YFJ09860.1	NP_414636.1	b0094
YFJ09126.1	YP_026254.1	b3787
YFJ08122.1	NP_417315.1	b2838
YFJ07454.1	NP_416598.1	b2095
YFJ10220.1	YP_009029994.1	b4572
YFJ10055.1	NP_414870.1	b0336
YFJ09573.1	NP_418595.1	b4174
YFJ09254.1	YP_026276.1	b3903
YFJ09122.1	NP_418230.1	b3783
YFJ08912.1	NP_418070.6	b3613
YFJ08507.1	NP_417656.1	b3189
YFJ07596.1	NP_416745.1	b2242
YFJ11387.1	NP_416181.1	b1664
YFJ10927.1	NP_415728.1	b1210
YFJ10716.1	NP_415521.1	b1001
YFJ09543.1	NP_418565.1	b4141
YFJ08261.1	NP_417439.4	b2964
YFJ07735.1	NP_416901.1	b2406
YFJ07725.1	NP_416890.1	b2389
YFJ11322.1	NP_416113.1	b1596
YFJ10963.1	NP_415766.1	b1250
YFJ10673.1	NP_415470.1	b0950
YFJ10061.1	NP_414877.1	b0343
YFJ10007.1	NP_414778.1	b0243
YFJ08864.1	YP_026231.1	b3572
YFJ08100.1	NP_417294.4	b2817
YFJ07878.1	NP_417046.1	b2551
YFJ10840.1	NP_415654.1	b1136
YFJ10324.1	NP_415123.1	b0591
YFJ09131.1	NP_418239.1	b3792
YFJ08756.1	NP_417930.2	b3473
YFJ07710.1	NP_416875.1	b2374
YFJ07520.1	NP_416669.1	b2164
YFJ07517.1	NP_416666.1	b2161
YFJ10309.1	NP_415109.1	b0577
YFJ09061.1	NP_418165.1	b3709
YFJ07722.1	NP_416887.1	b2386
YFJ07437.1	NP_416578.2	b2074
YFJ10820.1	NP_415636.1	b1118
YFJ10003.1	NP_414774.1	b0239
YFJ09855.1	NP_414631.1	b0089
YFJ08481.1	NP_417630.1	b3161
YFJ08413.1	NP_417560.1	b3089
YFJ10797.1	NP_415613.1	b1095
YFJ10717.1	NP_415522.1	b1002
YFJ10514.1	NP_415310.1	b0789
YFJ09229.1	NP_418316.4	b3880
YFJ08678.1	NP_417850.1	b3391
YFJ08382.1	NP_417528.1	b3056
YFJ07727.1	NP_416893.1	b2392
YFJ07715.1	NP_416880.1	b2379
YFJ07503.1	NP_416651.1	b2146
YFJ11063.1	NP_415861.1	b1345
YFJ10554.1	NP_415348.1	b0827
YFJ10217.1	NP_415049.1	b0516
YFJ09136.1	YP_026259.1	b3800
YFJ07504.1	NP_416652.4	b2147
YFJ11058.1	NP_415857.2	b1341
YFJ10639.1	NP_415436.1	b0916
YFJ10569.1	NP_415363.1	b0842
YFJ09755.1	NP_418807.4	b4390
YFJ09713.1	NP_418757.1	b4337
YFJ08204.1	NP_417388.1	b2913
YFJ12260.1	NP_418693.1	b4273
YFJ09893.1	NP_414672.1	b0130
YFJ08128.1	NP_417322.1	b2845
YFJ10829.1	NP_415645.1	b1127
YFJ10755.1	NP_415571.1	b1053
YFJ08708.1	NP_417879.1	b3421
YFJ08667.1	NP_417839.1	b3380
YFJ07927.1	NP_417095.1	b2604
YFJ07771.1	NP_416947.1	b2452
YFJ10306.1	NP_415106.1	b0574
YFJ09748.1	NP_418800.1	b4383
YFJ08652.1	NP_417818.1	b3359
YFJ08292.1	YP_026190.1	b4467
YFJ07413.1	NP_416554.1	b2050
YFJ11466.1	NP_416262.1	b1748
YFJ11402.1	NP_416195.1	b1680
YFJ11320.1	NP_416111.1	b1594
YFJ10395.1	NP_415202.1	b0676
YFJ10336.1	NP_415135.1	b0602
YFJ10185.1	NP_415012.1	b0479
YFJ10086.1	NP_414911.1	b0377
YFJ08935.1	NP_418096.4	b3639
YFJ07675.1	NP_416826.1	b2323
YFJ07407.1	NP_416548.1	b2044
YFJ10444.1	NP_415255.1	b0727
YFJ09807.1	NP_414580.1	b0038
YFJ07642.1	NP_416793.1	b2290
YFJ07419.1	NP_416561.1	b2057
YFJ07418.1	NP_416560.1	b2056
YFJ11412.1	NP_416205.1	b1690
YFJ11309.1	NP_416098.1	b1581
YFJ09043.1	NP_418144.3	b3689
YFJ07857.1	YP_026169.1	b2530
YFJ11383.1	YP_025306.1	b1660
YFJ10845.1	NP_415681.1	b1163
YFJ10362.1	NP_415165.1	b0632
YFJ10070.1	NP_414887.2	b0353
YFJ08166.1	NP_417348.1	b2872
YFJ07237.1	NP_416420.1	b1907
YFJ10766.1	NP_415583.4	b1065
YFJ10572.1	NP_415366.1	b0845
YFJ08838.1	NP_418003.1	b3547
YFJ08440.1	NP_417585.2	b3115
YFJ07624.1	NP_416772.1	b2269
YFJ10777.1	NP_415594.1	b1076
YFJ08949.1	NP_418110.1	b3653
YFJ08092.1	NP_417290.1	b2810
YFJ07601.1	NP_416750.2	b2247
YFJ07265.1	NP_416439.1	b1929
YFJ10654.1	NP_415451.1	b0931
YFJ10566.1	NP_415360.1	b0839
YFJ10317.1	NP_415117.2	b0585
YFJ10105.1	NP_414932.1	b0398
YFJ09870.1	NP_414648.1	b0106
YFJ08771.1	NP_417949.1	b3492
YFJ08198.1	NP_417382.1	b2906
YFJ07973.1	NP_417163.1	b2677
YFJ07869.1	NP_417037.1	b2542
YFJ07728.1	NP_416894.1	b2393
YFJ07648.1	NP_416799.1	b2296
YFJ07603.1	NP_416752.1	b2249
YFJ10818.1	NP_415634.1	b1116
YFJ09140.1	NP_418247.1	b3803
YFJ10076.1	NP_414897.1	b0363
YFJ09934.1	NP_414715.1	b0173
YFJ09655.1	YP_026288.1	b4257
YFJ09139.1	NP_418246.1	b3802
YFJ08916.1	NP_418074.1	b3617
YFJ08165.1	NP_417347.1	b2871
YFJ07940.1	NP_417111.1	b2622
YFJ10972.1	NP_415777.1	b1261
YFJ10169.1	NP_414996.1	b0463
YFJ09461.1	NP_418478.1	b4054
YFJ08119.1	NP_417312.1	b2835
YFJ07877.1	NP_417045.4	b2550
YFJ11240.1	NP_416045.1	b1528
YFJ10690.1	NP_415487.4	b0967
YFJ10651.1	NP_415448.1	b0928
YFJ09443.1	NP_418458.1	b4034
YFJ08904.1	NP_418062.1	b3605
YFJ07879.1	NP_417047.1	b2552
YFJ07597.1	NP_416746.1	b2243
YFJ07539.1	NP_416687.1	b2182
YFJ11641.1	YP_026185.1	b2870
YFJ11246.1	NP_416051.1	b1534
YFJ08445.1	NP_417591.1	b3121
YFJ08326.1	NP_417481.1	b3008
YFJ07772.1	NP_416948.4	b2453
YFJ11524.1	NP_414930.3	b0396
YFJ09694.1	NP_418742.1	b4322
YFJ09367.1	NP_418407.1	b3980
YFJ09029.1	NP_418129.2	b3673
YFJ09017.1	NP_418118.2	b3662
YFJ09007.1	NP_418115.1	b3659
YFJ08632.1	NP_417798.1	b3339
YFJ07579.1	NP_416728.1	b2224
YFJ11638.1	NP_417321.2	b2844
YFJ08860.1	NP_418025.1	b3568
YFJ08657.1	NP_417823.1	b3364
YFJ08585.1	YP_026209.1	b3269
YFJ07526.1	NP_416675.1	b2170
YFJ07125.1	NP_416305.1	b1791
YFJ09706.1	NP_418752.1	b4332
YFJ08861.1	NP_418026.1	b3569
YFJ08316.1	NP_417469.1	b2995
YFJ08199.1	NP_417383.1	b2907
YFJ07837.1	NP_417007.1	b2512
YFJ07674.1	NP_416825.1	b2322
YFJ07184.1	NP_416363.1	b1849
YFJ11339.1	NP_416130.3	b1613
YFJ10391.1	NP_415195.1	b0662
YFJ10326.1	NP_415125.1	b0593
YFJ09062.1	NP_418166.1	b3710
YFJ11345.1	NP_416139.1	b1622
YFJ11153.1	NP_415950.4	b1433
YFJ10711.1	NP_415516.1	b0996
YFJ09701.1	NP_418748.1	b4328
YFJ08501.1	NP_417650.1	b3183
YFJ07980.1	NP_417170.1	b2685
YFJ11379.1	NP_416174.1	b1657
YFJ10995.1	NP_415796.1	b1280
YFJ10052.1	NP_414867.1	b0333
YFJ11589.1	NP_416268.2	b1754
YFJ10445.1	NP_415256.1	b0728
YFJ09787.1	NP_414560.1	b0019
YFJ07396.1	NP_416532.1	b2028
YFJ07379.1	NP_416514.4	b2010
YFJ10237.1	NP_415069.1	b0537
YFJ09585.1	NP_418607.1	b4186
YFJ09195.1	YP_026272.1	b3845
YFJ08668.1	NP_417840.1	b3381
YFJ08329.1	NP_417484.1	b3011
YFJ08220.1	NP_417401.1	b2926
YFJ07704.1	NP_416869.1	b2368
YFJ10334.1	NP_415133.1	b0600
YFJ09333.1	NP_418374.1	b3939
YFJ08366.1	NP_417510.1	b3038
YFJ07922.1	NP_417090.1	b2599
YFJ11214.1	NP_416014.4	b1497
YFJ10751.1	NP_415565.1	b1047
YFJ10085.1	NP_414910.1	b0376
YFJ09924.1	NP_414704.4	b0162
YFJ08800.1	NP_417970.1	b3513
YFJ08581.1	NP_417731.1	b3265
YFJ07509.1	NP_416657.1	b2152
YFJ07488.1	NP_416634.1	b2130
YFJ10501.1	NP_415297.1	b0776
YFJ10059.1	NP_414875.1	b0341
YFJ08460.1	NP_417605.1	b3136
YFJ08237.1	NP_417417.1	b2942
YFJ07842.1	NP_417012.1	b2517
YFJ12280.1	NP_418704.1	b4284
YFJ11585.1	NP_416210.4	b1695
YFJ09861.1	NP_414637.1	b0095
YFJ09711.1	NP_418755.4	b4335
YFJ09352.1	NP_418392.1	b3957
YFJ08884.1	YP_026233.1	b3589
YFJ11636.1	NP_417279.2	b2799
YFJ11384.1	NP_416178.1	b1661
YFJ10622.1	NP_415418.1	b0898
YFJ10482.1	NP_415278.1	b0757
YFJ10396.1	NP_415203.1	b0677
YFJ09943.1	NP_414724.1	b0182
YFJ09801.1	NP_414573.1	b0032
YFJ09045.1	YP_026237.1	b4478
YFJ08897.1	NP_418057.1	b3600
YFJ07211.1	NP_416394.1	b1880
YFJ11159.1	NP_415957.1	b1440
YFJ10658.1	NP_415455.1	b0935
YFJ10215.1	NP_415047.1	b0514
YFJ08446.1	NP_417593.4	b3124
YFJ07707.1	NP_416872.4	b2371
YFJ09808.1	NP_414581.1	b0039
YFJ08296.1	YP_009518815.1	b2981
YFJ10466.1	NP_415262.1	b0734
YFJ09565.1	NP_418587.1	b4166
YFJ08030.1	NP_417222.1	b2742
YFJ07863.1	NP_417031.1	b2536
YFJ07607.1	NP_416756.6	b2253
YFJ07424.1	NP_416566.1	b2062
YFJ11177.1	NP_417941.1	b3484
YFJ10828.1	NP_415644.1	b1126
YFJ10701.1	NP_415498.1	b0979
YFJ09500.1	NP_418519.1	b4095
YFJ08895.1	NP_418054.1	b3597
YFJ08408.1	NP_417555.4	b3084
YFJ08250.1	NP_417430.1	b2955
YFJ07672.1	NP_416823.1	b2320
YFJ07478.1	NP_416625.1	b2121
YFJ11124.1	NP_415895.1	b1377
YFJ10582.1	NP_415376.4	b0855
YFJ10518.1	NP_415314.1	b0793
YFJ10320.1	NP_415119.1	b0587
YFJ09554.1	NP_418574.1	b4150
YFJ09376.1	NP_418417.1	b3990
YFJ08000.1	NP_417191.1	b2711
YFJ09783.1	NP_414556.1	b0015
YFJ09130.1	NP_418238.1	b3791
YFJ09125.1	YP_026253.1	b3786
YFJ07588.1	NP_416738.1	b2235
YFJ07525.1	NP_416674.1	b2169
YFJ10730.1	NP_415537.1	b1018
YFJ10586.1	NP_415380.1	b0859
YFJ10113.1	NP_414940.1	b0406
YFJ08543.1	NP_417699.1	b3232
YFJ07793.1	NP_416967.1	b2472
YFJ07274.1	NP_416453.1	b1943
YFJ11662.1	NP_417942.6	b3485
YFJ08927.1	NP_418088.1	b3631
YFJ08593.1	YP_026211.1	b4473
YFJ07137.1	NP_416316.1	b1802
YFJ10830.1	NP_415646.4	b1128
YFJ08018.1	NP_417209.1	b2729
YFJ07923.1	NP_417091.1	b2600
YFJ07415.1	NP_416557.1	b2053
YFJ10761.1	NP_415577.1	b1059
YFJ10694.1	NP_415491.1	b0972
YFJ10542.1	NP_415339.1	b0818
YFJ10313.1	NP_415113.1	b0581
YFJ08318.1	NP_417471.1	b2997
YFJ07840.1	NP_417010.1	b2515
YFJ11239.1	NP_416044.1	b1527
YFJ11003.1	NP_415803.2	b1287
YFJ10604.1	NP_415399.4	b0878
YFJ10564.1	NP_415358.1	b0837
YFJ10095.1	NP_414919.1	b0385
YFJ09444.1	NP_418459.1	b4035
YFJ07139.1	NP_416318.1	b1804
YFJ11410.1	NP_416203.1	b1688
YFJ10581.1	NP_415375.1	b0854
YFJ10364.1	NP_415167.1	b0634
YFJ08531.1	NP_417687.1	b3220
YFJ11362.1	NP_416157.1	b1640
YFJ10670.1	NP_415467.1	b0947
YFJ10073.1	NP_414890.1	b0356
YFJ08741.1	NP_417915.1	b3458
YFJ07471.1	NP_416616.4	b2113
YFJ10835.1	NP_415651.4	b1133
YFJ10517.1	NP_415313.1	b0792
YFJ09682.1	NP_418730.4	b4310
YFJ08818.1	NP_417988.1	b3531
YFJ11658.1	NP_417736.2	b3270
YFJ10121.1	NP_414948.1	b0414
YFJ10006.1	NP_414777.1	b0242
YFJ09341.1	NP_418380.4	b3945
YFJ09123.1	NP_418231.1	b3784
YFJ08743.1	YP_026223.1	b3460
YFJ08721.1	NP_417891.1	b3433
YFJ08560.1	NP_417716.1	b3250
YFJ10932.1	NP_415734.1	b1216
YFJ09658.1	NP_418682.1	b4261
YFJ09516.1	NP_418536.1	b4112
YFJ09361.1	NP_418400.1	b3965
YFJ09053.1	NP_418156.1	b3701
YFJ08089.1	NP_417286.1	b2806
YFJ11372.1	NP_416167.1	b1650
YFJ10781.1	NP_415598.3	b1080
YFJ08184.1	NP_417367.1	b2891
YFJ08095.1	NP_417293.1	b2813
YFJ07751.1	NP_416917.1	b2422
YFJ10205.1	NP_415036.1	b0503
YFJ10090.1	NP_414915.1	b0381
YFJ10087.1	NP_414912.1	b0378
YFJ08197.1	NP_417381.1	b2905
YFJ07872.1	NP_417040.2	b2545
YFJ07570.1	NP_416719.1	b2215
YFJ07535.1	NP_416683.1	b2178
YFJ11545.1	NP_415532.3	b1012
YFJ10922.1	NP_415721.1	b1203
YFJ09841.1	NP_414615.4	b0073
YFJ08046.1	NP_417238.1	b2758
YFJ10630.1	NP_415427.1	b0907
YFJ10363.1	NP_415166.1	b0633
YFJ10333.1	NP_415132.1	b0599
YFJ10036.1	NP_414849.1	b0315
YFJ08676.1	NP_417848.1	b3389
YFJ07516.1	NP_416665.1	b2160
YFJ07476.1	NP_416623.2	b2119
YFJ10525.1	NP_415322.1	b0801
YFJ08663.1	NP_417835.1	b3376
YFJ07990.1	NP_417181.1	b2701
YFJ07721.1	NP_416886.1	b2385
YFJ07681.1	NP_416832.1	b2329
YFJ07135.1	NP_416314.1	b1800
YFJ10928.1	NP_415729.1	b1211
YFJ10063.1	NP_414879.3	b0345
YFJ09853.1	NP_414629.1	b0087
YFJ09659.1	NP_418683.4	b4262
YFJ11646.1	NP_417438.2	b2963
YFJ09460.1	NP_418477.1	b4053
YFJ09344.1	NP_418384.1	b3949
YFJ09132.1	YP_026257.1	b4481
YFJ08219.1	NP_417400.1	b2925
YFJ07318.1	NP_416495.1	b1991
YFJ07593.1	NP_416742.1	b2239
YFJ07110.1	NP_416290.1	b1776
YFJ10817.1	NP_415633.1	b1115
YFJ10708.1	NP_415512.1	b0992
YFJ10652.1	NP_415449.1	b0929
YFJ09742.1	NP_418794.1	b4377
YFJ09052.1	NP_418155.1	b3700
YFJ10892.1	NP_415718.6	b1200
YFJ10874.1	NP_415708.1	b1190
YFJ10792.1	NP_415608.2	b1090
YFJ10664.1	NP_415461.1	b0941
YFJ10112.1	NP_414939.1	b0405
YFJ09248.1	NP_418334.1	b3898
YFJ08733.1	NP_417907.2	b3450
YFJ08404.1	NP_417550.1	b3079
YFJ07924.1	NP_417092.1	b2601
YFJ07390.1	NP_416525.1	b2021
YFJ10223.1	NP_415055.1	b0522
YFJ09856.1	NP_414632.1	b0090
YFJ09127.1	YP_026255.1	b3788
YFJ08767.1	NP_417944.1	b3487
YFJ08546.1	NP_417702.1	b3235
YFJ07391.1	NP_416526.4	b2022
YFJ09591.1	NP_418613.2	b4192
YFJ09503.1	NP_418523.1	b4099
YFJ09383.1	NP_418425.1	b3997
YFJ09044.1	NP_418145.2	b3690
YFJ07974.1	NP_417164.1	b2678
YFJ07568.1	NP_416717.1	b2213
YFJ11172.1	NP_415969.1	b1452
YFJ11042.1	NP_415838.1	b1322
YFJ07988.1	NP_417179.1	b2699
YFJ07815.1	NP_416988.1	b2493
YFJ11353.1	NP_416147.1	b1630
YFJ10490.1	NP_415286.1	b0765
YFJ10349.1	NP_415151.4	b0618
YFJ08928.1	NP_418089.1	b3632
YFJ08745.1	NP_417919.1	b3462
YFJ07382.1	NP_416517.1	b2013
YFJ07377.1	NP_416512.1	b2008
YFJ11035.1	NP_415831.1	b1315
YFJ10005.1	NP_414776.1	b0241
YFJ09994.1	NP_414766.1	b0231
YFJ09246.1	NP_418332.1	b3896
YFJ07569.1	NP_416718.1	b2214
YFJ11663.1	NP_417948.4	b3491
YFJ11033.1	NP_415829.1	b1313
YFJ10757.1	NP_415573.1	b1055
YFJ10494.1	NP_415290.1	b0769
YFJ10479.1	NP_415275.1	b0754
YFJ09563.1	NP_418585.4	b4161
YFJ08293.1	YP_026191.1	b4468
YFJ08259.1	NP_417436.1	b2961
YFJ07765.1	NP_416932.1	b2437
YFJ07548.1	NP_416698.1	b2194
YFJ07456.1	NP_416600.4	b2097
YFJ11290.1	NP_416078.4	b1560
YFJ10984.1	NP_415788.1	b1272
YFJ10218.1	NP_415050.1	b0517
YFJ10045.1	NP_414859.1	b0325
YFJ09214.1	NP_418305.1	b3869
YFJ08757.1	NP_417931.4	b3474
YFJ08033.1	NP_417225.1	b2745
YFJ07514.1	NP_416663.1	b2158
YFJ07217.1	NP_416397.1	b1883
YFJ11425.1	NP_416219.1	b1704
YFJ10825.1	NP_415641.1	b1123
YFJ10763.1	NP_415580.1	b1062
YFJ10483.1	NP_415279.1	b0758
YFJ10427.1	NP_415243.4	b0715
YFJ09124.1	NP_418232.2	b3785
YFJ08918.1	NP_418077.1	b3620
YFJ08255.1	NP_417432.1	b2957
YFJ11480.1	NP_416278.1	b1764
YFJ10475.1	NP_415271.1	b0750
YFJ09869.1	NP_414646.1	b0104
YFJ08561.1	NP_417717.2	b3251
YFJ07787.1	NP_416961.1	b2466
YFJ07109.1	NP_416288.1	b1774
YFJ11347.1	NP_416141.4	b1624
YFJ10680.1	NP_415477.1	b0957
YFJ10500.1	NP_415296.1	b0775
YFJ10481.1	NP_415277.1	b0756
YFJ10389.1	NP_415193.2	b0660
YFJ09075.1	NP_418184.1	b3728
YFJ08471.1	NP_417620.1	b3151
YFJ08118.1	NP_417311.1	b2834
YFJ07508.1	NP_416656.1	b2151
YFJ07450.1	NP_416594.1	b2091
YFJ11169.1	NP_415966.6	b1449
YFJ09456.1	NP_418473.3	b4049
YFJ08728.1	NP_417897.1	b3440
YFJ08041.1	NP_417233.1	b2753
YFJ07909.1	NP_417076.1	b2581
YFJ07820.1	NP_416994.1	b2499
YFJ07720.1	NP_416885.1	b2384
YFJ11618.1	NP_416611.1	b2108
YFJ11465.1	NP_416261.1	b1747
YFJ11327.1	NP_416118.1	b1601
YFJ08914.1	NP_418072.1	b3615
YFJ07799.1	NP_416972.4	b2477
YFJ11048.1	NP_415846.1	b1330
YFJ10369.1	NP_415173.1	b0640
YFJ09961.1	NP_414741.1	b0199
YFJ09735.1	NP_418788.1	b4371
YFJ09487.1	NP_418506.1	b4082
YFJ08121.1	NP_417314.1	b2837
YFJ11343.1	NP_416137.1	b1620
YFJ11226.1	NP_416031.1	b1514
YFJ10709.1	NP_415514.1	b0994
YFJ09548.1	NP_418570.1	b4146
YFJ09364.1	NP_418403.1	b3972
YFJ11381.1	NP_416175.1	b1658
YFJ10809.1	NP_415625.1	b1107
YFJ09940.1	NP_414721.1	b0179
YFJ09326.1	NP_418369.1	b3934
YFJ08915.1	NP_418073.1	b3616
YFJ07536.1	NP_416684.1	b2179
YFJ07128.1	NP_416308.4	b1794
YFJ11228.1	NP_416033.1	b1516
YFJ11203.1	NP_416003.1	b1486
YFJ10799.1	NP_415615.1	b1097
YFJ09725.1	NP_418778.4	b4358
YFJ09630.1	NP_418651.3	b4230
YFJ09163.1	YP_026266.1	b3825
YFJ08646.1	NP_417812.1	b3353
YFJ08321.1	NP_417474.1	b3001
YFJ11308.1	NP_416097.1	b1580
YFJ09661.1	NP_418690.4	b4269
YFJ08907.1	NP_418065.1	b3608
YFJ08834.1	NP_418000.1	b3543
YFJ08221.1	NP_417402.1	b2927
YFJ11660.1	YP_026219.1	b4475
YFJ11483.1	NP_416281.1	b1767
YFJ10484.1	NP_415280.3	b0759
YFJ09751.1	NP_418803.1	b4386
YFJ09508.1	NP_418529.1	b4105
YFJ07777.1	NP_416953.1	b2458
YFJ07754.1	NP_416920.1	b2425
YFJ11539.1	NP_415389.2	b0868
YFJ11160.1	NP_415958.1	b1441
YFJ10958.1	YP_025300.1	b1246
YFJ10947.1	NP_415751.1	b1235
YFJ10069.1	NP_414886.1	b0352
YFJ08809.1	NP_417979.1	b3522
YFJ08390.1	NP_417536.1	b3064
YFJ07671.1	NP_416822.1	b2319
YFJ11632.1	NP_417194.2	b2714
YFJ11195.1	NP_415995.4	b1478
YFJ10668.1	NP_415465.1	b0945
YFJ09317.1	NP_418360.1	b3925
YFJ08019.1	NP_417210.2	b2730
YFJ07841.1	NP_417011.1	b2516
YFJ07505.1	NP_416653.1	b2148
YFJ07195.1	NP_416374.1	b1860
YFJ10234.1	NP_415066.2	b0533
YFJ08480.1	NP_417629.1	b3160
YFJ08254.1	NP_417431.1	b2956
YFJ07543.1	NP_416691.1	b2186
YFJ11400.1	NP_416193.1	b1678
YFJ10959.1	NP_415763.1	b1247
YFJ10801.1	NP_415617.1	b1099
YFJ10323.1	NP_415122.1	b0590
YFJ09846.1	NP_414622.1	b0080
YFJ09652.1	NP_418675.1	b4254
YFJ09574.1	NP_418596.1	b4175
YFJ09353.1	NP_418393.1	b3958
YFJ08831.1	NP_417997.1	b3540
YFJ08671.1	NP_417843.1	b3384
YFJ07458.1	NP_416602.1	b2099
YFJ07295.1	NP_416480.1	b1971
YFJ07276.1	NP_416455.1	b1945
YFJ11346.1	NP_416140.1	b1623
YFJ10596.1	NP_415391.1	b0870
YFJ11040.1	NP_415836.1	b1320
YFJ09632.1	NP_418653.1	b4232
YFJ08867.1	NP_418032.1	b3575
YFJ07873.1	NP_417041.1	b2546
YFJ07742.1	NP_416907.1	b2412
YFJ07739.1	NP_416905.1	b2410
YFJ07507.1	NP_416655.1	b2150
YFJ11535.1	NP_415316.1	b0795
YFJ10492.1	NP_415288.1	b0767
YFJ09631.1	NP_418652.2	b4231
YFJ08853.1	NP_418018.1	b3561
YFJ08726.1	YP_026222.1	b3438
YFJ08478.1	NP_417627.1	b3158
YFJ08212.1	NP_417393.1	b2918
YFJ07673.1	NP_416824.1	b2321
YFJ07270.1	NP_416449.1	b1939
YFJ07113.1	NP_416293.1	b1779
YFJ11227.1	NP_416032.1	b1515
YFJ11150.1	NP_415946.1	b1429
YFJ11011.1	NP_415807.1	b1291
YFJ10322.1	NP_415121.1	b0589
YFJ09103.1	NP_418209.1	b3753
YFJ09095.1	NP_418200.1	b3744
YFJ08858.1	NP_418023.1	b3566
YFJ08029.1	NP_417221.1	b2741
YFJ07975.1	NP_417165.1	b2679
YFJ11128.1	NP_415898.1	b1380
YFJ10506.1	NP_415302.1	b0781
YFJ09822.1	NP_414594.1	b0052
YFJ09309.1	NP_418352.1	b3917
YFJ08603.1	NP_417754.1	b3295
YFJ08442.1	NP_417587.1	b3117
YFJ07231.1	NP_416414.1	b1901
YFJ11597.1	YP_026162.2	b4460
YFJ11201.1	NP_416001.1	b1484
YFJ10638.1	NP_415435.1	b0915
YFJ09204.1	NP_418296.1	b3859
YFJ08871.1	NP_418036.1	b3579
YFJ08515.1	NP_417664.1	b3197
YFJ08429.1	NP_417573.1	b3102
YFJ08411.1	NP_417558.2	b3087
YFJ08317.1	NP_417470.1	b2996
YFJ07530.1	NP_416678.1	b2173
YFJ07256.1	NP_416429.4	b1919
YFJ11435.1	NP_416229.1	b1714
YFJ11059.1	NP_415858.1	b1342
YFJ09836.1	NP_414610.1	b0068
YFJ09458.1	NP_418475.1	b4051
YFJ09258.1	NP_418345.2	b3909
YFJ08832.1	NP_417998.1	b3541
YFJ08400.1	NP_417546.1	b3075
YFJ07875.1	NP_417043.1	b2548
YFJ11432.1	NP_416226.1	b1711
YFJ11149.1	NP_415945.1	b1428
YFJ09681.1	NP_418729.1	b4309
YFJ09492.1	NP_418510.1	b4086
YFJ08245.1	NP_417425.2	b2950
YFJ08191.1	NP_417374.1	b2898
YFJ07918.1	NP_417085.1	b2594
YFJ07106.1	NP_416285.1	b1771
YFJ11613.1	NP_416531.4	b2027
YFJ11023.1	NP_415819.4	b1303
YFJ10124.1	NP_414951.1	b0417
YFJ09559.1	NP_418579.2	b4155
YFJ08514.1	NP_417663.1	b3196
YFJ07954.1	NP_417145.4	b2659
YFJ07634.1	NP_416785.1	b2282
YFJ10987.1	NP_415791.1	b1275
YFJ10126.1	NP_414953.2	b0419
YFJ10082.1	NP_414903.4	b0369
YFJ08844.1	NP_418009.2	b3553
YFJ08563.1	NP_417719.1	b3253
YFJ07895.1	NP_417063.1	b2568
YFJ07626.1	NP_416774.2	b2271
YFJ10116.1	NP_414943.1	b0409
YFJ08505.1	NP_417654.1	b3187
YFJ07744.1	NP_416909.1	b2414
YFJ07205.1	NP_416385.1	b1871
YFJ07190.1	NP_416369.1	b1855
YFJ07151.1	NP_416331.1	b1817
YFJ11462.1	NP_416258.1	b1744
YFJ10598.1	NP_415393.1	b0872
YFJ09753.1	NP_418805.1	b4388
YFJ09562.1	NP_418584.1	b4160
YFJ07608.1	NP_416757.1	b2254
YFJ11495.1	NP_418631.2	b4210
YFJ11045.1	NP_415841.4	b1325
YFJ11013.1	NP_415809.1	b1293
YFJ10613.1	NP_415408.1	b0888
YFJ10555.1	NP_415349.1	b0828
YFJ10358.1	NP_415161.1	b0628
YFJ09365.1	NP_418404.1	b3973
YFJ09101.1	NP_418206.1	b3750
YFJ08577.1	NP_417726.1	b3260
YFJ08502.1	NP_417651.1	b3184
YFJ08412.1	YP_026201.1	b3088
YFJ08224.1	NP_417405.1	b2930
YFJ07997.1	NP_417188.4	b2708
YFJ07724.1	NP_416889.1	b2388
YFJ07459.1	NP_416603.1	b2100
YFJ07414.1	NP_416556.1	b2052
YFJ07138.1	NP_416317.1	b1803
YFJ10815.1	NP_415631.1	b1113
YFJ10524.1	NP_415321.1	b0800
YFJ10181.1	NP_415008.1	b0475
YFJ10078.1	NP_414899.2	b0365
YFJ09308.1	NP_418351.1	b3916
YFJ07616.1	NP_416764.1	b2261
YFJ10788.1	NP_415604.1	b1086
YFJ10659.1	NP_415456.4	b0936
YFJ10182.1	NP_415009.1	b0476
YFJ09946.1	NP_414727.1	b0185
YFJ09325.1	NP_418368.1	b3933
YFJ09074.1	NP_418183.1	b3727
YFJ09063.1	NP_418167.1	b3711
YFJ08919.1	NP_418078.1	b3621
YFJ08913.1	NP_418071.4	b3614
YFJ07992.1	YP_026181.1	b2703
YFJ07972.1	NP_417162.1	b2676
YFJ10603.1	NP_415398.1	b0877
YFJ10513.1	NP_415309.1	b0788
YFJ10325.1	NP_415124.1	b0592
YFJ09719.1	NP_418772.4	b4352
YFJ09628.1	NP_418648.1	b4227
YFJ09479.1	NP_418497.1	b4073
YFJ07898.1	NP_417066.1	b2571
YFJ10793.1	NP_415609.1	b1091
YFJ10784.1	NP_415601.1	b1083
YFJ10583.1	NP_415377.1	b0856
YFJ10493.1	NP_415289.4	b0768
YFJ10359.1	NP_415162.4	b0629
YFJ10293.1	NP_415097.1	b0565
YFJ09777.1	NP_414549.1	b0008
YFJ09166.1	NP_418272.1	b3828
YFJ11050.1	NP_415849.1	b1333
YFJ10068.1	NP_414885.1	b0351
YFJ10043.1	NP_414857.1	b0323
YFJ09798.1	NP_414570.1	b0029
YFJ09570.1	NP_418592.1	b4171
YFJ09366.1	NP_418405.1	b3974
YFJ09152.1	NP_418260.1	b3816
YFJ08242.1	NP_417422.1	b2947
YFJ07785.1	NP_416959.1	b2464
YFJ07497.1	NP_416645.1	b2140
YFJ07315.1	NP_416492.1	b1987
YFJ11553.1	NP_415725.1	b1207
YFJ10139.1	NP_414966.1	b0432
YFJ09641.1	NP_418662.1	b4241
YFJ08595.1	NP_417746.1	b3288
YFJ07805.1	NP_416978.4	b2483
YFJ07107.1	NP_416286.4	b1772
YFJ11330.1	NP_416121.1	b1604
YFJ10066.1	NP_414882.1	b0348
YFJ09843.1	NP_414618.4	b0076
YFJ08760.1	NP_417934.1	b3477
YFJ08486.1	NP_417635.1	b3166
YFJ07708.1	NP_416873.1	b2372
YFJ11686.1	NP_418324.1	b3888
YFJ11161.1	NP_415959.1	b1442
YFJ10782.1	NP_415599.1	b1081
YFJ10477.1	NP_415273.1	b0752
YFJ09848.1	NP_414624.1	b0082
YFJ09811.1	NP_414584.1	b0042
YFJ09794.1	NP_414566.1	b0025
YFJ09142.1	YP_026260.1	b3805
YFJ07522.1	NP_416671.1	b2166
YFJ07518.1	NP_416667.1	b2162
YFJ11419.1	NP_416213.1	b1698
YFJ10738.1	NP_415551.2	b1033
YFJ08547.1	NP_417703.1	b3236
YFJ08443.1	NP_417588.1	b3118
YFJ07641.1	NP_416792.1	b2289
YFJ07524.1	NP_416673.1	b2168
YFJ07521.1	NP_416670.1	b2165
YFJ11062.1	NP_415860.1	b1344
YFJ10380.1	NP_415184.1	b0651
YFJ09646.1	NP_418666.1	b4245
YFJ09494.1	NP_418512.1	b4088
YFJ08123.1	NP_417316.1	b2839
YFJ07700.1	NP_416865.1	b2364
YFJ07598.1	NP_416747.1	b2244
YFJ07317.1	NP_416494.1	b1990
YFJ11382.1	NP_416176.1	b1659
YFJ10424.1	NP_415240.1	b0712
YFJ10191.1	NP_415018.1	b0485
YFJ10037.1	NP_414850.1	b0316
YFJ09895.1	NP_414674.1	b0132
YFJ09772.1	NP_414544.1	b0003
YFJ09207.1	NP_418299.1	b3862
YFJ08917.1	NP_418076.1	b3619
YFJ08552.1	NP_417708.1	b3241
YFJ08386.1	NP_417532.1	b3060
YFJ08168.1	NP_417350.1	b2874
YFJ07699.1	NP_416849.1	b2347
YFJ07682.1	NP_416833.4	b2330
YFJ07492.1	NP_416638.4	b2134
YFJ07192.1	NP_416371.4	b1857
YFJ11680.1	NP_418208.1	b3752
YFJ11588.1	NP_416237.3	b1723
YFJ11336.1	NP_416127.1	b1610
YFJ10794.1	NP_415610.1	b1092
YFJ09490.1	NP_418508.1	b4084
YFJ09393.1	NP_418437.1	b4013
YFJ09241.1	NP_418327.1	b3891
YFJ09112.1	YP_026247.1	b3770
YFJ08813.1	NP_417983.2	b3526
YFJ08554.1	NP_417710.1	b3243
YFJ08529.1	NP_417678.1	b3211
YFJ07384.1	NP_416519.4	b2015
YFJ11236.1	NP_416041.1	b1524
YFJ11200.1	NP_416000.1	b1483
YFJ10531.1	NP_415328.4	b0807
YFJ10206.1	NP_415037.1	b0504
YFJ09890.1	NP_414669.1	b0127
YFJ09322.1	NP_418365.1	b3930
YFJ08740.1	NP_417914.1	b3457
YFJ08331.1	YP_026195.1	b3013
YFJ07738.1	NP_416904.1	b2409
YFJ07487.1	NP_416633.1	b2129
YFJ07223.1	NP_416403.1	b1889
YFJ11144.1	NP_415939.2	b1422
YFJ10769.1	NP_415586.1	b1068
YFJ09008.1	NP_418116.1	b3660
YFJ08011.1	NP_417202.1	b2722
YFJ07134.1	NP_416313.4	b1799
YFJ10956.1	NP_415760.1	b1244
YFJ10756.1	NP_415572.1	b1054
YFJ10715.1	NP_415520.1	b1000
YFJ10557.1	NP_415352.1	b0831
YFJ10543.1	NP_415340.1	b0819
YFJ09858.1	NP_414634.1	b0092
YFJ09446.1	NP_418461.1	b4037
YFJ08231.1	NP_417412.1	b2937
YFJ07714.1	NP_416879.4	b2378
YFJ07287.1	NP_416468.1	b1959
YFJ10199.1	NP_415022.1	b0489
YFJ09862.1	NP_414638.1	b0096
YFJ09358.1	NP_418396.1	b3961
YFJ08091.1	NP_417288.1	b2808
YFJ08043.1	NP_417235.1	b2755
YFJ07623.1	NP_416771.4	b2268
YFJ07489.1	NP_416635.1	b2131
YFJ07316.1	NP_416493.1	b1988
YFJ07286.1	NP_416467.1	b1958
YFJ11232.1	NP_416037.2	b1520
YFJ11219.1	NP_416019.1	b1502
YFJ10879.1	NP_415710.1	b1192
YFJ09964.1	NP_414744.1	b0208
YFJ09799.1	NP_414571.1	b0030
YFJ09724.1	YP_026290.1	b4357
YFJ07668.1	NP_416819.1	b2316
YFJ11417.1	NP_416211.1	b1696
YFJ10866.1	NP_415700.4	b1182
YFJ10821.1	NP_415637.1	b1119
YFJ10558.1	NP_415353.1	b0832
YFJ10132.1	NP_414959.1	b0425
YFJ10102.1	NP_414927.1	b0393
YFJ09700.1	NP_418747.1	b4327
YFJ08851.1	NP_418017.1	b3560
YFJ08387.1	NP_417533.1	b3061
YFJ07750.1	NP_416916.1	b2421
YFJ11056.1	NP_415855.1	b1339
YFJ10957.1	NP_415761.1	b1245
YFJ10948.1	NP_415752.1	b1236
YFJ10624.1	NP_415420.1	b0900
YFJ10505.1	NP_415301.1	b0780
YFJ10384.1	NP_415188.1	b0655
YFJ10347.1	NP_415149.4	b0616
YFJ10103.1	NP_414928.2	b0394
YFJ09521.1	NP_418542.1	b4118
YFJ08040.1	NP_417232.1	b2752
YFJ11039.1	NP_415835.1	b1319
YFJ10946.1	NP_415750.2	b1234
YFJ09339.1	NP_418378.4	b3943
YFJ08670.1	YP_026214.1	b3383
YFJ07893.1	NP_417061.1	b2566
YFJ10579.1	NP_415373.1	b0852
YFJ10337.1	NP_415136.1	b0603
YFJ09692.1	NP_418740.1	b4320
YFJ09307.1	NP_418350.1	b3915
YFJ09243.1	NP_418329.1	b3893
YFJ09228.1	NP_418315.3	b3879
YFJ08833.1	NP_417999.1	b3542
YFJ11623.1	NP_416931.1	b2436
YFJ11520.1	NP_414872.3	b0338
YFJ11245.1	NP_416050.4	b1533
YFJ10600.1	NP_415395.2	b0874
YFJ10551.1	NP_415345.2	b0824
YFJ10128.1	NP_414955.1	b0421
YFJ09788.1	NP_414561.1	b0020
YFJ09165.1	NP_418271.1	b3827
YFJ08808.1	NP_417978.2	b3521
YFJ08328.1	NP_417483.2	b3010
YFJ07760.1	NP_416926.4	b2431
YFJ07448.1	NP_416590.1	b2086
YFJ07388.1	NP_416523.1	b2019
YFJ11369.1	YP_025305.1	b1647
YFJ11202.1	NP_416002.1	b1485
YFJ11135.1	NP_415927.1	b1409
YFJ09906.1	NP_414686.3	b0144
YFJ09232.1	NP_418319.2	b3883
YFJ09231.1	NP_418318.1	b3882
YFJ09147.1	NP_418256.1	b3811
YFJ08432.1	NP_417576.1	b3105
YFJ08215.1	NP_417396.4	b2921
YFJ08187.1	NP_417370.1	b2894
YFJ07757.1	NP_416923.1	b2428
YFJ11321.1	NP_416112.1	b1595
YFJ11182.1	NP_415981.1	b1464
YFJ10642.1	NP_415439.1	b0919
YFJ10222.1	NP_415054.1	b0521
YFJ09873.1	NP_414651.1	b0109
YFJ09035.1	NP_418136.2	b3680
YFJ08536.1	NP_417692.1	b3225
YFJ08210.1	NP_417391.1	b2916
YFJ07656.1	NP_416807.1	b2304
YFJ07404.1	NP_416546.1	b2042
YFJ11490.1	NP_418513.4	b4089
YFJ11249.1	NP_416052.1	b1535
YFJ11012.1	NP_415808.1	b1292
YFJ10295.1	NP_415099.1	b0567
YFJ10135.1	NP_414962.1	b0428
YFJ10051.1	NP_414865.1	b0331
YFJ09914.1	NP_414694.1	b0152
YFJ09441.1	NP_418456.1	b4032
YFJ09337.1	NP_418376.1	b3941
YFJ09157.1	YP_026262.1	b3819
YFJ09114.1	NP_418221.1	b3773
YFJ09102.1	NP_418207.1	b3751
YFJ09073.1	NP_418182.1	b3726
YFJ08447.1	NP_417594.3	b3125
YFJ07864.1	NP_417032.1	b2537
YFJ07657.1	NP_416808.1	b2305
YFJ07610.1	NP_416759.1	b2256
YFJ11459.1	NP_416255.1	b1741
YFJ10537.1	NP_415334.1	b0813
YFJ08735.1	NP_417909.1	b3452
YFJ07768.1	NP_416935.1	b2440
YFJ07224.1	NP_416404.1	b1890
YFJ11192.1	NP_415992.1	b1475
YFJ10118.1	NP_414945.1	b0411
YFJ08483.1	NP_417632.1	b3163
YFJ08323.1	NP_417476.1	b3003
YFJ07733.1	NP_416900.1	b2405
YFJ07500.1	NP_416648.1	b2143
YFJ07114.1	NP_416294.4	b1780
YFJ11238.1	NP_416043.1	b1526
YFJ11190.1	NP_415990.5	b1473
YFJ11031.1	NP_415827.1	b1311
YFJ10976.1	NP_415782.1	b1266
YFJ09128.1	NP_418236.1	b3789
YFJ08576.1	NP_417725.1	b3259
YFJ07905.1	NP_417072.4	b2577
YFJ07513.1	NP_416662.1	b2157
YFJ07165.1	NP_416343.1	b1829
YFJ11504.1	NP_414606.1	b0064
YFJ10387.1	NP_415191.1	b0658
YFJ10344.1	NP_415146.1	b0613
YFJ10211.1	NP_415042.1	b0509
YFJ09513.1	NP_418534.4	b4110
YFJ09347.1	NP_418387.3	b3952
YFJ09230.1	NP_418317.1	b3881
YFJ09047.1	NP_418148.1	b3693
YFJ08700.1	NP_417870.1	b3411
YFJ08688.1	NP_417860.2	b3401
YFJ08666.1	NP_417838.1	b3379
YFJ08479.1	NP_417628.2	b3159
YFJ08162.1	NP_417343.1	b2867
YFJ07934.1	NP_417105.1	b2615
YFJ07800.1	NP_416973.1	b2478
YFJ11229.1	NP_416034.1	b1517
YFJ10979.1	NP_415785.1	b1269
YFJ08533.1	NP_417689.4	b3222
YFJ08111.1	NP_417305.1	b2828
YFJ07752.1	YP_026168.2	b2423
YFJ09449.1	NP_418464.1	b4040
YFJ09409.1	NP_418446.1	b4022
YFJ09235.1	NP_418322.1	b3886
YFJ08062.1	NP_417258.4	b2778
YFJ08016.1	NP_417207.1	b2727
YFJ07871.1	NP_417039.1	b2544
YFJ07175.1	NP_416354.1	b1840
YFJ10446.1	NP_415257.1	b0729
YFJ09763.1	NP_418813.1	b4396
YFJ09547.1	NP_418569.1	b4145
YFJ09159.1	NP_418265.1	b3821
YFJ08648.1	NP_417814.1	b3355
YFJ07764.1	NP_416930.1	b2435
YFJ07188.1	NP_416367.1	b1853
YFJ11521.1	NP_414883.5	b0349
YFJ11414.1	NP_416207.1	b1692
YFJ10230.1	NP_415062.1	b0529
YFJ09884.1	NP_414663.1	b0121
YFJ08310.1	NP_417463.4	b2989
YFJ10620.1	NP_415416.1	b0896
YFJ10040.1	NP_414853.1	b0319
YFJ09744.1	NP_418796.1	b4379
YFJ09084.1	NP_418189.1	b3733
YFJ08941.1	NP_418101.1	b3644
YFJ08466.1	NP_417615.1	b3146
YFJ07797.1	NP_416970.1	b2475
YFJ07558.1	NP_416708.1	b2204
YFJ11584.1	NP_416153.1	b1636
YFJ11443.1	NP_416239.1	b1725
YFJ11132.1	NP_415924.1	b1406
YFJ10159.1	NP_414986.1	b0452
YFJ09614.1	NP_418632.1	b4211
YFJ08874.1	NP_418039.2	b3582
YFJ08461.1	NP_417606.1	b3137
YFJ08218.1	NP_417399.1	b2924
YFJ08056.1	NP_417249.4	b2769
YFJ07218.1	NP_416398.1	b1884
YFJ11542.1	NP_415424.1	b0904
YFJ11366.1	NP_416161.4	b1644
YFJ11075.1	NP_415877.1	b1359
YFJ10827.1	NP_415643.3	b1125
YFJ10699.1	NP_415496.1	b0977
YFJ10328.1	NP_415127.1	b0595
YFJ09936.1	NP_414717.2	b0175
YFJ09363.1	NP_418402.2	b3967
YFJ07756.1	NP_416922.1	b2427
YFJ07718.1	NP_416883.1	b2382
YFJ07617.1	NP_416765.1	b2262
YFJ07515.1	NP_416664.1	b2159
YFJ07432.1	NP_416572.1	b2068
YFJ11525.1	NP_415025.4	b0492
YFJ11316.1	NP_416107.1	b1590
YFJ10931.1	NP_415733.1	b1215
YFJ10027.1	NP_414839.1	b0305
YFJ09875.1	NP_414653.1	b0111
YFJ09596.1	NP_418618.1	b4197
YFJ08744.1	NP_417918.1	b3461
YFJ08523.1	NP_417672.1	b3205
YFJ07861.1	NP_417029.4	b2534
YFJ07455.1	NP_416599.2	b2096
YFJ07115.1	NP_416295.1	b1781
YFJ10925.1	NP_415726.1	b1208
YFJ10081.1	NP_414902.1	b0368
YFJ09931.1	NP_414712.1	b0170
YFJ09897.1	NP_414675.1	b0133
YFJ09349.1	NP_418389.1	b3954
YFJ07748.1	NP_416913.1	b2418
YFJ07292.1	NP_416476.1	b1967
YFJ07153.1	NP_416333.4	b1819
YFJ11687.1	NP_418342.2	b3906
YFJ09819.1	NP_414591.1	b0049
YFJ08866.1	NP_418031.1	b3574
YFJ08495.1	NP_417644.4	b3177
YFJ08078.1	NP_417274.1	b2794
YFJ07888.1	NP_417056.2	b2561
YFJ07814.1	NP_416987.1	b2492
YFJ11491.1	NP_418522.1	b4098
YFJ11181.1	NP_415980.1	b1463
YFJ10584.1	NP_415378.1	b0857
YFJ09319.1	NP_418362.1	b3927
YFJ08734.1	NP_417908.1	b3451
YFJ07846.1	NP_417016.4	b2521
YFJ11453.1	NP_416249.1	b1735
YFJ11032.1	NP_415828.1	b1312
YFJ10944.1	NP_415748.1	b1232
YFJ09707.1	NP_418753.3	b4333
YFJ08890.1	NP_418051.1	b3594
YFJ08778.1	NP_417956.1	b3499
YFJ09106.1	YP_026246.1	b4480
YFJ07421.1	NP_416563.1	b2059
YFJ09256.1	NP_418341.1	b3905
YFJ08674.1	NP_417846.1	b3387
YFJ08127.1	NP_417320.1	b2843
YFJ07773.1	NP_416949.1	b2454
YFJ07511.1	NP_416659.1	b2154
YFJ07108.1	NP_416287.1	b1773
YFJ11424.1	NP_416218.1	b1703
YFJ10929.1	NP_415730.1	b1212
YFJ10741.1	NP_415555.1	b1037
YFJ10072.1	NP_414889.1	b0355
YFJ10064.1	NP_414880.2	b0346
YFJ09245.1	NP_418331.1	b3895
YFJ08761.1	NP_417935.1	b3478
YFJ07753.1	NP_416919.1	b2424
YFJ07736.1	NP_416902.1	b2407
YFJ10594.1	NP_415388.1	b0867
YFJ09859.1	NP_414635.1	b0093
YFJ09697.1	NP_418745.3	b4325
YFJ08711.1	YP_026220.1	b3424
YFJ11458.1	NP_416254.1	b1740
YFJ11377.1	NP_416172.1	b1655
YFJ10080.1	NP_414901.1	b0367
YFJ08361.1	NP_417504.1	b3032
YFJ08330.1	NP_417485.4	b3012
YFJ11683.1	NP_418254.2	b3809
YFJ10808.1	NP_415624.1	b1106
YFJ09955.1	NP_414735.4	b0193
YFJ09927.1	NP_414708.1	b0166
YFJ09397.1	NP_418442.2	b4018
YFJ09253.1	NP_418338.1	b3902
YFJ08942.1	NP_418102.2	b3645
YFJ08862.1	YP_026230.1	b3570
YFJ08803.1	NP_417973.1	b3516
YFJ07680.1	NP_416831.1	b2328
YFJ07465.1	NP_416609.1	b2106
YFJ07385.1	NP_416520.1	b2016
YFJ11324.1	NP_416115.1	b1598
YFJ10822.1	NP_415638.3	b1120
YFJ09821.1	NP_414593.1	b0051
YFJ09800.1	NP_414572.1	b0031
YFJ08906.1	NP_418064.1	b3607
YFJ08625.1	NP_417776.1	b3317
YFJ08383.1	NP_417529.1	b3057
YFJ07370.1	NP_414786.4	b0252
YFJ07124.1	NP_416304.1	b1790
YFJ10491.1	NP_415287.1	b0766
YFJ10153.1	NP_414980.2	b0446
YFJ09009.1	NP_418117.1	b3661
YFJ08589.1	NP_417740.1	b3281
YFJ07461.1	NP_416605.2	b2102
YFJ07202.1	NP_416382.1	b1868
YFJ10571.1	NP_415365.4	b0844
YFJ10549.1	NP_415343.1	b0822
YFJ10321.1	NP_415120.1	b0588
YFJ10221.1	NP_415053.1	b0520
YFJ10208.1	NP_415039.1	b0506
YFJ10046.1	NP_414860.1	b0326
YFJ09959.1	NP_414739.1	b0197
YFJ09825.1	NP_414597.1	b0055
YFJ09089.1	NP_418194.1	b3738
YFJ07283.1	NP_416464.1	b1955
YFJ11390.1	NP_416184.1	b1669
YFJ10858.1	NP_415693.1	b1175
YFJ09926.1	NP_414706.2	b0164
YFJ09049.1	NP_418152.1	b3697
YFJ08640.1	NP_417806.1	b3347
YFJ07868.1	NP_417036.1	b2541
YFJ07670.1	NP_416821.1	b2318
YFJ11066.1	NP_415865.1	b1349
YFJ10798.1	NP_415614.1	b1096
YFJ10202.1	NP_415026.1	b0493
YFJ10096.1	NP_414920.1	b0386
YFJ10067.1	NP_414884.2	b0350
YFJ09176.1	YP_026268.1	b3830
YFJ08931.1	NP_418092.1	b3635
YFJ08513.1	NP_417662.1	b3195
YFJ08453.1	NP_417600.1	b3131
YFJ08287.1	NP_417446.4	b2972
YFJ08130.1	NP_417324.1	b2847
YFJ07679.1	NP_416830.1	b2327
YFJ07157.1	NP_416336.1	b1822
YFJ11529.1	NP_415144.1	b0611
YFJ11467.1	NP_416263.1	b1749
YFJ11010.1	NP_415806.1	b1290
YFJ10971.1	NP_415776.1	b1260
YFJ08763.1	NP_417937.1	b3480
YFJ08660.1	YP_026212.2	b3367
YFJ08094.1	NP_417292.1	b2812
YFJ11448.1	NP_416244.2	b1730
YFJ09963.1	NP_414743.1	b0207
YFJ08463.1	NP_417608.1	b3139
YFJ07860.1	NP_417028.1	b2533
YFJ07778.1	NP_416954.1	b2459
YFJ07599.1	NP_416748.1	b2245
YFJ11139.1	NP_415932.1	b1414
YFJ10724.1	NP_415529.1	b1009
YFJ10397.1	NP_415204.1	b0678
YFJ09965.1	NP_414745.1	b0209
YFJ09920.1	NP_414700.1	b0158
YFJ09164.1	YP_026267.1	b3826
YFJ07462.1	NP_416606.1	b2103
YFJ07257.1	NP_416430.1	b1920
YFJ07229.1	NP_416411.1	b1897
YFJ07152.1	NP_416332.1	b1818
YFJ10802.1	NP_415618.1	b1100
YFJ10256.1	NP_415078.1	b0546
YFJ09913.1	NP_414693.1	b0151
YFJ08926.1	NP_418087.1	b3630
YFJ07298.1	NP_416484.2	b1976
YFJ11162.1	NP_415960.1	b1443
YFJ10826.1	NP_415642.1	b1124
YFJ10187.1	NP_415015.1	b0482
YFJ09929.1	NP_414710.1	b0168
YFJ09898.1	NP_414676.1	b0134
YFJ09883.1	NP_414662.1	b0120
YFJ09603.1	NP_418625.1	b4204
YFJ08110.1	NP_417304.1	b2827
YFJ11629.1	NP_417102.4	b2611
YFJ10657.1	NP_415454.4	b0934
YFJ10474.1	NP_415270.1	b0742
YFJ10426.1	NP_415242.1	b0714
YFJ08537.1	NP_417693.3	b3226
YFJ08464.1	NP_417609.1	b3140
YFJ08065.1	NP_417261.1	b2781
YFJ07755.1	NP_416921.4	b2426
YFJ07163.1	NP_416341.1	b1827
YFJ11034.1	NP_415830.2	b1314
YFJ11004.1	NP_415804.1	b1288
YFJ10823.1	NP_415639.1	b1121
YFJ10732.1	NP_415539.1	b1020
YFJ10486.1	NP_415282.1	b0761
YFJ09942.1	NP_414723.1	b0181
YFJ09733.1	NP_418787.1	b4367
YFJ09509.1	NP_418530.1	b4106
YFJ08370.1	NP_417511.3	b3039
YFJ07463.1	NP_416607.1	b2104
YFJ11635.1	NP_417254.4	b2774
YFJ11391.1	NP_416185.1	b1670
YFJ10644.1	NP_415441.1	b0921
YFJ10216.1	NP_415048.1	b0515
YFJ09972.1	NP_414752.1	b0217
YFJ09805.1	NP_414578.2	b0036
YFJ09233.1	NP_418320.2	b3884
YFJ08213.1	NP_417394.4	b2919
YFJ07280.1	NP_416460.1	b1950
YFJ07194.1	NP_416373.1	b1859
YFJ10779.1	NP_415596.1	b1078
YFJ09191.1	YP_026271.1	b4483
YFJ08512.1	NP_417661.1	b3194
YFJ08075.1	NP_417271.1	b2791
YFJ07662.1	NP_416813.1	b2310
YFJ07661.1	NP_416812.1	b2309
YFJ07602.1	NP_416751.1	b2248
YFJ10643.1	NP_415440.1	b0920
YFJ10201.1	NP_415024.4	b0491
YFJ09746.1	NP_418798.1	b4381
YFJ09743.1	YP_026291.2	b4378
YFJ08682.1	NP_417854.4	b3395
YFJ08174.1	NP_417356.1	b2880
YFJ08057.1	NP_417250.4	b2770
YFJ07994.1	NP_417185.1	b2705
YFJ10210.1	NP_415041.1	b0508
YFJ09775.1	NP_414547.1	b0006
YFJ09354.1	NP_418394.3	b3959
YFJ09190.1	NP_418282.1	b3839
YFJ08903.1	NP_418061.1	b3604
YFJ08422.1	NP_417565.2	b3094
YFJ07849.1	NP_417017.4	b2522
YFJ07580.1	NP_416729.1	b2225
YFJ07394.1	NP_416529.1	b2025
YFJ10488.1	NP_415284.1	b0763
YFJ10075.1	NP_414892.1	b0358
YFJ09992.1	NP_414762.1	b0227
YFJ09696.1	NP_418744.1	b4324
YFJ09382.1	YP_026280.1	b3996
YFJ09072.1	NP_418181.1	b3725
YFJ08371.1	NP_417512.1	b3040
YFJ07996.1	NP_417187.1	b2707
YFJ07658.1	NP_416809.1	b2306
YFJ09986.1	NP_414754.1	b0219
YFJ09966.1	NP_414746.1	b0210
YFJ09891.1	NP_414670.1	b0128
YFJ09810.1	NP_414583.2	b0041
YFJ09730.1	NP_418784.4	b4364
YFJ09377.1	NP_418418.2	b3991
YFJ08701.1	NP_417871.1	b3412
YFJ08448.1	NP_417595.1	b3126
YFJ08170.1	NP_417352.2	b2876
YFJ11342.1	NP_416136.1	b1619
YFJ10656.1	NP_415453.1	b0933
YFJ10079.1	NP_414900.1	b0366
YFJ09989.1	NP_414758.1	b0223
YFJ09710.1	NP_418754.2	b4334
YFJ09311.1	NP_418354.1	b3919
YFJ08812.1	NP_417982.2	b3525
YFJ08738.1	NP_417912.1	b3455
YFJ08465.1	NP_417610.1	b3141
YFJ08008.1	NP_417199.1	b2719
YFJ07930.1	NP_417098.1	b2607
YFJ11418.1	NP_416212.1	b1697
YFJ11018.1	NP_415814.4	b1298
YFJ10993.1	NP_415794.1	b1278
YFJ10632.1	NP_415429.2	b0909
YFJ10405.1	NP_415212.1	b0686
YFJ09877.1	NP_414655.1	b0113
YFJ09833.1	NP_414607.1	b0065
YFJ09177.1	NP_418275.1	b3831
YFJ09151.1	YP_026261.1	b4482
YFJ08762.1	NP_417936.1	b3479
YFJ08395.1	NP_417541.1	b3070
YFJ08295.1	NP_417454.1	b2980
YFJ07737.1	NP_416903.1	b2408
YFJ11216.1	NP_416016.1	b1499
YFJ10515.1	NP_415311.1	b0790
YFJ10294.1	NP_415098.1	b0566
YFJ09520.1	NP_418540.1	b4116
YFJ08126.1	NP_417319.1	b2842
YFJ08032.1	NP_417224.1	b2744
YFJ07743.1	NP_416908.1	b2413
YFJ07495.1	NP_416641.1	b2137
YFJ07435.1	NP_416576.1	b2072
YFJ11441.1	NP_416236.1	b1722
YFJ11415.1	NP_416208.1	b1693
YFJ11231.1	NP_416036.1	b1519
YFJ10983.1	NP_415787.1	b1271
YFJ10567.1	NP_415361.1	b0840
YFJ09935.1	NP_414716.1	b0174
YFJ09502.1	YP_026282.1	b4097
YFJ09497.1	NP_418516.1	b4092
YFJ08672.1	NP_417844.1	b3385
YFJ08586.1	NP_417737.1	b3271
YFJ08305.1	NP_417458.1	b2984
YFJ08230.1	NP_417411.2	b2936
YFJ07811.1	NP_416984.1	b2489
YFJ07618.1	NP_416766.1	b2263
YFJ07105.1	NP_416284.1	b1770
YFJ10778.1	NP_415595.1	b1077
YFJ10502.1	NP_415298.1	b0777
YFJ09968.1	NP_414748.1	b0212
YFJ09590.1	NP_418612.1	b4191
YFJ09379.1	NP_418420.4	b3992
YFJ09310.1	NP_418353.1	b3918
YFJ09185.1	YP_026269.1	b3833
YFJ08082.1	NP_417278.4	b2798
YFJ07698.1	NP_416848.1	b2346
YFJ07193.1	NP_416372.1	b1858
YFJ11051.1	NP_415850.1	b1334
YFJ10480.1	NP_415276.1	b0755
YFJ10394.1	NP_415201.1	b0675
YFJ08776.1	NP_417954.1	b3497
YFJ08159.1	NP_417341.4	b2865
YFJ07690.1	NP_416839.1	b2336
YFJ07254.1	NP_416427.1	b1917
YFJ11451.1	NP_416247.1	b1733
YFJ11430.1	NP_416224.1	b1709
YFJ10997.1	NP_415800.1	b1284
YFJ10553.1	NP_415347.1	b0826
YFJ10292.1	NP_415096.1	b0564
YFJ09589.1	NP_418611.1	b4190
YFJ09064.1	NP_418168.2	b3712
YFJ11404.1	NP_416197.1	b1682
YFJ11252.1	NP_416057.1	b1539
YFJ11076.1	NP_415878.1	b1360
YFJ10641.1	NP_415438.1	b0918
YFJ10535.1	NP_415332.1	b0811
YFJ10338.1	NP_415137.2	b0604
YFJ10329.1	NP_415128.1	b0596
YFJ09316.1	NP_418359.1	b3924
YFJ07460.1	NP_416604.1	b2101
YFJ07417.1	NP_416559.1	b2055
YFJ07207.1	YP_025309.2	b1874
YFJ07116.1	NP_416296.1	b1782
YFJ10967.1	NP_415771.1	b1255
YFJ10422.1	NP_415238.1	b0710
YFJ09867.1	NP_414644.1	b0102
YFJ09826.1	YP_009518734.1	b0056
YFJ08732.1	NP_417906.1	b3449
YFJ07319.1	NP_416496.1	b1992
YFJ07204.1	NP_416384.1	b1870
YFJ10626.1	NP_415422.1	b0902
YFJ10383.1	NP_415187.1	b0654
YFJ09990.1	NP_414759.1	b0224
YFJ09903.1	NP_414682.1	b0140
YFJ09617.1	NP_418635.1	b4214
YFJ09141.1	NP_418248.1	b3804
YFJ09134.1	NP_418242.1	b3794
YFJ08216.1	NP_417397.1	b2922
YFJ07859.1	NP_417027.1	b2532
YFJ07199.1	NP_416378.1	b1864
YFJ11559.1	NP_415797.1	b1281
YFJ10739.1	NP_415552.1	b1034
YFJ10667.1	NP_415464.4	b0944
YFJ09727.1	NP_418781.1	b4361
YFJ09437.1	NP_418452.1	b4028
YFJ08344.1	NP_417490.1	b3018
YFJ07977.1	NP_417167.1	b2682
YFJ07919.1	NP_417086.1	b2595
YFJ07903.1	NP_417070.2	b2575
YFJ07553.1	NP_416703.1	b2199
YFJ07393.1	NP_416528.2	b2024
YFJ07278.1	NP_416458.1	b1948
YFJ10881.1	NP_415712.1	b1194
YFJ10795.1	NP_415611.1	b1093
YFJ10425.1	NP_415241.1	b0713
YFJ09557.1	NP_418577.1	b4153
YFJ08325.1	NP_417479.1	b3006
YFJ08050.1	NP_417242.1	b2762
YFJ07717.1	NP_416882.1	b2381
YFJ10844.1	NP_415680.1	b1162
YFJ10590.1	NP_415384.1	b0863
YFJ10587.1	NP_415381.1	b0860
YFJ09971.1	NP_414751.1	b0215
YFJ09579.1	NP_418601.1	b4180
YFJ08241.1	NP_417421.4	b2946
YFJ08088.1	NP_417285.1	b2805
YFJ07917.1	NP_417084.1	b2593
YFJ07891.1	NP_417059.1	b2564
YFJ07486.1	NP_416632.1	b2128
YFJ07484.1	NP_416631.1	b2127
YFJ11046.1	NP_415842.2	b1326
YFJ10591.1	NP_415385.1	b0864
YFJ08802.1	NP_417972.1	b3515
YFJ08526.1	NP_417675.1	b3208
YFJ07892.1	NP_417060.1	b2565
YFJ10381.1	NP_415185.1	b0652
YFJ09932.1	NP_414713.1	b0171
YFJ09930.1	NP_414711.1	b0169
YFJ09731.1	NP_418785.1	b4365
YFJ09688.1	NP_418736.3	b4316
YFJ09506.1	NP_418526.1	b4102
YFJ09071.1	NP_418180.1	b3724
YFJ08519.1	NP_417668.1	b3201
YFJ11620.1	NP_416735.1	b2232
YFJ11332.1	NP_416123.1	b1606
YFJ10578.1	NP_415372.1	b0851
YFJ10533.1	NP_415330.1	b0809
YFJ10225.1	NP_415057.1	b0524
YFJ09969.1	NP_414749.2	b0213
YFJ08639.1	NP_417805.4	b3346
YFJ07442.1	NP_416583.1	b2079
YFJ07253.1	NP_416426.1	b1916
YFJ11334.1	NP_416125.2	b1608
YFJ10871.1	NP_415705.1	b1187
YFJ10476.1	NP_415272.1	b0751
YFJ10028.1	NP_414840.1	b0306
YFJ09749.1	NP_418801.1	b4384
YFJ09526.1	NP_418548.1	b4124
YFJ08694.1	NP_417864.1	b3405
YFJ08258.1	NP_417435.1	b2960
YFJ08256.1	NP_417433.1	b2958
YFJ07501.1	NP_416649.1	b2144
YFJ07482.1	NP_416629.4	b2125
YFJ07259.1	NP_416432.3	b1922
YFJ11557.1	NP_415768.1	b1252
YFJ10589.1	NP_415383.1	b0862
YFJ10442.1	NP_415252.1	b0724
YFJ09768.1	NP_418818.1	b4401
YFJ09683.1	NP_418731.2	b4311
YFJ09148.1	NP_418257.1	b3812
YFJ09038.1	NP_418139.1	b3684
YFJ08940.1	YP_009518822.1	b3643
YFJ07659.1	NP_416810.1	b2307
YFJ07313.1	NP_416490.1	b1983
YFJ11428.1	NP_416222.1	b1707
YFJ10512.1	NP_415308.1	b0787
YFJ09780.1	NP_414552.1	b0011
YFJ09462.1	NP_418479.1	b4055
YFJ08737.1	NP_417911.4	b3454
YFJ08306.1	NP_417459.1	b2985
YFJ08222.1	NP_417403.1	b2928
YFJ08116.1	NP_417309.1	b2832
YFJ07882.1	NP_417050.1	b2555
YFJ07798.1	NP_416971.1	b2476
YFJ07531.1	NP_416679.4	b2174
YFJ11468.1	NP_416264.4	b1750
YFJ11313.1	NP_416102.2	b1585
YFJ10942.1	NP_415744.1	b1226
YFJ10010.1	NP_414823.2	b0289
YFJ09954.1	NP_414734.1	b0192
YFJ08845.1	NP_418010.2	b3554
YFJ08186.1	NP_417369.1	b2893
YFJ08035.1	NP_417227.1	b2747
YFJ11648.1	NP_417441.1	b2966
YFJ11470.1	NP_416266.1	b1752
YFJ10696.1	NP_415493.1	b0974
YFJ10377.1	NP_415181.1	b0648
YFJ10374.1	NP_415178.1	b0645
YFJ09957.1	NP_414737.1	b0195
YFJ09146.1	NP_418255.1	b3810
YFJ08240.1	NP_417420.1	b2945
YFJ10646.1	NP_415443.2	b0923
YFJ10610.1	NP_415405.1	b0885
YFJ10511.1	NP_415307.1	b0786
YFJ09908.1	NP_414688.1	b0146
YFJ09371.1	NP_418411.1	b3984
YFJ08246.1	NP_417426.1	b2951
YFJ11625.1	NP_416991.2	b2496
YFJ10819.1	NP_415635.4	b1117
YFJ10662.1	NP_415459.1	b0939
YFJ09194.1	NP_418286.1	b3844
YFJ08622.1	NP_417773.1	b3314
YFJ08433.1	NP_417577.1	b3106
YFJ07779.1	NP_416955.1	b2460
YFJ10780.1	NP_415597.1	b1079
YFJ09921.1	NP_414701.1	b0159
YFJ09834.1	NP_414608.1	b0066
YFJ09581.1	NP_418603.1	b4182
YFJ09261.1	NP_418348.1	b3912
YFJ08839.1	NP_418004.4	b3548
YFJ07911.1	NP_417078.4	b2583
YFJ07795.1	NP_416968.2	b2473
YFJ07519.1	NP_416668.3	b2163
YFJ07167.1	YP_026161.1	b1831
YFJ11487.1	NP_418429.1	b4001
YFJ11355.1	NP_416149.1	b1632
YFJ11319.1	NP_416110.4	b1593
YFJ11184.1	NP_415983.1	b1466
YFJ10934.1	NP_415736.2	b1218
YFJ10859.1	NP_415694.1	b1176
YFJ10776.1	NP_415593.1	b1075
YFJ10601.1	NP_415396.1	b0875
YFJ10151.1	NP_414978.1	b0444
YFJ10030.1	NP_414842.4	b0308
YFJ09830.1	NP_414603.1	b0061
YFJ09491.1	NP_418509.1	b4085
YFJ08875.1	NP_418040.1	b3583
YFJ08727.1	NP_417896.1	b3439
YFJ07559.1	NP_416709.1	b2205
YFJ07540.1	NP_416688.1	b2183
YFJ07499.1	NP_416647.1	b2142
YFJ07290.1	NP_416471.1	b1962
YFJ07142.1	NP_416321.1	b1807
YFJ11544.1	NP_415531.2	b1011
YFJ10710.1	NP_415515.1	b0995
YFJ10629.1	NP_415426.1	b0906
YFJ10470.1	NP_415265.1	b0737
YFJ10232.1	NP_415064.1	b0531
YFJ09223.1	NP_418311.1	b3875
YFJ09105.1	YP_026245.1	b3755
YFJ08410.1	NP_417557.1	b3086
YFJ08307.1	NP_417460.1	b2986
YFJ08124.1	NP_417317.1	b2840
YFJ10489.1	NP_415285.1	b0764
YFJ10106.1	NP_414933.1	b0399
YFJ09765.1	NP_418815.1	b4398
YFJ09483.1	NP_418502.1	b4078
YFJ09400.1	NP_418445.1	b4021
YFJ09048.1	YP_026239.1	b4479
YFJ08947.1	NP_418108.1	b3651
YFJ08534.1	NP_417690.1	b3223
YFJ08115.1	NP_417308.1	b2831
YFJ07908.1	NP_417075.1	b2580
YFJ11253.1	NP_416058.1	b1540
YFJ10203.1	NP_415028.1	b0495
YFJ09770.1	NP_418820.1	b4403
YFJ09597.1	NP_418619.1	b4198
YFJ07660.1	NP_416811.1	b2308
YFJ07271.1	NP_416450.2	b1940
YFJ10633.1	NP_415430.1	b0910
YFJ10304.1	NP_415103.1	b0571
YFJ09703.1	NP_418750.2	b4330
YFJ08702.1	NP_417872.2	b3413
YFJ11183.1	NP_415982.1	b1465
YFJ10351.1	NP_415153.1	b0620
YFJ09501.1	NP_418520.1	b4096
YFJ07894.1	NP_417062.1	b2567
YFJ11469.1	NP_416265.4	b1751
YFJ10943.1	NP_415745.1	b1227
YFJ10528.1	NP_415325.4	b0804
YFJ10503.1	NP_415299.1	b0778
YFJ10412.1	NP_415222.1	b0694
YFJ10200.1	NP_415023.1	b0490
YFJ10100.1	NP_414924.1	b0390
YFJ09738.1	NP_418791.1	b4374
YFJ09732.1	NP_418786.4	b4366
YFJ08673.1	NP_417845.1	b3386
YFJ10382.1	NP_415186.1	b0653
YFJ09259.1	NP_418346.2	b3910
YFJ09129.1	YP_026256.2	b3790
YFJ08045.1	NP_417237.2	b2757
YFJ07468.1	NP_416613.1	b2110
YFJ11603.1	NP_416478.2	b1969
YFJ10832.1	NP_415648.1	b1130
YFJ10520.1	NP_415317.4	b0796
YFJ10077.1	NP_414898.4	b0364
YFJ10048.1	NP_414862.1	b0328
YFJ09478.1	NP_418496.1	b4072
YFJ09384.1	NP_418426.2	b3998
YFJ08365.1	NP_417509.3	b3037
YFJ08061.1	NP_417257.1	b2777
YFJ11445.1	NP_416241.1	b1727
YFJ11392.1	NP_416186.4	b1671
YFJ11152.1	NP_415948.1	b1431
YFJ11024.1	NP_415820.1	b1304
YFJ10588.1	NP_415382.1	b0861
YFJ10013.1	NP_414826.1	b0292
YFJ09517.1	NP_418537.1	b4113
YFJ08934.1	NP_418095.4	b3638
YFJ08746.1	NP_417920.1	b3463
YFJ08686.1	NP_417858.4	b3399
YFJ07510.1	NP_416658.1	b2153
YFJ07267.1	YP_025310.1	b1931
YFJ07255.1	NP_416428.1	b1918
YFJ11241.1	NP_416046.1	b1529
YFJ11170.1	NP_415967.2	b1450
YFJ09067.1	NP_418171.1	b3715
YFJ08754.1	NP_417928.1	b3471
YFJ07238.1	NP_416421.1	b1908
YFJ10687.1	NP_415484.1	b0964
YFJ10552.1	NP_415346.4	b0825
YFJ09889.1	NP_414668.1	b0126
YFJ09613.1	NP_418630.1	b4209
YFJ09342.1	NP_418381.1	b3946
YFJ08873.1	NP_418038.1	b3581
YFJ08580.1	NP_417730.1	b3264
YFJ08423.1	NP_417566.1	b3095
YFJ07958.1	NP_417150.4	b2664
YFJ07639.1	NP_416790.1	b2287
YFJ07576.1	NP_416725.1	b2221
YFJ07554.1	NP_416704.1	b2200
YFJ07179.1	NP_416358.1	b1844
YFJ11037.1	NP_415833.1	b1317
YFJ10864.1	NP_415698.1	b1180
YFJ10773.1	NP_415590.1	b1072
YFJ10693.1	NP_415490.1	b0970
YFJ10534.1	NP_415331.1	b0810
YFJ10057.1	NP_414873.1	b0339
YFJ09827.1	NP_414600.1	b0058
YFJ09582.1	NP_418604.1	b4183
YFJ08843.1	YP_026228.1	b3552
YFJ08349.1	NP_417497.1	b3025
YFJ08327.1	NP_417482.1	b3009
YFJ08205.1	NP_417389.1	b2914
YFJ08192.1	NP_417375.1	b2899
YFJ07767.1	NP_416934.1	b2439
YFJ07669.1	NP_416820.1	b2317
YFJ07436.1	NP_416577.1	b2073
YFJ07181.1	NP_416360.1	b1846
YFJ11678.1	YP_026240.1	b3696
YFJ11360.1	NP_416155.1	b1638
YFJ10423.1	NP_415239.1	b0711
YFJ08025.1	NP_417214.1	b2734
YFJ07250.1	NP_416424.1	b1914
YFJ07178.1	NP_416357.1	b1843
YFJ07173.1	NP_416352.4	b1838
YFJ11473.1	NP_416270.1	b1756
YFJ11193.1	NP_415993.1	b1476
YFJ10310.1	NP_415110.1	b0578
YFJ09960.1	NP_414740.1	b0198
YFJ08527.1	NP_417676.2	b3209
YFJ08373.1	NP_417513.1	b3041
YFJ11690.1	NP_418398.3	b3963
YFJ10937.1	NP_415739.1	b1221
YFJ10744.1	NP_415558.1	b1040
YFJ09595.1	NP_418617.1	b4196
YFJ09523.1	NP_418545.1	b4121
YFJ07899.1	NP_417067.1	b2572
YFJ07807.1	NP_416980.1	b2485
YFJ07666.1	NP_416817.2	b2314
YFJ07645.1	NP_416796.2	b2293
YFJ07590.1	NP_416740.1	b2237
YFJ07577.1	NP_416726.1	b2222
YFJ07572.1	NP_416721.1	b2217
YFJ07567.1	NP_416716.1	b2212
YFJ07297.1	NP_416482.1	b1973
YFJ11374.1	NP_416169.1	b1652
YFJ10953.1	NP_415758.1	b1242
YFJ10768.1	NP_415585.1	b1067
YFJ10765.1	NP_415582.1	b1064
YFJ10650.1	NP_415447.1	b0927
YFJ10170.1	NP_414997.1	b0464
YFJ09762.1	NP_418812.1	b4395
YFJ08795.1	NP_417965.1	b3508
YFJ08083.1	NP_417280.1	b2800
YFJ07654.1	NP_416805.1	b2302
YFJ07547.1	NP_416697.1	b2193
YFJ10180.1	NP_415007.1	b0474
YFJ09752.1	NP_418804.1	b4387
YFJ07653.1	NP_416804.1	b2301
YFJ07215.1	NP_416395.1	b1881
YFJ11484.1	NP_416282.4	b1768
YFJ11385.1	NP_416179.1	b1662
YFJ10834.1	NP_415650.1	b1132
YFJ10807.1	NP_415623.1	b1105
YFJ10800.1	NP_415616.1	b1098
YFJ10368.1	NP_415172.1	b0639
YFJ10360.1	NP_415163.2	b0630
YFJ08939.1	NP_418099.1	b3642
YFJ07430.1	NP_416570.2	b2066
YFJ07185.1	NP_416364.1	b1850
YFJ11494.1	NP_418627.4	b4206
YFJ11393.1	NP_416187.1	b1672
YFJ10968.1	NP_415772.1	b1256
YFJ10837.1	NP_415653.4	b1135
YFJ10726.1	NP_415533.1	b1013
YFJ09621.1	NP_418640.1	b4219
YFJ09584.1	NP_418606.1	b4185
YFJ09436.1	NP_418451.4	b4027
YFJ08540.1	NP_417696.1	b3229
YFJ07821.1	NP_416995.1	b2500
YFJ07133.1	NP_416312.1	b1798
YFJ11486.1	NP_418421.1	b3993
YFJ11356.1	NP_416150.1	b1633
YFJ09242.1	NP_418328.1	b3892
YFJ08510.1	NP_417659.1	b3192
YFJ08472.1	NP_417621.2	b3152
YFJ08217.1	NP_417398.1	b2923
YFJ07887.1	NP_417055.4	b2560
YFJ07296.1	NP_416481.1	b1972
YFJ10891.1	NP_415717.1	b1199
YFJ10813.1	NP_415629.4	b1111
YFJ10236.1	NP_415068.1	b0535
YFJ09209.1	NP_418301.3	b3865
YFJ08650.1	NP_417816.1	b3357
YFJ08525.1	NP_417674.1	b3207
YFJ08129.1	NP_417323.2	b2846
YFJ07711.1	NP_416876.1	b2375
YFJ10682.1	NP_415479.1	b0959
YFJ10335.1	NP_415134.1	b0601
YFJ08628.1	NP_417779.1	b3320
YFJ08497.1	NP_417646.1	b3179
YFJ08376.1	NP_417522.1	b3050
YFJ08363.1	NP_417506.1	b3034
YFJ11395.1	NP_416189.1	b1674
YFJ10621.1	NP_415417.1	b0897
YFJ10565.1	NP_415359.4	b0838
YFJ09205.1	NP_418297.1	b3860
YFJ08751.1	NP_417925.1	b3468
YFJ08031.1	NP_417223.1	b2743
YFJ07819.1	NP_416993.2	b2498
YFJ11526.1	NP_415027.1	b0494
YFJ10926.1	NP_415727.1	b1209
YFJ10144.1	NP_414971.1	b0437
YFJ10084.1	NP_414909.2	b0375
YFJ09919.1	NP_414699.1	b0157
YFJ09091.1	NP_418196.1	b3740
YFJ08944.1	NP_418105.1	b3648
YFJ08396.1	NP_417542.1	b3071
YFJ07583.1	NP_416732.4	b2229
YFJ07555.1	NP_416705.2	b2201
YFJ07281.1	NP_416461.1	b1951
YFJ11475.1	NP_416272.2	b1758
YFJ11354.1	NP_416148.1	b1631
YFJ10977.1	NP_415783.6	b1267
YFJ10315.1	NP_415115.2	b0583
YFJ09868.1	NP_414645.1	b0103
YFJ09611.1	NP_418628.4	b4207
YFJ09257.1	NP_418344.3	b3908
YFJ09162.1	YP_026265.1	b3824
YFJ09160.1	YP_026264.1	b3823
YFJ08604.1	NP_417755.1	b3296
YFJ08381.1	NP_417527.1	b3055
YFJ07838.1	NP_417008.1	b2513
YFJ11315.1	NP_416106.1	b1589
YFJ11174.1	NP_415971.1	b1454
YFJ10950.1	NP_415754.1	b1238
YFJ10619.1	NP_415415.1	b0895
YFJ09340.1	NP_418379.1	b3944
YFJ08943.1	NP_418103.4	b3646
YFJ08385.1	NP_417531.1	b3059
YFJ07803.1	NP_416976.4	b2481
YFJ07342.1	YP_026238.1	b4477
YFJ11317.1	NP_416108.2	b1591
YFJ10137.1	NP_414964.1	b0430
YFJ10008.1	NP_414821.1	b0287
YFJ09198.1	NP_418290.4	b3848
YFJ07705.1	NP_416870.1	b2369
YFJ11541.1	NP_415411.2	b0891
YFJ11530.1	NP_415171.1	b0638
YFJ10880.1	NP_415711.2	b1193
YFJ10060.1	NP_414876.1	b0342
YFJ08013.1	NP_417204.1	b2724
YFJ07395.1	NP_416530.1	b2026
YFJ07196.1	NP_416375.1	b1861
YFJ09451.1	NP_418467.1	b4043
YFJ09331.1	NP_418372.1	b3937
YFJ08887.1	NP_418049.1	b3592
YFJ11358.1	NP_416152.1	b1635
YFJ11137.1	NP_415930.1	b1412
YFJ11134.1	NP_415926.4	b1408
YFJ10178.1	NP_415005.1	b0472
YFJ10039.1	NP_414852.1	b0318
YFJ09901.1	NP_414679.1	b0137
YFJ09839.1	NP_414613.1	b0071
YFJ09740.1	NP_418793.1	b4376
YFJ09186.1	NP_418278.1	b3834
YFJ08627.1	NP_417778.1	b3319
YFJ08388.1	NP_417534.1	b3062
YFJ08038.1	NP_417230.1	b2750
YFJ09684.1	NP_418732.1	b4312
YFJ08807.1	NP_417977.1	b3520
YFJ08654.1	NP_417820.1	b3361
YFJ08203.1	NP_417387.3	b2912
YFJ07606.1	NP_416755.1	b2252
YFJ07556.1	NP_416706.1	b2202
YFJ07197.1	NP_416376.2	b1862
YFJ11371.1	NP_416166.3	b1649
YFJ10713.1	NP_415518.1	b0998
YFJ09312.1	NP_418355.1	b3920
YFJ09234.1	NP_418321.4	b3885
YFJ08044.1	NP_417236.1	b2756
YFJ07643.1	NP_416794.1	b2291
YFJ10719.1	NP_415524.1	b1004
YFJ10568.1	NP_415362.1	b0841
YFJ09944.1	NP_414725.1	b0183
YFJ09900.1	NP_414678.1	b0136
YFJ09685.1	NP_418733.1	b4313
YFJ09481.1	NP_418500.1	b4076
YFJ08937.1	NP_418098.4	b3641
YFJ08748.1	NP_417922.1	b3465
YFJ11151.1	NP_415947.1	b1430
YFJ10024.1	NP_414835.2	b0301
YFJ09649.1	NP_418672.4	b4251
YFJ08722.1	NP_417892.1	b3434
YFJ08558.1	NP_417714.1	b3248
YFJ08249.1	NP_417429.1	b2954
YFJ07933.1	NP_417104.1	b2614
YFJ11446.1	NP_416242.6	b1728
YFJ11341.1	NP_416135.1	b1618
YFJ11258.1	NP_415892.1	b1374
YFJ11131.1	NP_415918.1	b1400
YFJ10992.1	NP_415793.1	b1277
YFJ10982.1	NP_415786.1	b1270
YFJ10723.1	NP_415528.1	b1008
YFJ10625.1	NP_415421.1	b0901
YFJ10131.1	NP_414958.4	b0424
YFJ09804.1	NP_414577.2	b0035
YFJ09385.1	NP_418427.1	b3999
YFJ09024.1	NP_418125.1	b3669
YFJ08642.1	NP_417808.1	b3349
YFJ08469.1	NP_417618.1	b3149
YFJ07392.1	NP_416527.1	b2023
YFJ10697.1	NP_415494.1	b0975
YFJ10034.1	NP_414847.3	b0313
YFJ10014.1	NP_414827.1	b0293
YFJ09778.1	NP_414550.1	b0009
YFJ08898.1	NP_418058.1	b3601
YFJ08758.1	NP_417932.1	b3475
YFJ07906.1	NP_417073.1	b2578
YFJ07493.1	NP_416639.2	b2135
YFJ10923.1	NP_415722.1	b1204
YFJ10789.1	NP_415605.2	b1087
YFJ10767.1	NP_415584.1	b1066
YFJ10291.1	NP_416064.1	b1546
YFJ09904.1	NP_414683.1	b0141
YFJ09704.1	NP_418751.4	b4331
YFJ09504.1	NP_418524.1	b4100
YFJ09202.1	NP_418294.1	b3857
YFJ11378.1	NP_416173.1	b1656
YFJ11350.1	NP_416144.1	b1627
YFJ11205.1	NP_416005.1	b1488
YFJ10370.1	NP_415174.1	b0641
YFJ10111.1	NP_414938.1	b0404
YFJ08360.1	NP_417503.1	b3031
YFJ08352.1	NP_417500.1	b3028
YFJ07429.1	NP_416569.1	b2065
YFJ07141.1	NP_416320.1	b1806
YFJ11351.1	NP_416145.1	b1628
YFJ10141.1	NP_414968.4	b0434
YFJ09988.1	NP_414757.1	b0222
YFJ08201.1	NP_417385.4	b2909
YFJ08171.1	NP_417353.1	b2877
YFJ07494.1	NP_416640.2	b2136
YFJ07225.1	NP_416405.1	b1891
YFJ07147.1	NP_416327.1	b1813
YFJ11460.1	NP_416256.2	b1742
YFJ10758.1	NP_415574.1	b1056
YFJ10660.1	NP_415457.1	b0937
YFJ09537.1	NP_418558.2	b4135
YFJ08703.1	NP_417873.1	b3414
YFJ08517.1	NP_417666.1	b3199
YFJ08470.1	NP_417619.1	b3150
YFJ08055.1	NP_417248.1	b2768
YFJ07900.1	NP_417068.1	b2573
YFJ07788.1	NP_416962.1	b2467
YFJ07761.1	NP_416927.1	b2432
YFJ10414.1	NP_415224.1	b0696
YFJ10160.1	NP_414987.3	b0453
YFJ09962.1	NP_414742.1	b0200
YFJ08798.1	NP_417968.1	b3511
YFJ08656.1	NP_417822.1	b3363
YFJ08590.1	NP_417741.1	b3282
YFJ07801.1	NP_416974.4	b2479
YFJ07528.1	NP_416676.4	b2171
YFJ11510.1	NP_414680.4	b0138
YFJ11180.1	NP_415979.2	b1462
YFJ07663.1	NP_416814.1	b2311
YFJ10759.1	NP_415575.1	b1057
YFJ09779.1	NP_414551.1	b0010
YFJ09549.1	NP_418571.1	b4147
YFJ09477.1	NP_418495.2	b4071
YFJ09065.1	NP_418169.1	b3713
YFJ08785.1	NP_417963.4	b3506
YFJ08516.1	NP_417665.1	b3198
YFJ08247.1	NP_417427.1	b2952
YFJ07984.1	NP_417175.1	b2690
YFJ07692.1	NP_416841.1	b2339
YFJ07532.1	NP_416680.1	b2175
YFJ07208.1	NP_416389.4	b1875
YFJ07201.1	NP_416381.2	b1867
YFJ07156.1	NP_416335.4	b1821
YFJ11057.1	NP_415856.1	b1340
YFJ10675.1	NP_415472.2	b0952
YFJ10339.1	NP_415138.1	b0605
YFJ08840.1	NP_418005.1	b3549
YFJ08653.1	NP_417819.1	b3360
YFJ08243.1	NP_417423.4	b2948
YFJ08108.1	NP_417302.1	b2825
YFJ07991.1	YP_026180.1	b2702
YFJ11312.1	NP_416101.1	b1584
YFJ10764.1	NP_415581.1	b1063
YFJ10353.1	NP_415155.1	b0622
YFJ08684.1	NP_417856.1	b3397
YFJ11019.1	NP_415815.1	b1299
YFJ09933.1	NP_414714.1	b0172
YFJ09618.1	NP_418637.1	b4216
YFJ09499.1	NP_418518.1	b4094
YFJ08755.1	NP_417929.4	b3472
YFJ08518.1	NP_417667.1	b3200
YFJ07549.1	NP_416699.1	b2195
YFJ10740.1	NP_415553.1	b1035
YFJ10376.1	NP_415180.1	b0647
YFJ08587.1	NP_417738.4	b3279
YFJ07632.1	NP_416783.1	b2280
YFJ11659.1	NP_417810.1	b3351
YFJ11481.1	NP_416279.1	b1765
YFJ11431.1	NP_416225.1	b1710
YFJ10345.1	NP_415147.1	b0614
YFJ10255.1	NP_415077.1	b0545
YFJ10175.1	NP_415002.1	b0469
YFJ10165.1	NP_414992.1	b0459
YFJ09874.1	NP_414652.1	b0110
YFJ09634.1	NP_418655.1	b4234
YFJ08511.1	NP_417660.1	b3193
YFJ08414.1	NP_417561.1	b3090
YFJ07683.1	NP_416834.1	b2331
YFJ07652.1	NP_416803.3	b2300
YFJ07258.1	NP_416431.2	b1921
YFJ11628.1	NP_417099.4	b2608
YFJ11471.1	NP_416267.1	b1753
YFJ10649.1	NP_415446.1	b0926
YFJ09686.1	NP_418734.1	b4314
YFJ08182.1	NP_417365.1	b2889
YFJ07678.1	NP_416829.1	b2326
YFJ07416.1	NP_416558.1	b2054
YFJ07248.1	NP_416422.1	b1912
YFJ10406.1	NP_415213.1	b0687
YFJ10270.1	NP_415092.1	b0560
YFJ09952.1	NP_414732.1	b0190
YFJ09564.1	NP_418586.4	b4162
YFJ09369.1	NP_418409.1	b3982
YFJ09200.1	NP_418292.1	b3850
YFJ08077.1	NP_417273.1	b2793
YFJ07810.1	NP_416983.1	b2488
YFJ07320.1	NP_416497.1	b1993
YFJ11587.1	NP_416233.1	b1718
YFJ11517.1	NP_414828.1	b0294
YFJ10810.1	NP_415626.4	b1108
YFJ10669.1	NP_415466.4	b0946
YFJ10665.1	NP_415462.1	b0942
YFJ10231.1	NP_415063.4	b0530
YFJ08591.1	YP_026210.1	b3283
YFJ08009.1	NP_417200.1	b2720
YFJ07651.1	NP_416802.1	b2299
YFJ07633.1	NP_416784.1	b2281
YFJ07604.1	NP_416753.4	b2250
YFJ07469.1	NP_416614.1	b2111
YFJ11148.1	NP_415944.1	b1427
YFJ10966.1	NP_415770.1	b1254
YFJ10812.1	NP_415628.1	b1110
YFJ10661.1	NP_415458.2	b0938
YFJ10119.1	NP_414946.4	b0412
YFJ10071.1	NP_414888.4	b0354
YFJ09728.1	NP_418782.1	b4362
YFJ09687.1	NP_418735.2	b4315
YFJ08681.1	NP_417853.1	b3394
YFJ08616.1	NP_417767.1	b3308
YFJ08444.1	NP_417590.2	b3120
YFJ07828.1	NP_417001.1	b2506
YFJ11444.1	NP_416240.1	b1726
YFJ11154.1	NP_415951.1	b1434
YFJ10573.1	NP_415367.1	b0846
YFJ09888.1	NP_414667.4	b0125
YFJ09466.1	NP_418483.1	b4059
YFJ08275.1	NP_417442.1	b2968
YFJ11284.1	NP_416072.1	b1554
YFJ10749.1	NP_415563.1	b1045
YFJ09553.1	NP_418573.1	b4149
YFJ09086.1	NP_418191.1	b3735
YFJ08613.1	NP_417764.1	b3305
YFJ11221.1	NP_416021.1	b1504
YFJ11141.1	NP_415935.2	b1418
YFJ10869.1	NP_415703.3	b1185
YFJ10403.1	NP_415210.1	b0684
YFJ09909.1	NP_414689.4	b0147
YFJ09815.1	NP_414588.1	b0046
YFJ09690.1	NP_418738.1	b4318
YFJ09627.1	NP_418647.1	b4226
YFJ09324.1	NP_418367.1	b3932
YFJ08786.1	NP_417964.1	b3507
YFJ08113.1	NP_417307.1	b2830
YFJ07979.1	NP_417169.1	b2684
YFJ11667.1	NP_417969.1	b3512
YFJ10173.1	NP_415000.1	b0467
YFJ09201.1	NP_418293.2	b3856
YFJ08725.1	NP_417894.2	b3437
YFJ08002.1	NP_417193.1	b2713
YFJ10098.1	NP_414922.1	b0388
YFJ08477.1	NP_417626.1	b3157
YFJ07962.1	NP_417154.1	b2668
YFJ11368.1	NP_416163.1	b1646
YFJ10790.1	NP_415606.1	b1088
YFJ10473.1	NP_415269.1	b0741
YFJ10228.1	NP_415060.1	b0527
YFJ08677.1	YP_026215.2	b3390
YFJ08188.1	NP_417371.1	b2895
YFJ07198.1	NP_416377.1	b1863
YFJ11168.1	NP_415965.1	b1448
YFJ10677.1	NP_415474.1	b0954
YFJ10125.1	NP_414952.1	b0418
YFJ08473.1	NP_417622.2	b3153
YFJ07926.1	NP_417094.1	b2603
YFJ07866.1	NP_417034.1	b2539
YFJ07827.1	NP_417000.1	b2505
YFJ11052.1	NP_415851.1	b1335
YFJ10666.1	NP_415463.2	b0943
YFJ10592.1	NP_415386.1	b0865
YFJ10538.1	NP_415335.1	b0814
YFJ10235.1	NP_415067.1	b0534
YFJ09761.1	NP_418811.2	b4394
YFJ09454.1	NP_418470.4	b4046
YFJ09189.1	YP_026270.1	b3838
YFJ07982.1	NP_417172.1	b2687
YFJ07854.1	NP_417022.1	b2527
YFJ10507.1	NP_415303.1	b0782
YFJ09863.1	NP_414639.2	b0097
YFJ10681.1	NP_415478.1	b0958
YFJ10419.1	NP_415235.1	b0707
YFJ10224.1	NP_415056.1	b0523
YFJ09210.1	NP_418302.1	b3866
YFJ08594.1	NP_417745.1	b3287
YFJ08223.1	NP_417404.1	b2929
YFJ07747.1	NP_416912.1	b2417
YFJ11044.1	NP_415840.1	b1324
YFJ08394.1	NP_417540.1	b3068
YFJ11220.1	NP_416020.1	b1503
YFJ10536.1	NP_415333.1	b0812
YFJ09691.1	NP_418739.1	b4319
YFJ09654.1	YP_026287.1	b4256
YFJ08611.1	NP_417762.1	b3303
YFJ08476.1	NP_417625.1	b3156
YFJ08409.1	NP_417556.2	b3085
YFJ07886.1	NP_417054.2	b2559
YFJ07627.1	NP_416775.1	b2272
YFJ07232.1	NP_416415.1	b1902
YFJ07221.1	NP_416401.1	b1887
YFJ07121.1	NP_416301.1	b1787
YFJ11688.1	YP_026277.1	b4484
YFJ10969.1	NP_415774.1	b1258
YFJ10031.1	NP_414844.1	b0310
YFJ07987.1	NP_417178.1	b2698
YFJ07766.1	NP_416933.4	b2438
YFJ07637.1	NP_416788.1	b2285
YFJ11283.1	NP_416071.1	b1553
YFJ10266.1	NP_415087.1	b0555
YFJ10038.1	NP_414851.1	b0317
YFJ09448.1	NP_418463.4	b4039
YFJ09372.1	NP_418412.1	b3985
YFJ09030.1	NP_418130.1	b3674
YFJ08539.1	NP_417695.1	b3228
YFJ08239.1	NP_417419.1	b2944
YFJ07989.1	NP_417180.1	b2700
YFJ07235.1	NP_416418.1	b1905
YFJ07168.1	NP_416346.4	b1832
YFJ11500.1	NP_418780.2	b4360
YFJ10722.1	NP_415527.4	b1007
YFJ10614.1	NP_415409.1	b0889
YFJ10408.1	NP_415215.1	b0689
YFJ10226.1	NP_415058.1	b0525
YFJ09796.1	NP_414568.1	b0027
YFJ08322.1	NP_417475.1	b3002
YFJ08314.1	NP_417467.1	b2993
YFJ07646.1	NP_416797.2	b2294
YFJ07562.1	NP_416712.1	b2208
YFJ11546.1	NP_415554.4	b1036
YFJ10133.1	NP_414960.2	b0426
YFJ09845.1	NP_414620.1	b0078
YFJ08522.1	NP_417671.1	b3204
YFJ08134.1	NP_417328.1	b2851
YFJ11564.1	NP_415870.4	b1353
YFJ10585.1	NP_415379.1	b0858
YFJ09192.1	NP_418284.1	b3842
YFJ08729.1	NP_417898.1	b3441
YFJ08559.1	NP_417715.1	b3249
YFJ08313.1	NP_417466.1	b2992
YFJ08178.1	NP_417362.4	b2886
YFJ07858.1	NP_417026.1	b2531
YFJ07665.1	NP_416816.1	b2313
YFJ07564.1	NP_416713.1	b2209
YFJ07420.1	NP_416562.1	b2058
YFJ11461.1	NP_416257.1	b1743
YFJ10508.1	NP_415304.1	b0783
YFJ09939.1	NP_414720.1	b0178
YFJ09321.1	NP_418364.1	b3929
YFJ07693.1	NP_416842.1	b2340
YFJ10522.1	NP_415319.1	b0798
YFJ10372.1	NP_415176.1	b0643
YFJ10207.1	NP_415038.1	b0505
YFJ08347.1	YP_026197.1	b3023
YFJ08047.1	NP_417239.1	b2759
YFJ07939.1	NP_417110.1	b2620
YFJ07928.1	NP_417096.1	b2605
YFJ11614.1	NP_416555.2	b2051
YFJ11503.1	NP_414590.1	b0048
YFJ10186.1	NP_415014.1	b0481
YFJ09905.1	NP_414684.1	b0142
YFJ09002.1	NP_414782.1	b0248
YFJ08930.1	NP_418091.1	b3634
YFJ08163.1	NP_417344.1	b2868
YFJ08034.1	NP_417226.1	b2746
YFJ07897.1	NP_417065.1	b2570
YFJ07780.1	NP_416956.1	b2461
YFJ07551.1	NP_416701.1	b2197
YFJ07371.1	NP_417130.1	b2643
YFJ11072.1	NP_415874.1	b1356
YFJ10580.1	NP_415374.1	b0853
YFJ10498.1	NP_415294.1	b0773
YFJ09542.1	NP_418564.2	b4140
YFJ09381.1	NP_418423.1	b3995
YFJ08695.1	YP_026216.2	b3406
YFJ08630.1	NP_417795.1	b3336
YFJ08499.1	NP_417648.4	b3181
YFJ08462.1	NP_417607.1	b3138
YFJ07372.1	NP_416506.1	b2002
YFJ09764.1	NP_418814.1	b4397
YFJ09729.1	NP_418783.2	b4363
YFJ08905.1	NP_418063.1	b3606
YFJ08869.1	NP_418034.1	b3577
YFJ08865.1	NP_418030.1	b3573
YFJ08592.1	NP_417743.1	b3284
YFJ08455.1	NP_417602.4	b3133
YFJ07378.1	NP_416513.1	b2009
YFJ10164.1	NP_414991.4	b0458
YFJ10122.1	NP_414949.1	b0415
YFJ10058.1	NP_414874.1	b0340
YFJ09087.1	NP_418192.1	b3736
YFJ08634.1	NP_417800.1	b3341
YFJ08565.1	NP_417721.1	b3255
YFJ08548.1	NP_417704.1	b3237
YFJ08109.1	NP_417303.1	b2826
YFJ08006.1	NP_417197.1	b2717
YFJ07802.1	NP_416975.1	b2480
YFJ07481.1	NP_416628.1	b2124
YFJ07288.1	NP_416469.1	b1960
YFJ11363.1	YP_025304.1	b1641
YFJ10541.1	NP_415338.1	b0817
YFJ10388.1	NP_415192.1	b0659
YFJ10366.1	NP_415169.1	b0636
YFJ09973.1	YP_001165307.1	b4586
YFJ09970.1	NP_414750.1	b0214
YFJ09158.1	NP_418264.4	b3820
YFJ08908.1	NP_418066.1	b3609
YFJ08868.1	NP_418033.1	b3576
YFJ11429.1	NP_416223.1	b1708
YFJ09637.1	NP_418658.1	b4237
YFJ09594.1	NP_418616.1	b4195
YFJ09470.1	NP_418487.1	b4063
YFJ08532.1	NP_417688.1	b3221
YFJ08452.1	NP_417599.1	b3130
YFJ07275.1	NP_416454.1	b1944
YFJ10836.1	NP_415652.1	b1134
YFJ10824.1	NP_415640.2	b1122
YFJ09702.1	NP_418749.1	b4329
YFJ09645.1	NP_418665.1	b4244
YFJ09567.1	NP_418589.1	b4168
YFJ08014.1	NP_417205.1	b2725
YFJ07622.1	NP_416770.1	b2267
YFJ07480.1	NP_416627.2	b2123
YFJ10945.1	NP_415749.1	b1233
YFJ10686.1	NP_415483.2	b0963
YFJ10198.1	NP_415021.2	b0488
YFJ10154.1	NP_414981.4	b0447
YFJ10097.1	NP_414921.2	b0387
YFJ10002.1	NP_414773.1	b0238
YFJ09847.1	NP_414623.1	b0081
YFJ09094.1	NP_418199.1	b3743
YFJ07154.1	NP_416334.1	b1820
YFJ10258.1	NP_415079.1	b0547
YFJ09941.1	NP_414722.1	b0180
YFJ09907.1	NP_414687.1	b0145
YFJ08281.1	NP_417787.1	b3328
YFJ07647.1	NP_416798.1	b2295
YFJ11595.1	NP_416379.1	b1865
YFJ10679.1	NP_415476.1	b0956
YFJ10510.1	NP_415306.1	b0785
YFJ09997.1	NP_414769.1	b0234
YFJ09650.1	NP_418673.4	b4252
YFJ09505.1	NP_418525.1	b4101
YFJ09019.1	NP_418119.2	b3663
YFJ08490.1	NP_417639.6	b3170
YFJ07453.1	NP_416597.1	b2094
YFJ10120.1	NP_414947.1	b0413
YFJ09797.1	NP_414569.1	b0028
YFJ09602.1	NP_418624.1	b4203
YFJ09495.1	NP_418514.1	b4090
YFJ08402.1	NP_417548.1	b3077
YFJ08074.1	NP_417270.1	b2790
YFJ07964.1	NP_417156.1	b2670
YFJ07959.1	NP_417151.1	b2665
YFJ07762.1	NP_416928.4	b2433
YFJ07557.1	NP_416707.4	b2203
YFJ11515.1	NP_414755.1	b0220
YFJ10865.1	NP_415699.5	b1181
YFJ10684.1	NP_415481.1	b0961
YFJ10402.1	NP_415209.1	b0683
YFJ09737.1	NP_418790.1	b4373
YFJ09250.1	NP_418336.1	b3900
YFJ07123.1	NP_416303.1	b1789
YFJ11497.1	NP_418680.1	b4259
YFJ09510.1	NP_418531.1	b4107
YFJ09392.1	NP_418436.1	b4012
YFJ09093.1	NP_418198.1	b3742
YFJ08474.1	NP_417623.1	b3154
YFJ08227.1	NP_417409.1	b2934
YFJ08093.1	NP_417291.1	b2811
YFJ07640.1	NP_416791.3	b2288
YFJ07423.1	NP_416565.1	b2061
YFJ07273.1	NP_416452.1	b1942
YFJ11349.1	NP_416143.2	b1626
YFJ09892.1	NP_414671.1	b0129
YFJ09872.1	NP_414650.1	b0108
YFJ09313.1	NP_418356.1	b3921
YFJ08841.1	NP_418006.1	b3550
YFJ08731.1	NP_417905.1	b3448
YFJ08680.1	NP_417852.1	b3393
YFJ09236.1	NP_418323.1	b3887
YFJ08854.1	NP_418019.4	b3562
YFJ07938.1	NP_417109.1	b2619
YFJ11364.1	NP_416159.2	b1642
YFJ11242.1	NP_416047.4	b1530
YFJ11123.1	NP_415894.4	b1376
YFJ09498.1	NP_418517.1	b4093
YFJ08774.1	NP_417952.1	b3495
YFJ08609.1	NP_417760.1	b3301
YFJ11199.1	NP_415999.1	b1482
YFJ08910.1	NP_418068.1	b3611
YFJ07843.1	NP_417013.1	b2518
YFJ10471.1	NP_415266.1	b0738
YFJ10341.1	NP_415140.1	b0607
YFJ09370.1	NP_418410.1	b3983
YFJ09315.1	NP_418358.1	b3923
YFJ09040.1	NP_418141.2	b3686
YFJ08542.1	NP_417698.1	b3231
YFJ07227.1	NP_416409.1	b1895
YFJ09577.1	NP_418599.1	b4178
YFJ09387.1	NP_418430.2	b4002
YFJ08781.1	NP_417960.1	b3503
YFJ08600.1	NP_417751.1	b3292
YFJ08324.1	NP_417478.1	b3005
YFJ08132.1	NP_417326.2	b2849
YFJ07763.1	NP_416929.4	b2434
YFJ07605.1	NP_416754.1	b2251
YFJ11127.1	NP_415897.1	b1379
YFJ11074.1	NP_415876.1	b1358
YFJ09953.1	NP_414733.1	b0191
YFJ08362.1	NP_417505.1	b3033
YFJ08131.1	NP_417325.4	b2848
YFJ08087.1	NP_417284.1	b2804
YFJ07870.1	NP_417038.4	b2543
YFJ10867.1	NP_415701.1	b1183
YFJ10123.1	NP_414950.1	b0416
YFJ09099.1	NP_418204.2	b3748
YFJ09082.1	NP_418187.1	b3731
YFJ07910.1	NP_417077.1	b2582
YFJ11571.1	NP_415955.2	b1438
YFJ11401.1	NP_416194.1	b1679
YFJ10774.1	NP_415591.1	b1073
YFJ10771.1	NP_415588.1	b1070
YFJ10742.1	NP_415556.1	b1038
YFJ09653.1	NP_418676.1	b4255
YFJ09463.1	NP_418480.1	b4056
YFJ08407.1	NP_417553.1	b3082
YFJ08244.1	NP_417424.1	b2949
YFJ11599.1	NP_416438.1	b1928
YFJ10949.1	NP_415753.1	b1237
YFJ10733.1	NP_415540.1	b1021
YFJ10688.1	NP_415485.4	b0965
YFJ10330.1	NP_415129.1	b0597
YFJ09736.1	NP_418789.1	b4372
YFJ09041.1	NP_418142.1	b3687
YFJ07812.1	NP_416985.4	b2490
YFJ07294.1	NP_416479.1	b1970
YFJ07277.1	NP_416456.1	b1946
YFJ07112.1	NP_416292.1	b1778
YFJ11408.1	NP_416201.1	b1686
YFJ10516.1	NP_415312.1	b0791
YFJ10342.1	NP_415143.1	b0610
YFJ09440.1	NP_418454.1	b4030
YFJ08621.1	NP_417772.1	b3313
YFJ08598.1	NP_417749.1	b3291
YFJ08286.1	NP_417445.1	b2971
YFJ08007.1	NP_417198.1	b2718
YFJ07970.1	NP_417160.1	b2674
YFJ07262.1	NP_416435.1	b1925
YFJ11476.1	NP_416273.1	b1759
YFJ11373.1	NP_416168.1	b1651
YFJ10193.1	NP_415020.1	b0487
YFJ08189.1	NP_417372.1	b2896
YFJ08107.1	NP_417301.4	b2824
YFJ10843.1	NP_415679.1	b1161
YFJ10775.1	NP_415592.1	b1074
YFJ10469.1	NP_415264.1	b0736
YFJ10439.1	NP_415249.1	b0721
YFJ09958.1	NP_414738.1	b0196
YFJ09781.1	NP_414554.1	b0013
YFJ08679.1	NP_417851.4	b3392
YFJ08649.1	NP_417815.1	b3356
YFJ08427.1	NP_417570.1	b3099
YFJ08291.1	NP_417451.1	b2977
YFJ07963.1	NP_417155.1	b2669
YFJ10861.1	NP_415696.1	b1178
YFJ09580.1	NP_418602.1	b4181
YFJ08764.1	NP_417938.1	b3481
YFJ08687.1	NP_417859.1	b3400
YFJ08487.1	NP_417636.1	b3167
YFJ10965.1	NP_415769.1	b1253
YFJ10698.1	NP_415495.1	b0976
YFJ10150.1	NP_414977.1	b0443
YFJ09996.1	NP_414768.1	b0233
YFJ09583.1	NP_418605.1	b4184
YFJ09050.1	NP_418153.4	b3698
YFJ08544.1	NP_417700.2	b3233
YFJ07498.1	NP_416646.1	b2141
YFJ09803.1	NP_414576.4	b0034
YFJ09648.1	NP_418669.1	b4248
YFJ09599.1	NP_418621.5	b4200
YFJ09556.1	NP_418576.1	b4152
YFJ08468.1	NP_417617.1	b3148
YFJ08090.1	NP_417287.1	b2807
YFJ07203.1	NP_416383.4	b1869
YFJ11653.1	NP_417572.2	b3101
YFJ11596.1	NP_416392.1	b1878
YFJ11250.1	NP_416054.1	b1536
YFJ10930.1	NP_415731.1	b1213
YFJ09699.1	NP_418746.4	b4326
YFJ08614.1	NP_417765.1	b3306
YFJ08541.1	NP_417697.1	b3230
YFJ08348.1	NP_417496.1	b3024
YFJ07731.1	NP_416898.3	b2399
YFJ10743.1	NP_415557.1	b1039
YFJ09948.1	NP_414729.4	b0187
YFJ09865.1	NP_414641.1	b0099
YFJ08605.1	NP_417756.1	b3297
YFJ08438.1	NP_417583.4	b3113
YFJ08196.1	NP_417380.1	b2904
YFJ07216.1	NP_416396.1	b1882
YFJ10725.1	NP_415530.1	b1010
YFJ09925.1	NP_414705.1	b0163
YFJ09644.1	NP_418664.2	b4243
YFJ08638.1	NP_417804.1	b3345
YFJ07856.1	NP_417024.1	b2529
YFJ07613.1	NP_416761.4	b2258
YFJ11243.1	NP_416048.2	b1531
YFJ10563.1	NP_415357.1	b0836
YFJ10355.1	NP_415157.1	b0624
YFJ10311.1	NP_415111.1	b0579
YFJ10263.1	NP_415083.1	b0551
YFJ09480.1	NP_418499.1	b4075
YFJ09368.1	NP_418408.1	b3981
YFJ08889.1	NP_417940.2	b3483
YFJ08742.1	NP_417916.1	b3459
YFJ08602.1	NP_417753.1	b3294
YFJ08424.1	NP_417567.1	b3096
YFJ07907.1	NP_417074.1	b2579
YFJ10478.1	NP_415274.1	b0753
YFJ09894.1	NP_414673.1	b0131
YFJ09615.1	NP_418633.4	b4212
YFJ09156.1	NP_418262.2	b3818
YFJ09155.1	NP_418261.1	b3817
YFJ09090.1	NP_418195.2	b3739
YFJ07890.1	NP_417058.1	b2563
YFJ10806.1	NP_415622.1	b1104
YFJ10575.1	NP_415369.1	b0848
YFJ10174.1	NP_415001.1	b0468
YFJ09820.1	NP_414592.1	b0050
YFJ09005.1	NP_416509.1	b2005
YFJ10754.1	NP_415569.4	b1051
YFJ10167.1	NP_414994.1	b0461
YFJ08635.1	NP_417801.1	b3342
YFJ07176.1	NP_416355.1	b1841
YFJ10149.1	NP_414976.1	b0442
YFJ08618.1	NP_417769.1	b3310
YFJ07993.1	NP_417184.1	b2704
YFJ11406.1	NP_416199.1	b1684
YFJ10860.1	NP_415695.1	b1177
YFJ09450.1	NP_418466.1	b4042
YFJ08601.1	NP_417752.1	b3293
YFJ08425.1	NP_417568.2	b3097
YFJ08384.1	NP_417530.2	b3058
YFJ07749.1	NP_416914.1	b2419
YFJ07374.1	NP_416508.1	b2004
YFJ11600.1	NP_416457.4	b1947
YFJ11326.1	NP_416117.1	b1600
YFJ09849.1	NP_414625.1	b0083
YFJ09373.1	NP_418413.1	b3986
YFJ08430.1	NP_417574.1	b3103
YFJ07925.1	NP_417093.2	b2602
YFJ07263.1	NP_416436.1	b1926
YFJ11669.1	NP_418055.1	b3598
YFJ11633.1	NP_417245.1	b2765
YFJ10261.1	NP_415082.1	b0550
YFJ09882.1	NP_414661.2	b0119
YFJ09031.1	NP_418131.1	b3675
YFJ08900.1	NP_418059.1	b3602
YFJ08669.1	NP_417841.2	b3382
YFJ07655.1	NP_416806.1	b2303
YFJ11567.1	YP_009518777.1	b1366
YFJ11235.1	NP_416040.1	b1523
YFJ11026.1	NP_415822.1	b1306
YFJ10805.1	NP_415621.3	b1103
YFJ09555.1	NP_418575.1	b4151
YFJ09360.1	NP_418399.1	b3964
YFJ09056.1	NP_418159.1	b3704
YFJ08750.1	NP_417924.1	b3467
YFJ08637.1	NP_417803.1	b3344
YFJ07995.1	NP_417186.1	b2706
YFJ07817.1	NP_416990.1	b2495
YFJ07730.1	NP_416897.2	b2398
YFJ07132.1	NP_416311.1	b1797
YFJ11436.1	NP_416231.1	b1716
YFJ11411.1	NP_416204.2	b1689
YFJ09464.1	NP_418481.1	b4057
YFJ08606.1	NP_417757.1	b3298
YFJ08431.1	NP_417575.1	b3104
YFJ07792.1	NP_416966.1	b2471
YFJ07182.1	NP_416361.2	b1847
YFJ10935.1	NP_415737.1	b1219
YFJ10162.1	NP_414989.1	b0456
YFJ09546.1	NP_418568.2	b4144
YFJ08780.1	NP_417958.1	b3501
YFJ08665.1	NP_417837.2	b3378
YFJ08612.1	NP_417763.1	b3304
YFJ11454.1	NP_416250.1	b1736
YFJ09626.1	NP_418646.1	b4225
YFJ08015.1	NP_417206.1	b2726
YFJ07226.1	NP_416406.4	b1892
YFJ11376.1	NP_416171.1	b1654
YFJ10440.1	NP_415250.1	b0722
YFJ10117.1	NP_414944.1	b0410
YFJ09885.1	NP_414664.4	b0122
YFJ09032.1	NP_418132.1	b3676
YFJ07929.1	NP_417097.1	b2606
YFJ07126.1	NP_416306.2	b1792
YFJ11591.1	NP_416323.4	b1809
YFJ09918.1	NP_414698.1	b0156
YFJ08022.1	NP_417212.1	b2732
YFJ07965.1	NP_417157.1	b2671
YFJ07538.1	NP_416686.1	b2181
YFJ11311.1	NP_416100.1	b1583
YFJ10189.1	NP_415016.4	b0483
YFJ09624.1	NP_418643.1	b4222
YFJ09348.1	NP_418388.1	b3953
YFJ08855.1	NP_418020.2	b3563
YFJ08312.1	NP_417465.1	b2991
YFJ07936.1	NP_417107.2	b2617
YFJ07921.1	NP_417088.1	b2597
YFJ07174.1	NP_416353.1	b1839
YFJ11457.1	NP_416253.1	b1739
YFJ10157.1	NP_414984.1	b0450
YFJ09717.1	NP_418767.4	b4347
YFJ09539.1	NP_418560.1	b4137
YFJ09107.1	NP_418213.1	b3764
YFJ07880.1	NP_417048.1	b2553
YFJ07466.1	NP_416610.4	b2107
YFJ11333.1	NP_416124.1	b1607
YFJ10852.1	NP_415689.2	b1171
YFJ09511.1	NP_418532.1	b4108
YFJ08773.1	NP_417951.1	b3494
YFJ08451.1	NP_417598.1	b3129
YFJ08066.1	NP_417262.1	b2782
YFJ07978.1	NP_417168.1	b2683
YFJ07852.1	NP_417020.1	b2525
YFJ07781.1	NP_416957.4	b2462
YFJ07612.1	YP_588462.1	b4544
YFJ10747.1	NP_415561.1	b1043
YFJ10114.1	NP_414941.1	b0407
YFJ09042.1	NP_418143.2	b3688
YFJ08797.1	NP_417967.1	b3510
YFJ08623.1	NP_417774.1	b3315
YFJ08493.1	NP_417642.1	b3175
YFJ08399.1	NP_417545.1	b3074
YFJ08351.1	NP_417499.1	b3027
YFJ07443.1	NP_416584.4	b2080
YFJ11361.1	NP_416156.4	b1639
YFJ11325.1	NP_416116.1	b1599
YFJ10960.1	NP_415764.4	b1248
YFJ10692.1	NP_415489.4	b0969
YFJ10177.1	NP_415004.1	b0471
YFJ10136.1	NP_414963.1	b0429
YFJ10009.1	NP_414822.1	b0288
YFJ09588.1	NP_418610.4	b4189
YFJ09120.1	NP_418228.2	b3781
YFJ08202.1	NP_417386.1	b2910
YFJ08076.1	NP_417272.1	b2792
YFJ07966.1	NP_417158.4	b2672
YFJ07376.1	NP_416511.4	b2007
YFJ11568.1	NP_415901.2	b1383
YFJ11560.1	NP_415798.2	b1282
YFJ11310.1	NP_416099.1	b1582
YFJ10401.1	NP_415208.1	b0682
YFJ09760.1	NP_418810.1	b4393
YFJ08796.1	NP_417966.4	b3509
YFJ08712.1	NP_417883.1	b3425
YFJ08659.1	NP_417825.1	b3366
YFJ08257.1	NP_417434.4	b2959
YFJ07726.1	NP_416891.1	b2390
YFJ07723.1	NP_416888.1	b2387
YFJ11610.1	YP_009518798.1	b4538
YFJ10841.1	NP_415678.1	b1160
YFJ10593.1	NP_415387.1	b0866
YFJ09469.1	NP_418486.1	b4062
YFJ08106.1	NP_417300.1	b2823
YFJ08037.1	NP_417229.1	b2749
YFJ07914.1	NP_417081.2	b2586
YFJ07855.1	NP_417023.1	b2528
YFJ07234.1	NP_416417.1	b1904
YFJ11456.1	NP_416252.1	b1738
YFJ10607.1	NP_415402.1	b0881
YFJ09345.1	NP_418385.1	b3950
YFJ09144.1	NP_418251.1	b3807
YFJ07867.1	NP_417035.1	b2540
YFJ10689.1	NP_415486.4	b0966
YFJ10367.1	NP_415170.4	b0637
YFJ10142.1	NP_414969.4	b0435
YFJ09552.1	NP_418572.4	b4148
YFJ09332.1	NP_418373.1	b3938
YFJ07475.1	YP_588459.1	b4541
YFJ07447.1	NP_416589.2	b2085
YFJ11028.1	NP_415824.1	b1308
YFJ09600.1	NP_418622.1	b4201
YFJ09474.1	NP_418492.1	b4068
YFJ09252.1	NP_418337.1	b3901
YFJ08617.1	NP_417768.1	b3309
YFJ08353.1	NP_417501.1	b3029
YFJ07268.1	NP_416447.1	b1937
YFJ11285.1	NP_416073.1	b1555
YFJ10748.1	NP_415562.1	b1044
YFJ10161.1	NP_414988.1	b0454
YFJ08629.1	NP_417780.1	b3321
YFJ08504.1	NP_417653.1	b3186
YFJ08193.1	NP_417376.1	b2900
YFJ08036.1	NP_417228.1	b2748
YFJ11323.1	NP_416114.2	b1597
YFJ10994.1	NP_415795.1	b1279
YFJ10088.1	NP_414913.1	b0379
YFJ09571.1	NP_418593.1	b4172
YFJ08852.1	YP_588469.1	b4553
YFJ11580.1	NP_416103.2	b1586
YFJ11388.1	NP_416182.1	b1667
YFJ10714.1	NP_415519.1	b0999
YFJ09593.1	NP_418615.1	b4194
YFJ08615.1	NP_417766.1	b3307
YFJ08426.1	NP_417569.1	b3098
YFJ07621.1	NP_416769.1	b2266
YFJ08626.1	NP_417777.1	b3318
YFJ08475.1	NP_417624.1	b3155
YFJ07631.1	NP_416782.1	b2279
YFJ11433.1	NP_416227.1	b1712
YFJ09314.1	NP_418357.1	b3922
YFJ08428.1	NP_417571.1	b3100
YFJ08374.1	NP_417514.4	b3042
YFJ07961.1	NP_417153.1	b2667
YFJ07144.1	NP_416324.2	b1810
YFJ11073.1	NP_415875.1	b1357
YFJ10964.1	NP_415767.2	b1251
YFJ10348.1	NP_415150.1	b0617
YFJ09774.1	NP_414546.1	b0005
YFJ09530.1	NP_418552.1	b4128
YFJ08578.1	NP_417727.1	b3261
YFJ12261.1	NP_415089.1	b0557
YFJ11421.1	NP_416215.1	b1700
YFJ10863.1	NP_415697.5	b1179
YFJ10772.1	NP_415589.1	b1071
YFJ10468.1	NP_415263.1	b0735
YFJ10404.1	NP_415211.2	b0685
YFJ09995.1	NP_414767.1	b0232
YFJ09544.1	NP_418566.1	b4142
YFJ09010.1	YP_588471.1	b4555
YFJ08509.1	NP_417658.4	b3191
YFJ08498.1	NP_417647.1	b3180
YFJ07776.1	NP_416952.2	b2457
YFJ11442.1	NP_416238.1	b1724
YFJ11230.1	NP_416035.1	b1518
YFJ10260.1	NP_415081.1	b0549
YFJ09025.1	NP_418126.1	b3670
YFJ08846.1	NP_418011.1	b3555
YFJ08248.1	NP_417428.2	b2953
YFJ07937.1	NP_417108.4	b2618
YFJ07183.1	NP_416362.1	b1848
YFJ10577.1	NP_415371.1	b0850
YFJ09813.1	NP_414586.1	b0044
YFJ08636.1	NP_417802.1	b3343
YFJ08521.1	NP_417670.1	b3203
YFJ08319.1	NP_417472.1	b2998
YFJ07775.1	NP_416951.1	b2456
YFJ07160.1	NP_416339.1	b1825
YFJ11194.1	NP_415994.4	b1477
YFJ10635.1	NP_415432.1	b0912
YFJ10570.1	NP_415364.1	b0843
YFJ10101.1	NP_414925.1	b0391
YFJ08042.1	NP_417234.2	b2754
YFJ07696.1	NP_416845.2	b2343
YFJ07542.1	NP_416690.1	b2185
YFJ07452.1	NP_416596.1	b2093
YFJ09467.1	NP_418484.4	b4060
YFJ09116.1	NP_418223.1	b3775
YFJ07470.1	NP_416615.1	b2112
YFJ10924.1	NP_415723.1	b1205
YFJ10691.1	NP_415488.1	b0968
YFJ09439.1	YP_001165332.1	b4620
YFJ08624.1	NP_417775.1	b3316
YFJ08506.1	NP_417655.1	b3188
YFJ07677.1	NP_416828.1	b2325
YFJ11068.1	NP_415867.1	b1351
YFJ10074.1	NP_414891.4	b0357
YFJ10049.1	NP_414863.1	b0329
YFJ09598.1	NP_418620.1	b4199
YFJ09587.1	NP_418609.4	b4188
YFJ09488.1	YP_001165334.1	b4622
YFJ08945.1	NP_418106.1	b3649
YFJ08260.1	NP_417437.1	b2962
YFJ07712.1	NP_416877.1	b2376
YFJ11477.1	NP_416274.1	b1760
YFJ10847.1	NP_415683.1	b1165
YFJ10147.1	NP_414974.1	b0440
YFJ09529.1	NP_418551.1	b4127
YFJ09410.1	NP_418447.1	b4023
YFJ09386.1	NP_418428.1	b4000
YFJ08550.1	NP_417706.1	b3239
YFJ08524.1	NP_417673.1	b3206
YFJ08017.1	NP_417208.1	b2728
YFJ07464.1	NP_416608.1	b2105
YFJ07111.1	NP_416291.4	b1777
YFJ09203.1	NP_418295.1	b3858
YFJ09188.1	NP_418280.4	b3836
YFJ08749.1	NP_417923.1	b3466
YFJ08485.1	NP_417634.1	b3165
YFJ07279.1	NP_416459.1	b1949
YFJ11126.1	YP_588453.1	b4529
YFJ10857.1	NP_415692.1	b1174
YFJ10848.1	NP_415684.1	b1166
YFJ10527.1	NP_415324.1	b0803
YFJ09709.1	YP_009518833.1	b4715
YFJ08190.1	NP_417373.1	b2897
YFJ07614.1	NP_416762.2	b2259
YFJ11519.1	NP_414830.1	b0296
YFJ11449.1	NP_416245.2	b1731
YFJ10361.1	NP_415164.1	b0631
YFJ09792.1	NP_414564.1	b0023
YFJ09111.1	NP_418217.1	b3769
YFJ08549.1	NP_417705.2	b3238
YFJ07561.1	NP_416711.1	b2207
YFJ10530.1	NP_415327.2	b0806
YFJ10526.1	NP_415323.1	b0802
YFJ10092.1	NP_414916.1	b0382
YFJ09991.1	NP_414761.1	b0226
YFJ09950.1	NP_414731.2	b0189
YFJ08054.1	NP_417247.2	b2767
YFJ07889.1	NP_417057.1	b2562
YFJ11049.1	NP_415848.1	b1332
YFJ10814.1	NP_415630.1	b1112
YFJ10576.1	NP_415370.1	b0849
YFJ09057.1	YP_588472.1	b4557
YFJ08588.1	NP_417739.1	b3280
YFJ08503.1	NP_417652.1	b3185
YFJ08332.1	NP_417487.1	b3014
YFJ07745.1	NP_416910.1	b2415
YFJ11548.1	NP_415578.3	b1060
YFJ10882.1	NP_415713.1	b1195
YFJ08619.1	NP_417770.1	b3311
YFJ08508.1	NP_417657.2	b3190
YFJ07589.1	NP_416739.1	b2236
YFJ07527.1	YP_588461.1	b4502
YFJ07386.1	YP_588458.1	b4539
YFJ07127.1	NP_416307.1	b1793
YFJ11292.1	NP_416079.1	b1561
YFJ10985.1	NP_415789.1	b1273
YFJ09625.1	NP_418645.2	b4224
YFJ08909.1	NP_418067.1	b3610
YFJ08236.1	YP_009518814.1	b2941
YFJ07387.1	NP_416521.2	b2017
YFJ07233.1	NP_416416.2	b4537
YFJ10849.1	NP_415685.1	b1167
YFJ10312.1	NP_415112.1	b0580
YFJ08311.1	NP_417464.1	b2990
YFJ08067.1	NP_417263.1	b2783
YFJ07931.1	NP_417100.1	b2609
YFJ07130.1	NP_416309.1	b1795
YFJ11015.1	NP_415811.1	b1295
YFJ10762.1	NP_415579.1	b1061
YFJ10509.1	NP_415305.1	b0784
YFJ10047.1	NP_414861.2	b0327
YFJ09320.1	NP_418363.1	b3928
YFJ08753.1	NP_417927.1	b3470
YFJ07969.1	NP_417159.1	b2673
YFJ10129.1	NP_414956.1	b0422
YFJ09457.1	NP_418474.4	b4050
YFJ08574.1	NP_417723.1	b3257
YFJ07713.1	NP_416878.1	b2377
YFJ11370.1	NP_416165.2	b1648
YFJ09088.1	NP_418193.1	b3737
YFJ07502.1	NP_416650.1	b2145
YFJ07236.1	NP_416419.1	b1906
YFJ07162.1	YP_588456.1	b4536
YFJ11399.1	NP_416192.1	b1677
YFJ11365.1	NP_416160.1	b1643
YFJ10846.1	NP_415682.1	b1164
YFJ10796.1	NP_415612.1	b1094
YFJ10025.1	NP_414837.2	b0303
YFJ09734.1	YP_588478.1	b4567
YFJ08933.1	NP_418094.1	b3637
YFJ08699.1	NP_417869.1	b3410
YFJ07172.1	NP_416350.4	b1836
YFJ11257.1	NP_416062.2	b1544
YFJ11166.1	NP_415963.1	b1446
YFJ08999.1	NP_414783.1	b0249
YFJ07266.1	NP_416440.1	b1930
YFJ11156.1	NP_415953.1	b1436
YFJ10933.1	NP_415735.1	b1217
YFJ10706.1	NP_415511.1	b0991
YFJ09528.1	NP_418550.1	b4126
YFJ07177.1	NP_416356.1	b1842
YFJ11637.1	NP_417289.2	b2809
YFJ11601.1	NP_416463.4	b1953
YFJ11298.1	NP_416087.1	b1569
YFJ11179.1	NP_415978.1	b1461
YFJ10753.1	NP_415568.1	b1050
YFJ10718.1	NP_415523.1	b1003
YFJ09601.1	NP_418623.1	b4202
YFJ08697.1	NP_417867.1	b3408
YFJ07544.1	NP_416692.1	b2187
YFJ07381.1	NP_416516.1	b2012
YFJ11147.1	NP_415943.4	b1426
YFJ11025.1	NP_415821.1	b1305
YFJ10606.1	NP_415401.1	b0880
YFJ07252.1	NP_416425.1	b1915
YFJ11070.1	NP_415869.2	b1352
YFJ11027.1	NP_415823.1	b1307
YFJ08583.1	NP_417733.1	b3267
YFJ07373.1	NP_416507.1	b2003
YFJ11689.1	NP_416586.1	b2082
YFJ11654.1	NP_417589.4	b3119
YFJ11244.1	NP_416049.1	b1532
YFJ10996.1	NP_415799.1	b1283
YFJ10851.1	YP_588447.1	b4520
YFJ10609.1	NP_415404.1	b0884
YFJ10318.1	YP_588441.1	b4511
YFJ10166.1	NP_414993.1	b0460
YFJ09793.1	NP_414565.1	b0024
YFJ09240.1	NP_418325.4	b3889
YFJ08647.1	NP_417813.1	b3354
YFJ08641.1	NP_417807.1	b3348
YFJ08599.1	YP_588467.1	b4550
YFJ08136.1	NP_417330.1	b2853
YFJ08117.1	NP_417310.1	b2833
YFJ07740.1	YP_588464.1	b4546
YFJ11348.1	NP_416142.1	b1625
YFJ11198.1	NP_415998.4	b1481
YFJ11090.1	NP_415086.1	b0554
YFJ11064.1	NP_415862.4	b1346
YFJ08391.1	NP_417537.1	b3065
YFJ07835.1	NP_417005.2	b2510
YFJ11578.1	NP_416070.1	b1552
YFJ11175.1	NP_415972.1	b1455
YFJ10705.1	NP_415510.1	b0990
YFJ10704.1	NP_415509.1	b0989
YFJ10229.1	NP_415061.2	b0528
YFJ10089.1	NP_414914.2	b0380
YFJ09328.1	NP_418371.1	b3936
YFJ08847.1	NP_418012.1	b3556
YFJ11396.1	NP_416190.1	b1675
YFJ11065.1	NP_415863.1	b1347
YFJ10354.1	NP_415156.1	b0623
YFJ09453.1	NP_418469.1	b4045
YFJ08899.1	YP_588470.1	b4554
YFJ07552.1	NP_416702.1	b2198
YFJ07158.1	NP_416337.1	b1823
YFJ11281.1	NP_415091.1	b0559
YFJ10418.1	NP_415228.1	b0699
YFJ09619.1	NP_418638.2	b4217
YFJ11254.1	NP_416059.1	b1541
YFJ10357.1	NP_415160.1	b0627
YFJ09720.1	NP_418773.1	b4353
YFJ09145.1	YP_588473.1	b4558
YFJ08553.1	NP_417709.2	b3242
YFJ09951.1	YP_026160.1	b4406
YFJ09378.1	YP_026279.1	b4407
YFJ08643.1	YP_588468.1	b4551
YFJ08375.1	NP_417521.1	b3049
YFJ07851.1	NP_417019.1	b2524
YFJ07794.1	YP_588465.1	b4547
YFJ11437.1	NP_416232.3	b1717
YFJ11217.1	NP_416017.1	b1500
YFJ10332.1	YP_588442.1	b4512
YFJ09866.1	NP_414643.1	b0101
YFJ09575.1	NP_418597.1	b4176
YFJ11563.1	NP_415864.1	b1348
YFJ10269.1	YP_001165309.1	b4589
YFJ08631.1	NP_417796.1	b3337
YFJ07375.1	YP_009518797.1	b2006
YFJ11593.1	NP_416351.2	b1837
YFJ11426.1	NP_416220.1	b1705
YFJ11304.1	NP_416093.1	b1576
YFJ10099.1	NP_414923.1	b0389
YFJ08824.1	NP_417994.2	b3537
YFJ08620.1	NP_417771.1	b3312
YFJ07826.1	NP_416999.1	b2504
YFJ11577.1	YP_009518790.1	b4724
YFJ11543.1	YP_009518761.1	b4723
YFJ11407.1	NP_416200.2	b1685
YFJ11303.1	NP_416092.1	b1575
YFJ08822.1	NP_417992.1	b3535
YFJ07282.1	NP_416462.1	b1952
YFJ11130.1	NP_415900.1	b1382
YFJ11094.1	YP_588452.1	b4528
YFJ10855.1	YP_001165315.1	b4594
YFJ07985.1	NP_417176.1	b2696
YFJ10640.1	NP_415437.1	b0917
YFJ10267.1	YP_588440.1	b4510
YFJ07285.1	NP_416466.1	b1957
YFJ07131.1	NP_416310.1	b1796
YFJ08610.1	NP_417761.1	b3302
YFJ08579.1	NP_417729.1	b3263
YFJ07145.1	NP_416325.1	b1811
YFJ11157.1	NP_415954.2	b4532
YFJ07251.1	YP_009518796.1	b4752
YFJ11576.1	NP_416068.2	b1550
YFJ11165.1	NP_415962.2	b1445
YFJ11142.1	NP_415936.1	b1419
YFJ11060.1	YP_009518775.1	b4743
YFJ10998.1	YP_001165317.1	b4596
YFJ10962.1	YP_001165316.1	b4595
YFJ10854.1	YP_001165314.1	b4593
YFJ10791.1	NP_415607.1	b1089
YFJ10720.1	NP_415525.2	b4518
YFJ10707.1	YP_588446.1	b4517
YFJ09531.1	YP_588474.1	b4559
YFJ11069.1	YP_588451.1	b4526
YFJ10259.1	NP_415080.1	b0548
YFJ08372.1	YP_009518818.1	b4756
YFJ10989.1	YP_588450.2	b4523
YFJ10676.1	NP_415473.1	b0953
YFJ08932.1	NP_418093.1	b3636
YFJ08662.1	NP_417828.1	b3369
YFJ08655.1	NP_417821.1	b3362
YFJ11561.1	YP_009518772.1	b4742
YFJ10172.1	NP_414999.1	b0466
YFJ09716.1	NP_418761.1	b4341
YFJ08434.1	NP_417578.2	b3107
YFJ07563.1	YP_009518801.1	b4604
YFJ09741.1	YP_588479.2	b4568
YFJ07960.1	NP_417152.1	b2666
YFJ11293.1	NP_416080.1	b1562
YFJ11071.1	NP_416089.1	b1571
YFJ07901.1	YP_009518806.1	b4725
YFJ10314.1	YP_025295.1	b4415
YFJ09784.1	YP_025292.1	b4412
YFJ08848.1	YP_026229.1	b4455
YFJ10487.1	NP_415283.1	b0762
YFJ10253.1	YP_009518754.1	b4733
YFJ09551.1	YP_026284.1	b4411
YFJ08114.1	YP_009518810.1	b4610
YFJ11621.1	YP_009518802.1	b4605
YFJ09698.1	YP_009518831.1	b4721
YFJ07161.1	NP_416340.1	b1826
YFJ07159.1	NP_416338.1	b1824
YFJ11518.1	YP_588437.1	b4506
YFJ10262.1	YP_588439.1	b4509
YFJ09769.1	NP_418819.1	b4402
YFJ09055.1	NP_418158.1	b3703
YFJ11197.1	NP_415997.1	b1480
YFJ09647.1	NP_418667.1	b4246
YFJ08234.1	NP_417414.2	b2939
YFJ10540.1	YP_009029995.1	b4705
YFJ11583.1	YP_025303.1	b4409
YFJ11572.1	YP_009518784.1	b4747
YFJ09550.1	YP_026283.1	b4410
YFJ08181.1	YP_002791254.1	b4684
YFJ08607.1	NP_417758.1	b3299
YFJ11256.1	YP_009518787.1	b4748
YFJ10760.1	NP_415576.1	b1058
YFJ10467.1	YP_588444.1	b4515
YFJ10842.1	YP_009518767.1	b4739
YFJ09212.1	YP_002791260.1	b4686
YFJ11555.1	YP_025299.1	b4423
YFJ11554.1	YP_025298.1	b4421
YFJ11440.1	YP_588455.2	b4535
YFJ10438.1	YP_009518759.1	b4735
YFJ08829.1	YP_026227.1	b4453
YFJ07485.1	YP_588460.1	b4542
YFJ11001.1	YP_002791239.1	b4672
YFJ07122.1	NP_416302.2	b1788
YFJ10257.1	YP_001165308.1	b4588
YFJ09121.1	YP_009518827.1	b3782
YFJ09109.1	NP_418215.1	b3766
YFJ09027.1	NP_418128.1	b3672
YFJ07129.1	YP_002791242.1	b4676
YFJ11247.1	YP_001165319.1	b4599
YFJ11164.1	YP_001165318.1	b4598
YFJ10990.1	YP_009518771.1	b4741
YFJ10702.1	YP_001165313.1	b4592
YFJ11380.1	YP_001165321.1	b4602
YFJ10417.1	YP_588443.1	b4513
YFJ09515.1	YP_004831120.1	b4703
YFJ09028.1	YP_001165331.1	b4618
YFJ11598.1	YP_002791245.1	b4663
YFJ11531.1	YP_001491546.1	b4637
YFJ11505.1	NP_414617.1	b0075
YFJ11665.1	YP_001165328.2	b4613
YFJ11644.1	YP_009518813.1	b4754
YFJ11619.1	YP_002791249.1	b4679
YFJ11582.1	YP_001165320.1	b4601
YFJ11523.1	YP_009518750.1	b4732
YFJ11499.1	YP_009518832.1	b4722
YFJ11655.1	YP_002791258.1	b4685
YFJ11626.1	YP_002791251.1	b4687
YFJ11679.1	NP_418163.1	b3707
YFJ11590.1	YP_002791243.1	b4675
YFJ11643.1	YP_009518812.1	b4753
YFJ11622.1	YP_002791250.1	b4680
YFJ11594.1	YP_002791244.1	b4677
YFJ11537.1	YP_009518760.1	b4736
YFJ11513.1	YP_009518738.1	b4728
YFJ11501.1	NP_414542.1	b0001
YFJ11611.1	YP_002791246.1	b4678
YFJ11624.1	YP_001165325.1	b4606
YFJ11616.1	YP_002791247.1	b4667
YFJ11496.1	YP_003933616.1	b4702
YFJ11493.1	YP_002791261.1	b4670
YFJ11681.1	YP_002791259.1	b4669
YFJ11627.1	NP_417089.1	b2598
YFJ11586.1	NP_416230.1	b1715
YFJ11558.1	NP_415781.1	b1265
YFJ11549.1	YP_009518766.1	b4738
YFJ11506.1	YP_009518736.1	b4726
