NP_417015.1	YFJ07845.1	98.3	1653	0.0	3211
NP_416170.1	YFJ11375.1	97.1	1538	0.0	2892
NP_417134.2	YFJ07950.1	92.5	1526	0.0	2002
YP_026189.1	YFJ08288.1	92.0	1521	0.0	2737
NP_417679.2	YFJ11656.1	99.7	1486	0.0	2947
NP_415444.1	YFJ10647.1	99.6	1486	0.0	2745
NP_415030.1	YFJ08888.1	71.2	1422	0.0	1825
YP_026224.1	YFJ08888.1	96.3	1411	0.0	2550
NP_418415.1	YFJ09375.1	99.9	1407	0.0	2692
NP_415229.1	YFJ08888.1	94.4	1254	0.0	2175
NP_418050.1	YFJ08888.1	95.1	1250	0.0	2196
NP_418414.1	YFJ09374.1	100	1342	0.0	2622
NP_415410.1	YFJ10615.1	96.8	1356	0.0	2177
NP_415534.1	YFJ10727.1	99.2	1320	0.0	2546
NP_415931.4	YFJ11138.1	99.7	1300	0.0	2559
YP_026170.1	YFJ07884.1	99.4	1295	0.0	2578
NP_415118.1	YFJ10319.1	98.1	1293	0.0	2521
YP_026208.1	YFJ08556.1	98.8	1266	0.0	2540
NP_418642.1	YFJ09623.1	99.3	1259	0.0	2448
NP_416736.1	YFJ07586.1	80.6	1252	0.0	1896
NP_415742.1	YFJ10940.1	99.6	1247	0.0	2595
NP_415985.1	YFJ11186.1	99.6	1246	0.0	2607
NP_418443.1	YFJ09398.1	99.4	1227	0.0	2417
NP_416621.1	YFJ07474.1	93.4	1212	0.0	2277
NP_416871.1	YFJ07706.1	96.8	1197	0.0	2306
NP_417297.1	YFJ08103.1	98.6	1180	0.0	2314
NP_415896.1	YFJ11125.1	99.4	1174	0.0	2323
NP_414726.1	YFJ09945.1	100	1160	0.0	2301
YP_026226.4	YFJ08817.1	98.6	1157	0.0	2150
NP_415632.1	YFJ10816.1	99.1	1148	0.0	2244
NP_417299.1	YFJ08105.1	99.8	1122	0.0	2271
NP_415890.2	YFJ10290.1	60.3	1135	3.28e-83	289
NP_414998.1	YFJ10171.1	99.7	1120	0.0	2070
NP_418583.1	YFJ09561.1	99.1	1107	0.0	2034
NP_416571.1	YFJ07431.1	98.5	1105	0.0	2122
NP_417044.4	YFJ07876.1	98.4	1093	0.0	2231
NP_414574.1	YFJ09802.1	99.5	1073	0.0	2079
NP_415602.1	YFJ10787.1	96.4	1061	0.0	1674
NP_414995.1	YFJ10168.1	100	1049	0.0	1979
NP_414931.1	YFJ10104.1	94.6	1048	0.0	1802
NP_415107.1	YFJ10307.1	99.3	1047	0.0	2003
NP_416579.1	YFJ07438.1	99.6	1040	0.0	1899
NP_417971.1	YFJ08801.1	99.7	1037	0.0	1927
NP_416965.1	YFJ07791.1	99.9	1037	0.0	1965
NP_417732.1	YFJ08582.1	99.3	1034	0.0	1924
NP_417354.1	YFJ08172.1	98.8	1032	0.0	2090
YP_026199.1	YFJ08401.1	99.0	1030	0.0	2132
NP_416580.1	YFJ07439.1	99.3	1025	0.0	1899
NP_414878.1	YFJ10062.1	97.9	1024	0.0	2110
NP_416202.1	YFJ11409.1	99.1	1018	0.0	2025
NP_418330.1	YFJ09244.1	99.7	1016	0.0	2099
NP_415991.1	YFJ11191.1	99.6	1015	0.0	2088
NP_415100.1	YFJ10296.1	99.1	990	0.0	1951
NP_414601.1	YFJ09828.1	99.8	968	0.0	1892
NP_417298.1	YFJ08104.1	99.6	962	0.0	1884
NP_417379.1	YFJ08195.1	99.7	957	0.0	1881
NP_417357.1	YFJ08175.1	99.8	956	0.0	1918
NP_418679.1	YFJ09656.1	99.6	951	0.0	1895
NP_416722.2	YFJ07573.1	99.8	949	0.0	1852
NP_417525.1	YFJ08379.1	98.5	946	0.0	1829
NP_418482.1	YFJ09465.1	100	940	0.0	1873
NP_414567.1	YFJ09795.1	99.9	938	0.0	1921
NP_415254.1	YFJ10443.1	99.9	933	0.0	1883
NP_416011.1	YFJ11211.1	98.9	927	0.0	1753
NP_418300.1	YFJ09208.1	99.8	928	0.0	1801
NP_417266.1	YFJ08070.1	100	918	0.0	1777
YP_026225.1	YFJ08766.1	99.6	911	0.0	1757
NP_416786.4	YFJ07635.1	99.7	908	0.0	1834
NP_417877.1	YFJ08707.1	99.6	901	0.0	1764
NP_414640.1	YFJ09864.1	99.9	901	0.0	1719
NP_418663.1	YFJ09642.1	99.7	898	0.0	1751
NP_415223.1	YFJ10413.1	99.6	894	0.0	1729
NP_415792.1	YFJ10991.1	99.6	891	0.0	1778
NP_415757.1	YFJ10952.1	100	891	0.0	1725
NP_417637.1	YFJ08488.1	100	890	0.0	1444
NP_416720.1	YFJ07571.1	99.3	890	0.0	1700
NP_414709.1	YFJ09928.1	99.2	890	0.0	1771
NP_417241.1	YFJ08049.1	95.8	888	0.0	1750
NP_414656.1	YFJ09878.1	100	887	0.0	1797
NP_417079.1	YFJ07912.1	98.9	886	0.0	1717
NP_418391.1	YFJ09351.1	99.8	883	0.0	1739
NP_415899.1	YFJ11129.1	99.4	879	0.0	1772
NP_418737.1	YFJ09689.1	99.0	878	0.0	1758
NP_416348.2	YFJ07170.1	99.5	877	0.0	1701
NP_417177.1	YFJ07986.1	99.5	876	0.0	1688
NP_416734.1	YFJ07585.1	97.3	875	0.0	1549
NP_417990.4	YFJ08820.1	99.7	872	0.0	1766
NP_415452.1	YFJ10655.1	99.0	870	0.0	1729
NP_415065.1	YFJ10233.1	98.8	869	0.0	1745
NP_415866.1	YFJ11067.1	99.7	866	0.0	1740
NP_415460.1	YFJ10663.1	97.5	865	0.0	1680
NP_415790.1	YFJ10986.1	99.3	865	0.0	1711
NP_414681.1	YFJ09902.1	84.8	854	0.0	1489
NP_414660.1	YFJ09881.1	99.9	865	0.0	1722
NP_415175.1	YFJ10371.1	99.7	860	0.0	1752
NP_417083.1	YFJ07916.1	100	857	0.0	1620
NP_417213.1	YFJ08024.1	99.1	853	0.0	1634
NP_417855.4	YFJ08683.1	99.6	850	0.0	1686
NP_418250.1	YFJ09143.1	99.3	848	0.0	1724
NP_415517.1	YFJ10712.1	98.5	848	0.0	1714
NP_417824.1	YFJ08658.1	99.9	847	0.0	1706
NP_415567.1	YFJ10752.1	99.9	847	0.0	1707
NP_414691.1	YFJ09911.1	99.8	844	0.0	1568
NP_414825.1	YFJ10012.1	98.6	841	0.0	1623
NP_415017.1	YFJ10190.1	98.8	834	0.0	1543
YP_026278.1	YFJ09343.1	99.2	833	0.0	1613
NP_416884.1	YFJ07719.1	99.2	831	0.0	1603
NP_416710.1	YFJ07560.1	99.9	828	0.0	1699
NP_416612.1	YFJ07467.1	97.9	826	0.0	1636
NP_414543.1	YFJ09771.1	100	820	0.0	1589
NP_417886.1	YFJ08716.1	99.9	815	0.0	1639
NP_415414.4	YFJ10618.1	99.1	814	0.0	1655
NP_414756.2	YFJ09987.1	99.9	814	0.0	1610
NP_418600.4	YFJ09578.1	99.8	813	0.0	1548
NP_418375.1	YFJ09334.1	99.9	810	0.0	1595
NP_415344.1	YFJ10550.1	99.5	810	0.0	1623
NP_414719.1	YFJ09938.1	100	810	0.0	1646
NP_416386.4	YFJ07206.1	98.6	809	0.0	1625
NP_414690.4	YFJ09910.1	97.7	809	0.0	1523
NP_416104.1	YFJ11314.1	98.8	808	0.0	1626
NP_418465.4	YFJ11488.1	100	807	0.0	1593
NP_416105.4	YFJ11581.1	99.5	807	0.0	1643
NP_415543.1	YFJ10736.1	98.1	807	0.0	1617
YP_026241.1	YFJ09051.1	99.6	804	0.0	1579
NP_415029.1	YFJ10204.1	99.8	804	0.0	1535
NP_416006.4	YFJ11206.1	99.1	799	0.0	1578
YP_026218.1	YFJ08706.1	99.5	797	0.0	1613
NP_414666.1	YFJ09887.1	99.9	796	0.0	1593
NP_416228.1	YFJ11434.1	99.6	795	0.0	1563
NP_416217.1	YFJ11423.1	99.9	792	0.0	1557
NP_416012.1	YFJ11212.1	98.6	790	0.0	1582
NP_414973.1	YFJ10146.1	100	784	0.0	1503
NP_414596.1	YFJ09824.1	100	784	0.0	1615
NP_417551.1	YFJ08405.1	98.6	783	0.0	1600
NP_414602.1	YFJ09829.1	99.1	783	0.0	1598
NP_417989.1	YFJ08819.1	98.5	779	0.0	1531
YP_026207.1	YFJ08528.1	100	778	0.0	1449
NP_418007.3	YFJ08842.1	98.3	777	0.0	1579
NP_417868.1	YFJ08698.1	99.6	773	0.0	1478
NP_417866.4	YFJ08696.1	98.8	773	0.0	1481
NP_418113.1	YFJ08959.1	98.2	772	0.0	1610
NP_417014.1	YFJ07844.1	98.6	770	0.0	1549
NP_415925.2	YFJ11133.1	95.1	768	0.0	1403
NP_418386.1	YFJ09346.1	99.3	765	0.0	1502
NP_416636.1	YFJ07490.1	99.5	765	0.0	1500
YP_026205.1	YFJ08439.1	99.9	764	0.0	1526
NP_418779.2	YFJ09726.1	99.9	763	0.0	1548
NP_416737.1	YFJ07587.1	99.6	761	0.0	1419
NP_415423.1	YFJ10627.1	99.9	760	0.0	1517
NP_415326.1	YFJ10529.1	99.6	760	0.0	1508
NP_416958.1	YFJ07784.1	99.9	759	0.0	1466
NP_416624.1	YFJ07477.1	96.8	759	0.0	1483
NP_416018.1	YFJ11218.1	99.5	759	0.0	1518
NP_415403.1	YFJ10608.1	99.9	758	0.0	1454
NP_418541.2	YFJ11492.1	99.6	755	0.0	1553
NP_415832.1	YFJ11036.1	93.9	755	0.0	1455
NP_415433.4	YFJ10636.1	96.4	754	0.0	1512
YP_025308.1	YFJ11450.1	99.6	753	0.0	1504
NP_418273.1	YFJ09167.1	99.5	753	0.0	1520
NP_415292.2	YFJ10496.1	98.8	753	0.0	1484
NP_417491.1	YFJ08345.1	99.9	752	0.0	1451
NP_417342.1	YFJ08161.1	99.3	752	0.0	1486
NP_417192.1	YFJ08001.1	98.1	743	0.0	1412
NP_417306.1	YFJ08112.1	99.6	748	0.0	1412
NP_416998.1	YFJ07824.1	99.6	747	0.0	1461
NP_414692.1	YFJ09912.1	73.9	754	0.0	1096
NP_415116.1	YFJ10316.1	99.3	746	0.0	1512
NP_415101.1	YFJ10297.1	99.7	745	0.0	1467
NP_417264.1	YFJ08068.1	100	744	0.0	1491
NP_418533.1	YFJ09512.1	98.7	742	0.0	1428
NP_415329.4	YFJ10532.1	99.7	741	0.0	1408
NP_416146.1	YFJ11352.1	99.3	584	0.0	1071
YP_026196.1	YFJ08335.1	99.9	739	0.0	1509
NP_418370.1	YFJ09327.1	99.0	732	0.0	1468
NP_417926.1	YFJ08752.1	98.4	732	0.0	1343
NP_415220.1	YFJ10410.1	98.5	732	0.0	1477
NP_418288.1	YFJ09196.1	98.5	729	0.0	1420
NP_416896.4	YFJ07729.1	99.0	729	0.0	1423
NP_415620.1	YFJ10804.1	98.8	729	0.0	1457
NP_417890.1	YFJ08720.1	99.9	728	0.0	1552
NP_418377.1	YFJ09338.1	99.7	726	0.0	1463
NP_417450.1	YFJ08290.1	98.9	723	0.0	1437
NP_418258.1	YFJ09149.1	99.9	720	0.0	1429
NP_416564.4	YFJ07422.1	99.2	720	0.0	1349
NP_417313.1	YFJ08120.1	98.6	719	0.0	1410
NP_415480.2	YFJ10683.1	99.3	717	0.0	1405
NP_418774.2	YFJ09721.1	99.7	716	0.0	1407
NP_415320.1	YFJ10523.1	99.7	716	0.0	1412
NP_418555.1	YFJ09534.1	99.9	715	0.0	1456
NP_418503.1	YFJ09484.1	100	715	0.0	1456
NP_417392.1	YFJ08211.1	99.4	714	0.0	1379
NP_417161.1	YFJ07971.1	98.2	714	0.0	1397
NP_416843.1	YFJ07694.1	96.4	714	0.0	1353
NP_416800.1	YFJ07649.1	99.6	714	0.0	1358
NP_414728.1	YFJ09947.1	99.7	713	0.0	1457
NP_418659.1	YFJ09638.1	99.7	712	0.0	1447
NP_417857.1	YFJ08685.1	99.7	711	0.0	1412
NP_417633.4	YFJ08484.1	99.7	711	0.0	1343
NP_417440.4	YFJ08262.1	98.7	711	0.0	1433
NP_417799.1	YFJ08633.1	100	704	0.0	1389
NP_418107.1	YFJ08946.1	99.9	702	0.0	1369
NP_415468.1	YFJ10671.1	99.7	702	0.0	1411
NP_415130.1	YFJ10331.1	99.6	701	0.0	1330
NP_417817.2	YFJ08651.1	99.6	696	0.0	1354
NP_416188.1	YFJ11394.1	99.6	700	0.0	1449
NP_415968.1	YFJ11171.1	97.9	700	0.0	1392
NP_418453.1	YFJ09438.1	99.3	698	0.0	1424
NP_415504.1	YFJ09438.1	64.4	696	0.0	939
NP_417875.1	YFJ08705.1	98.8	693	0.0	1418
NP_418109.1	YFJ08948.1	99.0	693	0.0	1334
NP_417211.1	YFJ08020.1	99.3	692	0.0	1342
NP_416393.1	YFJ07210.1	99.7	692	0.0	1295
NP_418016.1	YFJ08850.1	99.7	689	0.0	1306
NP_416996.1	YFJ07822.1	100	688	0.0	1362
NP_417981.2	YFJ08811.1	99.4	686	0.0	1330
NP_416359.1	YFJ07180.1	99.1	686	0.0	1398
NP_415482.1	YFJ10685.1	99.4	684	0.0	1355
NP_418505.2	YFJ09486.1	98.4	683	0.0	1314
NP_416344.1	YFJ07166.1	99.6	682	0.0	1312
NP_415225.1	YFJ10415.1	99.1	682	0.0	1259
NP_416056.1	YFJ11251.1	98.1	681	0.0	1342
NP_417955.1	YFJ08777.1	99.9	680	0.0	1384
NP_418314.1	YFJ09226.1	98.8	678	0.0	1425
NP_417616.1	YFJ08467.1	97.1	678	0.0	1264
NP_416617.1	YFJ07472.1	99.6	677	0.0	1374
NP_414848.1	YFJ10035.1	99.9	677	0.0	1333
NP_418028.1	YFJ08863.1	97.2	676	0.0	1382
YP_026251.1	YFJ09117.1	99.7	673	0.0	1318
NP_415300.1	YFJ10504.1	100	673	0.0	1289
NP_417552.1	YFJ08406.1	98.8	672	0.0	1318
NP_416977.1	YFJ07804.1	98.5	672	0.0	1233
NP_415542.1	YFJ10735.1	96.4	672	0.0	1323
NP_416969.1	YFJ07796.1	95.2	671	0.0	1295
NP_416906.1	YFJ07741.1	99.7	671	0.0	1305
NP_416986.4	YFJ07813.1	99.3	670	0.0	1305
NP_416162.1	YFJ11367.1	99.4	670	0.0	1305
NP_416827.4	YFJ07676.1	96.9	668	0.0	1328
NP_416960.1	YFJ07786.1	100	667	0.0	1353
YP_026188.1	YFJ08229.1	99.8	663	0.0	1315
NP_414965.1	YFJ10138.1	100	663	0.0	1337
NP_417986.4	YFJ08816.1	99.2	662	0.0	1243
NP_418507.2	YFJ09489.1	86.2	661	0.0	1161
NP_415801.1	YFJ11000.1	99.1	661	0.0	1285
NP_416758.1	YFJ07609.1	97.6	660	0.0	1320
NP_414695.1	YFJ09915.1	98.5	660	0.0	1221
NP_416963.1	YFJ07789.1	99.2	659	0.0	1339
NP_417413.1	YFJ08233.1	99.8	658	0.0	1312
NP_417889.1	YFJ08719.1	99.2	657	0.0	1389
NP_417707.1	YFJ08551.1	99.5	655	0.0	1257
NP_416402.1	YFJ07222.1	99.2	654	0.0	1214
NP_416277.1	YFJ11479.1	97.4	652	0.0	1270
NP_415952.2	YFJ11155.1	98.8	653	0.0	1297
NP_418493.1	YFJ09475.1	99.2	652	0.0	1339
NP_416574.1	YFJ07434.1	94.7	642	0.0	1210
NP_415400.1	YFJ10605.1	99.4	648	0.0	1219
NP_415205.1	YFJ10398.1	96.8	648	0.0	1187
NP_418634.1	YFJ09616.1	99.7	647	0.0	1293
NP_416700.1	YFJ07550.1	100	647	0.0	1266
NP_417718.1	YFJ08562.1	98.1	646	0.0	1250
NP_418809.4	YFJ09759.1	99.8	645	0.0	1281
NP_417645.1	YFJ08496.1	100	644	0.0	1253
NP_416297.1	YFJ07117.1	100	644	0.0	1283
NP_415802.1	YFJ11002.1	99.8	644	0.0	1276
NP_415003.1	YFJ10176.1	99.7	643	0.0	1203
NP_416234.1	YFJ11438.1	100	642	0.0	1322
NP_417363.2	YFJ08179.1	99.1	639	0.0	1288
NP_415719.2	YFJ10893.1	98.6	638	0.0	1220
NP_414555.1	YFJ09782.1	100	638	0.0	1206
NP_418056.1	YFJ08896.1	98.9	637	0.0	1206
NP_417811.1	YFJ08645.1	99.1	637	0.0	1179
NP_416322.1	YFJ07143.1	99.8	636	0.0	1244
NP_415469.1	YFJ10672.1	99.5	635	0.0	1212
NP_415168.1	YFJ10365.1	100	633	0.0	1279
NP_418422.1	YFJ09380.1	98.6	631	0.0	1276
NP_415784.1	YFJ10978.1	95.5	617	0.0	1215
NP_417502.1	YFJ08359.1	99.8	630	0.0	1252
NP_414657.1	YFJ09879.1	98.7	630	0.0	1077
NP_418197.1	YFJ09092.1	99.8	629	0.0	1224
NP_417631.2	YFJ08482.1	100	629	0.0	1059
NP_414869.1	YFJ10054.1	98.9	628	0.0	1262
NP_415006.1	YFJ10179.1	100	624	0.0	1216
NP_415350.2	YFJ11538.1	98.7	623	0.0	1177
NP_414975.1	YFJ10148.1	99.8	623	0.0	1089
YP_026244.1	YFJ09098.1	99.8	622	0.0	1211
NP_414954.1	YFJ10127.1	99.7	620	0.0	1239
NP_414589.1	YFJ09816.1	99.4	620	0.0	1142
NP_417462.1	YFJ08309.1	99.7	619	0.0	1280
NP_416280.1	YFJ11482.1	99.4	618	0.0	1202
NP_416568.1	YFJ07428.1	99.4	617	0.0	1194
NP_414659.1	YFJ09880.1	96.1	617	1.08e-312	858
YP_026248.1	YFJ09113.1	99.7	616	0.0	1199
NP_417021.1	YFJ07853.1	99.8	616	0.0	1154
NP_418591.1	YFJ09569.1	98.5	615	0.0	1187
NP_415445.1	YFJ10648.1	99.3	615	0.0	1216
NP_414942.1	YFJ10115.1	100	615	0.0	1142
YP_009518800.1	YFJ07479.1	96.1	614	0.0	1176
NP_418401.1	YFJ09362.1	99.5	614	0.0	1250
NP_418047.1	YFJ08885.1	99.0	614	0.0	1219
NP_417539.1	YFJ08393.1	99.7	613	0.0	1105
NP_416781.1	YFJ07630.1	99.8	613	0.0	1186
NP_416795.1	YFJ07644.1	99.7	610	0.0	1132
NP_416423.4	YFJ07249.1	100	610	0.0	1202
YP_026263.3	YFJ11685.1	99.3	609	0.0	1209
NP_418185.1	YFJ09080.1	99.7	609	0.0	1180
NP_417296.1	YFJ08102.1	99.7	608	0.0	1179
NP_417203.1	YFJ08012.1	99.3	608	0.0	1148
NP_416723.1	YFJ07574.1	99.3	608	0.0	1159
YP_026274.1	YFJ09216.1	100	607	0.0	1192
NP_418674.2	YFJ09651.1	65.0	612	9.89e-253	702
NP_416682.4	YFJ07534.1	98.8	604	0.0	1229
NP_414937.2	YFJ10110.1	98.2	604	0.0	1253
NP_416365.1	YFJ07186.1	100	603	0.0	1198
NP_418578.1	YFJ09558.1	99.3	602	0.0	1204
NP_417809.1	YFJ08644.1	99.5	601	0.0	1116
NP_417244.1	YFJ08052.1	98.5	599	0.0	1164
NP_417064.1	YFJ07896.1	100	599	0.0	1175
NP_415740.1	YFJ10938.1	99.8	598	0.0	1138
NP_415492.1	YFJ10695.1	100	597	0.0	1249
NP_416789.2	YFJ07638.1	99.7	596	0.0	1221
NP_415040.1	YFJ10209.1	99.5	593	0.0	1165
NP_414983.1	YFJ10156.1	99.7	593	0.0	1101
NP_417345.1	YFJ08164.1	99.3	592	0.0	1144
NP_417282.1	YFJ08085.1	99.8	591	0.0	1200
NP_416380.1	YFJ07200.1	99.5	590	0.0	1159
NP_414982.1	YFJ10155.1	98.8	590	0.0	1120
NP_418121.1	YFJ09021.1	99.0	588	0.0	1153
NP_415407.1	YFJ10612.1	99.3	588	0.0	1123
NP_415251.1	YFJ10441.1	100	588	0.0	1182
NP_414626.1	YFJ09850.1	99.7	588	0.0	1151
NP_416693.1	YFJ07545.1	100	586	0.0	1161
NP_416689.1	YFJ07541.1	99.3	586	0.0	1188
NP_415475.1	YFJ10678.1	98.6	586	0.0	1146
NP_415425.4	YFJ10628.1	99.8	586	0.0	1182
NP_415928.1	YFJ11136.1	97.4	585	0.0	1152
NP_418333.1	YFJ09247.1	95.7	582	0.0	1102
NP_415434.1	YFJ10637.1	100	582	0.0	1091
NP_417538.1	YFJ08392.1	100	581	0.0	1163
NP_417904.1	YFJ08730.1	98.3	581	0.0	1122
NP_418440.1	YFJ09396.1	99.3	573	0.0	1166
NP_415709.2	YFJ10878.1	99.0	578	0.0	1082
NP_415315.4	YFJ10519.1	99.7	578	0.0	1150
NP_418641.1	YFJ09622.1	99.7	577	0.0	1170
NP_418390.1	YFJ09350.1	99.3	577	0.0	1162
NP_417368.1	YFJ08185.1	99.0	577	0.0	1134
NP_416390.1	YFJ07209.1	99.8	577	0.0	1135
NP_416911.1	YFJ07746.1	99.8	575	0.0	1086
NP_416773.1	YFJ07625.1	86.1	588	0.0	954
YP_025294.2	YFJ09844.1	99.1	574	0.0	1132
NP_417861.1	YFJ08689.1	95.8	574	0.0	1068
NP_415406.1	YFJ10611.1	99.1	573	0.0	1062
NP_415392.1	YFJ10597.1	99.3	572	0.0	1125
NP_414736.1	YFJ09956.1	98.1	572	0.0	1100
NP_418135.1	YFJ09034.1	98.9	571	0.0	1100
NP_416637.1	YFJ07491.1	99.5	571	0.0	1156
NP_417243.1	YFJ08051.1	99.6	570	0.0	1154
NP_418112.1	YFJ08951.1	98.4	566	0.0	1101
NP_417201.1	YFJ08010.1	100	569	0.0	1163
NP_417468.1	YFJ08315.1	100	567	0.0	1159
NP_416964.1	YFJ07790.1	99.5	566	0.0	1083
NP_416216.5	YFJ11422.1	98.2	548	0.0	1096
NP_414979.1	YFJ10152.1	98.9	566	0.0	1162
NP_414605.1	YFJ09832.1	98.9	566	0.0	1125
NP_418559.1	YFJ09538.1	98.8	565	0.0	1095
NP_416881.1	YFJ07716.1	100	565	0.0	1099
NP_415996.2	YFJ11196.1	99.6	565	0.0	1119
NP_415715.1	YFJ10889.1	97.0	565	0.0	1127
NP_416874.1	YFJ07709.1	99.8	564	0.0	1098
NP_416465.2	YFJ07284.1	98.6	564	0.0	1094
NP_418002.2	YFJ08837.1	99.6	563	0.0	1123
NP_416672.1	YFJ07523.1	99.8	563	0.0	972
NP_418127.1	YFJ09026.1	98.8	562	0.0	1094
NP_416733.4	YFJ07584.1	97.3	562	0.0	1093
NP_416630.1	YFJ07483.1	99.8	561	0.0	1077
NP_416319.1	YFJ07140.1	99.8	561	0.0	1114
NP_416013.1	YFJ11213.1	98.8	561	0.0	1103
NP_415368.1	YFJ10574.1	100	561	0.0	1068
NP_418104.2	YFJ11670.1	96.3	560	0.0	1109
NP_417449.1	YFJ08289.1	100	560	0.0	1060
NP_416015.2	YFJ11215.1	99.8	560	0.0	1132
NP_417995.1	YFJ08825.1	98.7	559	0.0	1095
NP_415825.4	YFJ11029.1	94.6	559	0.0	1083
NP_415724.2	YFJ11552.1	99.8	550	0.0	994
NP_415011.1	YFJ10184.1	99.6	558	0.0	1007
NP_415431.1	YFJ10634.1	100	557	0.0	1068
NP_415226.1	YFJ10416.1	97.8	557	0.0	1041
NP_416767.1	YFJ07619.1	99.1	556	0.0	1110
NP_415183.1	YFJ10379.1	98.0	556	0.0	1054
NP_414845.1	YFJ10032.1	98.0	556	0.0	1143
NP_418808.1	YFJ09758.1	100	555	0.0	1090
NP_416982.1	YFJ07809.1	96.5	571	0.0	1111
NP_415051.1	YFJ10219.1	97.3	555	0.0	1025
NP_415206.1	YFJ10399.1	99.8	554	0.0	1144
NP_415200.1	YFJ10393.1	100	554	0.0	1134
NP_414881.1	YFJ10065.1	99.1	554	0.0	1118
YP_026172.1	YFJ07935.1	98.9	553	0.0	1043
NP_418140.4	YFJ09039.1	99.8	553	0.0	1044
NP_417523.1	YFJ08377.1	99.5	553	4.85e-300	820
NP_416400.1	YFJ07220.1	99.5	553	1.87e-318	867
NP_418498.1	YFJ11489.1	98.2	551	0.0	1058
NP_416448.1	YFJ07269.1	100	552	0.0	1043
NP_415397.1	YFJ10602.1	99.8	552	0.0	1096
NP_415152.1	YFJ10350.1	98.9	552	0.0	1058
NP_418775.1	YFJ09722.1	98.4	554	2.56e-311	849
NP_418660.1	YFJ09639.1	98.2	551	0.0	1162
NP_418245.1	YFJ09137.1	98.4	551	0.0	1108
NP_418060.1	YFJ08902.1	99.8	551	0.0	1063
NP_415941.5	YFJ11146.1	99.5	551	0.0	1145
NP_414611.1	YFJ09838.1	97.5	551	0.0	1112
NP_416760.1	YFJ07611.1	98.5	550	0.0	1082
NP_415394.4	YFJ10599.1	98.9	550	0.0	1101
NP_418491.1	YFJ09473.1	99.5	549	0.0	1027
NP_418489.1	YFJ09472.1	99.5	549	0.0	1014
NP_418449.1	YFJ09434.1	99.6	549	0.0	1106
NP_417976.1	YFJ08806.1	100	549	0.0	1142
NP_416730.1	YFJ07581.1	98.2	549	0.0	1087
NP_418567.1	YFJ09545.1	100	535	0.0	988
NP_418546.1	YFJ09524.1	99.1	548	0.0	1102
NP_418161.1	YFJ09058.1	99.8	548	0.0	1076
NP_416714.1	YFJ07565.1	99.6	548	0.0	1061
NP_416129.1	YFJ11338.1	99.8	548	0.0	1105
NP_418538.2	YFJ09518.1	99.5	547	0.0	1082
NP_416715.1	YFJ07566.1	99.6	547	0.0	1055
NP_416491.3	YFJ07314.1	99.6	495	0.0	967
NP_415810.1	YFJ11014.1	99.6	547	0.0	1096
NP_415600.1	YFJ10783.1	99.5	547	0.0	1006
NP_414824.1	YFJ10011.1	98.9	547	0.0	1094
NP_418279.1	YFJ09187.1	99.8	546	0.0	1107
NP_415938.1	YFJ11143.1	99.3	546	1.20e-280	771
NP_415471.1	YFJ10674.1	99.8	546	0.0	1064
NP_415214.1	YFJ10407.1	99.6	546	0.0	1078
NP_417260.1	YFJ08064.1	100	545	0.0	1086
NP_418549.1	YFJ09527.1	99.6	543	0.0	1018
NP_418444.1	YFJ09399.1	99.8	543	0.0	982
NP_415759.1	YFJ10955.1	99.3	543	0.0	1095
NP_416744.1	YFJ07595.1	99.8	542	0.0	1074
NP_418608.6	YFJ09586.1	99.1	541	0.0	1083
NP_417641.4	YFJ08492.1	98.9	541	0.0	1058
NP_417351.1	YFJ08169.1	99.6	541	0.0	1049
NP_417945.1	YFJ08769.1	95.4	540	0.0	1040
NP_417862.1	YFJ08690.1	99.6	540	0.0	1102
NP_417069.1	YFJ07902.1	98.9	540	0.0	1095
NP_415845.2	YFJ11047.1	99.8	537	0.0	1082
NP_415126.1	YFJ10327.1	98.7	536	0.0	1053
NP_414609.1	YFJ09835.1	98.1	536	0.0	1014
NP_418001.1	YFJ08835.1	99.8	535	0.0	1088
NP_417492.1	YFJ08346.1	98.1	535	0.0	1063
NP_416183.1	YFJ11389.1	97.8	534	0.0	1041
NP_418438.1	YFJ09394.1	99.2	533	0.0	1064
NP_416399.1	YFJ07219.1	97.7	533	1.42e-312	850
NP_417880.1	YFJ08709.1	96.4	532	0.0	1016
NP_416329.4	YFJ07149.1	99.1	532	0.0	1045
NP_416209.1	YFJ11416.1	99.4	531	0.0	1046
NP_415779.1	YFJ10974.1	99.8	531	0.0	1028
NP_416138.1	YFJ11344.1	99.8	530	0.0	1030
NP_415341.1	YFJ10544.1	99.8	530	0.0	1035
NP_418792.1	YFJ09739.1	100	529	0.0	1055
NP_418434.1	YFJ09391.1	99.2	529	0.0	1020
NP_416685.1	YFJ07537.1	99.1	529	0.0	1001
NP_418485.1	YFJ09468.1	98.3	528	0.0	1037
NP_414864.1	YFJ10050.1	99.1	528	0.0	1017
NP_416567.4	YFJ11615.1	99.8	527	0.0	987
NP_415336.1	YFJ10539.1	100	527	0.0	1058
NP_416981.1	YFJ07808.1	97.9	526	0.0	957
NP_417002.1	YFJ07829.1	100	525	0.0	1063
NP_417933.1	YFJ08759.1	98.7	524	0.0	1040
NP_417993.1	YFJ08823.1	98.5	523	0.0	1040
NP_417597.1	YFJ08450.1	99.2	523	0.0	980
NP_414616.1	YFJ09842.1	99.6	523	0.0	1007
NP_415261.2	YFJ11533.1	100	522	0.0	1019
NP_415139.2	YFJ10340.1	99.6	521	0.0	1019
NP_415780.1	YFJ10975.1	98.1	520	0.0	997
NP_417173.1	YFJ07983.1	100	518	0.0	1045
NP_417053.2	YFJ07885.1	99.8	518	0.0	1018
NP_416681.1	YFJ07533.1	98.6	518	0.0	1020
NP_416330.1	YFJ07150.1	100	518	0.0	981
NP_414579.4	YFJ09806.1	98.5	517	0.0	1045
NP_418797.1	YFJ09745.1	99.0	516	0.0	1029
NP_416004.1	YFJ11204.1	98.8	516	0.0	1028
NP_414990.2	YFJ10163.1	98.4	516	0.0	1018
NP_414665.1	YFJ09886.1	99.2	516	0.0	1022
NP_418588.1	YFJ09566.1	98.4	515	0.0	1002
NP_414854.1	YFJ10041.1	98.1	515	0.0	979
NP_418457.1	YFJ09442.1	99.6	514	0.0	1018
NP_418220.1	YFJ11682.1	99.6	514	0.0	1011
NP_418069.1	YFJ08911.1	99.6	514	0.0	1009
NP_415984.1	YFJ11185.1	99.6	514	0.0	1075
NP_415497.1	YFJ10700.1	99.2	514	0.0	1011
NP_418190.1	YFJ09085.1	100	513	0.0	983
NP_418024.1	YFJ08859.1	99.2	513	0.0	988
NP_416997.1	YFJ07823.1	99.8	513	0.0	1006
NP_415839.1	YFJ11043.1	99.6	513	0.0	1008
NP_415704.1	YFJ10870.1	99.0	513	0.0	946
NP_418557.1	YFJ09536.1	99.4	512	0.0	1007
NP_418045.4	YFJ08882.1	99.6	512	0.0	1030
NP_417171.1	YFJ07981.1	99.8	512	0.0	994
NP_416868.1	YFJ07703.1	100	512	0.0	990
NP_415743.1	YFJ10941.1	100	512	0.0	1067
NP_415351.1	YFJ10556.1	99.2	512	0.0	1013
NP_415190.1	YFJ10386.1	99.6	512	0.0	1021
NP_416269.4	YFJ11472.1	97.1	511	0.0	946
NP_416009.1	YFJ11209.1	99.6	511	0.0	968
NP_415587.1	YFJ10770.1	99.8	511	0.0	951
NP_415566.1	YFJ11547.1	99.6	511	0.0	1043
NP_418511.1	YFJ09493.1	98.2	510	0.0	984
NP_416120.1	YFJ11329.1	99.8	510	0.0	972
NP_415706.1	YFJ10872.1	99.6	510	0.0	1046
NP_415148.1	YFJ10346.1	99.4	510	0.0	988
NP_416780.1	YFJ07629.1	99.8	509	0.0	996
NP_415852.2	YFJ11053.1	99.8	508	0.0	959
NP_415076.1	YFJ10254.1	99.8	508	0.0	996
NP_415686.2	YFJ10850.1	98.4	507	0.0	982
NP_418214.2	YFJ09108.1	98.6	506	0.0	973
NP_417543.1	YFJ08397.1	99.8	506	4.64e-309	839
NP_416801.2	YFJ07650.1	99.8	506	0.0	970
NP_416654.1	YFJ07506.1	99.6	506	0.0	984
NP_418553.1	YFJ09532.1	99.4	505	0.0	989
NP_417366.1	YFJ08183.1	100	505	0.0	998
NP_416815.1	YFJ07664.1	99.8	505	0.0	994
NP_414702.1	YFJ09922.1	99.8	505	0.0	1016
NP_417189.2	YFJ07998.1	98.4	504	0.0	959
NP_416413.1	YFJ07230.1	100	504	0.0	984
NP_414582.1	YFJ09809.1	99.8	504	0.0	1017
NP_418681.1	YFJ09657.1	100	503	0.0	997
NP_417042.1	YFJ07874.1	99.0	503	0.0	956
NP_418361.1	YFJ09318.1	100	502	0.0	1011
NP_417240.1	YFJ08048.1	97.8	502	0.0	1016
NP_416131.1	YFJ11340.1	98.8	502	0.0	954
NP_415535.1	YFJ10729.1	99.6	501	0.0	959
NP_418205.1	YFJ09100.1	100	501	0.0	971
NP_417884.1	YFJ08713.1	98.4	501	0.0	1006
YP_026286.1	YFJ09629.1	98.8	500	0.0	945
NP_418684.1	YFJ09660.1	99.0	500	0.0	971
NP_418580.2	YFJ09560.1	98.0	500	0.0	955
NP_418535.1	YFJ09514.1	100	500	0.0	964
NP_418124.4	YFJ09023.1	98.8	500	0.0	962
NP_416151.1	YFJ11357.1	99.8	500	0.0	955
NP_414604.1	YFJ09831.1	99.6	500	0.0	1029
NP_417950.1	YFJ08772.1	100	499	0.0	947
NP_417461.1	YFJ08308.1	99.2	499	0.0	942
NP_417453.1	YFJ08294.1	99.8	499	0.0	999
NP_415970.4	YFJ11173.1	100	499	0.0	964
NP_418202.4	YFJ09097.1	98.8	498	0.0	956
NP_418037.1	YFJ08872.1	97.8	498	0.0	1011
NP_417984.1	YFJ08814.1	99.2	498	0.0	974
NP_418285.1	YFJ09193.1	100	497	0.0	1030
NP_418134.1	YFJ09033.1	98.8	497	0.0	1044
NP_417921.1	YFJ08747.1	94.8	498	8.44e-300	815
NP_417691.4	YFJ08535.1	99.4	496	0.0	972
NP_416300.2	YFJ07120.1	99.8	496	0.0	965
NP_417638.1	YFJ08489.1	99.8	495	0.0	936
NP_417562.1	YFJ08415.1	99.6	495	0.0	993
NP_416437.1	YFJ07264.1	99.4	495	0.0	1039
NP_416198.2	YFJ11405.1	99.8	495	0.0	1003
NP_415816.1	YFJ11020.1	98.4	495	0.0	958
NP_414627.1	YFJ09851.1	99.6	495	0.0	983
YP_026252.1	YFJ09118.1	99.4	494	0.0	953
NP_417785.1	YFJ08283.1	60.0	460	2.05e-188	533
NP_417507.2	YFJ08364.1	100	493	0.0	916
NP_415237.1	YFJ10421.1	98.8	493	0.0	960
NP_417395.1	YFJ08214.1	99.4	492	0.0	968
NP_417256.1	YFJ08060.1	98.6	492	0.0	1007
NP_416550.1	YFJ07409.1	96.7	492	0.0	889
NP_416260.1	YFJ11464.1	97.2	492	0.0	952
NP_418222.1	YFJ09115.1	99.6	491	0.0	970
NP_416366.1	YFJ07187.1	100	491	0.0	995
NP_416299.1	YFJ07119.1	98.4	491	0.0	923
NP_414967.1	YFJ10140.1	99.6	491	0.0	950
NP_414633.1	YFJ09857.1	99.8	491	0.0	968
NP_417006.2	YFJ07836.1	99.8	490	0.0	954
NP_415281.1	YFJ10485.1	97.8	489	0.0	941
NP_414846.1	YFJ10033.1	99.0	490	0.0	954
NP_418340.1	YFJ09255.1	97.8	489	0.0	968
NP_417953.1	YFJ08775.1	99.6	489	0.0	942
NP_417713.2	YFJ08557.1	100	489	0.0	947
NP_416661.1	YFJ07512.1	99.8	489	0.0	962
NP_418504.1	YFJ09485.1	98.0	488	0.0	901
NP_417003.1	YFJ07830.1	100	488	0.0	919
NP_416677.1	YFJ07529.1	97.7	488	0.0	964
NP_417535.1	YFJ08389.1	99.0	487	0.0	931
NP_416989.1	YFJ07816.1	100	487	0.0	927
NP_415145.1	YFJ10343.1	99.8	487	0.0	954
NP_418743.1	YFJ09695.1	99.6	486	0.0	979
NP_416060.1	YFJ11255.1	97.5	486	0.0	948
NP_415765.1	YFJ10961.1	100	486	0.0	966
NP_415647.1	YFJ10831.1	99.8	486	0.0	934
YP_026182.1	YFJ08003.1	98.8	485	0.0	884
NP_418554.1	YFJ09533.1	99.2	485	0.0	931
NP_416779.2	YFJ07628.1	99.8	485	0.0	914
NP_415881.1	YFJ11565.1	100	485	0.0	958
NP_414772.1	YFJ10001.1	99.6	485	0.0	964
YP_026183.1	YFJ08058.1	99.2	484	0.0	979
NP_418021.1	YFJ08856.1	98.3	484	0.0	943
NP_416489.1	YFJ07312.1	99.6	484	0.0	983
NP_415044.4	YFJ10212.1	97.7	484	0.0	923
YP_026273.1	YFJ09199.1	99.8	483	0.0	944
YP_026243.1	YFJ09096.1	100	483	0.0	931
YP_025302.1	YFJ11233.1	99.6	483	0.0	969
NP_418335.4	YFJ09249.1	99.6	483	0.0	924
NP_417724.4	YFJ08575.1	99.4	483	0.0	882
NP_415182.1	YFJ10378.1	96.7	483	0.0	944
NP_414868.1	YFJ10053.1	99.0	483	0.0	956
NP_417364.2	YFJ08180.1	100	482	0.0	908
NP_417147.1	YFJ07955.1	98.3	482	0.0	927
NP_414957.1	YFJ10130.1	99.8	482	0.0	949
NP_417711.1	YFJ08555.1	99.6	481	0.0	922
NP_416315.1	YFJ07136.1	99.8	481	0.0	957
NP_415853.1	YFJ11054.1	97.7	481	0.0	952
NP_416368.1	YFJ07189.1	100	480	0.0	910
NP_415102.1	YFJ10303.1	97.9	479	0.0	907
NP_417377.1	YFJ08194.1	99.2	477	0.0	1007
NP_417190.1	YFJ07999.1	99.4	479	0.0	983
NP_416979.1	YFJ07806.1	99.4	479	0.0	907
NP_416349.2	YFJ07171.1	98.1	479	0.0	959
NP_415933.1	YFJ11140.1	99.2	479	0.0	927
NP_418562.4	YFJ09541.1	100	478	0.0	945
NP_418494.1	YFJ09476.1	100	478	0.0	991
NP_416553.1	YFJ07412.1	99.6	478	0.0	952
NP_416221.1	YFJ11427.1	97.9	478	0.0	944
YP_026200.1	YFJ08403.1	99.8	477	0.0	909
NP_417887.1	YFJ08717.1	100	477	0.0	964
NP_417669.1	YFJ08520.1	99.6	477	1.53e-297	808
NP_417649.1	YFJ08500.1	100	477	0.0	894
NP_417524.1	YFJ08378.1	99.6	477	0.0	915
NP_415619.1	YFJ10803.1	100	477	0.0	921
NP_415291.1	YFJ10495.1	99.4	477	0.0	906
NP_418298.4	YFJ09206.1	97.1	476	0.0	901
NP_415419.2	YFJ10623.1	99.6	476	0.0	926
NP_415390.4	YFJ10595.1	98.5	476	0.0	947
NP_414548.1	YFJ09776.1	99.2	476	0.0	914
NP_418276.1	YFJ09184.1	100	475	0.0	885
NP_418210.1	YFJ09104.1	100	475	0.0	882
NP_417231.1	YFJ08039.1	99.4	475	0.0	929
NP_417051.2	YFJ07883.1	99.8	475	3.40e-320	865
NP_416515.1	YFJ07380.1	99.6	475	0.0	981
NP_415179.1	YFJ10375.1	94.7	475	0.0	909
NP_414841.1	YFJ10029.1	99.8	475	0.0	956
NP_418816.1	YFJ09766.1	99.6	474	0.0	911
NP_417196.1	YFJ08004.1	97.7	474	0.0	964
NP_416924.1	YFJ07758.1	99.8	474	0.0	921
NP_416410.1	YFJ07228.1	99.4	474	0.0	956
NP_415961.1	YFJ11163.1	98.5	474	0.0	933
NP_415194.1	YFJ10390.1	100	474	0.0	946
NP_414703.1	YFJ09923.1	99.6	474	0.0	877
NP_414658.1	YFJ11509.1	100	474	0.0	936
NP_418661.1	YFJ09640.1	99.4	473	0.0	916
NP_415564.2	YFJ10750.1	99.6	473	0.0	945
NP_414697.1	YFJ09917.1	99.8	473	0.0	898
NP_417680.1	YFJ08530.1	99.2	472	0.0	956
NP_417318.1	YFJ08125.1	100	472	0.0	902
NP_417283.2	YFJ08086.1	99.4	472	0.0	941
NP_416470.1	YFJ07289.1	99.6	472	0.0	959
NP_415813.4	YFJ11017.1	100	472	0.0	953
NP_415716.4	YFJ10890.1	98.1	472	0.0	886
NP_415236.1	YFJ10420.1	95.3	471	0.0	938
NP_414855.1	YFJ10042.1	99.4	472	0.0	940
NP_418476.1	YFJ09459.1	100	471	0.0	909
NP_418164.4	YFJ09060.1	100	471	0.0	946
NP_416899.1	YFJ07732.1	99.6	471	0.0	957
NP_416581.1	YFJ07440.1	98.5	471	0.0	873
NP_414917.2	YFJ10093.1	99.4	471	0.0	915
NP_418760.1	YFJ09715.1	98.9	470	0.0	933
NP_418629.1	YFJ09612.1	98.7	470	0.0	883
NP_417563.1	YFJ08416.1	100	470	0.0	973
NP_417489.1	YFJ08343.1	99.8	470	0.0	956
NP_416191.1	YFJ11398.1	100	470	0.0	899
NP_418306.1	YFJ09215.1	100	469	0.0	941
NP_418304.1	YFJ09213.1	99.6	469	0.0	916
NP_416533.1	YFJ07398.1	99.6	468	0.0	917
NP_416434.1	YFJ07261.1	72.8	471	1.77e-203	569
NP_415956.1	YFJ11158.1	99.6	468	0.0	917
NP_415207.1	YFJ10400.1	98.9	468	0.0	971
YP_026275.1	YFJ09224.1	99.4	467	0.0	921
NP_418157.1	YFJ09054.1	100	467	0.0	912
NP_416950.1	YFJ07774.1	98.7	467	4.66e-319	861
NP_416946.1	YFJ07770.1	98.1	467	0.0	889
NP_416582.1	YFJ07441.1	97.6	467	0.0	901
NP_416128.1	YFJ11337.1	99.8	467	0.0	912
NP_418397.2	YFJ09359.1	99.8	466	0.0	941
NP_417974.1	YFJ08804.1	100	466	0.0	974
NP_417358.2	YFJ08176.1	99.8	466	0.0	871
NP_417149.1	YFJ07957.1	99.4	466	0.0	885
NP_416010.1	YFJ11210.1	100	466	0.0	972
NP_415450.1	YFJ10653.1	100	466	0.0	939
NP_414614.1	YFJ09840.1	100	466	0.0	926
NP_418614.4	YFJ09592.1	99.8	465	0.0	889
NP_418431.1	YFJ09388.1	85.2	465	3.09e-273	745
NP_417975.1	YFJ08805.1	99.6	465	0.0	951
NP_415837.1	YFJ11041.1	99.4	465	0.0	949
NP_414685.4	YFJ11511.1	100	465	0.0	918
NP_417418.1	YFJ08238.1	100	464	0.0	896
NP_416551.1	YFJ07410.1	99.4	464	0.0	924
NP_416547.1	YFJ07406.1	97.2	464	0.0	904
NP_415738.2	YFJ10936.1	99.1	464	0.0	940
NP_418122.1	YFJ09022.1	100	463	0.0	901
NP_418111.1	YFJ08950.1	100	463	0.0	867
NP_418048.1	YFJ08886.1	99.1	463	1.22e-319	862
NP_416243.1	YFJ11447.1	99.8	462	2.88e-311	841
NP_415741.1	YFJ10939.1	99.6	463	0.0	906
NP_417408.1	YFJ08226.1	100	462	0.0	895
NP_416119.1	YFJ11328.1	100	462	0.0	875
NP_416042.2	YFJ11237.1	98.9	462	0.0	906
NP_415986.1	YFJ11187.1	99.6	462	0.0	889
YP_026258.1	YFJ09135.1	99.8	461	0.0	890
NP_418313.4	YFJ09225.1	98.7	462	0.0	910
NP_417349.4	YFJ08167.1	99.6	461	0.0	942
NP_416724.1	YFJ07575.1	99.8	461	0.0	897
NP_415812.4	YFJ11016.1	99.6	461	0.0	896
NP_415154.1	YFJ10352.1	99.6	461	7.53e-306	827
NP_415059.1	YFJ10227.1	99.8	461	0.0	932
NP_414649.1	YFJ09871.1	98.5	461	0.0	899
NP_418806.1	YFJ09754.1	99.6	460	0.0	891
NP_418188.1	YFJ09083.1	100	460	0.0	889
NP_418114.4	YFJ08960.1	99.8	460	0.0	911
NP_416122.1	YFJ11331.1	100	460	0.0	868
NP_416007.3	YFJ11207.1	99.6	460	0.0	880
NP_414858.1	YFJ10044.1	97.6	460	0.0	896
NP_418468.3	YFJ09452.1	98.6	441	6.72e-299	809
NP_417544.5	YFJ08398.1	99.1	459	0.0	897
NP_417748.1	YFJ08597.1	100	458	0.0	878
NP_417329.1	YFJ08135.1	94.5	458	5.24e-316	853
NP_415108.1	YFJ10308.1	99.6	458	0.0	879
YP_025307.1	YFJ11386.1	99.8	457	0.0	871
NP_418654.1	YFJ09633.1	99.8	457	0.0	929
NP_418395.1	YFJ09355.1	99.3	456	0.0	891
NP_418347.1	YFJ09260.1	100	457	0.0	886
NP_418303.2	YFJ09211.1	99.3	457	0.0	920
NP_417827.1	YFJ08661.1	100	457	0.0	897
NP_416451.1	YFJ07272.1	99.6	457	0.0	877
NP_416342.4	YFJ07164.1	99.8	455	2.45e-309	836
NP_415859.1	YFJ11061.1	99.1	457	0.0	880
NP_415104.1	YFJ10305.1	99.3	457	3.82e-316	853
NP_414936.1	YFJ10109.1	99.6	457	0.0	891
NP_414654.1	YFJ09876.1	100	457	0.0	880
NP_418186.1	YFJ09081.1	99.8	456	0.0	892
NP_417004.1	YFJ07831.1	94.3	454	9.80e-253	692
NP_416552.1	YFJ07411.1	99.1	456	0.0	915
NP_415649.1	YFJ10833.1	99.8	456	0.0	905
YP_026186.1	YFJ08177.1	100	455	2.56e-310	838
NP_417701.1	YFJ08545.1	100	455	1.27e-310	839
NP_417694.1	YFJ08538.1	99.8	455	2.34e-306	828
NP_417277.1	YFJ08081.1	99.8	455	0.0	894
YP_026204.1	YFJ08437.1	99.6	454	0.0	894
NP_418162.1	YFJ09059.1	99.8	454	0.0	867
NP_417275.1	YFJ08079.1	100	454	0.0	900
NP_416328.1	YFJ07148.1	100	454	0.0	908
NP_415318.1	YFJ10521.1	96.5	430	2.07e-290	788
NP_414961.4	YFJ10134.1	98.5	454	4.47e-315	850
NP_418776.1	YFJ09723.1	99.3	453	0.0	892
NP_417101.1	YFJ07932.1	100	453	6.14e-317	855
NP_417033.1	YFJ07865.1	99.8	453	0.0	959
NP_416936.4	YFJ07769.1	99.8	453	0.0	894
NP_416585.1	YFJ07446.1	99.6	453	0.0	924
NP_416326.1	YFJ07146.1	96.9	453	0.0	880
NP_415778.3	YFJ10973.1	98.0	452	0.0	871
NP_415045.1	YFJ10213.1	99.8	453	0.0	922
NP_416743.1	YFJ07594.1	99.1	452	0.0	896
NP_416518.2	YFJ07383.1	100	452	0.0	870
NP_416477.1	YFJ07293.1	98.2	452	1.90e-315	851
NP_416283.1	YFJ11485.1	98.7	452	3.66e-313	845
NP_416251.1	YFJ11455.1	100	452	3.36e-309	835
NP_415544.1	YFJ10737.1	94.1	444	1.28e-300	813
NP_414747.1	YFJ09967.1	100	452	0.0	886
NP_414628.1	YFJ09852.1	98.5	452	2.21e-314	848
NP_418543.1	YFJ09522.1	99.3	451	0.0	929
NP_417080.4	YFJ07913.1	99.8	451	0.0	904
NP_416763.1	YFJ07615.1	95.1	450	0.0	875
NP_418817.1	YFJ09767.1	98.7	450	0.0	869
NP_418656.1	YFJ09635.1	99.3	450	0.0	871
NP_418241.1	YFJ09133.1	99.3	450	0.0	872
NP_417957.1	YFJ08779.1	99.3	450	0.0	905
NP_417863.1	YFJ08693.1	99.6	450	0.0	879
NP_417269.1	YFJ08073.1	99.8	450	0.0	887
NP_416573.4	YFJ07433.1	98.0	450	0.0	867
NP_416248.1	YFJ11452.1	98.4	450	0.0	890
NP_414718.1	YFJ09937.1	99.6	450	0.0	884
NP_418488.1	YFJ09471.1	99.6	449	1.91e-302	818
NP_418448.1	YFJ09433.1	99.3	449	1.68e-312	843
NP_417722.1	YFJ08566.1	100	449	0.0	899
NP_417498.1	YFJ08350.1	98.9	449	3.84e-318	857
NP_418741.1	YFJ09693.1	100	447	3.30e-302	817
NP_418639.1	YFJ09620.1	100	447	1.23e-297	805
NP_417640.1	YFJ08491.1	99.8	447	0.0	903
NP_416275.1	YFJ11478.1	99.1	447	0.0	873
NP_416259.1	YFJ11463.1	98.4	447	0.0	872
NP_415940.1	YFJ11145.1	98.9	447	0.0	879
NP_415412.1	YFJ10616.1	99.8	447	0.0	881
YP_026221.1	YFJ08724.1	100	446	1.55e-311	840
NP_418547.1	YFJ09525.1	100	446	4.63e-313	844
NP_418460.1	YFJ09445.1	99.3	446	0.0	918
NP_417268.1	YFJ08072.1	98.2	446	0.0	922
NP_417267.1	YFJ08071.1	99.6	446	0.0	914
NP_416846.2	YFJ07697.1	99.3	446	0.0	899
NP_418590.1	YFJ09568.1	98.9	445	4.38e-306	827
NP_418539.1	YFJ09519.1	99.8	445	2.36e-319	860
NP_418170.1	YFJ09066.1	99.3	445	1.15e-301	815
NP_417643.1	YFJ08494.1	99.8	445	3.44e-319	860
NP_417251.2	YFJ11634.1	98.9	445	2.34e-316	853
NP_416866.1	YFJ07701.1	99.1	445	5.45e-300	811
NP_416787.1	YFJ07636.1	99.8	445	0.0	923
NP_418556.1	YFJ09535.1	100	444	1.29e-318	858
NP_418120.2	YFJ09020.1	99.3	444	3.87e-304	822
NP_417596.1	YFJ08449.1	99.8	444	0.0	871
NP_417071.1	YFJ07904.1	99.8	444	1.24e-300	813
NP_417049.1	YFJ07881.1	99.8	444	1.51e-317	855
YP_026203.3	YFJ08436.1	99.8	443	4.56e-307	829
NP_418802.1	YFJ09750.1	97.3	443	0.0	868
NP_418366.1	YFJ09323.1	99.8	443	1.00e-310	838
NP_418289.1	YFJ09197.1	99.5	443	0.0	911
NP_417759.1	YFJ08608.1	100	443	1.10e-314	848
NP_417586.1	YFJ08441.1	99.5	443	1.56e-314	848
NP_417295.1	YFJ08101.1	99.8	443	0.0	868
NP_414587.1	YFJ09814.1	99.8	443	0.0	873
NP_418698.1	YFJ10951.1	99.3	442	0.0	886
NP_417355.4	YFJ08173.1	98.2	442	0.0	877
NP_416867.1	YFJ07702.1	99.3	442	0.0	871
NP_415526.4	YFJ10721.1	99.5	442	2.33e-304	822
NP_415355.1	YFJ10559.1	98.9	442	5.85e-314	846
NP_418432.1	YFJ09389.1	98.6	441	4.55e-306	826
NP_417384.1	YFJ08200.1	97.7	441	0.0	865
NP_415541.1	YFJ10734.1	99.5	441	0.0	878
NP_415356.1	YFJ10562.1	100	441	0.0	885
NP_414838.2	YFJ10026.1	98.4	441	1.69e-317	855
NP_418799.1	YFJ09747.1	99.8	440	3.38e-312	842
NP_418022.1	YFJ08857.1	99.8	440	0.0	907
NP_417980.1	YFJ08810.1	100	440	3.10e-308	832
NP_416727.1	YFJ07578.1	99.5	440	1.23e-314	848
NP_416370.2	YFJ07191.1	100	440	1.65e-319	860
NP_415442.1	YFJ10645.1	100	440	1.91e-318	857
NP_418686.1	YFJ08704.1	61.9	438	1.67e-183	516
NP_418123.2	YFJ11675.1	99.5	439	0.0	880
NP_417359.1	YFJ11642.1	99.8	438	0.0	902
NP_416008.1	YFJ11208.1	98.9	439	0.0	897
NP_415219.1	YFJ10409.1	97.7	439	2.62e-304	822
NP_414935.1	YFJ10108.1	99.5	439	3.34e-307	829
YP_026217.1	YFJ08704.1	100	438	6.37e-300	810
NP_417910.1	YFJ08736.1	99.5	438	0.0	887
NP_417281.1	YFJ08084.1	99.8	438	3.52e-313	844
NP_416488.1	YFJ07311.1	99.3	437	2.12e-314	847
NP_414630.1	YFJ09854.1	99.5	438	5.71e-319	858
NP_418501.1	YFJ09482.1	99.8	437	6.58e-297	803
YP_026202.1	YFJ08435.1	99.1	436	3.84e-300	811
NP_416844.1	YFJ07695.1	98.6	436	7.57e-307	828
NP_415854.4	YFJ11055.1	98.8	431	1.13e-309	835
NP_416271.4	YFJ11474.1	98.2	435	0.0	877
NP_418439.1	YFJ09395.1	100	434	9.78e-318	855
NP_417836.1	YFJ08664.1	99.5	434	1.05e-296	802
NP_416925.2	YFJ07759.1	98.2	433	0.0	863
NP_416524.1	YFJ07389.1	98.2	434	6.07e-296	800
NP_415627.1	YFJ10811.1	99.5	434	2.40e-318	857
NP_415010.1	YFJ10183.1	100	434	0.0	884
NP_418561.1	YFJ09540.1	100	433	5.99e-291	787
NP_417526.1	YFJ08380.1	98.4	433	3.52e-315	848
NP_417265.1	YFJ08069.1	99.1	433	2.59e-317	854
NP_416126.1	YFJ11335.1	99.5	433	1.56e-318	857
NP_415046.4	YFJ10214.1	99.8	433	1.26e-308	832
NP_418598.1	YFJ09576.1	100	432	0.0	864
NP_417564.2	YFJ08417.1	99.5	432	2.02e-309	834
NP_417259.1	YFJ08063.1	100	432	1.07e-304	822
NP_417082.1	YFJ07915.1	100	432	4.96e-310	835
NP_415707.1	YFJ10873.1	100	432	0.0	870
NP_415500.1	YFJ10703.1	97.9	432	3.64e-313	843
NP_414970.1	YFJ10143.1	100	432	7.71e-298	805
NP_414730.1	YFJ09949.1	97.0	432	2.20e-313	844
NP_417888.1	YFJ08718.1	100	431	0.0	871
NP_416768.4	YFJ07620.1	98.4	431	7.73e-318	855
NP_414934.1	YFJ10107.1	99.8	431	0.0	865
NP_418146.4	YFJ07344.1	98.8	430	4.40e-318	856
NP_415929.1	YFJ11569.1	94.7	430	2.06e-319	859
NP_415826.1	YFJ11030.1	97.9	430	1.52e-303	819
NP_415413.1	YFJ10617.1	100	430	2.45e-309	833
NP_415268.1	YFJ11534.1	100	430	1.55e-215	596
NP_415019.1	YFJ10192.1	99.1	430	7.19e-286	774
NP_418433.1	YFJ09390.1	98.4	429	2.58e-315	848
NP_417959.4	YFJ11666.1	98.6	429	5.01e-297	802
NP_417747.1	YFJ08596.1	98.4	429	0.0	863
NP_417276.1	YFJ08080.1	100	429	6.10e-298	805
NP_416992.1	YFJ07818.1	99.8	429	8.86e-291	786
NP_416749.4	YFJ07600.1	98.8	429	6.10e-298	805
NP_416214.1	YFJ11420.1	99.5	429	5.33e-308	830
NP_415295.1	YFJ10499.1	98.1	429	7.52e-320	860
YP_026171.3	YFJ11630.1	100	428	7.84e-289	781
NP_417985.1	YFJ08815.1	100	428	1.65e-290	786
NP_417847.1	YFJ08675.1	97.0	428	1.48e-219	606
NP_414985.1	YFJ10158.1	100	428	1.69e-299	808
NP_414595.1	YFJ09823.1	100	428	2.15e-302	816
NP_414585.1	YFJ09812.1	99.5	428	2.24e-304	821
NP_414545.1	YFJ09773.1	99.5	428	1.38e-314	847
NP_417018.4	YFJ07850.1	98.8	427	6.31e-315	847
NP_416347.1	YFJ07169.1	99.5	427	1.22e-312	842
NP_416298.1	YFJ07118.1	99.3	426	2.03e-295	798
NP_415428.1	YFJ10631.1	98.8	427	1.31e-307	829
NP_415293.1	YFJ10497.1	99.1	427	1.73e-312	841
NP_415248.1	YFJ10437.1	99.3	427	4.91e-319	858
NP_414871.1	YFJ10056.1	98.8	427	1.38e-318	857
NP_418756.1	YFJ09712.1	99.8	426	1.35e-304	821
NP_418594.1	YFJ09572.1	99.5	426	1.29e-302	816
NP_417601.1	YFJ08454.1	98.8	426	3.52e-316	850
NP_417148.1	YFJ07956.1	98.1	425	9.51e-305	822
NP_417030.2	YFJ07862.1	99.1	426	5.83e-315	847
NP_416549.1	YFJ07408.1	99.1	426	2.55e-309	833
NP_415817.1	YFJ11021.1	99.5	426	1.29e-318	857
NP_414696.1	YFJ09916.1	99.8	426	3.02e-317	853
YP_026232.1	YFJ08870.1	98.6	425	8.44e-287	776
YP_026187.1	YFJ08225.1	98.8	425	1.09e-314	847
NP_418090.1	YFJ08929.1	99.8	425	1.17e-309	834
NP_417913.1	YFJ08739.1	99.3	425	8.26e-294	794
NP_417255.1	YFJ08059.1	98.4	425	2.16e-305	823
NP_416601.1	YFJ07457.1	100	425	8.21e-310	834
NP_417009.1	YFJ07839.1	100	424	7.08e-315	847
NP_416154.1	YFJ11359.1	100	424	1.49e-316	851
NP_414972.1	YFJ10145.1	100	424	3.09e-309	833
NP_417996.1	YFJ08830.1	98.8	423	7.89e-291	786
NP_417246.4	YFJ08053.1	97.6	423	1.72e-310	836
NP_416196.1	YFJ11403.1	98.3	423	6.45e-306	824
NP_415538.1	YFJ10731.1	98.1	423	8.55e-311	837
NP_417146.2	YFJ11631.1	98.1	422	1.53e-308	831
NP_416818.1	YFJ07667.1	99.3	422	2.53e-307	828
NP_415702.1	YFJ10868.1	99.1	422	1.94e-311	838
NP_418227.1	YFJ09119.1	99.8	421	4.23e-310	835
NP_416206.6	YFJ11413.1	98.8	421	3.90e-290	784
NP_415818.1	YFJ11022.1	98.3	421	4.85e-300	809
NP_415342.1	YFJ10548.1	99.0	420	0.0	873
NP_415267.1	YFJ10472.1	100	421	1.39e-120	354
YP_026254.1	YFJ09126.1	99.8	420	8.22e-312	839
NP_417315.1	YFJ08122.1	99.3	420	5.79e-312	839
NP_416598.1	YFJ07454.1	97.1	420	8.09e-303	816
NP_414636.1	YFJ09860.1	100	420	8.45e-305	821
YP_026276.1	YFJ09254.1	99.3	419	1.43e-316	851
YP_009029994.1	YFJ10220.1	98.8	419	4.71e-306	824
NP_418595.1	YFJ09573.1	99.8	419	3.39e-267	726
NP_418230.1	YFJ09122.1	100	419	2.24e-304	820
NP_418070.6	YFJ08912.1	99.5	419	1.11e-249	682
NP_417656.1	YFJ08507.1	100	419	1.02e-300	811
NP_416745.1	YFJ07596.1	98.6	419	4.22e-309	832
NP_414870.1	YFJ10055.1	99.5	419	9.35e-297	801
NP_418565.1	YFJ09543.1	99.0	418	9.42e-301	811
NP_417439.4	YFJ08261.1	100	418	3.29e-301	812
NP_416901.1	YFJ07735.1	98.6	418	4.28e-297	801
NP_416890.1	YFJ07725.1	98.1	418	1.03e-288	780
NP_416181.1	YFJ11387.1	98.1	418	4.21e-242	662
NP_416109.2	YFJ11318.1	99.0	418	6.90e-290	784
NP_415728.1	YFJ10927.1	98.3	418	3.30e-285	771
NP_415521.1	YFJ10716.1	87.1	418	6.33e-267	725
YP_026231.1	YFJ08864.1	99.0	417	2.57e-318	855
NP_417294.4	YFJ08100.1	100	417	1.21e-291	788
NP_417046.1	YFJ07878.1	100	417	6.23e-310	834
NP_416113.1	YFJ11322.1	100	417	1.09e-278	755
NP_415766.1	YFJ10963.1	99.8	417	2.35e-289	782
NP_415470.1	YFJ10673.1	100	417	9.09e-303	816
NP_414877.1	YFJ10061.1	100	417	7.66e-295	796
NP_414778.1	YFJ10007.1	99.5	417	1.42e-290	785
NP_418239.1	YFJ09131.1	99.5	416	2.42e-286	774
NP_416875.1	YFJ07710.1	100	416	5.60e-317	852
NP_416669.1	YFJ07520.1	100	416	8.43e-271	735
NP_416666.1	YFJ07517.1	99.5	416	1.07e-273	742
NP_415654.1	YFJ10840.1	99.5	416	2.85e-310	835
NP_415123.1	YFJ10324.1	99.5	416	9.03e-282	763
NP_418165.1	YFJ09061.1	99.5	415	1.57e-302	815
NP_418144.3	YFJ09043.1	98.0	404	9.75e-317	850
NP_416887.1	YFJ07722.1	99.3	415	1.72e-290	785
NP_416578.2	YFJ07437.1	98.6	415	2.19e-277	751
NP_415109.1	YFJ10309.1	99.5	415	4.23e-291	786
NP_417630.1	YFJ08481.1	99.5	414	8.61e-295	795
NP_417560.1	YFJ08413.1	99.8	414	1.56e-281	762
NP_415636.1	YFJ10820.1	99.5	414	2.36e-292	789
NP_414774.1	YFJ10003.1	99.8	414	0.0	862
NP_414631.1	YFJ09855.1	100	414	6.77e-292	788
NP_418316.4	YFJ09229.1	99.0	413	0.0	874
NP_417111.1	YFJ07940.1	60.4	394	2.16e-172	485
NP_415613.1	YFJ10797.1	100	413	5.01e-298	803
NP_415522.1	YFJ10717.1	98.8	413	4.18e-306	824
NP_415310.1	YFJ10514.1	99.8	413	1.66e-312	840
NP_417850.1	YFJ08678.1	99.0	412	4.17e-285	771
NP_417528.1	YFJ08382.1	99.3	412	1.26e-311	838
NP_416893.1	YFJ07727.1	100	412	1.39e-283	767
NP_416880.1	YFJ07715.1	99.8	412	3.46e-309	832
NP_416651.1	YFJ07503.1	98.3	412	8.02e-299	805
NP_414677.1	YFJ09899.1	63.0	424	3.07e-185	518
YP_026259.1	YFJ09136.1	95.9	411	1.93e-310	835
NP_416652.4	YFJ07504.1	98.8	411	9.42e-302	813
NP_415861.1	YFJ11063.1	99.8	411	9.16e-309	830
NP_415348.1	YFJ10554.1	99.3	411	4.47e-300	808
NP_415049.1	YFJ10217.1	98.5	411	1.58e-309	832
NP_418807.4	YFJ09755.1	99.8	410	3.45e-308	829
NP_418757.1	YFJ09713.1	98.3	409	3.42e-283	766
NP_417388.1	YFJ08204.1	99.8	410	7.67e-296	798
NP_415857.2	YFJ11058.1	99.5	410	1.51e-302	815
NP_415436.1	YFJ10639.1	98.8	410	3.60e-310	834
NP_415363.1	YFJ10569.1	99.8	410	1.36e-289	782
NP_417322.1	YFJ08128.1	100	409	6.67e-285	770
NP_414672.1	YFJ09893.1	97.8	409	3.67e-298	803
NP_417879.1	YFJ08708.1	98.8	408	1.01e-299	807
NP_417839.1	YFJ08667.1	96.8	408	3.11e-294	793
NP_417095.1	YFJ07927.1	98.8	408	1.65e-289	781
NP_416947.1	YFJ07771.1	99.0	408	2.30e-280	758
NP_415645.1	YFJ10829.1	99.8	408	6.38e-303	815
NP_415571.1	YFJ10755.1	99.5	408	1.52e-285	771
YP_026190.1	YFJ08292.1	99.5	407	1.97e-301	811
NP_418800.1	YFJ09748.1	99.8	407	8.85e-314	843
NP_416554.1	YFJ07413.1	98.8	407	2.21e-298	804
NP_415106.1	YFJ10306.1	99.0	407	3.75e-290	783
NP_418096.4	YFJ08935.1	99.8	406	8.17e-289	780
NP_417818.1	YFJ08652.1	98.8	405	4.46e-300	808
NP_416826.1	YFJ07675.1	100	406	8.90e-293	790
NP_416548.1	YFJ07407.1	99.0	406	6.27e-293	790
NP_416262.1	YFJ11466.1	98.0	406	1.23e-299	807
NP_416195.1	YFJ11402.1	98.5	406	7.12e-299	805
NP_416111.1	YFJ11320.1	99.5	406	1.21e-290	784
NP_415202.1	YFJ10395.1	100	406	6.54e-295	795
NP_415135.1	YFJ10336.1	98.0	406	0.0	866
NP_415012.1	YFJ10185.1	99.5	406	1.33e-278	754
NP_414911.1	YFJ10086.1	99.8	406	5.37e-294	793
NP_417930.2	YFJ08756.1	99.0	405	3.36e-281	761
NP_416793.1	YFJ07642.1	99.8	405	2.61e-305	821
NP_416561.1	YFJ07419.1	99.0	405	1.24e-303	817
NP_416560.1	YFJ07418.1	99.3	405	2.22e-281	761
NP_415255.1	YFJ10444.1	100	405	2.76e-275	745
NP_414580.1	YFJ09807.1	99.0	405	2.43e-310	834
YP_026169.1	YFJ07857.1	100	404	2.38e-296	798
NP_416205.1	YFJ11412.1	98.3	404	1.29e-284	769
NP_416098.1	YFJ11309.1	100	404	2.20e-319	857
YP_025306.1	YFJ11383.1	99.8	403	8.43e-285	769
NP_417348.1	YFJ08166.1	100	403	4.18e-310	833
NP_416772.1	YFJ07624.1	91.3	402	7.77e-267	724
NP_416420.1	YFJ07237.1	99.5	403	1.34e-281	761
NP_415681.1	YFJ10845.1	98.0	403	7.87e-290	782
NP_415165.1	YFJ10362.1	100	403	7.99e-299	805
NP_414887.2	YFJ10070.1	98.3	403	8.82e-271	734
NP_418003.1	YFJ08838.1	98.3	402	2.58e-251	684
NP_417585.2	YFJ08440.1	99.5	402	6.24e-291	785
NP_415594.1	YFJ10777.1	93.0	402	3.70e-253	689
NP_415583.4	YFJ10766.1	99.5	402	1.21e-288	779
NP_415366.1	YFJ10572.1	99.8	402	5.87e-280	757
NP_418110.1	YFJ08949.1	99.5	401	2.75e-273	740
NP_417290.1	YFJ08092.1	98.8	401	2.74e-289	780
NP_416750.2	YFJ07601.1	99.0	401	8.78e-311	835
NP_416439.1	YFJ07265.1	100	401	1.63e-306	824
NP_417949.1	YFJ08771.1	99.5	400	6.06e-297	800
NP_417382.1	YFJ08198.1	98.3	400	6.23e-290	782
NP_417163.1	YFJ07973.1	100	400	5.72e-286	772
NP_417037.1	YFJ07869.1	96.8	400	2.33e-285	770
NP_416894.1	YFJ07728.1	100	400	9.09e-267	723
NP_416799.1	YFJ07648.1	100	400	1.60e-292	788
NP_416752.1	YFJ07603.1	99.8	400	1.37e-293	791
NP_415451.1	YFJ10654.1	99.5	400	1.89e-300	808
NP_415360.1	YFJ10566.1	99.8	400	6.50e-292	787
NP_415117.2	YFJ10317.1	97.3	400	1.91e-309	831
NP_414932.1	YFJ10105.1	99.2	399	1.31e-291	786
NP_414648.1	YFJ09870.1	97.0	400	1.38e-277	751
NP_415634.1	YFJ10818.1	100	399	2.16e-269	730
YP_026288.1	YFJ09655.1	97.0	398	1.60e-275	745
NP_418246.1	YFJ09139.1	99.5	398	1.29e-281	761
NP_418074.1	YFJ08916.1	100	398	3.59e-288	777
NP_417347.1	YFJ08165.1	100	398	2.20e-298	803
NP_414897.1	YFJ10076.1	99.2	398	6.30e-298	802
NP_414715.1	YFJ09934.1	100	398	5.70e-285	769
NP_418478.1	YFJ09461.1	98.5	397	5.50e-287	774
NP_417312.1	YFJ08119.1	99.2	397	1.81e-276	748
NP_417045.4	YFJ07877.1	99.0	397	2.47e-299	805
NP_415777.1	YFJ10972.1	99.5	397	3.77e-294	792
NP_414996.1	YFJ10169.1	99.7	397	1.22e-274	743
YP_026185.1	YFJ11641.1	100	395	4.57e-292	787
NP_418458.1	YFJ09443.1	99.0	396	4.75e-292	787
NP_418118.2	YFJ09017.1	100	394	1.30e-268	728
NP_418062.1	YFJ08904.1	98.5	396	3.29e-283	764
NP_417047.1	YFJ07879.1	99.2	396	1.96e-300	808
NP_416746.1	YFJ07597.1	99.7	396	2.75e-291	785
NP_416687.1	YFJ07539.1	99.5	396	4.79e-276	746
NP_416045.1	YFJ11240.1	100	396	5.47e-266	721
NP_415487.4	YFJ10690.1	98.5	396	5.54e-291	784
NP_415448.1	YFJ10651.1	100	396	2.02e-293	790
NP_417591.1	YFJ08445.1	89.1	395	4.12e-249	678
NP_417481.1	YFJ08326.1	98.5	395	5.73e-288	776
NP_416948.4	YFJ07772.1	99.0	395	6.57e-278	751
NP_416051.1	YFJ11246.1	98.0	395	2.01e-272	737
NP_418742.1	YFJ09694.1	99.5	394	3.11e-296	797
NP_418407.1	YFJ09367.1	100	394	5.77e-292	786
NP_418129.2	YFJ09029.1	99.7	394	1.23e-277	750
NP_418115.1	YFJ09007.1	99.2	394	4.10e-276	746
NP_417798.1	YFJ08632.1	100	394	4.06e-292	787
NP_416728.1	YFJ07579.1	98.7	394	2.43e-268	727
NP_414930.3	YFJ11524.1	98.5	394	1.20e-268	728
YP_026209.1	YFJ08585.1	98.0	393	4.94e-272	736
NP_418247.1	YFJ09140.1	96.8	376	6.86e-223	612
NP_418025.1	YFJ08860.1	99.7	393	1.16e-270	733
NP_417823.1	YFJ08657.1	99.5	393	4.31e-282	761
NP_417321.2	YFJ11638.1	99.7	393	1.96e-278	752
NP_416675.1	YFJ07526.1	99.2	393	1.68e-279	755
NP_416305.1	YFJ07125.1	99.5	393	8.92e-275	743
NP_418752.1	YFJ09706.1	90.5	388	5.17e-246	670
NP_418026.1	YFJ08861.1	100	392	3.88e-289	779
NP_417469.1	YFJ08316.1	100	392	2.62e-287	775
NP_417383.1	YFJ08199.1	98.0	392	4.65e-281	759
NP_417007.1	YFJ07837.1	99.7	392	1.01e-259	705
NP_416825.1	YFJ07674.1	99.0	392	9.22e-272	735
NP_416363.1	YFJ07184.1	98.7	392	1.33e-280	758
NP_418166.1	YFJ09062.1	99.0	391	1.06e-265	720
NP_416130.3	YFJ11339.1	98.5	391	2.90e-279	754
NP_415950.4	YFJ11153.1	98.5	390	5.42e-261	708
NP_415195.1	YFJ10391.1	98.7	391	5.95e-288	776
NP_415125.1	YFJ10326.1	99.5	391	6.12e-281	758
YP_009518815.1	YFJ08296.1	98.1	371	2.24e-280	756
NP_418748.1	YFJ09701.1	98.5	390	6.89e-282	761
NP_417650.1	YFJ08501.1	99.5	390	1.59e-271	734
NP_417170.1	YFJ07980.1	99.5	390	1.82e-261	709
NP_416139.1	YFJ11345.1	99.0	390	2.76e-297	800
NP_415516.1	YFJ10711.1	99.0	390	1.72e-291	785
NP_416174.1	YFJ11379.1	100	389	5.87e-262	710
NP_415796.1	YFJ10995.1	100	389	6.10e-280	756
NP_414867.1	YFJ10052.1	99.5	389	3.58e-288	776
NP_416532.1	YFJ07396.1	89.2	388	5.91e-250	680
NP_416514.4	YFJ07379.1	99.5	388	1.79e-292	787
NP_416268.2	YFJ11589.1	98.5	388	8.49e-291	783
NP_415256.1	YFJ10445.1	100	388	3.13e-277	749
NP_414560.1	YFJ09787.1	99.5	388	4.36e-268	726
YP_026272.1	YFJ09195.1	98.2	387	4.59e-274	741
NP_418607.1	YFJ09585.1	98.7	387	6.80e-301	808
NP_417840.1	YFJ08668.1	95.9	387	1.43e-277	749
NP_417484.1	YFJ08329.1	100	387	6.18e-288	776
NP_417401.1	YFJ08220.1	100	387	1.08e-272	737
NP_416869.1	YFJ07704.1	98.2	387	3.61e-271	733
NP_415069.1	YFJ10237.1	100	387	1.46e-286	772
NP_418374.1	YFJ09333.1	100	386	7.15e-282	760
NP_417510.1	YFJ08366.1	100	386	7.04e-298	801
NP_417090.1	YFJ07922.1	99.5	386	1.27e-275	744
NP_415133.1	YFJ10334.1	99.0	386	9.09e-285	768
NP_417970.1	YFJ08800.1	99.7	385	6.67e-266	720
NP_417731.1	YFJ08581.1	99.2	385	2.33e-266	721
NP_416756.6	YFJ07607.1	98.9	379	3.81e-275	743
NP_416657.1	YFJ07509.1	99.0	385	3.28e-282	761
NP_416634.1	YFJ07488.1	97.9	385	9.27e-257	697
NP_416014.4	YFJ11214.1	99.5	385	1.53e-296	797
NP_415565.1	YFJ10751.1	99.5	385	1.70e-284	767
NP_414910.1	YFJ10085.1	100	385	1.98e-283	764
NP_414704.4	YFJ09924.1	99.7	385	3.01e-278	751
NP_417605.1	YFJ08460.1	97.9	384	1.44e-280	757
NP_417417.1	YFJ08237.1	100	384	8.93e-275	742
NP_417012.1	YFJ07842.1	99.7	384	3.16e-284	766
NP_415297.1	YFJ10501.1	97.1	384	1.42e-271	734
NP_414875.1	YFJ10059.1	97.1	384	3.06e-266	721
YP_026233.1	YFJ08884.1	99.7	383	9.63e-274	739
NP_418755.4	YFJ09711.1	98.7	383	6.89e-283	763
NP_418704.1	YFJ12280.1	99.2	383	1.09e-279	754
NP_418392.1	YFJ09352.1	99.2	383	2.84e-291	784
NP_416210.4	YFJ11585.1	100	383	6.15e-286	770
NP_415922.1	YFJ12280.1	99.2	383	1.09e-279	754
NP_414790.1	YFJ12280.1	99.0	383	4.46e-279	753
NP_414637.1	YFJ09861.1	100	383	6.95e-267	722
YP_026237.1	YFJ09045.1	99.5	382	8.79e-290	780
NP_418057.1	YFJ08897.1	99.5	382	1.21e-271	734
NP_417279.2	YFJ11636.1	99.7	382	1.38e-277	749
NP_416394.1	YFJ07211.1	99.7	382	2.34e-269	728
NP_416178.1	YFJ11384.1	100	382	6.00e-297	798
NP_415532.3	YFJ11545.1	98.9	363	6.35e-267	721
NP_415418.1	YFJ10622.1	99.5	382	7.83e-268	724
NP_415278.1	YFJ10482.1	99.7	382	8.67e-281	757
NP_415203.1	YFJ10396.1	99.7	382	2.49e-280	756
NP_414724.1	YFJ09943.1	98.7	382	2.78e-277	748
NP_414573.1	YFJ09801.1	99.5	382	1.63e-285	769
YP_009518741.1	YFJ11934.1	99.2	364	1.61e-266	726
NP_417593.4	YFJ08446.1	99.0	381	8.82e-269	727
NP_416872.4	YFJ07707.1	98.4	381	2.05e-283	764
NP_415957.1	YFJ11159.1	98.4	381	2.53e-293	789
NP_415455.1	YFJ10658.1	99.0	381	1.81e-277	749
NP_415047.1	YFJ10215.1	98.4	381	3.29e-264	715
NP_414581.1	YFJ09808.1	100	380	9.82e-286	769
NP_418587.1	YFJ09565.1	98.7	379	1.24e-283	764
NP_417222.1	YFJ08030.1	99.5	379	7.17e-235	641
NP_417031.1	YFJ07863.1	98.4	379	5.09e-267	722
NP_416566.1	YFJ07424.1	100	379	1.61e-279	754
NP_415503.1	YFJ07424.1	64.1	379	6.60e-182	507
NP_415262.1	YFJ10466.1	100	379	7.67e-278	749
NP_418519.1	YFJ09500.1	97.6	378	1.64e-267	723
NP_418054.1	YFJ08895.1	100	378	1.64e-267	723
NP_418043.1	YFJ08895.1	77.2	378	4.86e-207	570
NP_417941.1	YFJ11177.1	98.7	378	3.67e-280	755
NP_417555.4	YFJ08408.1	99.2	378	3.67e-280	755
NP_417430.1	YFJ08250.1	98.4	378	2.81e-284	766
NP_416823.1	YFJ07672.1	98.4	378	2.77e-275	743
NP_416625.1	YFJ07478.1	98.9	378	2.54e-271	733
NP_415977.1	YFJ11177.1	97.9	378	2.89e-277	748
NP_415644.1	YFJ10828.1	100	378	2.27e-274	741
NP_415498.1	YFJ10701.1	99.7	378	8.64e-279	752
NP_418574.1	YFJ09554.1	95.5	377	1.17e-271	734
NP_418417.1	YFJ09376.1	98.9	376	9.72e-280	754
NP_417191.1	YFJ08000.1	98.1	377	1.70e-264	716
NP_415895.1	YFJ11124.1	97.1	377	1.17e-271	734
NP_415376.4	YFJ10582.1	99.7	377	1.80e-275	743
NP_415314.1	YFJ10518.1	99.7	377	6.34e-260	704
NP_415119.1	YFJ10320.1	96.3	377	5.81e-256	694
YP_026253.1	YFJ09125.1	99.2	376	1.22e-277	749
NP_418238.1	YFJ09130.1	99.5	376	4.91e-268	724
NP_416738.1	YFJ07588.1	99.7	376	3.66e-279	753
NP_416674.1	YFJ07525.1	99.5	376	8.33e-260	704
NP_414556.1	YFJ09783.1	99.5	376	5.03e-245	666
NP_417699.1	YFJ08543.1	98.7	375	1.09e-275	744
NP_417687.1	YFJ08531.1	89.6	375	4.59e-237	646
NP_416967.1	YFJ07793.1	99.7	375	2.04e-280	756
NP_416453.1	YFJ07274.1	96.0	375	2.02e-239	652
NP_416318.1	YFJ07139.1	99.5	371	3.96e-277	747
NP_415803.2	YFJ11003.1	95.7	375	7.23e-264	714
NP_415537.1	YFJ10730.1	98.7	375	2.51e-265	717
NP_415380.1	YFJ10586.1	98.7	375	4.81e-279	752
NP_414940.1	YFJ10113.1	100	375	1.25e-290	781
YP_026211.1	YFJ08593.1	98.1	374	9.62e-274	739
NP_418088.1	YFJ08927.1	90.4	374	5.99e-252	684
NP_417942.6	YFJ11662.1	99.7	374	3.03e-261	707
NP_416316.1	YFJ07137.1	99.7	374	6.19e-295	792
NP_417209.1	YFJ08018.1	99.7	373	1.98e-286	771
NP_417091.1	YFJ07923.1	99.5	372	2.34e-269	728
NP_416557.1	YFJ07415.1	100	373	3.38e-278	750
NP_415646.4	YFJ10830.1	99.7	373	1.29e-291	784
NP_417471.1	YFJ08318.1	100	372	4.82e-282	759
NP_417010.1	YFJ07840.1	100	372	7.76e-263	711
NP_415577.1	YFJ10761.1	98.4	372	3.54e-284	765
NP_415491.1	YFJ10694.1	100	372	5.03e-284	764
NP_415339.1	YFJ10542.1	98.1	372	2.71e-263	712
NP_415113.1	YFJ10313.1	99.2	372	1.23e-284	766
NP_418459.1	YFJ09444.1	100	371	4.92e-270	729
NP_416044.1	YFJ11239.1	95.4	371	9.13e-266	718
NP_415399.4	YFJ10604.1	99.2	371	7.87e-251	681
NP_415358.1	YFJ10564.1	98.7	371	5.66e-285	767
NP_414919.1	YFJ10095.1	100	371	7.30e-272	734
NP_416203.1	YFJ11410.1	99.5	370	1.53e-252	685
NP_415375.1	YFJ10581.1	99.5	370	8.57e-275	741
NP_415167.1	YFJ10364.1	99.7	370	4.11e-257	696
NP_417915.1	YFJ08741.1	99.2	369	4.91e-269	726
NP_416616.4	YFJ07471.1	99.7	369	4.91e-269	726
NP_416157.1	YFJ11362.1	99.7	368	2.37e-276	745
NP_415467.1	YFJ10670.1	98.1	369	2.18e-272	735
NP_414890.1	YFJ10073.1	99.5	369	1.95e-275	743
NP_418730.4	YFJ09682.1	99.5	368	2.66e-277	747
NP_417988.1	YFJ08818.1	99.2	368	9.02e-285	766
NP_415651.4	YFJ10835.1	99.5	368	4.61e-278	749
NP_415313.1	YFJ10517.1	100	368	3.15e-260	704
YP_026223.1	YFJ08743.1	99.7	367	2.96e-269	727
NP_418380.4	YFJ09341.1	100	367	7.79e-265	716
NP_418231.1	YFJ09123.1	100	367	2.23e-264	714
NP_417891.1	YFJ08721.1	99.7	367	5.34e-272	734
NP_417736.2	YFJ11658.1	98.9	367	7.27e-270	728
NP_417716.1	YFJ08560.1	100	367	3.38e-227	620
NP_416719.1	YFJ07570.1	89.9	367	2.61e-244	664
NP_414948.1	YFJ10121.1	98.6	367	8.85e-271	731
NP_414777.1	YFJ10006.1	99.7	367	1.02e-260	705
NP_418682.1	YFJ09658.1	99.7	366	4.58e-252	683
NP_418400.1	YFJ09361.1	99.7	366	4.73e-270	729
NP_418156.1	YFJ09053.1	100	366	8.78e-266	718
NP_417286.1	YFJ08089.1	99.7	366	9.00e-284	763
NP_415734.1	YFJ10932.1	99.7	366	6.65e-245	665
NP_417367.1	YFJ08184.1	99.7	365	3.04e-261	706
NP_417293.1	YFJ08095.1	100	365	1.04e-277	748
NP_416917.1	YFJ07751.1	98.9	365	4.69e-265	716
NP_416167.1	YFJ11372.1	99.7	365	1.07e-270	730
NP_415598.3	YFJ10781.1	99.5	365	1.11e-247	672
NP_417381.1	YFJ08197.1	99.7	364	5.75e-270	728
NP_416683.1	YFJ07535.1	99.7	364	8.05e-261	705
NP_415036.1	YFJ10205.1	96.7	364	8.76e-265	715
NP_414915.1	YFJ10090.1	100	364	7.51e-266	718
NP_414912.1	YFJ10087.1	98.6	364	3.28e-260	704
NP_418536.1	YFJ09516.1	99.2	363	9.97e-253	685
NP_417238.1	YFJ08046.1	99.2	363	2.13e-260	704
NP_415721.1	YFJ10922.1	100	363	2.71e-263	711
NP_414615.4	YFJ09841.1	99.2	363	5.47e-263	711
NP_417848.1	YFJ08676.1	99.7	362	9.78e-261	705
NP_416665.1	YFJ07516.1	98.3	362	1.62e-259	702
NP_416623.2	YFJ07476.1	99.2	362	3.82e-258	698
NP_415449.1	YFJ10652.1	92.6	363	7.81e-243	659
NP_415427.1	YFJ10630.1	98.6	362	3.32e-268	724
NP_415166.1	YFJ10363.1	98.6	362	4.18e-246	668
NP_415132.1	YFJ10333.1	98.3	362	5.90e-262	708
NP_414849.1	YFJ10036.1	99.2	362	2.00e-269	727
NP_417835.1	YFJ08663.1	96.4	361	6.41e-245	665
NP_417181.1	YFJ07990.1	97.8	361	3.58e-267	721
NP_416886.1	YFJ07721.1	97.5	361	9.69e-256	692
NP_416832.1	YFJ07681.1	99.7	361	1.46e-266	719
NP_416545.1	YFJ09127.1	73.1	353	8.90e-193	533
NP_416314.1	YFJ07135.1	98.9	361	4.94e-274	738
NP_415322.1	YFJ10525.1	98.6	361	1.12e-270	730
NP_418683.4	YFJ09659.1	100	360	2.11e-254	689
NP_415729.1	YFJ10928.1	99.7	360	4.08e-252	683
NP_414879.3	YFJ10063.1	98.6	360	1.78e-246	669
NP_414629.1	YFJ09853.1	99.7	360	1.76e-262	709
YP_026257.1	YFJ09132.1	97.8	359	1.98e-263	711
NP_418477.1	YFJ09460.1	100	359	8.78e-267	720
NP_418384.1	YFJ09344.1	100	359	2.44e-248	673
NP_417438.2	YFJ11646.1	100	359	1.98e-263	711
NP_417400.1	YFJ08219.1	100	359	2.52e-266	719
NP_416495.1	YFJ07318.1	95.8	359	3.32e-246	668
NP_416742.1	YFJ07593.1	98.0	358	1.99e-267	721
NP_416290.1	YFJ07110.1	99.4	358	2.53e-270	729
NP_418794.1	YFJ09742.1	98.9	357	1.77e-265	716
NP_418155.1	YFJ09052.1	100	357	1.98e-262	709
NP_415633.1	YFJ10817.1	98.6	357	1.18e-238	649
NP_415512.1	YFJ10708.1	98.3	357	8.06e-262	707
NP_418334.1	YFJ09248.1	99.2	356	4.50e-263	710
NP_417907.2	YFJ08733.1	97.2	356	4.95e-251	680
NP_417550.1	YFJ08404.1	98.0	356	9.97e-276	742
NP_417092.1	YFJ07924.1	99.7	356	1.01e-259	702
NP_416525.1	YFJ07390.1	99.2	356	5.63e-257	695
NP_415718.6	YFJ10892.1	98.3	356	3.69e-262	708
NP_415708.1	YFJ10874.1	98.9	356	5.25e-262	707
NP_415608.2	YFJ10792.1	99.7	356	1.59e-247	671
NP_415461.1	YFJ10664.1	89.9	356	1.89e-239	650
NP_414939.1	YFJ10112.1	99.7	356	3.03e-261	706
YP_026255.1	YFJ09127.1	98.6	355	1.30e-266	719
YP_026192.1	YFJ08304.1	99.4	355	7.48e-250	681
NP_417944.1	YFJ08767.1	98.9	355	7.01e-200	550
NP_417702.1	YFJ08546.1	100	355	1.13e-251	681
NP_416526.4	YFJ07391.1	99.2	355	4.52e-267	720
NP_415055.1	YFJ10223.1	98.6	354	3.05e-265	716
NP_414632.1	YFJ09856.1	99.4	355	4.10e-254	687
NP_418613.2	YFJ09591.1	99.4	354	2.76e-281	756
NP_418523.1	YFJ09503.1	99.2	354	4.61e-255	690
NP_418425.1	YFJ09383.1	99.2	353	3.29e-264	713
NP_418145.2	YFJ09044.1	97.2	354	5.69e-265	715
NP_417164.1	YFJ07974.1	99.4	354	1.07e-244	664
NP_416717.1	YFJ07568.1	98.6	354	1.01e-258	699
NP_415539.1	YFJ10732.1	99.6	262	1.78e-184	508
NP_417179.1	YFJ07988.1	100	353	7.91e-251	679
NP_417040.2	YFJ07872.1	99.4	353	3.53e-268	723
NP_416988.1	YFJ07815.1	99.7	353	5.97e-230	626
NP_415969.1	YFJ11172.1	92.1	353	2.59e-224	612
NP_415838.1	YFJ11042.1	99.4	353	1.00e-253	686
NP_417919.1	YFJ08745.1	100	352	7.01e-249	674
NP_416517.1	YFJ07382.1	98.9	352	2.19e-252	683
NP_416512.1	YFJ07377.1	99.7	352	1.18e-256	694
NP_416147.1	YFJ11353.1	99.1	352	6.83e-256	692
NP_415286.1	YFJ10490.1	99.1	352	4.61e-254	687
NP_415151.4	YFJ10349.1	100	352	1.90e-262	708
NP_418332.1	YFJ09246.1	96.9	351	8.10e-243	659
NP_416718.1	YFJ07569.1	98.9	351	8.97e-256	691
NP_415831.1	YFJ11035.1	99.1	351	7.16e-262	707
NP_414776.1	YFJ10005.1	99.4	351	4.64e-258	697
NP_414766.1	YFJ09994.1	99.4	351	2.20e-256	693
YP_026191.1	YFJ08293.1	97.1	350	3.15e-260	702
NP_418585.4	YFJ09563.1	99.4	350	1.75e-257	696
NP_417948.4	YFJ11663.1	98.9	350	2.44e-248	672
NP_417436.1	YFJ08259.1	99.1	350	7.50e-268	722
NP_416932.1	YFJ07765.1	99.4	350	9.81e-264	711
NP_416698.1	YFJ07548.1	99.4	350	4.23e-249	674
NP_416600.4	YFJ07456.1	100	350	3.52e-257	695
NP_415829.1	YFJ11033.1	98.9	350	7.73e-261	704
NP_415573.1	YFJ10757.1	99.4	350	1.13e-253	686
NP_415290.1	YFJ10494.1	100	350	1.43e-256	693
NP_415275.1	YFJ10479.1	99.4	350	3.83e-261	705
NP_418305.1	YFJ09214.1	100	349	2.11e-253	685
NP_417931.4	YFJ08757.1	99.1	349	5.83e-235	639
NP_417225.1	YFJ08033.1	99.1	349	7.67e-256	691
NP_416663.1	YFJ07514.1	100	349	4.48e-239	649
NP_416397.1	YFJ07217.1	99.4	349	1.25e-245	665
NP_416078.4	YFJ11290.1	92.8	348	1.25e-245	665
NP_415788.1	YFJ10984.1	99.1	349	6.51e-232	631
NP_415050.1	YFJ10218.1	98.3	349	6.04e-253	684
NP_414859.1	YFJ10045.1	98.6	349	6.12e-262	707
NP_418232.2	YFJ09124.1	99.7	348	1.60e-252	683
NP_418077.1	YFJ08918.1	99.4	348	2.31e-261	705
NP_417432.1	YFJ08255.1	99.1	348	2.34e-245	665
NP_416219.1	YFJ11425.1	99.4	348	1.28e-258	698
NP_415641.1	YFJ10825.1	99.4	348	5.66e-262	707
NP_415580.1	YFJ10763.1	99.4	348	1.62e-261	706
NP_415279.1	YFJ10483.1	98.9	348	2.24e-268	723
NP_415243.4	YFJ10427.1	98.3	348	2.10e-232	632
NP_417717.2	YFJ08561.1	100	347	1.07e-245	665
NP_416961.1	YFJ07787.1	98.8	347	4.13e-259	699
NP_416288.1	YFJ07109.1	98.8	347	5.62e-257	694
NP_416278.1	YFJ11480.1	99.7	347	8.94e-254	686
NP_415271.1	YFJ10475.1	98.8	347	4.43e-254	687
NP_414646.1	YFJ09869.1	99.7	347	5.17e-253	684
NP_418184.1	YFJ09075.1	99.7	346	3.37e-253	684
NP_417620.1	YFJ08471.1	99.1	345	4.04e-245	664
NP_417474.1	YFJ08321.1	98.8	340	4.46e-252	681
NP_417311.1	YFJ08118.1	99.1	346	4.10e-254	687
NP_416656.1	YFJ07508.1	99.4	346	2.84e-245	664
NP_416594.1	YFJ07450.1	97.7	346	6.24e-249	674
NP_416141.4	YFJ11347.1	99.1	346	3.01e-256	692
NP_415477.1	YFJ10680.1	98.3	346	3.09e-249	674
NP_415296.1	YFJ10500.1	100	346	1.23e-255	691
NP_415277.1	YFJ10481.1	99.4	346	1.45e-263	711
NP_415193.2	YFJ10389.1	100	346	2.44e-246	667
NP_418473.3	YFJ09456.1	100	345	2.22e-262	707
NP_417897.1	YFJ08728.1	99.7	345	2.04e-258	697
NP_417233.1	YFJ08041.1	98.6	345	1.88e-254	687
NP_417076.1	YFJ07909.1	99.7	345	1.54e-253	685
NP_416994.1	YFJ07820.1	99.7	345	4.81e-257	694
NP_416885.1	YFJ07720.1	98.8	345	1.30e-245	665
NP_415966.6	YFJ11169.1	97.4	345	3.95e-256	692
NP_418089.1	YFJ08928.1	73.2	332	5.03e-180	499
NP_418072.1	YFJ08914.1	98.3	344	7.38e-256	691
NP_416972.4	YFJ07799.1	99.4	344	1.57e-241	655
NP_416611.1	YFJ11618.1	98.5	344	1.88e-233	634
NP_416261.1	YFJ11465.1	100	344	3.81e-258	697
NP_416118.1	YFJ11327.1	99.4	344	1.84e-224	612
NP_418788.1	YFJ09735.1	99.1	343	7.32e-251	678
NP_418506.1	YFJ09487.1	99.4	343	2.03e-232	632
NP_417314.1	YFJ08121.1	99.4	343	1.30e-244	662
NP_415846.1	YFJ11048.1	99.7	343	4.54e-245	664
NP_415173.1	YFJ10369.1	99.1	343	2.63e-244	662
NP_414741.1	YFJ09961.1	99.4	343	2.74e-246	667
NP_418570.1	YFJ09548.1	97.7	342	2.17e-247	669
NP_418403.1	YFJ09364.1	98.0	342	1.05e-254	688
NP_416137.1	YFJ11343.1	98.8	342	6.39e-240	650
NP_416031.1	YFJ11226.1	98.8	342	1.32e-232	632
NP_415514.1	YFJ10709.1	98.2	342	3.45e-244	661
NP_418651.3	YFJ09630.1	98.5	340	2.83e-224	611
NP_418369.1	YFJ09326.1	100	341	1.72e-248	672
NP_418073.1	YFJ08915.1	99.1	341	2.48e-257	694
NP_416684.1	YFJ07536.1	99.1	341	1.37e-254	687
NP_416308.4	YFJ07128.1	99.4	341	3.33e-246	666
NP_416175.1	YFJ11381.1	100	341	2.19e-251	679
NP_415625.1	YFJ10809.1	98.8	341	6.72e-246	665
NP_414721.1	YFJ09940.1	98.5	341	2.18e-203	558
YP_026266.1	YFJ09163.1	99.7	340	1.23e-261	705
NP_418778.4	YFJ09725.1	99.4	340	6.76e-250	676
NP_417812.1	YFJ08646.1	97.4	340	1.13e-257	695
NP_416033.1	YFJ11228.1	99.4	340	6.22e-246	665
NP_416003.1	YFJ11203.1	99.4	340	1.07e-246	667
NP_415615.1	YFJ10799.1	99.7	340	9.21e-248	670
NP_418690.4	YFJ09661.1	98.8	339	9.26e-252	680
NP_418065.1	YFJ08907.1	100	339	6.43e-243	658
NP_418000.1	YFJ08834.1	100	339	4.53e-243	658
NP_417402.1	YFJ08221.1	99.7	339	1.79e-249	674
NP_416097.1	YFJ11308.1	99.1	339	2.66e-251	679
YP_026219.1	YFJ11660.1	96.4	338	5.60e-232	630
NP_418803.1	YFJ09751.1	98.5	338	2.02e-250	677
NP_418529.1	YFJ09508.1	99.4	338	9.45e-240	650
NP_416953.1	YFJ07777.1	99.4	338	4.49e-238	645
NP_416920.1	YFJ07754.1	99.4	338	2.10e-252	682
NP_416281.1	YFJ11483.1	100	338	2.36e-249	674
NP_415280.3	YFJ10484.1	99.7	338	6.83e-258	696
YP_025300.1	YFJ10958.1	99.1	337	3.41e-237	643
NP_417979.1	YFJ08809.1	99.1	336	4.64e-235	638
NP_417536.1	YFJ08390.1	99.7	337	1.92e-243	659
NP_417011.1	YFJ07841.1	81.1	338	3.34e-163	456
NP_416822.1	YFJ07671.1	99.7	337	1.02e-238	647
NP_415958.1	YFJ11160.1	97.3	337	4.15e-238	645
NP_415751.1	YFJ10947.1	100	337	1.72e-246	667
NP_415389.2	YFJ11539.1	99.7	337	1.17e-253	685
NP_414886.1	YFJ10069.1	98.8	337	1.35e-243	659
NP_418360.1	YFJ09317.1	100	336	2.82e-240	651
NP_417210.2	YFJ08019.1	98.8	336	2.71e-238	646
NP_417194.2	YFJ11632.1	98.5	336	5.23e-236	640
NP_416653.1	YFJ07505.1	100	336	8.88e-228	619
NP_416374.1	YFJ07195.1	99.7	336	4.18e-242	655
NP_415995.4	YFJ11195.1	98.8	335	1.15e-239	649
NP_415465.1	YFJ10668.1	99.7	336	9.58e-248	670
NP_417629.1	YFJ08480.1	99.1	335	1.47e-246	667
NP_417431.1	YFJ08254.1	98.2	335	1.24e-238	647
NP_416691.1	YFJ07543.1	99.7	335	2.92e-237	643
NP_418675.1	YFJ09652.1	98.8	334	3.58e-242	655
NP_418596.1	YFJ09574.1	100	334	2.77e-230	625
NP_418393.1	YFJ09353.1	99.4	334	1.36e-246	667
NP_417997.1	YFJ08831.1	98.8	334	6.19e-243	657
NP_417843.1	YFJ08671.1	100	334	5.53e-246	665
NP_416602.1	YFJ07458.1	99.4	334	8.08e-239	647
NP_416480.1	YFJ07295.1	99.7	334	3.94e-255	688
NP_416455.1	YFJ07276.1	99.7	334	1.07e-243	659
NP_416193.1	YFJ11400.1	99.1	334	9.84e-240	649
NP_415763.1	YFJ10959.1	99.7	334	6.73e-247	667
NP_415617.1	YFJ10801.1	98.8	334	2.86e-248	671
NP_415122.1	YFJ10323.1	99.1	334	1.01e-216	591
NP_414807.1	YFJ09652.1	87.4	334	8.30e-216	589
NP_414622.1	YFJ09846.1	100	334	3.07e-243	658
NP_416140.1	YFJ11346.1	99.1	333	2.23e-240	651
NP_415391.1	YFJ10596.1	99.7	333	2.00e-243	659
NP_418653.1	YFJ09632.1	100	332	2.44e-248	671
NP_418032.1	YFJ08867.1	99.4	332	2.34e-246	666
NP_417041.1	YFJ07873.1	98.2	332	5.19e-202	554
NP_416905.1	YFJ07739.1	99.1	332	1.82e-234	636
NP_416655.1	YFJ07507.1	100	332	1.40e-238	646
NP_415836.1	YFJ11040.1	96.7	332	2.37e-230	625
NP_415316.1	YFJ11535.1	98.8	331	2.52e-195	537
YP_026222.1	YFJ08726.1	100	331	1.57e-239	649
NP_418652.2	YFJ09631.1	98.5	331	1.65e-225	613
NP_418018.1	YFJ08853.1	96.7	331	1.24e-236	641
NP_417627.1	YFJ08478.1	99.4	331	2.26e-248	671
NP_417393.1	YFJ08212.1	98.5	331	1.68e-234	636
NP_416824.1	YFJ07673.1	98.8	331	5.78e-226	614
NP_416449.1	YFJ07270.1	99.7	331	4.07e-226	615
NP_416293.1	YFJ07113.1	100	331	2.43e-243	658
NP_415288.1	YFJ10492.1	99.7	331	6.28e-255	687
NP_418209.1	YFJ09103.1	99.7	330	1.25e-240	651
NP_418200.1	YFJ09095.1	99.7	330	1.72e-247	669
NP_418023.1	YFJ08858.1	99.1	330	1.18e-229	624
NP_417221.1	YFJ08029.1	99.7	330	2.37e-229	623
NP_417165.1	YFJ07975.1	99.7	330	6.25e-250	675
NP_416032.1	YFJ11227.1	99.7	330	2.54e-224	610
NP_415946.1	YFJ11150.1	98.5	330	2.21e-234	635
NP_415807.1	YFJ11011.1	100	330	4.22e-248	670
NP_415398.1	YFJ10603.1	99.4	318	3.89e-232	629
NP_415121.1	YFJ10322.1	98.5	330	6.66e-220	599
NP_418352.1	YFJ09309.1	100	329	3.08e-245	663
NP_418324.1	YFJ11686.1	100	313	4.78e-236	639
NP_417754.1	YFJ08603.1	100	329	2.14e-236	640
NP_417587.1	YFJ08442.1	100	329	6.39e-238	644
NP_416414.1	YFJ07231.1	100	329	2.71e-239	648
NP_415898.1	YFJ11128.1	100	329	1.57e-238	646
NP_415302.1	YFJ10506.1	99.4	329	2.64e-246	665
NP_414594.1	YFJ09822.1	98.5	329	1.83e-237	643
YP_026162.2	YFJ11597.1	100	328	1.34e-218	595
NP_418296.1	YFJ09204.1	99.1	328	1.79e-248	671
NP_418036.1	YFJ08871.1	99.1	328	4.46e-233	632
NP_417664.1	YFJ08515.1	100	328	1.69e-237	643
NP_417573.1	YFJ08429.1	99.4	328	5.18e-257	692
NP_417558.2	YFJ08411.1	98.2	328	9.00e-233	631
NP_417470.1	YFJ08317.1	100	328	1.32e-259	699
NP_416907.1	YFJ07742.1	93.1	332	6.81e-183	505
NP_416678.1	YFJ07530.1	99.7	328	4.72e-244	660
NP_416429.4	YFJ07256.1	99.7	328	5.67e-236	639
NP_416001.1	YFJ11201.1	98.2	328	1.02e-238	646
NP_415435.1	YFJ10638.1	98.5	328	1.07e-240	651
NP_418475.1	YFJ09458.1	99.1	327	2.67e-229	622
NP_418345.2	YFJ09258.1	99.4	327	2.51e-218	595
NP_417998.1	YFJ08832.1	99.4	327	9.06e-237	641
NP_417546.1	YFJ08400.1	97.6	327	7.98e-231	626
NP_417043.1	YFJ07875.1	98.8	327	2.56e-227	617
NP_416229.1	YFJ11435.1	99.1	327	2.23e-237	643
NP_415858.1	YFJ11059.1	100	327	8.81e-244	659
NP_415066.2	YFJ10234.1	97.6	327	2.88e-235	638
NP_414610.1	YFJ09836.1	98.2	327	1.15e-239	649
NP_418729.1	YFJ09681.1	97.9	326	1.66e-252	681
NP_418510.1	YFJ09492.1	99.4	326	5.11e-222	604
NP_417425.2	YFJ08245.1	98.2	326	8.62e-230	624
NP_417374.1	YFJ08191.1	98.5	326	2.40e-236	640
NP_417085.1	YFJ07918.1	99.1	326	5.06e-238	644
NP_416531.4	YFJ11613.1	91.7	326	8.14e-205	560
NP_416285.1	YFJ07106.1	99.1	326	6.16e-239	647
NP_416226.1	YFJ11432.1	100	326	4.09e-228	619
NP_415945.1	YFJ11149.1	89.3	326	5.68e-203	556
NP_418579.2	YFJ09559.1	100	325	4.01e-239	647
NP_417663.1	YFJ08514.1	99.1	325	8.75e-218	593
NP_417145.4	YFJ07954.1	98.8	325	2.71e-237	642
NP_416785.1	YFJ07634.1	99.7	325	5.24e-235	637
NP_415819.4	YFJ11023.1	99.4	325	1.50e-234	635
NP_414951.1	YFJ10124.1	100	325	5.30e-244	659
NP_418009.2	YFJ08844.1	99.1	324	9.37e-233	631
NP_417719.1	YFJ08563.1	97.8	324	2.69e-232	630
NP_417063.1	YFJ07895.1	99.4	324	4.90e-244	659
NP_415791.1	YFJ10987.1	99.7	324	2.92e-236	640
NP_414953.2	YFJ10126.1	99.4	324	4.33e-238	644
NP_414903.4	YFJ10082.1	100	324	1.81e-230	625
NP_417654.1	YFJ08505.1	100	323	7.43e-234	634
NP_416909.1	YFJ07744.1	100	323	2.78e-229	622
NP_416774.2	YFJ07626.1	94.1	323	6.79e-228	619
NP_416385.1	YFJ07205.1	99.4	323	8.17e-247	666
NP_416369.1	YFJ07190.1	100	323	7.00e-248	669
NP_416331.1	YFJ07151.1	100	323	2.66e-227	617
NP_414943.1	YFJ10116.1	100	323	7.63e-227	616
NP_418805.1	YFJ09753.1	99.7	322	1.69e-234	635
NP_418584.1	YFJ09562.1	100	322	7.47e-238	644
NP_416757.1	YFJ07608.1	99.4	322	1.27e-229	623
NP_416258.1	YFJ11462.1	99.7	322	1.25e-245	663
NP_415393.1	YFJ10598.1	99.4	322	6.96e-243	656
YP_026201.1	YFJ08412.1	99.7	319	2.97e-223	607
NP_418631.2	YFJ11495.1	99.4	321	6.36e-234	634
NP_418404.1	YFJ09365.1	99.1	321	7.42e-233	631
NP_418206.1	YFJ09101.1	99.4	321	1.88e-210	574
NP_417726.1	YFJ08577.1	100	321	2.07e-239	647
NP_417651.1	YFJ08502.1	100	321	6.26e-225	611
NP_417405.1	YFJ08224.1	99.1	321	3.68e-233	632
NP_417188.4	YFJ07997.1	100	321	2.66e-226	614
NP_416889.1	YFJ07724.1	99.7	321	9.82e-238	643
NP_416603.1	YFJ07459.1	99.1	321	4.67e-236	639
NP_416556.1	YFJ07414.1	99.7	321	8.77e-241	651
NP_416317.1	YFJ07138.1	96.3	321	8.66e-232	628
NP_415841.4	YFJ11045.1	97.8	321	2.28e-227	617
NP_415809.1	YFJ11013.1	99.7	321	3.02e-232	629
NP_415408.1	YFJ10613.1	99.4	321	3.15e-234	634
NP_415349.1	YFJ10555.1	98.8	321	1.08e-225	613
NP_415161.1	YFJ10358.1	100	321	2.62e-242	655
NP_418351.1	YFJ09308.1	100	320	6.13e-236	639
NP_416764.1	YFJ07616.1	97.8	320	5.88e-234	634
NP_415631.1	YFJ10815.1	99.1	320	1.62e-231	627
NP_415321.1	YFJ10524.1	99.7	320	9.08e-238	643
NP_415008.1	YFJ10181.1	99.4	320	4.50e-238	644
NP_414899.2	YFJ10078.1	98.8	320	2.02e-225	612
YP_026181.1	YFJ07992.1	98.7	319	1.60e-226	615
NP_418368.1	YFJ09325.1	95.3	319	2.95e-190	523
NP_418183.1	YFJ09074.1	100	319	2.97e-222	604
NP_418167.1	YFJ09063.1	98.1	319	5.67e-236	639
NP_418078.1	YFJ08919.1	96.2	317	1.37e-227	617
NP_418071.4	YFJ08913.1	98.4	319	4.11e-229	621
NP_417162.1	YFJ07972.1	98.7	319	5.44e-234	634
NP_415604.1	YFJ10788.1	99.7	319	2.66e-225	612
NP_415456.4	YFJ10659.1	95.3	319	4.52e-217	591
NP_415009.1	YFJ10182.1	99.4	319	9.51e-244	658
NP_414727.1	YFJ09946.1	99.1	319	2.77e-227	617
NP_418772.4	YFJ09719.1	99.4	318	4.31e-235	636
NP_418648.1	YFJ09628.1	99.4	318	2.75e-222	604
NP_418497.1	YFJ09479.1	98.7	318	1.94e-222	604
NP_417483.2	YFJ08328.1	99.7	299	1.56e-212	578
NP_417066.1	YFJ07898.1	100	318	7.36e-227	615
NP_415309.1	YFJ10513.1	98.4	318	2.02e-224	609
NP_415124.1	YFJ10325.1	98.7	318	4.56e-221	601
NP_418272.1	YFJ09166.1	99.7	317	2.81e-235	637
NP_415609.1	YFJ10793.1	100	317	2.89e-228	619
NP_415601.1	YFJ10784.1	98.7	317	9.74e-211	575
NP_415377.1	YFJ10583.1	99.7	317	6.08e-230	623
NP_415289.4	YFJ10493.1	99.7	317	2.58e-231	627
NP_415162.4	YFJ10359.1	98.4	317	1.74e-229	622
NP_415097.1	YFJ10293.1	99.4	317	2.93e-237	642
NP_414549.1	YFJ09777.1	99.7	317	1.67e-227	617
NP_418592.1	YFJ09570.1	99.7	316	3.80e-228	619
NP_418405.1	YFJ09366.1	100	316	2.91e-232	629
NP_418260.1	YFJ09152.1	100	316	2.99e-225	611
NP_417422.1	YFJ08242.1	99.4	316	1.83e-235	637
NP_416959.1	YFJ07785.1	99.4	316	3.80e-228	619
NP_416492.1	YFJ07315.1	98.4	316	4.25e-225	611
NP_415849.1	YFJ11050.1	100	316	3.16e-236	639
NP_414885.1	YFJ10068.1	99.4	316	1.30e-219	597
NP_414857.1	YFJ10043.1	98.4	316	6.30e-227	615
NP_414570.1	YFJ09798.1	100	316	1.88e-228	619
NP_418662.1	YFJ09641.1	99.7	315	2.37e-226	614
NP_417746.1	YFJ08595.1	97.8	315	4.79e-226	613
NP_416978.4	YFJ07805.1	97.5	315	7.99e-209	570
NP_416645.1	YFJ07497.1	98.7	315	6.86e-233	630
NP_416286.4	YFJ07107.1	99.7	315	1.60e-224	609
NP_415725.1	YFJ11553.1	100	315	5.59e-225	610
NP_414966.1	YFJ10139.1	100	315	2.69e-232	629
NP_417934.1	YFJ08760.1	99.7	314	1.73e-223	607
NP_417635.1	YFJ08486.1	100	314	3.25e-228	619
NP_416873.1	YFJ07708.1	100	314	6.19e-217	590
NP_416121.1	YFJ11330.1	99.7	314	1.30e-218	594
NP_414882.1	YFJ10066.1	99.4	314	1.18e-230	625
NP_414618.4	YFJ09843.1	99.4	314	2.39e-230	624
YP_026260.1	YFJ09142.1	99.4	313	3.37e-225	611
NP_416671.1	YFJ07522.1	99.4	313	5.20e-229	620
NP_416667.1	YFJ07518.1	98.7	313	9.77e-234	632
NP_415959.1	YFJ11161.1	98.7	313	1.08e-221	602
NP_415599.1	YFJ10782.1	99.4	313	2.18e-221	601
NP_415273.1	YFJ10477.1	99.4	313	8.27e-226	612
NP_414624.1	YFJ09848.1	100	313	4.58e-223	605
NP_414584.1	YFJ09811.1	99.0	313	1.31e-222	604
NP_414566.1	YFJ09794.1	99.7	313	2.47e-227	616
NP_417703.1	YFJ08547.1	99.7	312	1.07e-216	589
NP_417588.1	YFJ08443.1	100	312	2.35e-220	598
NP_416792.1	YFJ07641.1	99.4	312	8.20e-221	600
NP_416673.1	YFJ07524.1	100	312	1.38e-228	619
NP_416670.1	YFJ07521.1	98.1	312	8.42e-214	582
NP_416213.1	YFJ11419.1	98.4	312	8.56e-223	605
NP_415551.2	YFJ10738.1	98.7	312	1.90e-235	637
NP_418666.1	YFJ09646.1	100	311	4.09e-225	610
NP_418512.1	YFJ09494.1	99.4	311	2.00e-216	588
NP_417316.1	YFJ08123.1	98.4	311	2.84e-216	588
NP_416865.1	YFJ07700.1	97.7	311	2.57e-228	619
NP_415860.1	YFJ11062.1	99.7	311	4.64e-231	625
NP_415184.1	YFJ10380.1	99.0	311	8.98e-229	620
NP_418299.1	YFJ09207.1	99.4	310	5.01e-230	623
NP_418076.1	YFJ08917.1	99.7	310	2.13e-231	626
NP_417708.1	YFJ08552.1	99.4	310	5.30e-216	587
NP_417532.1	YFJ08386.1	99.7	310	5.01e-230	623
NP_417350.1	YFJ08168.1	99.7	310	3.89e-218	593
NP_416849.1	YFJ07699.1	99.0	310	3.06e-215	585
NP_416833.4	YFJ07682.1	99.4	310	1.28e-232	629
NP_416638.4	YFJ07492.1	99.7	310	2.63e-216	588
NP_416494.1	YFJ07317.1	99.0	310	1.43e-227	617
NP_416371.4	YFJ07192.1	95.2	310	5.43e-209	570
NP_416176.1	YFJ11382.1	99.7	310	2.81e-236	639
NP_415240.1	YFJ10424.1	99.0	310	1.82e-232	629
NP_415018.1	YFJ10191.1	97.7	310	2.10e-222	603
NP_414850.1	YFJ10037.1	99.0	310	3.79e-225	610
NP_414544.1	YFJ09772.1	99.4	310	2.90e-229	621
YP_026247.1	YFJ09112.1	100	309	2.30e-230	624
NP_418508.1	YFJ09490.1	97.4	309	1.05e-226	614
NP_418437.1	YFJ09393.1	98.4	309	2.79e-231	626
NP_418327.1	YFJ09241.1	98.7	309	2.57e-227	616
NP_418208.1	YFJ11680.1	99.4	309	4.31e-210	572
NP_417983.2	YFJ08813.1	100	309	2.47e-225	611
NP_417710.1	YFJ08554.1	100	309	2.03e-224	608
NP_417678.1	YFJ08529.1	99.7	308	3.69e-236	638
NP_416519.4	YFJ07384.1	99.4	309	1.94e-222	603
NP_416237.3	YFJ11588.1	99.7	309	4.03e-215	585
NP_416127.1	YFJ11336.1	99.7	309	1.49e-226	614
NP_415610.1	YFJ10794.1	100	309	1.47e-217	591
YP_026195.1	YFJ08331.1	97.4	308	3.48e-220	598
NP_418365.1	YFJ09322.1	99.7	308	6.73e-218	592
NP_418315.3	YFJ09228.1	95.6	298	8.28e-217	589
NP_417914.1	YFJ08740.1	99.7	308	2.31e-209	570
NP_416904.1	YFJ07738.1	98.4	308	9.56e-218	592
NP_416633.1	YFJ07487.1	98.4	308	1.93e-217	591
NP_416403.1	YFJ07223.1	99.4	308	9.16e-216	587
NP_416041.1	YFJ11236.1	100	308	4.42e-223	605
NP_416000.1	YFJ11200.1	98.4	308	4.23e-221	600
NP_415328.4	YFJ10531.1	98.7	308	3.52e-229	620
NP_415037.1	YFJ10206.1	99.7	308	1.13e-225	612
NP_414686.3	YFJ09906.1	96.0	298	4.45e-216	587
NP_414669.1	YFJ09890.1	100	308	5.77e-219	595
NP_418116.1	YFJ09008.1	99.7	305	1.13e-204	558
NP_417202.1	YFJ08011.1	99.7	307	4.03e-214	582
NP_416313.4	YFJ07134.1	99.3	307	7.06e-224	607
NP_415939.2	YFJ11144.1	99.7	307	2.76e-221	600
NP_415586.1	YFJ10769.1	99.7	307	2.20e-227	616
NP_418461.1	YFJ09446.1	99.7	306	2.51e-212	578
NP_417412.1	YFJ08231.1	100	306	3.14e-231	625
NP_416879.4	YFJ07714.1	99.0	306	5.43e-232	627
NP_416468.1	YFJ07287.1	99.7	306	1.56e-206	563
NP_415760.1	YFJ10956.1	100	306	7.71e-207	564
NP_415572.1	YFJ10756.1	99.3	306	1.45e-236	639
NP_415520.1	YFJ10715.1	99.0	306	1.08e-222	604
NP_415352.1	YFJ10557.1	99.0	306	2.86e-218	593
NP_415340.1	YFJ10543.1	99.7	306	1.37e-225	611
NP_414634.1	YFJ09858.1	100	306	8.54e-220	597
NP_418396.1	YFJ09358.1	100	305	2.02e-222	603
NP_417288.1	YFJ08091.1	100	305	2.36e-221	600
NP_417235.1	YFJ08043.1	99.0	305	7.90e-220	597
NP_416771.4	YFJ07623.1	99.0	305	1.14e-228	619
NP_416635.1	YFJ07489.1	96.4	305	5.02e-207	564
NP_416493.1	YFJ07316.1	99.0	305	5.25e-209	569
NP_416467.1	YFJ07286.1	99.7	305	2.66e-202	552
NP_415022.1	YFJ10199.1	100	305	5.25e-163	453
NP_414638.1	YFJ09862.1	100	305	1.27e-225	611
YP_026290.1	YFJ09724.1	99.7	304	4.41e-221	600
NP_416819.1	YFJ07668.1	100	304	9.95e-218	591
NP_416037.2	YFJ11232.1	99.3	304	1.36e-215	586
NP_416019.1	YFJ11219.1	98.0	304	1.47e-219	596
NP_415710.1	YFJ10879.1	98.0	304	3.37e-225	610
NP_414744.1	YFJ09964.1	99.3	304	1.45e-210	573
NP_414571.1	YFJ09799.1	98.4	304	5.36e-222	602
NP_418747.1	YFJ09700.1	99.3	303	4.76e-220	597
NP_418017.1	YFJ08851.1	99.7	303	6.10e-232	627
NP_417533.1	YFJ08387.1	100	303	1.17e-220	598
NP_416916.1	YFJ07750.1	98.3	303	3.08e-216	587
NP_416211.1	YFJ11417.1	99.3	303	4.81e-229	620
NP_415700.4	YFJ10866.1	99.7	303	4.69e-211	574
NP_415637.1	YFJ10821.1	100	303	3.02e-232	628
NP_415353.1	YFJ10558.1	99.7	303	4.89e-213	579
NP_414959.1	YFJ10132.1	99.7	303	3.25e-227	615
NP_414927.1	YFJ10102.1	100	303	1.25e-215	586
NP_418542.1	YFJ09521.1	99.3	302	9.66e-224	606
NP_417232.1	YFJ08040.1	99.7	302	2.12e-227	615
NP_415855.1	YFJ11056.1	99.3	302	2.97e-218	592
NP_415761.1	YFJ10957.1	99.7	302	5.92e-193	528
NP_415752.1	YFJ10948.1	100	302	1.26e-219	596
NP_415420.1	YFJ10624.1	98.7	302	3.10e-220	597
NP_415301.1	YFJ10505.1	97.7	302	1.45e-209	570
NP_415188.1	YFJ10384.1	99.7	302	4.93e-217	589
NP_415149.4	YFJ10347.1	99.7	302	9.14e-213	578
NP_414928.2	YFJ10103.1	99.3	302	1.60e-222	603
YP_026214.1	YFJ08670.1	99.0	301	6.48e-217	589
NP_418693.1	YFJ12260.1	99.0	301	9.16e-227	618
NP_418378.4	YFJ09339.1	99.7	301	2.71e-209	570
NP_417517.1	YFJ12260.1	99.0	301	9.16e-227	618
NP_417337.1	YFJ12260.1	99.0	301	9.16e-227	618
NP_417061.1	YFJ07893.1	99.3	301	9.20e-217	588
NP_416500.1	YFJ12260.1	99.0	301	9.16e-227	618
NP_415920.1	YFJ12260.1	99.0	301	9.16e-227	618
NP_415835.1	YFJ11039.1	98.7	301	2.50e-239	645
NP_415750.2	YFJ10946.1	99.7	301	2.02e-220	598
NP_414895.1	YFJ12260.1	99.0	301	9.16e-227	618
NP_414561.1	YFJ09788.1	99.7	299	5.60e-222	602
NP_418740.1	YFJ09692.1	99.7	300	3.47e-216	587
NP_418350.1	YFJ09307.1	99.7	300	2.24e-212	577
NP_418329.1	YFJ09243.1	100	300	6.12e-235	634
NP_417999.1	YFJ08833.1	100	300	4.36e-194	531
NP_415373.1	YFJ10579.1	100	300	1.41e-215	585
NP_415136.1	YFJ10337.1	88.7	300	8.79e-194	530
NP_414674.1	YFJ09895.1	91.9	310	2.20e-194	532
NP_418271.1	YFJ09165.1	99.7	299	8.22e-219	593
NP_417978.2	YFJ08808.1	98.7	299	4.56e-216	587
NP_416931.1	YFJ11623.1	96.7	299	2.48e-229	620
NP_416926.4	YFJ07760.1	99.7	299	7.34e-222	601
NP_416747.1	YFJ07598.1	93.9	311	2.18e-210	573
NP_416590.1	YFJ07448.1	98.0	299	1.59e-216	588
NP_416523.1	YFJ07388.1	99.7	299	2.08e-212	577
NP_416050.4	YFJ11245.1	99.0	299	7.44e-206	561
NP_415395.2	YFJ10600.1	98.7	299	1.87e-199	545
NP_415345.2	YFJ10551.1	98.7	299	3.95e-226	612
NP_414955.1	YFJ10128.1	99.7	299	3.44e-211	574
NP_414872.3	YFJ11520.1	97.0	299	3.69e-206	561
YP_025305.1	YFJ11369.1	100	298	4.78e-222	602
NP_418319.2	YFJ09232.1	98.7	298	4.92e-215	584
NP_418318.1	YFJ09231.1	98.3	298	2.93e-207	564
NP_418256.1	YFJ09147.1	100	298	3.77e-219	594
NP_417576.1	YFJ08432.1	99.3	298	9.13e-211	573
NP_417396.4	YFJ08215.1	99.7	298	1.08e-218	593
NP_417370.1	YFJ08187.1	100	298	9.93e-215	583
NP_416923.1	YFJ07757.1	98.0	298	2.40e-206	562
NP_416002.1	YFJ11202.1	98.7	298	3.27e-204	556
NP_415927.1	YFJ11135.1	91.6	298	7.54e-194	530
NP_418221.1	YFJ09114.1	99.0	296	6.23e-215	583
NP_418136.2	YFJ09035.1	98.0	297	6.54e-224	606
NP_417692.1	YFJ08536.1	100	297	9.19e-215	583
NP_417391.1	YFJ08210.1	100	297	4.75e-217	589
NP_416807.1	YFJ07656.1	99.3	297	2.19e-222	602
NP_416546.1	YFJ07404.1	99.7	297	8.81e-213	578
NP_416112.1	YFJ11321.1	99.7	297	2.63e-214	582
NP_415981.1	YFJ11182.1	97.0	297	1.66e-217	590
NP_415439.1	YFJ10642.1	100	297	3.52e-228	617
NP_415054.1	YFJ10222.1	98.7	297	1.91e-207	565
NP_414651.1	YFJ09873.1	99.7	296	7.24e-212	576
YP_026262.1	YFJ09157.1	100	296	1.65e-212	577
NP_418513.4	YFJ11490.1	100	296	1.41e-213	580
NP_418456.1	YFJ09441.1	100	296	1.06e-208	568
NP_418376.1	YFJ09337.1	99.7	296	1.12e-219	595
NP_418207.1	YFJ09102.1	99.7	296	1.55e-201	550
NP_418182.1	YFJ09073.1	99.0	296	6.60e-203	553
NP_417032.1	YFJ07864.1	98.3	296	1.30e-209	570
NP_416808.1	YFJ07657.1	98.6	296	8.15e-213	578
NP_416759.1	YFJ07610.1	97.6	296	6.05e-224	606
NP_416052.1	YFJ11249.1	98.6	296	7.07e-223	603
NP_415808.1	YFJ11012.1	100	296	1.92e-211	575
NP_415099.1	YFJ10295.1	98.0	296	6.99e-214	581
NP_414962.1	YFJ10135.1	100	296	4.72e-212	576
NP_414865.1	YFJ10051.1	98.3	296	9.78e-205	558
NP_414694.1	YFJ09914.1	99.3	296	4.77e-221	599
NP_417909.1	YFJ08735.1	100	295	1.40e-208	567
NP_416935.1	YFJ07768.1	99.7	295	8.09e-208	565
NP_416404.1	YFJ07224.1	99.3	295	9.69e-200	545
NP_416255.1	YFJ11459.1	98.3	295	2.45e-218	592
NP_415334.1	YFJ10537.1	99.7	295	2.04e-201	549
NP_417632.1	YFJ08483.1	100	294	8.50e-214	580
NP_417594.3	YFJ08447.1	100	294	2.12e-203	554
NP_417476.1	YFJ08323.1	100	294	1.21e-213	580
NP_416900.1	YFJ07733.1	98.3	294	1.35e-210	572
NP_416648.1	YFJ07500.1	99.7	294	5.98e-214	581
NP_416294.4	YFJ07114.1	98.0	294	9.62e-220	595
NP_415992.1	YFJ11192.1	99.3	294	5.85e-230	621
NP_414945.1	YFJ10118.1	100	294	2.21e-234	632
NP_418236.1	YFJ09128.1	99.7	293	3.48e-217	589
NP_417725.1	YFJ08576.1	99.3	293	5.15e-219	593
NP_417072.4	YFJ07905.1	96.6	293	6.37e-204	555
NP_416662.1	YFJ07513.1	99.7	293	7.23e-210	570
NP_416543.1	YFJ09128.1	67.4	285	7.41e-136	383
NP_416343.1	YFJ07165.1	99.7	293	1.23e-201	550
NP_416043.1	YFJ11238.1	98.3	293	2.74e-214	582
NP_415990.5	YFJ11190.1	99.0	293	5.31e-212	576
NP_415827.1	YFJ11031.1	100	293	4.88e-208	566
NP_415782.1	YFJ10976.1	99.7	293	7.63e-221	598
NP_418534.4	YFJ09513.1	96.9	292	8.49e-213	578
NP_418387.3	YFJ09347.1	99.0	292	5.12e-214	581
NP_418317.1	YFJ09230.1	99.3	292	7.81e-209	568
NP_418148.1	YFJ09047.1	97.9	292	2.33e-210	572
NP_417870.1	YFJ08700.1	99.0	292	1.47e-213	580
NP_417860.2	YFJ08688.1	100	292	2.27e-217	589
NP_417838.1	YFJ08666.1	98.3	292	4.04e-211	573
NP_417628.2	YFJ08479.1	99.7	292	1.66e-219	595
NP_417343.1	YFJ08162.1	98.6	292	4.21e-213	578
NP_417105.1	YFJ07934.1	99.7	292	7.58e-216	585
NP_416973.1	YFJ07800.1	99.7	292	3.46e-212	576
NP_415191.1	YFJ10387.1	100	292	4.52e-208	566
NP_415146.1	YFJ10344.1	98.6	292	4.04e-211	573
NP_415042.1	YFJ10211.1	99.7	292	2.06e-204	556
NP_414606.1	YFJ11504.1	100	292	9.31e-226	610
YP_026168.2	YFJ07752.1	99.7	291	2.42e-207	564
NP_417689.4	YFJ08533.1	96.6	291	3.24e-196	536
NP_417305.1	YFJ08111.1	100	291	1.60e-221	600
NP_416034.1	YFJ11229.1	98.3	291	4.36e-210	571
NP_415785.1	YFJ10979.1	100	291	5.30e-211	573
NP_418464.1	YFJ09449.1	100	290	5.18e-197	538
NP_418446.1	YFJ09409.1	98.3	290	6.41e-207	563
NP_418322.1	YFJ09235.1	100	290	5.79e-194	530
NP_417258.4	YFJ08062.1	92.1	265	2.05e-171	473
NP_417207.1	YFJ08016.1	99.7	290	5.56e-217	588
NP_417039.1	YFJ07871.1	96.6	290	1.09e-223	605
NP_416354.1	YFJ07175.1	97.9	290	4.33e-205	558
NP_418813.1	YFJ09763.1	100	289	5.36e-219	593
NP_418569.1	YFJ09547.1	97.9	289	1.10e-202	552
NP_418265.1	YFJ09159.1	99.3	289	2.88e-223	604
NP_417814.1	YFJ08648.1	100	289	8.53e-216	585
NP_416930.1	YFJ07764.1	99.0	289	8.66e-200	545
NP_416367.1	YFJ07188.1	99.7	289	3.02e-200	546
NP_415257.1	YFJ10446.1	100	289	1.99e-205	559
NP_417463.4	YFJ08310.1	99.7	288	1.80e-221	599
NP_416207.1	YFJ11414.1	99.3	288	4.20e-211	573
NP_415062.1	YFJ10230.1	99.3	288	1.64e-208	566
NP_414883.5	YFJ11521.1	99.3	288	4.07e-218	591
NP_414663.1	YFJ09884.1	99.7	288	2.46e-219	594
NP_418796.1	YFJ09744.1	94.8	287	1.21e-189	519
NP_418189.1	YFJ09084.1	100	287	2.22e-201	548
NP_418101.1	YFJ08941.1	98.6	287	9.27e-194	529
NP_416970.1	YFJ07797.1	100	287	7.01e-214	580
NP_416708.1	YFJ07558.1	99.7	287	1.79e-216	587
NP_416153.1	YFJ11584.1	99.7	286	1.07e-210	572
NP_415416.1	YFJ10620.1	99.3	287	3.15e-201	548
NP_414853.1	YFJ10040.1	96.5	287	7.53e-209	567
NP_418753.3	YFJ09707.1	83.5	279	1.44e-163	452
NP_418632.1	YFJ09614.1	97.6	286	5.55e-190	520
NP_418039.2	YFJ08874.1	97.6	286	4.03e-208	565
NP_417615.1	YFJ08466.1	100	286	1.57e-203	554
NP_417606.1	YFJ08461.1	100	286	5.72e-208	565
NP_417399.1	YFJ08218.1	99.3	286	8.21e-176	484
NP_417249.4	YFJ08056.1	97.9	286	2.40e-200	546
NP_416398.1	YFJ07218.1	99.3	286	2.08e-210	571
NP_416239.1	YFJ11443.1	99.7	286	1.54e-221	599
NP_415924.1	YFJ11132.1	99.0	286	6.41e-205	557
NP_414986.1	YFJ10159.1	100	286	3.21e-214	581
NP_418402.2	YFJ09363.1	99.3	285	2.82e-203	553
NP_416922.1	YFJ07756.1	96.5	285	2.60e-183	503
NP_416883.1	YFJ07718.1	98.9	285	7.29e-215	582
NP_416765.1	YFJ07617.1	99.6	285	1.26e-215	584
NP_416664.1	YFJ07515.1	98.9	285	2.25e-209	568
NP_416161.4	YFJ11366.1	99.6	285	9.42e-202	549
NP_415877.1	YFJ11075.1	100	285	3.58e-206	560
NP_415496.1	YFJ10699.1	98.9	285	2.85e-212	576
NP_415424.1	YFJ11542.1	100	285	1.58e-209	569
NP_415127.1	YFJ10328.1	99.3	285	2.01e-212	576
NP_414717.2	YFJ09936.1	99.3	285	1.77e-206	561
NP_418618.1	YFJ09596.1	99.3	284	1.20e-208	566
NP_417918.1	YFJ08744.1	100	284	1.69e-199	543
NP_417672.1	YFJ08523.1	100	284	9.89e-208	564
NP_417029.4	YFJ07861.1	98.9	284	1.07e-211	574
NP_416599.2	YFJ07455.1	99.3	284	6.40e-204	555
NP_416295.1	YFJ07115.1	97.9	284	1.51e-202	551
NP_416107.1	YFJ11316.1	98.6	284	6.40e-204	555
NP_415733.1	YFJ10931.1	100	284	1.35e-205	559
NP_415025.4	YFJ11525.1	99.3	284	2.30e-197	538
NP_414839.1	YFJ10027.1	99.6	284	2.95e-209	568
NP_414653.1	YFJ09875.1	99.6	284	2.33e-206	561
NP_418389.1	YFJ09349.1	99.6	283	9.15e-208	564
NP_416913.1	YFJ07748.1	98.9	283	8.07e-202	549
NP_416476.1	YFJ07292.1	99.6	283	3.09e-215	583
NP_416333.4	YFJ07153.1	100	283	1.20e-203	554
NP_415726.1	YFJ10925.1	99.3	283	1.58e-208	566
NP_414902.1	YFJ10081.1	98.9	283	2.85e-211	573
NP_414712.1	YFJ09931.1	100	283	2.04e-195	533
NP_414675.1	YFJ09897.1	98.6	283	1.56e-199	543
NP_418342.2	YFJ11687.1	99.3	282	1.53e-210	571
NP_418031.1	YFJ08866.1	99.6	282	3.86e-204	555
NP_417644.4	YFJ08495.1	100	282	2.61e-202	550
NP_417274.1	YFJ08078.1	98.2	282	1.12e-212	577
NP_417056.2	YFJ07888.1	99.6	282	2.68e-195	533
NP_416987.1	YFJ07814.1	97.5	282	2.80e-197	538
NP_416572.1	YFJ07432.1	97.1	280	6.39e-206	560
NP_418522.1	YFJ11491.1	99.6	281	5.75e-210	570
NP_418362.1	YFJ09319.1	100	281	1.16e-209	569
NP_417908.1	YFJ08734.1	98.9	281	4.29e-196	535
NP_417016.4	YFJ07846.1	98.9	281	2.85e-210	570
NP_415980.1	YFJ11181.1	96.4	281	8.16e-210	569
NP_415378.1	YFJ10584.1	100	281	3.38e-193	527
NP_418051.1	YFJ08890.1	99.6	280	5.26e-201	547
NP_417956.1	YFJ08778.1	98.9	280	1.40e-205	558
NP_416249.1	YFJ11453.1	99.3	280	4.50e-202	550
NP_415828.1	YFJ11032.1	98.6	280	8.96e-193	526
NP_415748.1	YFJ10944.1	99.6	280	1.20e-206	561
NP_414591.1	YFJ09819.1	98.6	280	1.12e-216	587
YP_026246.1	YFJ09106.1	100	279	1.77e-203	553
NP_416563.1	YFJ07421.1	99.3	279	2.44e-210	570
NP_415638.3	YFJ10822.1	100	273	4.74e-202	549
NP_418341.1	YFJ09256.1	99.3	278	4.19e-206	560
NP_417846.1	YFJ08674.1	99.6	278	1.25e-207	563
NP_417320.1	YFJ08127.1	98.6	278	1.30e-209	568
NP_416949.1	YFJ07773.1	99.6	278	2.53e-207	563
NP_416659.1	YFJ07511.1	97.8	278	9.57e-212	574
NP_416287.1	YFJ07108.1	99.6	278	5.71e-204	554
NP_418331.1	YFJ09245.1	98.9	277	3.57e-202	550
NP_417935.1	YFJ08761.1	100	277	2.70e-197	537
NP_416919.1	YFJ07753.1	98.9	277	5.84e-192	524
NP_416902.1	YFJ07736.1	97.1	277	3.83e-197	537
NP_416218.1	YFJ11424.1	100	277	1.39e-199	543
NP_415730.1	YFJ10929.1	98.2	277	4.17e-201	547
NP_415555.1	YFJ10741.1	100	277	1.34e-197	538
NP_414889.1	YFJ10072.1	95.7	277	2.15e-203	553
NP_414880.2	YFJ10064.1	98.6	277	3.02e-194	530
YP_026220.1	YFJ08711.1	99.3	276	1.78e-206	560
NP_418745.3	YFJ09697.1	88.8	276	1.94e-185	507
NP_415388.1	YFJ10594.1	99.6	276	1.07e-207	563
NP_414635.1	YFJ09859.1	99.6	276	1.51e-198	540
NP_417504.1	YFJ08361.1	100	275	8.84e-211	571
NP_417485.4	YFJ08330.1	99.3	275	1.16e-206	561
NP_416254.1	YFJ11458.1	97.8	275	3.83e-196	534
NP_415643.3	YFJ10827.1	100	274	1.90e-187	513
NP_414901.1	YFJ10080.1	92.0	275	5.14e-169	466
YP_026230.1	YFJ08862.1	100	274	7.05e-187	511
NP_418442.2	YFJ09397.1	100	274	1.06e-197	538
NP_418338.1	YFJ09253.1	97.8	274	5.09e-205	556
NP_418254.2	YFJ11683.1	100	274	8.81e-206	558
NP_418102.2	YFJ08942.1	83.9	274	1.14e-160	444
NP_417973.1	YFJ08803.1	93.4	274	3.07e-181	496
NP_416831.1	YFJ07680.1	98.5	274	1.71e-203	553
NP_416609.1	YFJ07465.1	94.5	274	1.61e-160	444
NP_416520.1	YFJ07385.1	99.6	274	2.42e-203	552
NP_415624.1	YFJ10808.1	97.4	274	6.46e-208	564
NP_414735.4	YFJ09955.1	94.5	274	4.63e-192	524
NP_414708.1	YFJ09927.1	99.6	274	8.07e-177	485
NP_418064.1	YFJ08906.1	100	273	1.98e-197	537
NP_417776.1	YFJ08625.1	100	273	5.07e-200	544
NP_417529.1	YFJ08383.1	99.6	273	1.05e-192	525
NP_417122.1	YFJ07370.1	74.6	272	4.82e-150	417
NP_416304.1	YFJ07124.1	98.2	273	1.70e-198	540
NP_416115.1	YFJ11324.1	99.6	273	2.84e-206	560
NP_414786.4	YFJ07370.1	75.4	272	2.05e-151	421
NP_414593.1	YFJ09821.1	100	273	9.81e-198	538
NP_414572.1	YFJ09800.1	99.3	273	3.52e-191	521
NP_418117.1	YFJ09009.1	98.9	272	5.88e-194	528
NP_417740.1	YFJ08589.1	96.7	272	2.30e-191	522
NP_416605.2	YFJ07461.1	98.5	272	1.15e-200	545
NP_416382.1	YFJ07202.1	99.6	272	2.01e-210	570
NP_415287.1	YFJ10491.1	99.3	272	1.99e-201	547
NP_414980.2	YFJ10153.1	99.6	272	3.73e-206	559
YP_026268.1	YFJ09176.1	97.4	269	3.18e-197	536
NP_418194.1	YFJ09089.1	99.6	271	7.41e-192	523
NP_417511.3	YFJ08370.1	98.1	262	5.16e-199	541
NP_416464.1	YFJ07283.1	98.2	271	5.28e-201	546
NP_416172.1	YFJ11377.1	97.5	275	3.76e-170	468
NP_415365.4	YFJ10571.1	99.3	271	3.28e-195	531
NP_415343.1	YFJ10549.1	98.9	271	3.42e-197	536
NP_415120.1	YFJ10321.1	99.6	269	1.39e-196	535
NP_415053.1	YFJ10221.1	98.5	271	9.51e-204	553
NP_415039.1	YFJ10208.1	100	271	9.02e-193	525
NP_414860.1	YFJ10046.1	97.8	271	4.52e-202	549
NP_414739.1	YFJ09959.1	100	271	1.56e-193	527
NP_414597.1	YFJ09825.1	99.3	271	6.62e-195	531
NP_418152.1	YFJ09049.1	100	270	1.76e-194	530
NP_417806.1	YFJ08640.1	99.6	270	2.64e-180	494
NP_417036.1	YFJ07868.1	98.9	270	4.14e-193	526
NP_416821.1	YFJ07670.1	99.3	270	8.44e-202	548
NP_416184.1	YFJ11390.1	99.3	270	3.33e-94	276
NP_415693.1	YFJ10858.1	100	270	1.33e-189	517
NP_414706.2	YFJ09926.1	97.4	270	1.10e-197	538
NP_418092.1	YFJ08931.1	99.6	269	1.41e-204	555
NP_417662.1	YFJ08513.1	100	269	1.14e-194	530
NP_417600.1	YFJ08453.1	100	269	6.81e-187	510
NP_417446.4	YFJ08287.1	95.9	269	4.47e-192	523
NP_417324.1	YFJ08130.1	95.5	269	2.51e-198	539
NP_416830.1	YFJ07679.1	99.6	269	4.60e-185	506
NP_416336.1	YFJ07157.1	98.9	269	9.51e-203	550
NP_415865.1	YFJ11066.1	100	269	6.62e-194	528
NP_415614.1	YFJ10798.1	98.1	269	4.66e-194	528
NP_415026.1	YFJ10202.1	99.3	269	9.41e-194	528
NP_414920.1	YFJ10096.1	99.6	269	1.95e-186	509
NP_414884.2	YFJ10067.1	98.9	269	6.62e-194	528
YP_026212.2	YFJ08660.1	99.6	268	5.70e-199	541
NP_417937.1	YFJ08763.1	97.0	268	5.80e-183	500
NP_417292.1	YFJ08094.1	99.3	268	1.02e-192	525
NP_416263.1	YFJ11467.1	98.5	268	2.63e-204	554
NP_415806.1	YFJ11010.1	100	268	1.19e-191	522
NP_415776.1	YFJ10971.1	98.5	268	1.14e-189	517
NP_415144.1	YFJ11529.1	99.6	268	1.52e-203	552
NP_417608.1	YFJ08463.1	98.5	267	5.37e-183	500
NP_417028.1	YFJ07860.1	100	267	9.41e-193	525
NP_416954.1	YFJ07778.1	98.9	267	6.35e-191	520
NP_416748.1	YFJ07599.1	97.4	267	3.52e-188	513
NP_416244.2	YFJ11448.1	96.6	267	2.38e-186	509
NP_414743.1	YFJ09963.1	99.3	267	2.48e-188	514
YP_026267.1	YFJ09164.1	98.9	266	6.66e-197	535
NP_416606.1	YFJ07462.1	100	266	3.55e-192	523
NP_416430.1	YFJ07257.1	99.2	266	1.33e-187	512
NP_416411.1	YFJ07229.1	97.7	266	1.38e-189	517
NP_416332.1	YFJ07152.1	100	266	1.46e-175	481
NP_415932.1	YFJ11139.1	99.2	266	4.18e-200	543
NP_415529.1	YFJ10724.1	97.7	266	4.14e-191	521
NP_415204.1	YFJ10397.1	100	266	2.07e-200	544
NP_414745.1	YFJ09965.1	100	266	4.31e-193	526
NP_414700.1	YFJ09920.1	99.6	266	1.19e-190	520
NP_418087.1	YFJ08926.1	84.2	265	1.88e-166	458
NP_416484.2	YFJ07298.1	99.6	265	3.87e-200	543
NP_415618.1	YFJ10802.1	100	265	7.19e-196	533
NP_415078.1	YFJ10256.1	100	265	2.06e-195	531
NP_414693.1	YFJ09913.1	99.6	265	1.19e-194	530
NP_418625.1	YFJ09603.1	97.0	264	3.30e-196	533
NP_417304.1	YFJ08110.1	100	264	5.98e-208	563
NP_415960.1	YFJ11162.1	100	264	1.89e-186	509
NP_415642.1	YFJ10826.1	100	264	3.91e-179	490
NP_415015.1	YFJ10187.1	97.3	264	3.04e-192	523
NP_414710.1	YFJ09929.1	100	264	2.82e-197	536
NP_414676.1	YFJ09898.1	98.1	264	1.81e-184	504
NP_414662.1	YFJ09883.1	99.6	264	1.40e-197	537
NP_417693.3	YFJ08537.1	90.5	263	1.80e-163	451
NP_417609.1	YFJ08464.1	99.6	263	1.43e-185	506
NP_417261.1	YFJ08065.1	99.6	263	1.05e-187	512
NP_417102.4	YFJ11629.1	100	263	1.67e-184	504
NP_416921.4	YFJ07755.1	99.6	263	3.38e-184	503
NP_416341.1	YFJ07163.1	99.6	263	3.52e-186	508
NP_415454.4	YFJ10657.1	98.9	263	1.04e-178	489
NP_415270.1	YFJ10474.1	99.6	263	3.25e-122	346
NP_415242.1	YFJ10426.1	97.0	263	7.19e-195	530
NP_418787.1	YFJ09733.1	95.4	262	8.71e-191	520
NP_418530.1	YFJ09509.1	98.5	262	1.49e-182	499
NP_416607.1	YFJ07463.1	96.6	262	1.86e-176	483
NP_415830.2	YFJ11034.1	99.6	262	4.88e-197	535
NP_415804.1	YFJ11004.1	100	262	6.86e-188	512
NP_415639.1	YFJ10823.1	88.2	262	1.18e-163	451
NP_415282.1	YFJ10486.1	100	262	1.62e-186	509
NP_414723.1	YFJ09942.1	100	262	3.43e-156	432
NP_418320.2	YFJ09233.1	100	260	4.80e-183	500
NP_417394.4	YFJ08213.1	100	261	3.15e-188	513
NP_417254.4	YFJ11635.1	99.2	261	9.80e-192	522
NP_416460.1	YFJ07280.1	98.9	261	2.24e-172	473
NP_416373.1	YFJ07194.1	99.6	261	3.88e-173	475
NP_416185.1	YFJ11391.1	92.0	261	5.15e-178	487
NP_415441.1	YFJ10644.1	99.6	261	2.61e-196	533
NP_415048.1	YFJ10216.1	98.5	261	9.11e-197	535
NP_414752.1	YFJ09972.1	95.4	261	8.90e-179	489
NP_414578.2	YFJ09805.1	100	261	3.83e-189	515
YP_026271.1	YFJ09191.1	98.5	260	1.29e-191	521
NP_417661.1	YFJ08512.1	100	260	1.94e-177	486
NP_417271.1	YFJ08075.1	100	260	1.99e-195	531
NP_416813.1	YFJ07662.1	98.1	260	1.22e-180	494
NP_416812.1	YFJ07661.1	100	260	9.75e-187	509
NP_416751.1	YFJ07602.1	99.2	260	7.16e-189	514
NP_415596.1	YFJ10779.1	100	260	8.97e-183	499
YP_026291.2	YFJ09743.1	97.3	259	7.42e-186	507
NP_418798.1	YFJ09746.1	99.6	259	4.11e-183	500
NP_417854.4	YFJ08682.1	98.4	258	9.41e-189	514
NP_417356.1	YFJ08174.1	98.1	259	8.30e-183	499
NP_417250.4	YFJ08057.1	95.0	259	6.01e-176	482
NP_417185.1	YFJ07994.1	99.2	259	4.80e-182	497
NP_415440.1	YFJ10643.1	99.6	259	6.62e-189	514
NP_415024.4	YFJ10201.1	100	259	1.30e-170	468
NP_418394.3	YFJ09354.1	99.2	258	8.97e-182	496
NP_418282.1	YFJ09190.1	100	258	4.38e-173	474
NP_418061.1	YFJ08903.1	98.8	258	4.64e-184	502
NP_417565.2	YFJ08422.1	99.2	258	1.24e-188	514
NP_417017.4	YFJ07849.1	98.4	258	2.30e-184	503
NP_416729.1	YFJ07580.1	98.1	258	1.76e-188	513
NP_416529.1	YFJ07394.1	98.8	258	1.24e-188	514
NP_415041.1	YFJ10210.1	98.4	258	1.07e-198	539
NP_414547.1	YFJ09775.1	98.1	258	1.55e-182	498
YP_026280.1	YFJ09382.1	99.2	257	1.92e-196	533
NP_418744.1	YFJ09696.1	99.2	257	6.10e-184	502
NP_418181.1	YFJ09072.1	100	257	1.19e-190	519
NP_417512.1	YFJ08371.1	100	257	1.97e-164	452
NP_417187.1	YFJ07996.1	99.6	257	7.12e-183	499
NP_416809.1	YFJ07658.1	99.6	257	2.04e-182	498
NP_415284.1	YFJ10488.1	98.1	257	3.24e-179	490
NP_414892.1	YFJ10075.1	98.4	257	7.49e-194	527
NP_418784.4	YFJ09730.1	99.2	256	1.14e-183	501
NP_418418.2	YFJ09377.1	98.4	256	1.66e-176	483
NP_417871.1	YFJ08701.1	98.4	256	4.50e-190	517
NP_417595.1	YFJ08448.1	99.6	256	1.69e-185	506
NP_417352.2	YFJ08170.1	96.9	256	1.06e-188	514
NP_414754.1	YFJ09986.1	98.8	256	1.99e-193	526
NP_414670.1	YFJ09891.1	100	256	1.62e-183	501
NP_414583.2	YFJ09810.1	99.6	256	1.53e-172	473
NP_418754.2	YFJ09710.1	98.0	255	4.42e-176	482
NP_418354.1	YFJ09311.1	100	255	6.55e-178	486
NP_417982.2	YFJ08812.1	100	255	8.40e-190	516
NP_417912.1	YFJ08738.1	100	255	3.15e-185	505
NP_417199.1	YFJ08008.1	99.2	255	3.42e-189	515
NP_417098.1	YFJ07930.1	100	255	1.19e-189	516
NP_416136.1	YFJ11342.1	99.2	255	1.38e-179	491
NP_415453.1	YFJ10656.1	100	255	7.64e-177	484
NP_414900.1	YFJ10079.1	98.4	255	2.38e-180	493
NP_414758.1	YFJ09989.1	100	255	1.46e-199	541
YP_026261.1	YFJ09151.1	96.9	254	8.98e-180	491
NP_417936.1	YFJ08762.1	98.8	254	7.91e-174	476
NP_417541.1	YFJ08395.1	98.0	254	9.07e-189	514
NP_417454.1	YFJ08295.1	99.6	254	8.61e-178	486
NP_416903.1	YFJ07737.1	96.9	254	7.22e-195	529
NP_416212.1	YFJ11418.1	97.2	254	7.91e-174	476
NP_415814.4	YFJ11018.1	99.2	254	4.32e-187	509
NP_415794.1	YFJ10993.1	98.8	254	1.24e-186	508
NP_415429.2	YFJ10632.1	99.2	254	5.57e-174	476
NP_415212.1	YFJ10405.1	99.2	254	5.25e-188	512
NP_414655.1	YFJ09877.1	100	254	1.94e-174	478
NP_414607.1	YFJ09833.1	99.2	254	2.05e-185	505
NP_418540.1	YFJ09520.1	99.6	253	2.22e-184	503
NP_418275.1	YFJ09177.1	100	253	1.81e-181	495
NP_417319.1	YFJ08126.1	99.2	253	7.12e-181	494
NP_417224.1	YFJ08032.1	100	253	1.45e-189	516
NP_416908.1	YFJ07743.1	100	253	1.51e-191	521
NP_416641.1	YFJ07495.1	98.0	253	4.12e-180	492
NP_416576.1	YFJ07435.1	95.2	251	2.10e-173	475
NP_416016.1	YFJ11216.1	98.0	253	3.68e-183	499
NP_415311.1	YFJ10515.1	100	253	2.33e-195	530
NP_415098.1	YFJ10294.1	99.2	253	8.66e-182	496
NP_414716.1	YFJ09935.1	100	252	1.83e-185	505
YP_026282.1	YFJ09502.1	98.8	252	8.98e-179	488
NP_418516.1	YFJ09497.1	96.8	251	3.30e-190	517
NP_417844.1	YFJ08672.1	99.2	252	3.40e-183	499
NP_417737.1	YFJ08586.1	99.2	252	1.76e-185	505
NP_417458.1	YFJ08305.1	99.6	252	7.69e-180	491
NP_417411.2	YFJ08230.1	99.2	252	3.76e-171	469
NP_416984.1	YFJ07811.1	99.2	251	7.77e-189	514
NP_416766.1	YFJ07618.1	96.0	252	2.80e-182	497
NP_416284.1	YFJ07105.1	99.2	252	3.51e-176	482
NP_416236.1	YFJ11441.1	99.6	252	5.04e-185	504
NP_416208.1	YFJ11415.1	100	252	7.92e-173	473
NP_416036.1	YFJ11231.1	94.8	252	4.84e-183	499
NP_415787.1	YFJ10983.1	99.6	252	8.71e-186	506
NP_415361.1	YFJ10567.1	100	252	1.29e-187	511
YP_026269.1	YFJ09185.1	100	251	2.22e-183	500
NP_418612.1	YFJ09590.1	99.6	251	1.96e-177	485
NP_418420.4	YFJ09379.1	98.4	251	2.38e-178	487
NP_418353.1	YFJ09310.1	99.2	251	1.10e-183	501
NP_417610.1	YFJ08465.1	96.8	250	2.76e-178	487
NP_417341.4	YFJ08159.1	96.0	251	3.08e-167	459
NP_417278.4	YFJ08082.1	98.8	251	5.68e-186	506
NP_416848.1	YFJ07698.1	99.6	251	3.05e-190	517
NP_416372.1	YFJ07193.1	100	251	7.74e-184	501
NP_415595.1	YFJ10778.1	99.2	251	3.48e-171	469
NP_415298.1	YFJ10502.1	98.0	251	1.90e-184	503
NP_414748.1	YFJ09968.1	99.2	251	8.75e-190	516
NP_417954.1	YFJ08776.1	100	250	1.69e-182	498
NP_416839.1	YFJ07690.1	74.4	250	6.83e-134	375
NP_416427.1	YFJ07254.1	99.6	250	2.47e-175	479
NP_415850.1	YFJ11051.1	100	250	2.80e-181	494
NP_415276.1	YFJ10480.1	100	250	2.14e-185	505
NP_415201.1	YFJ10394.1	100	250	4.50e-187	509
NP_418611.1	YFJ09589.1	98.4	249	9.04e-182	496
NP_418168.2	YFJ09064.1	100	249	1.70e-186	508
NP_416247.1	YFJ11451.1	96.0	249	3.95e-176	481
NP_416224.1	YFJ11430.1	99.6	249	1.01e-178	488
NP_415800.1	YFJ10997.1	99.6	249	2.78e-176	482
NP_415347.1	YFJ10553.1	98.4	249	5.02e-179	489
NP_415096.1	YFJ10292.1	100	249	1.82e-181	495
NP_414762.1	YFJ09992.1	98.8	249	6.00e-182	496
YP_025309.2	YFJ07207.1	97.6	248	3.14e-177	484
NP_418359.1	YFJ09316.1	98.8	248	2.18e-168	462
NP_416604.1	YFJ07460.1	100	248	3.82e-178	486
NP_416559.1	YFJ07417.1	98.0	247	1.97e-180	492
NP_416296.1	YFJ07116.1	99.6	248	1.25e-192	523
NP_416197.1	YFJ11404.1	99.2	248	3.66e-176	481
NP_416057.1	YFJ11252.1	100	248	2.50e-183	499
NP_415878.1	YFJ11076.1	100	248	1.19e-181	495
NP_415438.1	YFJ10641.1	98.4	248	5.42e-178	486
NP_415332.1	YFJ10535.1	100	248	2.69e-178	487
NP_415137.2	YFJ10338.1	99.6	248	1.45e-182	498
NP_415128.1	YFJ10329.1	99.2	248	5.82e-173	473
NP_417906.1	YFJ08732.1	97.2	247	1.63e-183	500
NP_416496.1	YFJ07319.1	99.2	247	1.66e-167	459
NP_416384.1	YFJ07204.1	99.6	247	7.74e-182	496
NP_415771.1	YFJ10967.1	99.6	247	1.82e-155	429
NP_415238.1	YFJ10422.1	100	247	1.70e-185	505
NP_414644.1	YFJ09867.1	99.6	247	3.68e-180	491
NP_418635.1	YFJ09617.1	99.6	246	6.66e-187	508
NP_418248.1	YFJ09141.1	98.8	246	4.84e-180	491
NP_418242.1	YFJ09134.1	99.2	246	1.19e-180	493
NP_417397.1	YFJ08216.1	100	246	6.52e-169	463
NP_417027.1	YFJ07859.1	100	246	1.55e-176	482
NP_416378.1	YFJ07199.1	99.6	246	5.20e-175	478
NP_415422.1	YFJ10626.1	100	246	6.18e-192	521
NP_415187.1	YFJ10383.1	100	246	9.38e-178	485
NP_414759.1	YFJ09990.1	100	246	6.39e-185	503
NP_414682.1	YFJ09903.1	81.7	246	2.55e-150	416
NP_418781.1	YFJ09727.1	100	245	5.86e-176	481
NP_418452.1	YFJ09437.1	97.1	245	5.79e-167	458
NP_417490.1	YFJ08344.1	99.2	245	5.23e-179	488
NP_417167.1	YFJ07977.1	99.6	245	8.94e-171	468
NP_417086.1	YFJ07919.1	100	245	1.83e-179	489
NP_417070.2	YFJ07903.1	99.6	245	4.48e-180	491
NP_416703.1	YFJ07553.1	100	245	9.81e-184	500
NP_416528.2	YFJ07393.1	98.4	245	7.66e-172	470
NP_416458.1	YFJ07278.1	99.6	245	9.59e-166	455
NP_415797.1	YFJ11559.1	98.0	245	3.64e-170	466
NP_415552.1	YFJ10739.1	99.6	245	9.81e-184	500
NP_418577.1	YFJ09557.1	100	244	1.99e-187	509
NP_417479.1	YFJ08325.1	100	244	8.51e-164	450
NP_417242.1	YFJ08050.1	99.2	244	7.47e-183	498
NP_416882.1	YFJ07717.1	100	244	2.40e-179	489
NP_415712.1	YFJ10881.1	98.0	244	2.48e-172	471
NP_415611.1	YFJ10795.1	99.6	244	5.14e-165	453
NP_415241.1	YFJ10425.1	97.1	244	2.66e-167	459
NP_418601.1	YFJ09579.1	100	243	5.63e-173	473
NP_417421.4	YFJ08241.1	99.6	243	1.75e-176	482
NP_417285.1	YFJ08088.1	100	243	4.82e-174	476
NP_417084.1	YFJ07917.1	97.9	243	5.68e-182	496
NP_417059.1	YFJ07891.1	98.8	243	8.95e-170	465
NP_416632.1	YFJ07486.1	99.2	243	2.42e-158	436
NP_416631.1	YFJ07484.1	99.6	243	1.70e-183	499
NP_415680.1	YFJ10844.1	99.6	243	5.68e-182	496
NP_415384.1	YFJ10590.1	99.6	243	7.14e-176	480
NP_415381.1	YFJ10587.1	99.6	243	2.13e-177	484
NP_414751.1	YFJ09971.1	99.2	243	2.39e-174	476
NP_417972.1	YFJ08802.1	97.5	242	1.82e-173	474
NP_417675.1	YFJ08526.1	98.8	242	5.21e-173	473
NP_417060.1	YFJ07892.1	99.6	242	1.56e-174	477
NP_415842.2	YFJ11046.1	98.8	241	8.10e-186	505
NP_415385.1	YFJ10591.1	100	242	6.34e-174	475
NP_418785.1	YFJ09731.1	100	241	1.68e-173	474
NP_418736.3	YFJ09688.1	99.6	241	5.63e-172	470
NP_418526.1	YFJ09506.1	100	241	6.12e-176	480
NP_418180.1	YFJ09071.1	100	238	5.40e-170	465
NP_417668.1	YFJ08519.1	100	241	5.63e-172	470
NP_415185.1	YFJ10381.1	100	241	3.26e-171	468
NP_414713.1	YFJ09932.1	100	241	2.68e-170	466
NP_414711.1	YFJ09930.1	100	241	1.68e-173	474
NP_417805.4	YFJ08639.1	100	240	8.65e-171	467
NP_416735.1	YFJ11620.1	99.6	240	1.76e-179	489
NP_416583.1	YFJ07442.1	100	240	1.62e-175	479
NP_416426.1	YFJ07253.1	97.5	240	1.01e-169	464
NP_416123.1	YFJ11332.1	99.2	240	2.40e-177	484
NP_415372.1	YFJ10578.1	98.3	240	1.90e-174	476
NP_415330.1	YFJ10533.1	99.6	240	2.12e-171	469
NP_415057.1	YFJ10225.1	99.2	240	9.78e-177	482
NP_414749.2	YFJ09969.1	98.8	240	3.70e-181	493
NP_418801.1	YFJ09749.1	99.2	239	4.83e-172	470
NP_418548.1	YFJ09526.1	100	239	2.70e-178	486
NP_417864.1	YFJ08694.1	100	239	1.19e-172	472
NP_417435.1	YFJ08258.1	100	239	8.76e-184	500
NP_417433.1	YFJ08256.1	100	239	2.02e-164	451
NP_416649.1	YFJ07501.1	100	239	9.74e-172	469
NP_416629.4	YFJ07482.1	99.6	239	9.35e-170	464
NP_416613.1	YFJ07468.1	98.7	224	2.97e-158	435
NP_416432.3	YFJ07259.1	100	239	8.60e-166	454
NP_416125.2	YFJ11334.1	98.7	239	9.74e-172	469
NP_415768.1	YFJ11557.1	90.0	239	5.09e-121	341
NP_415705.1	YFJ10871.1	100	239	1.34e-178	487
NP_415272.1	YFJ10476.1	98.3	239	8.60e-166	454
NP_414840.1	YFJ10028.1	98.7	239	8.34e-173	472
NP_418818.1	YFJ09768.1	100	238	1.39e-175	479
NP_418731.2	YFJ09683.1	100	238	2.07e-186	506
NP_418257.1	YFJ09148.1	100	238	5.66e-175	478
NP_418139.1	YFJ09038.1	100	238	7.11e-169	462
NP_416810.1	YFJ07659.1	100	238	2.12e-170	466
NP_416490.1	YFJ07313.1	100	238	9.69e-167	457
NP_415383.1	YFJ10589.1	99.6	238	1.32e-164	451
NP_415252.1	YFJ10442.1	99.6	238	1.57e-181	494
NP_418479.1	YFJ09462.1	100	237	9.06e-176	479
NP_417911.4	YFJ08737.1	99.6	237	2.68e-168	461
NP_417459.1	YFJ08306.1	98.3	237	5.03e-173	473
NP_417403.1	YFJ08222.1	97.5	237	1.10e-176	482
NP_417309.1	YFJ08116.1	100	237	8.85e-158	434
NP_417050.1	YFJ07882.1	98.7	237	9.35e-169	462
NP_416971.1	YFJ07798.1	100	237	6.12e-174	475
NP_416679.4	YFJ07531.1	100	237	2.30e-169	463
NP_416222.1	YFJ11428.1	96.2	237	8.35e-172	469
NP_415308.1	YFJ10512.1	92.8	237	1.99e-154	426
NP_414552.1	YFJ09780.1	99.6	237	4.09e-163	447
NP_418010.2	YFJ08845.1	100	236	1.44e-167	459
NP_417369.1	YFJ08186.1	95.3	236	2.90e-167	458
NP_417227.1	YFJ08035.1	99.6	236	1.69e-175	479
NP_416264.4	YFJ11468.1	97.0	236	6.73e-157	432
NP_416102.2	YFJ11313.1	99.6	236	6.62e-173	472
NP_415744.1	YFJ10942.1	99.2	236	4.81e-166	455
NP_415464.4	YFJ10667.1	97.0	236	3.30e-166	456
NP_414823.2	YFJ10010.1	97.9	236	1.56e-171	469
NP_414734.1	YFJ09954.1	97.9	235	5.44e-172	470
NP_418255.1	YFJ09146.1	100	235	2.40e-170	466
NP_417441.1	YFJ11648.1	99.1	235	1.21e-154	426
NP_417420.1	YFJ08240.1	100	235	1.24e-172	471
NP_416266.1	YFJ11470.1	98.7	235	1.95e-160	441
NP_415493.1	YFJ10696.1	99.6	235	5.93e-180	490
NP_415181.1	YFJ10377.1	97.0	235	7.76e-176	479
NP_415178.1	YFJ10374.1	96.2	235	1.10e-175	479
NP_414737.1	YFJ09957.1	99.6	235	1.24e-172	471
NP_418411.1	YFJ09371.1	100	234	3.49e-158	435
NP_418398.3	YFJ11690.1	99.5	216	4.05e-146	404
NP_417426.1	YFJ08246.1	99.6	234	1.01e-166	456
NP_415443.2	YFJ10646.1	100	234	4.12e-166	455
NP_415405.1	YFJ10610.1	99.1	234	1.91e-180	491
NP_415307.1	YFJ10511.1	98.3	234	3.90e-155	427
NP_414688.1	YFJ09908.1	99.6	234	7.42e-169	462
NP_418286.1	YFJ09194.1	99.6	233	1.19e-169	464
NP_417773.1	YFJ08622.1	100	233	3.82e-166	455
NP_417577.1	YFJ08433.1	98.3	233	1.69e-169	463
NP_416991.2	YFJ11625.1	100	233	8.71e-172	469
NP_416955.1	YFJ07779.1	97.9	233	3.01e-163	447
NP_415635.4	YFJ10819.1	99.6	233	8.99e-165	451
NP_415459.1	YFJ10662.1	97.0	233	5.20e-164	449
YP_026161.1	YFJ07167.1	96.1	232	3.28e-146	404
NP_418603.1	YFJ09581.1	99.6	232	2.47e-141	392
NP_418348.1	YFJ09261.1	100	232	6.36e-169	462
NP_418004.4	YFJ08839.1	98.3	232	1.10e-169	464
NP_417078.4	YFJ07911.1	98.7	232	1.44e-165	453
NP_416968.2	YFJ07795.1	99.1	232	5.45e-170	464
NP_415597.1	YFJ10780.1	99.6	232	8.68e-167	456
NP_414701.1	YFJ09921.1	100	232	1.44e-165	453
NP_414608.1	YFJ09834.1	97.8	232	3.64e-159	437
NP_418509.1	YFJ09491.1	100	231	6.14e-171	467
NP_418429.1	YFJ11487.1	99.6	231	3.37e-159	437
NP_418040.1	YFJ08875.1	97.0	231	1.02e-169	464
NP_417896.1	YFJ08727.1	100	231	1.63e-175	478
NP_416709.1	YFJ07559.1	100	231	5.25e-172	469
NP_416688.1	YFJ07540.1	100	231	1.34e-174	476
NP_416647.1	YFJ07499.1	100	231	5.99e-153	421
NP_416471.1	YFJ07290.1	98.3	231	6.08e-162	444
NP_416321.1	YFJ07142.1	98.7	231	1.24e-170	466
NP_416149.1	YFJ11355.1	99.1	231	3.93e-158	434
NP_416110.4	YFJ11319.1	99.6	231	1.89e-165	453
NP_415983.1	YFJ11184.1	97.8	231	1.56e-164	451
NP_415736.2	YFJ10934.1	99.1	231	9.08e-173	471
NP_415694.1	YFJ10859.1	99.6	231	1.28e-163	448
NP_415593.1	YFJ10776.1	98.3	231	9.51e-150	413
NP_415396.1	YFJ10601.1	99.6	231	3.66e-163	447
NP_414978.1	YFJ10151.1	99.6	230	1.51e-171	468
NP_414842.4	YFJ10030.1	96.1	231	5.36e-156	429
NP_414603.1	YFJ09830.1	98.7	231	1.83e-172	471
YP_026245.1	YFJ09105.1	100	230	3.69e-167	457
NP_418311.1	YFJ09223.1	93.9	230	1.56e-168	461
NP_417557.1	YFJ08410.1	94.8	230	1.48e-157	433
NP_417460.1	YFJ08307.1	98.3	230	8.68e-166	454
NP_417317.1	YFJ08124.1	99.1	230	7.44e-167	456
NP_415531.2	YFJ11544.1	98.3	230	2.59e-167	457
NP_415515.1	YFJ10710.1	100	230	3.54e-165	452
NP_415426.1	YFJ10629.1	99.1	230	3.39e-163	447
NP_415265.1	YFJ10470.1	100	230	4.44e-159	437
NP_415064.1	YFJ10232.1	99.6	230	9.73e-163	446
YP_026239.1	YFJ09048.1	100	229	3.01e-161	442
NP_418815.1	YFJ09765.1	98.7	229	5.66e-166	454
NP_418502.1	YFJ09483.1	99.6	229	2.80e-166	455
NP_418445.1	YFJ09400.1	99.6	229	4.85e-167	457
NP_418108.1	YFJ08947.1	99.6	229	3.98e-166	454
NP_417690.1	YFJ08534.1	100	229	2.48e-160	440
NP_417308.1	YFJ08115.1	99.1	229	2.69e-164	450
NP_417075.1	YFJ07908.1	99.6	229	1.63e-174	476
NP_415285.1	YFJ10489.1	98.7	229	1.18e-158	436
NP_414933.1	YFJ10106.1	100	229	4.32e-170	464
YP_009518822.1	YFJ08940.1	99.1	223	3.69e-157	432
NP_418820.1	YFJ09770.1	98.2	228	3.13e-158	434
NP_418619.1	YFJ09597.1	99.6	228	2.06e-172	470
NP_416811.1	YFJ07660.1	99.6	228	1.27e-157	433
NP_416450.2	YFJ07271.1	99.1	228	8.82e-133	370
NP_416058.1	YFJ11253.1	99.1	228	8.00e-161	441
NP_415028.1	YFJ10203.1	99.1	228	9.34e-160	438
NP_418750.2	YFJ09703.1	100	227	1.67e-157	432
NP_417872.2	YFJ08702.1	96.5	227	8.05e-165	451
NP_415430.1	YFJ10633.1	100	227	3.38e-157	432
NP_415103.1	YFJ10304.1	100	227	2.21e-162	445
NP_418520.1	YFJ09501.1	97.3	226	1.62e-159	437
NP_417062.1	YFJ07894.1	100	226	1.39e-160	440
NP_415982.1	YFJ11183.1	88.9	226	1.86e-149	412
NP_415153.1	YFJ10351.1	100	226	4.31e-164	449
NP_418791.1	YFJ09738.1	99.6	225	4.33e-168	459
NP_418786.4	YFJ09732.1	99.6	225	8.66e-159	436
NP_417845.1	YFJ08673.1	100	225	5.44e-162	444
NP_416265.4	YFJ11469.1	98.2	225	5.67e-164	449
NP_415745.1	YFJ10943.1	99.6	225	3.99e-164	449
NP_415325.4	YFJ10528.1	98.2	225	1.98e-164	450
NP_415299.1	YFJ10503.1	97.8	225	2.59e-160	439
NP_415222.1	YFJ10412.1	100	225	4.66e-163	446
NP_415023.1	YFJ10200.1	99.1	225	4.66e-163	446
NP_414924.1	YFJ10100.1	98.2	225	2.56e-151	417
YP_026256.2	YFJ09129.1	98.2	224	2.21e-156	429
NP_418346.2	YFJ09259.1	99.1	224	3.30e-167	457
NP_417237.2	YFJ08045.1	99.1	224	1.15e-167	458
NP_415186.1	YFJ10382.1	100	224	8.26e-152	418
NP_418496.1	YFJ09478.1	99.6	223	8.12e-172	468
NP_418426.2	YFJ09384.1	100	223	2.06e-165	452
NP_417509.3	YFJ08365.1	97.8	223	2.29e-153	422
NP_417257.1	YFJ08061.1	100	223	2.72e-170	464
NP_416478.2	YFJ11603.1	99.6	223	5.23e-159	436
NP_415648.1	YFJ10832.1	99.6	223	6.11e-158	433
NP_415317.4	YFJ10520.1	99.6	223	3.84e-161	441
NP_414862.1	YFJ10048.1	98.2	223	7.13e-157	431
YP_025310.1	YFJ07267.1	96.8	222	5.08e-170	464
NP_418537.1	YFJ09517.1	99.5	222	6.88e-159	436
NP_418095.4	YFJ08934.1	99.1	222	2.21e-155	427
NP_417920.1	YFJ08746.1	100	222	3.55e-161	441
NP_417858.4	YFJ08686.1	100	222	2.94e-169	462
NP_416658.1	YFJ07510.1	100	222	2.30e-157	432
NP_416428.1	YFJ07255.1	100	222	2.47e-152	419
NP_416241.1	YFJ11445.1	99.5	222	4.65e-157	431
NP_416186.4	YFJ11392.1	98.2	222	3.06e-171	467
NP_415948.1	YFJ11152.1	99.1	222	1.69e-159	437
NP_415820.1	YFJ11024.1	99.1	222	7.80e-140	387
NP_415382.1	YFJ10588.1	99.5	222	1.72e-143	397
NP_414844.1	YFJ10031.1	70.3	222	1.41e-97	278
NP_414826.1	YFJ10013.1	99.5	222	1.14e-157	432
NP_418171.1	YFJ09067.1	85.0	220	1.52e-141	392
NP_417928.1	YFJ08754.1	99.5	221	5.87e-155	426
NP_416421.1	YFJ07238.1	99.1	221	1.45e-164	450
NP_416046.1	YFJ11241.1	100	221	8.58e-148	407
NP_415967.2	YFJ11170.1	92.3	221	3.35e-145	401
NP_418630.1	YFJ09613.1	99.1	220	4.15e-159	436
NP_418381.1	YFJ09342.1	98.6	220	2.48e-151	416
NP_418038.1	YFJ08873.1	98.2	220	1.14e-156	430
NP_417730.1	YFJ08580.1	98.6	219	2.31e-156	429
NP_417566.1	YFJ08423.1	100	220	5.66e-157	431
NP_417150.4	YFJ07958.1	99.5	220	5.66e-157	431
NP_416817.2	YFJ07666.1	97.3	220	2.70e-129	360
NP_416790.1	YFJ07639.1	100	220	2.32e-165	452
NP_416725.1	YFJ07576.1	99.5	220	3.99e-157	431
NP_416704.1	YFJ07554.1	100	220	2.71e-123	345
NP_416358.1	YFJ07179.1	100	220	4.18e-168	459
NP_415484.1	YFJ10687.1	100	220	9.01e-154	422
NP_415346.4	YFJ10552.1	99.5	220	1.01e-150	415
NP_414668.1	YFJ09889.1	100	220	5.94e-168	458
YP_026228.1	YFJ08843.1	100	219	3.75e-141	390
NP_418604.1	YFJ09582.1	97.7	219	9.44e-160	437
NP_417497.1	YFJ08349.1	99.1	219	3.69e-157	431
NP_417482.1	YFJ08327.1	100	219	1.24e-155	427
NP_417389.1	YFJ08205.1	100	219	4.83e-153	421
NP_417375.1	YFJ08192.1	99.5	219	3.97e-152	418
NP_416934.1	YFJ07767.1	97.3	219	5.18e-148	408
NP_416820.1	YFJ07669.1	94.5	219	2.36e-144	399
NP_416668.3	YFJ07519.1	98.2	219	3.56e-158	434
NP_416577.1	YFJ07436.1	98.6	219	1.91e-159	437
NP_416360.1	YFJ07181.1	97.3	219	2.36e-144	399
NP_415833.1	YFJ11037.1	95.9	219	2.46e-146	404
NP_415698.1	YFJ10864.1	98.6	219	1.15e-160	440
NP_415590.1	YFJ10773.1	97.3	219	6.05e-147	405
NP_415490.1	YFJ10693.1	100	219	2.02e-145	401
NP_415331.1	YFJ10534.1	100	219	1.33e-150	414
NP_414873.1	YFJ10057.1	98.6	219	9.61e-144	397
NP_414600.1	YFJ09827.1	100	219	2.51e-164	449
YP_026240.1	YFJ11678.1	61.8	212	2.46e-90	262
NP_417214.1	YFJ08025.1	91.3	218	2.22e-153	421
NP_416424.1	YFJ07250.1	99.1	218	5.01e-150	413
NP_416357.1	YFJ07178.1	99.1	218	4.70e-164	448
NP_416352.4	YFJ07173.1	97.7	218	5.30e-170	463
NP_416155.1	YFJ11360.1	99.5	218	3.31e-164	449
NP_415239.1	YFJ10423.1	99.5	218	5.27e-161	441
NP_417676.2	YFJ08527.1	99.5	217	1.69e-152	419
NP_417513.1	YFJ08373.1	99.5	217	1.44e-153	422
NP_416270.1	YFJ11473.1	95.4	217	4.45e-148	408
NP_415993.1	YFJ11193.1	100	217	1.91e-158	434
NP_415653.4	YFJ10837.1	94.6	205	3.99e-143	395
NP_415110.1	YFJ10310.1	99.5	217	3.04e-155	426
NP_414740.1	YFJ09960.1	100	217	1.48e-114	323
YP_009518734.1	YFJ09826.1	87.0	192	6.60e-120	338
NP_418617.1	YFJ09595.1	99.5	216	1.19e-156	429
NP_417067.1	YFJ07899.1	100	216	9.56e-138	382
NP_416980.1	YFJ07807.1	99.1	216	1.09e-143	397
NP_416796.2	YFJ07645.1	99.1	216	5.68e-155	425
NP_416740.1	YFJ07590.1	98.1	216	2.61e-160	439
NP_416726.1	YFJ07577.1	100	216	8.75e-159	435
NP_416721.1	YFJ07572.1	100	216	3.68e-151	416
NP_416716.1	YFJ07567.1	97.7	216	1.15e-163	447
NP_416482.1	YFJ07297.1	96.8	216	2.15e-159	436
NP_415739.1	YFJ10937.1	100	216	1.75e-149	411
NP_415558.1	YFJ10744.1	99.1	216	1.63e-154	424
NP_418812.1	YFJ09762.1	97.7	215	4.15e-152	418
NP_417965.1	YFJ08795.1	99.5	215	5.43e-148	407
NP_417280.1	YFJ08083.1	98.6	215	2.06e-152	419
NP_416805.1	YFJ07654.1	98.6	215	1.77e-162	444
NP_416697.1	YFJ07547.1	99.5	215	5.20e-146	402
NP_416187.1	YFJ11393.1	96.7	212	5.08e-150	412
NP_416169.1	YFJ11374.1	99.5	215	1.15e-158	434
NP_415758.1	YFJ10953.1	99.5	214	6.07e-145	400
NP_415585.1	YFJ10768.1	99.1	215	1.62e-149	411
NP_415582.1	YFJ10765.1	99.5	215	2.71e-157	431
NP_415447.1	YFJ10650.1	98.1	215	1.85e-164	449
NP_414997.1	YFJ10170.1	100	215	6.14e-154	422
NP_418804.1	YFJ09752.1	100	214	6.85e-146	402
NP_416804.1	YFJ07653.1	99.1	214	2.07e-156	429
NP_416395.1	YFJ07215.1	100	214	1.38e-145	401
NP_415007.1	YFJ10180.1	100	214	4.68e-153	420
NP_418099.1	YFJ08939.1	100	213	1.51e-153	421
NP_416570.2	YFJ07430.1	100	213	3.05e-153	421
NP_416364.1	YFJ07185.1	100	213	3.42e-150	413
NP_416282.4	YFJ11484.1	97.6	212	2.42e-159	436
NP_416179.1	YFJ11385.1	100	213	3.86e-156	428
NP_415650.1	YFJ10834.1	99.5	213	9.40e-148	407
NP_415623.1	YFJ10807.1	100	213	8.15e-133	369
NP_415616.1	YFJ10800.1	99.1	213	3.28e-148	408
NP_415172.1	YFJ10368.1	100	213	6.19e-162	442
NP_415163.2	YFJ10360.1	99.1	213	9.48e-157	429
NP_418640.1	YFJ09621.1	99.5	212	2.43e-163	446
NP_418627.4	YFJ11494.1	99.1	212	4.68e-152	417
NP_418606.1	YFJ09584.1	96.2	212	3.85e-151	415
NP_418451.4	YFJ09436.1	99.5	212	1.46e-155	426
NP_417696.1	YFJ08540.1	100	212	1.46e-155	426
NP_416995.1	YFJ07821.1	99.1	212	4.88e-154	422
NP_416312.1	YFJ07133.1	99.1	212	1.44e-146	404
NP_415772.1	YFJ10968.1	100	212	8.78e-157	429
NP_415533.1	YFJ10726.1	99.5	212	5.25e-149	410
NP_418421.1	YFJ11486.1	96.7	211	1.23e-142	394
NP_418328.1	YFJ09242.1	100	211	3.18e-154	423
NP_417659.1	YFJ08510.1	99.5	211	3.42e-149	410
NP_417621.2	YFJ08472.1	98.6	211	5.91e-150	412
NP_417398.1	YFJ08217.1	98.6	211	3.71e-153	420
NP_417055.4	YFJ07887.1	99.1	211	1.40e-157	431
NP_416876.1	YFJ07711.1	95.3	211	2.36e-133	370
NP_416481.1	YFJ07296.1	98.1	211	4.00e-148	407
NP_416150.1	YFJ11356.1	100	211	6.68e-156	427
NP_418301.3	YFJ09209.1	100	210	3.04e-147	405
NP_417816.1	YFJ08650.1	100	210	2.83e-152	418
NP_417674.1	YFJ08525.1	98.6	210	3.07e-156	428
NP_417323.2	YFJ08129.1	99.5	210	1.07e-156	429
NP_415717.1	YFJ10891.1	97.6	210	9.77e-144	396
NP_415629.4	YFJ10813.1	97.6	210	3.86e-150	412
NP_415068.1	YFJ10236.1	100	210	8.72e-147	404
NP_418545.1	YFJ09523.1	96.2	208	2.25e-141	390
NP_417779.1	YFJ08628.1	100	209	8.42e-149	409
NP_417646.1	YFJ08497.1	100	209	2.94e-149	410
NP_417522.1	YFJ08376.1	99.5	209	7.51e-152	417
NP_417506.1	YFJ08363.1	100	209	4.17e-149	410
NP_415479.1	YFJ10682.1	100	209	1.02e-149	411
NP_415134.1	YFJ10335.1	98.6	209	1.52e-151	416
NP_418297.1	YFJ09205.1	100	208	1.40e-151	416
NP_417925.1	YFJ08751.1	100	208	9.48e-150	411
NP_417223.1	YFJ08031.1	100	208	3.31e-150	412
NP_416993.2	YFJ07819.1	100	208	3.56e-145	400
NP_416189.1	YFJ11395.1	99.5	208	6.41e-148	407
NP_415417.1	YFJ10621.1	99.0	208	5.95e-153	419
NP_415359.4	YFJ10565.1	100	208	1.85e-156	428
NP_415027.1	YFJ11526.1	99.0	207	7.83e-151	414
NP_418196.1	YFJ09091.1	100	207	4.35e-150	412
NP_418105.1	YFJ08944.1	100	207	4.18e-148	407
NP_417542.1	YFJ08396.1	99.0	207	7.35e-133	369
NP_416732.4	YFJ07583.1	97.6	207	8.83e-159	434
NP_416705.2	YFJ07555.1	98.1	207	3.58e-149	410
NP_416461.1	YFJ07281.1	100	207	8.09e-146	401
NP_415727.1	YFJ10926.1	100	207	1.41e-155	426
NP_414971.1	YFJ10144.1	100	207	1.77e-149	410
NP_414909.2	YFJ10084.1	99.5	207	7.52e-151	414
NP_414746.1	YFJ09966.1	93.2	205	3.06e-134	374
NP_414699.1	YFJ09919.1	100	207	3.30e-145	400
YP_026265.1	YFJ09162.1	100	206	1.63e-140	388
YP_026264.1	YFJ09160.1	98.5	206	4.34e-145	399
NP_418628.4	YFJ09611.1	100	206	1.51e-145	400
NP_418344.3	YFJ09257.1	99.0	206	1.07e-154	424
NP_417755.1	YFJ08604.1	100	206	5.91e-143	394
NP_417527.1	YFJ08381.1	100	206	5.28e-146	402
NP_417008.1	YFJ07838.1	99.5	206	3.28e-140	387
NP_416272.2	YFJ11475.1	94.7	206	2.31e-140	387
NP_416148.1	YFJ11354.1	99.0	206	1.58e-147	405
NP_415783.6	YFJ10977.1	100	206	4.90e-151	414
NP_415115.2	YFJ10315.1	92.7	206	5.91e-143	394
NP_414645.1	YFJ09868.1	99.0	206	5.67e-141	389
YP_026238.1	YFJ07342.1	98.0	205	2.71e-143	395
NP_418379.1	YFJ09340.1	96.6	205	1.20e-146	403
NP_418103.4	YFJ08943.1	100	205	2.14e-140	387
NP_417531.1	YFJ08385.1	100	205	7.53e-150	411
NP_416976.4	YFJ07803.1	98.5	205	5.75e-154	422
NP_416106.1	YFJ11315.1	100	205	6.24e-167	454
NP_415971.1	YFJ11174.1	98.0	205	3.33e-153	420
NP_415754.1	YFJ10950.1	99.0	205	1.03e-147	406
NP_415415.1	YFJ10619.1	100	205	7.58e-168	457
NP_418290.4	YFJ09198.1	99.5	204	1.77e-143	395
NP_416870.1	YFJ07705.1	100	204	8.77e-144	396
NP_416108.2	YFJ11317.1	98.0	204	6.98e-150	411
NP_414964.1	YFJ10137.1	100	204	3.60e-152	417
NP_414821.1	YFJ10008.1	100	204	5.54e-156	427
NP_417204.1	YFJ08013.1	100	203	2.95e-146	402
NP_416530.1	YFJ07395.1	98.0	203	6.96e-145	399
NP_416375.1	YFJ07196.1	100	203	3.71e-140	387
NP_415711.2	YFJ10880.1	98.5	203	7.55e-149	409
NP_415411.2	YFJ11541.1	100	203	1.85e-149	410
NP_415171.1	YFJ11530.1	99.0	203	1.16e-152	418
NP_414876.1	YFJ10060.1	97.0	203	9.18e-150	411
NP_418467.1	YFJ09451.1	100	202	3.58e-142	392
NP_418372.1	YFJ09331.1	96.5	202	7.22e-142	391
NP_418049.1	YFJ08887.1	99.5	202	6.19e-143	394
NP_418793.1	YFJ09740.1	99.5	201	1.74e-128	357
NP_418278.1	YFJ09186.1	99.5	201	9.12e-140	385
NP_417778.1	YFJ08627.1	100	201	5.91e-136	376
NP_417534.1	YFJ08388.1	100	201	4.06e-152	417
NP_417230.1	YFJ08038.1	100	201	1.78e-146	402
NP_416152.1	YFJ11358.1	99.5	201	1.53e-147	405
NP_415930.1	YFJ11137.1	98.5	201	5.06e-137	379
NP_415926.4	YFJ11134.1	96.5	200	2.31e-133	369
NP_415005.1	YFJ10178.1	100	201	2.53e-146	402
NP_414852.1	YFJ10039.1	98.5	201	2.96e-145	399
NP_414679.1	YFJ09901.1	69.7	201	3.74e-86	250
NP_414613.1	YFJ09839.1	98.0	200	2.64e-148	407
NP_418732.1	YFJ09684.1	99.5	200	1.53e-151	415
NP_417977.1	YFJ08807.1	99.5	200	5.31e-143	394
NP_417820.1	YFJ08654.1	99.5	200	1.21e-148	408
NP_416755.1	YFJ07606.1	99.0	200	3.33e-146	402
NP_416706.1	YFJ07556.1	100	200	4.95e-157	429
NP_416376.2	YFJ07197.1	98.5	200	3.33e-146	402
NP_418355.1	YFJ09312.1	99.5	199	1.25e-136	377
NP_418321.4	YFJ09234.1	98.5	199	7.58e-147	403
NP_417236.1	YFJ08044.1	99.5	199	2.64e-147	404
NP_416794.1	YFJ07643.1	99.0	199	7.83e-140	385
NP_416166.3	YFJ11371.1	97.5	199	2.00e-142	392
NP_415518.1	YFJ10713.1	97.5	199	4.72e-141	389
NP_418733.1	YFJ09685.1	99.5	198	1.16e-145	400
NP_418500.1	YFJ09481.1	97.5	198	2.24e-134	372
NP_418098.4	YFJ08937.1	99.5	198	8.74e-132	365
NP_417922.1	YFJ08748.1	99.5	198	7.87e-144	395
NP_415524.1	YFJ10719.1	99.5	198	1.25e-140	387
NP_415362.1	YFJ10568.1	98.5	198	6.74e-145	398
NP_414725.1	YFJ09944.1	98.5	198	4.90e-138	381
NP_414678.1	YFJ09900.1	68.2	198	6.10e-93	267
NP_418672.4	YFJ09649.1	98.0	197	2.74e-139	384
NP_417892.1	YFJ08722.1	100	197	1.29e-128	357
NP_417714.1	YFJ08558.1	98.0	197	4.18e-134	371
NP_417429.1	YFJ08249.1	98.5	197	9.17e-138	380
NP_417104.1	YFJ07933.1	99.5	197	6.38e-129	358
NP_415947.1	YFJ11151.1	99.5	197	1.79e-144	397
NP_414835.2	YFJ10024.1	99.0	197	5.76e-141	388
NP_418427.1	YFJ09385.1	100	196	1.59e-142	392
NP_418125.1	YFJ09024.1	100	196	7.27e-139	383
NP_417808.1	YFJ08642.1	100	196	2.88e-120	336
NP_417618.1	YFJ08469.1	100	195	8.49e-138	380
NP_416527.1	YFJ07392.1	99.0	196	1.21e-146	402
NP_416242.6	YFJ11446.1	99.5	196	4.59e-151	414
NP_416135.1	YFJ11341.1	99.5	196	6.98e-137	378
NP_416063.1	YFJ11258.1	99.0	196	8.15e-136	375
NP_415918.1	YFJ11131.1	96.9	196	7.91e-118	330
NP_415892.1	YFJ11258.1	100	196	3.46e-137	379
NP_415793.1	YFJ10992.1	100	196	2.02e-145	399
NP_415786.1	YFJ10982.1	99.0	196	3.75e-141	389
NP_415528.1	YFJ10723.1	96.9	196	1.08e-140	387
NP_415421.1	YFJ10625.1	99.0	196	4.41e-149	409
NP_414958.4	YFJ10131.1	99.0	196	1.71e-137	379
NP_414828.1	YFJ11517.1	97.2	180	3.09e-125	348
NP_414577.2	YFJ09804.1	95.9	196	2.44e-137	379
NP_418058.1	YFJ08898.1	100	195	2.08e-133	369
NP_417932.1	YFJ08758.1	99.0	195	1.79e-143	394
NP_417073.1	YFJ07906.1	97.9	195	6.21e-135	373
NP_416639.2	YFJ07493.1	100	195	2.98e-142	391
NP_415494.1	YFJ10697.1	94.9	195	1.20e-132	367
NP_414847.3	YFJ10034.1	94.9	195	9.48e-130	360
NP_414827.1	YFJ10014.1	99.5	195	2.72e-129	358
NP_414550.1	YFJ09778.1	99.5	195	1.36e-138	382
NP_418524.1	YFJ09504.1	96.4	194	1.58e-132	367
NP_418294.1	YFJ09202.1	97.4	193	1.53e-139	384
NP_415722.1	YFJ10923.1	100	194	2.02e-144	397
NP_415605.2	YFJ10789.1	100	194	3.22e-141	389
NP_415584.1	YFJ10767.1	100	194	1.67e-152	417
NP_414683.1	YFJ09904.1	92.8	194	3.84e-124	345
NP_417503.1	YFJ08360.1	100	193	3.23e-145	399
NP_417500.1	YFJ08352.1	100	193	5.81e-148	405
NP_416569.1	YFJ07429.1	99.0	193	1.22e-140	387
NP_416320.1	YFJ07141.1	99.0	193	3.63e-142	391
NP_416173.1	YFJ11378.1	100	193	1.60e-145	399
NP_416144.1	YFJ11350.1	100	193	2.61e-126	351
NP_416005.1	YFJ11205.1	97.4	193	8.55e-141	387
NP_415174.1	YFJ10370.1	100	193	3.60e-133	368
NP_414938.1	YFJ10111.1	99.0	193	1.37e-146	402
NP_417385.4	YFJ08201.1	100	192	1.13e-140	387
NP_417353.1	YFJ08171.1	97.4	192	9.26e-140	385
NP_416640.2	YFJ07494.1	100	192	1.00e-143	395
NP_416405.1	YFJ07225.1	99.5	192	6.52e-140	385
NP_416327.1	YFJ07147.1	99.0	192	4.94e-135	373
NP_416145.1	YFJ11351.1	99.0	192	6.46e-131	362
NP_414968.4	YFJ10141.1	100	192	9.18e-131	362
NP_414757.1	YFJ09988.1	99.5	192	9.97e-135	372
NP_418558.2	YFJ09537.1	100	191	8.57e-140	385
NP_417873.1	YFJ08703.1	100	191	2.46e-139	384
NP_417666.1	YFJ08517.1	100	191	7.59e-134	370
NP_417619.1	YFJ08470.1	100	191	5.29e-125	347
NP_417248.1	YFJ08055.1	99.0	191	4.58e-135	373
NP_417068.1	YFJ07900.1	100	191	7.59e-134	370
NP_416962.1	YFJ07788.1	98.4	191	2.76e-136	376
NP_416927.1	YFJ07761.1	99.0	191	2.99e-140	386
NP_416256.2	YFJ11460.1	98.4	191	5.17e-141	388
NP_416064.1	YFJ10291.1	96.3	191	1.78e-135	374
NP_415891.1	YFJ10291.1	95.8	191	1.46e-134	372
NP_415574.1	YFJ10758.1	100	191	2.87e-138	381
NP_415457.1	YFJ10660.1	97.9	191	2.65e-134	371
NP_414742.1	YFJ09962.1	98.9	190	1.74e-141	389
NP_417968.1	YFJ08798.1	99.5	190	9.89e-125	347
NP_417822.1	YFJ08656.1	100	190	4.24e-135	373
NP_417741.1	YFJ08590.1	98.4	190	3.63e-136	375
NP_416974.4	YFJ07801.1	100	190	4.95e-134	370
NP_416676.4	YFJ07528.1	100	190	1.54e-137	379
NP_415224.1	YFJ10414.1	97.4	190	1.31e-129	359
NP_414987.3	YFJ10160.1	99.5	190	1.91e-122	341
YP_009518788.1	YFJ10270.1	100	176	7.75e-122	339
NP_416814.1	YFJ07663.1	98.9	189	4.41e-132	365
NP_415979.2	YFJ11180.1	96.3	189	1.22e-138	382
NP_414680.4	YFJ11510.1	62.8	191	1.08e-72	215
NP_418571.1	YFJ09549.1	100	188	1.32e-137	379
NP_418495.2	YFJ09477.1	100	188	3.13e-145	398
NP_418169.1	YFJ09065.1	100	188	4.25e-134	370
NP_417963.4	YFJ08785.1	99.5	188	1.18e-140	387
NP_417665.1	YFJ08516.1	99.5	188	4.97e-133	367
NP_417427.1	YFJ08247.1	99.5	188	2.84e-123	343
NP_417175.1	YFJ07984.1	98.4	188	3.12e-136	375
NP_416680.1	YFJ07532.1	100	188	8.58e-134	369
NP_416389.4	YFJ07208.1	97.3	188	2.38e-140	386
NP_416381.2	YFJ07201.1	99.5	188	1.27e-135	374
NP_416335.4	YFJ07156.1	100	188	1.17e-131	364
NP_415575.1	YFJ10759.1	98.9	188	4.80e-140	385
NP_414551.1	YFJ09779.1	99.5	188	1.00e-132	367
YP_026180.1	YFJ07991.1	100	187	1.22e-137	379
YP_009518755.1	YFJ10291.1	100	145	2.65e-104	295
NP_418005.1	YFJ08840.1	98.4	187	2.20e-140	386
NP_417819.1	YFJ08653.1	97.3	187	2.89e-136	375
NP_417423.4	YFJ08243.1	100	187	8.28e-136	374
NP_417302.1	YFJ08108.1	96.3	187	7.33e-130	359
NP_416841.1	YFJ07692.1	71.4	189	4.67e-85	246
NP_415856.1	YFJ11057.1	98.9	187	1.22e-137	379
NP_415472.2	YFJ10675.1	98.9	187	1.18e-135	374
NP_415138.1	YFJ10339.1	100	187	1.05e-138	382
NP_417856.1	YFJ08684.1	98.9	186	1.43e-131	363
NP_416101.1	YFJ11312.1	99.5	186	9.33e-137	377
NP_415581.1	YFJ10764.1	100	186	2.37e-130	360
NP_415155.1	YFJ10353.1	98.4	186	3.81e-145	398
NP_418518.1	YFJ09499.1	95.7	185	1.42e-126	351
NP_417929.4	YFJ08755.1	100	185	2.46e-127	353
NP_417667.1	YFJ08518.1	100	185	6.29e-130	359
NP_416699.1	YFJ07549.1	100	185	3.66e-138	380
NP_415815.1	YFJ11019.1	100	185	7.66e-131	362
NP_414898.4	YFJ10077.1	99.5	185	8.79e-132	365
NP_414714.1	YFJ09933.1	100	185	4.39e-121	337
NP_418751.4	YFJ09704.1	100	184	3.67e-133	368
NP_418637.1	YFJ09618.1	97.3	183	3.92e-126	350
NP_417810.1	YFJ11659.1	100	183	5.66e-139	382
NP_417738.4	YFJ08587.1	91.3	184	4.24e-123	342
NP_416803.3	YFJ07652.1	100	183	1.50e-134	371
NP_416783.1	YFJ07632.1	100	184	3.34e-120	335
NP_415553.1	YFJ10740.1	99.5	184	1.62e-136	376
NP_415180.1	YFJ10376.1	98.9	184	2.20e-86	249
NP_418655.1	YFJ09634.1	100	183	8.26e-125	346
NP_417660.1	YFJ08511.1	100	183	6.31e-129	357
NP_417561.1	YFJ08414.1	99.5	183	1.01e-134	371
NP_416834.1	YFJ07683.1	98.4	183	9.72e-133	366
NP_416431.2	YFJ07258.1	96.2	183	3.39e-133	367
NP_416279.1	YFJ11481.1	99.5	183	6.84e-133	367
NP_416225.1	YFJ11431.1	97.8	183	3.39e-133	367
NP_415147.1	YFJ10345.1	98.4	183	1.14e-131	363
NP_415077.1	YFJ10255.1	100	183	1.05e-136	376
NP_415002.1	YFJ10175.1	100	183	6.57e-131	362
NP_414992.1	YFJ10165.1	97.8	183	6.52e-122	339
NP_414652.1	YFJ09874.1	97.3	183	1.33e-139	384
NP_418734.1	YFJ09686.1	91.8	182	4.11e-104	294
NP_417387.3	YFJ08203.1	98.9	182	3.07e-135	373
NP_417365.1	YFJ08182.1	96.1	180	2.48e-130	360
NP_417099.4	YFJ11628.1	100	182	1.62e-135	373
NP_416829.1	YFJ07678.1	99.5	182	3.83e-143	392
NP_416558.1	YFJ07416.1	97.8	182	5.43e-134	369
NP_416422.1	YFJ07248.1	100	182	1.44e-129	358
NP_416267.1	YFJ11471.1	97.8	182	7.41e-132	364
NP_415446.1	YFJ10649.1	100	182	3.82e-134	370
NP_418586.4	YFJ09564.1	100	181	7.14e-134	369
NP_418409.1	YFJ09369.1	100	181	3.40e-132	365
NP_418292.1	YFJ09200.1	98.3	181	5.64e-131	362
NP_417273.1	YFJ08077.1	100	181	6.36e-137	377
NP_416983.1	YFJ07810.1	97.8	181	2.45e-116	325
NP_416497.1	YFJ07320.1	100	181	1.14e-130	361
NP_415213.1	YFJ10406.1	100	181	2.58e-127	352
NP_415092.1	YFJ10270.1	98.9	181	1.43e-124	345
NP_414732.1	YFJ09952.1	98.3	181	3.40e-132	365
YP_026210.1	YFJ08591.1	100	180	1.08e-114	320
NP_417200.1	YFJ08009.1	98.9	180	1.22e-120	335
NP_416802.1	YFJ07651.1	100	180	3.68e-131	362
NP_416784.1	YFJ07633.1	100	180	1.09e-123	343
NP_416753.4	YFJ07604.1	99.4	180	6.11e-130	359
NP_416614.1	YFJ07469.1	98.9	180	3.81e-124	344
NP_416233.1	YFJ11587.1	100	180	1.05e-121	338
NP_415626.4	YFJ10810.1	100	180	2.92e-137	377
NP_415466.4	YFJ10669.1	100	180	2.40e-136	375
NP_415462.1	YFJ10665.1	93.9	180	1.67e-118	330
NP_415063.4	YFJ10231.1	100	180	3.00e-121	337
NP_418782.1	YFJ09728.1	100	179	9.39e-129	356
NP_418735.2	YFJ09687.1	99.4	179	4.85e-131	362
NP_417853.1	YFJ08681.1	89.9	179	8.44e-107	300
NP_417800.1	YFJ08634.1	100	156	3.00e-104	293
NP_417767.1	YFJ08616.1	100	179	2.22e-127	352
NP_417590.2	YFJ08444.1	96.6	179	1.62e-129	358
NP_417001.1	YFJ07828.1	99.4	179	1.24e-92	265
NP_415944.1	YFJ11148.1	97.8	179	1.56e-127	353
NP_415770.1	YFJ10966.1	100	179	7.66e-119	331
NP_415628.1	YFJ10812.1	98.3	179	2.75e-112	314
NP_415458.2	YFJ10661.1	92.7	179	4.56e-111	311
NP_414946.4	YFJ10119.1	96.6	179	3.80e-119	332
NP_414888.4	YFJ10071.1	98.3	179	1.07e-93	267
NP_418483.1	YFJ09466.1	100	178	4.05e-109	306
NP_417442.1	YFJ08275.1	92.7	178	5.37e-114	318
NP_416240.1	YFJ11444.1	99.4	178	1.56e-122	340
NP_415951.1	YFJ11154.1	96.6	178	6.88e-126	348
NP_415367.1	YFJ10573.1	99.4	178	8.03e-125	346
NP_414667.4	YFJ09888.1	100	178	2.80e-125	347
NP_418573.1	YFJ09553.1	100	177	2.51e-132	365
NP_418191.1	YFJ09086.1	100	177	1.09e-117	328
NP_417764.1	YFJ08613.1	99.4	177	2.13e-124	345
NP_416072.1	YFJ11284.1	99.4	177	5.47e-136	374
NP_415563.1	YFJ10749.1	100	177	5.45e-127	351
NP_418738.1	YFJ09690.1	98.3	176	5.67e-124	343
NP_418647.1	YFJ09627.1	100	176	5.26e-129	356
NP_418367.1	YFJ09324.1	100	176	3.28e-123	342
NP_417964.1	YFJ08786.1	98.3	176	1.90e-122	340
NP_417307.1	YFJ08113.1	99.4	176	1.40e-133	368
NP_417169.1	YFJ07979.1	99.4	176	9.80e-125	345
NP_416021.1	YFJ11221.1	98.9	176	4.66e-123	341
NP_415935.2	YFJ11141.1	98.3	176	7.18e-127	351
NP_415703.3	YFJ10869.1	100	176	1.34e-131	363
NP_415210.1	YFJ10403.1	100	176	1.40e-133	368
NP_414689.4	YFJ09909.1	98.9	176	2.61e-129	357
NP_414588.1	YFJ09815.1	99.4	176	2.15e-137	377
NP_418293.2	YFJ09201.1	97.1	175	2.50e-122	339
NP_417969.1	YFJ11667.1	99.4	175	8.72e-123	340
NP_417894.2	YFJ08725.1	99.4	175	2.71e-126	349
NP_417193.1	YFJ08002.1	100	175	3.05e-132	364
NP_415000.1	YFJ10173.1	97.7	175	3.67e-115	321
NP_417626.1	YFJ08477.1	100	174	3.29e-122	339
NP_417154.1	YFJ07962.1	97.7	174	3.85e-121	336
NP_414922.1	YFJ10098.1	99.4	174	6.65e-122	338
YP_026215.2	YFJ08677.1	100	173	8.41e-120	333
NP_417371.1	YFJ08188.1	100	173	2.62e-132	364
NP_416377.1	YFJ07198.1	100	173	2.81e-118	329
NP_416163.1	YFJ11368.1	99.4	173	1.51e-122	340
NP_415606.1	YFJ10790.1	100	173	1.06e-122	340
NP_415269.1	YFJ10473.1	100	173	1.45e-120	335
NP_415060.1	YFJ10228.1	98.8	173	1.77e-130	360
NP_417622.2	YFJ08473.1	98.8	172	2.72e-120	334
NP_417094.1	YFJ07926.1	97.7	172	7.79e-120	333
NP_417034.1	YFJ07866.1	98.8	172	1.03e-124	345
NP_417000.1	YFJ07827.1	100	172	9.62e-89	254
NP_415965.1	YFJ11168.1	98.3	172	5.29e-127	351
NP_415474.1	YFJ10677.1	100	172	2.73e-129	357
NP_414952.1	YFJ10125.1	100	172	1.07e-135	373
YP_026270.1	YFJ09189.1	100	171	3.26e-107	301
NP_418470.4	YFJ09454.1	99.4	171	2.62e-122	339
NP_417172.1	YFJ07982.1	100	171	9.52e-125	345
NP_417022.1	YFJ07854.1	100	171	1.15e-116	325
NP_415851.1	YFJ11052.1	99.4	171	1.71e-127	352
NP_415463.2	YFJ10666.1	98.8	171	3.58e-120	333
NP_415386.1	YFJ10592.1	92.4	171	2.32e-116	324
NP_415335.1	YFJ10538.1	100	171	6.44e-123	340
NP_415067.1	YFJ10235.1	97.1	171	1.52e-121	337
NP_418811.2	YFJ09761.1	100	170	5.08e-122	338
NP_415303.1	YFJ10507.1	100	170	2.43e-122	339
NP_414639.2	YFJ09863.1	99.4	170	3.59e-124	343
NP_418302.1	YFJ09210.1	99.4	169	2.34e-83	240
NP_417745.1	YFJ08594.1	99.4	169	9.50e-115	320
NP_417404.1	YFJ08223.1	98.2	169	4.37e-120	333
NP_416912.1	YFJ07747.1	100	169	9.89e-117	325
NP_415478.1	YFJ10681.1	99.4	169	9.50e-115	320
NP_415235.1	YFJ10419.1	95.9	169	4.55e-122	338
NP_415056.1	YFJ10224.1	100	169	1.41e-116	324
NP_417540.1	YFJ08394.1	100	168	1.79e-123	342
NP_415840.1	YFJ11044.1	100	168	2.25e-117	326
YP_026287.1	YFJ09654.1	99.4	167	1.59e-121	337
NP_418739.1	YFJ09691.1	98.2	167	3.58e-109	305
NP_417762.1	YFJ08611.1	100	167	1.16e-114	319
NP_417625.1	YFJ08476.1	100	167	3.34e-123	341
NP_417556.2	YFJ08409.1	98.8	167	3.91e-122	338
NP_417054.2	YFJ07886.1	99.4	167	6.75e-123	340
NP_416775.1	YFJ07627.1	97.0	167	1.72e-116	324
NP_416415.1	YFJ07232.1	100	167	1.41e-115	322
NP_416401.1	YFJ07221.1	100	167	5.30e-111	310
NP_416301.1	YFJ07121.1	99.4	167	9.93e-116	322
NP_416020.1	YFJ11220.1	98.2	167	2.44e-116	323
NP_415333.1	YFJ10536.1	100	167	6.99e-116	322
YP_026277.1	YFJ11688.1	100	166	3.18e-107	300
NP_417178.1	YFJ07987.1	98.2	166	9.98e-120	332
NP_416933.4	YFJ07766.1	99.4	166	6.22e-114	317
NP_416788.1	YFJ07637.1	100	166	5.35e-124	343
NP_415774.1	YFJ10969.1	99.4	166	1.58e-107	301
NP_418463.4	YFJ09448.1	98.8	165	2.55e-117	326
NP_418412.1	YFJ09372.1	100	165	1.20e-106	299
NP_418130.1	YFJ09030.1	97.0	165	1.60e-120	334
NP_417695.1	YFJ08539.1	99.4	165	5.14e-117	325
NP_417419.1	YFJ08239.1	98.8	165	1.87e-119	331
NP_417180.1	YFJ07989.1	100	165	1.16e-113	317
NP_416418.1	YFJ07235.1	100	165	1.08e-118	329
NP_416346.4	YFJ07168.1	97.6	165	2.10e-116	323
NP_416071.1	YFJ11283.1	89.7	165	1.19e-97	276
NP_415087.1	YFJ10266.1	95.2	165	1.42e-114	319
NP_414851.1	YFJ10038.1	97.0	165	1.21e-115	322
NP_418780.2	YFJ11500.1	99.4	164	2.35e-108	303
NP_417475.1	YFJ08322.1	100	164	3.62e-112	313
NP_417467.1	YFJ08314.1	99.4	164	2.97e-111	310
NP_416797.2	YFJ07646.1	100	164	4.25e-120	333
NP_416712.1	YFJ07562.1	100	164	5.16e-130	358
NP_415527.4	YFJ10722.1	98.2	164	1.80e-121	336
NP_415409.1	YFJ10614.1	100	164	5.57e-116	322
NP_415215.1	YFJ10408.1	94.5	164	2.27e-115	321
NP_415058.1	YFJ10226.1	99.4	164	5.16e-121	335
NP_414568.1	YFJ09796.1	99.4	164	3.49e-119	330
NP_417671.1	YFJ08522.1	100	163	4.76e-112	312
NP_417328.1	YFJ08134.1	93.9	163	8.57e-115	319
NP_415554.4	YFJ11546.1	100	163	2.46e-114	318
NP_414960.2	YFJ10133.1	100	163	3.22e-110	308
NP_414620.1	YFJ09845.1	98.8	163	1.08e-108	304
NP_418284.1	YFJ09192.1	100	162	4.10e-117	325
NP_417898.1	YFJ08729.1	95.1	162	1.87e-113	316
NP_417715.1	YFJ08559.1	100	162	2.56e-111	310
NP_417466.1	YFJ08313.1	100	162	5.18e-120	332
NP_417362.4	YFJ08178.1	98.1	162	9.60e-107	299
NP_417026.1	YFJ07858.1	100	162	3.24e-114	318
NP_416816.1	YFJ07665.1	99.4	162	1.42e-108	303
NP_416713.1	YFJ07564.1	98.8	162	3.94e-115	320
NP_416562.1	YFJ07420.1	100	162	5.37e-113	315
NP_415870.4	YFJ11564.1	100	162	4.60e-114	317
NP_415379.1	YFJ10585.1	100	162	2.10e-110	308
NP_418364.1	YFJ09321.1	100	161	7.37e-115	319
NP_416842.1	YFJ07693.1	98.1	161	1.74e-113	316
NP_416257.1	YFJ11461.1	98.8	161	3.11e-107	300
NP_415304.1	YFJ10508.1	100	161	2.03e-112	313
NP_414720.1	YFJ09939.1	100	161	1.93e-101	285
YP_026197.1	YFJ08347.1	98.8	160	1.28e-119	331
NP_417325.4	YFJ08131.1	97.1	140	4.13e-98	276
NP_417239.1	YFJ08047.1	98.8	160	5.84e-116	322
NP_417131.1	YFJ07372.1	77.9	140	1.63e-76	222
NP_417110.1	YFJ07939.1	100	160	9.70e-115	319
NP_417096.1	YFJ07928.1	98.8	160	1.96e-114	318
NP_415319.1	YFJ10522.1	98.8	160	6.83e-115	319
NP_415176.1	YFJ10372.1	100	160	1.38e-114	318
NP_415038.1	YFJ10207.1	99.4	160	1.05e-118	329
YP_001165307.1	YFJ09973.1	93.5	155	5.11e-86	246
NP_418091.1	YFJ08930.1	100	159	1.49e-113	316
NP_417344.1	YFJ08163.1	100	159	8.01e-118	327
NP_417226.1	YFJ08034.1	100	159	3.14e-115	320
NP_417065.1	YFJ07897.1	96.2	159	5.39e-107	299
NP_416956.1	YFJ07780.1	98.1	159	1.49e-113	316
NP_416701.1	YFJ07551.1	100	159	6.08e-113	314
NP_416555.2	YFJ11614.1	95.6	159	3.01e-113	315
NP_415014.1	YFJ10186.1	98.7	159	4.81e-110	307
NP_414684.1	YFJ09905.1	96.2	159	4.11e-111	310
NP_414590.1	YFJ11503.1	100	159	4.12e-120	332
YP_026216.2	YFJ08695.1	98.7	158	6.86e-114	317
NP_418564.2	YFJ09542.1	100	158	4.61e-103	289
NP_418423.1	YFJ09381.1	100	158	3.40e-114	317
NP_417795.1	YFJ08630.1	89.7	155	5.16e-100	281
NP_417648.4	YFJ08499.1	100	158	9.00e-110	306
NP_417607.1	YFJ08462.1	98.7	158	5.42e-111	309
NP_417109.1	YFJ07938.1	100	145	4.90e-102	286
NP_415874.1	YFJ11072.1	100	158	1.68e-114	318
NP_415374.1	YFJ10580.1	100	158	2.79e-113	315
NP_415294.1	YFJ10498.1	98.7	158	3.27e-121	335
NP_414781.1	YFJ09003.1	81.6	158	4.55e-94	266
NP_418814.1	YFJ09764.1	100	157	1.68e-109	305
NP_418783.2	YFJ09729.1	100	157	9.75e-109	303
NP_418063.1	YFJ08905.1	99.4	157	8.04e-117	324
NP_418034.1	YFJ08869.1	100	157	4.83e-109	304
NP_418030.1	YFJ08865.1	94.9	157	4.30e-112	312
NP_417743.1	YFJ08592.1	97.5	157	2.91e-110	307
NP_417602.4	YFJ08455.1	99.4	157	1.50e-112	313
NP_416513.1	YFJ07378.1	98.1	157	1.69e-118	328
NP_414755.1	YFJ11515.1	100	148	2.30e-105	295
NP_418192.1	YFJ09087.1	100	156	4.77e-79	228
NP_417721.1	YFJ08565.1	100	156	1.09e-100	283
NP_417704.1	YFJ08548.1	100	156	5.02e-106	296
NP_417303.1	YFJ08109.1	100	156	7.75e-119	329
NP_417197.1	YFJ08006.1	100	156	4.31e-116	322
NP_416975.1	YFJ07802.1	100	156	1.56e-118	328
NP_416628.1	YFJ07481.1	100	155	1.10e-109	306
NP_416469.1	YFJ07288.1	98.7	156	1.24e-115	321
NP_414991.4	YFJ10164.1	99.4	156	4.48e-109	304
NP_414949.1	YFJ10122.1	99.4	156	9.74e-104	291
NP_414874.1	YFJ10058.1	99.4	156	4.30e-107	299
YP_025304.1	YFJ11363.1	100	155	5.17e-78	226
NP_418264.4	YFJ09158.1	100	155	1.69e-108	303
NP_418066.1	YFJ08908.1	100	155	9.07e-113	313
NP_418033.1	YFJ08868.1	96.1	155	1.19e-108	303
NP_415338.1	YFJ10541.1	99.4	155	1.34e-105	295
NP_415192.1	YFJ10388.1	100	155	2.50e-110	307
NP_415169.1	YFJ10366.1	100	155	2.32e-115	320
NP_414750.1	YFJ09970.1	100	155	2.50e-119	330
NP_418658.1	YFJ09637.1	98.7	154	3.30e-119	330
NP_418616.1	YFJ09594.1	96.1	154	5.05e-105	294
NP_418487.1	YFJ09470.1	98.7	154	3.85e-109	304
NP_417688.1	YFJ08532.1	98.1	154	6.65e-110	306
NP_417599.1	YFJ08452.1	100	154	4.51e-117	324
NP_416454.1	YFJ07275.1	99.4	154	6.14e-106	296
NP_416223.1	YFJ11429.1	98.7	154	2.61e-116	322
NP_418749.1	YFJ09702.1	100	153	2.71e-104	292
NP_418665.1	YFJ09645.1	99.3	153	1.51e-110	308
NP_418589.1	YFJ09567.1	100	153	1.84e-111	310
NP_417205.1	YFJ08014.1	99.3	153	3.71e-111	309
NP_416770.1	YFJ07622.1	98.7	153	1.57e-112	313
NP_416627.2	YFJ07480.1	99.3	153	2.23e-103	290
NP_415699.5	YFJ10865.1	100	148	4.27e-118	327
NP_415652.1	YFJ10836.1	100	153	2.42e-116	322
NP_415640.2	YFJ10824.1	97.4	153	7.50e-111	308
NP_418199.1	YFJ09094.1	100	152	7.50e-106	296
NP_417130.1	YFJ07371.1	69.1	152	3.17e-79	229
NP_416334.1	YFJ07154.1	100	152	3.43e-102	286
NP_415749.1	YFJ10945.1	99.3	152	8.44e-121	333
NP_415483.2	YFJ10686.1	100	152	5.95e-112	311
NP_415021.2	YFJ10198.1	97.3	150	1.51e-105	295
NP_414981.4	YFJ10154.1	100	152	6.68e-109	303
NP_414921.2	YFJ10097.1	100	152	1.58e-107	300
NP_414782.1	YFJ09002.1	72.5	142	6.10e-77	223
NP_414773.1	YFJ10002.1	100	152	2.95e-112	312
NP_414623.1	YFJ09847.1	99.3	152	3.87e-108	301
NP_418097.1	YFJ08936.1	99.3	151	1.29e-108	303
NP_416798.1	YFJ07647.1	100	151	3.88e-112	311
NP_415079.1	YFJ10258.1	100	151	8.14e-114	316
NP_414722.1	YFJ09941.1	100	151	4.36e-109	304
NP_414687.1	YFJ09907.1	100	151	1.20e-106	298
NP_418673.4	YFJ09650.1	98.7	150	1.41e-109	305
NP_418525.1	YFJ09505.1	97.3	150	2.95e-102	286
NP_418119.2	YFJ09019.1	98.7	150	1.85e-105	295
NP_417639.6	YFJ08490.1	100	150	1.07e-104	293
NP_416597.1	YFJ07453.1	99.3	150	3.74e-105	294
NP_416379.1	YFJ11595.1	96.7	150	8.81e-104	290
NP_415476.1	YFJ10679.1	100	150	1.25e-103	290
NP_415306.1	YFJ10510.1	98.7	150	5.97e-111	308
NP_414769.1	YFJ09997.1	94.7	150	1.07e-104	293
NP_418624.1	YFJ09602.1	100	149	6.95e-96	270
NP_418514.1	YFJ09495.1	98.7	149	2.01e-104	292
NP_417548.1	YFJ08402.1	99.3	149	2.64e-109	304
NP_417270.1	YFJ08074.1	97.3	149	5.98e-106	296
NP_417156.1	YFJ07964.1	99.3	149	1.21e-105	295
NP_417151.1	YFJ07959.1	100	149	1.16e-103	290
NP_416928.4	YFJ07762.1	96.6	149	1.72e-105	295
NP_416707.4	YFJ07557.1	100	149	1.41e-113	315
NP_414947.1	YFJ10120.1	100	149	8.17e-104	290
NP_414569.1	YFJ09797.1	98.7	149	1.41e-104	292
NP_418790.1	YFJ09737.1	98.0	148	1.08e-103	290
NP_418336.1	YFJ09250.1	93.9	148	5.13e-102	286
NP_416506.1	YFJ07372.1	99.3	148	9.15e-105	293
NP_416303.1	YFJ07123.1	100	148	4.54e-96	271
NP_415481.1	YFJ10684.1	100	148	3.09e-103	289
NP_415209.1	YFJ10402.1	100	148	5.13e-111	308
NP_418680.1	YFJ11497.1	99.3	147	1.26e-106	297
NP_418531.1	YFJ09510.1	98.6	147	9.24e-109	303
NP_418436.1	YFJ09392.1	93.8	146	5.56e-101	283
NP_418198.1	YFJ09093.1	97.3	147	3.62e-106	296
NP_417623.1	YFJ08474.1	96.6	147	7.03e-104	290
NP_417409.1	YFJ08227.1	100	147	9.99e-104	290
NP_417291.1	YFJ08093.1	99.3	147	1.94e-101	284
NP_416791.3	YFJ07640.1	100	147	3.35e-102	286
NP_416565.1	YFJ07423.1	99.3	147	3.62e-106	296
NP_416452.1	YFJ07273.1	99.3	147	8.86e-98	275
NP_418356.1	YFJ09313.1	100	146	3.49e-108	301
NP_418006.1	YFJ08841.1	99.3	146	6.27e-111	308
NP_417905.1	YFJ08731.1	96.6	146	2.00e-89	254
NP_417852.1	YFJ08680.1	91.1	146	1.36e-96	272
NP_416143.2	YFJ11349.1	99.3	146	4.95e-99	278
NP_414671.1	YFJ09892.1	96.6	146	1.13e-104	292
NP_414650.1	YFJ09872.1	99.3	146	3.77e-103	288
NP_418323.1	YFJ09236.1	100	145	8.26e-102	285
NP_418019.4	YFJ08854.1	100	145	1.67e-101	284
NP_417787.1	YFJ08281.1	64.3	143	3.26e-59	177
NP_418517.1	YFJ09498.1	99.3	144	4.10e-106	296
NP_417952.1	YFJ08774.1	100	144	1.88e-102	286
NP_417760.1	YFJ08609.1	99.3	144	3.48e-89	253
NP_416159.2	YFJ11364.1	99.3	144	2.37e-96	271
NP_416047.4	YFJ11242.1	97.9	144	3.65e-100	281
NP_415894.4	YFJ11123.1	99.3	144	1.43e-97	274
NP_418068.1	YFJ08910.1	99.3	143	6.56e-98	275
NP_417013.1	YFJ07843.1	99.3	143	1.01e-101	285
NP_415999.1	YFJ11199.1	100	143	4.11e-101	283
NP_418410.1	YFJ09370.1	100	142	1.18e-95	269
NP_418358.1	YFJ09315.1	99.3	142	5.64e-103	288
NP_418141.2	YFJ09040.1	100	142	4.64e-102	285
NP_417698.1	YFJ08542.1	100	142	3.39e-104	291
NP_416409.1	YFJ07227.1	97.9	142	1.18e-95	269
NP_415266.1	YFJ10471.1	100	142	9.71e-95	267
NP_415140.1	YFJ10341.1	97.9	142	8.31e-96	270
NP_418599.1	YFJ09577.1	100	141	5.65e-98	275
NP_418430.2	YFJ09387.1	100	141	1.61e-88	251
NP_417960.1	YFJ08781.1	96.5	141	6.60e-97	272
NP_417751.1	YFJ08600.1	99.3	141	1.10e-95	269
NP_417478.1	YFJ08324.1	100	141	1.33e-96	271
NP_417326.2	YFJ08132.1	97.2	141	1.82e-94	266
NP_416929.4	YFJ07763.1	99.3	141	7.43e-103	287
NP_416754.1	YFJ07605.1	99.3	141	5.23e-103	288
NP_417505.1	YFJ08362.1	100	140	6.89e-103	287
NP_417284.1	YFJ08087.1	100	140	1.83e-98	276
NP_417038.4	YFJ07870.1	100	140	2.05e-95	268
NP_415897.1	YFJ11127.1	100	140	6.13e-97	272
NP_415876.1	YFJ11074.1	100	140	1.56e-99	279
NP_414733.1	YFJ09953.1	97.1	140	8.65e-88	249
NP_418204.2	YFJ09099.1	99.3	139	2.71e-95	268
NP_418187.1	YFJ09082.1	100	139	1.83e-93	263
NP_417077.1	YFJ07910.1	100	139	1.63e-105	294
NP_415701.1	YFJ10867.1	99.3	139	3.29e-96	270
NP_414950.1	YFJ10123.1	100	139	1.34e-95	269
NP_418676.1	YFJ09653.1	100	138	1.02e-94	266
NP_418480.1	YFJ09463.1	100	138	5.07e-104	290
NP_417553.1	YFJ08407.1	99.3	138	7.20e-95	267
NP_417424.1	YFJ08244.1	99.3	138	1.35e-99	279
NP_416194.1	YFJ11401.1	100	138	1.06e-96	271
NP_415955.2	YFJ11571.1	100	138	1.02e-94	266
NP_415591.1	YFJ10774.1	100	138	1.98e-92	261
NP_415588.1	YFJ10771.1	98.6	138	2.41e-93	263
NP_415556.1	YFJ10742.1	100	138	6.16e-96	270
NP_418789.1	YFJ09736.1	97.1	137	8.12e-96	269
NP_418142.1	YFJ09041.1	100	137	1.71e-97	273
NP_416985.4	YFJ07812.1	94.9	137	7.81e-94	264
NP_416479.1	YFJ07294.1	100	137	8.45e-98	274
NP_416456.1	YFJ07277.1	98.5	137	8.77e-91	256
NP_416438.1	YFJ11599.1	99.3	137	7.23e-99	277
NP_416292.1	YFJ07112.1	100	137	8.76e-109	302
NP_415753.1	YFJ10949.1	100	137	9.45e-86	244
NP_415540.1	YFJ10733.1	97.1	136	2.94e-89	253
NP_415485.4	YFJ10688.1	98.5	137	4.02e-96	270
NP_415129.1	YFJ10330.1	100	137	1.11e-102	286
NP_418454.1	YFJ09440.1	100	136	2.73e-89	253
NP_417772.1	YFJ08621.1	100	136	1.03e-93	264
NP_417749.1	YFJ08598.1	100	136	3.32e-90	255
NP_417445.1	YFJ08286.1	99.3	136	1.64e-90	256
NP_417198.1	YFJ08007.1	97.8	136	1.07e-95	269
NP_417160.1	YFJ07970.1	99.3	136	4.72e-99	277
NP_416435.1	YFJ07262.1	98.5	136	6.43e-88	249
NP_416201.1	YFJ11408.1	99.3	136	2.73e-98	275
NP_415312.1	YFJ10516.1	100	136	5.96e-93	262
NP_415143.1	YFJ10342.1	100	136	6.45e-97	272
NP_417372.1	YFJ08189.1	99.3	135	8.17e-95	266
NP_417301.4	YFJ08107.1	93.3	135	6.97e-87	246
NP_416273.1	YFJ11476.1	97.8	135	1.30e-91	258
NP_416168.1	YFJ11373.1	100	135	8.84e-99	276
NP_415020.1	YFJ10193.1	99.3	135	2.85e-95	268
NP_417851.4	YFJ08679.1	97.8	134	2.35e-98	275
NP_417815.1	YFJ08649.1	100	134	1.47e-92	261
NP_417570.1	YFJ08427.1	100	134	2.17e-85	243
NP_417451.1	YFJ08291.1	100	134	7.49e-77	221
NP_417155.1	YFJ07963.1	100	134	5.11e-84	239
NP_415679.1	YFJ10843.1	99.3	134	1.86e-95	268
NP_415592.1	YFJ10775.1	99.3	134	6.74e-89	251
NP_415264.1	YFJ10469.1	100	134	1.79e-93	263
NP_414738.1	YFJ09958.1	100	134	5.13e-93	262
NP_414554.1	YFJ09781.1	94.0	134	2.74e-88	250
NP_418602.1	YFJ09580.1	99.2	133	3.22e-91	257
NP_417938.1	YFJ08764.1	100	133	2.02e-94	265
NP_417859.1	YFJ08687.1	100	133	3.10e-89	252
NP_417636.1	YFJ08487.1	100	133	1.53e-89	253
NP_415696.1	YFJ10861.1	97.7	133	9.24e-91	256
NP_418605.1	YFJ09583.1	100	132	4.97e-90	254
NP_418153.4	YFJ09050.1	97.7	132	3.23e-86	244
NP_417700.2	YFJ08544.1	100	132	1.17e-88	251
NP_416646.1	YFJ07498.1	100	132	6.78e-88	249
NP_415769.1	YFJ10965.1	100	132	3.11e-93	262
NP_415495.1	YFJ10698.1	99.2	132	8.25e-98	274
NP_414977.1	YFJ10150.1	100	132	1.48e-91	258
NP_414768.1	YFJ09996.1	99.2	132	2.77e-96	270
NP_418669.1	YFJ09648.1	99.2	130	4.26e-95	267
NP_418621.5	YFJ09599.1	100	131	5.60e-91	256
NP_418576.1	YFJ09556.1	100	131	1.74e-94	265
NP_417617.1	YFJ08468.1	97.7	131	1.43e-93	263
NP_417287.1	YFJ08090.1	100	131	1.13e-90	256
NP_416383.4	YFJ07203.1	100	131	4.79e-92	259
NP_414576.4	YFJ09803.1	100	131	2.03e-93	263
NP_418746.4	YFJ09699.1	97.7	130	2.68e-93	262
NP_417765.1	YFJ08614.1	100	130	2.38e-87	247
NP_417697.1	YFJ08541.1	99.2	130	1.96e-86	245
NP_417572.2	YFJ11653.1	100	130	6.08e-90	254
NP_417496.1	YFJ08348.1	100	130	1.27e-82	235
NP_416898.3	YFJ07731.1	93.8	130	3.38e-87	247
NP_416392.1	YFJ11596.1	96.2	130	7.10e-89	251
NP_416054.1	YFJ11250.1	98.5	130	3.01e-90	254
NP_415731.1	YFJ10930.1	100	130	2.38e-87	247
NP_417756.1	YFJ08605.1	100	129	4.13e-92	259
NP_417583.4	YFJ08438.1	100	129	3.27e-89	252
NP_417380.1	YFJ08196.1	100	129	7.71e-88	248
NP_416396.1	YFJ07216.1	100	129	1.89e-88	250
NP_415557.1	YFJ10743.1	100	129	7.41e-95	266
NP_415249.1	YFJ10439.1	99.2	129	1.06e-86	246
NP_414988.1	YFJ10161.1	100	103	2.92e-73	211
NP_414729.4	YFJ09948.1	99.2	129	3.14e-96	270
NP_414641.1	YFJ09865.1	97.7	129	1.05e-94	266
NP_418664.2	YFJ09644.1	100	128	5.88e-87	246
NP_417804.1	YFJ08638.1	96.1	128	2.31e-84	239
NP_417024.1	YFJ07856.1	100	128	1.50e-89	253
NP_416761.4	YFJ07613.1	98.4	128	5.88e-87	246
NP_415530.1	YFJ10725.1	98.4	128	2.59e-90	254
NP_414705.1	YFJ09925.1	100	128	2.92e-87	247
NP_418499.1	YFJ09480.1	96.1	127	4.32e-84	239
NP_418408.1	YFJ09368.1	100	127	1.62e-79	227
NP_417940.2	YFJ08889.1	97.6	127	1.10e-86	245
NP_417916.1	YFJ08742.1	97.6	126	6.64e-88	248
NP_417753.1	YFJ08602.1	100	127	7.46e-85	241
NP_417567.1	YFJ08424.1	99.2	127	2.81e-89	252
NP_417074.1	YFJ07907.1	99.2	127	9.43e-88	248
NP_416048.2	YFJ11243.1	100	127	7.18e-92	258
NP_415357.1	YFJ10563.1	100	127	8.07e-89	251
NP_415157.1	YFJ10355.1	98.4	127	1.98e-89	252
NP_415083.1	YFJ10263.1	99.2	127	1.51e-93	263
NP_418633.4	YFJ09615.1	98.4	126	5.07e-87	246
NP_418262.2	YFJ09156.1	96.8	126	2.71e-82	234
NP_418261.1	YFJ09155.1	99.2	126	1.51e-88	250
NP_418195.2	YFJ09090.1	100	126	5.05e-78	223
NP_417058.1	YFJ07890.1	97.6	126	2.51e-87	247
NP_415274.1	YFJ10478.1	100	126	3.86e-82	234
NP_414673.1	YFJ09894.1	100	126	1.29e-89	253
NP_415622.1	YFJ10806.1	96.8	125	6.69e-87	246
NP_415369.1	YFJ10575.1	100	125	7.51e-93	261
NP_415001.1	YFJ10174.1	99.2	125	1.92e-86	244
NP_414592.1	YFJ09820.1	100	125	1.03e-90	255
NP_417801.1	YFJ08635.1	100	124	7.54e-88	248
NP_416914.1	YFJ07749.1	95.9	122	1.48e-80	229
NP_416509.1	YFJ09005.1	88.7	124	6.15e-76	218
NP_416355.1	YFJ07176.1	98.4	124	5.97e-85	241
NP_415569.4	YFJ10754.1	100	124	1.07e-87	248
NP_414994.1	YFJ10167.1	100	124	1.71e-93	262
NP_417769.1	YFJ08618.1	100	123	1.36e-85	242
NP_417184.1	YFJ07993.1	99.2	123	3.47e-88	249
NP_414976.1	YFJ10149.1	97.6	123	1.85e-74	214
NP_418466.1	YFJ09450.1	100	122	3.92e-80	228
NP_417752.1	YFJ08601.1	91.8	122	6.76e-81	230
NP_417568.2	YFJ08425.1	100	122	1.52e-68	199
NP_417530.2	YFJ08384.1	100	122	2.02e-82	234
NP_416508.1	YFJ07374.1	99.2	122	2.09e-93	262
NP_416199.1	YFJ11406.1	99.2	122	9.97e-92	258
NP_415695.1	YFJ10860.1	96.7	122	6.50e-88	248
NP_415111.1	YFJ10311.1	100	121	1.61e-89	252
NP_418413.1	YFJ09373.1	100	121	4.93e-69	200
NP_417574.1	YFJ08430.1	100	121	1.42e-95	267
NP_417245.1	YFJ11633.1	99.2	120	6.30e-92	258
NP_417093.2	YFJ07925.1	99.2	121	4.25e-88	248
NP_416472.2	YFJ11602.1	100	93	2.36e-68	197
NP_416457.4	YFJ11600.1	100	121	4.08e-77	221
NP_416436.1	YFJ07263.1	97.5	119	8.58e-79	225
NP_416117.1	YFJ11326.1	100	121	2.02e-77	221
NP_414625.1	YFJ09849.1	100	121	2.66e-82	234
NP_418131.1	YFJ09031.1	100	120	8.62e-83	235
NP_418059.1	YFJ08900.1	100	120	7.36e-75	215
NP_418055.1	YFJ11669.1	100	120	2.67e-86	244
NP_417841.2	YFJ08669.1	99.2	120	7.37e-84	238
NP_416806.1	YFJ07655.1	100	120	7.37e-84	238
NP_415082.1	YFJ10261.1	94.2	120	1.49e-83	237
NP_414661.2	YFJ09882.1	100	120	4.61e-87	246
YP_009518777.1	YFJ11567.1	98.3	119	1.75e-77	221
NP_418575.1	YFJ09555.1	100	119	2.90e-85	241
NP_418399.1	YFJ09360.1	100	119	1.89e-81	231
NP_418159.1	YFJ09056.1	100	119	9.35e-82	232
NP_417924.1	YFJ08750.1	98.3	119	3.81e-81	231
NP_417803.1	YFJ08637.1	100	119	9.72e-84	237
NP_417186.1	YFJ07995.1	100	119	2.79e-83	236
NP_416990.1	YFJ07817.1	96.6	119	6.09e-78	223
NP_416311.1	YFJ07132.1	100	119	1.88e-90	254
NP_416040.1	YFJ11235.1	96.6	119	1.01e-85	242
NP_415822.1	YFJ11026.1	100	119	2.48e-77	221
NP_415621.3	YFJ10805.1	100	119	4.81e-84	238
YP_009518798.1	YFJ11610.1	98.1	107	3.13e-75	215
NP_418481.1	YFJ09464.1	100	118	5.23e-83	235
NP_417757.1	YFJ08606.1	100	118	5.65e-78	223
NP_417575.1	YFJ08431.1	83.9	118	1.18e-70	204
NP_416966.1	YFJ07792.1	96.6	118	1.56e-84	239
NP_416361.2	YFJ07182.1	99.2	118	1.82e-83	236
NP_416231.1	YFJ11436.1	100	118	3.15e-75	216
NP_416204.2	YFJ11411.1	98.3	118	1.62e-86	244
NP_418568.2	YFJ09546.1	100	117	2.70e-80	228
NP_417958.1	YFJ08780.1	96.6	117	4.67e-81	230
NP_417837.2	YFJ08665.1	100	117	1.63e-81	231
NP_417763.1	YFJ08612.1	100	117	1.69e-74	214
NP_417212.1	YFJ08022.1	98.2	114	1.53e-83	236
NP_415737.1	YFJ10935.1	99.1	117	1.90e-80	229
NP_414989.1	YFJ10162.1	100	117	3.42e-83	236
YP_009518742.1	YFJ09004.1	63.7	102	4.41e-41	129
NP_418646.1	YFJ09626.1	97.4	116	1.64e-76	219
NP_417206.1	YFJ08015.1	99.1	116	2.71e-84	238
NP_416406.4	YFJ07226.1	100	116	1.40e-77	221
NP_416250.1	YFJ11454.1	100	116	2.23e-74	213
NP_418132.1	YFJ09032.1	100	115	3.07e-76	218
NP_417097.1	YFJ07929.1	100	115	7.53e-77	219
NP_416306.2	YFJ07126.1	97.4	115	1.99e-81	231
NP_416171.1	YFJ11376.1	100	115	3.44e-82	233
NP_415250.1	YFJ10440.1	100	115	6.96e-73	209
NP_414944.1	YFJ10117.1	100	115	3.18e-87	246
NP_414664.4	YFJ09885.1	100	115	4.89e-82	233
NP_417157.1	YFJ07965.1	100	114	1.58e-82	234
NP_416897.2	YFJ07730.1	99.1	114	1.48e-79	226
NP_416686.1	YFJ07538.1	100	114	5.73e-85	240
NP_416323.4	YFJ11591.1	100	114	1.52e-80	229
NP_414698.1	YFJ09918.1	100	114	3.74e-81	230
NP_418767.4	YFJ09717.1	91.7	109	1.54e-68	198
NP_418643.1	YFJ09624.1	100	113	1.12e-86	244
NP_418388.1	YFJ09348.1	99.1	113	4.57e-77	220
NP_418020.2	YFJ08855.1	95.6	113	3.62e-74	213
NP_417465.1	YFJ08312.1	100	113	8.85e-84	237
NP_417107.2	YFJ07936.1	100	113	1.94e-78	223
NP_417088.1	YFJ07921.1	100	113	1.31e-76	219
NP_416353.1	YFJ07174.1	99.1	113	5.34e-76	217
NP_416100.1	YFJ11311.1	99.1	113	1.08e-75	216
NP_415016.4	YFJ10189.1	100	113	4.57e-77	220
NP_414779.1	YFJ09005.1	62.5	104	1.06e-41	131
NP_418560.1	YFJ09539.1	100	112	1.48e-77	221
NP_418213.1	YFJ09107.1	100	112	9.64e-74	211
NP_417048.1	YFJ07880.1	100	112	2.99e-77	220
NP_416610.4	YFJ07466.1	100	112	1.60e-81	231
NP_416253.1	YFJ11457.1	100	112	7.61e-80	227
NP_414984.1	YFJ10157.1	100	112	2.37e-74	213
YP_588462.1	YFJ07612.1	100	111	1.67e-78	223
NP_418532.1	YFJ09511.1	100	111	8.92e-83	234
NP_417951.1	YFJ08773.1	100	111	3.50e-80	228
NP_417598.1	YFJ08451.1	99.1	111	1.18e-78	224
NP_417262.1	YFJ08066.1	99.1	111	8.59e-81	229
NP_417168.1	YFJ07978.1	98.2	111	2.57e-73	210
NP_417020.1	YFJ07852.1	99.1	111	8.59e-81	229
NP_416957.4	YFJ07781.1	100	111	5.60e-77	219
NP_416124.1	YFJ11333.1	99.1	111	7.37e-73	209
NP_418143.2	YFJ09042.1	100	110	1.05e-76	219
NP_417967.1	YFJ08797.1	99.1	110	3.01e-76	218
NP_417774.1	YFJ08623.1	100	110	1.62e-71	206
NP_417642.1	YFJ08493.1	100	110	7.70e-70	201
NP_417545.1	YFJ08399.1	98.2	110	1.75e-75	216
NP_417499.1	YFJ08351.1	93.6	110	8.01e-72	206
NP_416584.4	YFJ07443.1	99.1	110	2.30e-71	205
NP_415561.1	YFJ10747.1	98.2	110	2.68e-70	202
NP_414941.1	YFJ10114.1	100	110	1.96e-72	208
NP_418610.4	YFJ09588.1	99.1	109	1.06e-71	206
NP_418228.2	YFJ09120.1	100	109	2.91e-78	223
NP_417386.1	YFJ08202.1	100	109	3.03e-71	205
NP_417272.1	YFJ08076.1	98.2	109	1.68e-77	221
NP_417158.4	YFJ07966.1	100	109	1.83e-72	208
NP_417133.1	YFJ09005.1	65.4	104	4.73e-44	137
NP_416511.4	YFJ07376.1	100	109	5.04e-70	202
NP_416156.4	YFJ11361.1	95.4	109	3.83e-74	212
NP_416116.1	YFJ11325.1	99.1	109	8.70e-71	204
NP_415764.4	YFJ10960.1	100	109	1.68e-77	221
NP_415689.2	YFJ10852.1	100	109	1.17e-73	211
NP_415489.4	YFJ10692.1	99.1	109	9.76e-77	219
NP_415004.1	YFJ10177.1	100	109	5.66e-67	194
NP_414963.1	YFJ10136.1	100	109	2.69e-74	213
NP_414822.1	YFJ10009.1	100	109	3.38e-86	243
NP_418810.1	YFJ09760.1	100	106	2.41e-72	207
NP_417966.4	YFJ08796.1	100	108	1.51e-75	216
NP_417883.1	YFJ08712.1	99.1	108	4.66e-79	224
NP_417825.1	YFJ08659.1	99.1	108	5.45e-78	222
NP_417434.4	YFJ08257.1	99.1	108	4.49e-77	219
NP_416891.1	YFJ07726.1	100	108	5.68e-62	181
NP_416888.1	YFJ07723.1	100	108	2.71e-69	200
NP_416099.1	YFJ11310.1	99.1	108	1.29e-76	218
NP_415901.2	YFJ11568.1	99.1	108	1.98e-71	205
NP_415798.2	YFJ11560.1	99.1	108	4.32e-75	214
NP_415697.5	YFJ10863.1	100	97	1.30e-67	195
NP_415208.1	YFJ10401.1	100	108	1.98e-71	205
NP_418486.1	YFJ09469.1	100	107	1.20e-76	218
NP_418044.1	YFJ11669.1	75.9	112	2.45e-56	167
NP_417300.1	YFJ08106.1	100	107	4.70e-74	212
NP_417229.1	YFJ08037.1	100	107	1.58e-72	208
NP_417081.2	YFJ07914.1	98.1	107	5.93e-77	219
NP_417023.1	YFJ07855.1	100	107	1.20e-76	218
NP_416417.1	YFJ07234.1	99.1	107	1.40e-75	216
NP_415678.1	YFJ10841.1	97.2	107	2.60e-80	228
NP_415387.1	YFJ10593.1	99.1	107	4.52e-72	207
NP_418385.1	YFJ09345.1	100	106	2.74e-68	197
NP_418251.1	YFJ09144.1	99.1	106	1.70e-80	228
NP_417035.1	YFJ07867.1	100	106	9.86e-80	226
NP_416252.1	YFJ11456.1	100	106	8.48e-72	206
NP_415402.1	YFJ10607.1	100	106	3.19e-76	217
YP_588459.1	YFJ07475.1	99.0	105	9.94e-75	213
NP_418572.4	YFJ09552.1	100	105	2.01e-65	190
NP_418373.1	YFJ09332.1	100	105	1.41e-74	213
NP_417132.1	YFJ09004.1	69.0	100	4.72e-47	144
NP_416589.2	YFJ07447.1	95.2	105	7.88e-72	206
NP_415486.4	YFJ10689.1	100	105	1.36e-72	208
NP_415170.4	YFJ10367.1	100	105	1.36e-72	208
NP_414969.4	YFJ10142.1	100	105	1.16e-73	211
NP_414780.1	YFJ09004.1	66.0	97	1.00e-41	130
NP_418622.1	YFJ09600.1	99.0	104	9.24e-75	213
NP_418492.1	YFJ09474.1	100	104	3.63e-72	207
NP_418337.1	YFJ09252.1	99.0	104	2.35e-77	220
NP_417768.1	YFJ08617.1	100	104	2.87e-69	199
NP_417501.1	YFJ08353.1	98.1	104	5.35e-74	211
NP_416447.1	YFJ07268.1	98.1	104	2.56e-63	184
NP_415824.1	YFJ11028.1	99.0	104	8.90e-73	208
NP_417780.1	YFJ08629.1	100	103	1.09e-68	198
NP_417653.1	YFJ08504.1	100	103	2.28e-70	202
NP_417376.1	YFJ08193.1	98.1	103	7.96e-71	203
NP_417228.1	YFJ08036.1	100	103	3.94e-71	204
NP_416073.1	YFJ11285.1	97.1	103	2.47e-65	189
NP_415562.1	YFJ10748.1	94.2	103	1.81e-67	195
NP_418593.1	YFJ09571.1	100	102	3.36e-49	149
NP_416114.2	YFJ11323.1	79.4	102	8.05e-22	79.7
NP_415795.1	YFJ10994.1	98.0	102	2.69e-64	187
NP_414913.1	YFJ10088.1	100	102	1.88e-73	210
NP_418615.1	YFJ09593.1	100	101	8.04e-70	201
NP_417766.1	YFJ08615.1	100	101	9.41e-69	198
NP_417569.1	YFJ08426.1	100	101	8.38e-63	183
NP_416769.1	YFJ07621.1	100	101	1.10e-67	195
NP_416182.1	YFJ11388.1	99.0	101	2.40e-71	204
NP_416103.2	YFJ11580.1	99.0	101	9.05e-67	193
NP_415519.1	YFJ10714.1	100	101	1.97e-70	202
NP_417777.1	YFJ08626.1	100	100	2.32e-64	187
NP_417624.1	YFJ08475.1	97.0	100	6.93e-66	191
NP_416782.1	YFJ07631.1	100	100	2.61e-61	179
YP_588469.1	YFJ08852.1	93.1	102	3.37e-64	186
NP_418357.1	YFJ09314.1	99.0	99	1.25e-63	185
NP_417571.1	YFJ08428.1	98.0	99	7.83e-67	193
NP_417153.1	YFJ07961.1	100	99	7.25e-63	183
NP_416324.2	YFJ07144.1	98.0	99	1.15e-68	197
NP_416227.1	YFJ11433.1	100	99	3.88e-67	194
NP_418552.1	YFJ09530.1	100	98	1.53e-68	197
NP_417727.1	YFJ08578.1	100	98	2.44e-65	189
NP_415875.1	YFJ11073.1	100	98	5.52e-71	203
NP_415767.2	YFJ10964.1	100	98	3.60e-67	194
NP_415150.1	YFJ10348.1	100	98	1.26e-67	195
NP_414546.1	YFJ09774.1	72.0	100	2.89e-39	123
YP_588471.1	YFJ09010.1	87.6	97	2.77e-57	169
NP_418566.1	YFJ09544.1	100	97	2.19e-63	184
NP_417658.4	YFJ08509.1	97.9	97	1.32e-64	187
NP_417647.1	YFJ08498.1	100	97	3.23e-65	189
NP_416952.2	YFJ07776.1	100	97	5.16e-62	181
NP_416215.1	YFJ11421.1	97.9	97	3.20e-74	211
NP_415589.1	YFJ10772.1	99.0	97	1.67e-58	172
NP_415263.1	YFJ10468.1	100	97	8.21e-68	195
NP_415211.2	YFJ10404.1	100	97	1.42e-59	174
NP_415089.1	YFJ12261.1	89.7	97	3.50e-60	176
NP_414767.1	YFJ09995.1	97.9	97	1.27e-62	182
NP_418126.1	YFJ09025.1	100	96	1.09e-67	195
NP_418011.1	YFJ08846.1	100	96	2.89e-63	184
NP_417514.4	YFJ08374.1	86.2	94	1.14e-47	144
NP_417428.2	YFJ08248.1	99.0	96	6.06e-65	188
NP_417108.4	YFJ07937.1	99.0	96	5.83e-63	183
NP_416362.1	YFJ07183.1	100	96	3.38e-62	181
NP_416238.1	YFJ11442.1	99.0	96	7.36e-66	190
NP_416035.1	YFJ11230.1	99.0	96	1.32e-68	197
NP_415081.1	YFJ10260.1	97.9	96	1.32e-68	197
NP_417802.1	YFJ08636.1	94.7	95	2.59e-61	179
NP_417670.1	YFJ08521.1	100	95	3.96e-65	188
NP_417472.1	YFJ08319.1	100	95	1.27e-70	202
NP_416951.1	YFJ07775.1	100	95	7.10e-68	195
NP_416339.1	YFJ07160.1	98.9	95	5.65e-56	165
NP_415371.1	YFJ10577.1	96.8	95	2.69e-54	161
NP_414586.1	YFJ09813.1	100	95	4.43e-71	203
NP_417234.2	YFJ08042.1	95.7	94	5.04e-63	183
NP_416845.2	YFJ07696.1	100	94	1.06e-64	187
NP_416690.1	YFJ07542.1	96.8	94	5.04e-63	183
NP_416596.1	YFJ07452.1	94.7	94	1.50e-64	187
NP_415994.4	YFJ11194.1	100	94	2.06e-62	181
NP_415432.1	YFJ10635.1	100	94	1.56e-66	192
NP_415364.1	YFJ10570.1	100	94	1.19e-52	157
NP_414925.1	YFJ10101.1	98.9	94	4.31e-64	186
NP_418484.4	YFJ09467.1	100	93	6.66e-63	182
NP_418223.1	YFJ09116.1	98.9	93	1.19e-65	189
NP_416615.1	YFJ07470.1	93.5	93	9.47e-63	182
YP_001165332.1	YFJ09439.1	100	92	5.30e-64	185
NP_417775.1	YFJ08624.1	100	92	2.24e-65	189
NP_417655.1	YFJ08506.1	98.9	92	4.70e-67	193
NP_416828.1	YFJ07677.1	96.7	92	6.98e-60	175
NP_415723.1	YFJ10924.1	98.9	92	1.30e-64	187
NP_415488.1	YFJ10691.1	98.9	92	4.70e-67	193
YP_001165334.1	YFJ09488.1	98.9	91	3.10e-58	171
NP_418620.1	YFJ09598.1	100	91	1.36e-61	179
NP_418609.4	YFJ09587.1	100	91	7.89e-61	177
NP_418106.1	YFJ08945.1	100	91	5.15e-57	167
NP_417437.1	YFJ08260.1	100	91	2.08e-65	189
NP_416877.1	YFJ07712.1	94.5	91	1.73e-55	164
NP_415867.1	YFJ11068.1	100	91	1.16e-62	182
NP_414891.4	YFJ10074.1	100	91	2.18e-58	171
NP_414863.1	YFJ10049.1	98.9	91	1.04e-56	167
NP_418551.1	YFJ09529.1	98.9	90	3.64e-61	178
NP_418447.1	YFJ09410.1	98.9	90	5.61e-56	165
NP_418428.1	YFJ09386.1	100	90	6.81e-57	167
NP_417706.1	YFJ08550.1	100	90	1.31e-63	184
NP_417673.1	YFJ08524.1	100	90	1.43e-58	171
NP_417208.1	YFJ08017.1	98.9	90	7.62e-63	182
NP_416608.1	YFJ07464.1	98.9	90	1.00e-58	172
NP_416291.4	YFJ07111.1	96.7	90	6.04e-60	175
NP_416274.1	YFJ11477.1	98.9	90	3.22e-64	186
NP_415683.1	YFJ10847.1	91.1	90	2.57e-52	155
NP_414974.1	YFJ10147.1	100	90	7.97e-56	164
NP_418295.1	YFJ09203.1	100	89	2.38e-61	178
NP_418280.4	YFJ09188.1	100	89	7.14e-54	159
NP_417923.1	YFJ08749.1	98.9	89	4.63e-59	172
NP_417634.1	YFJ08485.1	100	89	5.42e-58	170
NP_416459.1	YFJ07279.1	100	89	8.35e-53	157
YP_588453.1	YFJ11126.1	100	88	9.80e-56	164
NP_417373.1	YFJ08190.1	100	88	1.96e-64	186
NP_416762.2	YFJ07614.1	94.3	88	3.03e-59	173
NP_415692.1	YFJ10857.1	100	88	2.92e-57	168
NP_415684.1	YFJ10848.1	96.6	88	5.68e-55	162
NP_415324.1	YFJ10527.1	97.7	88	1.10e-61	179
NP_418217.1	YFJ09111.1	100	87	2.32e-58	171
NP_417705.2	YFJ08549.1	100	87	4.19e-43	132
NP_416711.1	YFJ07561.1	100	87	1.91e-57	168
NP_415164.1	YFJ10361.1	100	87	1.98e-59	173
NP_414830.1	YFJ11519.1	100	87	1.45e-61	179
NP_414564.1	YFJ09792.1	100	87	1.03e-52	156
NP_417247.2	YFJ08054.1	94.2	86	7.81e-61	177
NP_417057.1	YFJ07889.1	98.8	86	2.50e-66	191
NP_415327.2	YFJ10530.1	98.8	86	6.99e-55	162
NP_415323.1	YFJ10526.1	100	86	9.97e-46	139
NP_414916.1	YFJ10092.1	98.8	86	2.85e-54	160
NP_414761.1	YFJ09991.1	96.5	86	4.92e-55	162
YP_588472.1	YFJ09057.1	100	85	9.15e-64	184
YP_009518833.1	YFJ09709.1	88.8	80	4.83e-53	157
NP_417739.1	YFJ08588.1	94.1	85	2.09e-60	176
NP_417652.1	YFJ08503.1	100	85	1.66e-57	168
NP_417487.1	YFJ08332.1	100	85	3.91e-56	165
NP_416910.1	YFJ07745.1	100	85	5.36e-54	159
NP_415848.1	YFJ11049.1	100	85	1.27e-52	156
NP_415630.1	YFJ10814.1	100	85	3.11e-53	157
NP_415370.1	YFJ10576.1	98.8	85	2.09e-60	176
YP_588461.1	YFJ07527.1	100	84	4.93e-63	182
YP_588458.1	YFJ07386.1	100	84	2.01e-62	181
NP_417770.1	YFJ08619.1	100	84	9.27e-59	171
NP_417657.2	YFJ08508.1	100	84	2.66e-58	170
NP_416739.1	YFJ07589.1	100	84	2.86e-62	180
NP_416307.1	YFJ07127.1	100	84	8.21e-62	179
NP_415713.1	YFJ10882.1	96.4	84	2.38e-52	155
NP_415578.3	YFJ11548.1	100	84	1.12e-59	174
NP_414731.2	YFJ09950.1	98.8	84	6.68e-57	167
YP_009518814.1	YFJ08236.1	98.8	83	2.39e-56	165
NP_418645.2	YFJ09625.1	95.2	83	3.39e-56	165
NP_418067.1	YFJ08909.1	100	83	5.18e-60	174
NP_416521.2	YFJ07387.1	100	83	8.01e-55	161
NP_416416.2	YFJ07233.1	98.8	83	2.69e-53	157
NP_416079.1	YFJ11292.1	96.4	83	3.97e-55	162
NP_415789.1	YFJ10985.1	100	83	8.31e-57	166
NP_417464.1	YFJ08311.1	100	82	2.70e-57	167
NP_417263.1	YFJ08067.1	100	82	4.65e-58	169
NP_417100.1	YFJ07931.1	100	82	3.69e-55	162
NP_416309.1	YFJ07130.1	100	82	8.73e-54	159
NP_415685.1	YFJ10849.1	96.3	82	5.92e-52	154
NP_415112.1	YFJ10312.1	97.6	82	2.06e-52	155
NP_418363.1	YFJ09320.1	100	81	1.72e-37	117
NP_417927.1	YFJ08753.1	100	81	7.47e-59	171
NP_417159.1	YFJ07969.1	100	81	3.05e-58	170
NP_415811.1	YFJ11015.1	98.8	81	1.45e-56	166
NP_415579.1	YFJ10762.1	100	81	9.87e-55	161
NP_415305.1	YFJ10509.1	98.8	81	1.99e-54	160
NP_414861.2	YFJ10047.1	91.4	81	1.41e-45	138
NP_418474.4	YFJ09457.1	98.8	80	1.65e-30	100
NP_417723.1	YFJ08574.1	97.5	80	2.34e-57	167
NP_416878.1	YFJ07713.1	98.8	80	2.09e-51	152
NP_416245.2	YFJ11449.1	98.8	80	3.25e-54	160
NP_414956.1	YFJ10129.1	100	80	2.45e-50	150
YP_588456.1	YFJ07162.1	100	79	3.36e-52	154
NP_418193.1	YFJ09088.1	100	79	6.31e-48	144
NP_416650.1	YFJ07502.1	100	79	2.10e-55	162
NP_416419.1	YFJ07236.1	97.5	79	1.00e-53	158
NP_416165.2	YFJ11370.1	100	79	3.09e-57	167
NP_414783.1	YFJ08999.1	64.7	68	2.16e-32	104
YP_588478.1	YFJ09734.1	93.6	78	5.02e-49	146
NP_418094.1	YFJ08933.1	100	78	1.55e-52	155
NP_417869.1	YFJ08699.1	100	78	6.56e-54	159
NP_416350.4	YFJ07172.1	100	78	2.02e-57	167
NP_416192.1	YFJ11399.1	100	78	1.29e-33	107
NP_416160.1	YFJ11365.1	100	78	1.13e-54	160
NP_415682.1	YFJ10846.1	96.2	78	1.01e-48	145
NP_415612.1	YFJ10796.1	100	78	1.44e-48	145
NP_414837.2	YFJ10025.1	96.2	78	1.97e-46	140
YP_588454.1	YFJ10269.1	98.1	54	8.11e-32	102
NP_416440.1	YFJ07266.1	100	77	2.13e-54	160
NP_416062.2	YFJ11257.1	100	77	5.89e-52	154
NP_415978.1	YFJ11179.1	98.7	75	2.27e-51	152
NP_415963.1	YFJ11166.1	100	77	4.68e-49	146
NP_415893.2	YFJ11257.1	98.7	77	2.40e-51	152
NP_418550.1	YFJ09528.1	96.1	76	8.38e-56	163
NP_416356.1	YFJ07177.1	100	76	6.43e-51	151
NP_416087.1	YFJ11298.1	69.7	76	5.41e-34	108
NP_415953.1	YFJ11156.1	97.4	76	3.18e-51	152
NP_415735.1	YFJ10933.1	100	76	4.69e-53	156
NP_415511.1	YFJ10706.1	98.7	76	5.49e-52	154
NP_418623.1	YFJ09601.1	100	75	7.01e-50	148
NP_417867.1	YFJ08697.1	100	75	8.51e-51	150
NP_417289.2	YFJ11637.1	100	75	1.42e-49	147
NP_416692.1	YFJ07544.1	98.7	75	1.60e-46	140
NP_416516.1	YFJ07381.1	96.0	75	4.76e-48	144
NP_416463.4	YFJ11601.1	100	75	1.42e-49	147
NP_415568.1	YFJ10753.1	100	75	7.53e-54	158
NP_415523.1	YFJ10718.1	100	75	1.03e-51	153
NP_416425.1	YFJ07252.1	100	74	2.48e-45	137
NP_415943.4	YFJ11147.1	100	74	1.27e-47	142
NP_415821.1	YFJ11025.1	100	74	1.05e-46	140
NP_415401.1	YFJ10606.1	100	74	2.01e-53	157
YP_588435.1	YFJ07373.1	67.1	73	3.72e-33	106
NP_417733.1	YFJ08583.1	100	73	1.75e-49	147
NP_416507.1	YFJ07373.1	97.3	73	8.96e-52	153
NP_415869.2	YFJ11070.1	98.6	73	2.57e-51	152
NP_415823.1	YFJ11027.1	100	73	3.40e-47	141
YP_588467.1	YFJ08599.1	100	72	9.77e-51	150
YP_588464.1	YFJ07740.1	100	72	1.63e-49	147
YP_588447.1	YFJ10851.1	98.6	71	2.43e-42	129
YP_588441.1	YFJ10318.1	94.4	72	4.13e-52	154
NP_418325.4	YFJ09240.1	95.8	72	2.52e-44	134
NP_417813.1	YFJ08647.1	100	72	4.67e-49	146
NP_417807.1	YFJ08641.1	100	72	2.52e-44	134
NP_417589.4	YFJ11654.1	91.7	72	1.51e-45	137
NP_417330.1	YFJ08136.1	84.7	72	1.65e-40	124
NP_417310.1	YFJ08117.1	100	72	7.77e-48	143
NP_416586.1	YFJ11689.1	98.6	72	6.08e-54	158
NP_416049.1	YFJ11244.1	94.4	72	5.09e-44	133
NP_415799.1	YFJ10996.1	98.6	72	1.41e-41	127
NP_415404.1	YFJ10609.1	100	72	6.64e-49	145
NP_414993.1	YFJ10166.1	100	72	6.64e-49	145
NP_414565.1	YFJ09793.1	100	72	6.64e-49	145
NP_417537.1	YFJ08391.1	100	71	5.55e-43	130
NP_417005.2	YFJ07835.1	64.8	71	2.28e-33	106
NP_416142.1	YFJ11348.1	100	71	3.06e-49	146
NP_416075.1	YFJ08847.1	83.6	67	5.02e-39	120
NP_416074.4	YFJ11090.1	93.0	71	9.93e-46	137
NP_415998.4	YFJ11198.1	98.6	71	1.46e-47	142
NP_415862.4	YFJ11064.1	100	71	1.14e-53	157
NP_415086.1	YFJ11090.1	98.6	71	6.18e-49	145
NP_418371.1	YFJ09328.1	100	70	1.78e-52	154
NP_418012.1	YFJ08847.1	100	70	1.16e-48	145
NP_416076.1	YFJ10704.1	77.1	70	1.56e-35	112
NP_416070.1	YFJ11578.1	100	70	1.71e-50	149
NP_415972.1	YFJ11175.1	94.3	70	4.11e-40	123
NP_415510.1	YFJ10705.1	100	70	8.19e-49	145
NP_415509.1	YFJ10704.1	100	70	6.75e-48	143
NP_415061.2	YFJ10229.1	100	70	1.60e-46	139
NP_414914.2	YFJ10089.1	100	70	8.49e-51	150
YP_588470.1	YFJ08899.1	98.5	67	1.44e-44	134
YP_009518795.1	YFJ11592.1	100	52	7.72e-35	109
NP_418469.1	YFJ09453.1	92.8	69	5.00e-45	135
NP_416702.1	YFJ07552.1	100	69	9.40e-41	125
NP_416337.1	YFJ07158.1	100	69	6.29e-48	143
NP_416190.1	YFJ11396.1	100	69	1.01e-44	135
NP_415863.1	YFJ11065.1	98.6	69	1.44e-44	134
NP_415156.1	YFJ10354.1	100	69	1.27e-47	142
NP_414559.1	YFJ09784.1	100	50	1.62e-29	96.3
NP_418638.2	YFJ09619.1	100	68	9.42e-45	135
NP_415228.1	YFJ10418.1	95.6	68	4.83e-47	140
NP_415091.1	YFJ11281.1	79.4	68	1.31e-33	107
YP_588473.1	YFJ09145.1	100	67	1.07e-45	137
NP_418773.1	YFJ09720.1	100	67	1.63e-49	147
NP_417709.2	YFJ08553.1	100	67	7.24e-44	132
NP_416059.1	YFJ11254.1	100	67	5.10e-44	133
NP_415160.1	YFJ10357.1	100	67	1.94e-39	121
YP_588468.1	YFJ08643.1	100	66	1.03e-47	142
YP_588466.1	YFJ07373.1	65.5	58	6.81e-25	85.1
YP_588465.1	YFJ07794.1	100	66	4.92e-46	138
YP_026279.1	YFJ09378.1	98.5	66	9.26e-42	127
YP_026160.1	YFJ09951.1	100	66	4.59e-42	128
NP_417521.1	YFJ08375.1	98.5	66	4.20e-47	140
NP_417019.1	YFJ07851.1	100	66	1.03e-47	142
YP_588442.1	YFJ10332.1	100	65	1.36e-47	142
NP_418597.1	YFJ09575.1	100	65	1.27e-43	132
NP_416232.3	YFJ11437.1	100	65	7.38e-43	130
NP_416017.1	YFJ11217.1	96.9	64	2.70e-36	113
NP_414643.1	YFJ09866.1	100	65	3.23e-46	138
YP_009518797.1	YFJ07375.1	100	64	2.81e-42	128
YP_001165309.1	YFJ10269.1	96.8	63	1.84e-38	119
NP_417796.1	YFJ08631.1	87.5	64	7.78e-40	122
NP_415864.1	YFJ11563.1	100	64	4.43e-48	143
NP_417994.2	YFJ08824.1	100	63	1.21e-38	119
NP_417771.1	YFJ08620.1	100	63	1.37e-35	111
NP_416999.1	YFJ07826.1	100	63	1.47e-39	121
NP_416351.2	YFJ11593.1	98.4	63	1.98e-46	139
NP_416220.1	YFJ11426.1	98.4	63	1.52e-41	126
NP_416093.1	YFJ11304.1	93.7	63	2.96e-39	120
NP_414923.1	YFJ10099.1	100	63	1.11e-43	132
YP_009518790.1	YFJ11577.1	93.5	62	1.21e-42	129
YP_009518761.1	YFJ11543.1	98.4	62	2.16e-45	136
NP_417992.1	YFJ08822.1	98.4	62	1.17e-40	124
NP_416462.1	YFJ07282.1	100	62	1.03e-43	132
NP_416200.2	YFJ11407.1	100	62	6.78e-40	122
NP_416092.1	YFJ11303.1	87.1	62	5.21e-35	110
YP_588452.1	YFJ11094.1	98.4	61	3.80e-41	125
YP_001165315.1	YFJ10855.1	93.4	61	1.75e-37	116
NP_417176.1	YFJ07985.1	100	61	2.92e-36	113
NP_415900.1	YFJ11130.1	100	61	2.49e-37	115
YP_588440.1	YFJ10267.1	98.3	60	2.41e-39	120
NP_416466.1	YFJ07285.1	100	60	5.04e-41	125
NP_416310.1	YFJ07131.1	100	60	8.40e-40	122
NP_415437.1	YFJ10640.1	100	60	4.30e-42	127
NP_417761.1	YFJ08610.1	100	59	2.17e-37	115
NP_417729.1	YFJ08579.1	100	59	3.20e-39	120
NP_416325.1	YFJ07145.1	100	59	2.10e-35	110
YP_009518796.1	YFJ07251.1	98.3	58	4.10e-37	115
NP_415954.2	YFJ11157.1	100	58	1.79e-40	123
YP_588474.1	YFJ09531.1	100	57	2.52e-33	105
YP_588446.1	YFJ10707.1	100	57	8.76e-34	106
YP_009518775.1	YFJ11060.1	100	57	2.99e-14	57.4
YP_001165317.1	YFJ10998.1	98.2	57	5.45e-37	114
YP_001165316.1	YFJ10962.1	100	57	2.15e-34	108
YP_001165314.1	YFJ10854.1	91.2	57	3.90e-28	92.4
NP_416068.2	YFJ11576.1	93.0	57	3.45e-31	100
NP_415962.2	YFJ11165.1	100	57	1.83e-35	110
NP_415936.1	YFJ11142.1	94.7	57	1.29e-35	111
NP_415607.1	YFJ10791.1	100	57	2.70e-37	115
NP_415525.2	YFJ10720.1	100	57	1.88e-17	65.5
YP_588451.1	YFJ11069.1	100	56	5.26e-39	119
YP_009518818.1	YFJ08372.1	100	56	1.41e-34	108
NP_415080.1	YFJ10259.1	96.4	56	7.23e-37	114
YP_588450.2	YFJ10989.1	98.2	55	9.28e-35	108
NP_418093.1	YFJ08932.1	100	55	1.32e-34	108
NP_417828.1	YFJ08662.1	100	55	8.19e-38	116
NP_417821.1	YFJ08655.1	96.4	55	2.12e-31	100
NP_415473.1	YFJ10676.1	100	55	1.36e-36	113
YP_588449.2	YFJ10988.1	97.8	46	2.75e-30	97.4
YP_009518801.1	YFJ07563.1	94.4	54	4.29e-35	109
YP_009518772.1	YFJ11561.1	100	54	7.92e-40	121
NP_418761.1	YFJ09716.1	85.2	54	6.45e-28	91.7
NP_417578.2	YFJ08434.1	96.3	54	1.11e-28	93.6
YP_588479.2	YFJ09741.1	100	53	4.39e-30	97.1
NP_414999.1	YFJ10172.1	91.8	49	6.99e-25	84.0
NP_417152.1	YFJ07960.1	100	52	5.33e-35	109
YP_009518806.1	YFJ07901.1	100	51	5.85e-34	106
NP_416089.1	YFJ11071.1	93.9	49	9.42e-31	98.6
NP_416080.1	YFJ11293.1	100	51	4.51e-29	94.4
NP_415872.2	YFJ11071.1	92.2	51	3.84e-30	97.1
YP_026229.1	YFJ08848.1	98.0	50	1.52e-31	100
YP_025295.1	YFJ10314.1	98.0	50	8.52e-29	93.6
YP_025292.1	YFJ09784.1	100	50	1.03e-29	95.9
YP_009518754.1	YFJ10253.1	100	48	1.10e-26	88.2
NP_415283.1	YFJ10487.1	100	49	1.89e-27	90.1
YP_026284.1	YFJ09551.1	100	48	4.19e-26	86.7
YP_009518810.1	YFJ08114.1	100	48	1.38e-33	105
YP_009518831.1	YFJ09698.1	93.6	47	2.85e-28	92.0
YP_009518802.1	YFJ11621.1	97.9	47	2.52e-31	99.8
NP_416340.1	YFJ07161.1	100	47	5.08e-31	99.0
NP_416338.1	YFJ07159.1	100	47	2.08e-30	97.4
YP_588439.1	YFJ10262.1	95.7	46	1.88e-28	92.4
YP_588437.1	YFJ11518.1	100	46	1.88e-28	92.4
NP_418819.1	YFJ09769.1	100	46	1.50e-25	85.1
NP_418158.1	YFJ09055.1	100	46	1.05e-25	85.5
NP_415576.1	YFJ10760.1	100	37	2.78e-20	71.6
NP_415997.1	YFJ11197.1	100	45	2.94e-27	89.4
NP_418667.1	YFJ09647.1	100	44	1.02e-31	100
NP_417414.2	YFJ08234.1	100	43	5.21e-27	88.6
YP_009029995.1	YFJ10540.1	100	42	8.42e-28	90.5
YP_026283.1	YFJ09550.1	97.6	41	3.54e-22	76.3
YP_025303.1	YFJ11583.1	95.1	41	1.49e-23	79.7
YP_002791254.1	YFJ08181.1	97.6	41	1.19e-20	72.4
YP_009518784.1	YFJ11572.1	94.9	39	2.46e-24	81.6
NP_417758.1	YFJ08607.1	100	38	2.06e-22	76.6
YP_588444.1	YFJ10467.1	100	37	3.34e-23	78.6
YP_009518787.1	YFJ11256.1	100	37	3.13e-19	68.6
YP_009518779.1	YFJ11256.1	100	37	3.13e-19	68.6
YP_009518767.1	YFJ10842.1	94.4	36	2.07e-19	68.9
YP_002791260.1	YFJ09212.1	100	36	2.94e-19	68.6
YP_588460.1	YFJ07485.1	100	35	6.55e-18	65.1
YP_588455.2	YFJ11440.1	100	35	3.46e-22	75.9
YP_026227.1	YFJ08829.1	94.3	35	2.01e-21	73.9
YP_025299.1	YFJ11555.1	97.1	35	4.92e-22	75.5
YP_025298.1	YFJ11554.1	94.3	35	9.95e-22	74.7
YP_025297.1	YFJ11555.1	97.1	35	4.92e-22	75.5
YP_009518759.1	YFJ10438.1	100	35	5.77e-21	72.8
YP_002791239.1	YFJ11001.1	100	34	1.83e-19	68.9
NP_416302.2	YFJ07122.1	100	34	4.19e-16	60.5
YP_009518827.1	YFJ09121.1	100	33	4.08e-18	65.5
YP_001165308.1	YFJ10257.1	100	33	8.82e-22	74.7
YP_002791242.1	YFJ07129.1	100	32	3.17e-17	63.2
NP_418215.1	YFJ09109.1	100	32	1.78e-14	56.2
NP_418128.1	YFJ09027.1	100	32	8.52e-13	52.0
YP_009518771.1	YFJ10990.1	100	31	2.18e-19	68.6
YP_001165319.1	YFJ11247.1	100	31	1.26e-18	66.6
YP_001165318.1	YFJ11164.1	96.8	31	5.85e-15	57.4
YP_001165313.1	YFJ10702.1	100	30	1.15e-16	61.6
YP_588443.1	YFJ10417.1	96.6	29	4.14e-12	50.1
YP_004831120.1	YFJ09515.1	96.6	29	6.10e-14	54.7
YP_001165331.1	YFJ09028.1	93.1	29	6.66e-09	42.0
YP_001165321.1	YFJ11380.1	100	29	1.02e-12	51.6
YP_002791245.1	YFJ11598.1	100	28	2.52e-17	63.2
YP_001491546.1	YFJ11531.1	100	28	1.41e-14	56.2
NP_414617.1	YFJ11505.1	100	28	4.92e-15	57.4
YP_009518832.1	YFJ11499.1	100	27	2.30e-15	58.2
YP_009518813.1	YFJ11644.1	92.6	27	5.26e-12	49.7
YP_009518750.1	YFJ11523.1	92.6	27	2.60e-12	50.4
YP_002791249.1	YFJ11619.1	100	27	2.94e-09	42.7
YP_001165328.2	YFJ11665.1	100	27	4.17e-09	42.4
YP_001165320.1	YFJ11582.1	96.3	27	6.15e-11	47.0
YP_002791258.1	YFJ11655.1	100	26	3.10e-15	57.8
YP_002791251.1	YFJ11626.1	96.2	26	1.13e-08	41.2
YP_002791243.1	YFJ11590.1	100	24	1.28e-11	48.5
NP_418163.1	YFJ11679.1	100	24	1.96e-15	58.2
YP_009518812.1	YFJ11643.1	100	23	1.48e-12	50.8
YP_002791250.1	YFJ11622.1	100	23	2.87e-10	45.1
YP_009518760.1	YFJ11537.1	100	21	6.62e-13	51.6
YP_009518738.1	YFJ11513.1	100	21	1.28e-10	45.8
YP_002791244.1	YFJ11594.1	95.2	21	2.48e-08	40.0
NP_414542.1	YFJ11501.1	100	21	1.43e-07	38.1
YP_002791246.1	YFJ11611.1	100	20	3.51e-10	44.7
YP_002791247.1	YFJ11616.1	100	19	4.99e-05	31.6
YP_001165325.1	YFJ11624.1	100	19	9.60e-10	43.5
YP_003933616.1	YFJ11496.1	100	17	1.69e-07	37.7
YP_002791261.1	YFJ11493.1	100	17	8.38e-08	38.5
YP_002791259.1	YFJ11681.1	100	16	1.14e-07	38.1
NP_417089.1	YFJ11627.1	93.3	15	1.68e-04	30.0
YP_009518766.1	YFJ11549.1	100	14	4.58e-04	28.9
YP_009518736.1	YFJ11506.1	100	14	9.97e-06	33.1
NP_416230.1	YFJ11586.1	100	14	2.29e-04	29.6
NP_415781.1	YFJ11558.1	100	14	1.74e-06	35.0
