WP_001109328.1	YP_499969.1	87.6	10591	0.0	15260
WP_048813240.1	YP_498743.1	100.0	2391	0.0	4722
WP_001050548.1	YP_500376.1	99.9	2186	0.0	3776
WP_001003408.1	YP_500042.1	97.8	2066	0.0	3212
WP_000551362.1	YP_499018.1	100	1499	0.0	2978
WP_000549278.1	YP_498856.1	100	1479	0.0	2892
WP_001820550.1	YP_499774.1	100	1436	0.0	2840
WP_000934424.1	YP_499118.1	97.2	1381	0.0	2145
WP_000118287.1	YP_500361.1	99.8	1274	0.0	2268
WP_000582165.1	YP_500666.1	99.4	1261	0.0	2302
WP_001074556.1	YP_499546.1	99.8	1256	0.0	2389
WP_000514391.1	YP_501143.1	100	1229	0.0	2560
WP_000154914.1	YP_499458.1	99.9	1217	0.0	2358
WP_011443619.1	YP_499097.1	99.9	1198	0.0	2344
WP_000262704.1	YP_499741.1	100	1188	0.0	1929
WP_000918667.1	YP_499096.2	100	1183	0.0	2319
WP_000154228.1	YP_499055.1	100	1168	0.0	2249
WP_000172342.1	YP_499457.1	100	1158	0.0	2271
WP_000809526.1	YP_499610.1	99.9	1150	0.0	2263
WP_000608523.1	YP_499975.1	99.2	1146	0.0	2142
WP_000226911.1	YP_500316.1	99.9	1065	0.0	2097
WP_001126264.1	YP_499709.1	100	1057	0.0	2074
WP_000592303.1	YP_500990.1	100	1055	0.0	1890
WP_000080557.1	YP_498654.1	99.9	1050	0.0	2053
WP_000794589.1	YP_501262.1	98.1	990	0.0	1427
WP_000728949.1	YP_498852.1	100	1009	0.0	1853
WP_001092605.1	YP_500451.1	100	997	0.0	1960
WP_000785110.1	YP_501428.1	100	993	0.0	1637
WP_001155264.1	YP_501044.1	100	984	0.0	2027
WP_000584648.1	YP_500471.1	100	978	0.0	1835
WP_000088722.1	YP_501250.1	100	953	0.0	1857
WP_000662675.1	YP_499337.1	99.9	948	0.0	1857
WP_001060483.1	YP_499117.1	95.1	995	0.0	1351
WP_000841422.1	YP_501261.1	99.9	917	0.0	1274
WP_001056223.1	YP_499368.1	99.0	933	1.74e-308	871
WP_000180666.1	YP_499944.1	100	932	0.0	1858
WP_000331347.1	YP_498760.1	100	929	0.0	1803
WP_000384691.1	YP_499699.1	100	917	0.0	1861
WP_000729744.1	YP_499875.1	100	901	0.0	1795
WP_000211543.1	YP_498999.1	99.9	901	0.0	1798
WP_000745847.1	YP_501414.1	97.3	899	0.0	1020
WP_000525078.1	YP_499990.1	100	897	0.0	1737
WP_001032773.1	YP_500348.1	98.5	895	0.0	1552
WP_000819088.1	YP_498614.1	99.9	887	0.0	1674
WP_000072278.1	YP_500793.1	100	885	0.0	1699
WP_001038308.1	YP_500301.1	100	876	0.0	1692
WP_000734064.1	YP_500231.1	100	876	0.0	1706
WP_000425353.1	YP_500272.1	100	876	0.0	1753
WP_000073352.1	YP_499805.1	99.9	840	0.0	1605
WP_000955777.1	YP_498713.1	100	869	0.0	1682
WP_000353955.1	YP_499465.1	99.9	869	0.0	1540
WP_000915229.1	YP_499750.1	100	868	0.0	1670
WP_000506531.1	YP_499326.1	100	843	0.0	1617
WP_001071135.1	YP_499886.1	100	840	0.0	1584
WP_001051429.1	YP_501322.1	100	822	0.0	1503
WP_001283311.1	YP_500232.1	100	825	0.0	1602
WP_000897132.1	YP_499078.1	100	818	0.0	1568
WP_000884870.1	YP_500063.1	98.9	664	0.0	1337
WP_000222239.1	YP_500931.1	100	807	0.0	1571
WP_001549041.1	YP_500378.1	100	805	0.0	1645
WP_000560841.1	YP_499718.1	100	802	0.0	1573
WP_000024128.1	YP_501328.1	99.9	802	0.0	1526
WP_001118736.1	YP_501146.1	99.9	801	0.0	1597
WP_000054609.1	YP_499442.1	100	801	0.0	1512
WP_001289569.1	YP_499880.1	100	800	0.0	1523
WP_000908981.1	YP_499638.1	99.9	800	0.0	1541
WP_000060776.1	YP_499187.1	100	800	0.0	1479
WP_000680947.1	YP_501434.1	100	796	0.0	1534
WP_001050064.1	YP_499359.1	100	790	0.0	1481
WP_000035767.1	YP_499786.1	100	747	0.0	1358
WP_001249285.1	YP_499643.1	100	782	0.0	1475
WP_076035548.1	YP_499511.1	99.6	774	0.0	1351
WP_000645780.1	YP_498631.1	100	772	0.0	1431
WP_000749795.1	YP_500252.2	100	759	0.0	1368
WP_000594993.1	YP_500251.1	100	757	0.0	1473
WP_000154514.1	YP_498793.1	100	753	0.0	1495
WP_000894660.1	YP_498784.1	100	749	0.0	1508
WP_001188495.1	YP_498661.1	100	732	0.0	1481
WP_001118663.1	YP_499687.1	100	744	0.0	1420
WP_000207614.1	YP_498928.1	100	742	0.0	1465
WP_001548978.1	YP_500201.1	99.7	714	0.0	1346
WP_000992921.1	YP_500614.1	100	730	0.0	1419
WP_001058583.1	YP_500249.1	100	729	0.0	1422
WP_000032727.1	YP_499563.1	100	729	0.0	1434
WP_000138351.1	YP_499985.1	100	727	0.0	1394
WP_000370124.1	YP_500775.1	100	716	0.0	1363
WP_000838479.1	YP_500982.1	99.9	711	0.0	1389
WP_000927360.1	YP_500877.1	99.7	710	0.0	1362
WP_000043634.1	YP_499779.1	100	705	0.0	1185
WP_001058981.1	YP_501318.1	100	701	0.0	1331
WP_000855505.1	YP_499302.1	100	701	0.0	1367
WP_000128366.1	YP_501126.1	100	701	0.0	1397
WP_001012747.1	YP_498808.1	100	698	0.0	1352
WP_000076690.1	YP_499784.1	100	698	0.0	1342
WP_001167887.1	YP_499063.1	99.9	697	0.0	1278
WP_000090315.1	YP_499101.1	100	693	0.0	1367
WP_001185692.1	YP_501193.1	100	692	0.0	1289
WP_001548566.1	YP_499758.1	100	691	0.0	1299
WP_000919754.1	YP_500164.1	99.7	691	0.0	1339
WP_000943832.1	YP_498890.1	98.6	690	0.0	1179
WP_000473675.1	YP_501305.1	100	688	0.0	1339
WP_001151500.1	YP_499733.1	99.9	686	0.0	1337
WP_001227724.1	YP_498754.1	100	665	0.0	1305
WP_000842036.1	YP_501455.1	100	680	0.0	1265
WP_000402172.1	YP_499194.1	100	666	0.0	1213
WP_000546584.1	YP_500790.1	100	657	0.0	1172
WP_000516261.1	YP_499806.1	100	669	0.0	1272
WP_000236397.1	YP_498768.1	99.9	668	0.0	1341
WP_000774565.1	YP_500613.1	100	667	0.0	1298
WP_000776751.1	YP_501404.1	100	666	0.0	1219
WP_000579564.1	YP_499726.1	100	664	0.0	1223
WP_000432907.1	YP_501320.1	100	664	0.0	1294
WP_001548666.1	YP_499879.1	100	663	0.0	1265
WP_001010762.1	YP_499553.1	100	662	0.0	1337
WP_000481443.1	YP_499866.1	100	625	0.0	1240
WP_001052566.1	YP_500905.1	99.8	658	0.0	1295
WP_001051143.1	YP_499040.1	99.8	657	0.0	1302
WP_001081634.1	YP_498622.1	100	655	0.0	1238
WP_000870806.1	YP_499521.1	100	654	0.0	1244
WP_000192168.1	YP_501280.1	100	654	0.0	1305
WP_001266541.1	YP_499267.1	100	652	0.0	1212
WP_000954261.1	YP_498903.1	100	651	0.0	1281
WP_000131830.1	YP_501031.1	99.7	651	0.0	1271
WP_001801657.1	YP_500079.1	98.5	650	0.0	1291
WP_000706115.1	YP_501426.1	99.7	650	0.0	1152
WP_000098285.1	YP_499287.1	100	646	0.0	1279
WP_001041586.1	YP_499626.1	100	645	0.0	974
WP_000435132.1	YP_500293.1	99.8	645	0.0	1281
WP_000255586.1	YP_498613.1	100	644	0.0	1267
WP_000213873.1	YP_501090.1	99.8	643	0.0	1193
WP_000602049.1	YP_500755.1	99.7	642	0.0	1217
WP_000429558.1	YP_500038.1	99.8	636	0.0	1289
WP_001151900.1	YP_501431.1	100	635	0.0	1146
WP_000143623.1	YP_499227.1	100	629	0.0	1156
WP_001283665.1	YP_499939.1	100	628	0.0	1181
WP_000525112.1	YP_499289.1	99.7	627	0.0	1196
WP_000775152.1	YP_501398.1	99.8	626	0.0	1226
WP_000143642.1	YP_501485.1	99.7	626	0.0	1114
WP_000249662.1	YP_501497.2	100	625	0.0	1209
WP_000887026.1	YP_501425.1	100	624	0.0	1212
WP_001125610.1	YP_501429.1	99.7	619	0.0	946
WP_001795559.1	YP_498680.1	100	616	0.0	1230
WP_001071717.1	YP_501394.1	100	616	0.0	1268
WP_000182654.1	YP_499605.1	100	615	0.0	1189
WP_000395153.1	YP_499499.1	100	614	0.0	1118
WP_000159025.1	YP_498861.1	100	614	0.0	1161
WP_000077318.1	YP_498929.1	100	613	0.0	1209
WP_000034716.1	YP_500193.1	100	610	0.0	1140
WP_000744073.1	YP_498789.1	100	518	0.0	912
WP_000483049.1	YP_501195.1	100	609	0.0	1142
WP_000871607.1	YP_498627.1	100	608	0.0	1160
WP_000368341.1	YP_500198.1	100	607	0.0	1176
WP_001044214.1	YP_499464.1	100	604	0.0	1177
WP_000077571.1	YP_499910.1	100	604	0.0	1190
WP_000379821.1	YP_501338.1	100	603	0.0	1125
WP_001795457.1	YP_501252.1	100	602	0.0	1201
WP_000082731.1	YP_499490.1	100	602	0.0	1199
WP_000334465.1	YP_500875.1	100	601	0.0	1157
WP_001217261.1	YP_500174.1	100	599	0.0	1187
WP_000983677.1	YP_499290.1	100	593	0.0	1165
WP_000390529.1	YP_499646.2	100	593	0.0	1169
WP_000720804.1	YP_498767.1	100	591	0.0	1159
WP_000291842.1	YP_498665.1	100	591	0.0	1195
WP_000047820.1	YP_500764.1	100	589	0.0	1185
WP_000818278.1	YP_499648.1	100	588	0.0	1187
WP_000044799.1	YP_500245.1	99.8	588	0.0	1151
WP_001064838.1	YP_501182.1	100	587	0.0	1137
WP_000822608.1	YP_498787.1	100	587	0.0	1097
WP_000804328.1	YP_499799.1	100	586	0.0	1138
WP_001232648.1	YP_500311.1	100	585	0.0	1112
WP_000262640.1	YP_500903.1	100	585	0.0	1161
WP_001179384.1	YP_498677.1	100	584	0.0	1157
WP_000950281.1	YP_498825.1	100	579	0.0	1102
WP_000987769.1	YP_500100.1	100	583	0.0	1099
WP_001062658.1	YP_501306.1	100	579	0.0	1144
WP_001179888.1	YP_498679.1	100	578	0.0	1168
WP_000597238.1	YP_500500.1	100	578	0.0	1060
WP_000486494.1	YP_501181.1	100	577	0.0	1085
WP_000817954.1	YP_499207.1	100	575	0.0	1077
WP_000975357.1	YP_498823.1	100	574	0.0	1128
WP_000040054.1	YP_499578.1	100	572	0.0	1098
WP_000517187.1	YP_499481.1	99.8	571	0.0	1137
WP_000008673.1	YP_501022.1	100	571	0.0	1136
WP_000983330.1	YP_500917.1	100	570	0.0	1096
WP_000683699.1	YP_498916.1	100	560	0.0	1020
WP_000161942.1	YP_499642.1	100	570	0.0	1102
WP_000138648.1	YP_501468.1	99.6	570	0.0	1123
WP_000066521.1	YP_501385.1	100	569	0.0	1177
WP_000862083.1	YP_500351.1	100	568	0.0	1152
WP_000814103.1	YP_499773.1	100	567	0.0	1116
WP_001109047.1	YP_499025.1	100	557	0.0	1063
WP_000811375.1	YP_499584.1	100	565	0.0	1119
WP_000312763.1	YP_499714.1	99.6	565	0.0	1115
WP_000244865.1	YP_500332.1	99.6	564	0.0	974
WP_000167985.1	YP_498818.1	100	513	0.0	1038
WP_000153540.1	YP_500054.1	97.3	563	0.0	1107
WP_001255791.1	YP_500763.1	99.8	562	0.0	1111
WP_000240920.1	YP_498822.1	100	562	0.0	1123
WP_001071591.1	YP_501368.1	100	560	0.0	1162
WP_000942211.1	YP_500130.1	99.8	559	0.0	1033
WP_000402656.1	YP_500791.1	100	558	0.0	1058
WP_001218596.1	YP_499810.1	100	557	0.0	1103
WP_000857602.1	YP_499252.1	100	557	0.0	1039
WP_000595298.1	YP_501111.1	100	557	0.0	1114
WP_000526687.1	YP_499536.1	100	557	0.0	1104
WP_000052590.1	YP_499785.1	100	523	0.0	1018
WP_000149404.1	YP_500350.1	99.6	555	0.0	1095
WP_000130149.1	YP_500936.1	99.8	554	0.0	1073
WP_011443641.1	YP_500303.1	100	553	0.0	1064
WP_001791835.1	YP_498664.1	100	553	0.0	1024
WP_001226823.1	YP_501068.1	100	553	0.0	1100
WP_001021145.1	YP_499174.1	100	553	0.0	1085
WP_000004335.1	YP_500374.1	100	553	0.0	1041
WP_000197019.1	YP_499480.1	100	551	0.0	1085
WP_001041911.1	YP_500116.1	100	549	0.0	1161
WP_001088978.1	YP_499874.1	100	548	0.0	1052
WP_000623903.1	YP_499732.1	100	548	0.0	1044
WP_000813555.1	YP_498752.1	100	546	0.0	1086
WP_000031515.1	YP_499021.1	99.8	546	0.0	1139
WP_001030711.1	YP_501209.1	100	545	0.0	1052
WP_000122340.1	YP_499106.1	100	545	0.0	1100
WP_000737143.1	YP_499251.1	100	543	0.0	1038
WP_000711870.1	YP_501390.2	100	540	0.0	1048
WP_000240645.1	YP_500736.1	99.8	538	0.0	1004
WP_000340475.1	YP_499683.1	99.8	400	2.21e-293	796
WP_000159960.1	YP_500844.1	99.8	536	0.0	1065
WP_000106330.1	YP_500757.1	100	536	0.0	1036
WP_000991502.1	YP_501059.1	100	534	0.0	1050
WP_000808845.1	YP_500339.1	100	534	0.0	1020
WP_000942300.1	YP_499920.1	100	533	0.0	1049
WP_001229077.1	YP_501226.1	99.8	532	0.0	1040
WP_001172340.1	YP_501382.1	100	532	0.0	1077
WP_000960852.1	YP_501110.1	99.8	532	0.0	973
WP_000173902.1	YP_498669.1	100	530	0.0	962
WP_000109906.1	YP_500411.1	100	530	0.0	1070
WP_000067349.1	YP_498764.1	100	530	0.0	1021
WP_001294626.1	YP_500787.1	100	527	0.0	1009
WP_000384474.1	YP_500040.1	99.4	527	0.0	1040
WP_001789452.1	YP_498796.1	100	525	0.0	1058
WP_000143503.1	YP_501219.1	100	525	0.0	1026
WP_001137474.1	YP_501436.1	100	522	0.0	1061
WP_000570699.1	YP_499502.1	99.8	522	0.0	996
WP_001049959.1	YP_499509.1	100	520	0.0	1031
WP_000792345.1	YP_500912.1	100	520	0.0	1001
WP_000323167.1	YP_500627.1	99.8	520	0.0	969
WP_001050913.1	YP_499796.1	100	519	4.49e-304	827
WP_000692645.1	YP_501142.1	100	481	0.0	1021
WP_000432077.1	YP_499673.1	100	496	0.0	937
WP_000127982.1	YP_498782.1	100	518	0.0	1004
WP_000028659.1	YP_500434.1	99.6	518	0.0	1014
WP_000028628.1	YP_500434.1	99.4	518	0.0	1013
WP_001288049.1	YP_499257.1	100	517	0.0	944
WP_000876663.1	YP_501266.1	100	517	0.0	1031
WP_000873197.1	YP_501437.1	100	517	0.0	1038
WP_000727762.1	YP_501152.1	100	516	0.0	960
WP_001001523.1	YP_499802.1	100	514	0.0	1021
WP_000725596.1	YP_498706.1	100	514	0.0	999
WP_000259692.1	YP_501325.1	100	514	0.0	1001
WP_000424966.1	YP_498964.1	100	513	0.0	1032
WP_000957015.1	YP_500611.1	99.8	512	0.0	977
WP_000202037.1	YP_501232.1	100	512	0.0	967
WP_000083807.1	YP_500876.1	100	512	0.0	978
WP_000065035.1	YP_498707.1	100	511	0.0	1044
WP_000665736.1	YP_498884.1	100	510	0.0	950
WP_001225019.1	YP_501422.1	100	498	0.0	969
WP_000838204.1	YP_498805.1	100	509	0.0	996
WP_000094576.1	YP_500767.1	100	509	0.0	987
WP_000680733.1	YP_499056.1	100	508	0.0	926
WP_000930486.1	YP_498953.1	100	507	0.0	983
WP_000038517.1	YP_498847.1	100	507	0.0	938
WP_001178942.1	YP_500795.1	100	506	0.0	894
WP_001085505.1	YP_499354.1	100	505	0.0	996
WP_000535834.1	YP_500506.1	100	505	0.0	1010
WP_000082539.1	YP_499857.1	100	473	0.0	988
WP_000180991.1	YP_499292.1	100	504	0.0	929
WP_000177464.1	YP_498616.1	100	504	0.0	979
WP_000414177.1	YP_499513.1	100	503	0.0	1012
WP_001208912.1	YP_498987.1	100	502	0.0	948
WP_000974881.1	YP_500822.1	100	502	0.0	967
WP_000686168.1	YP_501332.1	100	502	0.0	1002
WP_000158433.1	YP_501433.1	100	502	0.0	1005
WP_001008401.1	YP_498795.1	100	501	0.0	1014
WP_000193752.1	YP_499298.1	99.8	501	0.0	964
WP_001261677.1	YP_500392.1	99.8	500	0.0	1002
WP_001130051.1	YP_501380.1	100	498	0.0	1012
WP_000950548.1	YP_499190.1	100	498	0.0	924
WP_000573079.1	YP_499439.1	99.8	498	0.0	905
WP_000417369.1	YP_499809.1	100	498	0.0	998
WP_000208576.1	YP_501197.1	99.8	498	0.0	922
WP_000160456.1	YP_501335.1	100	497	0.0	1013
WP_000049154.1	YP_500292.1	100	497	0.0	954
WP_001106113.1	YP_499120.1	100	496	0.0	999
WP_000421701.1	YP_501386.1	100	496	0.0	986
WP_000342125.1	YP_499952.1	100	496	0.0	929
WP_001288202.1	YP_499070.1	100	495	0.0	981
WP_000849439.1	YP_500302.1	100	495	0.0	948
WP_000290400.1	YP_498732.1	100	495	0.0	967
WP_000948279.1	YP_498998.1	100	494	0.0	938
WP_000571549.1	YP_500802.1	100	494	0.0	973
WP_000567394.1	YP_500667.1	89.5	496	0.0	908
WP_000483713.1	YP_499564.1	100	494	0.0	981
WP_000412514.1	YP_499138.1	100	494	0.0	929
WP_000141414.1	YP_500749.1	100	494	0.0	1028
WP_000105070.1	YP_500114.1	100	494	0.0	992
WP_001212860.1	YP_499840.1	100	493	0.0	988
WP_000340118.1	YP_499507.1	100	493	0.0	975
WP_001797475.1	YP_498765.1	100	492	0.0	891
WP_000728761.1	YP_498670.1	95.3	516	2.00e-269	738
WP_000709291.1	YP_499567.1	98.6	492	0.0	951
WP_000348360.1	YP_500417.1	100	492	0.0	985
WP_000211359.1	YP_501109.1	100	492	0.0	977
WP_001009697.1	YP_499432.1	100	491	0.0	969
WP_000669653.1	YP_498798.1	100	470	0.0	914
WP_001106738.1	YP_499119.1	100	490	0.0	978
WP_000202189.1	YP_500145.1	100	490	0.0	978
WP_000284431.1	YP_500623.2	100	489	0.0	935
WP_000276371.1	YP_500342.1	99.6	488	0.0	929
WP_000264071.1	YP_498963.1	100	488	0.0	947
WP_000067127.1	YP_500037.1	99.0	488	0.0	921
WP_000503581.1	YP_499019.1	99.8	487	0.0	994
WP_000651160.1	YP_499882.1	100	486	0.0	913
WP_000069282.1	YP_500019.1	100	486	3.61e-223	619
WP_000649907.1	YP_500488.1	100	485	0.0	895
WP_000129653.1	YP_499422.1	100	485	0.0	962
WP_000027928.1	YP_500609.1	100	485	0.0	942
WP_001283792.1	YP_499082.1	100	484	0.0	964
WP_000909220.1	YP_500032.1	94.4	484	0.0	938
WP_000389956.1	YP_499856.1	100	484	0.0	913
WP_000159750.1	YP_498757.1	100	484	0.0	920
WP_000534425.1	YP_501376.1	99.8	482	0.0	905
WP_001140995.1	YP_500890.1	99.6	480	0.0	874
WP_001108126.1	YP_501123.1	100	410	5.64e-290	785
WP_000057551.1	YP_499341.1	99.8	479	0.0	950
WP_000038961.1	YP_501162.1	99.8	452	1.27e-313	847
WP_000163988.1	YP_498831.1	100	478	0.0	999
WP_001005842.1	YP_501417.1	100	476	0.0	886
WP_000834084.1	YP_498693.1	100	476	3.71e-318	859
WP_001206093.1	YP_500839.1	100	475	0.0	936
WP_000545370.1	YP_500608.1	100	475	0.0	939
WP_000279374.1	YP_499020.1	100	475	0.0	896
WP_000953744.1	YP_501410.1	100	474	0.0	905
WP_001291535.1	YP_500129.1	100	473	0.0	919
WP_000344142.1	YP_501417.1	82.2	471	3.24e-272	743
WP_000432356.1	YP_501478.1	100	472	0.0	910
WP_000511135.1	YP_500820.1	100	470	0.0	905
WP_000391031.1	YP_499691.1	100	470	0.0	879
WP_000169220.1	YP_500916.1	100	470	0.0	986
WP_000265417.1	YP_500371.1	100	469	0.0	959
WP_000101538.1	YP_501192.1	100	469	0.0	890
WP_000020800.1	YP_499151.1	99.8	469	0.0	888
WP_001549616.1	YP_500939.1	100	468	0.0	924
WP_000350976.1	YP_499893.1	99.8	468	0.0	919
WP_000260118.1	YP_499592.1	99.6	468	0.0	891
WP_000193707.1	YP_500120.1	100	468	0.0	926
WP_000379054.1	YP_499762.1	100	467	0.0	868
WP_000977737.1	YP_501034.1	100	466	0.0	875
WP_000921968.1	YP_499570.1	100	466	0.0	931
WP_000631963.1	YP_499084.1	100	466	0.0	934
WP_000533485.1	YP_500296.1	100	466	0.0	894
WP_000381270.1	YP_501201.1	100	466	2.49e-320	863
WP_000375647.1	YP_498624.1	99.8	466	0.0	887
WP_000347061.1	YP_499128.1	100	466	0.0	892
WP_000167538.1	YP_500459.1	100	466	0.0	925
WP_001151814.1	YP_498667.1	100	465	0.0	923
WP_001074405.1	YP_499405.1	100	465	0.0	920
WP_001030080.1	YP_500177.1	100	463	0.0	953
WP_000414685.1	YP_499970.1	100	463	1.96e-311	841
WP_001006445.1	YP_498663.1	99.8	462	4.87e-316	852
WP_000991007.1	YP_498956.1	100	462	8.98e-312	842
WP_000116224.1	YP_500480.1	100	461	0.0	914
WP_000062417.1	YP_499498.1	100	461	5.02e-320	862
WP_000868645.1	YP_499849.1	100	460	0.0	904
WP_000833797.1	YP_501096.1	100	460	0.0	868
WP_000799248.1	YP_499071.1	100	460	0.0	917
WP_001021214.1	YP_500632.1	100	459	0.0	909
WP_001008722.1	YP_498780.1	100	459	0.0	891
WP_000902119.1	YP_500020.1	100	459	0.0	928
WP_000429674.1	YP_501052.1	100	459	0.0	886
WP_000362503.1	YP_501498.1	99.8	459	0.0	873
WP_000066062.1	YP_499451.1	99.8	459	0.0	902
WP_001100835.1	YP_499129.1	100	458	0.0	916
WP_001066545.1	YP_498841.1	99.8	458	8.02e-313	844
WP_000952048.1	YP_499258.1	99.8	457	0.0	931
WP_000691541.1	YP_500448.1	100	457	0.0	894
WP_000477329.1	YP_501106.1	100	457	0.0	874
WP_000123393.1	YP_500860.1	100	457	0.0	926
WP_001549577.1	YP_500897.1	100	397	7.11e-273	740
WP_001083499.1	YP_501395.1	100	456	2.39e-313	845
WP_000531823.1	YP_500769.1	100	456	0.0	927
WP_001801648.1	YP_500058.1	98.5	455	0.0	892
WP_000863479.1	YP_499744.1	100	455	5.94e-318	857
WP_001085220.1	YP_499080.2	100	454	0.0	881
WP_001290433.1	YP_498609.1	100	453	0.0	885
WP_001147868.1	YP_500605.1	100	453	0.0	908
WP_000942744.1	YP_500219.1	100	453	0.0	892
WP_000818525.1	YP_500308.1	100	453	0.0	868
WP_000381849.1	YP_499580.1	100	453	0.0	876
WP_001110064.1	YP_501177.1	100	452	0.0	910
WP_001010111.1	YP_498907.1	100	452	0.0	906
WP_000611462.1	YP_500796.1	99.8	452	0.0	892
WP_000593153.1	YP_501432.1	100	452	0.0	905
WP_000481425.1	YP_501265.1	100	452	6.97e-304	821
WP_000193917.1	YP_500358.1	83.2	505	6.89e-195	547
WP_000021864.1	YP_499512.1	100	452	5.23e-299	808
WP_000756612.1	YP_500137.1	100	451	0.0	899
WP_000728173.1	YP_498750.1	100	451	5.42e-312	841
WP_000651060.1	YP_498905.1	100	451	9.16e-304	820
WP_000521491.1	YP_500881.1	100	451	0.0	880
WP_000166801.1	YP_499945.1	100	451	1.77e-317	855
WP_001252529.1	YP_499050.1	99.8	450	7.77e-316	851
WP_001100300.1	YP_498699.1	100	450	3.84e-300	811
WP_001060842.1	YP_499601.1	100	450	1.37e-309	835
WP_000700921.1	YP_501210.1	100	450	0.0	928
WP_000935991.1	YP_499689.1	100	449	0.0	873
WP_000450257.1	YP_499270.1	100	449	0.0	864
WP_001147970.1	YP_498900.1	100	448	1.53e-305	825
WP_001062180.1	YP_500170.1	100	401	1.59e-291	789
WP_000545451.1	YP_500281.1	99.6	448	6.09e-312	841
WP_000108667.1	YP_500189.1	100	448	0.0	896
WP_000019687.1	YP_500146.1	100	448	0.0	881
WP_001237506.1	YP_500892.1	100	447	3.04e-300	811
WP_001039275.1	YP_499938.1	100	447	4.24e-307	828
WP_001126603.1	YP_499818.1	100	446	0.0	910
WP_000798979.1	YP_499976.1	99.6	446	0.0	869
WP_001286928.1	YP_500134.1	100	445	2.91e-313	844
WP_000828726.1	YP_499005.1	99.8	445	1.88e-309	834
WP_000812827.1	YP_499029.1	99.8	445	0.0	891
WP_000030057.1	YP_501377.1	100	445	0.0	895
WP_001060131.1	YP_498628.1	100	427	1.47e-315	849
WP_000800700.1	YP_500981.1	100	392	3.56e-264	717
WP_000465472.1	YP_498642.1	99.8	444	0.0	904
WP_000240338.1	YP_498855.1	100	391	5.37e-281	762
WP_000148855.1	YP_499453.1	99.8	443	0.0	875
WP_000952537.1	YP_498992.1	100	442	6.04e-309	833
WP_223200571.1	YP_499535.1	99.8	403	1.14e-296	800
WP_000860581.1	YP_499148.1	99.8	440	0.0	868
WP_000064778.1	YP_499971.1	100	440	1.73e-307	829
WP_001241217.1	YP_499413.1	99.8	439	0.0	887
WP_000342185.1	YP_499690.1	100	439	3.38e-270	734
WP_001124525.1	YP_499461.1	100	438	0.0	868
WP_001115101.1	YP_500838.1	99.8	438	5.62e-312	840
WP_000606324.1	YP_499433.1	100	438	4.04e-289	782
WP_001250336.1	YP_500599.1	99.8	437	1.46e-318	857
WP_001077722.1	YP_498889.1	100	437	5.10e-303	817
WP_000150168.1	YP_500360.1	100	437	0.0	874
WP_000792564.1	YP_501168.1	100	436	7.67e-270	733
WP_000165536.1	YP_500010.1	99.5	436	4.81e-312	840
WP_001178619.1	YP_499705.1	100	435	8.67e-271	736
WP_001045079.1	YP_500730.1	100	435	9.78e-284	768
WP_000745099.1	YP_498874.1	100	425	2.01e-301	813
WP_000572235.1	YP_499723.1	99.8	435	0.0	880
WP_000205572.1	YP_499402.1	100	435	1.27e-311	839
WP_000195254.1	YP_499759.1	100	435	8.87e-321	862
WP_001121760.1	YP_499355.1	100	434	3.84e-317	853
WP_001242318.1	YP_500854.1	100	433	1.36e-305	823
WP_000127573.1	YP_500284.1	100	433	1.19e-283	768
WP_000040575.1	YP_501227.1	99.8	404	1.49e-295	797
WP_000245895.1	YP_499999.1	100	432	2.03e-311	838
WP_000160435.1	YP_500318.1	100	432	1.95e-309	833
WP_001176715.1	YP_499061.1	100	431	0.0	870
WP_000793070.1	YP_499206.1	100	431	1.96e-313	843
WP_000572878.1	YP_500617.1	100	431	2.91e-315	848
WP_000180230.1	YP_499169.1	100	431	0.0	875
WP_000009069.1	YP_499574.1	100	431	3.41e-298	805
WP_001549202.1	YP_500745.1	99.8	414	3.71e-277	751
WP_000989121.1	YP_500394.1	99.8	430	4.11e-294	794
WP_000863440.1	YP_499591.1	99.8	430	2.43e-302	815
WP_000858789.1	YP_499989.1	100	430	0.0	868
WP_000616784.1	YP_500959.1	100	430	3.30e-300	810
WP_000496100.1	YP_500259.1	100	430	1.81e-313	843
WP_001011598.1	YP_500497.2	100	429	1.29e-317	853
WP_001270868.1	YP_500276.1	100	428	9.02e-321	862
WP_001068542.1	YP_500648.1	100	428	3.27e-315	847
WP_000884334.1	YP_498617.1	100	428	6.59e-315	847
WP_000664764.1	YP_499789.1	99.8	428	1.55e-313	843
WP_000121116.1	YP_499772.1	100	394	5.27e-283	764
WP_000095327.1	YP_498625.1	100	427	9.04e-321	862
WP_000735864.1	YP_499850.1	100	426	1.52e-303	818
WP_001180323.1	YP_501315.1	100	425	4.82e-295	796
WP_001173165.1	YP_501129.1	100	425	1.38e-294	795
WP_001020023.1	YP_501120.1	100	425	2.78e-294	794
WP_000660709.1	YP_501273.1	100	425	8.86e-307	826
WP_001279338.1	YP_500344.1	100	424	8.60e-293	790
WP_000767028.1	YP_499707.1	100	424	1.82e-319	858
WP_000406842.1	YP_500126.1	99.8	424	2.26e-288	779
WP_000102735.1	YP_500242.2	100	424	1.65e-306	825
WP_001108346.1	YP_500271.1	100	423	1.60e-308	830
WP_000034961.1	YP_498773.1	100	423	1.09e-315	848
WP_001115440.1	YP_499943.1	100	422	3.94e-265	720
WP_000848304.1	YP_500225.1	100	422	3.53e-316	849
WP_000793009.1	YP_498962.1	100	422	6.59e-296	798
WP_000285014.1	YP_500375.1	99.8	422	2.11e-292	789
WP_000216853.1	YP_500771.1	100	422	6.27e-310	833
WP_000166888.1	YP_498774.1	100	422	9.14e-303	815
WP_000123165.1	YP_500306.1	100	422	1.87e-311	837
WP_000413865.1	YP_500991.1	100	421	2.75e-308	829
WP_000358000.1	YP_500816.1	99.5	421	1.28e-297	802
WP_000216946.1	YP_499928.1	100	421	1.31e-306	825
WP_000089941.1	YP_499788.1	100	421	7.56e-306	823
WP_000779497.1	YP_498728.1	100	420	1.79e-308	830
WP_000673309.1	YP_499900.1	100	420	1.01e-314	845
WP_000590826.1	YP_500246.1	100	420	1.95e-312	840
WP_000472302.1	YP_500283.1	100	420	6.87e-297	800
WP_000283016.1	YP_499890.1	100	420	5.83e-314	843
WP_000186029.1	YP_500345.1	100	420	2.03e-314	845
WP_000794442.1	YP_501072.1	100	419	1.74e-278	754
WP_000673098.1	YP_499901.1	100	419	7.23e-303	815
WP_000259718.1	YP_501005.1	100	419	3.29e-299	806
WP_000120104.1	YP_498811.1	100	419	7.92e-291	785
WP_000046602.1	YP_500841.1	100	419	7.54e-305	820
WP_001795438.1	YP_500584.1	100	418	4.58e-310	833
WP_000610051.1	YP_498678.1	100	418	5.16e-291	785
WP_000120307.1	YP_500739.1	98.1	419	1.09e-185	519
WP_001052270.1	YP_500751.1	100	416	2.23e-300	809
WP_001012222.1	YP_501158.1	100	416	3.08e-307	826
WP_001006454.1	YP_499403.1	100	416	1.50e-298	804
WP_000930643.1	YP_501462.1	100	416	3.69e-299	806
WP_000826862.1	YP_498742.1	100	416	1.96e-278	753
WP_000007683.1	YP_499742.1	100	416	6.55e-293	790
WP_001101908.1	YP_499568.1	100	415	7.00e-308	828
WP_000672867.1	YP_499756.1	100	414	2.53e-305	821
WP_000566596.1	YP_500450.1	100	414	3.74e-307	826
WP_000389524.1	YP_499998.1	100	367	1.80e-266	721
WP_000138486.1	YP_499448.1	99.8	414	3.59e-305	821
WP_000081237.1	YP_499474.1	99.8	414	6.65e-301	810
WP_000682611.1	YP_498747.1	100	413	1.76e-300	809
WP_001159430.1	YP_501451.1	100	412	1.29e-281	761
WP_001100664.1	YP_500053.1	99.3	412	1.15e-300	809
WP_000998767.1	YP_501067.1	100	412	2.82e-301	811
WP_000652047.1	YP_499816.1	100	412	1.03e-303	817
WP_000431234.1	YP_498692.1	100	412	8.31e-278	751
WP_000120500.1	YP_500830.1	99.8	412	2.22e-298	803
WP_000068617.1	YP_499815.1	100	412	2.89e-294	793
WP_000249804.1	YP_501419.1	79.1	411	3.38e-242	661
WP_000129411.1	YP_501419.1	100	411	9.90e-306	822
WP_000548707.1	YP_501079.1	100	410	1.46e-270	733
WP_000533238.1	YP_500217.1	100	409	6.88e-280	756
WP_000479279.1	YP_499208.1	100	409	5.06e-282	762
WP_000186217.1	YP_498915.1	100	409	1.53e-308	829
WP_000058383.1	YP_500315.1	100	409	1.38e-295	796
WP_000948970.1	YP_501205.1	99.5	408	8.62e-294	791
WP_000795826.1	YP_499316.1	100	408	1.65e-307	826
WP_000787940.1	YP_499609.1	100	408	5.22e-279	754
WP_001245769.1	YP_500464.1	100	407	2.98e-289	780
WP_000872653.1	YP_500329.1	100	407	1.13e-293	791
WP_000206639.1	YP_500727.1	99.8	407	1.68e-295	796
WP_001022961.1	YP_498883.1	100	406	3.92e-273	739
WP_000542309.1	YP_500216.1	100	406	7.69e-296	796
WP_000367064.1	YP_499240.1	100	406	2.42e-283	765
WP_000130765.1	YP_498648.1	99.8	406	1.23e-276	748
WP_001031975.1	YP_499549.1	100	405	7.46e-266	721
WP_000037075.1	YP_500588.1	100	405	2.10e-272	737
WP_001041337.1	YP_499898.1	100	404	9.74e-298	801
WP_000613541.1	YP_499423.1	100	404	1.33e-295	796
WP_000547794.1	YP_499074.1	100	404	2.47e-275	744
WP_001192075.1	YP_501188.1	100	403	4.71e-268	726
WP_000916119.1	YP_501438.1	100	403	6.55e-275	743
WP_000184419.1	YP_500995.1	100	403	7.94e-260	705
WP_000142189.1	YP_498794.1	100	403	6.34e-298	801
WP_000072584.1	YP_498985.1	100	403	3.77e-290	782
WP_001004752.1	YP_499885.1	100	402	2.21e-277	749
WP_000571584.1	YP_501083.1	100	402	6.47e-270	731
WP_000046076.1	YP_499431.1	100	402	9.32e-295	793
WP_001291022.1	YP_498725.1	100	401	7.70e-298	801
WP_001085819.1	YP_498724.1	100	401	7.78e-266	720
WP_000660045.1	YP_499452.1	100	401	1.69e-301	810
WP_000264751.1	YP_500097.1	99.0	401	1.15e-283	765
WP_000258711.1	YP_499921.1	99.8	401	2.96e-286	772
WP_001223700.1	YP_498682.1	100	400	1.25e-307	826
WP_001109939.1	YP_500798.1	100	400	3.72e-284	766
WP_001062982.1	YP_498996.1	100	400	4.23e-290	781
WP_000361544.1	YP_499992.2	100	400	7.64e-293	788
WP_000040069.1	YP_500325.1	100	400	4.23e-290	781
WP_000831698.1	YP_500612.1	100	399	3.35e-291	784
WP_000722165.1	YP_499717.1	100	399	2.83e-283	764
WP_000286484.1	YP_498892.1	100	399	6.58e-298	801
WP_000072576.1	YP_500433.1	99.7	399	3.00e-294	792
WP_000238227.1	YP_500472.1	100	398	3.38e-295	794
WP_000966099.1	YP_501256.1	100	397	5.82e-259	702
WP_000951448.1	YP_499057.1	99.7	397	2.02e-291	785
WP_000933822.1	YP_500410.1	100	397	4.18e-284	766
WP_000675401.1	YP_501221.1	100	397	1.23e-276	747
WP_000671243.1	YP_499550.1	100	397	3.26e-297	799
WP_000183726.1	YP_500850.1	100	397	8.69e-302	811
WP_000170403.1	YP_500904.1	100	397	2.70e-280	756
WP_001154222.1	YP_499505.1	100	396	5.31e-272	736
WP_001074749.1	YP_499352.1	100	396	3.87e-284	766
WP_000167314.1	YP_499447.1	100	396	5.20e-298	801
WP_000884739.1	YP_500894.1	100	395	2.25e-287	774
WP_000250824.1	YP_499104.1	100	395	4.55e-287	773
WP_000026194.1	YP_501211.1	100	375	3.57e-254	689
WP_001291500.1	YP_500851.1	100	394	8.13e-285	768
WP_001154618.1	YP_498792.1	99.7	394	9.09e-282	760
WP_001084436.1	YP_498749.1	100	394	4.77e-293	788
WP_001040568.1	YP_499102.1	100	394	3.09e-289	779
WP_001292247.1	YP_499269.1	99.7	393	1.65e-288	777
WP_001159022.1	YP_500389.1	100	393	1.72e-290	782
WP_001088780.1	YP_499540.1	100	393	2.25e-286	771
WP_001025061.1	YP_500379.1	100	393	2.41e-281	759
WP_000199070.1	YP_498926.1	100	393	1.70e-281	759
WP_001075826.1	YP_498662.1	100	392	3.35e-292	786
WP_000197806.1	YP_498701.1	100	392	2.68e-298	801
WP_000887915.1	YP_499103.1	100	391	2.03e-297	799
WP_000769417.1	YP_499425.1	99.7	391	2.34e-287	774
WP_000258650.1	YP_499506.1	100	391	1.79e-291	784
WP_000133954.1	YP_500011.1	100	391	2.57e-275	743
WP_000097462.1	YP_499776.1	100	391	2.36e-271	733
WP_000888997.1	YP_499692.1	100	390	1.50e-262	711
WP_000685079.1	YP_499575.1	100	390	6.75e-291	783
WP_001184005.1	YP_500353.1	100	389	1.89e-301	809
WP_000594815.1	YP_498819.1	100	389	1.22e-297	800
WP_000278558.1	YP_501133.1	100	389	1.85e-267	723
WP_001269929.1	YP_500001.1	100	388	5.69e-282	760
WP_001041272.1	YP_499262.1	100	388	5.35e-271	732
WP_001020801.1	YP_499753.1	100	388	3.94e-273	738
WP_000848764.1	YP_498846.1	100	388	4.21e-268	725
WP_000827748.1	YP_500618.1	100	388	7.22e-285	767
WP_000762552.1	YP_500081.1	95.6	388	1.08e-270	731
WP_000692515.1	YP_498691.1	99.7	388	4.18e-284	765
WP_000668180.1	YP_498723.1	100	388	2.28e-272	736
WP_000151982.1	YP_501316.1	100	388	2.52e-285	768
WP_001142734.1	YP_500051.1	100	387	2.91e-279	753
WP_000610884.1	YP_501276.1	100	387	1.39e-261	708
WP_000057899.1	YP_498766.1	100	387	6.31e-258	699
WP_000291415.1	YP_500338.1	100	386	2.51e-284	766
WP_000175846.1	YP_498930.1	100	386	1.15e-280	756
WP_000777581.1	YP_499542.1	99.7	384	2.51e-283	763
WP_000625059.1	YP_501331.1	100	384	1.04e-291	784
WP_000558769.1	YP_499435.1	100	384	4.40e-293	788
WP_001217785.1	YP_499282.1	100	383	1.01e-277	749
WP_001089613.1	YP_500582.1	98.9	377	1.58e-285	768
WP_001003793.1	YP_499926.1	100	383	4.36e-288	775
WP_000020361.1	YP_499794.1	100	383	1.44e-277	748
WP_011447028.1	YP_500330.1	100	382	5.19e-275	742
WP_001281145.1	YP_500784.1	100	382	4.33e-283	762
WP_000954810.1	YP_498801.1	100	381	3.02e-278	750
WP_000723454.1	YP_498729.1	99.7	381	4.48e-280	754
WP_000619366.1	YP_499467.1	99.7	381	5.37e-272	734
WP_000487150.1	YP_499979.1	100	381	8.08e-283	761
WP_001789851.1	YP_498797.1	100	380	1.46e-264	715
WP_001176863.1	YP_501186.1	100	380	5.64e-278	749
WP_001036663.1	YP_499007.1	100	380	2.87e-271	732
WP_000690027.1	YP_499993.1	100	380	1.39e-278	751
WP_000409167.1	YP_500236.1	100	380	6.31e-275	741
WP_001119021.1	YP_500192.1	100	379	2.72e-264	714
WP_001112045.1	YP_500254.1	100	379	1.72e-292	786
WP_001070676.1	YP_499130.1	100	379	2.22e-279	753
WP_000843611.1	YP_499622.1	100	379	2.04e-275	743
WP_000402465.1	YP_500940.1	100	378	3.80e-275	742
WP_000138413.1	YP_499935.1	100	378	2.26e-251	682
WP_000115564.1	YP_500870.1	99.7	378	5.17e-273	736
WP_000969811.1	YP_498610.1	100	377	1.13e-271	733
WP_000606676.1	YP_500121.1	99.7	377	2.09e-267	722
WP_000245685.1	YP_498924.1	100	377	8.86e-269	726
WP_000721707.1	YP_500341.1	100	376	5.02e-279	751
WP_000871731.1	YP_501334.1	100	375	2.69e-278	749
WP_000838037.1	YP_499446.1	100	375	5.65e-280	754
WP_000723418.1	YP_500828.1	100	375	6.06e-275	741
WP_000379978.1	YP_500486.1	99.7	375	2.90e-281	757
WP_001010412.1	YP_499559.1	100	374	4.80e-276	744
WP_000992527.1	YP_500475.1	100	374	8.97e-256	692
WP_000866747.1	YP_499315.1	99.7	374	1.54e-272	735
WP_000684141.1	YP_501040.1	100	374	1.61e-274	740
WP_000549223.1	YP_501465.1	100	374	8.41e-286	768
WP_000404653.1	YP_499962.1	99.5	374	7.28e-216	592
WP_000218090.1	YP_500196.1	99.7	374	3.24e-274	739
WP_000829167.1	YP_500307.1	99.6	285	4.66e-204	558
WP_000691284.1	YP_499870.1	100	373	1.22e-273	738
WP_000523151.1	YP_501066.1	99.7	373	1.27e-275	743
WP_012211173.1	YP_499016.1	99.7	372	1.89e-256	694
WP_001283977.1	YP_498881.1	100	372	3.78e-272	734
WP_001041662.1	YP_499755.1	100	372	1.30e-263	712
WP_001037436.1	YP_499469.1	100	372	6.04e-253	685
WP_000959424.1	YP_499973.1	99.7	372	2.85e-267	721
WP_000689998.1	YP_500323.1	100	372	8.17e-267	720
WP_000671751.1	YP_501175.1	100	371	8.58e-273	735
WP_000775113.1	YP_498612.1	100	370	5.74e-266	718
WP_000686457.1	YP_498763.1	99.7	370	9.26e-272	733
WP_000437967.1	YP_500478.1	100	370	1.47e-268	724
WP_000035320.1	YP_499589.1	100	370	8.15e-266	717
WP_010956549.1	YP_499328.1	100	291	2.96e-212	579
WP_001221639.1	YP_498722.1	100	369	4.55e-267	721
WP_001028293.1	YP_498719.1	100	369	1.18e-278	750
WP_001283055.1	YP_500173.1	100	368	1.09e-253	687
WP_001163751.1	YP_501357.1	100	368	1.81e-277	747
WP_000648718.1	YP_500879.1	99.7	368	4.21e-267	721
WP_001101603.1	YP_499203.1	100	367	1.16e-268	724
WP_000655692.1	YP_498931.1	100	367	4.54e-266	718
WP_001280141.1	YP_500210.1	100	366	1.08e-268	724
WP_001190913.1	YP_499708.1	100	366	4.97e-274	738
WP_000683931.1	YP_500171.1	100	366	7.90e-271	730
WP_000032836.1	YP_499554.1	100	366	5.11e-267	720
WP_001218732.1	YP_498935.1	100	365	4.16e-261	705
WP_000818914.1	YP_498772.1	100	365	4.73e-267	720
WP_000275730.1	YP_500628.1	100	365	7.40e-280	753
WP_001236371.1	YP_500498.1	100	347	4.23e-238	646
WP_000626897.1	YP_499724.1	100	364	3.44e-264	713
WP_000433551.1	YP_499595.1	100	364	2.53e-266	718
WP_000670313.1	YP_499843.1	99.7	363	3.07e-246	667
WP_000495671.1	YP_500867.1	100	363	1.21e-220	603
WP_000214266.1	YP_499891.1	99.7	363	3.56e-261	705
WP_000093349.1	YP_500147.1	100	363	1.35e-265	716
WP_000066378.1	YP_500356.1	100	363	1.02e-260	704
WP_000933105.1	YP_499501.1	100	361	5.31e-246	667
WP_000127593.1	YP_499927.1	100	361	6.24e-270	727
WP_001548033.1	YP_499323.1	99.7	312	5.07e-225	612
WP_000684567.1	YP_501035.1	100	360	1.40e-261	706
WP_000140050.1	YP_499478.1	100	360	1.98e-261	706
WP_001549787.1	YP_501282.1	100	301	2.53e-206	564
WP_000266883.1	YP_500753.1	100	328	2.32e-236	641
WP_001246698.1	YP_499629.1	100	358	1.15e-227	620
WP_001076671.1	YP_501214.1	100	358	4.17e-262	707
WP_001024576.1	YP_500365.1	100	358	1.93e-267	721
WP_000897635.1	YP_500624.1	100	358	6.06e-280	752
WP_000616888.1	YP_499146.1	99.7	358	1.16e-268	724
WP_000460242.1	YP_500835.1	100	358	6.97e-245	664
WP_000153466.1	YP_498776.1	100	358	2.85e-269	725
WP_000076036.1	YP_499108.1	100	358	3.06e-264	712
WP_001240848.1	YP_500274.1	100	357	2.06e-241	655
WP_001028376.1	YP_499081.1	100	351	1.21e-227	620
WP_000819690.1	YP_499598.1	100	357	2.17e-268	723
WP_000951636.1	YP_500902.1	100	356	3.42e-260	702
WP_000829632.1	YP_499477.1	100	356	1.60e-249	675
WP_000775708.1	YP_500154.1	100	306	8.61e-203	555
WP_000460983.1	YP_499319.1	100	356	2.83e-243	659
WP_000160913.1	YP_499950.1	99.7	356	5.82e-252	681
WP_000159631.1	YP_500797.1	100	356	1.77e-262	708
WP_000140176.1	YP_500603.1	100	346	4.00e-252	681
WP_000980137.1	YP_499218.1	100	355	8.55e-249	673
WP_000816129.1	YP_498641.1	100	355	4.13e-256	692
WP_000267247.1	YP_499409.1	100	355	1.13e-253	686
WP_000794020.1	YP_499428.1	100	354	9.91e-268	721
WP_000776323.1	YP_500000.1	99.7	354	7.18e-261	704
WP_000277415.1	YP_501362.1	100	354	3.32e-266	717
WP_001255460.1	YP_499851.1	100	353	4.12e-255	689
WP_001212876.1	YP_499204.1	99.7	353	3.16e-259	699
WP_001096116.1	YP_498909.1	100	353	2.22e-259	700
WP_000087107.1	YP_500140.1	100	353	3.68e-258	697
WP_000063582.1	YP_500489.1	100	353	1.09e-234	637
WP_000784024.1	YP_498973.1	98.9	356	1.62e-188	521
WP_000663030.1	YP_499293.1	100	352	4.33e-261	704
WP_000003559.1	YP_499637.1	100	352	4.33e-261	704
WP_000791407.1	YP_500726.1	100	351	2.78e-252	682
WP_000761395.1	YP_501104.1	100	351	2.56e-232	631
WP_000646207.1	YP_498812.1	99.4	351	2.94e-263	709
WP_000258151.1	YP_499320.1	100	351	7.66e-234	635
WP_000244412.1	YP_499273.1	100	351	3.18e-242	656
WP_000200684.1	YP_501341.1	100	351	2.01e-229	624
WP_000161661.1	YP_500321.1	100	351	2.41e-262	707
WP_000145555.1	YP_498755.1	99.7	346	2.72e-260	702
WP_000723836.1	YP_501454.1	100	350	2.64e-245	664
WP_000160859.1	YP_499627.1	100	350	1.86e-206	566
WP_001279381.1	YP_501084.1	100	349	5.59e-251	678
WP_000477934.1	YP_498877.1	100	349	6.14e-239	648
WP_000379888.1	YP_500833.1	99.7	348	8.17e-259	699
WP_000221958.1	YP_500768.1	99.7	348	2.05e-257	694
WP_001030771.1	YP_499219.1	100	347	1.89e-257	694
WP_001017131.1	YP_500590.1	100	347	5.73e-243	658
WP_000645604.1	YP_498814.1	100	347	1.19e-260	702
WP_000368166.1	YP_499795.2	100	347	1.21e-244	662
WP_000353634.1	YP_501299.1	100	331	3.54e-224	610
WP_000077344.1	YP_500391.1	100	334	1.15e-248	672
WP_001188077.1	YP_500636.1	100	346	2.07e-265	714
WP_001061252.1	YP_499225.1	100	346	7.34e-250	675
WP_000582332.1	YP_499408.1	100	346	7.39e-234	635
WP_000210828.1	YP_499972.1	100	346	3.49e-248	671
WP_000163809.1	YP_498777.1	100	346	9.05e-260	700
WP_000857199.1	YP_500723.1	98.8	345	9.24e-248	670
WP_000733409.1	YP_499615.2	100	345	2.37e-250	676
WP_000284752.1	YP_500502.1	100	345	4.51e-264	711
WP_000233527.1	YP_500461.1	99.7	345	2.06e-260	702
WP_000655971.1	YP_501116.1	100	344	6.10e-257	693
WP_000606546.1	YP_501138.1	100	344	1.36e-244	662
WP_000974906.1	YP_500899.1	100	343	1.50e-236	641
WP_000598483.1	YP_498748.1	100	343	7.69e-255	687
WP_000433363.1	YP_499892.1	99.7	343	1.74e-251	679
WP_000754443.1	YP_499309.1	100	342	2.06e-238	646
WP_000459057.1	YP_498718.1	99.4	342	4.73e-244	660
WP_000181322.1	YP_500633.1	100	342	1.56e-258	697
WP_000030812.1	YP_499565.1	100	342	1.54e-249	674
WP_001060912.1	YP_498899.1	99.7	341	1.53e-244	661
WP_001019172.1	YP_500255.1	100	341	2.20e-253	684
WP_000706137.1	YP_498741.1	100	341	3.65e-252	681
WP_000622700.1	YP_499838.1	100	341	4.63e-255	688
WP_000610203.1	YP_498821.1	100	341	4.26e-251	678
WP_000610189.1	YP_498816.1	100	341	1.09e-253	684
WP_000571218.1	YP_499396.1	100	341	2.43e-241	653
WP_000569286.1	YP_499008.1	100	341	1.03e-242	657
WP_000159034.1	YP_500758.1	100	341	1.42e-249	674
WP_000106141.1	YP_500298.1	100	341	4.97e-250	675
WP_000728056.1	YP_499371.1	100	340	2.18e-248	671
WP_000280805.1	YP_498898.1	99.7	340	3.24e-250	676
WP_000230173.1	YP_501000.1	100	340	1.95e-251	679
WP_000638456.1	YP_499581.1	100	339	2.08e-241	653
WP_000634685.1	YP_501076.1	100	339	1.01e-257	694
WP_000256338.1	YP_500117.1	100	339	6.94e-240	649
WP_000145499.1	YP_499599.1	100	339	2.90e-179	496
WP_001789887.1	YP_499862.1	99.7	287	2.39e-209	570
WP_000625882.1	YP_499213.1	99.7	338	2.92e-236	640
WP_000595324.1	YP_500725.1	100	338	3.01e-254	686
WP_000215642.1	YP_501481.1	100	338	9.13e-240	649
WP_000985886.1	YP_500237.1	99.7	337	5.54e-245	662
WP_000654030.1	YP_499350.1	100	337	1.99e-238	645
WP_000639183.1	YP_501461.1	100	337	4.07e-247	667
WP_001200748.1	YP_499171.1	100	336	9.51e-241	651
WP_001078456.1	YP_498676.1	100	336	5.58e-249	672
WP_000836419.1	YP_501352.1	99.7	336	2.57e-254	686
WP_000676548.1	YP_499541.1	100	336	7.92e-201	550
WP_000279414.1	YP_499351.1	100	336	1.16e-241	654
WP_000202439.1	YP_499543.1	100	336	6.98e-243	657
WP_000136166.1	YP_501418.1	100	336	3.93e-249	672
WP_000023316.1	YP_500221.1	100	304	3.63e-219	595
WP_001046646.1	YP_501176.1	100	335	1.30e-242	656
WP_000149503.1	YP_499077.1	100	335	2.42e-238	645
WP_000120368.1	YP_499229.1	100	335	1.95e-212	580
WP_001170264.1	YP_499011.1	100	334	4.32e-236	639
WP_001005767.1	YP_500256.1	100	334	4.91e-242	654
WP_000573242.1	YP_501114.1	99.3	300	1.18e-218	594
WP_000214557.1	YP_500766.1	100	334	5.12e-244	659
WP_000184741.1	YP_499212.1	100	334	3.34e-224	609
WP_000076929.1	YP_501008.1	100	334	2.03e-250	676
WP_000022323.1	YP_499286.1	100	334	2.47e-251	678
WP_001196354.1	YP_500387.1	100	333	3.07e-240	650
WP_001180222.1	YP_500914.1	100	333	8.19e-245	661
WP_000793605.1	YP_499671.1	100	333	1.48e-247	668
WP_000781945.1	YP_500913.1	100	333	1.42e-245	663
WP_000778523.1	YP_500416.1	100	333	2.35e-244	660
WP_000240058.1	YP_498894.1	99.7	333	2.25e-242	655
WP_000793596.1	YP_499671.1	84.0	332	3.44e-207	566
WP_000757880.1	YP_498837.1	100	332	5.97e-242	654
WP_000173832.1	YP_499895.1	100	332	5.49e-238	644
WP_000161738.1	YP_500009.1	100	332	1.11e-237	643
WP_000161358.1	YP_501330.1	100	332	2.08e-242	655
WP_000136636.1	YP_498672.1	100	304	1.91e-197	540
WP_001248939.1	YP_499345.1	100	331	4.86e-236	639
WP_000924997.1	YP_498673.1	100	331	1.23e-213	582
WP_000157629.1	YP_498911.1	100	331	2.83e-219	597
WP_000070653.1	YP_500420.1	100	331	1.17e-141	400
WP_001045111.1	YP_498674.1	100	330	2.14e-234	635
WP_000568353.1	YP_500128.1	100	330	2.33e-238	645
WP_000337364.1	YP_498842.1	99.7	330	1.04e-250	676
WP_000161536.1	YP_501289.1	100	315	6.22e-228	618
WP_223181135.1	YP_498880.1	100	316	3.91e-199	545
WP_000492114.1	YP_500186.1	100	329	4.10e-211	576
WP_000448934.1	YP_499486.1	100	329	2.73e-241	652
WP_000219066.1	YP_500354.1	100	329	3.28e-233	632
WP_000163531.1	YP_499922.1	100	329	5.51e-241	651
WP_001174260.1	YP_500017.1	100	328	4.56e-244	659
WP_001067049.1	YP_499482.1	99.7	328	6.12e-233	631
WP_000999713.1	YP_500595.1	100	328	3.69e-234	634
WP_000774281.1	YP_499142.1	100	328	6.55e-228	618
WP_000710576.1	YP_498656.1	100	328	2.26e-244	660
WP_000668820.1	YP_499516.1	100	328	8.46e-240	648
WP_000662031.1	YP_498645.1	100	310	8.23e-229	620
WP_000469949.1	YP_499907.1	100	328	4.05e-222	603
WP_000239744.1	YP_499735.1	100	328	1.38e-229	622
WP_000161314.1	YP_500158.1	100	328	1.31e-243	658
WP_024937002.1	YP_500453.1	82.8	325	4.23e-196	538
WP_001214661.1	YP_500900.1	100	327	1.49e-228	620
WP_001096642.1	YP_500127.1	100	327	1.07e-237	643
WP_000782464.1	YP_500453.1	100	327	3.32e-241	652
WP_000759232.1	YP_499916.1	100	316	4.57e-223	606
WP_000702782.1	YP_499272.1	100	327	3.05e-237	642
WP_000597335.1	YP_499145.1	100	327	3.72e-238	644
WP_000356975.1	YP_499888.1	100	327	3.44e-218	593
WP_001789408.1	YP_498689.1	100	326	2.95e-239	647
WP_000916195.1	YP_500124.1	100	326	1.08e-225	612
WP_000570808.1	YP_498675.1	100	281	5.40e-206	561
WP_000427770.1	YP_499483.1	100	326	1.20e-238	645
WP_000047009.1	YP_500919.1	100	326	1.99e-237	642
WP_000019744.1	YP_500866.1	100	312	1.27e-208	569
WP_000783428.1	YP_501172.1	100	325	1.64e-240	650
WP_000688126.1	YP_499860.1	100	325	3.32e-240	649
WP_000627140.1	YP_500195.1	100	325	1.55e-229	622
WP_000589260.1	YP_499291.1	100	325	2.73e-239	647
WP_000379098.1	YP_500503.1	100	325	4.52e-238	644
WP_000109968.1	YP_501144.1	99.7	325	6.69e-240	648
WP_000068176.1	YP_499590.1	100	325	8.98e-229	620
WP_001282562.1	YP_500200.1	100	324	1.68e-228	619
WP_000826685.1	YP_498737.1	100	324	7.01e-246	663
WP_000697228.1	YP_500155.1	100	324	6.37e-233	630
WP_000667126.1	YP_500277.1	100	324	2.52e-239	647
WP_000876318.1	YP_499306.1	100	323	1.78e-218	594
WP_000864185.1	YP_499782.1	100	323	3.31e-239	646
WP_000562498.1	YP_499303.1	100	323	1.64e-239	647
WP_000082559.1	YP_501472.1	100	323	1.12e-246	665
WP_000049919.1	YP_499991.1	99.7	323	7.80e-238	643
WP_001549718.1	YP_501100.1	100	322	2.44e-220	598
WP_001228162.1	YP_501302.1	100	322	4.35e-239	646
WP_000989091.1	YP_500898.1	100	322	3.55e-213	580
WP_000976269.1	YP_499214.1	100	322	6.36e-232	628
WP_000837105.1	YP_498783.1	100	322	4.67e-234	633
WP_000717561.1	YP_500312.1	100	307	6.20e-224	607
WP_000690419.1	YP_498778.1	100	322	3.92e-251	676
WP_000681756.1	YP_500016.1	100	322	6.92e-236	638
WP_000609348.1	YP_501284.1	100	290	1.75e-219	595
WP_000186481.1	YP_498620.1	100	322	1.31e-249	672
WP_000933774.1	YP_499051.1	100	321	6.87e-231	625
WP_000723301.1	YP_499107.1	100	321	4.90e-240	648
WP_000594530.1	YP_499631.1	100	252	3.88e-160	444
WP_000578458.1	YP_499688.1	100	321	3.74e-219	595
WP_000782121.1	YP_500469.1	100	320	2.91e-211	575
WP_000593417.1	YP_499484.1	100	320	1.32e-223	607
WP_001253312.1	YP_500748.1	100	319	4.32e-233	630
WP_001096471.1	YP_500004.1	100	314	5.37e-219	595
WP_001081351.1	YP_499529.1	100	287	9.43e-202	550
WP_001013484.1	YP_498733.1	100	319	7.05e-223	605
WP_000916742.1	YP_501435.1	100	319	1.52e-242	654
WP_000857483.1	YP_499665.1	100	319	9.47e-237	640
WP_000846637.1	YP_501374.1	100	319	6.58e-228	617
WP_000239131.1	YP_499419.1	100	294	4.06e-216	587
WP_001245577.1	YP_499307.1	99.7	318	7.63e-206	561
WP_001109273.1	YP_501473.1	100	318	3.22e-248	669
WP_000956132.1	YP_498958.1	100	318	2.33e-137	388
WP_000934885.1	YP_499960.1	100	318	5.12e-245	660
WP_000787672.1	YP_498705.1	100	318	2.54e-220	598
WP_001163801.1	YP_500021.1	100	317	3.54e-231	625
WP_001031882.1	YP_498803.1	100	269	1.03e-191	524
WP_000751704.1	YP_499719.1	100	317	3.26e-227	615
WP_000526539.1	YP_500380.1	100	317	2.25e-243	656
WP_000417016.1	YP_501039.1	100	317	7.67e-226	612
WP_001790232.1	YP_499177.1	100	316	3.39e-208	567
WP_000869455.1	YP_500495.1	100	316	1.90e-230	624
WP_000790330.1	YP_500750.1	100	316	5.21e-228	617
WP_000736798.1	YP_498843.1	100	316	8.05e-232	627
WP_001239288.1	YP_499675.1	99.7	315	2.63e-216	588
WP_001231451.1	YP_500606.1	100	315	2.05e-229	621
WP_001185431.1	YP_501085.1	100	315	1.50e-231	626
WP_001117767.1	YP_500184.1	100	315	1.32e-225	611
WP_000916713.1	YP_501171.1	100	315	2.05e-229	621
WP_000840574.1	YP_500326.1	100	315	2.29e-226	613
WP_000831055.1	YP_501045.1	100	307	3.02e-220	597
WP_001191946.1	YP_498897.1	100	314	2.92e-233	630
WP_000883645.1	YP_500313.1	100	314	4.10e-224	607
WP_000633068.1	YP_501122.1	100	314	2.43e-216	588
WP_000569649.1	YP_500953.1	100	314	4.21e-217	590
WP_000006551.1	YP_499346.1	100	314	3.09e-219	595
WP_001244175.1	YP_500470.1	100	313	5.24e-231	625
WP_001100525.1	YP_499473.1	100	313	5.86e-228	617
WP_000786734.1	YP_499479.1	100	313	7.65e-224	607
WP_000721553.1	YP_501203.1	100	313	2.79e-226	613
WP_000660034.1	YP_501416.1	100	313	1.38e-226	613
WP_000626074.1	YP_500317.1	100	313	4.68e-234	632
WP_000163416.1	YP_501015.1	100	313	5.69e-235	635
WP_001822249.1	YP_498940.1	100	312	1.14e-229	621
WP_001791710.1	YP_498621.1	100	312	5.37e-203	554
WP_001284258.1	YP_499639.1	100	312	2.37e-222	603
WP_001173201.1	YP_501427.1	100	312	3.74e-244	658
WP_001127960.1	YP_500862.1	100	281	4.95e-213	578
WP_001104611.1	YP_500191.1	100	312	7.17e-233	629
WP_000808902.1	YP_499166.1	100	312	1.49e-225	611
WP_000472936.1	YP_500027.1	98.0	296	1.65e-200	547
WP_000239545.1	YP_501171.1	77.1	315	2.10e-180	497
WP_000070966.1	YP_499533.1	100	312	5.58e-221	599
WP_011447074.1	YP_501301.1	100	311	3.34e-217	590
WP_001548613.1	YP_499812.1	100	311	4.61e-224	607
WP_000823215.1	YP_498806.1	100	311	1.75e-228	618
WP_000684056.1	YP_501200.1	100	311	4.30e-229	620
WP_000473596.1	YP_500454.1	99.7	301	2.50e-221	600
WP_000472235.1	YP_501225.1	100	311	4.17e-211	574
WP_000468384.1	YP_499685.1	100	304	5.65e-221	599
WP_000277968.1	YP_501071.1	100	311	9.04e-231	624
WP_000161299.1	YP_499722.1	100	311	1.27e-221	601
WP_000134963.1	YP_499342.1	100	311	1.01e-227	616
WP_001074342.1	YP_499672.1	100	310	6.06e-224	607
WP_000958224.1	YP_499338.1	100	310	1.08e-217	591
WP_000894032.1	YP_500882.1	100	310	2.96e-215	585
WP_000759682.1	YP_500092.1	100	310	2.21e-226	613
WP_000604135.1	YP_500920.1	100	310	1.05e-224	608
WP_000057594.1	YP_499065.1	100	310	8.26e-222	601
WP_001548912.1	YP_500099.1	100	289	9.04e-207	562
WP_001280018.1	YP_500286.1	100	309	4.81e-225	609
WP_001140871.1	YP_500630.1	100	309	2.98e-219	595
WP_000737654.1	YP_499195.1	99.0	312	1.48e-222	603
WP_000594519.1	YP_501170.1	100	309	3.38e-225	610
WP_000185319.1	YP_499450.1	100	309	6.63e-232	627
WP_000036757.1	YP_499672.1	74.4	309	1.58e-166	461
WP_001230228.1	YP_500279.1	100	308	1.22e-222	603
WP_001028221.1	YP_498908.1	100	308	8.36e-230	621
WP_000794407.1	YP_499254.1	100	308	1.43e-221	600
WP_000757569.1	YP_499617.1	100	308	1.62e-227	615
WP_000705644.1	YP_498975.1	99.4	308	1.16e-158	441
WP_000521533.1	YP_499476.1	100	308	1.35e-210	573
WP_000344337.1	YP_499033.1	100	279	5.05e-199	542
WP_000204625.1	YP_499914.1	100	308	2.66e-201	549
WP_000047348.1	YP_499736.1	100	308	1.22e-222	603
WP_000802946.1	YP_499223.1	100	307	2.48e-226	612
WP_000608440.1	YP_499311.1	100	307	5.84e-225	609
WP_000291761.1	YP_498762.1	100	307	1.28e-228	618
WP_000162881.1	YP_500460.1	99.7	307	1.06e-236	639
WP_000137775.1	YP_500226.1	100	307	2.70e-230	622
WP_000002068.1	YP_498882.1	100	307	3.19e-213	579
WP_000808621.1	YP_500295.1	100	306	1.14e-226	613
WP_000806113.1	YP_498845.1	100	306	4.40e-199	543
WP_000640743.1	YP_499266.1	100	306	1.78e-214	582
WP_000620864.1	YP_501088.1	100	300	1.69e-222	602
WP_000454064.1	YP_500113.1	100	306	4.31e-231	624
WP_000197034.1	YP_499144.1	100	306	7.37e-223	603
WP_000486816.1	YP_501057.1	100	305	2.51e-209	569
WP_000476873.1	YP_500028.1	100	305	2.45e-216	587
WP_000451295.1	YP_499703.1	99.7	305	1.56e-228	618
WP_000450297.1	YP_499913.1	100	305	3.13e-203	554
WP_000429014.1	YP_499296.1	100	305	2.04e-224	607
WP_000282305.1	YP_499781.1	100	305	2.66e-220	597
WP_000201875.1	YP_499414.1	100	305	6.81e-223	603
WP_000913219.1	YP_500025.1	100	304	4.89e-211	573
WP_000634105.1	YP_499006.1	100	304	3.80e-224	607
WP_000182751.1	YP_498834.1	100	304	1.25e-213	580
WP_000136950.1	YP_499811.1	100	304	3.69e-231	624
WP_000073184.1	YP_499852.1	100	304	1.73e-220	597
WP_000825510.1	YP_500729.1	100	303	1.67e-222	602
WP_000467123.1	YP_499611.1	99.7	303	1.28e-216	590
WP_000369722.1	YP_499344.2	100	303	2.28e-220	597
WP_000031401.1	YP_499612.1	100	303	1.09e-202	552
WP_001171351.1	YP_500109.1	100	302	2.02e-218	592
WP_001083804.1	YP_501479.1	100	302	8.46e-211	573
WP_000735038.1	YP_501016.1	100	302	1.01e-202	552
WP_000593436.1	YP_499841.1	100	302	2.64e-214	582
WP_000435108.1	YP_499255.1	99.7	302	2.29e-224	607
WP_000366154.1	YP_500409.1	100	302	2.78e-200	546
WP_000167867.1	YP_500884.1	100	302	1.04e-220	598
WP_000139189.1	YP_500987.1	99.7	296	5.47e-201	548
WP_000110253.1	YP_499754.1	100	302	8.23e-218	590
WP_000691095.1	YP_501019.1	100	295	2.49e-199	543
WP_000184370.1	YP_500346.1	100	301	2.51e-207	564
WP_001162359.1	YP_499919.1	100	300	2.20e-221	599
WP_000816295.1	YP_499348.1	100	300	1.13e-223	605
WP_000670752.1	YP_499459.1	100	300	2.29e-223	604
WP_000524836.1	YP_501080.1	100	299	9.26e-218	590
WP_000460421.1	YP_501297.1	100	299	6.16e-207	563
WP_000134765.1	YP_500179.2	99.7	299	4.59e-218	591
WP_001015597.1	YP_499760.1	100	298	1.48e-218	592
WP_000991302.1	YP_500644.1	100	298	8.57e-218	590
WP_000432017.1	YP_498756.1	100	298	4.19e-209	568
WP_000886500.1	YP_499043.1	100	297	1.72e-212	577
WP_000751207.1	YP_498850.1	100	297	1.47e-213	579
WP_001033876.1	YP_498875.1	100	296	3.74e-211	573
WP_001031413.1	YP_501379.1	100	296	1.70e-207	564
WP_000924214.1	YP_500169.1	100	296	8.93e-219	592
WP_000706519.1	YP_501354.1	100	296	3.11e-219	593
WP_001230670.1	YP_498727.1	100	295	1.60e-216	587
WP_000447733.1	YP_500106.1	100	295	3.23e-216	586
WP_000149257.1	YP_499923.1	100	295	4.92e-211	573
WP_000143419.1	YP_501406.1	100	295	5.50e-208	565
WP_000034728.1	YP_499072.1	100	295	9.51e-209	567
WP_000029536.1	YP_500984.1	100	295	3.93e-217	588
WP_000691839.1	YP_501069.1	100	294	2.98e-216	586
WP_000403916.1	YP_499017.1	100	294	1.66e-213	579
WP_000236722.1	YP_499751.1	100	294	8.21e-214	580
WP_001180262.1	YP_499485.1	100	293	8.02e-200	544
WP_001077602.1	YP_498933.1	100	293	3.42e-155	431
WP_001030738.1	YP_498885.1	100	293	7.28e-212	575
WP_001016166.1	YP_499706.1	100	293	1.60e-215	584
WP_000730043.1	YP_501065.1	100	293	5.34e-214	580
WP_000201387.1	YP_499767.1	100	293	1.76e-203	553
WP_000183378.1	YP_500132.1	100	293	8.50e-211	572
WP_000148605.1	YP_499064.1	100	293	1.08e-213	579
WP_000029211.1	YP_498836.1	99.3	293	5.50e-207	562
WP_001220199.1	YP_499630.1	100	281	4.40e-201	547
WP_001133011.1	YP_499974.1	100	292	9.29e-219	592
WP_000932219.1	YP_499392.1	99.7	292	3.24e-219	593
WP_000724887.1	YP_499313.1	100	292	2.59e-200	545
WP_000351761.1	YP_501309.1	100	275	2.49e-203	552
WP_000134232.1	YP_499121.1	100	292	2.55e-216	586
WP_000076404.1	YP_499105.1	100	292	3.63e-216	585
WP_000847933.1	YP_499727.2	100	291	2.02e-217	588
WP_000717809.1	YP_500247.1	99.7	291	3.87e-206	560
WP_000469890.1	YP_499250.1	100	291	1.29e-204	556
WP_000181832.1	YP_498758.1	100	291	5.53e-190	519
WP_001114452.1	YP_500300.1	100	290	1.60e-218	591
WP_001038026.1	YP_498666.1	99.3	290	2.38e-195	533
WP_000877317.1	YP_501453.1	100	290	2.98e-214	580
WP_000763048.1	YP_500642.1	100	290	1.93e-210	571
WP_000725802.1	YP_500806.1	100	290	2.07e-205	558
WP_000593192.1	YP_499757.1	99.6	246	1.30e-177	486
WP_000073195.1	YP_501051.1	100	290	2.07e-205	558
WP_001047066.1	YP_499466.1	100	289	1.79e-210	571
WP_000719324.1	YP_500915.1	100	288	3.99e-206	560
WP_000593367.1	YP_499114.1	100	289	3.18e-204	555
WP_000584765.1	YP_501224.1	100	289	6.89e-183	501
WP_001068497.1	YP_499300.1	100	244	1.66e-163	450
WP_001005511.1	YP_501361.1	100	288	3.94e-218	590
WP_000721336.1	YP_501260.1	100	260	2.39e-185	506
WP_000687411.1	YP_499238.1	100	288	1.65e-210	571
WP_000382585.1	YP_500115.1	99.7	288	1.24e-214	582
WP_000190138.1	YP_499800.1	99.7	288	2.35e-210	570
WP_000157603.1	YP_500821.2	100	288	3.29e-201	547
WP_000019127.1	YP_501166.1	100	288	1.67e-194	530
WP_001159898.1	YP_500985.1	100	287	3.55e-200	545
WP_000564316.1	YP_500167.1	100	287	4.85e-182	499
WP_000178307.1	YP_501333.1	100	287	2.64e-211	573
WP_001131841.1	YP_500842.1	100	286	9.16e-207	561
WP_001052510.1	YP_498650.1	100	286	1.40e-201	548
WP_001040735.1	YP_500846.1	99.7	286	1.41e-210	571
WP_000953568.1	YP_501372.1	99.7	286	7.85e-208	564
WP_000291445.1	YP_498886.1	100	286	8.53e-212	574
WP_000225837.1	YP_499557.1	100	286	5.93e-203	551
WP_000155386.1	YP_500950.1	100	286	7.85e-208	564
WP_001091387.1	YP_500363.1	100	285	5.49e-203	551
WP_000471571.1	YP_500314.1	100	285	1.78e-208	565
WP_000370924.1	YP_500873.1	100	285	5.33e-210	569
WP_001044432.1	YP_500932.1	100	284	4.59e-215	582
WP_001032833.1	YP_500396.1	100	284	1.65e-208	565
WP_000737193.1	YP_498914.1	99.6	284	2.89e-177	486
WP_000669939.1	YP_499497.1	100	284	9.26e-215	581
WP_000011823.1	YP_499847.1	100	284	9.83e-201	546
WP_001183858.1	YP_499400.1	100	283	3.42e-180	494
WP_000505015.1	YP_499883.1	100	283	9.49e-203	551
WP_000163735.1	YP_501370.1	99.6	283	1.84e-200	545
WP_000079447.1	YP_499912.1	100	283	1.78e-207	563
WP_000034507.1	YP_501198.1	100	283	3.75e-209	567
WP_001015500.1	YP_500928.1	100	282	1.20e-200	545
WP_000638870.1	YP_499045.1	100	282	2.34e-207	562
WP_000608129.1	YP_499411.1	100	282	1.67e-216	585
WP_000528923.1	YP_501470.1	100	282	7.30e-211	571
WP_000411085.1	YP_500370.1	100	282	1.16e-207	563
WP_001550052.1	YP_498932.1	100	281	9.35e-193	525
WP_001024377.1	YP_498970.1	100	281	4.56e-209	566
WP_000812010.1	YP_500728.1	99.6	281	2.53e-206	560
WP_000911041.1	YP_500264.1	100	280	3.10e-186	509
WP_000825521.1	YP_499010.1	100	280	3.15e-195	531
WP_000713072.1	YP_500637.1	100	280	3.02e-154	428
WP_000689580.1	YP_500367.1	100	280	1.66e-215	583
WP_000370334.1	YP_498761.1	100	280	1.02e-200	545
WP_000209565.1	YP_498922.1	100	280	4.87e-199	541
WP_000931237.1	YP_499271.1	100	279	2.86e-211	572
WP_000749380.1	YP_499330.1	100	279	2.57e-173	476
WP_000742837.1	YP_501495.1	100	279	1.48e-188	514
WP_000513308.1	YP_499339.1	100	279	3.08e-206	559
WP_000279926.1	YP_499038.1	100	279	1.11e-199	543
WP_000166059.1	YP_499958.1	100	279	3.55e-196	534
WP_000162661.1	YP_498775.1	100	279	3.26e-192	524
WP_000889252.1	YP_499196.1	100	278	3.03e-176	483
WP_000886468.1	YP_500505.1	100	278	6.52e-187	510
WP_000362357.1	YP_499143.1	100	254	6.64e-188	512
WP_000344352.1	YP_501026.1	100	278	9.94e-207	560
WP_000248735.1	YP_500834.1	100	250	5.50e-186	507
WP_001077826.1	YP_501467.1	100	277	7.53e-181	495
WP_001044662.1	YP_499210.1	100	277	5.08e-179	490
WP_000985472.1	YP_500976.1	100	277	6.67e-200	543
WP_000453320.1	YP_500408.1	100	277	2.17e-205	557
WP_001185462.1	YP_499134.1	100	276	1.85e-201	547
WP_000594959.1	YP_500809.1	100	276	3.47e-206	559
WP_000548932.1	YP_499906.1	100	276	1.23e-190	520
WP_000448901.1	YP_501353.1	99.3	276	1.41e-205	557
WP_000141108.1	YP_500143.1	99.6	276	1.58e-202	550
WP_001240311.1	YP_499603.1	100	275	3.08e-204	554
WP_000927632.1	YP_499412.1	100	275	2.35e-183	501
WP_000266096.1	YP_500385.1	100	275	4.55e-206	558
WP_000214890.1	YP_499791.1	100	275	1.35e-198	540
WP_000136020.1	YP_498891.1	100	275	6.47e-206	558
WP_001269643.1	YP_499046.1	100	274	2.89e-188	513
WP_001190533.1	YP_500041.1	100	274	5.13e-207	561
WP_001182436.1	YP_499462.1	100	274	8.50e-206	558
WP_000659770.1	YP_498873.1	100	274	6.35e-192	523
WP_000572040.1	YP_501149.1	100	274	9.41e-194	527
WP_001081682.1	YP_501229.1	100	273	4.94e-209	566
WP_000732326.1	YP_499398.1	100	273	1.06e-194	530
WP_000669376.1	YP_500479.1	100	273	2.08e-201	546
WP_000651837.1	YP_501348.1	100	273	2.60e-195	531
WP_000184947.1	YP_499538.1	100	273	6.21e-203	550
WP_000040873.1	YP_500622.1	100	273	2.14e-194	529
WP_001124419.1	YP_500508.1	100	272	9.67e-186	507
WP_001103743.1	YP_499808.1	100	272	5.97e-164	452
WP_001065590.1	YP_501464.1	100	272	4.72e-202	548
WP_001058843.1	YP_501228.1	100	272	5.92e-196	533
WP_000860047.1	YP_501371.1	100	263	2.43e-186	508
WP_000411299.1	YP_500175.1	100	272	1.15e-193	527
WP_001157329.1	YP_500280.1	100	271	2.87e-182	498
WP_000779748.1	YP_500112.1	100	261	1.52e-186	508
WP_000191092.1	YP_498702.1	100	271	7.05e-183	499
WP_000173869.1	YP_501223.1	100	271	7.47e-194	527
WP_000139712.1	YP_499649.1	100	271	3.90e-205	556
WP_000044363.1	YP_500933.1	100	271	5.10e-201	545
WP_001801842.1	YP_498991.1	99.6	245	1.55e-175	480
WP_001797296.1	YP_498989.1	90.7	270	1.69e-174	478
WP_001273058.1	YP_499202.1	100	270	2.34e-201	546
WP_000449218.1	YP_498615.1	100	233	1.78e-169	464
WP_001270834.1	YP_499496.1	100	269	1.25e-200	544
WP_000872390.1	YP_499597.1	100	269	2.87e-181	495
WP_000830380.1	YP_500509.1	100	269	2.94e-174	478
WP_000389662.1	YP_500951.1	100	269	1.57e-194	529
WP_000347896.1	YP_500883.1	100	269	2.57e-184	503
WP_000334518.1	YP_499942.1	100	269	4.89e-198	538
WP_000896697.1	YP_499491.1	100	268	9.82e-193	524
WP_000863985.1	YP_501287.1	100	268	1.47e-203	551
WP_000791620.1	YP_500949.1	100	268	6.53e-182	497
WP_000690197.1	YP_501191.1	100	268	2.75e-208	563
WP_000666761.1	YP_500209.1	100	268	7.82e-199	540
WP_000273253.1	YP_499569.1	100	268	3.46e-177	485
WP_001221860.1	YP_500948.1	100	267	6.20e-200	542
WP_001134194.1	YP_499034.1	100	267	5.88e-189	514
WP_000971990.1	YP_498989.1	81.6	266	3.04e-151	419
WP_000928413.1	YP_499510.1	100	267	4.32e-191	520
WP_000862727.1	YP_500848.1	100	267	2.83e-196	533
WP_000717381.1	YP_501032.1	100	267	1.26e-151	420
WP_000186313.1	YP_499853.1	100	267	4.02e-196	533
WP_000167924.1	YP_499066.1	100	267	3.70e-192	523
WP_000150195.1	YP_499537.1	100	267	8.11e-196	532
WP_001269759.1	YP_498989.1	78.6	266	1.70e-143	400
WP_001127689.1	YP_498703.1	100	266	9.68e-183	499
WP_001039659.1	YP_499650.1	100	266	1.11e-197	536
WP_000667382.1	YP_498887.1	100	266	2.22e-188	513
WP_000449061.1	YP_498896.1	99.6	266	7.51e-196	532
WP_000362967.1	YP_499179.1	100	266	2.93e-193	525
WP_000237518.1	YP_501290.1	99.6	266	1.15e-190	519
WP_000088648.1	YP_498630.1	100	266	4.53e-197	535
WP_001246561.1	YP_499596.1	100	265	1.27e-182	498
WP_001222105.1	YP_499798.1	100	265	3.59e-198	538
WP_001080809.1	YP_499211.1	100	265	1.40e-195	531
WP_001030825.1	YP_501012.1	100	265	3.70e-191	520
WP_000731644.1	YP_499230.1	100	265	6.13e-190	517
WP_000274844.1	YP_499700.1	100	265	3.07e-199	540
WP_000130454.1	YP_501046.1	100	265	3.59e-198	538
WP_001177817.1	YP_500625.1	99.6	264	2.06e-192	523
WP_001103232.1	YP_499201.1	100	264	2.70e-188	513
WP_001017423.1	YP_501482.1	100	264	4.04e-199	540
WP_000581889.1	YP_501243.1	100	264	1.25e-193	526
WP_001185424.1	YP_499940.1	99.6	263	5.88e-187	509
WP_001108479.1	YP_500808.1	100	263	5.64e-185	504
WP_000999338.1	YP_499693.1	100	221	5.62e-166	454
WP_000456139.1	YP_498990.1	61.2	263	4.00e-108	310
WP_000434765.1	YP_500369.1	100	241	2.22e-179	489
WP_000066937.1	YP_498830.1	99.6	263	3.26e-184	502
WP_001104172.1	YP_498629.1	100	262	1.18e-181	496
WP_001045421.1	YP_499182.1	100	262	3.72e-194	527
WP_001213908.1	YP_500168.1	100	261	3.17e-190	517
WP_000867960.1	YP_500741.1	100	261	1.64e-192	523
WP_000835976.1	YP_498990.1	100	261	2.60e-189	515
WP_000994678.1	YP_499015.1	100	260	5.75e-172	471
WP_000908176.1	YP_500874.1	99.6	260	3.68e-184	502
WP_000868413.1	YP_499771.1	100	260	2.28e-178	487
WP_000769517.1	YP_501011.1	100	260	3.88e-170	466
WP_000154116.1	YP_499896.1	100	260	1.01e-181	496
WP_001805409.1	YP_499697.1	99.6	259	9.96e-186	506
WP_000825929.1	YP_501161.1	100	259	4.32e-187	509
WP_000816184.1	YP_499418.1	100	259	1.02e-185	506
WP_001549768.1	YP_501249.1	100	233	1.15e-171	469
WP_001186806.1	YP_498681.1	100	258	5.45e-185	504
WP_000739224.1	YP_501041.1	100	212	6.06e-153	421
WP_000649608.1	YP_498990.1	77.1	253	5.67e-135	377
WP_000183771.1	YP_498687.1	100	258	2.24e-168	462
WP_000072147.1	YP_501212.1	100	258	4.41e-175	479
WP_047335196.1	YP_498989.1	84.0	256	6.42e-155	428
WP_000904312.1	YP_499041.1	100	257	6.67e-190	516
WP_000682646.1	YP_500243.1	100	257	7.47e-187	508
WP_000643615.1	YP_498769.1	99.6	257	1.45e-184	503
WP_000078092.1	YP_498704.1	100	257	1.19e-183	500
WP_000061866.1	YP_500052.1	100	257	8.98e-179	488
WP_000055337.1	YP_499763.1	100	257	4.09e-175	479
WP_000052317.1	YP_499905.1	100	257	3.04e-186	507
WP_031857449.1	YP_498660.1	100	255	1.57e-185	505
WP_001041103.1	YP_500776.1	100	256	6.83e-178	486
WP_000977781.1	YP_498659.1	100	256	3.29e-185	504
WP_000977774.1	YP_498657.1	100	256	2.82e-186	507
WP_000933195.1	YP_499500.1	99.6	256	1.68e-178	487
WP_000835991.1	YP_498989.1	78.9	256	8.07e-144	400
WP_000597212.1	YP_498658.1	100	256	1.82e-182	497
WP_000536961.1	YP_501279.1	100	256	1.65e-169	464
WP_000473705.1	YP_499770.1	100	256	1.25e-189	515
WP_000365320.1	YP_500328.1	100	256	9.96e-171	468
WP_000146745.1	YP_501013.1	100	256	1.92e-193	525
WP_418356866.1	YP_500942.1	100	226	3.48e-158	435
WP_001213019.1	YP_499902.1	100	255	1.91e-188	512
WP_000949560.1	YP_501475.1	100	255	4.02e-165	453
WP_000725225.1	YP_501337.1	100	255	3.68e-161	443
WP_000565310.1	YP_501447.1	100	255	1.11e-187	510
WP_000176394.1	YP_499752.1	100	255	1.39e-181	495
WP_001015549.1	YP_498683.1	100	254	7.26e-197	533
WP_000972699.1	YP_499265.1	100	254	2.90e-178	486
WP_000668894.1	YP_498746.1	100	254	2.41e-186	507
WP_000600967.1	YP_500993.1	100	254	3.43e-186	506
WP_000565302.1	YP_498716.1	100	254	6.17e-189	513
WP_000477992.1	YP_501060.1	100	254	2.31e-184	502
WP_000354088.1	YP_499140.1	100	216	8.29e-144	398
WP_000215388.1	YP_499200.1	100	254	6.91e-186	506
WP_000074007.1	YP_501268.1	100	254	2.41e-186	507
WP_001260089.1	YP_499353.1	99.6	253	1.45e-182	497
WP_001113406.1	YP_499318.1	100	253	1.78e-167	459
WP_000985996.1	YP_499226.1	100	253	1.39e-180	492
WP_000616842.1	YP_499308.1	100	253	6.60e-179	488
WP_000581552.1	YP_500446.1	100	253	2.76e-171	469
WP_000323455.1	YP_501413.1	100	253	3.07e-193	524
WP_000197958.1	YP_498738.1	100	253	2.50e-183	499
WP_000168845.1	YP_499401.1	100	253	1.39e-180	492
WP_000031268.1	YP_498832.1	100	253	7.79e-187	508
WP_001288681.1	YP_499503.1	100	252	9.13e-190	515
WP_000866415.1	YP_499124.1	100	252	1.25e-187	510
WP_000636142.1	YP_500593.1	100	252	8.07e-184	500
WP_000477521.1	YP_498781.1	100	252	2.51e-187	509
WP_000154162.1	YP_501484.1	100	252	5.23e-180	491
WP_001789411.1	YP_498696.1	100	251	1.99e-188	512
WP_001289311.1	YP_498955.1	100	251	7.17e-182	495
WP_001032739.1	YP_500923.1	99.6	251	2.41e-176	482
WP_000923760.1	YP_501405.1	100	251	9.37e-178	485
WP_000911657.1	YP_498785.1	100	251	6.45e-194	526
WP_000861038.1	YP_500659.1	100	251	9.93e-198	535
WP_000678232.1	YP_500111.1	100	251	2.14e-183	499
WP_000355845.1	YP_498639.1	100	251	4.69e-162	445
WP_001548981.1	YP_500215.1	99.6	234	1.81e-173	473
WP_001261795.1	YP_500218.1	100	250	1.34e-181	494
WP_001190128.1	YP_500190.1	100	250	1.75e-177	484
WP_001108545.1	YP_499199.1	100	250	5.86e-176	480
WP_000876756.1	YP_498671.1	100	250	3.25e-173	473
WP_000195907.1	YP_498927.1	100	250	2.84e-192	521
WP_000075703.1	YP_499141.1	100	250	2.24e-189	514
WP_000590517.1	YP_501222.1	100	249	2.80e-178	486
WP_000072444.1	YP_501220.1	99.6	249	3.09e-166	456
WP_002868962.1	YP_500413.1	100	248	2.24e-188	511
WP_001548963.1	YP_500178.1	100	248	8.68e-177	482
WP_000390328.1	YP_499086.1	100	248	1.50e-177	484
WP_001793250.1	YP_498652.1	100	247	3.01e-172	471
WP_000894464.1	YP_499197.1	100	247	3.82e-175	478
WP_000888494.1	YP_499725.1	100	247	1.74e-171	469
WP_000386366.1	YP_501259.1	99.6	247	7.09e-171	467
WP_000197635.1	YP_500738.1	100	247	1.31e-166	456
WP_000174282.1	YP_500336.1	100	247	3.71e-182	496
WP_000032855.1	YP_501030.1	99.6	247	2.21e-174	476
WP_001549592.1	YP_500924.1	100	246	6.17e-185	503
WP_001221651.1	YP_500641.1	100	246	2.75e-163	448
WP_001165952.1	YP_499358.1	100	246	3.43e-182	496
WP_000645452.1	YP_498826.1	100	246	3.03e-176	481
WP_000590850.1	YP_498736.1	99.6	246	3.43e-182	496
WP_000435374.1	YP_499636.1	100	246	1.38e-172	471
WP_000332063.1	YP_501136.1	100	246	2.22e-178	486
WP_000216878.1	YP_500465.1	100	246	5.46e-179	488
WP_000687328.1	YP_499747.1	100	245	2.42e-186	506
WP_000426696.1	YP_501049.1	100	245	1.95e-167	458
WP_000159577.1	YP_500102.1	100	245	7.40e-172	469
WP_001242429.1	YP_499633.1	100	244	4.82e-172	470
WP_001220813.1	YP_499003.1	100	244	6.18e-184	500
WP_000383180.1	YP_500222.1	100	233	6.79e-174	474
WP_000167269.1	YP_499737.1	100	244	1.81e-167	458
WP_001795485.1	YP_501292.1	100	243	4.51e-156	429
WP_001014062.1	YP_501147.1	100	243	3.56e-178	485
WP_000615461.1	YP_501159.1	100	243	1.82e-171	468
WP_000603968.1	YP_499842.1	100	243	4.32e-154	424
WP_000544969.1	YP_500598.1	100	243	7.80e-182	494
WP_000273371.1	YP_500104.1	100	243	3.28e-174	475
WP_000043237.1	YP_499740.1	100	243	2.81e-175	478
WP_001118675.1	YP_499022.1	100	242	5.40e-168	459
WP_000757406.1	YP_499364.1	100	242	4.98e-148	409
WP_000349655.1	YP_500826.1	100	242	2.60e-175	478
WP_000163627.1	YP_499899.1	100	242	1.34e-177	484
WP_001063559.1	YP_499669.1	100	241	2.81e-174	475
WP_000910689.1	YP_499036.1	100	241	2.61e-179	488
WP_000774684.1	YP_500005.1	100	200	1.24e-147	406
WP_000739523.1	YP_499670.1	100	241	8.74e-178	484
WP_000064078.1	YP_500101.1	100	241	5.91e-176	479
WP_001039447.1	YP_500441.1	100	240	1.02e-171	469
WP_000698235.1	YP_499924.1	100	230	7.91e-169	461
WP_000606210.1	YP_501364.1	100	240	5.08e-181	492
WP_000590809.1	YP_500487.1	99.6	240	7.38e-170	464
WP_000057330.1	YP_499768.1	100	240	6.86e-170	464
WP_001217730.1	YP_499488.1	100	239	6.35e-170	464
WP_001038867.1	YP_500440.1	100	239	6.62e-172	469
WP_001038704.1	YP_500439.1	100	239	1.10e-170	466
WP_001038688.1	YP_500436.1	100	239	1.34e-171	468
WP_000479576.1	YP_501160.1	100	239	1.87e-162	445
WP_000365354.1	YP_499178.1	100	239	7.19e-176	479
WP_000249839.1	YP_499925.1	100	239	1.67e-133	372
WP_000215595.1	YP_501496.1	100	239	1.14e-172	471
WP_001222133.1	YP_499181.1	100	238	2.47e-162	445
WP_001038759.1	YP_500437.1	100	238	7.46e-173	471
WP_000872486.1	YP_498820.1	100	238	2.05e-170	465
WP_000688492.1	YP_500746.1	100	208	3.91e-152	418
WP_000638475.1	YP_498815.1	100	224	3.35e-159	436
WP_000532966.1	YP_499234.1	100	238	4.64e-167	457
WP_000150017.1	YP_499386.1	100	238	3.40e-169	462
WP_000084829.1	YP_500204.1	100	238	4.18e-179	487
WP_000041896.1	YP_499668.1	100	238	2.42e-178	485
WP_001293307.1	YP_499787.1	100	237	1.39e-172	471
WP_001096494.1	YP_500402.1	100	237	3.53e-166	454
WP_001062972.1	YP_499278.1	100	237	1.64e-180	491
WP_001031454.1	YP_500091.1	100	237	1.56e-169	463
WP_000698752.1	YP_498921.1	100	237	2.30e-146	404
WP_000708692.1	YP_499285.1	100	236	5.47e-174	474
WP_000160304.1	YP_500857.1	100	236	3.17e-173	472
WP_001039435.1	YP_500442.1	100	235	4.17e-173	472
WP_000843292.1	YP_498698.1	100	235	3.42e-172	469
WP_000261115.1	YP_500269.1	100	235	2.56e-158	434
WP_000922329.1	YP_498829.1	100	234	9.09e-172	468
WP_000784244.1	YP_498976.1	100	234	2.50e-169	462
WP_000646227.1	YP_499790.1	100	234	8.37e-168	458
WP_000571736.1	YP_501458.1	100	234	6.40e-172	469
WP_000282171.1	YP_499965.1	100	234	4.78e-158	434
WP_000186134.1	YP_500935.1	100	234	1.76e-169	462
WP_000186117.1	YP_501373.1	100	234	6.40e-172	469
WP_000174053.1	YP_499560.1	100	234	1.62e-165	452
WP_000161829.1	YP_501351.1	100	234	7.17e-169	461
WP_000138214.1	YP_501415.1	100	234	4.18e-177	482
WP_000080028.1	YP_500304.1	100	234	1.02e-168	461
WP_000041883.1	YP_498966.1	100	234	3.66e-162	444
WP_001795631.1	YP_498917.1	99.5	218	2.76e-153	421
WP_000751267.1	YP_501340.1	100	233	6.84e-162	443
WP_000607067.1	YP_498828.1	100	233	1.17e-153	422
WP_000571258.1	YP_499904.1	100	233	1.83e-166	455
WP_000149064.1	YP_500591.1	100	233	8.73e-133	370
WP_000101976.1	YP_498626.1	100	233	2.15e-174	475
WP_000779446.1	YP_498981.1	100	232	2.58e-161	442
WP_000673479.1	YP_498980.1	100	232	3.67e-161	441
WP_000586140.1	YP_500445.1	100	232	2.89e-158	434
WP_000110603.1	YP_500185.1	100	232	1.63e-132	369
WP_001788648.1	YP_499679.1	100	231	2.84e-178	484
WP_001217125.1	YP_500373.1	100	231	1.15e-168	460
WP_001190841.1	YP_500794.1	100	231	3.29e-168	459
WP_000782618.1	YP_498972.1	100	231	1.83e-165	452
WP_000769845.1	YP_498978.1	100	231	3.96e-160	439
WP_000769836.1	YP_498979.1	100	231	1.18e-161	442
WP_000752008.1	YP_500812.1	100	231	7.35e-156	428
WP_000520233.1	YP_499397.1	100	231	3.20e-134	373
WP_000398941.1	YP_501202.1	100	231	1.93e-151	417
WP_000382904.1	YP_501278.1	100	231	3.26e-159	436
WP_000217466.1	YP_501238.1	100	231	2.20e-157	432
WP_000207105.1	YP_498618.1	100	231	1.52e-148	409
WP_001109877.1	YP_501440.1	99.6	230	9.87e-174	473
WP_001096791.1	YP_500447.1	100	230	2.69e-162	444
WP_001074619.1	YP_499092.1	100	230	5.21e-160	438
WP_001030125.1	YP_501047.1	100	230	2.06e-166	454
WP_000736084.1	YP_498690.1	100	230	1.39e-164	450
WP_000654061.1	YP_499710.1	100	230	5.90e-166	453
WP_000289136.1	YP_501269.1	100	230	8.05e-164	448
WP_000286875.1	YP_501174.1	100	230	2.72e-171	467
WP_000272069.1	YP_500615.1	99.6	230	1.69e-165	452
WP_000185864.1	YP_501448.1	100	230	4.66e-163	446
WP_001001019.1	YP_501307.1	100	229	1.49e-154	424
WP_000842860.1	YP_499242.1	100	229	7.45e-164	448
WP_000777188.1	YP_500320.1	100	229	6.18e-172	468
WP_000565255.1	YP_501024.1	100	229	3.06e-172	469
WP_000396077.1	YP_500810.1	99.6	229	2.82e-168	459
WP_001792568.1	YP_500203.1	100	228	6.09e-158	433
WP_001548082.1	YP_499373.1	100	228	5.01e-157	431
WP_001217917.1	YP_501178.1	100	228	3.87e-170	464
WP_001125208.1	YP_501165.1	100	228	1.15e-171	468
WP_000692870.1	YP_500268.1	100	218	9.20e-153	419
WP_000655864.1	YP_501073.1	100	228	1.02e-165	452
WP_000579275.1	YP_500212.1	100	228	2.78e-154	424
WP_000362212.1	YP_499988.1	100	228	4.66e-162	443
WP_000184398.1	YP_501389.1	100	228	5.27e-168	458
WP_000149344.1	YP_499274.1	100	228	4.51e-169	461
WP_000037332.1	YP_498715.1	100	228	4.29e-158	433
WP_001802667.1	YP_500187.1	100	227	3.75e-147	405
WP_000789821.1	YP_499628.1	100	227	2.88e-151	416
WP_000673051.1	YP_498982.1	100	227	4.14e-160	438
WP_000454784.1	YP_499110.1	100	227	4.32e-162	443
WP_000358498.1	YP_499249.1	100	227	8.69e-55	171
WP_000208414.1	YP_498863.1	96.5	227	6.77e-150	412
WP_000208389.1	YP_498863.1	95.6	227	5.56e-149	410
WP_000047255.1	YP_500893.1	100	227	1.14e-157	432
WP_001827022.1	YP_499995.1	100	226	3.95e-153	421
WP_001140234.1	YP_501298.1	100	226	5.92e-164	448
WP_000990133.1	YP_501267.1	100	226	1.39e-162	444
WP_000669005.1	YP_498971.1	100	226	9.03e-159	435
WP_000645727.1	YP_500643.1	100	226	7.64e-151	415
WP_000934151.1	YP_501140.1	100	225	1.64e-165	452
WP_000911019.1	YP_498878.1	100	225	9.77e-158	432
WP_000769163.1	YP_498986.1	100	225	9.37e-156	427
WP_000624584.1	YP_500172.1	100	225	1.19e-158	434
WP_001166505.1	YP_499224.1	100	224	9.82e-162	442
WP_001057965.1	YP_499324.1	100	224	3.32e-169	461
WP_000655875.1	YP_498859.1	100	224	1.02e-163	447
WP_000608826.1	YP_498824.1	100	224	6.17e-165	450
WP_000565820.1	YP_499002.1	100	224	7.75e-159	435
WP_000249497.1	YP_501105.1	100	224	6.92e-162	442
WP_001113090.1	YP_501010.1	99.6	223	2.58e-152	418
WP_000666799.1	YP_499562.1	100	223	8.11e-165	450
WP_000120549.1	YP_500849.1	100	223	2.14e-160	439
WP_000069101.1	YP_501288.1	100	223	3.31e-164	448
WP_001548498.1	YP_499694.1	100	222	2.22e-157	431
WP_000936720.1	YP_498888.1	100	222	1.15e-159	437
WP_000805950.1	YP_500278.1	100	222	1.34e-158	434
WP_000567028.1	YP_500233.1	100	222	1.51e-123	345
WP_000446724.1	YP_499280.1	100	222	3.88e-167	456
WP_000446299.1	YP_498714.1	100	222	2.87e-144	398
WP_001229911.1	YP_501103.1	100	221	9.79e-156	427
WP_001024094.1	YP_500864.1	100	221	2.51e-158	433
WP_000697886.1	YP_501407.1	100	221	5.06e-158	432
WP_000129063.1	YP_499122.1	100	221	3.45e-165	451
WP_001086744.1	YP_500760.1	100	220	6.39e-156	427
WP_001083316.1	YP_500856.1	99.1	220	1.44e-152	419
WP_001067262.1	YP_499111.1	100	220	1.65e-167	456
WP_000923520.1	YP_501213.1	100	220	1.63e-158	434
WP_000667275.1	YP_498700.1	99.5	220	5.03e-153	420
WP_000659675.1	YP_501449.1	100	220	3.91e-141	390
WP_000514290.1	YP_499582.1	100	220	3.69e-155	425
WP_000394698.1	YP_498959.1	100	220	6.93e-160	437
WP_000160212.1	YP_500979.1	100	220	2.60e-155	426
WP_000831298.1	YP_501187.1	100	219	2.55e-141	390
WP_000644391.1	YP_500015.2	100	219	2.59e-150	413
WP_000570071.1	YP_498844.1	100	219	5.50e-161	440
WP_000467994.1	YP_499009.1	100	219	6.70e-137	379
WP_000253765.1	YP_499987.1	100	219	4.90e-164	447
WP_000192137.1	YP_499946.1	100	219	5.28e-159	435
WP_001080281.1	YP_501190.1	100	189	1.11e-146	402
WP_000455256.1	YP_499135.1	100	218	6.99e-168	457
WP_000706315.1	YP_501137.1	100	200	5.67e-140	386
WP_000623452.1	YP_501074.1	99.5	217	1.35e-160	439
WP_000529877.1	YP_500973.1	100	217	2.82e-153	420
WP_000421225.1	YP_498848.1	100	217	1.75e-147	405
WP_000157650.1	YP_499053.1	100	217	2.84e-121	339
WP_001795535.1	YP_500419.1	100	216	1.40e-102	292
WP_000538141.1	YP_499331.1	100	216	7.48e-153	419
WP_001805237.1	YP_499083.1	100	215	7.52e-157	429
WP_001187629.1	YP_500803.1	100	215	4.53e-158	432
WP_001021468.1	YP_500958.1	100	215	2.16e-156	428
WP_000738247.1	YP_501091.1	100	215	4.31e-147	404
WP_000667097.1	YP_499127.1	100	215	7.52e-157	429
WP_000436818.1	YP_501081.1	100	215	2.49e-146	402
WP_001266157.1	YP_500368.1	100	214	3.89e-163	445
WP_000954654.1	YP_499198.1	100	214	3.31e-155	425
WP_000865624.1	YP_499237.1	100	214	1.06e-151	416
WP_000215724.1	YP_498744.1	100	214	3.20e-162	442
WP_000164332.1	YP_499728.1	100	214	6.96e-157	429
WP_000081602.1	YP_499231.1	100	214	1.98e-147	405
WP_001793603.1	YP_499158.1	100	213	7.53e-156	426
WP_000974847.1	YP_499911.1	100	213	6.39e-148	406
WP_000882182.1	YP_499162.1	100	189	3.30e-101	287
WP_000807536.1	YP_500046.1	100	213	9.54e-159	434
WP_000571178.1	YP_499523.1	100	213	1.70e-152	418
WP_000547905.1	YP_499729.1	100	213	5.09e-154	422
WP_000494956.1	YP_500424.1	100	213	2.23e-148	407
WP_000483153.1	YP_500807.1	100	213	1.77e-154	423
WP_000404422.1	YP_499468.1	100	213	3.07e-155	425
WP_000404342.1	YP_499153.1	100	213	4.01e-151	414
WP_000192947.1	YP_499321.1	100	213	1.85e-156	428
WP_000547833.1	YP_501474.1	100	212	9.90e-156	426
WP_000342266.1	YP_500227.1	100	212	9.13e-152	416
WP_000184227.1	YP_501089.1	99.5	212	2.13e-141	390
WP_001283612.1	YP_500754.1	100	211	1.57e-147	405
WP_001168904.1	YP_500401.1	100	211	8.02e-141	388
WP_001077683.1	YP_499495.1	100	211	5.95e-152	416
WP_000901764.1	YP_499175.1	100	211	4.93e-160	437
WP_000882123.1	YP_499163.1	100	211	2.42e-151	415
WP_000773921.1	YP_501291.1	100	211	3.65e-137	379
WP_000569120.1	YP_501204.1	100	211	5.41e-139	384
WP_000285450.1	YP_501056.1	100	211	2.95e-152	417
WP_001015996.1	YP_500352.1	100	210	1.47e-156	428
WP_000768192.1	YP_499897.1	100	210	3.88e-152	417
WP_000493892.1	YP_500390.1	100	210	3.06e-149	409
WP_000422858.1	YP_499125.1	99.5	210	1.34e-143	395
WP_001788788.1	YP_499934.1	100	209	2.50e-143	394
WP_000923036.1	YP_499161.1	100	209	1.24e-143	395
WP_000882146.1	YP_499155.1	100	209	5.72e-149	409
WP_000827000.1	YP_501112.1	100	209	2.06e-96	276
WP_000677714.1	YP_498923.1	99.5	209	2.53e-127	354
WP_000153530.1	YP_500589.1	100	209	1.02e-142	393
WP_000070826.1	YP_499349.1	100	209	1.30e-68	205
WP_000048712.1	YP_500829.1	100	209	1.20e-150	413
WP_001216898.1	YP_498721.1	100	208	2.34e-152	417
WP_001151451.1	YP_498770.1	100	208	4.05e-153	419
WP_001108889.1	YP_499984.1	100	208	1.64e-156	428
WP_000923044.1	YP_499165.1	100	208	1.03e-146	403
WP_000898356.1	YP_499152.1	99.5	185	1.13e-131	364
WP_000746687.1	YP_498951.1	100	208	4.49e-141	389
WP_000668339.1	YP_499588.1	100	208	2.91e-137	379
WP_000522384.1	YP_500740.1	100	208	4.73e-152	416
WP_000414628.1	YP_498686.1	100	208	3.11e-132	366
WP_000182215.1	YP_500194.1	100	208	2.79e-135	374
WP_001789866.1	YP_500176.1	99.4	179	1.10e-125	348
WP_001223008.1	YP_500156.1	100	207	4.06e-157	429
WP_001208760.1	YP_499863.1	100	207	2.84e-148	407
WP_001127167.1	YP_500299.1	99.5	207	7.50e-144	395
WP_001045133.1	YP_500477.1	100	207	1.35e-146	402
WP_000656771.1	YP_501121.1	100	207	4.91e-149	409
WP_000648617.1	YP_500224.1	100	207	4.71e-147	404
WP_000368227.1	YP_499715.1	100	207	2.73e-146	402
WP_000024827.1	YP_500978.1	100	207	3.72e-144	396
WP_000882085.1	YP_499157.1	100	188	3.36e-133	368
WP_000759361.1	YP_501293.1	100	206	8.81e-147	403
WP_001272126.1	YP_499030.1	100	205	2.34e-146	402
WP_001191874.1	YP_499260.1	100	205	1.02e-140	387
WP_001117064.1	YP_499698.1	100	205	1.23e-132	367
WP_001039519.1	YP_499112.1	100	205	9.93e-148	405
WP_000882165.1	YP_499154.1	100	181	2.26e-118	330
WP_000491756.1	YP_499228.1	99.5	205	2.73e-145	399
WP_000287588.1	YP_500343.1	100	205	9.93e-148	405
WP_000255561.1	YP_499383.1	100	205	3.52e-132	366
WP_000944150.1	YP_501463.1	99.5	204	9.49e-141	387
WP_000191466.1	YP_500722.1	95.6	204	3.41e-134	371
WP_000170610.1	YP_499602.1	100	204	1.72e-152	417
WP_000084780.1	YP_499949.1	100	204	2.84e-142	391
WP_000079317.1	YP_499647.1	100	204	9.19e-148	405
WP_000002973.1	YP_501025.1	100	204	1.53e-146	402
WP_001040245.1	YP_499711.1	100	203	3.73e-142	391
WP_000475326.1	YP_498943.1	100	203	6.72e-145	398
WP_000435044.1	YP_501274.1	100	203	1.63e-136	377
WP_000394915.1	YP_498864.1	100	203	1.01e-130	362
WP_000287917.1	YP_501444.1	100	203	2.01e-146	402
WP_001175781.1	YP_499283.1	100	202	6.02e-152	416
WP_000972781.1	YP_499878.1	100	202	1.02e-134	372
WP_000348300.1	YP_501082.1	100	202	1.32e-155	425
WP_000032657.1	YP_500287.1	100	202	2.54e-144	396
WP_000020304.1	YP_499095.1	100	202	1.86e-146	402
WP_001057051.1	YP_501397.1	100	201	3.90e-143	393
WP_000913019.1	YP_501009.1	100	201	5.77e-145	398
WP_000017736.1	YP_499552.1	100	201	3.62e-148	406
WP_001033867.1	YP_499518.1	100	200	1.30e-136	377
WP_000908952.1	YP_498653.1	100	200	1.52e-135	374
WP_000271547.1	YP_500257.1	100	200	5.52e-138	380
WP_000202389.1	YP_499844.1	99.5	200	1.72e-141	389
WP_000090512.1	YP_500334.1	100	200	4.22e-142	390
WP_000011538.1	YP_500621.1	99.5	200	1.21e-141	389
WP_001291519.1	YP_501208.1	100	199	1.25e-138	382
WP_001251224.1	YP_500484.1	100	199	9.20e-141	387
WP_000874681.1	YP_498694.1	100	199	2.46e-154	421
WP_000863556.1	YP_500165.1	100	199	1.17e-152	417
WP_000643988.1	YP_501001.1	100	199	3.63e-147	403
WP_000273356.1	YP_500836.1	100	199	8.21e-144	395
WP_000162813.1	YP_501156.1	100	199	2.26e-141	389
WP_000136500.1	YP_501326.1	100	199	1.31e-140	387
WP_001048368.1	YP_500362.1	100	198	1.79e-142	391
WP_000559156.1	YP_499027.1	100	198	4.58e-145	398
WP_000604514.1	YP_499281.1	100	197	3.78e-148	405
WP_000400032.1	YP_501283.1	100	197	4.08e-143	393
WP_000224622.1	YP_499493.1	100	197	4.57e-140	385
WP_000035058.1	YP_499444.1	100	197	1.87e-148	406
WP_001293058.1	YP_500733.1	100	196	5.15e-141	387
WP_000867697.1	YP_500282.1	100	196	1.26e-141	389
WP_001049165.1	YP_499347.1	100	195	5.14e-136	375
WP_000659322.1	YP_499651.1	99.5	195	2.27e-139	383
WP_000583198.1	YP_498849.1	100	195	1.77e-127	353
WP_000152734.1	YP_499996.1	100	195	2.02e-142	391
WP_000151112.1	YP_501366.1	100	195	1.42e-142	391
WP_001019324.1	YP_500206.1	100	194	1.54e-141	389
WP_000867203.1	YP_499215.1	100	194	1.17e-136	376
WP_000637687.1	YP_499277.1	100	194	1.84e-124	345
WP_001140686.1	YP_499382.1	100	186	1.52e-139	383
WP_000737686.1	YP_500141.1	100	193	6.71e-99	281
WP_000158371.1	YP_498949.1	99.5	193	2.57e-144	395
WP_001025093.1	YP_499793.1	100	192	2.34e-126	350
WP_000640266.1	YP_501460.1	100	192	1.00e-136	376
WP_000635623.1	YP_501459.1	100	192	6.55e-142	389
WP_000421410.1	YP_498961.1	100	192	3.36e-135	372
WP_000166917.1	YP_498771.1	100	192	2.57e-148	405
WP_001803470.1	YP_499848.1	100	191	4.79e-139	382
WP_000711486.1	YP_499456.1	100	155	2.47e-117	326
WP_000606768.1	YP_501141.1	99.5	191	1.03e-141	389
WP_000174578.1	YP_501480.1	100	191	3.37e-139	382
WP_000033477.1	YP_499571.1	100	191	4.42e-135	372
WP_000007967.1	YP_499454.1	100	191	7.04e-132	364
WP_000004947.1	YP_499997.1	99.5	191	5.38e-136	374
WP_001548538.1	YP_499734.1	100	190	3.23e-132	365
WP_000769720.1	YP_498945.1	100	190	1.41e-126	350
WP_000718955.1	YP_500770.1	100	190	5.85e-144	394
WP_000649791.1	YP_499054.1	100	190	5.40e-140	384
WP_000617735.1	YP_499325.1	100	190	9.65e-134	369
WP_000450553.1	YP_500006.1	100	190	1.01e-135	374
WP_001789900.1	YP_501344.1	99.5	189	8.59e-132	363
WP_001185193.1	YP_501064.1	100	189	6.00e-107	301
WP_001106654.1	YP_499377.1	100	189	6.08e-141	387
WP_001105707.1	YP_500743.1	100	189	1.53e-125	348
WP_001054118.1	YP_501492.1	100	189	4.25e-132	364
WP_000872873.1	YP_499088.1	100	189	2.04e-139	383
WP_000725162.1	YP_500207.1	100	189	2.90e-139	382
WP_000287265.1	YP_499514.1	100	176	4.46e-131	361
WP_000052781.1	YP_498954.1	100	189	2.58e-142	390
WP_001092763.1	YP_500444.1	100	188	1.88e-130	360
WP_001028431.1	YP_498910.1	100	188	1.13e-131	363
WP_000882069.1	YP_499076.1	100	162	1.19e-118	329
WP_000820892.1	YP_499247.1	100	188	2.68e-139	382
WP_000677261.1	YP_499115.1	100	188	3.01e-136	375
WP_000604817.1	YP_499894.1	100	188	5.63e-141	387
WP_000238664.1	YP_499566.1	100	188	6.08e-136	374
WP_000764419.1	YP_500381.1	100	187	2.29e-135	372
WP_000241308.1	YP_499981.1	100	187	4.29e-140	384
WP_000198602.1	YP_501388.1	98.9	187	1.67e-128	355
WP_000182842.1	YP_500640.1	100	187	1.01e-138	381
WP_000018608.1	YP_499695.1	100	187	1.32e-125	348
WP_001092411.1	YP_500789.1	100	186	5.01e-134	369
WP_001044915.1	YP_499186.1	99.5	186	7.66e-129	356
WP_001001228.1	YP_500273.1	100	186	1.44e-142	390
WP_000690439.1	YP_499073.1	100	186	5.01e-134	369
WP_000653261.1	YP_501450.1	100	186	4.81e-132	364
WP_000149686.1	YP_500629.1	100	186	4.83e-141	387
WP_000088195.1	YP_501430.1	100	186	2.56e-127	352
WP_001224188.1	YP_501350.1	100	185	1.33e-133	368
WP_001033971.1	YP_500638.1	100	160	3.44e-87	249
WP_000872158.1	YP_499623.1	100	185	1.49e-130	360
WP_000825098.1	YP_498726.1	100	185	7.39e-131	361
WP_000645048.1	YP_500080.1	98.9	185	6.81e-127	351
WP_000626504.1	YP_500139.1	100	185	4.28e-130	359
WP_000606890.1	YP_498751.1	99.4	165	1.48e-121	337
WP_000477959.1	YP_500468.1	100	185	7.39e-131	361
WP_001280006.1	YP_499769.1	100	184	3.23e-120	334
WP_000743717.1	YP_501469.1	100	184	1.38e-130	360
WP_000613733.1	YP_500602.1	100	184	2.31e-138	380
WP_000208736.1	YP_501014.1	99.5	184	3.09e-118	329
WP_000132890.1	YP_500457.1	99.5	184	1.82e-135	372
WP_000957036.1	YP_499587.1	100	183	2.69e-132	364
WP_000828570.1	YP_501092.1	100	183	3.28e-133	367
WP_000620953.1	YP_499532.1	100	183	1.45e-136	375
WP_000414205.1	YP_500423.1	100	183	2.40e-135	372
WP_001288302.1	YP_499090.1	100	182	1.14e-128	355
WP_001051594.1	YP_499126.2	100	182	5.21e-125	346
WP_000665238.1	YP_501323.1	100	182	1.02e-131	363
WP_001186912.1	YP_500023.1	100	181	2.76e-115	321
WP_000467652.1	YP_498913.1	100	181	2.41e-134	369
WP_000072681.1	YP_499761.1	100	181	8.01e-124	343
WP_001263796.1	YP_499620.1	100	156	8.40e-111	309
WP_001077635.1	YP_499807.1	100	180	1.63e-127	352
WP_000638613.1	YP_499246.1	100	180	2.82e-137	377
WP_000505965.1	YP_499576.1	100	180	1.10e-125	347
WP_000368653.1	YP_500103.1	100	180	1.23e-122	340
WP_000365246.1	YP_500108.1	100	180	3.28e-127	351
WP_000251253.1	YP_500501.1	100	180	3.57e-140	384
WP_000197273.1	YP_499294.1	99.4	180	1.29e-133	367
WP_001080824.1	YP_500967.1	100	179	2.05e-125	347
WP_001020625.1	YP_499594.1	100	179	7.17e-126	348
WP_000551283.1	YP_499062.1	100	179	2.14e-127	352
WP_000422909.1	YP_499387.1	99.4	179	6.92e-133	365
WP_000241351.1	YP_500823.1	100	179	2.40e-124	344
WP_000164545.1	YP_500162.1	100	179	4.68e-131	361
WP_000825819.1	YP_500911.1	100	178	6.38e-124	343
WP_000700083.1	YP_499042.1	99.4	178	3.54e-121	336
WP_000633782.1	YP_499167.1	100	178	4.51e-133	366
WP_000601724.1	YP_501393.1	100	178	1.64e-135	372
WP_000551776.1	YP_498965.1	100	178	1.45e-129	357
WP_000185671.1	YP_500690.1	97.2	178	1.10e-124	345
WP_000169317.1	YP_501148.1	99.4	178	3.71e-132	363
WP_000091975.1	YP_500964.1	100	178	5.46e-125	345
WP_000841351.1	YP_499846.1	100	177	1.84e-127	352
WP_000543163.1	YP_498651.1	100	177	1.40e-131	362
WP_000181819.1	YP_500550.1	78.5	177	3.57e-91	260
WP_000159902.1	YP_499957.1	100	177	9.13e-137	375
WP_001259925.1	YP_500263.1	100	176	5.43e-115	320
WP_001167175.1	YP_499367.1	100	176	5.70e-126	348
WP_000904065.1	YP_501058.1	100	176	1.34e-124	344
WP_000701483.1	YP_500845.1	100	176	1.18e-109	306
WP_000548781.1	YP_500604.1	100	176	1.69e-118	329
WP_000184383.1	YP_500583.1	100	176	2.83e-126	348
WP_001791162.1	YP_500291.1	99.4	175	1.57e-118	329
WP_001044560.1	YP_501423.1	100	175	9.84e-122	337
WP_000524902.1	YP_500211.1	100	175	1.64e-129	357
WP_000003870.1	YP_499704.1	100	175	6.65e-120	332
WP_001167828.1	YP_499024.1	100	174	1.78e-128	354
WP_001015117.1	YP_500148.1	100	174	5.31e-130	358
WP_000966288.1	YP_500639.1	100	174	2.00e-125	346
WP_000758215.1	YP_499455.1	100	174	3.87e-123	340
WP_000664738.1	YP_499087.1	100	174	3.31e-124	343
WP_000654185.1	YP_500831.1	100	174	9.89e-126	347
WP_001788287.1	YP_499170.1	100	173	4.04e-129	355
WP_000455987.1	YP_501317.1	100	173	1.16e-128	354
WP_000234068.1	YP_499641.1	100	173	1.02e-113	317
WP_000140679.1	YP_500824.1	100	173	1.05e-90	258
WP_000036005.1	YP_500843.1	100	173	1.46e-122	339
WP_000504439.1	YP_500449.1	100	172	8.84e-128	352
WP_000364542.1	YP_500250.1	100	172	2.34e-123	341
WP_000287207.1	YP_499312.1	100	172	3.46e-125	345
WP_000907311.1	YP_501113.1	100	171	2.74e-126	348
WP_000695342.1	YP_499470.1	100	171	2.85e-128	353
WP_000684746.1	YP_500921.1	100	171	1.93e-126	348
WP_000181129.1	YP_501471.1	100	171	2.08e-121	336
WP_000163283.1	YP_500510.1	100	171	2.17e-123	341
WP_000147094.1	YP_500895.1	100	171	2.84e-119	330
WP_000410771.1	YP_501483.1	100	170	8.38e-107	299
WP_000171919.1	YP_498735.1	100	170	7.87e-121	334
WP_001024830.1	YP_499887.1	100	169	2.36e-126	348
WP_000620194.1	YP_499951.1	100	169	2.75e-125	345
WP_000600392.1	YP_499504.1	100	169	2.54e-121	335
WP_000215236.1	YP_500909.1	100	169	1.83e-105	295
WP_001183429.1	YP_500105.1	100	168	4.76e-121	335
WP_001051556.1	YP_501061.1	100	168	3.22e-119	330
WP_000940134.1	YP_499222.1	100	168	4.95e-123	340
WP_000735558.1	YP_499180.1	100	168	7.90e-120	332
WP_000584398.1	YP_499657.1	100	168	3.57e-107	300
WP_000503817.1	YP_501007.1	99.4	168	8.86e-117	324
WP_001261987.1	YP_499746.1	98.8	167	2.98e-119	330
WP_000934799.1	YP_498938.1	100	167	1.84e-104	293
WP_000737976.1	YP_500463.1	100	167	7.92e-124	342
WP_000049484.1	YP_499652.1	100	167	4.96e-127	350
WP_001795157.1	YP_501345.1	100	166	5.81e-121	334
WP_001273085.1	YP_499093.1	100	166	1.12e-109	306
WP_001008475.1	YP_498867.2	68.5	165	4.47e-84	241
WP_000949467.1	YP_500600.1	100	166	3.93e-119	330
WP_000930014.1	YP_499299.1	100	166	4.09e-130	357
WP_000737705.1	YP_501037.1	100	166	7.13e-97	273
WP_000634175.1	YP_500324.1	100	166	2.66e-117	325
WP_000473652.1	YP_499955.1	100	166	1.60e-118	328
WP_000244278.1	YP_501446.1	100	166	8.25e-121	334
WP_000142176.1	YP_498866.1	95.2	166	2.66e-117	325
WP_000142145.1	YP_498866.1	81.2	165	5.71e-103	289
WP_000142036.1	YP_498862.1	77.9	163	1.97e-91	259
WP_000141982.1	YP_498869.1	80.1	166	1.99e-103	290
WP_000141942.1	YP_498867.2	100	166	8.58e-123	339
WP_000113851.1	YP_500962.1	100	166	2.45e-113	315
WP_001789864.1	YP_500150.2	100	165	4.73e-106	296
WP_001164085.1	YP_499217.1	100	165	5.80e-116	322
WP_001065268.1	YP_501400.1	100	165	3.79e-121	335
WP_000791587.1	YP_499658.1	100	165	3.14e-95	269
WP_000610978.1	YP_501466.1	100	165	4.10e-125	345
WP_000586232.1	YP_501488.1	100	165	3.11e-120	332
WP_000899890.1	YP_499317.1	100	164	8.58e-113	313
WP_000603755.1	YP_498779.1	100	164	9.64e-109	304
WP_000569884.1	YP_499384.1	100	164	5.60e-118	327
WP_000136253.1	YP_500327.1	100	164	6.81e-119	329
WP_000134528.1	YP_501006.1	100	164	8.58e-113	313
WP_001205910.1	YP_500786.1	100	163	2.77e-113	315
WP_000919350.1	YP_500658.1	99.4	163	3.37e-114	317
WP_000842277.1	YP_499804.1	100	163	2.36e-105	295
WP_000621927.1	YP_501294.1	100	163	2.20e-119	330
WP_000549207.1	YP_499702.1	100	163	3.63e-109	304
WP_000383814.1	YP_500359.1	100	163	3.59e-46	145
WP_000234728.1	YP_501086.1	100	163	3.63e-109	304
WP_000142049.1	YP_498862.1	100	163	3.80e-120	332
WP_000142033.1	YP_498867.2	75.5	163	5.06e-87	248
WP_001795496.1	YP_501336.1	100	162	2.38e-118	327
WP_000996736.1	YP_501339.1	99.4	162	7.99e-117	323
WP_000985293.1	YP_499721.1	100	162	5.19e-113	314
WP_000152582.1	YP_499241.1	100	162	4.41e-105	294
WP_000142094.1	YP_498870.1	100	162	1.55e-123	340
WP_001224793.1	YP_499340.1	100	161	3.70e-92	261
WP_000602937.1	YP_501004.1	100	161	3.53e-115	319
WP_000183669.1	YP_499014.1	100	161	6.34e-118	326
WP_000093392.1	YP_500412.1	100	161	3.27e-120	332
WP_001107241.1	YP_499264.1	100	160	3.67e-112	311
WP_001071973.1	YP_499191.1	100	160	1.75e-110	307
WP_000861572.1	YP_499558.1	100	139	9.77e-92	259
WP_000614712.1	YP_499607.1	100	160	2.49e-119	330
WP_000410568.1	YP_498655.1	100	160	2.78e-107	299
WP_000401377.1	YP_499621.1	100	160	2.21e-113	315
WP_001802886.1	YP_498745.1	100	159	3.68e-116	322
WP_001287088.1	YP_500788.1	100	159	8.35e-113	313
WP_001190829.1	YP_500777.1	100	159	7.66e-109	303
WP_000704775.1	YP_498633.1	100	159	7.70e-109	303
WP_000290674.1	YP_499438.1	100	159	6.08e-106	296
WP_000175746.1	YP_499959.1	100	159	5.66e-120	331
WP_000613716.1	YP_499068.1	100	158	5.67e-115	318
WP_000477504.1	YP_499168.1	100	158	1.14e-114	318
WP_000448078.1	YP_499814.1	100	158	1.76e-118	327
WP_000431312.1	YP_500223.1	100	158	2.91e-108	301
WP_000301926.1	YP_501445.1	100	158	5.05e-118	326
WP_001236735.1	YP_500266.1	100	157	3.84e-108	301
WP_001037807.1	YP_499275.1	100	157	1.10e-107	300
WP_000840811.1	YP_501043.1	100	157	1.01e-103	290
WP_000833483.1	YP_499235.1	100	157	7.77e-117	323
WP_000672014.1	YP_500414.1	100	157	1.02e-112	313
WP_000636857.1	YP_500891.1	100	157	1.19e-111	310
WP_000523665.1	YP_499903.1	100	157	2.60e-115	319
WP_000456489.1	YP_501189.1	100	157	6.14e-114	316
WP_000036327.1	YP_498668.1	100	157	1.76e-113	315
WP_001137495.1	YP_499100.1	100	156	6.40e-111	308
WP_000934753.1	YP_498938.1	63.7	168	3.66e-69	203
WP_000824472.1	YP_499372.1	100	156	5.05e-108	301
WP_000671052.1	YP_500398.1	98.7	156	1.29e-110	307
WP_000650082.1	YP_500297.1	100	156	1.10e-111	310
WP_000181398.1	YP_500485.1	100	156	1.51e-118	327
WP_000180281.1	YP_499113.1	100	156	6.65e-113	313
WP_000164421.1	YP_500852.1	100	156	1.06e-118	328
WP_000088431.1	YP_499548.1	100	156	1.40e-114	317
WP_000966142.1	YP_499869.1	100	142	2.87e-97	273
WP_000640487.1	YP_499876.1	100	155	7.50e-114	315
WP_000531476.1	YP_498809.1	100	155	2.23e-106	296
WP_000494134.1	YP_500183.1	100	155	7.21e-112	310
WP_000200948.1	YP_501173.1	100	155	4.12e-63	187
WP_000153344.1	YP_501151.1	100	155	2.71e-107	299
WP_000036631.1	YP_499775.1	100	155	5.47e-107	298
WP_001085185.1	YP_499360.1	100	154	1.30e-109	305
WP_001010508.1	YP_499404.1	100	154	2.15e-108	301
WP_001009516.1	YP_500138.1	100	154	1.63e-103	289
WP_001008551.1	YP_500388.1	100	154	5.93e-106	295
WP_000375864.1	YP_500476.1	100	154	3.44e-114	316
WP_000372758.1	YP_500759.1	99.3	136	2.96e-102	285
WP_000228666.1	YP_500586.1	100	154	2.07e-115	319
WP_000208915.1	YP_501477.1	100	154	6.95e-114	315
WP_000207845.1	YP_500333.1	100	154	1.11e-110	307
WP_000590798.1	YP_500761.1	100	144	2.63e-102	286
WP_000551762.1	YP_499075.1	100	153	8.13e-108	300
WP_000538766.1	YP_499613.1	100	153	5.96e-110	305
WP_000439693.1	YP_500202.1	100	143	9.58e-107	297
WP_001803115.1	YP_501277.1	100	152	9.12e-100	280
WP_000928935.1	YP_498853.1	100	152	4.71e-102	285
WP_000785252.1	YP_499356.1	100	152	9.50e-102	285
WP_000734803.1	YP_501424.1	100	152	4.91e-41	131
WP_000148828.1	YP_499248.1	100	152	3.74e-108	301
WP_011443643.1	YP_500418.1	100	151	2.54e-110	306
WP_001086053.1	YP_500455.1	100	151	3.87e-109	304
WP_001058111.1	YP_500774.1	100	151	1.93e-114	317
WP_000939521.1	YP_500496.1	100	151	1.79e-110	306
WP_000793169.1	YP_501108.1	100	151	4.33e-93	263
WP_000732082.1	YP_501218.1	100	151	1.46e-100	281
WP_000368902.1	YP_500258.1	100	151	3.59e-101	283
WP_000169127.1	YP_500045.1	99.3	151	2.25e-104	291
WP_000106185.1	YP_501412.1	100	151	5.75e-107	298
WP_001801792.1	YP_500827.1	100	150	2.54e-105	293
WP_001124985.1	YP_500131.1	100	150	2.17e-106	296
WP_000869983.1	YP_500248.1	100	150	1.31e-107	299
WP_000634589.1	YP_501023.1	100	150	2.17e-106	296
WP_000498572.1	YP_499139.1	100	150	4.22e-104	290
WP_000216727.1	YP_499263.1	100	150	1.16e-101	284
WP_000186933.1	YP_501139.1	100	150	9.59e-110	305
WP_001019337.1	YP_500220.1	100	149	1.04e-99	279
WP_000748760.1	YP_501421.1	100	149	1.17e-105	294
WP_000727649.1	YP_500656.1	99.3	149	6.76e-105	292
WP_000442480.1	YP_500003.1	100	143	2.62e-103	288
WP_000392691.1	YP_500107.1	100	149	1.42e-106	296
WP_000125708.1	YP_501365.1	100	149	8.55e-108	300
WP_001791635.1	YP_500152.1	99.3	148	2.64e-97	273
WP_000864305.1	YP_498623.1	98.7	150	1.20e-98	276
WP_000808500.1	YP_501003.1	100	148	3.93e-108	300
WP_000553926.1	YP_500337.1	100	148	1.80e-104	291
WP_000289213.1	YP_501131.1	100	148	2.36e-100	281
WP_000110011.1	YP_500494.1	100	148	6.78e-109	302
WP_001792906.1	YP_498827.1	100	147	6.48e-93	262
WP_001283444.1	YP_499253.1	100	147	1.48e-98	276
WP_001259678.1	YP_499243.1	100	147	4.25e-107	298
WP_001153742.1	YP_500399.1	100	147	1.67e-104	291
WP_001030465.1	YP_500400.1	100	147	2.26e-93	263
WP_000977037.1	YP_501107.1	100	147	5.37e-101	282
WP_000708242.1	YP_501383.1	100	147	1.48e-107	299
WP_000070866.1	YP_500858.1	100	147	1.17e-104	291
WP_000050762.1	YP_498902.1	100	147	9.27e-102	284
WP_000022887.1	YP_500731.1	100	147	1.43e-105	294
WP_001289711.1	YP_499680.1	100	146	2.89e-109	303
WP_001093553.1	YP_499276.1	100	146	1.17e-99	279
WP_001047239.1	YP_499149.1	99.3	138	1.81e-99	278
WP_000951059.1	YP_500994.1	99.3	146	2.11e-102	286
WP_000846746.1	YP_500814.1	100	146	1.24e-101	285
WP_000766074.1	YP_500960.1	100	146	3.37e-99	278
WP_000447678.1	YP_500815.1	100	146	4.61e-106	295
WP_000335332.1	YP_498906.1	100	146	5.83e-109	302
WP_001250038.1	YP_500947.1	100	145	5.20e-107	297
WP_000995287.1	YP_499961.1	100	145	2.78e-102	285
WP_000528512.1	YP_500057.1	91.0	145	1.60e-92	261
WP_000406611.1	YP_499193.1	100	145	1.43e-92	261
WP_000367419.1	YP_500125.1	100	145	6.08e-106	295
WP_001292149.1	YP_500878.1	100	144	2.38e-98	275
WP_000926310.1	YP_500972.1	100	144	2.21e-103	288
WP_000606480.1	YP_499616.1	100	144	5.85e-99	277
WP_000491986.1	YP_499547.1	100	144	2.21e-103	288
WP_000376235.1	YP_501285.1	100	144	8.65e-101	281
WP_000273981.1	YP_499417.1	99.3	144	6.33e-103	287
WP_048518122.1	YP_500412.1	99.3	143	6.56e-104	290
WP_001253464.1	YP_501118.1	100	143	1.89e-99	278
WP_000480800.1	YP_499684.1	100	143	7.42e-106	294
WP_000455861.1	YP_501311.1	100	143	4.30e-105	292
WP_011443657.1	YP_501132.1	99.3	142	1.19e-97	273
WP_001081626.1	YP_499441.1	100	142	2.91e-98	275
WP_000974608.1	YP_500922.1	100	142	7.15e-99	276
WP_000939059.1	YP_500229.1	100	142	6.12e-100	279
WP_000913315.1	YP_499956.1	100	142	5.04e-108	300
WP_000198504.1	YP_499221.1	100	142	1.56e-102	286
WP_000661906.1	YP_499188.1	100	141	5.04e-94	264
WP_001146763.1	YP_501233.1	100	140	6.40e-101	281
WP_001085792.1	YP_499091.1	100	140	5.69e-95	266
WP_001051860.1	YP_500372.1	100	140	9.36e-85	241
WP_001034756.1	YP_501237.1	100	140	6.16e-99	276
WP_000974460.1	YP_499385.1	100	140	3.71e-100	280
WP_000776018.1	YP_499261.1	100	140	7.48e-100	279
WP_000206108.1	YP_501036.1	100	140	4.31e-90	254
WP_000071901.1	YP_501127.1	99.3	140	7.19e-98	274
WP_000004981.1	YP_500466.1	100	140	4.69e-103	287
WP_001080462.1	YP_499600.1	100	139	6.38e-87	246
WP_000941336.1	YP_499279.1	100	139	1.84e-104	290
WP_000920239.1	YP_501070.1	100	139	7.80e-106	294
WP_000697334.1	YP_500832.1	100	139	2.42e-100	280
WP_000397416.1	YP_498904.1	100	139	1.77e-93	263
WP_000278010.1	YP_499544.1	99.3	139	7.50e-95	266
WP_000128656.1	YP_501087.1	100	139	1.40e-99	278
WP_000038231.1	YP_501235.1	100	139	2.07e-92	260
WP_000037508.1	YP_501234.1	100	139	1.15e-98	276
WP_001789536.1	YP_499001.1	100	138	1.64e-93	263
WP_001237629.1	YP_501378.1	100	138	3.06e-89	252
WP_001117054.1	YP_501270.1	100	138	4.19e-96	269
WP_000850012.1	YP_500929.1	99.3	138	1.03e-96	271
WP_000359086.1	YP_499173.1	99.2	127	3.00e-89	251
WP_001549145.1	YP_500596.1	100	137	2.00e-98	275
WP_001142337.1	YP_499099.1	100	137	3.89e-96	269
WP_001123303.1	YP_500859.1	100	137	9.53e-106	293
WP_000277602.1	YP_500319.1	100	137	4.90e-90	254
WP_001095260.1	YP_500166.1	100	136	2.64e-98	275
WP_000612128.1	YP_501021.1	100	136	3.90e-100	279
WP_000206033.1	YP_501304.1	100	136	2.26e-99	277
WP_000763768.1	YP_498960.1	100	135	1.08e-92	260
WP_000094899.1	YP_498685.1	100	135	2.74e-86	244
WP_001094394.1	YP_500819.1	100	134	2.27e-89	252
WP_000747850.1	YP_498835.1	99.3	134	2.02e-92	259
WP_000370182.1	YP_499085.1	100	134	1.37e-90	255
WP_000121875.1	YP_500181.1	100	134	2.27e-98	275
WP_001062936.1	YP_499968.1	100	133	2.46e-97	272
WP_000876201.1	YP_499929.1	100	133	9.25e-84	238
WP_000757543.1	YP_500382.1	100	133	6.28e-91	256
WP_000739563.1	YP_499656.1	100	133	3.24e-93	261
WP_000354184.1	YP_499713.1	100	133	3.50e-97	271
WP_000257598.1	YP_499686.1	100	133	2.65e-83	236
WP_000241602.1	YP_501115.1	100	111	1.69e-79	226
WP_000205106.1	YP_500634.1	100	133	2.03e-96	270
WP_000113974.1	YP_500077.1	97.0	133	2.11e-89	252
WP_000110023.1	YP_500048.1	100	133	6.28e-91	256
WP_000021445.1	YP_499060.1	100	133	5.80e-87	246
WP_000832260.1	YP_499205.1	100	132	1.88e-96	270
WP_000692521.1	YP_499301.1	100	132	6.56e-97	271
WP_000415675.1	YP_498872.1	100	132	1.94e-80	229
WP_000178881.1	YP_500965.1	100	132	4.11e-91	256
WP_001023806.1	YP_500047.1	100	131	7.69e-91	255
WP_000901021.1	YP_500481.1	100	131	3.80e-82	233
WP_000779136.1	YP_501493.1	100	131	8.99e-90	253
WP_000733431.1	YP_499244.1	100	131	2.32e-34	112
WP_000588527.1	YP_499013.1	100	131	8.32e-95	265
WP_000549734.1	YP_501308.1	100	131	7.11e-87	245
WP_000258003.1	YP_499487.1	100	131	3.26e-92	259
WP_000163235.1	YP_500395.1	100	131	1.81e-98	275
WP_001790547.1	YP_500946.1	99.2	130	5.16e-89	251
WP_001159765.1	YP_498839.1	100	130	2.13e-92	259
WP_001010289.1	YP_498857.1	100	130	9.01e-85	240
WP_000859443.1	YP_499792.1	100	130	3.14e-85	241
WP_000792417.1	YP_499059.1	100	130	3.25e-78	223
WP_000755954.1	YP_501251.1	100	130	2.21e-94	264
WP_001166599.1	YP_500036.1	100	129	1.19e-84	239
WP_000902817.1	YP_499460.1	100	129	2.50e-86	244
WP_000886005.1	YP_498919.1	100	129	2.40e-93	261
WP_000814565.1	YP_499619.1	100	129	1.06e-96	270
WP_000788443.1	YP_500980.1	100	129	2.92e-85	241
WP_000101625.1	YP_500954.1	100	129	3.55e-86	243
WP_000087388.1	YP_500135.1	99.2	129	1.10e-89	252
WP_001276571.1	YP_500144.1	100	128	3.42e-88	248
WP_001110179.1	YP_500592.1	100	128	3.29e-86	243
WP_001018962.1	YP_499394.1	100	128	1.83e-92	259
WP_000779358.1	YP_501185.1	100	128	4.00e-87	246
WP_001237004.1	YP_498731.1	100	127	1.91e-80	229
WP_000868248.1	YP_498950.1	100	127	6.39e-79	225
WP_000781156.1	YP_499443.1	100	127	1.30e-87	247
WP_000664394.1	YP_501125.2	99.2	127	6.42e-88	248
WP_000621532.1	YP_501369.1	100	123	3.66e-84	238
WP_000598444.1	YP_499415.1	100	127	7.21e-94	263
WP_000070811.1	YP_500427.1	99.2	127	8.10e-82	232
WP_000934517.1	YP_499136.1	100	126	5.73e-86	243
WP_000691766.1	YP_499047.1	100	126	6.96e-87	245
WP_000691584.1	YP_500645.1	100	126	4.71e-85	240
WP_000290485.1	YP_499390.1	100	126	1.64e-85	241
WP_001067294.1	YP_499445.1	99.1	114	1.10e-78	224
WP_001037045.1	YP_500431.1	95.8	119	2.16e-77	221
WP_000616227.1	YP_501347.1	100	125	8.16e-90	252
WP_001018677.1	YP_499183.1	100	124	7.58e-81	229
WP_000822161.1	YP_498871.1	100	124	5.77e-85	240
WP_000171418.1	YP_499731.1	100	124	6.74e-84	237
WP_000149295.1	YP_499434.1	100	124	2.17e-89	251
WP_001549172.1	YP_500693.1	68.3	101	1.26e-43	135
WP_000915155.1	YP_499475.1	100	123	2.27e-77	221
WP_000413437.1	YP_500119.1	100	123	7.91e-87	244
WP_001273586.1	YP_499094.1	100	122	1.66e-74	213
WP_000849177.1	YP_498944.1	100	122	1.95e-82	233
WP_000765183.1	YP_499137.1	100	122	1.22e-76	219
WP_000624945.1	YP_499817.1	100	122	1.95e-82	233
WP_000615921.1	YP_500969.1	100	122	3.50e-85	240
WP_000542274.1	YP_500952.1	100	122	2.19e-79	226
WP_000101288.1	YP_500696.1	84.0	119	1.90e-62	183
WP_000066352.1	YP_501359.1	100	122	2.66e-80	228
WP_001200541.1	YP_500404.1	99.2	121	8.62e-81	229
WP_001165058.1	YP_499131.1	100	121	2.38e-87	246
WP_001154302.1	YP_499067.1	100	121	1.61e-85	241
WP_000910581.1	YP_501230.1	100	121	1.81e-82	233
WP_000727537.1	YP_501130.1	100	121	1.74e-80	228
WP_000648118.1	YP_500467.1	100	121	1.09e-83	236
WP_000282388.1	YP_499803.1	100	121	7.09e-80	227
WP_000214075.1	YP_499492.1	99.0	105	1.36e-76	218
WP_000090796.1	YP_500955.1	100	121	4.99e-80	227
WP_001547756.1	YP_499123.1	100	120	3.26e-89	250
WP_001124167.1	YP_499216.1	100	120	4.82e-82	232
WP_000985979.1	YP_500082.1	97.5	120	4.11e-74	212
WP_000910489.1	YP_008530241.1	100	120	2.58e-77	220
WP_000831495.1	YP_499000.1	100	120	1.68e-82	233
WP_000621175.1	YP_500782.1	100	120	8.01e-81	229
WP_000241588.1	YP_500136.1	100	120	1.33e-79	226
WP_001143497.1	YP_499430.1	100	119	4.13e-87	245
WP_001092004.1	YP_498740.1	100	119	1.90e-83	236
WP_001090985.1	YP_499233.1	99.2	119	4.23e-78	223
WP_001021622.1	YP_498969.1	100	119	1.97e-76	218
WP_000819847.1	YP_501157.1	98.3	116	7.58e-78	221
WP_000623881.1	YP_500963.1	100	119	2.05e-78	223
WP_000603480.1	YP_501443.1	100	119	3.54e-79	225
WP_000581200.1	YP_500785.1	100	119	1.39e-85	241
WP_001138360.1	YP_500289.1	100	118	3.84e-78	222
WP_000998869.1	YP_501258.1	100	106	1.98e-73	210
WP_000917664.1	YP_501053.1	100	118	8.50e-57	168
WP_000766009.1	YP_499528.1	100	118	7.18e-83	234
WP_000727328.1	YP_501128.1	100	118	1.69e-72	208
WP_000590451.1	YP_499436.1	100	118	1.62e-70	203
WP_000589549.1	YP_499389.1	100	118	1.29e-85	241
WP_000215216.1	YP_498799.1	100	118	7.46e-85	239
WP_001789343.1	YP_501499.1	100	117	8.76e-79	224
WP_001088022.1	YP_500205.1	100	117	9.11e-81	229
WP_000623471.1	YP_500405.1	100	117	1.01e-59	176
WP_000491382.1	YP_501494.1	100	117	6.93e-76	216
WP_000387527.1	YP_500974.1	100	117	4.88e-76	217
WP_001024035.1	YP_500853.1	100	116	6.96e-80	226
WP_001000800.1	YP_499982.1	100	116	4.90e-80	227
WP_000891995.1	YP_499836.1	100	113	6.07e-78	221
WP_000702263.1	YP_500655.1	99.1	116	1.03e-72	208
WP_000669537.1	YP_499659.1	100	116	9.51e-78	221
WP_000589167.1	YP_500044.1	100	116	1.85e-75	215
WP_000181404.1	YP_499748.1	100	116	3.32e-78	222
WP_000097322.1	YP_499780.1	100	116	3.32e-78	222
WP_000066900.1	YP_500996.1	100	116	2.33e-78	223
WP_001242102.1	YP_499494.1	100	115	2.00e-83	235
WP_000375686.1	YP_499035.2	100	115	3.74e-79	224
WP_000036076.1	YP_501027.1	100	115	2.53e-77	220
WP_001286320.1	YP_499980.1	100	114	3.62e-72	207
WP_001048985.1	YP_499189.1	100	114	4.23e-71	204
WP_000819532.1	YP_500182.1	100	114	1.16e-68	198
WP_000627551.1	YP_500422.1	100	114	1.21e-79	226
WP_000290301.1	YP_500474.1	100	114	2.45e-70	202
WP_000240662.1	YP_501303.1	100	114	2.54e-81	230
WP_000211597.1	YP_498788.1	100	114	1.59e-75	215
WP_000171798.1	YP_499909.1	100	114	5.56e-76	216
WP_000798968.1	YP_499147.1	97.3	113	2.10e-66	192
WP_000591749.1	YP_500093.1	100	113	1.54e-77	220
WP_000402803.1	YP_499440.1	100	109	1.16e-69	200
WP_000182019.1	YP_499986.1	100	113	3.92e-80	227
WP_000116417.1	YP_501476.1	100	112	2.11e-79	225
WP_000451438.1	YP_500840.1	100	111	6.83e-80	226
WP_000731878.1	YP_498895.2	100	110	3.41e-75	214
WP_000531320.1	YP_499743.1	100	110	3.67e-61	179
WP_000516800.1	YP_499978.1	100	110	2.40e-75	214
WP_000395498.1	YP_500049.1	100	110	2.59e-79	224
WP_001791775.1	YP_501381.1	100	109	4.87e-70	201
WP_001018871.1	YP_500157.1	100	109	1.24e-72	207
WP_000781979.1	YP_499031.1	100	109	4.67e-77	219
WP_000739209.1	YP_499654.1	100	109	1.98e-69	199
WP_000628050.1	YP_498619.1	100	109	3.70e-65	189
WP_000606726.1	YP_501050.2	100	109	8.06e-78	221
WP_000284457.1	YP_499539.1	100	109	3.41e-79	224
WP_001052491.1	YP_500778.1	100	108	5.07e-76	216
WP_000966695.1	YP_501077.1	100	108	9.86e-74	210
WP_000599587.1	YP_501029.1	100	108	1.29e-78	223
WP_000495498.1	YP_501245.1	100	108	1.99e-73	209
WP_000480603.1	YP_498730.1	100	108	7.21e-76	216
WP_000469916.1	YP_498711.1	100	88	7.63e-55	162
WP_000434933.1	YP_500619.1	100	108	3.71e-78	221
WP_001058299.1	YP_499362.1	100	107	3.46e-69	199
WP_000971498.1	YP_498993.1	100	107	3.46e-69	199
WP_000670950.1	YP_499634.1	100	107	8.14e-77	218
WP_000401414.1	YP_499427.1	100	107	6.96e-78	221
WP_001190695.1	YP_499388.1	100	106	2.25e-78	222
WP_001120199.1	YP_500710.1	99.1	106	1.30e-77	220
WP_000985617.1	YP_499314.1	100	106	4.38e-76	216
WP_000668623.1	YP_499522.1	100	106	5.77e-72	206
WP_000633692.1	YP_500261.1	100	106	1.21e-73	210
WP_000003759.1	YP_500865.1	100	106	2.35e-71	204
WP_001213992.1	YP_499026.1	100	105	5.78e-58	170
WP_001161085.1	YP_500989.1	100	105	2.10e-60	176
WP_001037831.1	YP_499556.1	100	105	2.55e-70	201
WP_000839926.1	YP_499994.1	100	105	5.36e-72	206
WP_000547687.1	YP_500968.1	100	105	9.25e-73	207
WP_000175722.1	YP_498860.1	100	105	3.77e-72	206
WP_000020853.1	YP_499778.1	100	105	1.12e-73	210
WP_001127269.1	YP_499310.1	100	104	1.53e-84	237
WP_001018928.1	YP_499644.1	100	104	3.11e-75	214
WP_000580198.1	YP_499854.1	100	104	6.28e-75	213
WP_000509668.1	YP_498858.1	100	104	1.18e-70	202
WP_000448222.1	YP_501145.1	100	104	3.78e-76	216
WP_000435806.1	YP_500507.1	100	96	3.45e-66	191
WP_000274029.1	YP_499407.1	100	104	2.03e-62	181
WP_000221179.1	YP_500393.1	100	104	3.00e-73	209
WP_000172543.1	YP_498994.1	100	104	2.37e-70	201
WP_000160686.1	YP_500056.1	97.1	104	3.78e-76	216
WP_001078309.1	YP_500918.1	100	103	2.58e-69	199
WP_000836465.1	YP_500377.1	100	103	1.61e-72	207
WP_000811163.1	YP_500364.1	100	103	3.38e-74	211
WP_000472256.1	YP_500153.1	100	103	3.97e-64	186
WP_000163826.1	YP_500366.1	100	103	3.14e-70	201
WP_001118667.1	YP_008530243.1	100	102	8.36e-70	200
WP_000669519.1	YP_498988.1	100	102	8.36e-70	200
WP_000457386.1	YP_500262.1	100	102	9.78e-69	197
WP_000390575.1	YP_499463.1	100	88	9.38e-62	179
WP_000269923.1	YP_499932.1	100	102	2.47e-80	226
WP_000217710.1	YP_501254.1	100	102	1.45e-61	179
WP_000134779.1	YP_500228.1	100	102	1.39e-68	197
WP_000778933.1	YP_500055.1	100	101	1.57e-69	199
WP_000240580.1	YP_501452.1	100	101	8.75e-67	192
WP_001260013.1	YP_501442.1	100	100	6.44e-64	185
WP_001165363.1	YP_500616.1	100	100	8.45e-69	197
WP_000868999.1	YP_499048.1	100	100	2.84e-67	193
WP_000545928.1	YP_501020.1	100	100	2.42e-68	196
WP_000339146.1	YP_500033.1	99.0	100	6.69e-66	190
WP_000170162.1	YP_500610.1	100	100	9.51e-66	189
WP_000091445.1	YP_500403.1	100	100	8.81e-62	179
WP_000844413.1	YP_500151.1	100	99	1.29e-64	187
WP_000545115.1	YP_499245.1	100	99	4.55e-68	195
WP_000466784.1	YP_500034.1	100	99	1.72e-54	161
WP_000055846.1	YP_501349.1	100	99	4.72e-70	200
WP_001261460.1	YP_498937.1	100	98	6.01e-68	195
WP_001165377.1	YP_499877.1	100	98	1.79e-69	199
WP_001065801.1	YP_499395.1	100	98	8.87e-70	199
WP_000539688.1	YP_500663.1	100	98	2.76e-64	186
WP_000447710.1	YP_501358.1	100	98	8.54e-68	194
WP_000201638.1	YP_498647.1	99.0	98	1.72e-67	194
WP_001240826.1	YP_498851.1	100	97	4.26e-63	182
WP_001016306.1	YP_499437.1	100	97	1.05e-54	161
WP_000655666.1	YP_499801.1	100	97	6.78e-69	197
WP_000138932.1	YP_500801.1	100	97	4.26e-63	182
WP_001795544.1	YP_499524.1	100	96	5.22e-59	172
WP_001548892.1	YP_500059.1	99.0	96	4.44e-69	197
WP_000955231.1	YP_500208.1	100	96	1.18e-64	186
WP_000671712.1	YP_500649.1	100	96	8.32e-65	187
WP_000354114.1	YP_499696.1	100	96	6.59e-62	179
WP_000179858.1	YP_500039.1	97.9	96	3.52e-66	190
WP_001040261.1	YP_500664.1	100	95	1.45e-60	176
WP_000521958.1	YP_501244.1	100	95	4.48e-64	185
WP_000410720.1	YP_499525.1	100	95	1.90e-65	188
WP_000180419.1	YP_499256.1	100	95	4.15e-60	175
WP_001004395.1	YP_499376.1	100	94	1.83e-67	193
WP_000917289.1	YP_500737.1	100	94	1.64e-61	178
WP_000916187.1	YP_500260.1	100	94	3.43e-63	182
WP_000727423.1	YP_499777.1	100	94	4.69e-61	177
WP_000699538.1	YP_498901.1	100	94	4.01e-62	180
WP_000171859.1	YP_500267.1	100	94	2.15e-57	168
WP_000154465.1	YP_499259.1	100	93	7.45e-60	175
WP_000067115.1	YP_501286.1	100	94	2.14e-66	191
WP_001550030.1	YP_498759.1	100	93	4.92e-58	169
WP_000220938.1	YP_501239.1	100	93	1.11e-63	184
WP_001797236.1	YP_499551.1	100	92	2.01e-61	178
WP_000987949.1	YP_501360.1	100	92	4.57e-58	169
WP_000815795.1	YP_498810.1	100	92	3.47e-62	180
WP_000124353.1	YP_500975.1	100	92	1.85e-66	191
WP_000050973.1	YP_500050.1	100	92	3.08e-65	187
WP_001118417.1	YP_499608.1	100	91	3.11e-60	175
WP_000455597.1	YP_499593.1	100	91	2.36e-64	185
WP_000428172.1	YP_500587.1	100	91	1.27e-59	173
WP_000388082.1	YP_500977.1	100	91	6.28e-60	174
WP_000268754.1	YP_499745.1	100	91	1.12e-62	181
WP_000159837.1	YP_501363.1	100	91	2.88e-56	165
WP_001043863.1	YP_500008.1	100	90	1.68e-59	173
WP_000159787.1	YP_498967.1	100	90	5.63e-58	169
WP_001215907.1	YP_499933.1	100	89	1.14e-61	178
WP_001129473.1	YP_499012.1	100	89	1.10e-59	173
WP_001085655.1	YP_499859.1	100	89	9.04e-59	171
WP_001018328.1	YP_499783.1	100	89	9.04e-59	171
WP_000829750.1	YP_500214.1	100	89	2.40e-54	160
WP_000671099.1	YP_499132.1	98.9	89	1.62e-61	178
WP_000678764.1	YP_501253.1	100	88	6.67e-56	164
WP_000566649.1	YP_499416.1	100	88	2.60e-62	180
WP_000437472.1	YP_499577.1	100	88	4.87e-58	169
WP_000113262.1	YP_501153.1	100	88	1.29e-62	181
WP_000074048.1	YP_501215.1	100	88	4.16e-59	172
WP_001234988.1	YP_499058.1	100	87	2.53e-55	162
WP_001126664.1	YP_499044.1	100	87	3.31e-60	174
WP_001124198.1	YP_500085.1	96.6	87	4.88e-62	179
WP_001055897.1	YP_498946.1	100	87	1.02e-63	183
WP_000854072.1	YP_500089.1	100	87	1.11e-58	171
WP_000848350.1	YP_499561.1	100	87	1.11e-58	171
WP_000004086.1	YP_500970.1	100	87	1.07e-56	166
WP_001795576.1	YP_498995.1	100	86	2.76e-54	159
WP_001791826.1	YP_500654.1	100	86	5.16e-50	149
WP_001789910.1	YP_501401.1	100	86	6.45e-62	179
WP_001251935.1	YP_500896.1	100	86	3.60e-59	172
WP_001160682.1	YP_500253.1	100	86	6.76e-55	161
WP_001105087.1	YP_498640.1	100	86	2.36e-55	162
WP_001059690.1	YP_499379.1	100	86	1.94e-54	160
WP_000426912.1	YP_500230.1	100	86	3.08e-60	174
WP_000291513.1	YP_500708.1	69.8	86	9.26e-44	133
WP_000291481.1	YP_500567.1	90.7	86	2.62e-56	165
WP_000718107.1	YP_500415.1	100	85	8.84e-64	183
WP_000587616.1	YP_501216.1	100	85	2.36e-59	172
WP_000402605.1	YP_501314.1	100	85	2.66e-56	164
WP_000022728.1	YP_500076.1	94.1	85	2.76e-58	169
WP_001791638.1	YP_500118.1	100	84	2.30e-52	154
WP_001049150.1	YP_499618.1	100	84	1.81e-58	170
WP_000808968.1	YP_500837.1	100	84	3.24e-61	177
WP_000611512.1	YP_500660.1	100	84	1.81e-58	170
WP_000196911.1	YP_500765.1	100	84	5.00e-56	164
WP_000031892.1	YP_499098.1	100	84	3.39e-54	159
WP_001549681.1	YP_500992.1	100	83	6.41e-45	135
WP_001274017.1	YP_500199.1	100	83	2.32e-47	142
WP_000956747.1	YP_499826.1	100	83	3.98e-57	166
WP_000691942.1	YP_499963.1	100	83	1.90e-55	162
WP_000608862.1	YP_499508.1	98.8	83	2.52e-56	164
WP_000584502.1	YP_501154.1	98.8	83	1.06e-52	155
WP_000466748.1	YP_498947.1	100	83	3.57e-42	129
WP_001151997.1	YP_500022.1	100	74	3.19e-52	154
WP_001065039.1	YP_500552.1	84.8	79	7.93e-43	130
WP_000995800.1	YP_500110.1	100	82	2.61e-57	167
WP_000906224.1	YP_499828.1	100	82	7.48e-57	166
WP_000377064.1	YP_499037.1	100	82	7.21e-55	160
WP_001789359.1	YP_498611.1	100	81	4.72e-55	161
WP_001789136.1	YP_501033.1	100	80	3.62e-54	159
WP_001141883.1	YP_499426.1	100	80	2.64e-56	164
WP_001071606.1	YP_498854.1	100	80	7.60e-54	158
WP_000897044.1	YP_498939.1	100	80	3.62e-54	159
WP_000246909.1	YP_499867.1	100	80	1.24e-48	145
WP_000132194.1	YP_500553.1	93.7	79	2.15e-51	152
WP_000131383.1	YP_500074.1	96.3	80	1.26e-54	160
WP_001797632.1	YP_500937.1	100	79	3.53e-47	141
WP_000071351.1	YP_499865.1	100	79	1.05e-48	145
WP_000002683.1	YP_500910.1	100	79	9.68e-54	157
WP_001068337.1	YP_499429.1	100	78	8.27e-59	170
WP_000638419.1	YP_499332.1	100	78	3.68e-53	156
WP_000395692.1	YP_499424.1	100	78	5.04e-51	150
WP_000368687.1	YP_499381.1	100	78	2.03e-59	172
WP_001790675.1	YP_501255.1	100	77	5.29e-48	143
WP_001289614.1	YP_499579.1	100	77	3.03e-56	164
WP_000921246.1	YP_501042.1	100	77	1.36e-41	127
WP_000866971.1	YP_501002.1	100	77	1.35e-50	149
WP_000561358.1	YP_499813.1	100	77	3.30e-51	151
WP_000556760.1	YP_499357.2	100	77	2.08e-45	136
WP_000499647.1	YP_499864.1	100	77	1.91e-50	149
WP_000426914.1	YP_499739.1	100	77	3.18e-49	146
WP_000384523.1	YP_500817.1	100	77	2.72e-50	149
WP_000231632.1	YP_499664.1	100	77	2.06e-54	159
WP_000808817.1	YP_500861.1	100	76	1.03e-49	147
WP_000697134.1	YP_501346.1	100	76	1.78e-50	149
WP_000159865.1	YP_500133.1	100	76	2.76e-45	136
WP_000932073.1	YP_501321.1	100	75	7.02e-52	152
WP_000149423.1	YP_499674.1	100	75	4.94e-52	153
WP_001802045.1	YP_499667.1	100	74	1.81e-49	146
WP_001794540.1	YP_498918.1	100	74	9.41e-43	129
WP_000581077.1	YP_500752.1	100	74	4.77e-54	158
WP_000384171.1	YP_500397.1	100	74	6.54e-52	152
WP_000169042.1	YP_499185.2	100	74	1.44e-46	139
WP_000801007.1	YP_499954.1	100	73	1.81e-53	156
WP_001244298.1	YP_500142.1	100	72	1.31e-39	121
WP_001118443.1	YP_500957.1	100	72	1.11e-49	147
WP_000933956.1	YP_499716.1	100	72	1.84e-48	144
WP_000876826.1	YP_499515.1	100	72	3.06e-47	140
WP_000431307.1	YP_498865.1	100	72	7.25e-46	137
WP_000257888.1	YP_499585.1	100	72	1.30e-48	144
WP_000011687.1	YP_501310.1	100	72	3.29e-51	150
WP_000005886.1	YP_499375.1	100	72	1.84e-48	144
WP_001036299.1	YP_500086.1	69.0	71	4.81e-28	92.4
WP_000867357.1	YP_499531.1	100	71	1.07e-49	147
WP_000026308.1	YP_499797.1	100	71	2.35e-46	138
WP_001071308.1	YP_499820.1	100	70	4.09e-45	135
WP_001048816.1	YP_500825.1	100	70	9.75e-41	124
WP_000998556.1	YP_499712.1	98.6	70	5.19e-45	135
WP_000128898.1	YP_500734.1	100	70	5.38e-47	140
WP_000011688.1	YP_501384.1	100	70	1.13e-48	144
WP_000644737.1	YP_500971.1	100	69	3.05e-39	120
WP_000581792.1	YP_500800.1	100	69	2.04e-46	138
WP_000211676.1	YP_498948.1	100	69	7.12e-47	139
WP_001790169.1	YP_499284.1	100	68	1.59e-36	113
WP_001002340.1	YP_499821.1	100	68	2.15e-43	130
WP_000195803.1	YP_500688.1	83.8	68	7.60e-35	109
WP_000195794.1	YP_500688.1	67.6	68	5.36e-26	87.0
WP_000076661.1	YP_501329.1	100	68	4.35e-43	130
WP_001246013.1	YP_498920.1	100	67	3.23e-40	122
WP_001198024.1	YP_499720.1	100	67	8.65e-45	135
WP_001177186.1	YP_501300.1	100	67	2.76e-41	125
WP_000902175.1	YP_499941.2	100	67	3.59e-46	137
WP_000398679.1	YP_498646.1	100	67	8.20e-43	129
WP_000356963.1	YP_498734.1	100	67	7.00e-44	132
WP_000157345.1	YP_498934.1	100	67	1.78e-46	138
WP_000145163.1	YP_499380.1	100	67	1.78e-46	138
WP_000087561.1	YP_500159.1	100	67	7.00e-44	132
WP_001125540.1	YP_500290.1	100	66	2.04e-38	118
WP_001059082.1	YP_499374.1	100	66	1.37e-45	136
WP_001059079.1	YP_501491.1	100	66	6.12e-46	137
WP_000809131.1	YP_499930.1	100	66	9.61e-46	136
WP_000789522.1	YP_500002.1	100	66	5.87e-38	117
WP_000604728.1	YP_501408.1	100	66	1.90e-34	108
WP_000265252.1	YP_500064.1	97.0	66	1.18e-37	116
WP_000235324.1	YP_500075.1	92.4	66	8.64e-40	121
WP_000184341.1	YP_499948.1	98.5	66	8.20e-47	139
WP_000180461.1	YP_500585.1	100	66	4.43e-42	127
WP_001789891.1	YP_499819.1	100	65	8.35e-42	126
WP_000435068.1	YP_008530240.1	100	65	6.64e-39	119
WP_000025835.1	YP_008530242.1	100	65	2.61e-36	112
WP_001795441.1	YP_499964.1	98.4	64	2.17e-45	135
WP_001217295.1	YP_499835.1	100	64	1.57e-41	125
WP_000752917.1	YP_499399.1	100	64	2.16e-39	120
WP_001789944.1	YP_500012.1	100	63	1.47e-41	125
WP_001224379.1	YP_501241.1	100	63	1.25e-42	128
WP_001221404.1	YP_501327.1	100	63	4.94e-40	122
WP_001053371.1	YP_499837.1	100	63	1.21e-40	123
WP_001052483.1	YP_498936.1	100	63	7.80e-46	136
WP_000971980.1	YP_501055.1	100	63	8.22e-39	119
WP_000810620.1	YP_008530239.1	100	63	2.45e-40	122
WP_000672039.1	YP_008530245.1	100	63	3.48e-40	122
WP_000672038.1	YP_008530244.1	100	63	3.48e-40	122
WP_001245802.1	YP_499676.1	100	62	2.20e-38	117
WP_001027143.1	YP_499845.1	100	62	1.69e-08	42.4
WP_000517908.1	YP_499730.1	100	62	1.61e-40	123
WP_000052078.1	YP_499378.1	100	62	4.15e-34	107
WP_001791851.1	YP_501240.1	100	61	1.70e-37	115
WP_001791844.1	YP_499908.1	100	61	1.70e-37	115
WP_001790708.1	YP_500888.1	100	61	1.40e-36	113
WP_001789152.1	YP_501078.1	100	61	1.28e-41	125
WP_001164629.1	YP_500078.1	100	61	8.69e-40	121
WP_001140799.1	YP_500966.2	100	61	1.55e-42	128
WP_001123276.1	YP_499889.1	100	61	6.12e-40	121
WP_001032814.1	YP_499662.1	100	61	2.41e-37	115
WP_000682089.1	YP_499472.1	100	61	8.40e-38	116
WP_000205307.1	YP_501054.1	100	61	2.63e-32	102
WP_000006110.1	YP_499823.1	100	61	2.92e-38	117
WP_001074474.1	YP_499089.2	100	59	4.39e-35	109
WP_000752913.1	YP_500239.1	96.7	60	4.39e-35	109
WP_000705246.1	YP_500094.1	95.0	60	2.47e-39	120
WP_000655244.1	YP_500938.1	100	60	7.84e-38	116
WP_000230294.1	YP_501150.1	100	60	2.25e-37	115
WP_001791651.1	YP_498838.1	100	59	1.08e-39	120
WP_001789875.1	YP_500122.1	100	59	8.71e-28	90.9
WP_001096577.1	YP_500961.1	100	59	7.07e-36	111
WP_000669789.1	YP_500652.1	100	59	3.62e-38	117
WP_000681968.1	YP_500646.1	100	58	8.01e-37	113
WP_000375476.1	YP_500426.1	100	58	1.51e-32	102
WP_000214898.1	YP_499517.1	100	58	4.81e-38	116
WP_000048060.1	YP_500188.1	100	58	2.51e-31	99.8
WP_001801500.1	YP_500090.1	100	57	4.81e-22	76.3
WP_001790680.1	YP_500631.1	100	57	4.49e-38	116
WP_000773989.1	YP_498800.1	100	57	2.95e-34	107
WP_000669862.1	YP_500620.1	100	57	7.48e-37	113
WP_000267034.1	YP_500635.1	100	57	2.52e-35	109
WP_012211187.1	YP_500997.1	98.2	56	1.16e-35	110
WP_001549802.1	YP_501295.1	100	56	4.59e-33	103
WP_000948331.1	YP_500783.1	100	56	5.76e-36	111
WP_000111118.1	YP_501319.1	100	56	5.09e-39	119
WP_001791787.1	YP_499653.1	100	55	6.10e-33	103
WP_001791768.1	YP_501324.1	100	55	2.67e-36	112
WP_001791696.1	YP_501420.1	98.2	55	1.66e-39	120
WP_001790576.1	YP_501179.1	100	55	7.66e-36	110
WP_001790107.1	YP_500930.1	100	55	4.76e-39	119
WP_001788758.1	YP_499884.1	100	55	4.44e-35	108
WP_001250275.1	YP_499606.1	100	55	2.35e-39	119
WP_000587958.1	YP_499133.1	100	55	2.67e-36	112
WP_000916020.1	YP_500035.1	100	54	2.49e-36	112
WP_000051206.1	YP_500988.1	100	54	6.68e-32	100
WP_001791678.1	YP_500925.1	100	53	6.92e-38	115
WP_001789911.1	YP_501391.1	100	53	4.40e-32	101
WP_001285960.1	YP_500084.1	96.2	53	3.62e-31	99.0
WP_001005407.1	YP_500511.1	100	53	7.58e-33	103
WP_000438833.1	YP_500043.1	100	52	2.03e-32	102
WP_001790158.1	YP_499365.1	100	51	1.34e-32	102
WP_001789600.1	YP_500762.1	100	51	2.53e-28	91.7
WP_000499195.1	YP_499305.1	100	51	1.14e-33	105
WP_001153681.1	YP_500665.1	100	50	2.09e-31	99.4
WP_000837752.1	YP_499421.2	100	50	2.16e-33	104
WP_000595263.1	YP_500065.1	93.9	49	1.32e-28	92.4
WP_000248839.1	YP_008530238.1	100	50	1.03e-31	100
WP_000031108.1	YP_500483.1	100	50	9.65e-28	90.1
WP_001265709.1	YP_500163.1	100	49	4.79e-32	100
WP_001265708.1	YP_499858.1	100	49	2.02e-33	104
WP_000595265.1	YP_500687.1	100	49	5.42e-29	93.2
WP_001797372.1	YP_500607.1	100	48	1.41e-26	87.0
WP_001795334.1	YP_500721.1	89.6	48	9.26e-23	77.4
WP_001789879.1	YP_500149.1	100	48	1.46e-28	92.0
WP_001057759.1	YP_499363.1	100	48	4.33e-30	95.9
WP_000765708.1	YP_499666.1	100	48	3.45e-27	88.6
WP_000230358.1	YP_498813.1	100	48	4.33e-30	95.9
WP_000009238.1	YP_500238.1	100	48	6.63e-14	55.1
WP_001549059.1	YP_500429.1	100	47	1.71e-31	99.4
WP_000416759.1	YP_500452.1	85.1	47	5.39e-26	85.5
WP_000416756.1	YP_500452.1	100	47	1.41e-30	97.1
WP_011446983.1	YP_498879.1	100	46	4.60e-31	98.2
WP_001791736.1	YP_501207.1	100	46	4.92e-35	108
WP_001789981.1	YP_500331.1	100	46	1.70e-24	81.6
WP_001093929.1	YP_500744.1	100	46	7.67e-30	95.1
WP_001791691.1	YP_498974.1	100	45	1.20e-28	92.0
WP_001790198.1	YP_499406.1	100	45	1.16e-26	87.0
WP_000828354.1	YP_500799.1	100	45	4.73e-26	85.5
WP_000600812.1	YP_499832.1	100	45	1.12e-24	82.0
WP_000240855.1	YP_501500.1	100	45	1.12e-24	82.0
WP_223200572.1	YP_500084.1	93.2	44	1.51e-23	79.3
WP_001791797.1	YP_500435.1	100	44	1.94e-29	94.0
WP_001790628.1	YP_498634.1	100	44	4.29e-24	80.5
WP_001789912.1	YP_501313.1	100	44	6.52e-28	90.1
WP_001789860.1	YP_498833.1	100	44	5.20e-25	82.8
WP_000398672.1	YP_499677.1	100	44	7.64e-27	87.4
WP_000226108.1	YP_500662.1	100	44	5.71e-22	75.5
WP_000147103.1	YP_499678.1	100	44	6.30e-26	85.1
WP_000064214.1	YP_499573.1	100	44	7.31e-14	54.7
WP_001790177.1	YP_499530.1	100	43	5.04e-27	87.8
WP_001789654.1	YP_499049.1	100	43	5.04e-27	87.8
WP_001789121.1	YP_500986.1	100	43	3.02e-28	90.9
WP_001788795.1	YP_499947.1	100	43	8.68e-28	89.7
WP_000529138.1	YP_499966.1	100	43	8.98e-30	94.7
WP_001790685.1	YP_500756.1	100	42	1.99e-28	91.3
WP_001790559.1	YP_500244.1	100	42	3.33e-27	88.2
WP_001790052.1	YP_501095.1	100	42	1.99e-28	91.3
WP_001789076.1	YP_500901.1	100	41	3.42e-22	75.5
WP_001549596.1	YP_500927.1	100	41	2.92e-23	78.2
WP_001790624.1	YP_499555.1	100	40	8.14e-25	82.0
WP_001790562.1	YP_500294.1	100	40	7.17e-28	89.7
WP_001790531.1	YP_499829.1	100	40	9.86e-26	84.3
WP_001789407.1	YP_498688.1	100	40	2.34e-24	80.9
WP_001788599.1	YP_499586.1	100	40	3.43e-26	85.5
WP_001790712.1	YP_500386.1	100	39	2.57e-23	78.2
WP_001789947.1	YP_500024.1	100	39	2.57e-23	78.2
WP_001789925.1	YP_501206.1	100	39	5.55e-27	87.4
WP_000840602.1	YP_500265.1	100	39	1.69e-19	68.6
WP_001789973.1	YP_499236.1	100	38	1.99e-22	75.9
WP_001789945.1	YP_500014.1	100	38	5.05e-25	82.4
WP_001789943.1	YP_500018.1	97.4	38	4.73e-21	72.4
WP_001789934.1	YP_501117.1	100	38	3.44e-23	77.8
WP_001788281.1	YP_499156.1	100	38	8.14e-22	74.3
WP_031784974.1	YP_500886.1	75.9	29	3.05e-12	50.1
WP_001791776.1	YP_501402.1	97.3	37	7.65e-22	74.3
WP_001789890.1	YP_499766.1	100	37	1.28e-20	71.2
WP_001788994.1	YP_500355.1	100	37	1.81e-20	70.9
WP_000868342.1	YP_500956.1	100	37	3.23e-23	77.8
WP_000510433.1	YP_499004.1	100	37	2.75e-24	80.5
WP_001790652.1	YP_499420.1	100	36	1.70e-20	70.9
WP_001790600.1	YP_501392.1	100	36	2.50e-22	75.5
WP_001790560.1	YP_500285.1	97.2	36	4.32e-23	77.4
WP_001790257.1	YP_500597.1	100	36	1.06e-23	79.0
WP_001790154.1	YP_500462.1	100	36	7.43e-24	79.3
WP_001789641.1	YP_500792.1	100	36	2.19e-14	55.5
WP_001788716.1	YP_499822.1	100	36	5.74e-19	67.0
WP_001788579.1	YP_499545.1	100	36	1.20e-20	71.2
WP_001802312.1	YP_500626.1	100	35	1.55e-18	65.9
WP_001791821.1	YP_500661.1	100	35	3.46e-24	80.1
WP_001790533.1	YP_498790.1	100	35	6.33e-18	64.3
WP_001790167.1	YP_500747.1	100	35	3.93e-21	72.4
WP_001790093.1	YP_499329.1	100	35	1.17e-22	76.3
WP_001789859.1	YP_498802.1	100	35	1.60e-20	70.9
WP_001788617.1	YP_499635.1	100	35	1.66e-22	75.9
WP_000655099.1	YP_499172.1	100	35	3.93e-21	72.4
WP_000482650.1	YP_501184.1	100	35	4.76e-22	74.7
WP_001802298.1	YP_500868.1	100	34	1.71e-17	63.2
WP_001791767.1	YP_501312.1	100	34	6.16e-20	69.3
WP_001791758.1	YP_500357.1	100	34	1.51e-20	70.9
WP_001791731.1	YP_499534.1	100	34	2.22e-22	75.5
WP_001791424.1	YP_499855.1	100	34	4.48e-22	74.7
WP_001790739.1	YP_500886.1	100	34	9.05e-22	73.9
WP_001790092.1	YP_499327.1	100	34	1.06e-20	71.2
WP_001789935.1	YP_501167.1	100	34	5.08e-19	67.0
WP_000762708.1	YP_501164.1	100	34	8.47e-18	63.9
WP_000477492.1	YP_499824.1	100	34	1.51e-20	70.9
WP_010956543.1	YP_498983.1	100	33	2.97e-22	75.1
WP_001791893.1	YP_500430.1	100	33	1.95e-18	65.5
WP_001791873.1	YP_498638.1	100	33	1.67e-19	68.2
WP_001791744.1	YP_501155.1	100	33	2.29e-17	62.8
WP_001790696.1	YP_501263.1	100	33	7.98e-18	63.9
WP_001790661.1	YP_499023.1	100	33	2.02e-20	70.5
WP_001790641.1	YP_499297.1	100	33	7.98e-18	63.9
WP_001790623.1	YP_499520.1	100	33	1.00e-20	71.2
WP_001789518.1	YP_498957.1	100	33	2.45e-21	72.8
WP_001788970.1	YP_500275.1	100	33	4.95e-21	72.0
WP_001788276.1	YP_499150.1	100	33	2.37e-19	67.8
WP_000979526.1	YP_498753.1	100	33	9.67e-19	66.2
WP_223200570.1	YP_501342.1	90.6	32	8.93e-18	63.9
WP_001801650.1	YP_500060.1	93.8	32	1.33e-18	65.9
WP_001791812.1	YP_499028.1	100	32	3.28e-21	72.4
WP_001791795.1	YP_500473.1	100	32	9.11e-19	66.2
WP_001791763.1	YP_501275.1	100	32	1.97e-22	75.5
WP_001791752.1	YP_499410.1	100	32	4.36e-17	62.0
WP_001791653.1	YP_498807.1	100	32	8.81e-17	61.2
WP_001790599.1	YP_501367.1	100	32	3.39e-23	77.4
WP_001789984.1	YP_500322.1	100	32	1.84e-18	65.5
WP_001789909.1	YP_501296.1	100	32	1.10e-19	68.6
WP_001789897.1	YP_499868.1	100	32	2.71e-20	70.1
WP_000990056.1	YP_500647.1	100	32	6.63e-21	71.6
WP_001790553.1	YP_500983.1	100	31	1.43e-17	63.2
WP_001789986.1	YP_500340.1	100	31	6.85e-16	58.9
WP_001789908.1	YP_501387.1	100	31	1.68e-16	60.5
WP_001789304.1	YP_501396.1	100	31	1.74e-18	65.5
WP_001788625.1	YP_499645.1	100	31	2.99e-19	67.4
WP_010956583.1	YP_501399.1	100	30	8.88e-14	53.5
WP_001801779.1	YP_498893.1	100	30	3.20e-16	59.7
WP_001791878.1	YP_500499.1	100	30	1.69e-20	70.5
WP_001791789.1	YP_499655.1	100	30	9.50e-18	63.5
WP_001790679.1	YP_500601.1	100	30	1.26e-13	53.1
WP_001790611.1	YP_500818.1	100	30	9.19e-16	58.5
WP_001790530.1	YP_499764.1	100	30	4.55e-16	59.3
WP_001790138.1	YP_500871.1	100	30	1.64e-18	65.5
WP_001790128.1	YP_499069.1	100	30	3.88e-17	62.0
WP_001790000.1	YP_498635.1	100	30	9.19e-16	58.5
WP_001789987.1	YP_500347.1	100	30	1.79e-13	52.8
WP_001788321.1	YP_499209.1	100	30	1.64e-18	65.5
