YP_499969.1	WP_001109324.1	100	9502	0.0	16166
YP_500880.1	WP_001048281.1	100	2478	0.0	3470
YP_498743.1	WP_000605282.1	100	2391	0.0	4725
YP_500376.1	WP_001050546.1	100	2186	0.0	3779
YP_501257.1	WP_047230602.1	92.1	1627	0.0	2709
YP_499018.1	WP_000551362.1	100	1499	0.0	2978
YP_499774.1	WP_001820550.1	100	1436	0.0	2840
YP_500432.1	WP_000831218.1	100	1370	0.0	2749
YP_499118.1	WP_000934431.1	100	1349	0.0	2173
YP_500361.1	WP_000118293.1	100	1274	0.0	2271
YP_499546.1	WP_001074547.1	100	1256	0.0	2395
YP_501143.1	WP_000514391.1	100	1229	0.0	2560
YP_499458.1	WP_000154930.1	100	1217	0.0	2360
YP_499097.1	WP_001788197.1	100	1198	0.0	2347
YP_499741.1	WP_000262704.1	100	1188	0.0	1929
YP_499096.2	WP_000918667.1	100	1183	0.0	2319
YP_499055.1	WP_000154228.1	100	1168	0.0	2249
YP_499457.1	WP_000172342.1	100	1158	0.0	2271
YP_499610.1	WP_000809524.1	100	1150	0.0	2266
YP_499975.1	WP_000608521.1	100	1146	0.0	2149
YP_500316.1	WP_000226907.1	100	1065	0.0	2098
YP_499709.1	WP_001126264.1	100	1057	0.0	2074
YP_500990.1	WP_000592303.1	100	1055	0.0	1890
YP_498654.1	WP_000080559.1	100	1050	0.0	2054
YP_498852.1	WP_000728949.1	100	1009	0.0	1853
YP_500451.1	WP_001092605.1	100	997	0.0	1960
YP_499117.1	WP_001060498.1	100	995	0.0	1358
YP_501428.1	WP_000785110.1	100	993	0.0	1637
YP_501262.1	WP_000794582.1	100	990	0.0	1468
YP_501044.1	WP_001155264.1	100	984	0.0	2027
YP_500471.1	WP_000584648.1	100	978	0.0	1835
YP_499337.1	WP_000662681.1	100	948	0.0	1859
YP_499944.1	WP_000180669.1	99.9	932	0.0	1856
YP_499368.1	WP_001056233.1	100	927	6.29e-312	880
YP_501261.1	WP_000841422.1	99.9	917	0.0	1274
YP_499699.1	WP_000384691.1	100	917	0.0	1861
YP_499875.1	WP_000729744.1	100	901	0.0	1795
YP_498999.1	WP_000211540.1	100	901	0.0	1800
YP_499990.1	WP_000525078.1	100	897	0.0	1737
YP_500348.1	WP_001032766.1	100	895	0.0	1574
YP_498614.1	WP_000819084.1	100	887	0.0	1675
YP_500793.1	WP_000072278.1	100	885	0.0	1699
YP_501414.1	WP_000745896.1	100	877	0.0	1037
YP_500301.1	WP_001038308.1	100	876	0.0	1692
YP_500272.1	WP_000425353.1	100	876	0.0	1753
YP_500231.1	WP_000734064.1	100	876	0.0	1706
YP_499465.1	WP_000353970.1	100	869	0.0	1542
YP_498713.1	WP_000955777.1	100	869	0.0	1682
YP_499750.1	WP_000915229.1	100	868	0.0	1670
YP_499326.1	WP_000506534.1	99.9	843	0.0	1615
YP_499886.1	WP_001071135.1	100	840	0.0	1584
YP_499805.1	WP_000073353.1	100	840	0.0	1605
YP_500232.1	WP_001283311.1	100	825	0.0	1602
YP_501322.1	WP_001051429.1	100	822	0.0	1504
YP_499078.1	WP_000897132.1	100	818	0.0	1568
YP_500931.1	WP_000222239.1	100	807	0.0	1571
YP_500378.1	WP_001549041.1	100	805	0.0	1645
YP_501328.1	WP_000024127.1	100	802	0.0	1528
YP_499718.1	WP_000560841.1	100	802	0.0	1573
YP_501146.1	WP_001118726.1	100	801	0.0	1598
YP_499442.1	WP_000054609.1	100	801	0.0	1512
YP_499880.1	WP_001289569.1	100	800	0.0	1523
YP_499638.1	WP_000908982.1	100	800	0.0	1544
YP_499187.1	WP_000060776.1	100	800	0.0	1479
YP_501434.1	WP_000680947.1	100	796	0.0	1534
YP_499359.1	WP_001050064.1	100	790	0.0	1481
YP_499643.1	WP_001249285.1	100	782	0.0	1475
YP_499511.1	WP_001805132.1	100	774	0.0	1354
YP_498631.1	WP_000645780.1	100	772	0.0	1431
YP_500252.2	WP_000749795.1	100	759	0.0	1368
YP_500251.1	WP_000594993.1	100	757	0.0	1473
YP_498793.1	WP_000154514.1	100	753	0.0	1495
YP_498784.1	WP_000894660.1	100	749	0.0	1508
YP_499786.1	WP_000035767.1	100	747	0.0	1359
YP_499687.1	WP_001118663.1	100	744	0.0	1420
YP_498928.1	WP_000207614.1	100	742	0.0	1465
YP_498661.1	WP_001188495.1	100	732	0.0	1482
YP_500614.1	WP_000992921.1	100	730	0.0	1419
YP_500249.1	WP_001058584.1	99.9	729	0.0	1420
YP_499563.1	WP_000032727.1	100	729	0.0	1434
YP_499985.1	WP_000138351.1	100	727	0.0	1394
YP_499302.1	WP_000855505.1	100	701	0.0	1368
YP_500775.1	WP_000370125.1	99.9	716	0.0	1361
YP_499232.1	WP_001129754.1	100	716	0.0	1399
YP_500201.1	WP_001805151.1	100	714	0.0	1353
YP_500982.1	WP_000838485.1	100	711	0.0	1391
YP_500877.1	WP_000927363.1	99.9	710	0.0	1363
YP_499779.1	WP_000043634.1	100	705	0.0	1185
YP_501318.1	WP_001058981.1	100	701	0.0	1331
YP_501126.1	WP_000128366.1	100	701	0.0	1397
YP_499784.1	WP_000076690.1	100	698	0.0	1342
YP_498808.1	WP_001012747.1	100	698	0.0	1352
YP_499063.1	WP_001167888.1	100	697	0.0	1280
YP_499101.1	WP_000090315.1	100	693	0.0	1367
YP_501193.1	WP_001185692.1	100	692	0.0	1289
YP_500164.1	WP_000919772.1	100	691	0.0	1342
YP_499758.1	WP_001548566.1	100	691	0.0	1299
YP_498890.1	WP_000943836.1	100	690	0.0	1184
YP_501305.1	WP_000473675.1	100	688	0.0	1339
YP_499733.1	WP_001151499.1	100	686	0.0	1340
YP_501455.1	WP_000842036.1	100	680	0.0	1265
YP_500098.1	WP_001033768.1	100	661	0.0	1292
YP_499806.1	WP_000516261.1	100	669	0.0	1272
YP_498768.1	WP_000236428.1	100	668	0.0	1342
YP_500613.1	WP_000774565.1	100	667	0.0	1298
YP_499194.1	WP_000402172.1	100	666	0.0	1213
YP_501404.1	WP_000776751.1	100	666	0.0	1219
YP_498754.1	WP_001227724.1	100	665	0.0	1304
YP_501320.1	WP_000432907.1	100	664	0.0	1294
YP_499726.1	WP_000579564.1	100	664	0.0	1223
YP_499879.1	WP_001548666.1	100	663	0.0	1265
YP_499553.1	WP_001010762.1	100	662	0.0	1337
YP_500905.1	WP_001052567.1	100	658	0.0	1297
YP_500790.1	WP_000546584.1	100	657	0.0	1174
YP_499040.1	WP_001051127.1	100	657	0.0	1303
YP_498622.1	WP_001081634.1	100	655	0.0	1238
YP_501280.1	WP_000192168.1	100	654	0.0	1305
YP_499521.1	WP_000870806.1	100	654	0.0	1244
YP_499267.1	WP_001266541.1	100	652	0.0	1212
YP_501031.1	WP_000131832.1	100	651	0.0	1275
YP_498903.1	WP_000954261.1	100	651	0.0	1281
YP_501426.1	WP_000706108.1	100	650	0.0	1157
YP_499287.1	WP_000098285.1	100	646	0.0	1279
YP_500293.1	WP_000435140.1	100	645	0.0	1283
YP_499626.1	WP_001041586.1	100	645	0.0	974
YP_498613.1	WP_000255586.1	100	644	0.0	1267
YP_501090.1	WP_000213874.1	100	643	0.0	1194
YP_500755.1	WP_000602073.1	99.7	642	0.0	1225
YP_498789.1	WP_000744074.1	100	518	0.0	912
YP_501431.1	WP_001151900.1	100	635	0.0	1146
YP_499227.1	WP_000143623.1	100	629	0.0	1156
YP_499939.1	WP_001283665.1	100	628	0.0	1181
YP_499289.1	WP_000525111.1	100	627	0.0	1199
YP_501485.1	WP_000143649.1	100	626	0.0	1116
YP_501398.1	WP_000775155.1	100	626	0.0	1226
YP_501497.2	WP_000249662.1	100	625	0.0	1209
YP_499866.1	WP_000481443.1	100	625	0.0	1240
YP_501425.1	WP_000887026.1	100	624	0.0	1212
YP_501429.1	WP_001125611.1	100	619	0.0	948
YP_501394.1	WP_001071717.1	100	616	0.0	1268
YP_498680.1	WP_001795559.1	100	616	0.0	1230
YP_499605.1	WP_000182654.1	100	615	0.0	1189
YP_499499.1	WP_000395153.1	100	614	0.0	1118
YP_498861.1	WP_000159025.1	100	614	0.0	1161
YP_498929.1	WP_000077318.1	100	613	0.0	1209
YP_500193.1	WP_000034716.1	100	610	0.0	1140
YP_501195.1	WP_000483049.1	100	609	0.0	1142
YP_498627.1	WP_000871607.1	100	608	0.0	1160
YP_500198.1	WP_000368341.1	100	607	0.0	1176
YP_498717.1	WP_000940792.1	100	607	0.0	1162
YP_499910.1	WP_000077571.1	100	604	0.0	1190
YP_499464.1	WP_001044214.1	100	604	0.0	1177
YP_501338.1	WP_000379821.1	100	603	0.0	1125
YP_501252.1	WP_001795457.1	100	602	0.0	1201
YP_499490.1	WP_000082731.1	100	602	0.0	1199
YP_500875.1	WP_000334465.1	100	601	0.0	1157
YP_500174.1	WP_001217261.1	100	599	0.0	1187
YP_499646.2	WP_000390535.1	99.8	593	0.0	1166
YP_499290.1	WP_000983677.1	100	593	0.0	1165
YP_498767.1	WP_000720804.1	100	591	0.0	1159
YP_498665.1	WP_000291842.1	100	591	0.0	1195
YP_500764.1	WP_000047820.1	100	589	0.0	1185
YP_500245.1	WP_000044800.1	100	588	0.0	1152
YP_499648.1	WP_000818278.1	100	588	0.0	1187
YP_501182.1	WP_001064838.1	100	587	0.0	1137
YP_498787.1	WP_000822608.1	100	587	0.0	1097
YP_499799.1	WP_000804328.1	100	586	0.0	1138
YP_500903.1	WP_000262640.1	100	585	0.0	1161
YP_500311.1	WP_001232648.1	100	585	0.0	1112
YP_498677.1	WP_001179384.1	100	584	0.0	1157
YP_500100.1	WP_000987769.1	100	583	0.0	1099
YP_498636.1	WP_000700190.1	100	581	0.0	1137
YP_501306.1	WP_001062658.1	100	579	0.0	1144
YP_500434.1	WP_000028669.1	100	518	0.0	1017
YP_498825.1	WP_000950281.1	100	579	0.0	1103
YP_500500.1	WP_000597238.1	100	578	0.0	1060
YP_498679.1	WP_001179888.1	100	578	0.0	1168
YP_501181.1	WP_000486494.1	100	577	0.0	1085
YP_499207.1	WP_000817954.1	100	575	0.0	1077
YP_498823.1	WP_000975357.1	100	574	0.0	1128
YP_499578.1	WP_000040054.1	100	572	0.0	1098
YP_501022.1	WP_000008673.1	100	571	0.0	1136
YP_499481.1	WP_000517186.1	100	571	0.0	1140
YP_501468.1	WP_000138650.1	100	570	0.0	1126
YP_500917.1	WP_000983330.1	100	570	0.0	1096
YP_499642.1	WP_000161942.1	100	570	0.0	1102
YP_501385.1	WP_000066521.1	100	569	0.0	1177
YP_500351.1	WP_000862083.1	100	568	0.0	1152
YP_499773.1	WP_000814103.1	100	567	0.0	1116
YP_499714.1	WP_000312769.1	100	565	0.0	1119
YP_499584.1	WP_000811375.1	100	565	0.0	1119
YP_500332.1	WP_000244865.1	99.6	564	0.0	976
YP_500763.1	WP_001255780.1	100	562	0.0	1112
YP_498822.1	WP_000240920.1	100	562	0.0	1123
YP_501368.1	WP_001071591.1	100	560	0.0	1162
YP_498916.1	WP_000683699.1	100	560	0.0	1019
YP_500130.1	WP_000942214.1	100	559	0.0	1035
YP_500791.1	WP_000402656.1	100	558	0.0	1058
YP_501111.1	WP_000595298.1	100	557	0.0	1114
YP_499810.1	WP_001218596.1	100	557	0.0	1103
YP_499536.1	WP_000526687.1	100	557	0.0	1104
YP_499252.1	WP_000857602.1	100	557	0.0	1039
YP_499025.1	WP_001109047.1	100	557	0.0	1063
YP_500350.1	WP_000149403.1	100	555	0.0	1095
YP_500936.1	WP_000130156.1	100	554	0.0	1076
YP_501068.1	WP_001226823.1	100	553	0.0	1100
YP_500374.1	WP_000004335.1	100	553	0.0	1041
YP_500303.1	WP_011443641.1	100	553	0.0	1064
YP_499174.1	WP_001021145.1	100	553	0.0	1085
YP_498664.1	WP_001791835.1	100	553	0.0	1024
YP_499480.1	WP_000197019.1	100	551	0.0	1085
YP_500116.1	WP_001041911.1	100	549	0.0	1161
YP_499874.1	WP_001088978.1	100	548	0.0	1052
YP_499732.1	WP_000623903.1	100	548	0.0	1044
YP_499021.1	WP_000031506.1	100	546	0.0	1140
YP_498752.1	WP_000813555.1	100	546	0.0	1086
YP_501209.1	WP_001030711.1	100	545	0.0	1052
YP_499106.1	WP_000122340.1	100	545	0.0	1100
YP_499251.1	WP_000737143.1	100	543	0.0	1038
YP_501390.2	WP_000711870.1	100	540	0.0	1048
YP_500736.1	WP_000240645.1	99.8	538	0.0	1004
YP_500844.1	WP_000159963.1	100	536	0.0	1067
YP_500757.1	WP_000106330.1	100	536	0.0	1036
YP_501059.1	WP_000991502.1	100	534	0.0	1050
YP_500339.1	WP_000808845.1	100	534	0.0	1020
YP_499920.1	WP_000942300.1	100	533	0.0	1049
YP_501382.1	WP_001172340.1	100	532	0.0	1077
YP_501226.1	WP_001229079.1	100	532	0.0	1043
YP_501110.1	WP_000960854.1	100	532	0.0	974
YP_500411.1	WP_000109906.1	100	530	0.0	1070
YP_498764.1	WP_000067349.1	100	530	0.0	1021
YP_498669.1	WP_000173902.1	100	530	0.0	962
YP_500787.1	WP_001294626.1	100	527	0.0	1009
YP_501219.1	WP_000143503.1	100	525	0.0	1026
YP_498796.1	WP_001789452.1	100	525	0.0	1058
YP_499785.1	WP_000052590.1	100	523	0.0	1018
YP_501436.1	WP_001137474.1	100	522	0.0	1061
YP_499502.1	WP_000570692.1	100	522	0.0	996
YP_500912.1	WP_000792345.1	100	520	0.0	1001
YP_500627.1	WP_000323161.1	100	520	0.0	972
YP_499509.1	WP_001049959.1	100	520	0.0	1031
YP_499796.1	WP_001050913.1	100	519	4.24e-304	827
YP_498782.1	WP_000127982.1	100	518	0.0	1004
YP_501437.1	WP_000873197.1	100	517	0.0	1038
YP_501266.1	WP_000876663.1	100	517	0.0	1031
YP_499257.1	WP_001288049.1	100	517	0.0	944
YP_501152.1	WP_000727762.1	100	516	0.0	960
YP_498670.1	WP_000728764.1	100	516	1.02e-270	742
YP_501325.1	WP_000259692.1	100	514	0.0	1001
YP_499802.1	WP_001001523.1	100	514	0.0	1021
YP_498706.1	WP_000725596.1	100	514	0.0	999
YP_498964.1	WP_000424966.1	100	513	0.0	1032
YP_498818.1	WP_000167985.1	100	513	0.0	1038
YP_501232.1	WP_000202037.1	100	512	0.0	967
YP_500876.1	WP_000083807.1	100	512	0.0	978
YP_500611.1	WP_000957020.1	100	512	0.0	978
YP_498707.1	WP_000065035.1	100	511	0.0	1044
YP_498884.1	WP_000665736.1	100	510	0.0	950
YP_500767.1	WP_000094576.1	100	509	0.0	987
YP_498805.1	WP_000838204.1	100	509	0.0	996
YP_499056.1	WP_000680733.1	100	508	0.0	926
YP_498953.1	WP_000930486.1	100	507	0.0	983
YP_498847.1	WP_000038517.1	100	507	0.0	938
YP_500795.1	WP_001178942.1	100	506	0.0	894
YP_500506.1	WP_000535834.1	100	505	0.0	1010
YP_500358.1	WP_000193919.1	100	505	1.66e-247	682
YP_499354.1	WP_001085505.1	100	505	0.0	996
YP_499292.1	WP_000180991.1	100	504	0.0	929
YP_498616.1	WP_000177464.1	100	504	0.0	979
YP_499513.1	WP_000414177.1	100	503	0.0	1012
YP_501433.1	WP_000158433.1	100	502	0.0	1005
YP_501332.1	WP_000686168.1	100	502	0.0	1002
YP_500822.1	WP_000974881.1	100	502	0.0	967
YP_498987.1	WP_001208912.1	100	502	0.0	948
YP_499298.1	WP_000193751.1	100	501	0.0	967
YP_498795.1	WP_001008401.1	100	501	0.0	1014
YP_500392.1	WP_001261681.1	100	500	0.0	1003
YP_501422.1	WP_001225019.1	100	498	0.0	969
YP_501380.1	WP_001130051.1	100	498	0.0	1012
YP_501197.1	WP_000208575.1	100	498	0.0	924
YP_499809.1	WP_000417369.1	100	498	0.0	998
YP_499439.1	WP_000573077.1	100	498	0.0	906
YP_499190.1	WP_000950548.1	100	498	0.0	924
YP_501335.1	WP_000160456.1	100	497	0.0	1013
YP_500292.1	WP_000049154.1	100	497	0.0	954
YP_501386.1	WP_000421701.1	100	496	0.0	986
YP_499952.1	WP_000342125.1	100	496	0.0	929
YP_499673.1	WP_000432077.1	100	496	0.0	935
YP_499120.1	WP_001106113.1	100	496	0.0	999
YP_500302.1	WP_000849439.1	100	495	0.0	948
YP_499070.1	WP_001288202.1	100	495	0.0	981
YP_498732.1	WP_000290399.1	99.8	495	0.0	964
YP_500802.1	WP_000571549.1	100	494	0.0	973
YP_500749.1	WP_000141414.1	100	494	0.0	1028
YP_500114.1	WP_000105070.1	100	494	0.0	992
YP_499564.1	WP_000483713.1	100	494	0.0	981
YP_499138.1	WP_000412514.1	100	494	0.0	929
YP_498998.1	WP_000948279.1	100	494	0.0	938
YP_499840.1	WP_001212860.1	100	493	0.0	988
YP_499507.1	WP_000340118.1	100	493	0.0	975
YP_501109.1	WP_000211359.1	100	492	0.0	977
YP_500417.1	WP_000348360.1	100	492	0.0	985
YP_499567.1	WP_000709290.1	100	492	0.0	969
YP_498765.1	WP_001797475.1	100	492	0.0	891
YP_499432.1	WP_001009697.1	100	491	0.0	969
YP_500145.1	WP_000202189.1	100	490	0.0	978
YP_499119.1	WP_001106738.1	100	490	0.0	978
YP_498984.1	WP_000028628.1	100	490	0.0	966
YP_500623.2	WP_000284431.1	100	489	0.0	935
YP_500342.1	WP_000276370.1	100	488	0.0	932
YP_498963.1	WP_000264071.1	100	488	0.0	947
YP_499019.1	WP_000503583.1	100	487	0.0	998
YP_500019.1	WP_000069282.1	100	486	3.41e-223	619
YP_499882.1	WP_000651160.1	100	486	0.0	913
YP_500609.1	WP_000027928.1	100	485	0.0	942
YP_500488.1	WP_000649907.1	100	485	0.0	895
YP_499422.1	WP_000129653.1	100	485	0.0	962
YP_499856.1	WP_000389956.1	100	484	0.0	913
YP_499082.1	WP_001283792.1	100	484	0.0	964
YP_498757.1	WP_000159750.1	100	484	0.0	920
YP_501376.1	WP_000534425.1	99.8	482	0.0	906
YP_501142.1	WP_000692645.1	100	481	0.0	1021
YP_500890.1	WP_001140999.1	100	480	0.0	877
YP_499341.1	WP_000057542.1	100	479	0.0	951
YP_498831.1	WP_000163988.1	100	478	0.0	999
YP_501417.1	WP_001005842.1	100	476	0.0	886
YP_498693.1	WP_000834084.1	100	476	3.51e-318	859
YP_500839.1	WP_001206093.1	100	475	0.0	936
YP_500608.1	WP_000545371.1	99.8	475	0.0	937
YP_499020.1	WP_000279374.1	100	475	0.0	896
YP_501410.1	WP_000953744.1	100	474	0.0	905
YP_500129.1	WP_001291535.1	100	473	0.0	919
YP_499857.1	WP_000082539.1	100	473	0.0	986
YP_501478.1	WP_000432356.1	100	472	0.0	910
YP_500916.1	WP_000169220.1	100	470	0.0	986
YP_500820.1	WP_000511135.1	100	470	0.0	905
YP_499691.1	WP_000391031.1	100	470	0.0	879
YP_498798.1	WP_000669653.1	100	470	0.0	914
YP_501192.1	WP_000101538.1	100	469	0.0	890
YP_500371.1	WP_000265417.1	100	469	0.0	959
YP_499151.1	WP_000020799.1	100	469	0.0	891
YP_500939.1	WP_001549616.1	100	468	0.0	924
YP_500120.1	WP_000193707.1	100	468	0.0	926
YP_499893.1	WP_000350978.1	100	468	0.0	920
YP_499592.1	WP_000260120.1	100	468	0.0	894
YP_499762.1	WP_000379054.1	100	467	0.0	868
YP_501201.1	WP_000381270.1	100	466	2.35e-320	863
YP_501034.1	WP_000977737.1	100	466	0.0	875
YP_500459.1	WP_000167538.1	100	466	0.0	925
YP_500296.1	WP_000533485.1	100	466	0.0	894
YP_499570.1	WP_000921968.1	100	466	0.0	931
YP_499128.1	WP_000347061.1	100	466	0.0	892
YP_499084.1	WP_000631963.1	100	466	0.0	934
YP_498624.1	WP_000375651.1	100	466	0.0	888
YP_499405.1	WP_001074405.1	100	465	0.0	920
YP_498667.1	WP_001151814.1	100	465	0.0	923
YP_500177.1	WP_001030080.1	100	463	0.0	953
YP_499970.1	WP_000414685.1	100	463	1.85e-311	841
YP_498956.1	WP_000991007.1	100	462	8.49e-312	842
YP_498663.1	WP_001006444.1	100	462	3.94e-317	855
YP_500480.1	WP_000116224.1	100	461	0.0	914
YP_499498.1	WP_000062417.1	100	461	4.75e-320	862
YP_501096.1	WP_000833797.1	100	460	0.0	868
YP_499849.1	WP_000868645.1	100	460	0.0	904
YP_499071.1	WP_000799248.1	100	460	0.0	917
YP_501498.1	WP_000362509.1	100	459	0.0	874
YP_501052.1	WP_000429674.1	100	459	0.0	886
YP_500632.1	WP_001021214.1	100	459	0.0	909
YP_500020.1	WP_000902119.1	100	459	0.0	928
YP_499451.1	WP_000066053.1	100	459	0.0	905
YP_498780.1	WP_001008722.1	100	459	0.0	891
YP_499129.1	WP_001100835.1	100	458	0.0	916
YP_498841.1	WP_001066544.1	99.8	458	3.08e-312	842
YP_501106.1	WP_000477329.1	100	457	0.0	874
YP_500860.1	WP_000123393.1	100	457	0.0	926
YP_500448.1	WP_000691541.1	100	457	0.0	894
YP_499258.1	WP_000952049.1	100	457	0.0	932
YP_501395.1	WP_001083499.1	100	456	2.26e-313	845
YP_500769.1	WP_000531823.1	100	456	0.0	927
YP_499744.1	WP_000863479.1	100	455	5.61e-318	857
YP_499080.2	WP_001085220.1	100	454	0.0	881
YP_500605.1	WP_001147868.1	100	453	0.0	908
YP_500308.1	WP_000818525.1	100	453	0.0	868
YP_500219.1	WP_000942744.1	100	453	0.0	892
YP_499580.1	WP_000381849.1	100	453	0.0	876
YP_498609.1	WP_001290433.1	100	453	0.0	885
YP_501432.1	WP_000593153.1	100	452	0.0	905
YP_501265.1	WP_000481425.1	100	452	6.59e-304	821
YP_501177.1	WP_001110064.1	100	452	0.0	910
YP_501162.1	WP_000038961.1	99.8	452	5.60e-314	847
YP_500796.1	WP_000611465.1	100	452	0.0	894
YP_499512.1	WP_000021864.1	100	452	4.94e-299	808
YP_498907.1	WP_001010111.1	100	452	0.0	906
YP_500881.1	WP_000521491.1	100	451	0.0	880
YP_500137.1	WP_000756612.1	100	451	0.0	899
YP_499945.1	WP_000166801.1	100	451	1.67e-317	855
YP_498905.1	WP_000651060.1	100	451	8.65e-304	820
YP_498750.1	WP_000728173.1	100	451	5.12e-312	841
YP_501210.1	WP_000700921.1	100	450	0.0	928
YP_499050.1	WP_001252539.1	100	450	6.29e-317	853
YP_498699.1	WP_001100300.1	100	450	3.63e-300	811
YP_499689.1	WP_000935991.1	100	449	0.0	873
YP_499270.1	WP_000450257.1	100	449	0.0	864
YP_500281.1	WP_000545467.1	100	448	2.44e-313	844
YP_500189.1	WP_000108667.1	100	448	0.0	896
YP_500170.1	WP_001062180.1	100	401	1.50e-291	789
YP_500146.1	WP_000019687.1	100	448	0.0	881
YP_498900.1	WP_001147970.1	100	448	1.44e-305	825
YP_500892.1	WP_001237506.1	100	447	2.88e-300	811
YP_499938.1	WP_001039275.1	100	447	4.00e-307	828
YP_499976.1	WP_000798980.1	100	446	0.0	873
YP_499818.1	WP_001126603.1	100	446	0.0	910
YP_501377.1	WP_000030057.1	100	445	0.0	895
YP_500134.1	WP_001286928.1	100	445	2.75e-313	844
YP_499029.1	WP_000812832.1	100	445	0.0	893
YP_499005.1	WP_000828729.1	100	445	4.36e-310	836
YP_498855.1	WP_000240338.1	100	391	5.07e-281	762
YP_498642.1	WP_000465474.1	100	444	0.0	905
YP_499453.1	WP_000148849.1	100	443	0.0	877
YP_498992.1	WP_000952537.1	100	442	5.71e-309	833
YP_499971.1	WP_000064778.1	100	440	1.63e-307	829
YP_499148.1	WP_000860582.1	100	440	0.0	872
YP_499690.1	WP_000342185.1	100	439	3.19e-270	734
YP_499413.1	WP_001241224.1	100	439	0.0	889
YP_500838.1	WP_001115098.1	100	438	6.47e-313	842
YP_499461.1	WP_001124525.1	100	438	0.0	868
YP_499433.1	WP_000606324.1	100	438	3.82e-289	782
YP_500599.1	WP_001250336.1	99.8	437	1.95e-318	856
YP_500360.1	WP_000150168.1	100	437	0.0	874
YP_498889.1	WP_001077722.1	100	437	4.82e-303	817
YP_501168.1	WP_000792564.1	100	436	7.25e-270	733
YP_500010.1	WP_000165530.1	100	436	3.34e-314	845
YP_500730.1	WP_001045079.1	100	435	9.24e-284	768
YP_499759.1	WP_000195254.1	100	435	8.38e-321	862
YP_499723.1	WP_000572227.1	100	435	0.0	884
YP_499705.1	WP_001178619.1	100	435	8.19e-271	736
YP_499402.1	WP_000205572.1	100	435	1.20e-311	839
YP_499355.1	WP_001121760.1	100	434	3.63e-317	853
YP_500854.1	WP_001242318.1	100	433	1.29e-305	823
YP_500284.1	WP_000127573.1	100	433	1.12e-283	768
YP_500318.1	WP_000160435.1	100	432	1.84e-309	833
YP_499999.1	WP_000245895.1	100	432	1.92e-311	838
YP_500617.1	WP_000572878.1	100	431	2.75e-315	848
YP_499574.1	WP_000009069.1	100	431	3.22e-298	805
YP_499206.1	WP_000793070.1	100	431	1.85e-313	843
YP_499169.1	WP_000180230.1	100	431	0.0	875
YP_499061.1	WP_001176715.1	100	431	0.0	870
YP_500959.1	WP_000616784.1	100	430	3.12e-300	810
YP_500394.1	WP_000989123.1	100	430	9.54e-295	796
YP_500259.1	WP_000496100.1	100	430	1.71e-313	843
YP_499989.1	WP_000858789.1	100	430	0.0	868
YP_499591.1	WP_000863431.1	100	430	2.79e-303	817
YP_500497.2	WP_001011598.1	100	429	1.21e-317	853
YP_500648.1	WP_001068542.1	100	428	3.09e-315	847
YP_500276.1	WP_001270868.1	100	428	8.52e-321	862
YP_499789.1	WP_000664766.1	100	428	2.53e-314	845
YP_498617.1	WP_000884334.1	100	428	6.23e-315	847
YP_498628.1	WP_001060131.1	100	427	4.67e-316	850
YP_498625.1	WP_000095327.1	100	427	8.54e-321	862
YP_499850.1	WP_000735864.1	100	426	1.44e-303	818
YP_501315.1	WP_001180323.1	100	425	4.55e-295	796
YP_501273.1	WP_000660709.1	100	425	8.37e-307	826
YP_501129.1	WP_001173165.1	100	425	1.30e-294	795
YP_501120.1	WP_001020023.1	100	425	2.63e-294	794
YP_498874.1	WP_000745099.1	100	425	3.75e-301	812
YP_500344.1	WP_001279338.1	100	424	8.13e-293	790
YP_500242.2	WP_000102735.1	100	424	1.56e-306	825
YP_500126.1	WP_000406843.1	100	424	1.06e-288	780
YP_499707.1	WP_000767028.1	100	424	1.72e-319	858
YP_500271.1	WP_001108346.1	100	423	1.51e-308	830
YP_498773.1	WP_000034961.1	100	423	1.03e-315	848
YP_500771.1	WP_000216853.1	100	422	5.92e-310	833
YP_500375.1	WP_000285019.1	100	422	4.90e-293	791
YP_500306.1	WP_000123165.1	100	422	1.77e-311	837
YP_500225.1	WP_000848304.1	100	422	3.33e-316	849
YP_499943.1	WP_001115440.1	100	422	3.72e-265	720
YP_498962.1	WP_000793009.1	100	422	6.23e-296	798
YP_498774.1	WP_000166888.1	100	422	8.63e-303	815
YP_500991.1	WP_000413865.1	100	421	2.60e-308	829
YP_500816.1	WP_000358006.1	99.8	421	1.04e-298	805
YP_499928.1	WP_000216946.1	100	421	1.24e-306	825
YP_499788.1	WP_000089941.1	100	421	7.14e-306	823
YP_500345.1	WP_000186029.1	100	420	1.92e-314	845
YP_500283.1	WP_000472302.1	100	420	6.49e-297	800
YP_500246.1	WP_000590826.1	100	420	1.84e-312	840
YP_499900.1	WP_000673309.1	100	420	9.53e-315	845
YP_499890.1	WP_000283016.1	100	420	5.51e-314	843
YP_498728.1	WP_000779497.1	100	420	1.69e-308	830
YP_501072.1	WP_000794442.1	100	419	1.65e-278	754
YP_501005.1	WP_000259718.1	100	419	3.11e-299	806
YP_500841.1	WP_000046602.1	100	419	7.13e-305	820
YP_500739.1	WP_000120314.1	100	419	3.06e-190	530
YP_499901.1	WP_000673098.1	100	419	6.83e-303	815
YP_498811.1	WP_000120104.1	100	419	7.49e-291	785
YP_500584.1	WP_001795438.1	100	418	4.33e-310	833
YP_498678.1	WP_000610051.1	100	418	4.88e-291	785
YP_501462.1	WP_000930643.1	100	416	3.49e-299	806
YP_501158.1	WP_001012222.1	100	416	2.91e-307	826
YP_501123.1	WP_001108128.1	99.8	410	7.64e-289	782
YP_500751.1	WP_001052270.1	100	416	2.11e-300	809
YP_499742.1	WP_000007683.1	100	416	6.19e-293	790
YP_499403.1	WP_001006454.1	100	416	1.42e-298	804
YP_498742.1	WP_000826862.1	100	416	1.85e-278	753
YP_499568.1	WP_001101908.1	100	415	6.62e-308	828
YP_500745.1	WP_001554031.1	100	414	1.18e-277	752
YP_500450.1	WP_000566596.1	100	414	3.54e-307	826
YP_499756.1	WP_000672867.1	100	414	2.39e-305	821
YP_499474.1	WP_000081240.1	100	414	8.93e-301	810
YP_499448.1	WP_000138487.1	100	414	5.86e-306	823
YP_498747.1	WP_000682611.1	100	413	1.67e-300	809
YP_501451.1	WP_001159430.1	100	412	1.22e-281	761
YP_501067.1	WP_000998763.1	99.8	412	2.19e-300	808
YP_500830.1	WP_000120494.1	100	412	6.27e-300	807
YP_499816.1	WP_000652047.1	100	412	9.69e-304	817
YP_499815.1	WP_000068617.1	100	412	2.73e-294	793
YP_498692.1	WP_000431234.1	100	412	7.85e-278	751
YP_501419.1	WP_000129411.1	100	411	9.35e-306	822
YP_501079.1	WP_000548707.1	100	410	1.38e-270	733
YP_500315.1	WP_000058383.1	100	409	1.30e-295	796
YP_500217.1	WP_000533238.1	100	409	6.50e-280	756
YP_499208.1	WP_000479279.1	100	409	4.78e-282	762
YP_498915.1	WP_000186217.1	100	409	1.44e-308	829
YP_501205.1	WP_000948981.1	100	408	6.98e-295	794
YP_499609.1	WP_000787940.1	100	408	4.94e-279	754
YP_499316.1	WP_000795826.1	100	408	1.55e-307	826
YP_500727.1	WP_000206638.1	100	407	1.93e-296	798
YP_500464.1	WP_001245769.1	100	407	2.81e-289	780
YP_500329.1	WP_000872653.1	100	407	1.07e-293	791
YP_500216.1	WP_000542309.1	100	406	7.26e-296	796
YP_499240.1	WP_000367064.1	100	406	2.28e-283	765
YP_498883.1	WP_001022961.1	100	406	3.70e-273	739
YP_498648.1	WP_000130764.1	100	406	9.94e-278	751
YP_500588.1	WP_000037075.1	100	405	1.98e-272	737
YP_499549.1	WP_001031975.1	100	405	7.05e-266	721
YP_501227.1	WP_000040580.1	100	404	2.27e-296	799
YP_499898.1	WP_001041337.1	100	404	9.20e-298	801
YP_499423.1	WP_000613541.1	100	404	1.25e-295	796
YP_499074.1	WP_000547794.1	100	404	2.33e-275	744
YP_501438.1	WP_000916119.1	100	403	6.18e-275	743
YP_501188.1	WP_001192075.1	100	403	4.45e-268	726
YP_500995.1	WP_000184419.1	100	403	7.50e-260	705
YP_499535.1	WP_223200522.1	100	403	3.45e-297	801
YP_498985.1	WP_000072584.1	100	403	3.56e-290	782
YP_498794.1	WP_000142189.1	100	403	5.99e-298	801
YP_501083.1	WP_000571584.1	100	402	6.11e-270	731
YP_499885.1	WP_001004752.1	100	402	2.09e-277	749
YP_499505.1	WP_001154222.1	100	396	5.09e-272	736
YP_499431.1	WP_000046076.1	100	402	8.80e-295	793
YP_499921.1	WP_000258712.1	100	401	6.86e-287	773
YP_499452.1	WP_000660045.1	100	401	1.60e-301	810
YP_498725.1	WP_001291022.1	100	401	7.28e-298	801
YP_498724.1	WP_001085819.1	100	401	7.35e-266	720
YP_500798.1	WP_001109939.1	100	400	3.52e-284	766
YP_500325.1	WP_000040069.1	100	400	4.00e-290	781
YP_499992.2	WP_000361544.1	100	400	7.21e-293	788
YP_498996.1	WP_001062982.1	100	400	4.00e-290	781
YP_498682.1	WP_001223700.1	100	400	1.18e-307	826
YP_500612.1	WP_000831698.1	100	399	3.17e-291	784
YP_500433.1	WP_000072624.1	100	399	8.47e-296	796
YP_499717.1	WP_000722165.1	100	399	2.67e-283	764
YP_498892.1	WP_000286484.1	100	399	6.22e-298	801
YP_500472.1	WP_000238227.1	100	398	3.19e-295	794
YP_501256.1	WP_000966099.1	100	397	5.50e-259	702
YP_501221.1	WP_000675401.1	100	397	1.16e-276	747
YP_500904.1	WP_000170403.1	100	397	2.55e-280	756
YP_500897.1	WP_001549577.1	100	397	8.30e-273	740
YP_500850.1	WP_000183726.1	100	397	8.21e-302	811
YP_500410.1	WP_000933822.1	100	397	3.95e-284	766
YP_499550.1	WP_000671243.1	100	397	3.08e-297	799
YP_499057.1	WP_000951450.1	100	397	3.30e-292	786
YP_498643.1	WP_001033018.1	100	397	2.02e-302	812
YP_499447.1	WP_000167314.1	100	396	4.92e-298	801
YP_499352.1	WP_001074749.1	100	396	3.65e-284	766
YP_500894.1	WP_000884739.1	100	395	2.13e-287	774
YP_499104.1	WP_000250824.1	100	395	4.29e-287	773
YP_500851.1	WP_001291500.1	100	394	7.68e-285	768
YP_499772.1	WP_000121116.1	100	394	3.23e-283	765
YP_499102.1	WP_001040568.1	100	394	2.92e-289	779
YP_498792.1	WP_001154617.1	100	394	1.48e-282	762
YP_498749.1	WP_001084436.1	100	394	4.51e-293	788
YP_500389.1	WP_001159022.1	100	393	1.63e-290	782
YP_500379.1	WP_001025061.1	100	393	2.28e-281	759
YP_499540.1	WP_001088780.1	100	393	2.12e-286	771
YP_499269.1	WP_001292245.1	100	393	7.73e-289	778
YP_498926.1	WP_000199070.1	100	393	1.60e-281	759
YP_500981.1	WP_000800700.1	100	392	8.51e-264	716
YP_498701.1	WP_000197806.1	100	392	2.53e-298	801
YP_498662.1	WP_001075826.1	100	392	3.17e-292	786
YP_500011.1	WP_000133954.1	100	391	2.43e-275	743
YP_499776.1	WP_000097462.1	100	391	2.23e-271	733
YP_499506.1	WP_000258650.1	100	391	1.69e-291	784
YP_499425.1	WP_000769416.1	100	391	3.82e-288	776
YP_499103.1	WP_000887915.1	100	391	1.92e-297	799
YP_499692.1	WP_000888997.1	100	390	1.42e-262	711
YP_499575.1	WP_000685079.1	100	390	6.38e-291	783
YP_501133.1	WP_000278558.1	100	389	1.75e-267	723
YP_500353.1	WP_001184005.1	100	389	1.78e-301	809
YP_498819.1	WP_000594815.1	100	389	1.16e-297	800
YP_501316.1	WP_000151974.1	99.7	388	3.95e-284	765
YP_500618.1	WP_000827748.1	100	388	6.82e-285	767
YP_500001.1	WP_001269929.1	100	388	5.37e-282	760
YP_499753.1	WP_001020801.1	100	388	3.72e-273	738
YP_499262.1	WP_001041272.1	100	388	5.06e-271	732
YP_498846.1	WP_000848764.1	100	388	3.98e-268	725
YP_498723.1	WP_000668180.1	100	388	2.15e-272	736
YP_498691.1	WP_000692514.1	100	388	9.69e-285	767
YP_501276.1	WP_000610884.1	100	387	1.31e-261	708
YP_498766.1	WP_000057899.1	100	387	5.96e-258	699
YP_500338.1	WP_000291415.1	100	386	2.38e-284	766
YP_498930.1	WP_000175846.1	100	386	1.08e-280	756
YP_501331.1	WP_000625059.1	100	384	9.78e-292	784
YP_499542.1	WP_000777582.1	100	384	1.43e-284	766
YP_499435.1	WP_000558769.1	100	384	4.15e-293	788
YP_499926.1	WP_001003793.1	100	383	4.12e-288	775
YP_499794.1	WP_000020361.1	100	383	1.36e-277	748
YP_499282.1	WP_001217785.1	100	383	9.57e-278	749
YP_500784.1	WP_001281145.1	100	382	4.09e-283	762
YP_500330.1	WP_011447028.1	100	382	4.90e-275	742
YP_500582.1	WP_001089613.1	98.9	377	1.48e-285	768
YP_499979.1	WP_000487150.1	100	381	7.63e-283	761
YP_499467.1	WP_000619365.1	100	381	2.15e-273	738
YP_498801.1	WP_000954810.1	100	381	2.86e-278	750
YP_498729.1	WP_000723453.1	100	381	3.63e-281	757
YP_501186.1	WP_001176863.1	100	380	5.33e-278	749
YP_500486.1	WP_000379978.1	99.7	375	1.95e-281	758
YP_500236.1	WP_000409167.1	100	380	5.96e-275	741
YP_499993.1	WP_000690027.1	100	380	1.31e-278	751
YP_499007.1	WP_001036663.1	100	380	2.71e-271	732
YP_498797.1	WP_001789851.1	100	380	1.38e-264	715
YP_500254.1	WP_001112045.1	100	379	1.62e-292	786
YP_500192.1	WP_001119021.1	100	379	2.57e-264	714
YP_499622.1	WP_000843611.1	100	379	1.92e-275	743
YP_499130.1	WP_001070676.1	100	379	2.09e-279	753
YP_500940.1	WP_000402465.1	100	378	3.59e-275	742
YP_500870.1	WP_000115562.1	100	378	8.45e-274	738
YP_499935.1	WP_000138413.1	100	378	2.13e-251	682
YP_500121.1	WP_000606678.1	100	377	6.87e-268	723
YP_498924.1	WP_000245685.1	100	377	8.37e-269	726
YP_498610.1	WP_000969811.1	100	377	1.06e-271	733
YP_500341.1	WP_000721707.1	100	376	4.74e-279	751
YP_501334.1	WP_000871731.1	100	375	2.54e-278	749
YP_501211.1	WP_000026194.1	100	375	4.55e-254	689
YP_500828.1	WP_000723418.1	100	375	5.73e-275	741
YP_499446.1	WP_000838037.1	100	375	5.34e-280	754
YP_501465.1	WP_000549223.1	100	374	7.95e-286	768
YP_501040.1	WP_000684141.1	100	374	1.52e-274	740
YP_500475.1	WP_000992527.1	100	374	8.47e-256	692
YP_500196.1	WP_000218088.1	100	374	1.07e-274	740
YP_499962.1	WP_000404650.1	100	374	2.40e-216	593
YP_499559.1	WP_001010412.1	100	374	4.54e-276	744
YP_499315.1	WP_000866742.1	100	374	1.77e-273	737
YP_498720.1	WP_000413171.1	100	374	1.85e-275	742
YP_501066.1	WP_000523153.1	100	373	7.26e-277	746
YP_499870.1	WP_000691284.1	100	373	1.15e-273	738
YP_500323.1	WP_000689998.1	100	372	7.71e-267	720
YP_499973.1	WP_000959429.1	100	372	3.28e-268	724
YP_499755.1	WP_001041662.1	100	372	1.22e-263	712
YP_499469.1	WP_001037436.1	100	372	5.70e-253	685
YP_499016.1	WP_001794550.1	100	372	4.38e-257	696
YP_498881.1	WP_001283977.1	100	372	3.57e-272	734
YP_501175.1	WP_000671751.1	100	371	8.10e-273	735
YP_500478.1	WP_000437967.1	100	370	1.39e-268	724
YP_499589.1	WP_000035320.1	100	370	7.70e-266	717
YP_498763.1	WP_000686456.1	100	370	7.49e-273	735
YP_498612.1	WP_000775113.1	100	370	5.42e-266	718
YP_498722.1	WP_001221639.1	100	369	4.30e-267	721
YP_498719.1	WP_001028293.1	100	369	1.12e-278	750
YP_501357.1	WP_001163751.1	100	368	1.71e-277	747
YP_500879.1	WP_000648719.1	100	368	4.84e-268	723
YP_500173.1	WP_001283055.1	100	368	1.03e-253	687
YP_499998.1	WP_000389524.1	100	367	1.06e-266	721
YP_499203.1	WP_001101603.1	100	367	1.10e-268	724
YP_498931.1	WP_000655692.1	100	367	4.29e-266	718
YP_500210.1	WP_001280141.1	100	366	1.02e-268	724
YP_500171.1	WP_000683931.1	100	366	7.46e-271	730
YP_499708.1	WP_001190913.1	100	366	4.69e-274	738
YP_499554.1	WP_000032838.1	99.7	366	1.97e-266	719
YP_500833.1	WP_000379888.1	99.7	348	4.01e-259	699
YP_500628.1	WP_000275730.1	100	365	6.99e-280	753
YP_498935.1	WP_001218732.1	100	365	3.93e-261	705
YP_498772.1	WP_000818914.1	100	365	4.47e-267	720
YP_499724.1	WP_000626897.1	100	364	3.25e-264	713
YP_499595.1	WP_000433551.1	100	364	2.39e-266	718
YP_500867.1	WP_000495671.1	100	363	1.14e-220	603
YP_500356.1	WP_000066378.1	100	363	9.64e-261	704
YP_500147.1	WP_000093349.1	100	363	1.28e-265	716
YP_499891.1	WP_000214264.1	100	363	5.82e-262	707
YP_499843.1	WP_000670300.1	100	363	2.04e-246	668
YP_499927.1	WP_000127593.1	100	361	5.89e-270	727
YP_499501.1	WP_000933105.1	100	361	5.01e-246	667
YP_501035.1	WP_000684567.1	100	360	1.32e-261	706
YP_499478.1	WP_000140050.1	100	360	1.87e-261	706
YP_501214.1	WP_001076671.1	100	358	3.94e-262	707
YP_500835.1	WP_000460242.1	100	358	6.58e-245	664
YP_500624.1	WP_000897635.1	100	358	5.73e-280	752
YP_500365.1	WP_001024576.1	100	358	1.82e-267	721
YP_499629.1	WP_001246698.1	100	358	1.09e-227	620
YP_499146.1	WP_000616885.1	100	358	2.69e-269	725
YP_499108.1	WP_000076036.1	100	358	2.89e-264	712
YP_498776.1	WP_000153466.1	100	358	2.69e-269	725
YP_500274.1	WP_001240848.1	100	357	1.95e-241	655
YP_499598.1	WP_000819690.1	100	357	2.05e-268	723
YP_500902.1	WP_000951636.1	100	356	3.23e-260	702
YP_500797.1	WP_000159631.1	100	356	1.67e-262	708
YP_499950.1	WP_000160904.1	100	356	2.73e-252	682
YP_499611.1	WP_000467123.1	99.7	303	1.42e-216	590
YP_499477.1	WP_000829632.1	100	356	1.51e-249	675
YP_499319.1	WP_000460983.1	100	356	2.68e-243	659
YP_498973.1	WP_000784023.1	100	356	4.19e-194	535
YP_499409.1	WP_000267247.1	100	355	1.07e-253	686
YP_499218.1	WP_000980137.1	100	355	8.08e-249	673
YP_498641.1	WP_000816129.1	100	355	3.90e-256	692
YP_501362.1	WP_000277415.1	100	354	3.13e-266	717
YP_500000.1	WP_000776325.1	100	354	4.09e-262	707
YP_499428.1	WP_000794020.1	100	354	9.36e-268	721
YP_500489.1	WP_000063582.1	100	353	1.03e-234	637
YP_500140.1	WP_000087107.1	100	353	3.48e-258	697
YP_499851.1	WP_001255460.1	100	353	3.89e-255	689
YP_499204.1	WP_001212874.1	100	353	1.04e-259	701
YP_498909.1	WP_001096116.1	100	353	2.10e-259	700
YP_499637.1	WP_000003559.1	100	352	4.09e-261	704
YP_499293.1	WP_000663030.1	100	352	4.09e-261	704
YP_501341.1	WP_000200684.1	100	351	1.90e-229	624
YP_501104.1	WP_000761395.1	100	351	2.42e-232	631
YP_500726.1	WP_000791407.1	100	351	2.62e-252	682
YP_500321.1	WP_000161661.1	100	351	2.28e-262	707
YP_499320.1	WP_000258151.1	100	351	7.24e-234	635
YP_499273.1	WP_000244412.1	100	351	3.01e-242	656
YP_499081.1	WP_001028376.1	100	351	7.92e-228	620
YP_498812.1	WP_000646203.1	100	351	2.38e-264	712
YP_501454.1	WP_000723836.1	100	350	2.49e-245	664
YP_499627.1	WP_000160859.1	100	350	1.76e-206	566
YP_501084.1	WP_001279381.1	100	349	5.28e-251	678
YP_498877.1	WP_000477934.1	100	349	5.80e-239	648
YP_500768.1	WP_000221956.1	100	348	2.36e-258	697
YP_500590.1	WP_001017131.1	100	347	5.42e-243	658
YP_500498.1	WP_001236371.1	100	347	9.36e-239	648
YP_499795.2	WP_000368166.1	100	347	1.14e-244	662
YP_499219.1	WP_001030771.1	100	347	1.79e-257	694
YP_498814.1	WP_000645604.1	100	347	1.13e-260	702
YP_500636.1	WP_001188077.1	100	346	1.95e-265	714
YP_500603.1	WP_000140176.1	100	346	5.22e-252	681
YP_499972.1	WP_000210828.1	100	346	3.29e-248	671
YP_499408.1	WP_000582332.1	100	346	6.98e-234	635
YP_499225.1	WP_001061252.1	100	346	6.93e-250	675
YP_498777.1	WP_000163809.1	100	346	8.55e-260	700
YP_498755.1	WP_000145555.1	99.7	346	2.54e-260	702
YP_500502.1	WP_000284752.1	100	345	4.26e-264	711
YP_500461.1	WP_000233526.1	100	345	1.17e-261	705
YP_499615.2	WP_000733409.1	100	345	2.24e-250	676
YP_501138.1	WP_000606546.1	100	344	1.28e-244	662
YP_501116.1	WP_000655971.1	100	344	5.77e-257	693
YP_500899.1	WP_000974906.1	100	343	1.42e-236	641
YP_499892.1	WP_000433354.1	100	343	2.84e-252	681
YP_498748.1	WP_000598483.1	100	343	7.26e-255	687
YP_498739.1	WP_000171648.1	100	343	8.13e-252	680
YP_500633.1	WP_000181322.1	100	342	1.47e-258	697
YP_499565.1	WP_000030812.1	100	342	1.45e-249	674
YP_499309.1	WP_000754443.1	100	342	1.95e-238	646
YP_498718.1	WP_000459055.1	100	342	2.31e-246	666
YP_500758.1	WP_000159034.1	100	341	1.35e-249	674
YP_500298.1	WP_000106141.1	100	341	4.70e-250	675
YP_500255.1	WP_001019172.1	100	341	2.08e-253	684
YP_499838.1	WP_000622700.1	100	341	4.37e-255	688
YP_499396.1	WP_000571218.1	100	341	2.29e-241	653
YP_499008.1	WP_000569286.1	100	341	9.74e-243	657
YP_498899.1	WP_001060929.1	100	341	5.04e-245	662
YP_498821.1	WP_000610203.1	100	341	4.02e-251	678
YP_498816.1	WP_000610189.1	100	341	1.03e-253	684
YP_498741.1	WP_000706137.1	100	341	3.45e-252	681
YP_501000.1	WP_000230173.1	100	340	1.84e-251	679
YP_499371.1	WP_000728056.1	100	340	2.06e-248	671
YP_498898.1	WP_000280803.1	100	340	1.30e-251	679
YP_501076.1	WP_000634685.1	100	339	9.58e-258	694
YP_500117.1	WP_000256338.1	100	339	6.56e-240	649
YP_499599.1	WP_000145499.1	100	339	2.74e-179	496
YP_499581.1	WP_000638456.1	100	339	1.96e-241	653
YP_501481.1	WP_000215642.1	100	338	8.62e-240	649
YP_500725.1	WP_000595324.1	100	338	2.84e-254	686
YP_499213.1	WP_000625878.1	100	338	4.78e-237	642
YP_501461.1	WP_000639183.1	100	337	3.85e-247	667
YP_500237.1	WP_000985889.1	100	337	6.38e-246	664
YP_499350.1	WP_000654030.1	100	337	1.88e-238	645
YP_501418.1	WP_000136166.1	100	336	3.71e-249	672
YP_501352.1	WP_000836423.1	100	336	4.20e-255	687
YP_499543.1	WP_000202439.1	100	336	6.60e-243	657
YP_499541.1	WP_000676548.1	100	336	7.48e-201	550
YP_499351.1	WP_000279414.1	100	336	1.09e-241	654
YP_499171.1	WP_001200748.1	100	336	8.98e-241	651
YP_498676.1	WP_001078456.1	100	336	5.27e-249	672
YP_501176.1	WP_001046646.1	100	335	1.23e-242	656
YP_499229.1	WP_000120368.1	100	335	1.84e-212	580
YP_499077.1	WP_000149503.1	100	335	2.28e-238	645
YP_501008.1	WP_000076929.1	100	334	1.91e-250	676
YP_500766.1	WP_000214557.1	100	334	4.84e-244	659
YP_500391.1	WP_000077344.1	100	334	2.10e-248	671
YP_500256.1	WP_001005767.1	100	334	4.64e-242	654
YP_499286.1	WP_000022323.1	100	334	2.33e-251	678
YP_499212.1	WP_000184741.1	100	334	3.15e-224	609
YP_499011.1	WP_001170264.1	100	334	4.08e-236	639
YP_500914.1	WP_001180220.1	99.7	333	9.03e-244	659
YP_500913.1	WP_000781945.1	100	333	1.34e-245	663
YP_500416.1	WP_000778523.1	100	333	2.22e-244	660
YP_500387.1	WP_001196354.1	100	333	2.90e-240	650
YP_499671.1	WP_000793605.1	100	333	1.39e-247	668
YP_498894.1	WP_000240065.1	100	333	3.68e-243	657
YP_501330.1	WP_000161358.1	100	332	1.97e-242	655
YP_500009.1	WP_000161738.1	100	332	1.05e-237	643
YP_499895.1	WP_000173832.1	100	332	5.18e-238	644
YP_498837.1	WP_000757880.1	100	332	5.64e-242	654
YP_501299.1	WP_000353634.1	100	331	1.58e-224	610
YP_500420.1	WP_000070653.1	100	331	1.10e-141	400
YP_499345.1	WP_001248939.1	100	331	4.60e-236	639
YP_498911.1	WP_000157628.1	99.7	331	7.65e-219	595
YP_498673.1	WP_000924997.1	100	331	1.16e-213	582
YP_500128.1	WP_000568353.1	100	330	2.20e-238	645
YP_498842.1	WP_000337361.1	100	330	1.46e-252	681
YP_498674.1	WP_001045119.1	99.7	330	3.35e-233	632
YP_500354.1	WP_000219066.1	100	329	3.10e-233	632
YP_500186.1	WP_000492114.1	100	329	3.87e-211	576
YP_499922.1	WP_000163531.1	100	329	5.21e-241	651
YP_499486.1	WP_000448934.1	100	329	2.58e-241	652
YP_500753.1	WP_000266883.1	100	328	2.00e-236	641
YP_500595.1	WP_000999713.1	100	328	3.49e-234	634
YP_500158.1	WP_000161314.1	100	328	1.23e-243	658
YP_500017.1	WP_001174260.1	100	328	4.30e-244	659
YP_499907.1	WP_000469949.1	100	328	3.83e-222	603
YP_499735.1	WP_000239744.1	100	328	1.30e-229	622
YP_499516.1	WP_000668820.1	100	328	7.99e-240	648
YP_499489.1	WP_000959287.1	100	328	6.64e-248	669
YP_499482.1	WP_001067038.1	100	328	4.95e-234	634
YP_499142.1	WP_000774281.1	100	328	6.19e-228	618
YP_498656.1	WP_000710576.1	100	328	2.13e-244	660
YP_500900.1	WP_001214661.1	100	327	1.41e-228	620
YP_500453.1	WP_000782464.1	100	327	3.14e-241	652
YP_500127.1	WP_001096642.1	100	327	1.01e-237	643
YP_499916.1	WP_000759232.1	100	316	4.32e-223	606
YP_499888.1	WP_000356975.1	100	327	3.25e-218	593
YP_499272.1	WP_000702782.1	100	327	2.88e-237	642
YP_499145.1	WP_000597335.1	100	327	3.51e-238	644
YP_500919.1	WP_000047009.1	100	326	1.88e-237	642
YP_500866.1	WP_000019744.1	100	312	1.20e-208	569
YP_500124.1	WP_000916195.1	100	326	1.02e-225	612
YP_499483.1	WP_000427770.1	100	326	1.13e-238	645
YP_498689.1	WP_001789408.1	100	326	2.78e-239	647
YP_501172.1	WP_000783428.1	100	325	1.55e-240	650
YP_501144.1	WP_000109965.1	100	325	7.70e-241	650
YP_500503.1	WP_000379098.1	100	325	4.27e-238	644
YP_500195.1	WP_000627140.1	100	325	1.47e-229	622
YP_499860.1	WP_000688126.1	100	325	3.13e-240	649
YP_499590.1	WP_000068176.1	100	325	8.49e-229	620
YP_499291.1	WP_000589260.1	100	325	2.57e-239	647
YP_500277.1	WP_000667126.1	100	324	2.38e-239	647
YP_500200.1	WP_001282562.1	100	324	1.58e-228	619
YP_500155.1	WP_000697228.1	100	324	6.02e-233	630
YP_498737.1	WP_000826685.1	100	324	6.62e-246	663
YP_501472.1	WP_000082559.1	100	323	1.06e-246	665
YP_499991.1	WP_000049911.1	100	323	2.57e-238	644
YP_499782.1	WP_000864185.1	100	323	3.13e-239	646
YP_499306.1	WP_000876318.1	100	323	1.68e-218	594
YP_499303.1	WP_000562498.1	100	323	1.55e-239	647
YP_501302.1	WP_001228162.1	100	322	4.11e-239	646
YP_501100.1	WP_001549718.1	100	322	2.31e-220	598
YP_500898.1	WP_000989091.1	100	322	3.35e-213	580
YP_500016.1	WP_000681756.1	100	322	6.54e-236	638
YP_499214.1	WP_000976269.1	100	322	6.01e-232	628
YP_498783.1	WP_000837105.1	100	322	4.41e-234	633
YP_498778.1	WP_000690419.1	100	322	3.71e-251	676
YP_498620.1	WP_000186481.1	100	322	1.24e-249	672
YP_499688.1	WP_000578458.1	100	321	3.54e-219	595
YP_499107.1	WP_000723301.1	100	321	4.63e-240	648
YP_499051.1	WP_000933774.1	100	321	6.49e-231	625
YP_500469.1	WP_000782121.1	100	320	2.75e-211	575
YP_499484.1	WP_000593417.1	100	320	1.24e-223	607
YP_501435.1	WP_000916742.1	100	319	1.44e-242	654
YP_501374.1	WP_000846637.1	100	319	6.21e-228	617
YP_500748.1	WP_001253312.1	100	319	4.08e-233	630
YP_499665.1	WP_000857483.1	100	319	8.95e-237	640
YP_498733.1	WP_001013484.1	100	319	6.66e-223	605
YP_501473.1	WP_001109273.1	100	318	3.04e-248	669
YP_499960.1	WP_000934885.1	100	318	4.84e-245	660
YP_499307.1	WP_001245578.1	100	318	5.08e-206	562
YP_498958.1	WP_000956132.1	100	318	2.20e-137	388
YP_498705.1	WP_000787670.1	99.7	318	1.39e-219	596
YP_501039.1	WP_000417016.1	100	317	7.24e-226	612
YP_500380.1	WP_000526539.1	100	317	2.13e-243	656
YP_500021.1	WP_001163801.1	100	317	3.35e-231	625
YP_499719.1	WP_000751704.1	100	317	3.08e-227	615
YP_500750.1	WP_000790330.1	100	316	4.92e-228	617
YP_500495.1	WP_000869455.1	100	316	1.79e-230	624
YP_499177.1	WP_001790232.1	100	316	3.20e-208	567
YP_498880.1	WP_223181135.1	100	316	1.44e-198	543
YP_498843.1	WP_000736798.1	100	316	7.60e-232	627
YP_501289.1	WP_000161536.1	100	315	2.78e-228	619
YP_501171.1	WP_000916713.1	100	315	1.93e-229	621
YP_501085.1	WP_001185431.1	100	315	1.42e-231	626
YP_500606.1	WP_001231451.1	100	315	1.93e-229	621
YP_500326.1	WP_000840574.1	100	315	2.16e-226	613
YP_500184.1	WP_001117767.1	100	315	1.25e-225	611
YP_499675.1	WP_001239285.1	100	315	6.10e-217	589
YP_501122.1	WP_000633068.1	100	314	2.30e-216	588
YP_500953.1	WP_000569649.1	100	314	3.98e-217	590
YP_500313.1	WP_000883645.1	100	314	3.87e-224	607
YP_500004.1	WP_001096471.1	100	314	3.52e-219	595
YP_499346.1	WP_000006551.1	100	314	2.92e-219	595
YP_498897.1	WP_001191946.1	100	314	2.76e-233	630
YP_501416.1	WP_000660034.1	100	313	1.30e-226	613
YP_501203.1	WP_000721553.1	100	313	2.63e-226	613
YP_501015.1	WP_000163416.1	100	313	5.38e-235	635
YP_500470.1	WP_001244175.1	100	313	4.95e-231	625
YP_500317.1	WP_000626074.1	100	313	4.42e-234	632
YP_499479.1	WP_000786734.1	100	313	7.23e-224	607
YP_499473.1	WP_001100525.1	100	313	5.54e-228	617
YP_501427.1	WP_001173201.1	100	312	3.53e-244	658
YP_500191.1	WP_001104611.1	100	312	6.78e-233	629
YP_499639.1	WP_001284258.1	100	312	2.24e-222	603
YP_499533.1	WP_000070966.1	100	312	5.27e-221	599
YP_499323.1	WP_001548033.1	99.7	312	4.15e-225	612
YP_499195.1	WP_000737655.1	100	312	1.71e-226	613
YP_499166.1	WP_000808902.1	100	312	1.41e-225	611
YP_498940.1	WP_001822249.1	100	312	1.08e-229	621
YP_498621.1	WP_001791710.1	100	312	5.07e-203	554
YP_501301.1	WP_011447074.1	100	311	3.15e-217	590
YP_501225.1	WP_000472235.1	100	311	3.94e-211	574
YP_501200.1	WP_000684056.1	100	311	4.06e-229	620
YP_501071.1	WP_000277968.1	100	311	8.54e-231	624
YP_499812.1	WP_001548613.1	100	311	4.36e-224	607
YP_499722.1	WP_000161299.1	100	311	1.20e-221	601
YP_499342.1	WP_000134963.1	100	311	9.56e-228	616
YP_498806.1	WP_000823215.1	100	311	1.65e-228	618
YP_500920.1	WP_000604135.1	100	310	9.90e-225	608
YP_500882.1	WP_000894032.1	100	310	2.80e-215	585
YP_499672.1	WP_001074342.1	100	310	5.73e-224	607
YP_499338.1	WP_000958224.1	100	310	1.02e-217	591
YP_499065.1	WP_000057594.1	100	310	7.80e-222	601
YP_498645.1	WP_000662031.1	100	310	7.35e-229	620
YP_501170.1	WP_000594519.1	100	309	3.20e-225	610
YP_500630.1	WP_001140871.1	100	309	2.82e-219	595
YP_500286.1	WP_001280018.1	100	309	4.54e-225	609
YP_499450.1	WP_000185319.1	100	309	6.26e-232	627
YP_500279.1	WP_001230228.1	100	308	1.15e-222	603
YP_499914.1	WP_000204625.1	100	308	2.51e-201	549
YP_499736.1	WP_000047348.1	100	308	1.15e-222	603
YP_499617.1	WP_000757569.1	100	308	1.53e-227	615
YP_499476.1	WP_000521533.1	100	308	1.27e-210	573
YP_499254.1	WP_000794407.1	100	308	1.35e-221	600
YP_498975.1	WP_000705627.1	100	308	1.34e-159	444
YP_498908.1	WP_001028221.1	100	308	7.89e-230	621
YP_501045.1	WP_000831055.1	100	307	1.38e-220	598
YP_500460.1	WP_000162880.1	100	307	7.07e-237	639
YP_500312.1	WP_000717561.1	100	307	7.93e-224	607
YP_500226.1	WP_000137775.1	100	307	2.55e-230	622
YP_499311.1	WP_000608440.1	100	307	5.52e-225	609
YP_499223.1	WP_000802946.1	100	307	2.34e-226	612
YP_498882.1	WP_000002068.1	100	307	3.02e-213	579
YP_498762.1	WP_000291761.1	100	307	1.21e-228	618
YP_500295.1	WP_000808621.1	100	306	1.07e-226	613
YP_500113.1	WP_000454064.1	100	306	4.07e-231	624
YP_499266.1	WP_000640743.1	100	306	1.68e-214	582
YP_499144.1	WP_000197034.1	100	306	6.96e-223	603
YP_498845.1	WP_000806113.1	100	306	4.16e-199	543
YP_501057.1	WP_000486816.1	100	305	2.37e-209	569
YP_500028.1	WP_000476873.1	100	305	2.31e-216	587
YP_499913.1	WP_000450297.1	100	305	2.96e-203	554
YP_499781.1	WP_000282305.1	100	305	2.51e-220	597
YP_499703.1	WP_000451294.1	100	305	1.26e-229	620
YP_499414.1	WP_000201875.1	100	305	6.44e-223	603
YP_499296.1	WP_000429014.1	100	305	1.92e-224	607
YP_500221.1	WP_000023316.1	100	304	3.10e-219	595
YP_500025.1	WP_000913219.1	100	304	4.62e-211	573
YP_499852.1	WP_000073184.1	100	304	1.64e-220	597
YP_499811.1	WP_000136950.1	100	304	3.48e-231	624
YP_499685.1	WP_000468384.1	100	304	5.22e-221	599
YP_499006.1	WP_000634105.1	100	304	3.59e-224	607
YP_498834.1	WP_000182751.1	100	304	1.19e-213	580
YP_498672.1	WP_000136636.1	100	304	1.41e-198	543
YP_500729.1	WP_000825510.1	100	303	1.58e-222	602
YP_499612.1	WP_000031401.1	100	303	1.03e-202	552
YP_499344.2	WP_000369722.1	100	303	2.15e-220	597
YP_501479.1	WP_001083804.1	100	302	7.99e-211	573
YP_501016.1	WP_000735038.1	100	302	9.56e-203	552
YP_500884.1	WP_000167867.1	100	302	9.87e-221	598
YP_500409.1	WP_000366154.1	100	302	2.62e-200	546
YP_500109.1	WP_001171351.1	100	302	1.91e-218	592
YP_499841.1	WP_000593436.1	100	302	2.49e-214	582
YP_499754.1	WP_000110253.1	100	302	7.77e-218	590
YP_499255.1	WP_000435107.1	100	302	1.85e-225	610
YP_501282.1	WP_001549787.1	100	301	1.16e-205	562
YP_500454.1	WP_000878802.1	99.7	301	1.90e-221	600
YP_500346.1	WP_000184370.1	100	301	2.37e-207	564
YP_501114.1	WP_000573244.1	99.7	300	1.22e-219	596
YP_501088.1	WP_000620864.1	100	300	1.10e-222	603
YP_499919.1	WP_001162359.1	100	300	2.07e-221	599
YP_499459.1	WP_000670752.1	100	300	2.16e-223	604
YP_499348.1	WP_000816295.1	100	300	1.07e-223	605
YP_501297.1	WP_000460421.1	100	299	5.82e-207	563
YP_501080.1	WP_000524835.1	99.7	299	2.93e-216	586
YP_500179.2	WP_000134766.1	100	299	3.71e-219	593
YP_500644.1	WP_000991302.1	100	298	8.09e-218	590
YP_499760.1	WP_001015597.1	100	298	1.40e-218	592
YP_498756.1	WP_000432017.1	100	298	3.96e-209	568
YP_500115.1	WP_000382585.1	99.7	288	9.95e-214	579
YP_499184.1	WP_001553862.1	100	297	4.49e-206	561
YP_499043.1	WP_000886500.1	100	297	1.62e-212	577
YP_498850.1	WP_000751207.1	100	297	1.39e-213	579
YP_501379.1	WP_001031413.1	100	296	1.61e-207	564
YP_501354.1	WP_000706519.1	100	296	2.94e-219	593
YP_501019.1	WP_000691095.1	100	295	2.32e-199	543
YP_500987.1	WP_000139188.1	100	296	5.28e-203	553
YP_500169.1	WP_000924214.1	100	296	8.43e-219	592
YP_500027.1	WP_000472939.1	100	296	1.03e-201	550
YP_498875.1	WP_001033876.1	100	296	3.53e-211	573
YP_501406.1	WP_000143419.1	100	295	5.20e-208	565
YP_500984.1	WP_000029536.1	100	295	3.71e-217	588
YP_500106.1	WP_000447733.1	100	295	3.05e-216	586
YP_499923.1	WP_000149257.1	100	295	4.65e-211	573
YP_499072.1	WP_000034728.1	100	295	8.99e-209	567
YP_498727.1	WP_001230670.1	100	295	1.51e-216	587
YP_501069.1	WP_000691839.1	100	294	2.82e-216	586
YP_500915.1	WP_000719324.1	100	288	3.83e-206	560
YP_499751.1	WP_000236722.1	100	294	7.75e-214	580
YP_499419.1	WP_000239131.1	100	294	3.53e-216	587
YP_499017.1	WP_000403916.1	100	294	1.56e-213	579
YP_501065.1	WP_000730043.1	100	293	5.05e-214	580
YP_500132.1	WP_000183378.1	100	293	8.03e-211	572
YP_499767.1	WP_000201387.1	100	293	1.67e-203	553
YP_499706.1	WP_001016166.1	100	293	1.51e-215	584
YP_499485.1	WP_001180262.1	100	293	7.58e-200	544
YP_499064.1	WP_000148605.1	100	293	1.02e-213	579
YP_498933.1	WP_001077602.1	100	293	3.23e-155	431
YP_498885.1	WP_001030738.1	100	293	6.88e-212	575
YP_498836.1	WP_000029212.1	100	293	7.70e-209	567
YP_499974.1	WP_001133011.1	100	292	8.77e-219	592
YP_499392.1	WP_000932216.1	100	292	5.29e-220	595
YP_499313.1	WP_000724887.1	100	292	2.45e-200	545
YP_499121.1	WP_000134232.1	100	292	2.41e-216	586
YP_499105.1	WP_000076404.1	100	292	3.43e-216	585
YP_500247.1	WP_000717800.1	100	291	2.21e-207	563
YP_499727.2	WP_000847933.1	100	291	1.91e-217	588
YP_499328.1	WP_010956549.1	100	291	1.55e-212	579
YP_499250.1	WP_000469890.1	100	291	1.22e-204	556
YP_498758.1	WP_000181832.1	100	291	5.23e-190	519
YP_501453.1	WP_000877317.1	100	290	2.82e-214	580
YP_501284.1	WP_000609348.1	100	290	1.49e-219	595
YP_501051.1	WP_000073195.1	100	290	1.96e-205	558
YP_500806.1	WP_000725802.1	100	290	1.96e-205	558
YP_500642.1	WP_000763048.1	100	290	1.82e-210	571
YP_500300.1	WP_001114452.1	100	290	1.52e-218	591
YP_498666.1	WP_001038103.1	100	290	9.54e-197	536
YP_501224.1	WP_000584765.1	100	289	6.51e-183	501
YP_500099.1	WP_001548912.1	100	289	1.61e-206	561
YP_499466.1	WP_001047066.1	100	289	1.69e-210	571
YP_499114.1	WP_000593367.1	100	289	3.00e-204	555
YP_501361.1	WP_001005511.1	100	288	3.72e-218	590
YP_501166.1	WP_000019127.1	100	288	1.58e-194	530
YP_500821.2	WP_000157603.1	100	288	3.11e-201	547
YP_499800.1	WP_000190144.1	100	288	5.45e-211	572
YP_499238.1	WP_000687411.1	100	288	1.56e-210	571
YP_501333.1	WP_000178307.1	100	287	2.50e-211	573
YP_500985.1	WP_001159898.1	100	287	3.36e-200	545
YP_500167.1	WP_000564316.1	100	287	4.58e-182	499
YP_499862.1	WP_001789887.1	99.7	287	1.35e-209	570
YP_499529.1	WP_001081351.1	100	287	9.76e-203	552
YP_501372.1	WP_000953565.1	99.7	286	7.42e-208	564
YP_500950.1	WP_000155386.1	100	286	7.42e-208	564
YP_500846.1	WP_001040736.1	100	286	1.63e-211	573
YP_500842.1	WP_001131841.1	100	286	8.66e-207	561
YP_499557.1	WP_000225837.1	100	286	5.60e-203	551
YP_498886.1	WP_000291445.1	100	286	8.06e-212	574
YP_498650.1	WP_001052510.1	100	286	1.32e-201	548
YP_500873.1	WP_000370924.1	100	285	5.04e-210	569
YP_500363.1	WP_001091387.1	100	285	5.19e-203	551
YP_500314.1	WP_000471571.1	100	285	1.69e-208	565
YP_500307.1	WP_000829167.1	99.6	285	1.18e-204	559
YP_500932.1	WP_001044432.1	100	284	4.33e-215	582
YP_500396.1	WP_001032833.1	100	284	1.56e-208	565
YP_499847.1	WP_000011823.1	100	284	9.29e-201	546
YP_499497.1	WP_000669939.1	100	284	8.75e-215	581
YP_498914.1	WP_000737196.1	100	284	4.73e-178	488
YP_501370.1	WP_000163734.1	100	283	8.59e-201	546
YP_501198.1	WP_000034507.1	100	283	3.54e-209	567
YP_499912.1	WP_000079447.1	100	283	1.68e-207	563
YP_499883.1	WP_000505015.1	100	283	8.96e-203	551
YP_499400.1	WP_001183858.1	100	283	3.23e-180	494
YP_501470.1	WP_000528923.1	100	282	6.89e-211	571
YP_500928.1	WP_001015500.1	100	282	1.13e-200	545
YP_500370.1	WP_000411085.1	100	282	1.10e-207	563
YP_499630.1	WP_001220199.1	99.6	282	8.10e-201	546
YP_499411.1	WP_000608129.1	100	282	1.57e-216	585
YP_499045.1	WP_000638870.1	100	282	2.21e-207	562
YP_500728.1	WP_000812008.1	100	281	4.13e-207	561
YP_498970.1	WP_001024377.1	100	281	4.31e-209	566
YP_498932.1	WP_001550052.1	100	281	8.83e-193	525
YP_498675.1	WP_000570808.1	100	281	3.09e-206	561
YP_500637.1	WP_000713072.1	100	280	2.85e-154	428
YP_500367.1	WP_000689580.1	100	280	1.57e-215	583
YP_500264.1	WP_000911041.1	100	280	2.92e-186	509
YP_499010.1	WP_000825521.1	100	280	2.98e-195	531
YP_498922.1	WP_000209565.1	100	280	4.60e-199	541
YP_498761.1	WP_000370334.1	100	280	9.68e-201	545
YP_501495.1	WP_000742837.1	100	279	1.40e-188	514
YP_499958.1	WP_000166059.1	100	279	3.35e-196	534
YP_499339.1	WP_000513308.1	100	279	2.91e-206	559
YP_499330.1	WP_000749380.1	100	279	2.43e-173	476
YP_499271.1	WP_000931237.1	100	279	2.71e-211	572
YP_499038.1	WP_000279926.1	100	279	1.05e-199	543
YP_499033.1	WP_000344337.1	100	279	4.32e-199	542
YP_498775.1	WP_000162661.1	100	279	3.08e-192	524
YP_501026.1	WP_000344352.1	100	278	9.39e-207	560
YP_500505.1	WP_000886468.1	100	278	6.16e-187	510
YP_499196.1	WP_000889252.1	100	278	2.86e-176	483
YP_501467.1	WP_001077826.1	100	277	7.12e-181	495
YP_500976.1	WP_000985472.1	100	277	6.30e-200	543
YP_500408.1	WP_000453320.1	100	277	2.05e-205	557
YP_499210.1	WP_001044662.1	100	277	4.80e-179	490
YP_501353.1	WP_000448905.1	100	276	3.98e-207	561
YP_500809.1	WP_000594959.1	100	276	3.27e-206	559
YP_500143.1	WP_000141109.1	100	276	5.21e-203	551
YP_499906.1	WP_000548932.1	100	276	1.16e-190	520
YP_499134.1	WP_001185462.1	100	276	1.74e-201	547
YP_501309.1	WP_000351761.1	100	275	1.10e-203	553
YP_500385.1	WP_000266096.1	100	275	4.30e-206	558
YP_499791.1	WP_000214890.1	100	275	1.27e-198	540
YP_499603.1	WP_001240311.1	100	275	2.91e-204	554
YP_499412.1	WP_000927630.1	99.6	275	9.05e-183	499
YP_498891.1	WP_000136020.1	100	275	6.11e-206	558
YP_501149.1	WP_000572040.1	100	274	8.89e-194	527
YP_499462.1	WP_001182436.1	100	274	8.03e-206	558
YP_499046.1	WP_001269643.1	100	274	2.73e-188	513
YP_498873.1	WP_000659770.1	100	274	6.00e-192	523
YP_501348.1	WP_000651837.1	100	273	2.46e-195	531
YP_501229.1	WP_001081682.1	100	273	4.67e-209	566
YP_500622.1	WP_000040873.1	100	273	2.02e-194	529
YP_500479.1	WP_000669376.1	100	273	1.96e-201	546
YP_499538.1	WP_000184947.1	100	273	5.86e-203	550
YP_499398.1	WP_000732326.1	100	273	1.00e-194	530
YP_501464.1	WP_001065590.1	100	272	4.46e-202	548
YP_501228.1	WP_001058843.1	100	272	5.59e-196	533
YP_500508.1	WP_001124419.1	100	272	9.14e-186	507
YP_500175.1	WP_000411299.1	100	272	1.08e-193	527
YP_499808.1	WP_001103743.1	100	272	5.64e-164	452
YP_498989.1	WP_014362535.1	100	262	2.51e-192	523
YP_501223.1	WP_000173869.1	100	271	7.05e-194	527
YP_500933.1	WP_000044363.1	100	271	4.82e-201	545
YP_500280.1	WP_001157329.1	100	271	2.71e-182	498
YP_499649.1	WP_000139712.1	100	271	3.68e-205	556
YP_498702.1	WP_000191092.1	100	271	6.66e-183	499
YP_499202.1	WP_001273058.1	100	270	2.21e-201	546
YP_500951.1	WP_000389662.1	100	269	1.48e-194	529
YP_500883.1	WP_000347896.1	100	269	2.43e-184	503
YP_500509.1	WP_000830380.1	100	269	2.78e-174	478
YP_499942.1	WP_000334518.1	100	269	4.62e-198	538
YP_499597.1	WP_000872393.1	99.6	269	1.10e-180	494
YP_499496.1	WP_001270834.1	100	269	1.18e-200	544
YP_498803.1	WP_001031886.1	99.6	269	2.37e-191	523
YP_501287.1	WP_000863985.1	100	268	1.39e-203	551
YP_501191.1	WP_000690197.1	100	268	2.60e-208	563
YP_500949.1	WP_000791620.1	100	268	6.17e-182	497
YP_500209.1	WP_000666761.1	100	268	7.39e-199	540
YP_499697.1	WP_001805409.1	99.6	259	2.39e-186	508
YP_499569.1	WP_000273253.1	100	268	3.27e-177	485
YP_499491.1	WP_000896697.1	100	268	9.27e-193	524
YP_501032.1	WP_000717381.1	100	267	1.19e-151	420
YP_500948.1	WP_001221860.1	100	267	5.86e-200	542
YP_500848.1	WP_000862727.1	100	267	2.67e-196	533
YP_499853.1	WP_000186313.1	100	267	3.80e-196	533
YP_499537.1	WP_000150195.1	100	267	7.66e-196	532
YP_499510.1	WP_000928413.1	100	267	4.08e-191	520
YP_499066.1	WP_000167924.1	100	267	3.49e-192	523
YP_499034.1	WP_001134194.1	100	267	5.56e-189	514
YP_501290.1	WP_000237517.1	100	266	9.27e-192	521
YP_499650.1	WP_001039659.1	100	266	1.05e-197	536
YP_499179.1	WP_000362967.1	100	266	2.77e-193	525
YP_498896.1	WP_000449060.1	100	266	4.28e-197	535
YP_498887.1	WP_000667382.1	100	266	2.09e-188	513
YP_498703.1	WP_001127689.1	100	266	9.15e-183	499
YP_498630.1	WP_000088648.1	100	266	4.28e-197	535
YP_501046.1	WP_000130454.1	100	265	3.39e-198	538
YP_501012.1	WP_001030825.1	100	265	3.49e-191	520
YP_499798.1	WP_001222105.1	100	265	3.39e-198	538
YP_499700.1	WP_000274844.1	100	265	2.90e-199	540
YP_499596.1	WP_001246561.1	100	265	1.20e-182	498
YP_499230.1	WP_000731644.1	100	265	5.79e-190	517
YP_499211.1	WP_001080809.1	100	265	1.32e-195	531
YP_501482.1	WP_001017423.1	100	264	3.81e-199	540
YP_501243.1	WP_000581889.1	100	264	1.18e-193	526
YP_500625.1	WP_001177828.1	100	264	3.37e-193	525
YP_499201.1	WP_001103232.1	100	264	2.55e-188	513
YP_501371.1	WP_000860047.1	100	263	2.22e-186	508
YP_500923.1	WP_001032739.1	99.6	251	2.38e-176	482
YP_500808.1	WP_001108479.1	100	263	5.33e-185	504
YP_499940.1	WP_001185421.1	100	263	1.94e-187	510
YP_498830.1	WP_000066938.1	100	263	1.08e-184	503
YP_500456.1	WP_000206350.1	100	262	7.62e-189	514
YP_499182.1	WP_001045421.1	100	262	3.51e-194	527
YP_498629.1	WP_001104172.1	100	262	1.11e-181	496
YP_501248.1	WP_000581873.1	100	261	7.05e-189	514
YP_500741.1	WP_000867960.1	100	261	1.55e-192	523
YP_500168.1	WP_001213908.1	100	261	2.99e-190	517
YP_500112.1	WP_000779748.1	100	261	9.76e-187	509
YP_498990.1	WP_000835976.1	100	261	2.46e-189	515
YP_501260.1	WP_000721336.1	100	260	2.90e-185	506
YP_501011.1	WP_000769517.1	100	260	3.66e-170	466
YP_500874.1	WP_000908177.1	100	260	4.23e-185	504
YP_499896.1	WP_000154116.1	100	260	9.55e-182	496
YP_499771.1	WP_000868413.1	100	260	2.16e-178	487
YP_499015.1	WP_000994678.1	100	260	5.43e-172	471
YP_501161.1	WP_000825929.1	100	259	4.08e-187	509
YP_499418.1	WP_000816184.1	100	259	9.61e-186	506
YP_501212.1	WP_000072147.1	100	258	4.17e-175	479
YP_498687.1	WP_000183771.1	100	258	2.12e-168	462
YP_498681.1	WP_001186806.1	100	258	5.15e-185	504
YP_500243.1	WP_000682646.1	100	257	7.05e-187	508
YP_499905.1	WP_000052317.1	100	257	2.87e-186	507
YP_499763.1	WP_000055337.1	100	257	3.86e-175	479
YP_499041.1	WP_000904312.1	100	257	6.30e-190	516
YP_498769.1	WP_000643616.1	100	257	2.36e-185	504
YP_498704.1	WP_000078092.1	100	257	1.12e-183	500
YP_501279.1	WP_000536961.1	100	256	1.56e-169	464
YP_501013.1	WP_000146745.1	100	256	1.81e-193	525
YP_500776.1	WP_001041103.1	100	256	6.45e-178	486
YP_500328.1	WP_000365320.1	100	256	9.41e-171	468
YP_499770.1	WP_000473705.1	100	256	1.18e-189	515
YP_499500.1	WP_000933197.1	100	256	3.89e-179	489
YP_498659.1	WP_000977781.1	100	256	3.10e-185	504
YP_498658.1	WP_000597212.1	100	256	1.72e-182	497
YP_498657.1	WP_000977774.1	100	256	2.66e-186	507
YP_501475.1	WP_000949560.1	100	255	3.79e-165	453
YP_501447.1	WP_000565310.1	100	255	1.04e-187	510
YP_501337.1	WP_000725225.1	100	255	3.48e-161	443
YP_499902.1	WP_001213019.1	100	255	1.81e-188	512
YP_499752.1	WP_000176394.1	100	255	1.31e-181	495
YP_498660.1	WP_031857449.1	100	255	1.04e-185	505
YP_501268.1	WP_000074007.1	100	254	2.28e-186	507
YP_501060.1	WP_000477992.1	100	254	2.19e-184	502
YP_500993.1	WP_000600967.1	100	254	3.24e-186	506
YP_499265.1	WP_000972699.1	100	254	2.74e-178	486
YP_499200.1	WP_000215388.1	100	254	6.53e-186	506
YP_499143.1	WP_000362357.1	100	254	4.03e-188	512
YP_498746.1	WP_000668894.1	100	254	2.28e-186	507
YP_498716.1	WP_000565302.1	100	254	5.83e-189	513
YP_498683.1	WP_001015549.1	100	254	6.86e-197	533
YP_501413.1	WP_000323455.1	100	253	2.90e-193	524
YP_500446.1	WP_000581552.1	100	253	2.61e-171	469
YP_499401.1	WP_000168845.1	100	253	1.31e-180	492
YP_499353.1	WP_001260103.1	100	253	2.36e-183	499
YP_499318.1	WP_001113406.1	100	253	1.69e-167	459
YP_499308.1	WP_000616842.1	100	253	6.23e-179	488
YP_499226.1	WP_000985996.1	100	253	1.31e-180	492
YP_498832.1	WP_000031268.1	100	253	7.35e-187	508
YP_498738.1	WP_000197958.1	100	253	2.36e-183	499
YP_501484.1	WP_000154162.1	100	252	4.94e-180	491
YP_500593.1	WP_000636142.1	100	252	7.63e-184	500
YP_499503.1	WP_001288681.1	100	252	8.63e-190	515
YP_499124.1	WP_000866416.1	99.6	252	4.79e-187	508
YP_498781.1	WP_000477521.1	100	252	2.37e-187	509
YP_501405.1	WP_000923760.1	100	251	8.85e-178	485
YP_500111.1	WP_000678232.1	100	251	2.02e-183	499
YP_498955.1	WP_001289311.1	100	251	6.77e-182	495
YP_498785.1	WP_000911657.1	100	251	6.09e-194	526
YP_498696.1	WP_001789411.1	100	251	1.88e-188	512
YP_498639.1	WP_000355845.1	100	251	4.43e-162	445
YP_500834.1	WP_000248735.1	100	250	4.67e-186	507
YP_500218.1	WP_001261795.1	100	250	1.27e-181	494
YP_500190.1	WP_001190128.1	100	250	1.65e-177	484
YP_499199.1	WP_001108545.1	100	250	5.53e-176	480
YP_499141.1	WP_000075703.1	100	250	2.12e-189	514
YP_498927.1	WP_000195907.1	100	250	2.68e-192	521
YP_498671.1	WP_000876756.1	100	250	3.07e-173	473
YP_501222.1	WP_000590517.1	100	249	2.65e-178	486
YP_501220.1	WP_000072443.1	100	249	7.17e-167	457
YP_500413.1	WP_002868962.1	100	248	2.12e-188	511
YP_500178.1	WP_001548963.1	100	248	8.20e-177	482
YP_499086.1	WP_000390328.1	100	248	1.42e-177	484
YP_501259.1	WP_000386367.1	100	247	5.74e-172	470
YP_501030.1	WP_000032854.1	100	247	3.61e-175	478
YP_500738.1	WP_000197635.1	100	247	1.24e-166	456
YP_500336.1	WP_000174282.1	100	247	3.50e-182	496
YP_499725.1	WP_000888494.1	100	247	1.65e-171	469
YP_499197.1	WP_000894461.1	99.6	247	1.03e-174	477
YP_498652.1	WP_001793250.1	100	247	2.84e-172	471
YP_501136.1	WP_000332063.1	100	246	2.10e-178	486
YP_500924.1	WP_001549592.1	100	246	5.83e-185	503
YP_500641.1	WP_001221651.1	100	246	2.59e-163	448
YP_500465.1	WP_000216878.1	100	246	5.16e-179	488
YP_499757.1	WP_000593192.1	99.6	246	2.11e-177	485
YP_499636.1	WP_000435374.1	100	246	1.31e-172	471
YP_499358.1	WP_001165952.1	100	246	3.24e-182	496
YP_498826.1	WP_000645452.1	100	246	2.86e-176	481
YP_498736.1	WP_000590848.1	99.6	246	1.87e-181	494
YP_501049.1	WP_000426696.1	100	245	1.84e-167	458
YP_500102.1	WP_000159577.1	100	245	6.99e-172	469
YP_499747.1	WP_000687328.1	100	245	2.29e-186	506
YP_498991.1	WP_001805140.1	100	245	7.70e-175	478
YP_499737.1	WP_000167269.1	100	244	1.71e-167	458
YP_499633.1	WP_001242429.1	100	244	4.56e-172	470
YP_499300.1	WP_001068497.1	100	244	3.81e-163	449
YP_499003.1	WP_001220813.1	100	244	5.83e-184	500
YP_501292.1	WP_001795485.1	100	243	4.26e-156	429
YP_501159.1	WP_000615461.1	100	243	1.72e-171	468
YP_501147.1	WP_001014062.1	100	243	3.36e-178	485
YP_500598.1	WP_000544969.1	100	243	7.36e-182	494
YP_500104.1	WP_000273371.1	100	243	3.10e-174	475
YP_499842.1	WP_000603968.1	100	243	4.08e-154	424
YP_499740.1	WP_000043237.1	100	243	2.65e-175	478
YP_500826.1	WP_000349655.1	100	242	2.45e-175	478
YP_500487.1	WP_000590809.1	99.6	240	7.03e-170	464
YP_499899.1	WP_000163627.1	100	242	1.27e-177	484
YP_499364.1	WP_000757406.1	100	242	4.71e-148	409
YP_499022.1	WP_001118675.1	100	242	5.10e-168	459
YP_500369.1	WP_000434765.1	100	241	1.92e-179	489
YP_500101.1	WP_000064078.1	100	241	5.58e-176	479
YP_499670.1	WP_000739523.1	100	241	8.26e-178	484
YP_499669.1	WP_001063559.1	100	241	2.65e-174	475
YP_499036.1	WP_000910689.1	100	241	2.47e-179	488
YP_501364.1	WP_000606210.1	100	240	4.80e-181	492
YP_500441.1	WP_001039447.1	100	240	9.60e-172	469
YP_499768.1	WP_000057330.1	100	240	6.48e-170	464
YP_501496.1	WP_000215595.1	100	239	1.08e-172	471
YP_501160.1	WP_000479576.1	100	239	1.77e-162	445
YP_500440.1	WP_001038867.1	100	239	6.26e-172	469
YP_500439.1	WP_001038704.1	100	239	1.04e-170	466
YP_500436.1	WP_001038688.1	100	239	1.26e-171	468
YP_499925.1	WP_000249839.1	100	239	1.58e-133	372
YP_499488.1	WP_001217730.1	100	239	6.00e-170	464
YP_499178.1	WP_000365354.1	100	239	6.79e-176	479
YP_500437.1	WP_001038759.1	100	238	7.05e-173	471
YP_500204.1	WP_000084829.1	100	238	3.95e-179	487
YP_499668.1	WP_000041896.1	100	238	2.28e-178	485
YP_499386.1	WP_000150017.1	100	238	3.21e-169	462
YP_499234.1	WP_000532966.1	100	238	4.38e-167	457
YP_499181.1	WP_001222133.1	100	238	2.33e-162	445
YP_498820.1	WP_000872486.1	100	238	1.94e-170	465
YP_500402.1	WP_001096494.1	100	237	3.33e-166	454
YP_499787.1	WP_001293307.1	100	237	1.32e-172	471
YP_499278.1	WP_001062972.1	100	237	1.55e-180	491
YP_498921.1	WP_000698752.1	100	237	2.17e-146	404
YP_500857.1	WP_000160304.1	100	236	2.99e-173	472
YP_499285.1	WP_000708692.1	100	236	5.17e-174	474
YP_500442.1	WP_001039435.1	100	235	3.94e-173	472
YP_500269.1	WP_000261115.1	100	235	2.42e-158	434
YP_498698.1	WP_000843292.1	100	235	3.23e-172	469
YP_501458.1	WP_000571736.1	100	234	6.04e-172	469
YP_501415.1	WP_000138214.1	100	234	3.95e-177	482
YP_501373.1	WP_000186117.1	100	234	6.04e-172	469
YP_501351.1	WP_000161829.1	100	234	6.77e-169	461
YP_500935.1	WP_000186134.1	100	234	1.66e-169	462
YP_500304.1	WP_000080028.1	100	234	9.62e-169	461
YP_500215.1	WP_001548981.1	99.6	234	2.28e-173	473
YP_499965.1	WP_000282171.1	100	234	4.52e-158	434
YP_499790.1	WP_000646227.1	100	234	7.91e-168	458
YP_499560.1	WP_000174053.1	100	234	1.53e-165	452
YP_498976.1	WP_000784244.1	100	234	2.36e-169	462
YP_498966.1	WP_000041883.1	100	234	3.46e-162	444
YP_498829.1	WP_000922329.1	100	234	8.59e-172	468
YP_501340.1	WP_000751267.1	100	233	6.46e-162	443
YP_501249.1	WP_001549768.1	100	233	8.04e-171	467
YP_500591.1	WP_000149064.1	100	233	8.24e-133	370
YP_500222.1	WP_000383180.1	100	233	8.71e-174	474
YP_499904.1	WP_000571258.1	100	233	1.73e-166	455
YP_498828.1	WP_000607067.1	100	233	1.10e-153	422
YP_498626.1	WP_000101976.1	100	233	2.03e-174	475
YP_498615.1	WP_000449218.1	100	233	2.06e-169	464
YP_500445.1	WP_000586140.1	100	232	2.73e-158	434
YP_500185.1	WP_000110603.1	100	232	1.54e-132	369
YP_498981.1	WP_000779446.1	100	232	2.44e-161	442
YP_498980.1	WP_000673479.1	100	232	3.46e-161	441
YP_501278.1	WP_000382904.1	100	231	3.08e-159	436
YP_501238.1	WP_000217466.1	100	231	2.08e-157	432
YP_501202.1	WP_000398941.1	100	231	1.83e-151	417
YP_500942.1	WP_000365049.1	100	226	1.83e-157	432
YP_500812.1	WP_000752008.1	100	231	6.94e-156	428
YP_500794.1	WP_001190841.1	100	231	3.11e-168	459
YP_500373.1	WP_001217125.1	100	231	1.08e-168	460
YP_499679.1	WP_001788648.1	100	231	2.68e-178	484
YP_499397.1	WP_000520233.1	100	231	3.02e-134	373
YP_498979.1	WP_000769836.1	100	231	1.12e-161	442
YP_498978.1	WP_000769845.1	100	231	3.74e-160	439
YP_498972.1	WP_000782618.1	100	231	1.73e-165	452
YP_498618.1	WP_000207105.1	100	231	1.44e-148	409
YP_501448.1	WP_000185864.1	100	230	4.40e-163	446
YP_501440.1	WP_001109879.1	100	230	3.96e-175	476
YP_501269.1	WP_000289136.1	100	230	7.60e-164	448
YP_501174.1	WP_000286875.1	100	230	2.57e-171	467
YP_501047.1	WP_001030125.1	100	230	1.95e-166	454
YP_500615.1	WP_000272070.1	100	230	5.58e-166	453
YP_500447.1	WP_001096791.1	100	230	2.54e-162	444
YP_499924.1	WP_000698235.1	100	230	1.44e-168	460
YP_499710.1	WP_000654061.1	100	230	5.58e-166	453
YP_499092.1	WP_001074619.1	100	230	4.92e-160	438
YP_498690.1	WP_000736084.1	100	230	1.31e-164	450
YP_501307.1	WP_001001019.1	100	229	1.40e-154	424
YP_501024.1	WP_000565255.1	100	229	2.89e-172	469
YP_500810.1	WP_000396076.1	100	229	9.30e-169	460
YP_500320.1	WP_000777188.1	100	229	5.84e-172	468
YP_499242.1	WP_000842860.1	100	229	7.04e-164	448
YP_501389.1	WP_000184398.1	100	228	4.98e-168	458
YP_501178.1	WP_001217917.1	100	228	3.65e-170	464
YP_501165.1	WP_001125208.1	100	228	1.09e-171	468
YP_501073.1	WP_000655864.1	100	228	9.65e-166	452
YP_500212.1	WP_000579275.1	100	228	2.62e-154	424
YP_500203.1	WP_001792568.1	100	228	5.76e-158	433
YP_499988.1	WP_000362212.1	100	228	4.40e-162	443
YP_499373.1	WP_001548082.1	100	228	4.73e-157	431
YP_499274.1	WP_000149344.1	100	228	4.26e-169	461
YP_498715.1	WP_000037332.1	100	228	4.05e-158	433
YP_500893.1	WP_000047255.1	100	227	1.08e-157	432
YP_500187.1	WP_001802667.1	100	227	3.54e-147	405
YP_499628.1	WP_000789821.1	100	227	2.72e-151	416
YP_499249.1	WP_000358498.1	100	227	8.21e-55	171
YP_499110.1	WP_000454784.1	100	227	4.08e-162	443
YP_498982.1	WP_000673051.1	100	227	3.91e-160	438
YP_498863.1	WP_000208405.1	100	227	1.71e-154	424
YP_501298.1	WP_001140234.1	100	226	5.59e-164	448
YP_501267.1	WP_000990133.1	100	226	1.32e-162	444
YP_500643.1	WP_000645727.1	100	226	7.22e-151	415
YP_499995.1	WP_001827022.1	100	226	3.73e-153	421
YP_498971.1	WP_000669007.1	99.6	226	1.42e-157	432
YP_501140.1	WP_000934151.1	100	225	1.55e-165	452
YP_500172.1	WP_000624584.1	100	225	1.12e-158	434
YP_499984.1	WP_001108889.1	100	208	1.18e-156	429
YP_498986.1	WP_000769163.1	100	225	8.85e-156	427
YP_498878.1	WP_000911019.1	100	225	9.23e-158	432
YP_501105.1	WP_000249497.1	100	224	6.53e-162	442
YP_499324.1	WP_001057965.1	100	224	3.13e-169	461
YP_499224.1	WP_001166505.1	100	224	9.28e-162	442
YP_499002.1	WP_000565820.1	100	224	7.32e-159	435
YP_498859.1	WP_000655875.1	100	224	9.67e-164	447
YP_498824.1	WP_000608826.1	100	224	5.83e-165	450
YP_498815.1	WP_000638475.1	100	224	4.24e-159	436
YP_501288.1	WP_000069101.1	100	223	3.12e-164	448
YP_501010.1	WP_001113093.1	100	223	8.50e-153	419
YP_500849.1	WP_000120549.1	100	223	2.03e-160	439
YP_499562.1	WP_000666799.1	100	223	7.67e-165	450
YP_500278.1	WP_000805950.1	100	222	1.27e-158	434
YP_500233.1	WP_000567028.1	100	222	1.42e-123	345
YP_499280.1	WP_000446724.1	100	222	3.66e-167	456
YP_498888.1	WP_000936720.1	100	222	1.09e-159	437
YP_498714.1	WP_000446299.1	100	222	2.71e-144	398
YP_501407.1	WP_000697886.1	100	221	4.78e-158	432
YP_501103.1	WP_001229911.1	100	221	9.25e-156	427
YP_500864.1	WP_001024094.1	100	221	2.37e-158	433
YP_499122.1	WP_000129063.1	100	221	3.26e-165	451
YP_501449.1	WP_000659675.1	100	220	3.69e-141	390
YP_501213.1	WP_000923520.1	100	220	1.54e-158	434
YP_500979.1	WP_000160212.1	100	220	2.46e-155	426
YP_500856.1	WP_001083311.1	100	220	6.76e-153	419
YP_500760.1	WP_001086744.1	100	220	6.03e-156	427
YP_499582.1	WP_000514290.1	100	220	3.49e-155	425
YP_499111.1	WP_001067262.1	100	220	1.55e-167	456
YP_498959.1	WP_000394698.1	100	220	6.55e-160	437
YP_498700.1	WP_000667269.1	100	220	3.35e-153	420
YP_501187.1	WP_000831298.1	100	219	2.41e-141	390
YP_500015.2	WP_000644391.1	100	219	2.44e-150	413
YP_499987.1	WP_000253765.1	100	219	4.63e-164	447
YP_499946.1	WP_000192137.1	100	219	4.99e-159	435
YP_499009.1	WP_000467994.1	100	219	6.33e-137	379
YP_498844.1	WP_000570071.1	100	219	5.19e-161	440
YP_500268.1	WP_000692870.1	100	218	8.31e-153	419
YP_499135.1	WP_000455256.1	100	218	6.60e-168	457
YP_498917.1	WP_001795631.1	99.5	218	3.47e-153	421
YP_501074.1	WP_000623454.1	100	217	5.41e-162	442
YP_500973.1	WP_000529877.1	100	217	2.66e-153	420
YP_499053.1	WP_000157650.1	100	217	2.68e-121	339
YP_498848.1	WP_000421225.1	100	217	1.65e-147	405
YP_500419.1	WP_001795535.1	100	216	1.32e-102	292
YP_499331.1	WP_000538141.1	100	216	7.06e-153	419
YP_499140.1	WP_000354088.1	100	216	4.69e-144	398
YP_501091.1	WP_000738247.1	100	215	4.07e-147	404
YP_501081.1	WP_000436818.1	100	215	2.35e-146	402
YP_500958.1	WP_001021468.1	100	215	2.04e-156	428
YP_500803.1	WP_001187629.1	100	215	4.28e-158	432
YP_499127.1	WP_000667097.1	100	215	7.10e-157	429
YP_499083.1	WP_001805237.1	100	215	7.10e-157	429
YP_500368.1	WP_001266157.1	100	214	3.68e-163	445
YP_499728.1	WP_000164332.1	100	214	6.58e-157	429
YP_499237.1	WP_000865624.1	100	214	1.01e-151	416
YP_499231.1	WP_000081602.1	100	214	1.87e-147	405
YP_499198.1	WP_000954654.1	100	214	3.13e-155	425
YP_498744.1	WP_000215724.1	100	214	3.02e-162	442
YP_500807.1	WP_000483153.1	100	213	1.68e-154	423
YP_500424.1	WP_000494956.1	100	213	2.10e-148	407
YP_499911.1	WP_000974847.1	100	213	6.03e-148	406
YP_499729.1	WP_000547905.1	100	213	4.81e-154	422
YP_499523.1	WP_000571178.1	100	213	1.61e-152	418
YP_499468.1	WP_000404422.1	100	213	2.90e-155	425
YP_499321.1	WP_000192947.1	100	213	1.75e-156	428
YP_499158.1	WP_001793603.1	100	213	7.11e-156	426
YP_499153.1	WP_000404342.1	100	213	3.79e-151	414
YP_501474.1	WP_000547833.1	100	212	9.36e-156	426
YP_501089.1	WP_000184233.1	100	212	3.47e-142	392
YP_501041.1	WP_000739224.1	100	212	4.70e-153	421
YP_500227.1	WP_000342266.1	100	212	8.62e-152	416
YP_501291.1	WP_000773921.1	100	211	3.45e-137	379
YP_501204.1	WP_000569120.1	100	211	5.11e-139	384
YP_501056.1	WP_000285450.1	100	211	2.79e-152	417
YP_500754.1	WP_001283612.1	100	211	1.48e-147	405
YP_500401.1	WP_001168904.1	100	211	7.58e-141	388
YP_499495.1	WP_001077683.1	100	211	5.62e-152	416
YP_499175.1	WP_000901764.1	100	211	4.65e-160	437
YP_499163.1	WP_000882123.1	100	211	2.29e-151	415
YP_500390.1	WP_000493892.1	100	210	2.89e-149	409
YP_500352.1	WP_001015996.1	100	210	1.39e-156	428
YP_499897.1	WP_000768192.1	100	210	3.66e-152	417
YP_499125.1	WP_000422861.1	100	210	1.08e-144	398
YP_501112.1	WP_000827000.1	100	209	1.95e-96	276
YP_500829.1	WP_000048712.1	100	209	1.14e-150	413
YP_500589.1	WP_000153530.1	100	209	9.64e-143	393
YP_499934.1	WP_001788788.1	100	209	2.37e-143	394
YP_499349.1	WP_000070826.1	100	209	1.23e-68	205
YP_499161.1	WP_000923036.1	100	209	1.17e-143	395
YP_499155.1	WP_000882146.1	100	209	5.41e-149	409
YP_498923.1	WP_000677715.1	100	209	5.87e-128	355
YP_500746.1	WP_000688494.1	100	207	1.46e-151	416
YP_500740.1	WP_000522384.1	100	208	4.47e-152	416
YP_500421.1	WP_000669046.1	100	208	2.99e-141	389
YP_500194.1	WP_000182215.1	100	208	2.63e-135	374
YP_499588.1	WP_000668339.1	100	208	2.75e-137	379
YP_499165.1	WP_000923044.1	100	208	9.70e-147	403
YP_498951.1	WP_000746687.1	100	208	4.24e-141	389
YP_498770.1	WP_001151451.1	100	208	3.82e-153	419
YP_498721.1	WP_001216898.1	100	208	2.21e-152	417
YP_498686.1	WP_000414628.1	100	208	2.94e-132	366
YP_501121.1	WP_000656771.1	100	207	4.64e-149	409
YP_500978.1	WP_000024827.1	100	207	3.51e-144	396
YP_500477.1	WP_001045133.1	100	207	1.28e-146	402
YP_500299.1	WP_001127160.1	100	207	1.74e-144	397
YP_500224.1	WP_000648617.1	100	207	4.45e-147	404
YP_500156.1	WP_001223008.1	100	207	3.84e-157	429
YP_499863.1	WP_001208760.1	100	207	2.68e-148	407
YP_499715.1	WP_000368227.1	100	207	2.58e-146	402
YP_501293.1	WP_000759361.1	100	206	8.32e-147	403
YP_500343.1	WP_000287588.1	100	205	9.38e-148	405
YP_499698.1	WP_001117064.1	100	205	1.16e-132	367
YP_499383.1	WP_000255561.1	100	205	3.33e-132	366
YP_499260.1	WP_001191874.1	100	205	9.68e-141	387
YP_499228.1	WP_000491755.1	100	205	3.14e-146	401
YP_499112.1	WP_001039519.1	100	205	9.38e-148	405
YP_499030.1	WP_001272126.1	100	205	2.21e-146	402
YP_501463.1	WP_000944149.1	100	204	2.68e-142	391
YP_501025.1	WP_000002973.1	100	204	1.44e-146	402
YP_499949.1	WP_000084780.1	100	204	2.68e-142	391
YP_499647.1	WP_000079317.1	100	204	8.68e-148	405
YP_499602.1	WP_000170610.1	100	204	1.63e-152	417
YP_501444.1	WP_000287917.1	100	203	1.90e-146	402
YP_501274.1	WP_000435044.1	100	203	1.54e-136	377
YP_499711.1	WP_001040251.1	99.5	203	2.90e-141	389
YP_498943.1	WP_000475326.1	100	203	6.35e-145	398
YP_498864.1	WP_000394915.1	100	203	9.57e-131	362
YP_501082.1	WP_000348300.1	100	202	1.24e-155	425
YP_500926.1	WP_000333465.1	100	202	7.45e-148	405
YP_500287.1	WP_000032657.1	100	202	2.40e-144	396
YP_499878.1	WP_000972781.1	100	202	9.65e-135	372
YP_499283.1	WP_001175781.1	100	202	5.68e-152	416
YP_499095.1	WP_000020304.1	100	202	1.76e-146	402
YP_501397.1	WP_001057051.1	100	201	3.68e-143	393
YP_501009.1	WP_000913019.1	100	201	5.45e-145	398
YP_499552.1	WP_000017736.1	100	201	3.42e-148	406
YP_501137.1	WP_000706315.1	100	200	3.47e-140	386
YP_500621.1	WP_000011542.1	100	200	8.04e-142	390
YP_500334.1	WP_000090512.1	100	200	3.98e-142	390
YP_500257.1	WP_000271547.1	100	200	5.21e-138	380
YP_500005.1	WP_000774684.1	100	200	9.70e-148	406
YP_499844.1	WP_000202390.1	100	200	5.66e-142	390
YP_499518.1	WP_001033867.1	100	200	1.23e-136	377
YP_498653.1	WP_000908952.1	100	200	1.43e-135	374
YP_501326.1	WP_000136500.1	100	199	1.24e-140	387
YP_501208.1	WP_001291519.1	100	199	1.19e-138	382
YP_501156.1	WP_000162813.1	100	199	2.13e-141	389
YP_501001.1	WP_000643988.1	100	199	3.42e-147	403
YP_500836.1	WP_000273356.1	100	199	7.75e-144	395
YP_500484.1	WP_001251224.1	100	199	8.69e-141	387
YP_500165.1	WP_000863556.1	100	199	1.11e-152	417
YP_498695.1	WP_001804439.1	100	199	1.81e-133	369
YP_498694.1	WP_000874681.1	100	199	2.33e-154	421
YP_500362.1	WP_001048368.1	100	198	1.69e-142	391
YP_499027.1	WP_000559156.1	100	198	4.33e-145	398
YP_501283.1	WP_000400034.1	99.5	197	6.39e-142	390
YP_499493.1	WP_000224622.1	100	197	4.32e-140	385
YP_499444.1	WP_000035058.1	100	197	1.77e-148	406
YP_499281.1	WP_000604514.1	100	197	3.57e-148	405
YP_499157.1	WP_000882085.1	100	188	1.51e-133	369
YP_501141.1	WP_000606768.1	99.5	191	9.99e-142	389
YP_500733.1	WP_001293058.1	100	196	4.87e-141	387
YP_500282.1	WP_000867697.1	100	196	1.19e-141	389
YP_501366.1	WP_000151112.1	100	195	1.35e-142	391
YP_499996.1	WP_000152734.1	100	195	1.91e-142	391
YP_499651.1	WP_000659317.1	100	195	1.29e-140	386
YP_499347.1	WP_001049165.1	100	195	4.85e-136	375
YP_498849.1	WP_000583198.1	100	195	1.67e-127	353
YP_500206.1	WP_001019324.1	100	194	1.46e-141	389
YP_499277.1	WP_000637687.1	100	194	1.73e-124	345
YP_499215.1	WP_000867203.1	100	194	1.10e-136	376
YP_500141.1	WP_000737686.1	100	193	6.34e-99	281
YP_498949.1	WP_000158374.1	100	193	1.20e-144	396
YP_501460.1	WP_000640266.1	100	192	9.47e-137	376
YP_501459.1	WP_000635623.1	100	192	6.19e-142	389
YP_499793.1	WP_001025093.1	100	192	2.21e-126	350
YP_498961.1	WP_000421410.1	100	192	3.17e-135	372
YP_498771.1	WP_000166917.1	100	192	2.43e-148	405
YP_501480.1	WP_000174578.1	100	191	3.19e-139	382
YP_499997.1	WP_000005213.1	100	191	3.06e-137	377
YP_499848.1	WP_001803470.1	100	191	4.53e-139	382
YP_499571.1	WP_000033477.1	100	191	4.18e-135	372
YP_499454.1	WP_000007967.1	100	191	6.65e-132	364
YP_500770.1	WP_000718955.1	100	190	5.53e-144	394
YP_500006.1	WP_000450553.1	100	190	9.50e-136	374
YP_499734.1	WP_001548538.1	100	190	3.05e-132	365
YP_499325.1	WP_000617735.1	100	190	9.12e-134	369
YP_499054.1	WP_000649791.1	100	190	5.10e-140	384
YP_498945.1	WP_000769720.1	100	190	1.34e-126	350
YP_498779.1	WP_000603755.1	100	164	5.23e-109	305
YP_501492.1	WP_001054117.1	99.5	189	1.35e-130	360
YP_501344.1	WP_011447076.1	100	189	9.87e-133	366
YP_501190.1	WP_001080281.1	100	189	1.83e-146	402
YP_501064.1	WP_001185193.1	100	189	5.67e-107	301
YP_500743.1	WP_001105707.1	100	189	1.45e-125	348
YP_500207.1	WP_000725162.1	100	189	2.74e-139	382
YP_499377.1	WP_001106654.1	100	189	5.75e-141	387
YP_499162.1	WP_000882182.1	100	189	1.60e-100	285
YP_499088.1	WP_000872873.1	100	189	1.93e-139	383
YP_498954.1	WP_000052781.1	100	189	2.44e-142	390
YP_500444.1	WP_001092763.1	100	188	1.77e-130	360
YP_499894.1	WP_000604817.1	100	188	5.32e-141	387
YP_499566.1	WP_000238664.1	100	188	5.74e-136	374
YP_499247.1	WP_000820892.1	100	188	2.53e-139	382
YP_499115.1	WP_000677261.1	100	188	2.84e-136	375
YP_498910.1	WP_001028431.1	100	188	1.07e-131	363
YP_501388.1	WP_000198598.1	100	187	3.31e-130	359
YP_500640.1	WP_000182842.1	100	187	9.56e-139	381
YP_500381.1	WP_000764419.1	100	187	2.17e-135	372
YP_499981.1	WP_000241308.1	100	187	4.05e-140	384
YP_499695.1	WP_000018608.1	100	187	1.24e-125	348
YP_501450.1	WP_000653261.1	100	186	4.54e-132	364
YP_501430.1	WP_000088195.1	100	186	2.42e-127	352
YP_500789.1	WP_001092411.1	100	186	4.73e-134	369
YP_500629.1	WP_000149686.1	100	186	4.57e-141	387
YP_500273.1	WP_001001228.1	100	186	1.36e-142	390
YP_499382.1	WP_001140693.1	100	186	9.73e-140	384
YP_499186.1	WP_001044914.1	100	186	6.20e-130	358
YP_499073.1	WP_000690439.1	100	186	4.73e-134	369
YP_501350.1	WP_001224188.1	100	185	1.26e-133	368
YP_500468.1	WP_000477959.1	100	185	6.99e-131	361
YP_500139.1	WP_000626504.1	100	185	4.04e-130	359
YP_499623.1	WP_000872158.1	100	185	1.41e-130	360
YP_499152.1	WP_000898356.1	99.5	185	3.87e-131	362
YP_498726.1	WP_000825098.1	100	185	6.99e-131	361
YP_501469.1	WP_000743717.1	100	184	1.31e-130	360
YP_501014.1	WP_000208733.1	100	184	7.18e-119	330
YP_500602.1	WP_000613733.1	100	184	2.18e-138	380
YP_500457.1	WP_000132889.1	100	184	6.01e-136	374
YP_499769.1	WP_001280006.1	100	184	3.05e-120	334
YP_501092.1	WP_000828570.1	100	183	3.09e-133	367
YP_500423.1	WP_000414205.1	100	183	2.27e-135	372
YP_499587.1	WP_000957036.1	100	183	2.54e-132	364
YP_499532.1	WP_000620953.1	100	183	1.37e-136	375
YP_498649.1	WP_000627024.1	100	183	7.59e-134	368
YP_501323.1	WP_000665238.1	100	182	9.60e-132	363
YP_499126.2	WP_001051594.1	100	182	4.92e-125	346
YP_499090.1	WP_001288302.1	100	182	1.08e-128	355
YP_500023.1	WP_001186912.1	100	181	2.61e-115	321
YP_499761.1	WP_000072681.1	100	181	7.56e-124	343
YP_499154.1	WP_000882165.1	100	181	9.34e-119	331
YP_498913.1	WP_000467652.1	100	181	2.27e-134	369
YP_500501.1	WP_000251253.1	100	180	3.37e-140	384
YP_500108.1	WP_000365246.1	100	180	3.10e-127	351
YP_500103.1	WP_000368653.1	100	180	1.16e-122	340
YP_499807.1	WP_001077635.1	100	180	1.54e-127	352
YP_499576.1	WP_000505965.1	100	180	1.04e-125	347
YP_499294.1	WP_000197271.1	100	180	7.34e-135	370
YP_499246.1	WP_000638613.1	100	180	2.66e-137	377
YP_500967.1	WP_001080824.1	100	179	1.94e-125	347
YP_500823.1	WP_000241351.1	100	179	2.27e-124	344
YP_500455.1	WP_001086053.1	100	151	4.33e-109	304
YP_500176.1	WP_001789866.1	99.4	179	1.28e-125	348
YP_500162.1	WP_000164545.1	100	179	4.42e-131	361
YP_499594.1	WP_001020625.1	100	179	6.77e-126	348
YP_499387.1	WP_000422908.1	100	179	3.94e-134	369
YP_499062.1	WP_000551283.1	100	179	2.02e-127	352
YP_501393.1	WP_000601724.1	100	178	1.55e-135	372
YP_501148.1	WP_000169315.1	100	178	1.74e-132	364
YP_500964.1	WP_000091975.1	100	178	5.16e-125	345
YP_500911.1	WP_000825819.1	100	178	6.02e-124	343
YP_499167.1	WP_000633782.1	100	178	4.26e-133	366
YP_499042.1	WP_000700080.1	100	178	4.07e-122	338
YP_498965.1	WP_000551776.1	100	178	1.37e-129	357
YP_499957.1	WP_000159902.1	100	177	8.63e-137	375
YP_499846.1	WP_000841351.1	100	177	1.74e-127	352
YP_498651.1	WP_000543163.1	100	177	1.32e-131	362
YP_501058.1	WP_000904065.1	100	176	1.27e-124	344
YP_500845.1	WP_000701483.1	100	176	1.11e-109	306
YP_500604.1	WP_000548781.1	100	176	1.60e-118	329
YP_500583.1	WP_000184383.1	100	176	2.67e-126	348
YP_500263.1	WP_001259925.1	100	176	5.13e-115	320
YP_499514.1	WP_000287271.1	99.4	176	3.92e-131	361
YP_499367.1	WP_001167175.1	100	176	5.39e-126	348
YP_501423.1	WP_001044560.1	100	175	9.30e-122	337
YP_500291.1	WP_001791162.1	99.4	175	1.48e-118	329
YP_500211.1	WP_000524902.1	100	175	1.55e-129	357
YP_499704.1	WP_000003870.1	100	175	6.28e-120	332
YP_500831.1	WP_000654185.1	100	174	9.34e-126	347
YP_500639.1	WP_000966288.1	100	174	1.89e-125	346
YP_500148.1	WP_001015117.1	100	174	5.01e-130	358
YP_499455.1	WP_000758215.1	100	174	3.66e-123	340
YP_499087.1	WP_000664738.1	100	174	3.13e-124	343
YP_499024.1	WP_001167828.1	100	174	1.68e-128	354
YP_501317.1	WP_000455987.1	100	173	1.10e-128	354
YP_500843.1	WP_000036005.1	100	173	1.38e-122	339
YP_500824.1	WP_000140679.1	100	173	9.88e-91	258
YP_499641.1	WP_000234068.1	100	173	9.63e-114	317
YP_499366.1	WP_000608179.1	100	173	6.57e-121	335
YP_499170.1	WP_001788287.1	100	173	3.82e-129	355
YP_500449.1	WP_000504439.1	100	172	8.35e-128	352
YP_500250.1	WP_000364542.1	100	172	2.21e-123	341
YP_499312.1	WP_000287207.1	100	172	3.27e-125	345
YP_501471.1	WP_000181129.1	100	171	1.97e-121	336
YP_501113.1	WP_000907311.1	100	171	2.59e-126	348
YP_500921.1	WP_000684746.1	100	171	1.82e-126	348
YP_500895.1	WP_000147094.1	100	171	2.68e-119	330
YP_500510.1	WP_000163283.1	100	171	2.05e-123	341
YP_499470.1	WP_000695342.1	100	171	2.70e-128	353
YP_501483.1	WP_000410771.1	100	170	7.91e-107	299
YP_498735.1	WP_000171919.1	100	170	7.43e-121	334
YP_500909.1	WP_000215236.1	100	169	1.73e-105	295
YP_500777.1	WP_001190829.1	100	159	7.70e-109	303
YP_499951.1	WP_000620194.1	100	169	2.60e-125	345
YP_499887.1	WP_001024830.1	100	169	2.23e-126	348
YP_499504.1	WP_000600392.1	100	169	2.40e-121	335
YP_501061.1	WP_001051556.1	100	168	3.04e-119	330
YP_501007.1	WP_000503820.1	100	168	2.92e-117	325
YP_500105.1	WP_001183429.1	100	168	4.49e-121	335
YP_499657.1	WP_000584398.1	100	168	3.38e-107	300
YP_499222.1	WP_000940134.1	100	168	4.68e-123	340
YP_499180.1	WP_000735558.1	100	168	7.46e-120	332
YP_500814.1	WP_000846746.1	100	146	1.34e-101	285
YP_500463.1	WP_000737976.1	100	167	7.49e-124	342
YP_499746.1	WP_001261987.1	98.8	167	1.40e-119	331
YP_499652.1	WP_000049484.1	100	167	4.69e-127	350
YP_498938.1	WP_000934799.1	100	167	1.74e-104	293
YP_501446.1	WP_000244278.1	100	166	7.79e-121	334
YP_501345.1	WP_001795157.1	100	166	5.48e-121	334
YP_501037.1	WP_000737705.1	100	166	6.73e-97	273
YP_500962.1	WP_000113851.1	100	166	2.31e-113	315
YP_500600.1	WP_000949467.1	100	166	3.71e-119	330
YP_500324.1	WP_000634175.1	100	166	2.51e-117	325
YP_499955.1	WP_000473652.1	100	166	1.51e-118	328
YP_499299.1	WP_000930014.1	100	166	3.86e-130	357
YP_499093.1	WP_001273085.1	100	166	1.06e-109	306
YP_498869.1	WP_000142102.1	100	166	1.35e-121	336
YP_498868.1	WP_000141947.1	100	166	1.07e-127	351
YP_498867.2	WP_000141942.1	100	166	8.11e-123	339
YP_498866.1	WP_000142176.1	95.2	166	7.19e-117	324
YP_501488.1	WP_000586232.1	100	165	2.94e-120	332
YP_501466.1	WP_000610978.1	100	165	3.87e-125	345
YP_501400.1	WP_001065268.1	100	165	3.58e-121	335
YP_500150.2	WP_001789864.1	100	165	4.47e-106	296
YP_499658.1	WP_000791587.1	100	165	2.97e-95	269
YP_499217.1	WP_001164085.1	100	165	5.48e-116	322
YP_498751.1	WP_001804441.1	100	165	4.35e-122	338
YP_501006.1	WP_000134528.1	100	164	8.10e-113	313
YP_500327.1	WP_000136253.1	100	164	6.43e-119	329
YP_499384.1	WP_000569884.1	100	164	5.29e-118	327
YP_499317.1	WP_000899890.1	100	164	8.10e-113	313
YP_501294.1	WP_000621927.1	100	163	2.08e-119	330
YP_501086.1	WP_000234728.1	100	163	3.43e-109	304
YP_500786.1	WP_001205910.1	100	163	2.62e-113	315
YP_500359.1	WP_000383814.1	100	163	3.39e-46	145
YP_499804.1	WP_000842277.1	100	163	2.22e-105	295
YP_499702.1	WP_000549207.1	100	163	3.43e-109	304
YP_498862.1	WP_000142049.1	100	163	3.59e-120	332
YP_501339.1	WP_000996735.1	100	162	6.46e-118	326
YP_501336.1	WP_001795496.1	100	162	2.25e-118	327
YP_499721.1	WP_000985293.1	100	162	4.90e-113	314
YP_499241.1	WP_000152582.1	100	162	4.16e-105	294
YP_499076.1	WP_000882069.1	100	162	6.80e-119	330
YP_498870.1	WP_000142094.1	100	162	1.47e-123	340
YP_501004.1	WP_000602937.1	100	161	3.33e-115	319
YP_500412.1	WP_000093392.1	100	161	3.08e-120	332
YP_499340.1	WP_001224793.1	100	161	3.50e-92	261
YP_499014.1	WP_000183669.1	100	161	5.99e-118	326
YP_500638.1	WP_001033971.1	100	160	8.05e-87	248
YP_499621.1	WP_000401377.1	100	160	2.09e-113	315
YP_499607.1	WP_000614712.1	100	160	2.35e-119	330
YP_499264.1	WP_001107241.1	100	160	3.47e-112	311
YP_499191.1	WP_001071973.1	100	160	1.65e-110	307
YP_498655.1	WP_000410568.1	100	160	2.63e-107	299
YP_500788.1	WP_001287088.1	100	159	7.89e-113	313
YP_499959.1	WP_000175746.1	100	159	5.35e-120	331
YP_499438.1	WP_000290674.1	100	159	5.75e-106	296
YP_498745.1	WP_001802886.1	100	159	3.48e-116	322
YP_498633.1	WP_000704776.1	99.4	159	2.96e-108	301
YP_501445.1	WP_000301926.1	100	158	4.77e-118	326
YP_500223.1	WP_000431312.1	100	158	2.75e-108	301
YP_499814.1	WP_000448078.1	100	158	1.66e-118	327
YP_499168.1	WP_000477504.1	100	158	1.08e-114	318
YP_499068.1	WP_000613716.1	100	158	5.36e-115	318
YP_501189.1	WP_000456489.1	100	157	5.80e-114	316
YP_501043.1	WP_000840811.1	100	157	9.58e-104	290
YP_500891.1	WP_000636857.1	100	157	1.13e-111	310
YP_500414.1	WP_000672014.1	100	157	9.63e-113	313
YP_500266.1	WP_001236735.1	100	157	3.62e-108	301
YP_499903.1	WP_000523665.1	100	157	2.46e-115	319
YP_499275.1	WP_001037807.1	100	157	1.04e-107	300
YP_499235.1	WP_000833483.1	100	157	7.34e-117	323
YP_498668.1	WP_000036327.1	100	157	1.66e-113	315
YP_500852.1	WP_000164421.1	100	156	1.00e-118	328
YP_500485.1	WP_000181398.1	100	156	1.43e-118	327
YP_500398.1	WP_000671063.1	100	156	8.93e-113	313
YP_500297.1	WP_000650082.1	100	156	1.04e-111	310
YP_499620.1	WP_001263796.1	100	156	9.77e-111	308
YP_499548.1	WP_000088431.1	100	156	1.32e-114	317
YP_499372.1	WP_000824472.1	100	156	4.77e-108	301
YP_499113.1	WP_000180281.1	100	156	6.29e-113	313
YP_499100.1	WP_001137495.1	100	156	6.04e-111	308
YP_501173.1	WP_000200948.1	100	155	3.89e-63	187
YP_501151.1	WP_000153344.1	100	155	2.56e-107	299
YP_500183.1	WP_000494134.1	100	155	6.81e-112	310
YP_499876.1	WP_000640487.1	100	155	7.08e-114	315
YP_499775.1	WP_000036631.1	100	155	5.17e-107	298
YP_499456.1	WP_000711486.1	100	155	1.33e-117	326
YP_498809.1	WP_000531476.1	100	155	2.11e-106	296
YP_501477.1	WP_000208915.1	100	154	6.57e-114	315
YP_500586.1	WP_000228666.1	100	154	1.96e-115	319
YP_500476.1	WP_000375864.1	100	154	3.25e-114	316
YP_500388.1	WP_001008551.1	100	154	5.60e-106	295
YP_500333.1	WP_000207845.1	100	154	1.05e-110	307
YP_500138.1	WP_001009516.1	100	154	1.54e-103	289
YP_499404.1	WP_001010508.1	100	154	2.03e-108	301
YP_499360.1	WP_001085185.1	100	154	1.23e-109	305
YP_499613.1	WP_000538766.1	100	153	5.63e-110	305
YP_499075.1	WP_000551762.1	100	153	7.68e-108	300
YP_501424.1	WP_000734803.1	100	152	4.64e-41	131
YP_501277.1	WP_001803115.1	100	152	8.62e-100	280
YP_499356.1	WP_000785252.1	100	152	8.98e-102	285
YP_499248.1	WP_000148828.1	100	152	3.53e-108	301
YP_499193.1	WP_000406611.1	100	145	9.96e-93	261
YP_498853.1	WP_000928935.1	100	152	4.45e-102	285
YP_501412.1	WP_000106185.1	100	151	5.43e-107	298
YP_501218.1	WP_000732082.1	100	151	1.38e-100	281
YP_501108.1	WP_000793169.1	100	151	4.09e-93	263
YP_500774.1	WP_001058111.1	100	151	1.82e-114	317
YP_500496.1	WP_000939521.1	100	151	1.69e-110	306
YP_500418.1	WP_011443643.1	100	151	2.40e-110	306
YP_500258.1	WP_000368902.1	100	151	3.39e-101	283
YP_501139.1	WP_000186933.1	100	150	9.05e-110	305
YP_501023.1	WP_000634589.1	100	150	2.05e-106	296
YP_500827.1	WP_001801792.1	100	150	2.40e-105	293
YP_500248.1	WP_000869983.1	100	150	1.24e-107	299
YP_500131.1	WP_001124985.1	100	150	2.05e-106	296
YP_499263.1	WP_000216727.1	100	150	1.10e-101	284
YP_499139.1	WP_000498572.1	100	150	3.98e-104	290
YP_498623.1	WP_000864297.1	100	150	3.83e-102	285
YP_501421.1	WP_000748760.1	100	149	1.10e-105	294
YP_501365.1	WP_000125708.1	100	149	8.07e-108	300
YP_500220.1	WP_001019337.1	100	149	9.78e-100	279
YP_500107.1	WP_000392691.1	100	149	1.34e-106	296
YP_501131.1	WP_000289213.1	100	148	2.23e-100	281
YP_501003.1	WP_000808500.1	100	148	3.71e-108	300
YP_500494.1	WP_000110011.1	100	148	6.40e-109	302
YP_500337.1	WP_000553926.1	100	148	1.70e-104	291
YP_500152.1	WP_001790850.1	100	148	8.71e-98	274
YP_501383.1	WP_000708242.1	100	147	1.40e-107	299
YP_501107.1	WP_000977037.1	100	147	5.07e-101	282
YP_500858.1	WP_000070866.1	100	147	1.11e-104	291
YP_500731.1	WP_000022887.1	100	147	1.35e-105	294
YP_500400.1	WP_001030465.1	100	147	2.14e-93	263
YP_500399.1	WP_001153742.1	100	147	1.57e-104	291
YP_499253.1	WP_001283444.1	100	147	1.40e-98	276
YP_499243.1	WP_001259678.1	100	147	4.02e-107	298
YP_498902.1	WP_000050762.1	100	147	8.76e-102	284
YP_498827.1	WP_001792906.1	100	147	6.12e-93	262
YP_500994.1	WP_000951058.1	100	146	4.89e-103	287
YP_500960.1	WP_000766074.1	100	146	3.18e-99	278
YP_500815.1	WP_000447678.1	100	146	4.36e-106	295
YP_499680.1	WP_001289711.1	100	146	2.73e-109	303
YP_499276.1	WP_001093553.1	100	146	1.11e-99	279
YP_498906.1	WP_000335332.1	100	146	5.51e-109	302
YP_500947.1	WP_001250038.1	100	145	4.91e-107	297
YP_500732.1	WP_011447041.1	100	145	1.90e-86	245
YP_500125.1	WP_000367419.1	100	145	5.74e-106	295
YP_499961.1	WP_000995287.1	100	145	2.63e-102	285
YP_501285.1	WP_000376235.1	100	144	8.17e-101	281
YP_500972.1	WP_000926310.1	100	144	2.09e-103	288
YP_500878.1	WP_001292149.1	100	144	2.25e-98	275
YP_500761.1	WP_000590798.1	100	144	3.32e-102	285
YP_499616.1	WP_000606480.1	100	144	5.53e-99	277
YP_499547.1	WP_000491986.1	100	144	2.09e-103	288
YP_499417.1	WP_000273980.1	100	144	1.03e-103	289
YP_501311.1	WP_000455861.1	100	143	4.06e-105	292
YP_501118.1	WP_001253464.1	100	143	1.79e-99	278
YP_500202.1	WP_000439693.1	100	143	5.95e-107	297
YP_500003.1	WP_000442480.1	100	143	2.37e-103	288
YP_499684.1	WP_000480800.1	100	143	7.01e-106	294
YP_501132.1	WP_001797427.1	100	142	1.94e-98	275
YP_500922.1	WP_000974608.1	100	142	6.76e-99	276
YP_500229.1	WP_000939059.1	100	142	5.78e-100	279
YP_499956.1	WP_000913315.1	100	142	4.76e-108	300
YP_499869.1	WP_000966142.1	100	142	3.52e-97	273
YP_499441.1	WP_001081626.1	100	142	2.75e-98	275
YP_499221.1	WP_000198504.1	100	142	1.48e-102	286
YP_499233.1	WP_001090985.1	99.2	119	4.74e-78	223
YP_499188.1	WP_000661906.1	100	141	4.76e-94	264
YP_501237.1	WP_001034756.1	100	140	5.82e-99	276
YP_501233.1	WP_001146763.1	100	140	6.05e-101	281
YP_501127.1	WP_000071911.1	100	140	8.26e-99	276
YP_501036.1	WP_000206108.1	100	140	4.08e-90	254
YP_500466.1	WP_000004981.1	100	140	4.43e-103	287
YP_500372.1	WP_001051860.1	100	140	8.85e-85	241
YP_499385.1	WP_000974460.1	100	140	3.50e-100	280
YP_499261.1	WP_000776018.1	100	140	7.07e-100	279
YP_499091.1	WP_001085792.1	100	140	5.37e-95	266
YP_501235.1	WP_000038231.1	100	139	1.95e-92	260
YP_501234.1	WP_000037508.1	100	139	1.09e-98	276
YP_501087.1	WP_000128656.1	100	139	1.32e-99	278
YP_501070.1	WP_000920239.1	100	139	7.37e-106	294
YP_500832.1	WP_000697334.1	100	139	2.29e-100	280
YP_499600.1	WP_001080462.1	100	139	6.03e-87	246
YP_499558.1	WP_000861572.1	100	139	5.64e-92	259
YP_499544.1	WP_000278015.1	100	139	8.61e-96	268
YP_499279.1	WP_000941336.1	100	139	1.74e-104	290
YP_498904.1	WP_000397416.1	100	139	1.67e-93	263
YP_501378.1	WP_001237629.1	100	138	2.89e-89	252
YP_501270.1	WP_001117054.1	100	138	3.96e-96	269
YP_500929.1	WP_000850011.1	100	138	1.18e-97	273
YP_499149.1	WP_001047239.1	99.3	138	1.61e-99	278
YP_499001.1	WP_001789536.1	100	138	1.55e-93	263
YP_500859.1	WP_001123303.1	100	137	9.00e-106	293
YP_500596.1	WP_001549145.1	100	137	1.89e-98	275
YP_500319.1	WP_000277602.1	100	137	4.63e-90	254
YP_499099.1	WP_001142337.1	100	137	3.67e-96	269
YP_501304.1	WP_000206033.1	100	136	2.13e-99	277
YP_501021.1	WP_000612128.1	100	136	3.68e-100	279
YP_500759.1	WP_000372758.1	99.3	136	8.60e-103	286
YP_500166.1	WP_001095260.1	100	136	2.49e-98	275
YP_498960.1	WP_000763768.1	100	135	1.02e-92	260
YP_498685.1	WP_000094899.1	100	135	2.59e-86	244
YP_500819.1	WP_001094394.1	100	134	2.14e-89	252
YP_500181.1	WP_000121875.1	100	134	2.15e-98	275
YP_499085.1	WP_000370182.1	100	134	1.29e-90	255
YP_498835.1	WP_000747873.1	100	134	1.34e-92	260
YP_500634.1	WP_000205106.1	100	133	1.92e-96	270
YP_500382.1	WP_000757543.1	100	133	5.94e-91	256
YP_499968.1	WP_001062936.1	100	133	2.33e-97	272
YP_499929.1	WP_000876201.1	100	133	8.74e-84	238
YP_499713.1	WP_000354184.1	100	133	3.31e-97	271
YP_499686.1	WP_000257598.1	100	133	2.51e-83	236
YP_499656.1	WP_000739563.1	100	133	3.06e-93	261
YP_499060.1	WP_000021445.1	100	133	5.48e-87	246
YP_500965.1	WP_000178881.1	100	132	3.88e-91	256
YP_500946.1	WP_001790547.1	99.2	130	7.04e-89	250
YP_499301.1	WP_000692521.1	100	132	6.19e-97	271
YP_499205.1	WP_000832260.1	100	132	1.78e-96	270
YP_498872.1	WP_000415675.1	100	132	1.84e-80	229
YP_501493.1	WP_000779136.1	100	131	8.49e-90	253
YP_501308.1	WP_000549734.1	100	131	6.71e-87	245
YP_500813.1	WP_000932694.1	100	131	3.20e-94	264
YP_500481.1	WP_000901021.1	100	131	3.59e-82	233
YP_500395.1	WP_000163235.1	100	131	1.71e-98	275
YP_499487.1	WP_000258003.1	100	131	3.08e-92	259
YP_499244.1	WP_000733431.1	100	131	2.19e-34	112
YP_499013.1	WP_000588527.1	100	131	7.86e-95	265
YP_501251.1	WP_000755954.1	100	130	2.09e-94	264
YP_499792.1	WP_000859443.1	100	130	2.97e-85	241
YP_499059.1	WP_000792417.1	100	130	3.07e-78	223
YP_498857.1	WP_001010289.1	100	130	8.51e-85	240
YP_498839.1	WP_001159765.1	100	130	2.01e-92	259
YP_500980.1	WP_000788442.1	99.2	129	1.12e-84	239
YP_500954.1	WP_000101625.1	100	129	3.35e-86	243
YP_500135.1	WP_000087385.1	100	129	8.89e-91	255
YP_499619.1	WP_000814565.1	100	129	9.98e-97	270
YP_499460.1	WP_000902817.1	100	129	2.36e-86	244
YP_498919.1	WP_000886005.1	100	129	2.27e-93	261
YP_501185.1	WP_000779358.1	100	128	3.78e-87	246
YP_500592.1	WP_001110179.1	100	128	3.11e-86	243
YP_500144.1	WP_001276571.1	100	128	3.23e-88	248
YP_499394.1	WP_001018962.1	100	128	1.73e-92	259
YP_501125.2	WP_000664394.1	99.2	127	4.27e-88	248
YP_500427.1	WP_000070812.1	100	127	4.61e-83	235
YP_499443.1	WP_000781156.1	100	127	1.22e-87	247
YP_499415.1	WP_000598444.1	100	127	6.81e-94	263
YP_499322.1	WP_001804582.1	100	127	4.27e-88	248
YP_499173.1	WP_000359086.1	99.2	127	5.27e-89	251
YP_498950.1	WP_000868248.1	100	127	6.04e-79	225
YP_498731.1	WP_001237004.1	100	127	1.80e-80	229
YP_500645.1	WP_000691584.1	100	126	4.45e-85	240
YP_499390.1	WP_000290485.1	100	126	1.55e-85	241
YP_499136.1	WP_000934517.1	100	126	5.41e-86	243
YP_499047.1	WP_000691766.1	100	126	6.58e-87	245
YP_501347.1	WP_000616227.1	100	125	7.71e-90	252
YP_499731.1	WP_000171418.1	100	124	6.37e-84	237
YP_499434.1	WP_000149295.1	100	124	2.05e-89	251
YP_499183.1	WP_001018677.1	100	124	7.16e-81	229
YP_498871.1	WP_000822161.1	100	124	5.45e-85	240
YP_501369.1	WP_000621532.1	100	123	3.34e-84	238
YP_500119.1	WP_000413437.1	100	123	7.47e-87	244
YP_499475.1	WP_000915155.1	100	123	2.14e-77	221
YP_501359.1	WP_000066352.1	100	122	2.51e-80	228
YP_500969.1	WP_000615921.1	100	122	3.31e-85	240
YP_500952.1	WP_000542274.1	100	122	2.07e-79	226
YP_499817.1	WP_000624945.1	100	122	1.84e-82	233
YP_499137.1	WP_000765183.1	100	122	1.15e-76	219
YP_499094.1	WP_001273586.1	100	122	1.57e-74	213
YP_498944.1	WP_000849177.1	100	122	1.84e-82	233
YP_501230.1	WP_000910581.1	100	121	1.71e-82	233
YP_501130.1	WP_000727537.1	100	121	1.64e-80	228
YP_500955.1	WP_000090796.1	100	121	4.71e-80	227
YP_500467.1	WP_000648118.1	100	121	1.03e-83	236
YP_500404.1	WP_001200542.1	100	121	9.90e-82	231
YP_499803.1	WP_000282388.1	100	121	6.70e-80	227
YP_499131.1	WP_001165058.1	100	121	2.24e-87	246
YP_499067.1	WP_001154302.1	100	121	1.52e-85	241
YP_500782.1	WP_000621175.1	100	120	7.56e-81	229
YP_500136.1	WP_000241588.1	100	120	1.26e-79	226
YP_499216.1	WP_001124167.1	100	120	4.55e-82	232
YP_499123.1	WP_001547756.1	100	120	3.08e-89	250
YP_499000.1	WP_000831495.1	100	120	1.59e-82	233
YP_008530241.1	WP_000910489.1	100	120	2.44e-77	220
YP_501443.1	WP_000603480.1	100	119	3.35e-79	225
YP_500963.1	WP_000623881.1	100	119	1.94e-78	223
YP_500785.1	WP_000581200.1	100	119	1.31e-85	241
YP_500431.1	WP_001037045.1	95.8	119	1.31e-75	216
YP_499430.1	WP_001143497.1	100	119	3.90e-87	245
YP_498969.1	WP_001021622.1	100	119	1.86e-76	218
YP_498740.1	WP_001092004.1	100	119	1.79e-83	236
YP_501128.1	WP_000727328.1	100	118	1.60e-72	208
YP_501053.1	WP_000917664.1	100	118	8.03e-57	168
YP_500289.1	WP_001138360.1	100	118	3.63e-78	222
YP_499528.1	WP_000766009.1	100	118	6.78e-83	234
YP_499436.1	WP_000590451.1	100	118	1.53e-70	203
YP_499389.1	WP_000589549.1	100	118	1.22e-85	241
YP_498799.1	WP_000215216.1	100	118	7.04e-85	239
YP_501499.1	WP_001789343.1	100	117	8.28e-79	224
YP_501494.1	WP_000491382.1	100	117	6.55e-76	216
YP_500974.1	WP_000387527.1	100	117	4.61e-76	217
YP_500405.1	WP_000623471.1	100	117	9.51e-60	176
YP_500205.1	WP_001088022.1	100	117	8.61e-81	229
YP_501157.1	WP_000819843.1	99.1	116	1.84e-80	228
YP_500996.1	WP_000066900.1	100	116	2.21e-78	223
YP_500853.1	WP_001024035.1	100	116	6.58e-80	226
YP_499982.1	WP_001000800.1	100	116	4.63e-80	227
YP_499780.1	WP_000097322.1	100	116	3.13e-78	222
YP_499748.1	WP_000181404.1	100	116	3.13e-78	222
YP_499659.1	WP_000669537.1	100	116	8.99e-78	221
YP_501027.1	WP_000036076.1	100	115	2.39e-77	220
YP_499494.1	WP_001242102.1	100	115	1.89e-83	235
YP_499259.1	WP_000154465.1	100	93	1.05e-60	177
YP_499035.2	WP_000375686.1	100	115	3.54e-79	224
YP_501303.1	WP_000240662.1	100	114	2.40e-81	230
YP_500474.1	WP_000290301.1	100	114	2.31e-70	202
YP_500422.1	WP_000627551.1	100	114	1.15e-79	226
YP_500182.1	WP_000819532.1	100	114	1.10e-68	198
YP_499980.1	WP_001286320.1	100	114	3.42e-72	207
YP_499909.1	WP_000171798.1	100	114	5.25e-76	216
YP_499445.1	WP_001067294.1	99.1	114	6.69e-79	224
YP_499189.1	WP_001048985.1	100	114	3.99e-71	204
YP_498788.1	WP_000211597.1	100	114	1.51e-75	215
YP_499986.1	WP_000182019.1	100	113	3.71e-80	227
YP_499836.1	WP_000891995.1	100	113	1.13e-77	221
YP_499147.1	WP_000798967.1	100	113	1.98e-66	192
YP_501476.1	WP_000116417.1	100	112	1.99e-79	225
YP_501115.1	WP_000241602.1	100	111	1.33e-79	226
YP_500840.1	WP_000451438.1	100	111	6.45e-80	226
YP_499978.1	WP_000516800.1	100	110	2.26e-75	214
YP_499743.1	WP_000531320.1	100	110	3.46e-61	179
YP_498895.2	WP_000731878.1	100	110	3.22e-75	214
YP_501381.1	WP_001791775.1	100	109	4.60e-70	201
YP_501050.2	WP_000606726.1	100	109	7.62e-78	221
YP_500157.1	WP_001018871.1	100	109	1.17e-72	207
YP_499654.1	WP_000739209.1	100	109	1.87e-69	199
YP_499539.1	WP_000284457.1	100	109	3.22e-79	224
YP_499440.1	WP_000402803.1	100	109	1.05e-69	200
YP_499031.1	WP_000781979.1	100	109	4.41e-77	219
YP_498619.1	WP_000628050.1	100	109	3.49e-65	189
YP_501245.1	WP_000495498.1	100	108	1.88e-73	209
YP_501077.1	WP_000966695.1	100	108	9.32e-74	210
YP_501029.1	WP_000599587.1	100	108	1.22e-78	223
YP_500778.1	WP_001052491.1	100	108	4.79e-76	216
YP_500619.1	WP_000434933.1	100	108	3.50e-78	221
YP_498730.1	WP_000480603.1	100	108	6.81e-76	216
YP_499634.1	WP_000670950.1	100	107	7.69e-77	218
YP_499427.1	WP_000401414.1	100	107	6.57e-78	221
YP_499362.1	WP_001058299.1	100	107	3.27e-69	199
YP_498993.1	WP_000971498.1	100	107	3.27e-69	199
YP_501258.1	WP_000998869.1	100	106	1.18e-73	210
YP_500865.1	WP_000003759.1	100	106	2.22e-71	204
YP_500261.1	WP_000633692.1	100	106	1.14e-73	210
YP_500151.1	WP_000844413.1	100	99	1.30e-64	187
YP_499522.1	WP_000668623.1	100	106	5.45e-72	206
YP_499388.1	WP_001190695.1	100	106	2.13e-78	222
YP_499314.1	WP_000985617.1	100	106	4.14e-76	216
YP_500989.1	WP_001161085.1	100	105	1.98e-60	176
YP_500968.1	WP_000547687.1	100	105	8.74e-73	207
YP_499994.1	WP_000839926.1	100	105	5.06e-72	206
YP_499778.1	WP_000020853.1	100	105	1.06e-73	210
YP_499556.1	WP_001037831.1	100	105	2.41e-70	201
YP_499492.1	WP_000214065.1	100	105	3.32e-78	222
YP_499026.1	WP_001213992.1	100	105	5.46e-58	170
YP_498860.1	WP_000175722.1	100	105	3.56e-72	206
YP_501145.1	WP_000448222.1	100	104	3.57e-76	216
YP_500393.1	WP_000221179.1	100	104	2.83e-73	209
YP_499854.1	WP_000580198.1	100	104	5.93e-75	213
YP_499644.1	WP_001018928.1	100	104	2.94e-75	214
YP_499407.1	WP_000274029.1	100	104	1.92e-62	181
YP_499310.1	WP_001127269.1	100	104	1.44e-84	237
YP_498994.1	WP_000172543.1	100	104	2.24e-70	201
YP_498858.1	WP_000509668.1	100	104	1.11e-70	202
YP_500918.1	WP_001078309.1	100	103	2.44e-69	199
YP_500377.1	WP_000836465.1	100	103	1.52e-72	207
YP_500366.1	WP_000163826.1	100	103	2.96e-70	201
YP_500364.1	WP_000811163.1	100	103	3.19e-74	211
YP_500153.1	WP_000472256.1	100	103	3.75e-64	186
YP_501254.1	WP_000217710.1	100	102	1.37e-61	179
YP_500262.1	WP_000457386.1	100	102	9.24e-69	197
YP_500228.1	WP_000134779.1	100	102	1.31e-68	197
YP_499932.1	WP_000269923.1	100	102	2.33e-80	226
YP_498988.1	WP_000669519.1	100	102	7.90e-70	200
YP_008530243.1	WP_001118667.1	100	102	7.90e-70	200
YP_501452.1	WP_000240580.1	100	101	8.27e-67	192
YP_501442.1	WP_001260013.1	100	100	6.09e-64	185
YP_501020.1	WP_000545928.1	100	100	2.29e-68	196
YP_500616.1	WP_001165363.1	100	100	7.98e-69	197
YP_500610.1	WP_000170162.1	100	100	8.99e-66	189
YP_500403.1	WP_000091445.1	100	100	8.32e-62	179
YP_499048.1	WP_000868999.1	100	100	2.68e-67	193
YP_501349.1	WP_000055846.1	100	99	4.46e-70	200
YP_499245.1	WP_000545115.1	100	99	4.30e-68	195
YP_501358.1	WP_000447710.1	100	98	8.07e-68	194
YP_499877.1	WP_001165377.1	100	98	1.69e-69	199
YP_499395.1	WP_001065801.1	100	98	8.37e-70	199
YP_498937.1	WP_001261460.1	100	98	5.68e-68	195
YP_498647.1	WP_000201640.1	100	98	1.98e-68	196
YP_500801.1	WP_000138932.1	100	97	4.03e-63	182
YP_499801.1	WP_000655666.1	100	97	6.41e-69	197
YP_499437.1	WP_001016306.1	100	97	9.89e-55	161
YP_498851.1	WP_001240826.1	100	97	4.03e-63	182
YP_500649.1	WP_000671712.1	100	96	7.86e-65	187
YP_500507.1	WP_000435806.1	100	96	3.01e-66	191
YP_500208.1	WP_000955231.1	100	96	1.12e-64	186
YP_499531.1	WP_000867357.1	100	71	1.36e-49	147
YP_499524.1	WP_001795544.1	100	96	4.93e-59	172
YP_501244.1	WP_000521958.1	100	95	4.23e-64	185
YP_499867.1	WP_000246909.1	100	80	4.86e-49	146
YP_499525.1	WP_000410720.1	100	95	1.79e-65	188
YP_499256.1	WP_000180419.1	100	95	3.92e-60	175
YP_498711.1	WP_000469917.1	100	95	1.37e-60	176
YP_501286.1	WP_000067115.1	100	94	2.02e-66	191
YP_500737.1	WP_000917289.1	100	94	1.55e-61	178
YP_500267.1	WP_000171859.1	100	94	2.03e-57	168
YP_500260.1	WP_000916187.1	100	94	3.24e-63	182
YP_499777.1	WP_000727423.1	100	94	4.43e-61	177
YP_499376.1	WP_001004395.1	100	94	1.73e-67	193
YP_498901.1	WP_000699538.1	100	94	3.79e-62	180
YP_501239.1	WP_000220938.1	100	93	1.05e-63	184
YP_498854.1	WP_001071606.1	100	80	8.35e-54	158
YP_498759.1	WP_001550030.1	100	93	4.64e-58	169
YP_501360.1	WP_000987949.1	100	92	4.32e-58	169
YP_500975.1	WP_000124353.1	100	92	1.75e-66	191
YP_499720.1	WP_001198024.1	100	67	1.94e-45	137
YP_499551.1	WP_001797236.1	100	92	1.90e-61	178
YP_498810.1	WP_000815795.1	100	92	3.28e-62	180
YP_501363.1	WP_000159837.1	100	91	2.72e-56	165
YP_500977.1	WP_000388082.1	100	91	5.93e-60	174
YP_500587.1	WP_000428172.1	100	91	1.20e-59	173
YP_499745.1	WP_000268754.1	100	91	1.06e-62	181
YP_499608.1	WP_001118417.1	100	91	2.94e-60	175
YP_499593.1	WP_000455597.1	100	91	2.23e-64	185
YP_500008.1	WP_001043863.1	100	90	1.58e-59	173
YP_498967.1	WP_000159787.1	100	90	5.31e-58	169
YP_500214.1	WP_000829750.1	100	89	2.27e-54	160
YP_499933.1	WP_001215907.1	100	89	1.08e-61	178
YP_499859.1	WP_001085655.1	100	89	8.54e-59	171
YP_499783.1	WP_001018328.1	100	89	8.54e-59	171
YP_499132.1	WP_000395509.1	100	89	3.75e-62	179
YP_499012.1	WP_001129473.1	100	89	1.04e-59	173
YP_501253.1	WP_000678764.1	100	88	6.30e-56	164
YP_501215.1	WP_000074048.1	100	88	3.93e-59	172
YP_501153.1	WP_000113262.1	100	88	1.22e-62	181
YP_499577.1	WP_000437472.1	100	88	4.60e-58	169
YP_499463.1	WP_000390575.1	100	88	1.09e-61	179
YP_499416.1	WP_000566649.1	100	88	2.45e-62	180
YP_500970.1	WP_000004086.1	100	87	1.01e-56	166
YP_499561.1	WP_000848350.1	100	87	1.05e-58	171
YP_499058.1	WP_001234988.1	100	87	2.39e-55	162
YP_499044.1	WP_001126664.1	100	87	3.13e-60	174
YP_498946.1	WP_001055897.1	100	87	9.66e-64	183
YP_501401.1	WP_001789910.1	100	86	6.09e-62	179
YP_500896.1	WP_001251935.1	100	86	3.40e-59	172
YP_500253.1	WP_001160682.1	100	86	6.38e-55	161
YP_500230.1	WP_000426912.1	100	86	2.91e-60	174
YP_499640.1	WP_001804460.1	100	86	1.14e-57	168
YP_499508.1	WP_000608862.1	98.8	83	4.99e-56	164
YP_499379.1	WP_001059690.1	100	86	1.83e-54	160
YP_498995.1	WP_001795576.1	100	86	2.60e-54	159
YP_498640.1	WP_001105087.1	100	86	2.22e-55	162
YP_501314.1	WP_000402605.1	100	85	2.51e-56	164
YP_501216.1	WP_000587616.1	100	85	2.23e-59	172
YP_500415.1	WP_000718107.1	100	85	8.35e-64	183
YP_500837.1	WP_000808968.1	100	84	3.06e-61	177
YP_500765.1	WP_000196911.1	100	84	4.73e-56	164
YP_500118.1	WP_001791638.1	100	84	2.17e-52	154
YP_499618.1	WP_001049150.1	100	84	1.71e-58	170
YP_499098.1	WP_000031892.1	100	84	3.21e-54	159
YP_501154.1	WP_000584499.1	100	83	4.96e-53	156
YP_500992.1	WP_001549681.1	100	83	6.06e-45	135
YP_500199.1	WP_001274017.1	100	83	2.19e-47	142
YP_499963.1	WP_000691942.1	100	83	1.79e-55	162
YP_499826.1	WP_000956747.1	100	83	3.76e-57	166
YP_498947.1	WP_000466748.1	100	83	3.37e-42	129
YP_500110.1	WP_000995800.1	100	82	2.46e-57	167
YP_499828.1	WP_000906224.1	100	82	7.07e-57	166
YP_499037.1	WP_000377064.1	100	82	6.81e-55	160
YP_498611.1	WP_001789359.1	100	81	4.46e-55	161
YP_501033.1	WP_001789136.1	100	80	3.42e-54	159
YP_499426.1	WP_001141883.1	100	80	2.50e-56	164
YP_498939.1	WP_000897044.1	100	80	3.42e-54	159
YP_500937.1	WP_001797632.1	100	79	3.34e-47	141
YP_500910.1	WP_000002683.1	100	79	9.14e-54	157
YP_499865.1	WP_000071351.1	100	79	9.94e-49	145
YP_499429.1	WP_001068337.1	100	78	7.81e-59	170
YP_499424.1	WP_000395692.1	100	78	4.76e-51	150
YP_499381.1	WP_000368687.1	100	78	1.92e-59	172
YP_499332.1	WP_000638419.1	100	78	3.47e-53	156
YP_501255.1	WP_001790675.1	100	77	5.00e-48	143
YP_501042.1	WP_000921246.1	100	77	1.28e-41	127
YP_501002.1	WP_000866971.1	100	77	1.27e-50	149
YP_500817.1	WP_000384523.1	100	77	2.57e-50	149
YP_499864.1	WP_000499647.1	100	77	1.81e-50	149
YP_499813.1	WP_000561358.1	100	77	3.12e-51	151
YP_499739.1	WP_000426914.1	100	77	3.01e-49	146
YP_499664.1	WP_000231632.1	100	77	1.94e-54	159
YP_499579.1	WP_001289614.1	100	77	2.86e-56	164
YP_499357.2	WP_000556760.1	100	77	1.97e-45	136
YP_501346.1	WP_000697134.1	100	76	1.68e-50	149
YP_500861.1	WP_000808817.1	100	76	9.76e-50	147
YP_500133.1	WP_000159865.1	100	76	2.60e-45	136
YP_501491.1	WP_001059079.1	100	66	6.57e-46	137
YP_501321.1	WP_000932073.1	100	75	6.63e-52	152
YP_499674.1	WP_000149423.1	100	75	4.67e-52	153
YP_500752.1	WP_000581077.1	100	74	4.51e-54	158
YP_500397.1	WP_000384171.1	100	74	6.18e-52	152
YP_500022.1	WP_001151997.1	100	74	3.86e-52	153
YP_499820.1	WP_001789892.1	100	74	8.17e-48	142
YP_499667.1	WP_001802045.1	100	74	1.71e-49	146
YP_499185.2	WP_000169042.1	100	74	1.36e-46	139
YP_498918.1	WP_001794540.1	100	74	8.89e-43	129
YP_499964.1	WP_001795441.1	98.4	64	2.33e-45	135
YP_499954.1	WP_000801007.1	100	73	1.71e-53	156
YP_501310.1	WP_000011687.1	100	72	3.11e-51	150
YP_500957.1	WP_001118443.1	100	72	1.05e-49	147
YP_500142.1	WP_001244298.1	100	72	1.24e-39	121
YP_499716.1	WP_000933956.1	100	72	1.74e-48	144
YP_499585.1	WP_000257888.1	100	72	1.22e-48	144
YP_499515.1	WP_000876826.1	100	72	2.89e-47	140
YP_499375.1	WP_000005886.1	100	72	1.74e-48	144
YP_498865.1	WP_000431307.1	100	72	6.84e-46	137
YP_499797.1	WP_000026308.1	100	71	2.22e-46	138
YP_501384.1	WP_000011688.1	100	70	1.06e-48	144
YP_500825.1	WP_001048816.1	100	70	9.21e-41	124
YP_500734.1	WP_000128898.1	100	70	5.08e-47	140
YP_499712.1	WP_000998557.1	100	70	1.03e-46	139
YP_500971.1	WP_000644737.1	100	69	2.88e-39	120
YP_500800.1	WP_000581792.1	100	69	1.93e-46	138
YP_498948.1	WP_000211676.1	100	69	6.73e-47	139
YP_501329.1	WP_000076661.1	100	68	4.11e-43	130
YP_499821.1	WP_001002340.1	100	68	2.04e-43	130
YP_499284.1	WP_001790169.1	100	68	1.50e-36	113
YP_501300.1	WP_001177186.1	100	67	2.60e-41	125
YP_500159.1	WP_000087561.1	100	67	6.61e-44	132
YP_499941.2	WP_000902175.1	100	67	3.39e-46	137
YP_499380.1	WP_000145163.1	100	67	1.68e-46	138
YP_498934.1	WP_000157345.1	100	67	1.68e-46	138
YP_498920.1	WP_001246013.1	100	67	3.05e-40	122
YP_498734.1	WP_000356963.1	100	67	6.61e-44	132
YP_498646.1	WP_000398679.1	100	67	7.74e-43	129
YP_501408.1	WP_000604728.1	100	66	1.79e-34	108
YP_500585.1	WP_000180461.1	100	66	4.19e-42	127
YP_500513.1	WP_000006110.1	78.7	61	5.10e-31	99.4
YP_500290.1	WP_001125540.1	100	66	1.93e-38	118
YP_500002.1	WP_000789522.1	100	66	5.54e-38	117
YP_499948.1	WP_000184336.1	100	66	8.03e-49	144
YP_499930.1	WP_000809131.1	100	66	9.08e-46	136
YP_499374.1	WP_001059082.1	100	66	1.29e-45	136
YP_499819.1	WP_001789891.1	100	65	7.89e-42	126
YP_008530242.1	WP_000025835.1	100	65	2.47e-36	112
YP_008530240.1	WP_000435068.1	100	65	6.28e-39	119
YP_499835.1	WP_001217295.1	100	64	1.49e-41	125
YP_499399.1	WP_000752917.1	100	64	2.04e-39	120
YP_501327.1	WP_001221404.1	100	63	4.67e-40	122
YP_501241.1	WP_001224379.1	100	63	1.18e-42	128
YP_501055.1	WP_000971980.1	100	63	7.77e-39	119
YP_500012.1	WP_001789944.1	100	63	1.39e-41	125
YP_499837.1	WP_001053371.1	100	63	1.14e-40	123
YP_498936.1	WP_001052483.1	100	63	7.37e-46	136
YP_008530245.1	WP_000672039.1	100	63	3.28e-40	122
YP_008530244.1	WP_000672038.1	100	63	3.28e-40	122
YP_008530239.1	WP_000810620.1	100	63	2.31e-40	122
YP_499845.1	WP_001027143.1	100	62	1.59e-08	42.4
YP_499730.1	WP_000517908.1	100	62	1.52e-40	123
YP_499676.1	WP_001245802.1	100	62	2.08e-38	117
YP_499378.1	WP_000052078.1	100	62	3.92e-34	107
YP_501240.1	WP_001791851.1	100	61	1.60e-37	115
YP_501078.1	WP_001789152.1	100	61	1.21e-41	125
YP_501054.1	WP_000205307.1	100	61	2.48e-32	102
YP_500966.2	WP_001140799.1	100	61	1.47e-42	128
YP_500888.1	WP_001790708.1	100	61	1.32e-36	113
YP_499908.1	WP_001791844.1	100	61	1.60e-37	115
YP_499889.1	WP_001123276.1	100	61	5.78e-40	121
YP_499823.1	WP_000006110.1	100	61	2.76e-38	117
YP_499662.1	WP_001032814.1	100	61	2.28e-37	115
YP_499472.1	WP_000682089.1	100	61	7.93e-38	116
YP_501150.1	WP_000230294.1	100	60	2.13e-37	115
YP_500938.1	WP_000655244.1	100	60	7.41e-38	116
YP_500239.1	WP_000752909.1	100	60	6.10e-37	114
YP_499089.2	WP_001074473.1	100	60	3.54e-36	112
YP_500961.1	WP_001096577.1	100	59	6.68e-36	111
YP_500122.1	WP_001789875.1	100	59	8.23e-28	90.9
YP_498838.1	WP_001791651.1	100	59	1.02e-39	120
YP_500646.1	WP_000681968.1	100	58	7.57e-37	113
YP_500426.1	WP_000375476.1	100	58	1.43e-32	102
YP_500188.1	WP_000048060.1	100	58	2.37e-31	99.8
YP_499517.1	WP_000214898.1	100	58	4.54e-38	116
YP_500635.1	WP_000267034.1	100	57	2.38e-35	109
YP_500631.1	WP_001790680.1	100	57	4.24e-38	116
YP_500620.1	WP_000669862.1	100	57	7.07e-37	113
YP_498800.1	WP_000773989.1	100	57	2.79e-34	107
YP_501319.1	WP_000111118.1	100	56	4.81e-39	119
YP_501295.1	WP_001549802.1	100	56	4.34e-33	103
YP_500997.1	WP_001790034.1	100	56	6.60e-37	113
YP_500783.1	WP_000948331.1	100	56	5.45e-36	111
YP_501420.1	WP_001792441.1	100	55	1.10e-39	120
YP_501324.1	WP_001791768.1	100	55	2.52e-36	112
YP_501179.1	WP_001790576.1	100	55	7.23e-36	110
YP_500930.1	WP_001790107.1	100	55	4.49e-39	119
YP_499884.1	WP_001788758.1	100	55	4.20e-35	108
YP_499653.1	WP_001791787.1	100	55	5.76e-33	103
YP_499606.1	WP_001250275.1	100	55	2.22e-39	119
YP_499133.1	WP_000587958.1	100	55	2.52e-36	112
YP_500988.1	WP_000051206.1	100	54	6.31e-32	100
YP_501391.1	WP_001789911.1	100	53	4.15e-32	101
YP_500925.1	WP_001791678.1	100	53	6.54e-38	115
YP_500511.1	WP_001005407.1	100	53	7.16e-33	103
YP_500762.1	WP_001789600.1	100	51	2.39e-28	91.7
YP_499365.1	WP_001790158.1	100	51	1.26e-32	102
YP_499305.1	WP_000499195.1	100	51	1.08e-33	105
YP_500483.1	WP_000031108.1	100	50	9.12e-28	90.1
YP_499421.2	WP_000837752.1	100	50	2.04e-33	104
YP_008530238.1	WP_000248839.1	100	50	9.76e-32	100
YP_500163.1	WP_001265709.1	100	49	4.52e-32	100
YP_499858.1	WP_001265708.1	100	49	1.91e-33	104
YP_500607.1	WP_001797372.1	100	48	1.33e-26	87.0
YP_500238.1	WP_000009238.1	100	48	6.26e-14	55.1
YP_500149.1	WP_001789879.1	100	48	1.38e-28	92.0
YP_499666.1	WP_000765708.1	100	48	3.26e-27	88.6
YP_499363.1	WP_001057759.1	100	48	4.09e-30	95.9
YP_498813.1	WP_000230358.1	100	48	4.09e-30	95.9
YP_500452.1	WP_000416756.1	100	47	1.33e-30	97.1
YP_500429.1	WP_001549059.1	100	47	1.62e-31	99.4
YP_501207.1	WP_001791736.1	100	46	4.65e-35	108
YP_500744.1	WP_001093929.1	100	46	7.25e-30	95.1
YP_500331.1	WP_001789981.1	100	46	1.61e-24	81.6
YP_498879.1	WP_011446983.1	100	46	4.35e-31	98.2
YP_501500.1	WP_000240855.1	100	45	1.06e-24	82.0
YP_500799.1	WP_000828354.1	100	45	4.47e-26	85.5
YP_499832.1	WP_000600812.1	100	45	1.06e-24	82.0
YP_499406.1	WP_001790198.1	100	45	1.09e-26	87.0
YP_498974.1	WP_001791691.1	100	45	1.13e-28	92.0
YP_501313.1	WP_001789912.1	100	44	6.16e-28	90.1
YP_500435.1	WP_001791797.1	100	44	1.83e-29	94.0
YP_499678.1	WP_000147103.1	100	44	5.95e-26	85.1
YP_499677.1	WP_000398672.1	100	44	7.22e-27	87.4
YP_499573.1	WP_000064214.1	100	44	6.90e-14	54.7
YP_498833.1	WP_001789860.1	100	44	4.91e-25	82.8
YP_498634.1	WP_001790628.1	100	44	4.05e-24	80.5
YP_500986.1	WP_001789121.1	100	43	2.86e-28	90.9
YP_499966.1	WP_000529138.1	100	43	8.48e-30	94.7
YP_499947.1	WP_001788795.1	100	43	8.20e-28	89.7
YP_499530.1	WP_001790177.1	100	43	4.76e-27	87.8
YP_499049.1	WP_001789654.1	100	43	4.76e-27	87.8
YP_501342.1	WP_223223613.1	96.9	32	1.15e-19	68.9
YP_501095.1	WP_001790052.1	100	42	1.88e-28	91.3
YP_500756.1	WP_001790685.1	100	42	1.88e-28	91.3
YP_500244.1	WP_001790559.1	100	42	3.14e-27	88.2
YP_500927.1	WP_001549596.1	100	41	2.76e-23	78.2
YP_500901.1	WP_001789076.1	100	41	3.23e-22	75.5
YP_500294.1	WP_001790562.1	100	40	6.77e-28	89.7
YP_499829.1	WP_001790531.1	100	40	9.32e-26	84.3
YP_499586.1	WP_001788599.1	100	40	3.24e-26	85.5
YP_499555.1	WP_001790624.1	100	40	7.69e-25	82.0
YP_498688.1	WP_001789407.1	100	40	2.21e-24	80.9
YP_501206.1	WP_001789925.1	100	39	5.25e-27	87.4
YP_500386.1	WP_001790712.1	100	39	2.43e-23	78.2
YP_500265.1	WP_000840602.1	100	39	1.60e-19	68.6
YP_500024.1	WP_001789947.1	100	39	2.43e-23	78.2
YP_501117.1	WP_001789934.1	100	38	3.25e-23	77.8
YP_500018.1	WP_011447014.1	100	38	1.09e-21	73.9
YP_500014.1	WP_001789945.1	100	38	4.77e-25	82.4
YP_499236.1	WP_001789973.1	100	38	1.88e-22	75.9
YP_499156.1	WP_001788281.1	100	38	7.69e-22	74.3
YP_501402.1	WP_011447078.1	100	37	1.77e-22	75.9
YP_500956.1	WP_000868342.1	100	37	3.05e-23	77.8
YP_500355.1	WP_001788994.1	100	37	1.71e-20	70.9
YP_499766.1	WP_001789890.1	100	37	1.20e-20	71.2
YP_499004.1	WP_000510433.1	100	37	2.60e-24	80.5
YP_501392.1	WP_001790600.1	100	36	2.37e-22	75.5
YP_500792.1	WP_001789641.1	100	36	2.07e-14	55.5
YP_500597.1	WP_001790257.1	100	36	9.98e-24	79.0
YP_500462.1	WP_001790154.1	100	36	7.02e-24	79.3
YP_500285.1	WP_011447025.1	100	36	3.48e-24	80.1
YP_499822.1	WP_001788716.1	100	36	5.42e-19	67.0
YP_499545.1	WP_001788579.1	100	36	1.13e-20	71.2
YP_499420.1	WP_001790652.1	100	36	1.61e-20	70.9
YP_501184.1	WP_000482650.1	100	35	4.50e-22	74.7
YP_500747.1	WP_001790167.1	100	35	3.71e-21	72.4
YP_500626.1	WP_001802312.1	100	35	1.47e-18	65.9
YP_499635.1	WP_001788617.1	100	35	1.57e-22	75.9
YP_499329.1	WP_001790093.1	100	35	1.10e-22	76.3
YP_499172.1	WP_000655099.1	100	35	3.71e-21	72.4
YP_498802.1	WP_001789859.1	100	35	1.51e-20	70.9
YP_498790.1	WP_001790533.1	100	35	5.98e-18	64.3
YP_501312.1	WP_001791767.1	100	34	5.82e-20	69.3
YP_501167.1	WP_001789935.1	100	34	4.80e-19	67.0
YP_501164.1	WP_000762708.1	100	34	8.00e-18	63.9
YP_500886.1	WP_001790739.1	100	34	8.55e-22	73.9
YP_500868.1	WP_001802298.1	100	34	1.62e-17	63.2
YP_500357.1	WP_001791758.1	100	34	1.43e-20	70.9
YP_499855.1	WP_001791424.1	100	34	4.23e-22	74.7
YP_499824.1	WP_000477492.1	100	34	1.43e-20	70.9
YP_499534.1	WP_001791731.1	100	34	2.09e-22	75.5
YP_499327.1	WP_001790092.1	100	34	1.00e-20	71.2
YP_501263.1	WP_001790696.1	100	33	7.54e-18	63.9
YP_501155.1	WP_001791744.1	100	33	2.16e-17	62.8
YP_500430.1	WP_001791893.1	100	33	1.85e-18	65.5
YP_500275.1	WP_001788970.1	100	33	4.67e-21	72.0
YP_499520.1	WP_001790623.1	100	33	9.45e-21	71.2
YP_499297.1	WP_001790641.1	100	33	7.54e-18	63.9
YP_499150.1	WP_001788276.1	100	33	2.24e-19	67.8
YP_499023.1	WP_001790661.1	100	33	1.91e-20	70.5
YP_498983.1	WP_010956543.1	100	33	2.80e-22	75.1
YP_498957.1	WP_001789518.1	100	33	2.31e-21	72.8
YP_498753.1	WP_000979526.1	100	33	9.14e-19	66.2
YP_498638.1	WP_001791873.1	100	33	1.57e-19	68.2
YP_501367.1	WP_001790599.1	100	32	3.20e-23	77.4
YP_501296.1	WP_001789909.1	100	32	1.04e-19	68.6
YP_501275.1	WP_001791763.1	100	32	1.86e-22	75.5
YP_500647.1	WP_000990056.1	100	32	6.26e-21	71.6
YP_500473.1	WP_001791795.1	100	32	8.61e-19	66.2
YP_500322.1	WP_001789984.1	100	32	1.74e-18	65.5
YP_499868.1	WP_001789897.1	100	32	2.56e-20	70.1
YP_499410.1	WP_001791752.1	100	32	4.12e-17	62.0
YP_499028.1	WP_001791812.1	100	32	3.10e-21	72.4
YP_498807.1	WP_001791653.1	100	32	8.33e-17	61.2
YP_501396.1	WP_001789304.1	100	31	1.64e-18	65.5
YP_501387.1	WP_001789908.1	100	31	1.59e-16	60.5
YP_500983.1	WP_001790553.1	100	31	1.35e-17	63.2
YP_500340.1	WP_001789986.1	100	31	6.47e-16	58.9
YP_499645.1	WP_001788625.1	100	31	2.83e-19	67.4
YP_501399.1	WP_010956583.1	100	30	8.39e-14	53.5
YP_500871.1	WP_001790138.1	100	30	1.55e-18	65.5
YP_500818.1	WP_001790611.1	100	30	8.68e-16	58.5
YP_500601.1	WP_001790679.1	100	30	1.19e-13	53.1
YP_500499.1	WP_001791878.1	100	30	1.60e-20	70.5
YP_500347.1	WP_001789987.1	100	30	1.69e-13	52.8
YP_499764.1	WP_001790530.1	100	30	4.30e-16	59.3
YP_499655.1	WP_001791789.1	100	30	8.98e-18	63.5
YP_499209.1	WP_001788321.1	100	30	1.55e-18	65.5
YP_499069.1	WP_001790128.1	100	30	3.67e-17	62.0
YP_498893.1	WP_001801779.1	100	30	3.02e-16	59.7
YP_498635.1	WP_001790000.1	100	30	8.68e-16	58.5
YP_500349.1	WP_000927785.1	100	29	5.76e-16	58.9
