WP_001109328.1	YP_499969.1	SAOUHSC_01447
WP_048813240.1	YP_498743.1	SAOUHSC_00144
WP_001050548.1	YP_500376.1	SAOUHSC_01873
WP_001003408.1	YP_500042.1	SAOUHSC_01525
WP_000551362.1	YP_499018.1	SAOUHSC_00435
WP_000549278.1	YP_498856.1	SAOUHSC_00262
WP_001820550.1	YP_499774.1	SAOUHSC_01241
WP_000934424.1	YP_499118.1	SAOUHSC_00545
WP_000118287.1	YP_500361.1	SAOUHSC_01857
WP_000582165.1	YP_500666.1	SAOUHSC_02180
WP_001074556.1	YP_499546.1	SAOUHSC_00994
WP_000514391.1	YP_501143.1	SAOUHSC_02681
WP_000154914.1	YP_499458.1	SAOUHSC_00905
WP_011443619.1	YP_499097.1	SAOUHSC_00525
WP_000262704.1	YP_499741.1	SAOUHSC_01204
WP_000918667.1	YP_499096.2	SAOUHSC_00524
WP_000154228.1	YP_499055.1	SAOUHSC_00477
WP_000172342.1	YP_499457.1	SAOUHSC_00904
WP_000809526.1	YP_499610.1	SAOUHSC_01064
WP_000608523.1	YP_499975.1	SAOUHSC_01455
WP_000226911.1	YP_500316.1	SAOUHSC_01811
WP_001126264.1	YP_499709.1	SAOUHSC_01170
WP_000592303.1	YP_500990.1	SAOUHSC_02525
WP_000080557.1	YP_498654.1	SAOUHSC_00049
WP_000794589.1	YP_501262.1	SAOUHSC_02803
WP_000728949.1	YP_498852.1	SAOUHSC_00258
WP_001092605.1	YP_500451.1	SAOUHSC_01952
WP_000785110.1	YP_501428.1	SAOUHSC_02978
WP_001155264.1	YP_501044.1	SAOUHSC_02582
WP_000584648.1	YP_500471.1	SAOUHSC_01974
WP_000088722.1	YP_501250.1	SAOUHSC_02790
WP_000662675.1	YP_499337.1	SAOUHSC_00780
WP_001060483.1	YP_499117.1	SAOUHSC_00544
WP_000841422.1	YP_501261.1	SAOUHSC_02802
WP_001056223.1	YP_499368.1	SAOUHSC_00812
WP_000180666.1	YP_499944.1	SAOUHSC_01418
WP_000331347.1	YP_498760.1	SAOUHSC_00162
WP_000384691.1	YP_499699.1	SAOUHSC_01159
WP_000729744.1	YP_499875.1	SAOUHSC_01347
WP_000211543.1	YP_498999.1	SAOUHSC_00413
WP_000745847.1	YP_501414.1	SAOUHSC_02963
WP_000525078.1	YP_499990.1	SAOUHSC_01472
WP_001032773.1	YP_500348.1	SAOUHSC_01843
WP_000819088.1	YP_498614.1	SAOUHSC_00006
WP_000072278.1	YP_500793.1	SAOUHSC_02314
WP_001038308.1	YP_500301.1	SAOUHSC_01797
WP_000734064.1	YP_500231.1	SAOUHSC_01722
WP_000425353.1	YP_500272.1	SAOUHSC_01767
WP_000073352.1	YP_499805.1	SAOUHSC_01272
WP_000955777.1	YP_498713.1	SAOUHSC_00113
WP_000353955.1	YP_499465.1	SAOUHSC_00912
WP_000915229.1	YP_499750.1	SAOUHSC_01213
WP_000506531.1	YP_499326.1	SAOUHSC_00769
WP_001071135.1	YP_499886.1	SAOUHSC_01359
WP_001051429.1	YP_501322.1	SAOUHSC_02866
WP_001283311.1	YP_500232.1	SAOUHSC_01723
WP_000897132.1	YP_499078.1	SAOUHSC_00505
WP_000884870.1	YP_500063.1	SAOUHSC_01547
WP_000222239.1	YP_500931.1	SAOUHSC_02463
WP_001549041.1	YP_500378.1	SAOUHSC_01875
WP_000560841.1	YP_499718.1	SAOUHSC_01179
WP_000024128.1	YP_501328.1	SAOUHSC_02873
WP_001118736.1	YP_501146.1	SAOUHSC_02684
WP_000054609.1	YP_499442.1	SAOUHSC_00889
WP_001289569.1	YP_499880.1	SAOUHSC_01352
WP_000908981.1	YP_499638.1	SAOUHSC_01093
WP_000060776.1	YP_499187.1	SAOUHSC_00625
WP_000680947.1	YP_501434.1	SAOUHSC_02985
WP_001050064.1	YP_499359.1	SAOUHSC_00803
WP_000035767.1	YP_499786.1	SAOUHSC_01253
WP_001249285.1	YP_499643.1	SAOUHSC_01099
WP_076035548.1	YP_499511.1	SAOUHSC_00958
WP_000645780.1	YP_498631.1	SAOUHSC_00025
WP_000749795.1	YP_500252.2	SAOUHSC_01746
WP_000594993.1	YP_500251.1	SAOUHSC_01744
WP_000154514.1	YP_498793.1	SAOUHSC_00196
WP_000894660.1	YP_498784.1	SAOUHSC_00187
WP_001188495.1	YP_498661.1	SAOUHSC_00056
WP_001118663.1	YP_499687.1	SAOUHSC_01145
WP_000207614.1	YP_498928.1	SAOUHSC_00338
WP_001548978.1	YP_500201.1	SAOUHSC_01691
WP_000992921.1	YP_500614.1	SAOUHSC_02123
WP_001058583.1	YP_500249.1	SAOUHSC_01742
WP_000032727.1	YP_499563.1	SAOUHSC_01013
WP_000138351.1	YP_499985.1	SAOUHSC_01467
WP_000370124.1	YP_500775.1	SAOUHSC_02297
WP_000838479.1	YP_500982.1	SAOUHSC_02517
WP_000927360.1	YP_500877.1	SAOUHSC_02401
WP_000043634.1	YP_499779.1	SAOUHSC_01246
WP_001058981.1	YP_501318.1	SAOUHSC_02862
WP_000855505.1	YP_499302.1	SAOUHSC_00742
WP_000128366.1	YP_501126.1	SAOUHSC_02664
WP_001012747.1	YP_498808.1	SAOUHSC_00213
WP_000076690.1	YP_499784.1	SAOUHSC_01251
WP_001167887.1	YP_499063.1	SAOUHSC_00486
WP_000090315.1	YP_499101.1	SAOUHSC_00529
WP_001185692.1	YP_501193.1	SAOUHSC_02731
WP_001548566.1	YP_499758.1	SAOUHSC_01222
WP_000919754.1	YP_500164.1	SAOUHSC_01652
WP_000943832.1	YP_498890.1	SAOUHSC_00300
WP_000473675.1	YP_501305.1	SAOUHSC_02848
WP_001151500.1	YP_499733.1	SAOUHSC_01194
WP_001227724.1	YP_498754.1	SAOUHSC_00155
WP_000842036.1	YP_501455.1	SAOUHSC_03006
WP_000402172.1	YP_499194.1	SAOUHSC_00633
WP_000546584.1	YP_500790.1	SAOUHSC_02311
WP_000516261.1	YP_499806.1	SAOUHSC_01273
WP_000236397.1	YP_498768.1	SAOUHSC_00171
WP_000774565.1	YP_500613.1	SAOUHSC_02122
WP_000776751.1	YP_501404.1	SAOUHSC_02953
WP_000579564.1	YP_499726.1	SAOUHSC_01187
WP_000432907.1	YP_501320.1	SAOUHSC_02864
WP_001548666.1	YP_499879.1	SAOUHSC_01351
WP_001010762.1	YP_499553.1	SAOUHSC_01001
WP_000481443.1	YP_499866.1	SAOUHSC_01337
WP_001052566.1	YP_500905.1	SAOUHSC_02436
WP_001051143.1	YP_499040.1	SAOUHSC_00461
WP_001081634.1	YP_498622.1	SAOUHSC_00015
WP_000870806.1	YP_499521.1	SAOUHSC_00968
WP_000192168.1	YP_501280.1	SAOUHSC_02822
WP_001266541.1	YP_499267.1	SAOUHSC_00708
WP_000954261.1	YP_498903.1	SAOUHSC_00313
WP_000131830.1	YP_501031.1	SAOUHSC_02570
WP_001801657.1	YP_500079.1	SAOUHSC_01563
WP_000706115.1	YP_501426.1	SAOUHSC_02975
WP_000098285.1	YP_499287.1	SAOUHSC_00728
WP_001041586.1	YP_499626.1	SAOUHSC_01079
WP_000435132.1	YP_500293.1	SAOUHSC_01788
WP_000255586.1	YP_498613.1	SAOUHSC_00005
WP_000213873.1	YP_501090.1	SAOUHSC_02629
WP_000602049.1	YP_500755.1	SAOUHSC_02274
WP_000429558.1	YP_500038.1	SAOUHSC_01521
WP_001151900.1	YP_501431.1	SAOUHSC_02982
WP_000143623.1	YP_499227.1	SAOUHSC_00668
WP_001283665.1	YP_499939.1	SAOUHSC_01412
WP_000525112.1	YP_499289.1	SAOUHSC_00729
WP_000775152.1	YP_501398.1	SAOUHSC_02947
WP_000143642.1	YP_501485.1	SAOUHSC_03037
WP_000249662.1	YP_501497.2	SAOUHSC_03052
WP_000887026.1	YP_501425.1	SAOUHSC_02974
WP_001125610.1	YP_501429.1	SAOUHSC_02979
WP_001795559.1	YP_498680.1	SAOUHSC_00080
WP_001071717.1	YP_501394.1	SAOUHSC_02942
WP_000182654.1	YP_499605.1	SAOUHSC_01058
WP_000395153.1	YP_499499.1	SAOUHSC_00946
WP_000159025.1	YP_498861.1	SAOUHSC_00268
WP_000077318.1	YP_498929.1	SAOUHSC_00339
WP_000034716.1	YP_500193.1	SAOUHSC_01683
WP_000744073.1	YP_498789.1	SAOUHSC_00192
WP_000483049.1	YP_501195.1	SAOUHSC_02733
WP_000871607.1	YP_498627.1	SAOUHSC_00021
WP_000368341.1	YP_500198.1	SAOUHSC_01688
WP_001044214.1	YP_499464.1	SAOUHSC_00911
WP_000077571.1	YP_499910.1	SAOUHSC_01383
WP_000379821.1	YP_501338.1	SAOUHSC_02885
WP_001795457.1	YP_501252.1	SAOUHSC_02793
WP_000082731.1	YP_499490.1	SAOUHSC_00937
WP_000334465.1	YP_500875.1	SAOUHSC_02399
WP_001217261.1	YP_500174.1	SAOUHSC_01663
WP_000983677.1	YP_499290.1	SAOUHSC_00730
WP_000390529.1	YP_499646.2	SAOUHSC_01102
WP_000720804.1	YP_498767.1	SAOUHSC_00170
WP_000291842.1	YP_498665.1	SAOUHSC_00061
WP_000047820.1	YP_500764.1	SAOUHSC_02282
WP_000818278.1	YP_499648.1	SAOUHSC_01104
WP_000044799.1	YP_500245.1	SAOUHSC_01737
WP_001064838.1	YP_501182.1	SAOUHSC_02719
WP_000822608.1	YP_498787.1	SAOUHSC_00190
WP_000804328.1	YP_499799.1	SAOUHSC_01266
WP_001232648.1	YP_500311.1	SAOUHSC_01806
WP_000262640.1	YP_500903.1	SAOUHSC_02434
WP_001179384.1	YP_498677.1	SAOUHSC_00077
WP_000950281.1	YP_498825.1	SAOUHSC_00230
WP_000987769.1	YP_500100.1	SAOUHSC_01585
WP_001062658.1	YP_501306.1	SAOUHSC_02849
WP_001179888.1	YP_498679.1	SAOUHSC_00079
WP_000597238.1	YP_500500.1	SAOUHSC_02003
WP_000486494.1	YP_501181.1	SAOUHSC_02718
WP_000817954.1	YP_499207.1	SAOUHSC_00647
WP_000975357.1	YP_498823.1	SAOUHSC_00228
WP_000040054.1	YP_499578.1	SAOUHSC_01029
WP_000517187.1	YP_499481.1	SAOUHSC_00928
WP_000008673.1	YP_501022.1	SAOUHSC_02561
WP_000983330.1	YP_500917.1	SAOUHSC_02450
WP_000683699.1	YP_498916.1	SAOUHSC_00327
WP_000161942.1	YP_499642.1	SAOUHSC_01098
WP_000138648.1	YP_501468.1	SAOUHSC_03019
WP_000066521.1	YP_501385.1	SAOUHSC_02932
WP_000862083.1	YP_500351.1	SAOUHSC_01846
WP_000814103.1	YP_499773.1	SAOUHSC_01240
WP_001109047.1	YP_499025.1	SAOUHSC_00442
WP_000811375.1	YP_499584.1	SAOUHSC_01035
WP_000312763.1	YP_499714.1	SAOUHSC_01175
WP_000244865.1	YP_500332.1	SAOUHSC_01827
WP_000167985.1	YP_498818.1	SAOUHSC_00222
WP_000153540.1	YP_500054.1	SAOUHSC_01538
WP_001255791.1	YP_500763.1	SAOUHSC_02281
WP_000240920.1	YP_498822.1	SAOUHSC_00227
WP_001071591.1	YP_501368.1	SAOUHSC_02915
WP_000942211.1	YP_500130.1	SAOUHSC_01615
WP_000402656.1	YP_500791.1	SAOUHSC_02312
WP_001218596.1	YP_499810.1	SAOUHSC_01278
WP_000857602.1	YP_499252.1	SAOUHSC_00693
WP_000595298.1	YP_501111.1	SAOUHSC_02649
WP_000526687.1	YP_499536.1	SAOUHSC_00983
WP_000052590.1	YP_499785.1	SAOUHSC_01252
WP_000149404.1	YP_500350.1	SAOUHSC_01845
WP_000130149.1	YP_500936.1	SAOUHSC_02468
WP_011443641.1	YP_500303.1	SAOUHSC_01799
WP_001791835.1	YP_498664.1	SAOUHSC_00060
WP_001226823.1	YP_501068.1	SAOUHSC_02607
WP_001021145.1	YP_499174.1	SAOUHSC_00611
WP_000004335.1	YP_500374.1	SAOUHSC_01871
WP_000197019.1	YP_499480.1	SAOUHSC_00927
WP_001041911.1	YP_500116.1	SAOUHSC_01601
WP_001088978.1	YP_499874.1	SAOUHSC_01346
WP_000623903.1	YP_499732.1	SAOUHSC_01193
WP_000813555.1	YP_498752.1	SAOUHSC_00153
WP_000031515.1	YP_499021.1	SAOUHSC_00438
WP_001030711.1	YP_501209.1	SAOUHSC_02750
WP_000122340.1	YP_499106.1	SAOUHSC_00534
WP_000737143.1	YP_499251.1	SAOUHSC_00692
WP_000711870.1	YP_501390.2	SAOUHSC_02937
WP_000240645.1	YP_500736.1	SAOUHSC_02254
WP_000340475.1	YP_499683.1	SAOUHSC_01141
WP_000159960.1	YP_500844.1	SAOUHSC_02368
WP_000106330.1	YP_500757.1	SAOUHSC_02276
WP_000991502.1	YP_501059.1	SAOUHSC_02597
WP_000808845.1	YP_500339.1	SAOUHSC_01833
WP_000942300.1	YP_499920.1	SAOUHSC_01392
WP_001229077.1	YP_501226.1	SAOUHSC_02767
WP_001172340.1	YP_501382.1	SAOUHSC_02929
WP_000960852.1	YP_501110.1	SAOUHSC_02648
WP_000173902.1	YP_498669.1	SAOUHSC_00067
WP_000109906.1	YP_500411.1	SAOUHSC_01910
WP_000067349.1	YP_498764.1	SAOUHSC_00167
WP_001294626.1	YP_500787.1	SAOUHSC_02308
WP_000384474.1	YP_500040.1	SAOUHSC_01523
WP_001789452.1	YP_498796.1	SAOUHSC_00199
WP_000143503.1	YP_501219.1	SAOUHSC_02760
WP_001137474.1	YP_501436.1	SAOUHSC_02987
WP_000570699.1	YP_499502.1	SAOUHSC_00949
WP_001049959.1	YP_499509.1	SAOUHSC_00956
WP_000792345.1	YP_500912.1	SAOUHSC_02444
WP_000323167.1	YP_500627.1	SAOUHSC_02137
WP_001050913.1	YP_499796.1	SAOUHSC_01263
WP_000692645.1	YP_501142.1	SAOUHSC_02680
WP_000432077.1	YP_499673.1	SAOUHSC_01130
WP_000127982.1	YP_498782.1	SAOUHSC_00185
WP_000028659.1	YP_500434.1	SAOUHSC_01933
WP_001288049.1	YP_499257.1	SAOUHSC_00698
WP_000876663.1	YP_501266.1	SAOUHSC_02808
WP_000873197.1	YP_501437.1	SAOUHSC_02988
WP_000727762.1	YP_501152.1	SAOUHSC_02690
WP_001001523.1	YP_499802.1	SAOUHSC_01269
WP_000725596.1	YP_498706.1	SAOUHSC_00106
WP_000259692.1	YP_501325.1	SAOUHSC_02869
WP_000424966.1	YP_498964.1	SAOUHSC_00375
WP_000957015.1	YP_500611.1	SAOUHSC_02119
WP_000202037.1	YP_501232.1	SAOUHSC_02773
WP_000083807.1	YP_500876.1	SAOUHSC_02400
WP_000065035.1	YP_498707.1	SAOUHSC_00107
WP_000665736.1	YP_498884.1	SAOUHSC_00294
WP_001225019.1	YP_501422.1	SAOUHSC_02971
WP_000838204.1	YP_498805.1	SAOUHSC_00209
WP_000094576.1	YP_500767.1	SAOUHSC_02285
WP_000680733.1	YP_499056.1	SAOUHSC_00479
WP_000930486.1	YP_498953.1	SAOUHSC_00364
WP_000038517.1	YP_498847.1	SAOUHSC_00253
WP_001178942.1	YP_500795.1	SAOUHSC_02316
WP_001085505.1	YP_499354.1	SAOUHSC_00798
WP_000535834.1	YP_500506.1	SAOUHSC_02009
WP_000082539.1	YP_499857.1	SAOUHSC_01327
WP_000180991.1	YP_499292.1	SAOUHSC_00732
WP_000177464.1	YP_498616.1	SAOUHSC_00008
WP_000414177.1	YP_499513.1	SAOUHSC_00960
WP_001208912.1	YP_498987.1	SAOUHSC_00400
WP_000974881.1	YP_500822.1	SAOUHSC_02345
WP_000686168.1	YP_501332.1	SAOUHSC_02877
WP_000158433.1	YP_501433.1	SAOUHSC_02984
WP_001008401.1	YP_498795.1	SAOUHSC_00198
WP_000193752.1	YP_499298.1	SAOUHSC_00738
WP_001261677.1	YP_500392.1	SAOUHSC_01890
WP_001130051.1	YP_501380.1	SAOUHSC_02927
WP_000950548.1	YP_499190.1	SAOUHSC_00628
WP_000573079.1	YP_499439.1	SAOUHSC_00886
WP_000417369.1	YP_499809.1	SAOUHSC_01276
WP_000208576.1	YP_501197.1	SAOUHSC_02736
WP_000160456.1	YP_501335.1	SAOUHSC_02881
WP_000049154.1	YP_500292.1	SAOUHSC_01787
WP_001106113.1	YP_499120.1	SAOUHSC_00548
WP_000421701.1	YP_501386.1	SAOUHSC_02933
WP_000342125.1	YP_499952.1	SAOUHSC_01427
WP_001288202.1	YP_499070.1	SAOUHSC_00493
WP_000849439.1	YP_500302.1	SAOUHSC_01798
WP_000290400.1	YP_498732.1	SAOUHSC_00132
WP_000948279.1	YP_498998.1	SAOUHSC_00412
WP_000571549.1	YP_500802.1	SAOUHSC_02323
WP_000567394.1	YP_500667.1	SAOUHSC_02181
WP_000483713.1	YP_499564.1	SAOUHSC_01014
WP_000412514.1	YP_499138.1	SAOUHSC_00569
WP_000141414.1	YP_500749.1	SAOUHSC_02268
WP_000105070.1	YP_500114.1	SAOUHSC_01599
WP_001212860.1	YP_499840.1	SAOUHSC_01310
WP_000340118.1	YP_499507.1	SAOUHSC_00954
WP_001797475.1	YP_498765.1	SAOUHSC_00168
WP_000728761.1	YP_498670.1	SAOUHSC_00069
WP_000709291.1	YP_499567.1	SAOUHSC_01017
WP_000348360.1	YP_500417.1	SAOUHSC_01916
WP_000211359.1	YP_501109.1	SAOUHSC_02647
WP_001009697.1	YP_499432.1	SAOUHSC_00879
WP_000669653.1	YP_498798.1	SAOUHSC_00201
WP_001106738.1	YP_499119.1	SAOUHSC_00547
WP_000202189.1	YP_500145.1	SAOUHSC_01632
WP_000284431.1	YP_500623.2	SAOUHSC_02133
WP_000276371.1	YP_500342.1	SAOUHSC_01836
WP_000264071.1	YP_498963.1	SAOUHSC_00374
WP_000067127.1	YP_500037.1	SAOUHSC_01520
WP_000503581.1	YP_499019.1	SAOUHSC_00436
WP_000651160.1	YP_499882.1	SAOUHSC_01354
WP_000069282.1	YP_500019.1	SAOUHSC_01501
WP_000649907.1	YP_500488.1	SAOUHSC_01991
WP_000129653.1	YP_499422.1	SAOUHSC_00869
WP_000027928.1	YP_500609.1	SAOUHSC_02117
WP_001283792.1	YP_499082.1	SAOUHSC_00509
WP_000909220.1	YP_500032.1	SAOUHSC_01515
WP_000389956.1	YP_499856.1	SAOUHSC_01326
WP_000159750.1	YP_498757.1	SAOUHSC_00158
WP_000534425.1	YP_501376.1	SAOUHSC_02923
WP_001140995.1	YP_500890.1	SAOUHSC_02418
WP_001108126.1	YP_501123.1	SAOUHSC_02661
WP_000057551.1	YP_499341.1	SAOUHSC_00784
WP_000038961.1	YP_501162.1	SAOUHSC_02700
WP_000163988.1	YP_498831.1	SAOUHSC_00236
WP_001005842.1	YP_501417.1	SAOUHSC_02967
WP_000834084.1	YP_498693.1	SAOUHSC_00092
WP_001206093.1	YP_500839.1	SAOUHSC_02363
WP_000545370.1	YP_500608.1	SAOUHSC_02116
WP_000279374.1	YP_499020.1	SAOUHSC_00437
WP_000953744.1	YP_501410.1	SAOUHSC_02958
WP_001291535.1	YP_500129.1	SAOUHSC_01614
WP_000432356.1	YP_501478.1	SAOUHSC_03030
WP_000511135.1	YP_500820.1	SAOUHSC_02341
WP_000391031.1	YP_499691.1	SAOUHSC_01149
WP_000169220.1	YP_500916.1	SAOUHSC_02449
WP_000265417.1	YP_500371.1	SAOUHSC_01868
WP_000101538.1	YP_501192.1	SAOUHSC_02729
WP_000020800.1	YP_499151.1	SAOUHSC_00584
WP_001549616.1	YP_500939.1	SAOUHSC_02471
WP_000350976.1	YP_499893.1	SAOUHSC_01366
WP_000260118.1	YP_499592.1	SAOUHSC_01043
WP_000193707.1	YP_500120.1	SAOUHSC_01605
WP_000379054.1	YP_499762.1	SAOUHSC_01226
WP_000977737.1	YP_501034.1	SAOUHSC_02573
WP_000921968.1	YP_499570.1	SAOUHSC_01021
WP_000631963.1	YP_499084.1	SAOUHSC_00511
WP_000533485.1	YP_500296.1	SAOUHSC_01792
WP_000381270.1	YP_501201.1	SAOUHSC_02740
WP_000375647.1	YP_498624.1	SAOUHSC_00018
WP_000347061.1	YP_499128.1	SAOUHSC_00556
WP_000167538.1	YP_500459.1	SAOUHSC_01960
WP_001151814.1	YP_498667.1	SAOUHSC_00064
WP_001074405.1	YP_499405.1	SAOUHSC_00851
WP_001030080.1	YP_500177.1	SAOUHSC_01666
WP_000414685.1	YP_499970.1	SAOUHSC_01448
WP_001006445.1	YP_498663.1	SAOUHSC_00058
WP_000991007.1	YP_498956.1	SAOUHSC_00367
WP_000116224.1	YP_500480.1	SAOUHSC_01983
WP_000062417.1	YP_499498.1	SAOUHSC_00945
WP_000868645.1	YP_499849.1	SAOUHSC_01319
WP_000833797.1	YP_501096.1	SAOUHSC_02635
WP_000799248.1	YP_499071.1	SAOUHSC_00497
WP_001021214.1	YP_500632.1	SAOUHSC_02142
WP_001008722.1	YP_498780.1	SAOUHSC_00183
WP_000902119.1	YP_500020.1	SAOUHSC_01502
WP_000429674.1	YP_501052.1	SAOUHSC_02590
WP_000362503.1	YP_501498.1	SAOUHSC_03053
WP_000066062.1	YP_499451.1	SAOUHSC_00898
WP_001100835.1	YP_499129.1	SAOUHSC_00557
WP_001066545.1	YP_498841.1	SAOUHSC_00246
WP_000952048.1	YP_499258.1	SAOUHSC_00699
WP_000691541.1	YP_500448.1	SAOUHSC_01949
WP_000477329.1	YP_501106.1	SAOUHSC_02644
WP_000123393.1	YP_500860.1	SAOUHSC_02383
WP_001549577.1	YP_500897.1	SAOUHSC_02426
WP_001083499.1	YP_501395.1	SAOUHSC_02943
WP_000531823.1	YP_500769.1	SAOUHSC_02287
WP_001801648.1	YP_500058.1	SAOUHSC_01542
WP_000863479.1	YP_499744.1	SAOUHSC_01207
WP_001085220.1	YP_499080.2	SAOUHSC_00507
WP_001290433.1	YP_498609.1	SAOUHSC_00001
WP_001147868.1	YP_500605.1	SAOUHSC_02113
WP_000942744.1	YP_500219.1	SAOUHSC_01709
WP_000818525.1	YP_500308.1	SAOUHSC_01803
WP_000381849.1	YP_499580.1	SAOUHSC_01031
WP_001110064.1	YP_501177.1	SAOUHSC_02715
WP_001010111.1	YP_498907.1	SAOUHSC_00317
WP_000611462.1	YP_500796.1	SAOUHSC_02317
WP_000593153.1	YP_501432.1	SAOUHSC_02983
WP_000481425.1	YP_501265.1	SAOUHSC_02806
WP_000193917.1	YP_500358.1	SAOUHSC_01854
WP_000021864.1	YP_499512.1	SAOUHSC_00959
WP_000756612.1	YP_500137.1	SAOUHSC_01623
WP_000728173.1	YP_498750.1	SAOUHSC_00151
WP_000651060.1	YP_498905.1	SAOUHSC_00315
WP_000521491.1	YP_500881.1	SAOUHSC_02405
WP_000166801.1	YP_499945.1	SAOUHSC_01419
WP_001252529.1	YP_499050.1	SAOUHSC_00471
WP_001100300.1	YP_498699.1	SAOUHSC_00099
WP_001060842.1	YP_499601.1	SAOUHSC_01053
WP_000700921.1	YP_501210.1	SAOUHSC_02751
WP_000935991.1	YP_499689.1	SAOUHSC_01147
WP_000450257.1	YP_499270.1	SAOUHSC_00711
WP_001147970.1	YP_498900.1	SAOUHSC_00310
WP_001062180.1	YP_500170.1	SAOUHSC_01659
WP_000545451.1	YP_500281.1	SAOUHSC_01776
WP_000108667.1	YP_500189.1	SAOUHSC_01679
WP_000019687.1	YP_500146.1	SAOUHSC_01633
WP_001237506.1	YP_500892.1	SAOUHSC_02420
WP_001039275.1	YP_499938.1	SAOUHSC_01411
WP_001126603.1	YP_499818.1	SAOUHSC_01287
WP_000798979.1	YP_499976.1	SAOUHSC_01456
WP_001286928.1	YP_500134.1	SAOUHSC_01620
WP_000828726.1	YP_499005.1	SAOUHSC_00420
WP_000812827.1	YP_499029.1	SAOUHSC_00450
WP_000030057.1	YP_501377.1	SAOUHSC_02924
WP_001060131.1	YP_498628.1	SAOUHSC_00022
WP_000800700.1	YP_500981.1	SAOUHSC_02516
WP_000465472.1	YP_498642.1	SAOUHSC_00036
WP_000240338.1	YP_498855.1	SAOUHSC_00261
WP_000148855.1	YP_499453.1	SAOUHSC_00900
WP_000952537.1	YP_498992.1	SAOUHSC_00406
WP_223200571.1	YP_499535.1	SAOUHSC_00982
WP_000860581.1	YP_499148.1	SAOUHSC_00581
WP_000064778.1	YP_499971.1	SAOUHSC_01450
WP_001241217.1	YP_499413.1	SAOUHSC_00860
WP_000342185.1	YP_499690.1	SAOUHSC_01148
WP_001124525.1	YP_499461.1	SAOUHSC_00908
WP_001115101.1	YP_500838.1	SAOUHSC_02362
WP_000606324.1	YP_499433.1	SAOUHSC_00880
WP_001250336.1	YP_500599.1	SAOUHSC_02107
WP_001077722.1	YP_498889.1	SAOUHSC_00299
WP_000150168.1	YP_500360.1	SAOUHSC_01856
WP_000792564.1	YP_501168.1	SAOUHSC_02706
WP_000165536.1	YP_500010.1	SAOUHSC_01492
WP_001178619.1	YP_499705.1	SAOUHSC_01165
WP_001045079.1	YP_500730.1	SAOUHSC_02247
WP_000745099.1	YP_498874.1	SAOUHSC_00282
WP_000572235.1	YP_499723.1	SAOUHSC_01184
WP_000205572.1	YP_499402.1	SAOUHSC_00848
WP_000195254.1	YP_499759.1	SAOUHSC_01223
WP_001121760.1	YP_499355.1	SAOUHSC_00799
WP_001242318.1	YP_500854.1	SAOUHSC_02377
WP_000127573.1	YP_500284.1	SAOUHSC_01779
WP_000040575.1	YP_501227.1	SAOUHSC_02768
WP_000245895.1	YP_499999.1	SAOUHSC_01481
WP_000160435.1	YP_500318.1	SAOUHSC_01813
WP_001176715.1	YP_499061.1	SAOUHSC_00484
WP_000793070.1	YP_499206.1	SAOUHSC_00646
WP_000572878.1	YP_500617.1	SAOUHSC_02126
WP_000180230.1	YP_499169.1	SAOUHSC_00606
WP_000009069.1	YP_499574.1	SAOUHSC_01025
WP_001549202.1	YP_500745.1	SAOUHSC_02264
WP_000989121.1	YP_500394.1	SAOUHSC_01893
WP_000863440.1	YP_499591.1	SAOUHSC_01042
WP_000858789.1	YP_499989.1	SAOUHSC_01471
WP_000616784.1	YP_500959.1	SAOUHSC_02491
WP_000496100.1	YP_500259.1	SAOUHSC_01753
WP_001011598.1	YP_500497.2	SAOUHSC_02000
WP_001270868.1	YP_500276.1	SAOUHSC_01771
WP_001068542.1	YP_500648.1	SAOUHSC_02158
WP_000884334.1	YP_498617.1	SAOUHSC_00009
WP_000664764.1	YP_499789.1	SAOUHSC_01256
WP_000121116.1	YP_499772.1	SAOUHSC_01239
WP_000095327.1	YP_498625.1	SAOUHSC_00019
WP_000735864.1	YP_499850.1	SAOUHSC_01320
WP_001180323.1	YP_501315.1	SAOUHSC_02859
WP_001173165.1	YP_501129.1	SAOUHSC_02667
WP_001020023.1	YP_501120.1	SAOUHSC_02658
WP_000660709.1	YP_501273.1	SAOUHSC_02815
WP_001279338.1	YP_500344.1	SAOUHSC_01838
WP_000767028.1	YP_499707.1	SAOUHSC_01168
WP_000406842.1	YP_500126.1	SAOUHSC_01611
WP_000102735.1	YP_500242.2	SAOUHSC_01734
WP_001108346.1	YP_500271.1	SAOUHSC_01766
WP_000034961.1	YP_498773.1	SAOUHSC_00176
WP_001115440.1	YP_499943.1	SAOUHSC_01416
WP_000848304.1	YP_500225.1	SAOUHSC_01716
WP_000793009.1	YP_498962.1	SAOUHSC_00373
WP_000285014.1	YP_500375.1	SAOUHSC_01872
WP_000216853.1	YP_500771.1	SAOUHSC_02289
WP_000166888.1	YP_498774.1	SAOUHSC_00177
WP_000123165.1	YP_500306.1	SAOUHSC_01801
WP_000413865.1	YP_500991.1	SAOUHSC_02527
WP_000358000.1	YP_500816.1	SAOUHSC_02337
WP_000216946.1	YP_499928.1	SAOUHSC_01401
WP_000089941.1	YP_499788.1	SAOUHSC_01255
WP_000779497.1	YP_498728.1	SAOUHSC_00128
WP_000673309.1	YP_499900.1	SAOUHSC_01373
WP_000590826.1	YP_500246.1	SAOUHSC_01738
WP_000472302.1	YP_500283.1	SAOUHSC_01778
WP_000283016.1	YP_499890.1	SAOUHSC_01363
WP_000186029.1	YP_500345.1	SAOUHSC_01839
WP_000794442.1	YP_501072.1	SAOUHSC_02611
WP_000673098.1	YP_499901.1	SAOUHSC_01374
WP_000259718.1	YP_501005.1	SAOUHSC_02542
WP_000120104.1	YP_498811.1	SAOUHSC_00216
WP_000046602.1	YP_500841.1	SAOUHSC_02365
WP_001795438.1	YP_500584.1	SAOUHSC_02092
WP_000610051.1	YP_498678.1	SAOUHSC_00078
WP_000120307.1	YP_500739.1	SAOUHSC_02257
WP_001052270.1	YP_500751.1	SAOUHSC_02270
WP_001012222.1	YP_501158.1	SAOUHSC_02696
WP_001006454.1	YP_499403.1	SAOUHSC_00849
WP_000930643.1	YP_501462.1	SAOUHSC_03013
WP_000826862.1	YP_498742.1	SAOUHSC_00143
WP_000007683.1	YP_499742.1	SAOUHSC_01205
WP_001101908.1	YP_499568.1	SAOUHSC_01018
WP_000672867.1	YP_499756.1	SAOUHSC_01220
WP_000566596.1	YP_500450.1	SAOUHSC_01951
WP_000389524.1	YP_499998.1	SAOUHSC_01480
WP_000138486.1	YP_499448.1	SAOUHSC_00895
WP_000081237.1	YP_499474.1	SAOUHSC_00921
WP_000682611.1	YP_498747.1	SAOUHSC_00148
WP_001159430.1	YP_501451.1	SAOUHSC_03002
WP_001100664.1	YP_500053.1	SAOUHSC_01537
WP_000998767.1	YP_501067.1	SAOUHSC_02606
WP_000652047.1	YP_499816.1	SAOUHSC_01284
WP_000431234.1	YP_498692.1	SAOUHSC_00091
WP_000120500.1	YP_500830.1	SAOUHSC_02354
WP_000068617.1	YP_499815.1	SAOUHSC_01283
WP_000129411.1	YP_501419.1	SAOUHSC_02969
WP_000548707.1	YP_501079.1	SAOUHSC_02618
WP_000533238.1	YP_500217.1	SAOUHSC_01707
WP_000479279.1	YP_499208.1	SAOUHSC_00648
WP_000186217.1	YP_498915.1	SAOUHSC_00326
WP_000058383.1	YP_500315.1	SAOUHSC_01810
WP_000948970.1	YP_501205.1	SAOUHSC_02744
WP_000795826.1	YP_499316.1	SAOUHSC_00757
WP_000787940.1	YP_499609.1	SAOUHSC_01063
WP_001245769.1	YP_500464.1	SAOUHSC_01966
WP_000872653.1	YP_500329.1	SAOUHSC_01824
WP_000206639.1	YP_500727.1	SAOUHSC_02244
WP_001022961.1	YP_498883.1	SAOUHSC_00293
WP_000542309.1	YP_500216.1	SAOUHSC_01706
WP_000367064.1	YP_499240.1	SAOUHSC_00681
WP_000130765.1	YP_498648.1	SAOUHSC_00042
WP_001031975.1	YP_499549.1	SAOUHSC_00997
WP_000037075.1	YP_500588.1	SAOUHSC_02097
WP_001041337.1	YP_499898.1	SAOUHSC_01371
WP_000613541.1	YP_499423.1	SAOUHSC_00870
WP_000547794.1	YP_499074.1	SAOUHSC_00501
WP_001192075.1	YP_501188.1	SAOUHSC_02725
WP_000916119.1	YP_501438.1	SAOUHSC_02989
WP_000184419.1	YP_500995.1	SAOUHSC_02531
WP_000142189.1	YP_498794.1	SAOUHSC_00197
WP_000072584.1	YP_498985.1	SAOUHSC_00398
WP_001004752.1	YP_499885.1	SAOUHSC_01358
WP_000571584.1	YP_501083.1	SAOUHSC_02622
WP_000046076.1	YP_499431.1	SAOUHSC_00878
WP_001291022.1	YP_498725.1	SAOUHSC_00125
WP_001085819.1	YP_498724.1	SAOUHSC_00124
WP_000660045.1	YP_499452.1	SAOUHSC_00899
WP_000264751.1	YP_500097.1	SAOUHSC_01582
WP_000258711.1	YP_499921.1	SAOUHSC_01394
WP_001223700.1	YP_498682.1	SAOUHSC_00082
WP_001109939.1	YP_500798.1	SAOUHSC_02319
WP_001062982.1	YP_498996.1	SAOUHSC_00410
WP_000361544.1	YP_499992.2	SAOUHSC_01474
WP_000040069.1	YP_500325.1	SAOUHSC_01820
WP_000831698.1	YP_500612.1	SAOUHSC_02121
WP_000722165.1	YP_499717.1	SAOUHSC_01178
WP_000286484.1	YP_498892.1	SAOUHSC_00302
WP_000072576.1	YP_500433.1	SAOUHSC_01932
WP_000238227.1	YP_500472.1	SAOUHSC_01975
WP_000966099.1	YP_501256.1	SAOUHSC_02797
WP_000951448.1	YP_499057.1	SAOUHSC_00480
WP_000933822.1	YP_500410.1	SAOUHSC_01909
WP_000675401.1	YP_501221.1	SAOUHSC_02762
WP_000671243.1	YP_499550.1	SAOUHSC_00998
WP_000183726.1	YP_500850.1	SAOUHSC_02373
WP_000170403.1	YP_500904.1	SAOUHSC_02435
WP_001154222.1	YP_499505.1	SAOUHSC_00952
WP_001074749.1	YP_499352.1	SAOUHSC_00796
WP_000167314.1	YP_499447.1	SAOUHSC_00894
WP_000884739.1	YP_500894.1	SAOUHSC_02423
WP_000250824.1	YP_499104.1	SAOUHSC_00532
WP_000026194.1	YP_501211.1	SAOUHSC_02752
WP_001291500.1	YP_500851.1	SAOUHSC_02374
WP_001154618.1	YP_498792.1	SAOUHSC_00195
WP_001084436.1	YP_498749.1	SAOUHSC_00150
WP_001040568.1	YP_499102.1	SAOUHSC_00530
WP_001292247.1	YP_499269.1	SAOUHSC_00710
WP_001159022.1	YP_500389.1	SAOUHSC_01887
WP_001088780.1	YP_499540.1	SAOUHSC_00987
WP_001025061.1	YP_500379.1	SAOUHSC_01876
WP_000199070.1	YP_498926.1	SAOUHSC_00336
WP_001075826.1	YP_498662.1	SAOUHSC_00057
WP_000197806.1	YP_498701.1	SAOUHSC_00101
WP_000887915.1	YP_499103.1	SAOUHSC_00531
WP_000769417.1	YP_499425.1	SAOUHSC_00872
WP_000258650.1	YP_499506.1	SAOUHSC_00953
WP_000133954.1	YP_500011.1	SAOUHSC_01493
WP_000097462.1	YP_499776.1	SAOUHSC_01243
WP_000888997.1	YP_499692.1	SAOUHSC_01150
WP_000685079.1	YP_499575.1	SAOUHSC_01026
WP_001184005.1	YP_500353.1	SAOUHSC_01849
WP_000594815.1	YP_498819.1	SAOUHSC_00223
WP_000278558.1	YP_501133.1	SAOUHSC_02671
WP_001269929.1	YP_500001.1	SAOUHSC_01483
WP_001041272.1	YP_499262.1	SAOUHSC_00703
WP_001020801.1	YP_499753.1	SAOUHSC_01216
WP_000848764.1	YP_498846.1	SAOUHSC_00251
WP_000827748.1	YP_500618.1	SAOUHSC_02127
WP_000762552.1	YP_500081.1	SAOUHSC_01566
WP_000692515.1	YP_498691.1	SAOUHSC_00090
WP_000668180.1	YP_498723.1	SAOUHSC_00123
WP_000151982.1	YP_501316.1	SAOUHSC_02860
WP_001142734.1	YP_500051.1	SAOUHSC_01535
WP_000610884.1	YP_501276.1	SAOUHSC_02818
WP_000057899.1	YP_498766.1	SAOUHSC_00169
WP_000291415.1	YP_500338.1	SAOUHSC_01832
WP_000175846.1	YP_498930.1	SAOUHSC_00340
WP_000777581.1	YP_499542.1	SAOUHSC_00989
WP_000625059.1	YP_501331.1	SAOUHSC_02876
WP_000558769.1	YP_499435.1	SAOUHSC_00882
WP_001217785.1	YP_499282.1	SAOUHSC_00723
WP_001089613.1	YP_500582.1	SAOUHSC_02090
WP_001003793.1	YP_499926.1	SAOUHSC_01399
WP_000020361.1	YP_499794.1	SAOUHSC_01261
WP_011447028.1	YP_500330.1	SAOUHSC_01825
WP_001281145.1	YP_500784.1	SAOUHSC_02305
WP_000954810.1	YP_498801.1	SAOUHSC_00204
WP_000723454.1	YP_498729.1	SAOUHSC_00129
WP_000619366.1	YP_499467.1	SAOUHSC_00914
WP_000487150.1	YP_499979.1	SAOUHSC_01460
WP_001789851.1	YP_498797.1	SAOUHSC_00200
WP_001176863.1	YP_501186.1	SAOUHSC_02723
WP_001036663.1	YP_499007.1	SAOUHSC_00422
WP_000690027.1	YP_499993.1	SAOUHSC_01475
WP_000409167.1	YP_500236.1	SAOUHSC_01727
WP_001119021.1	YP_500192.1	SAOUHSC_01682
WP_001112045.1	YP_500254.1	SAOUHSC_01748
WP_001070676.1	YP_499130.1	SAOUHSC_00558
WP_000843611.1	YP_499622.1	SAOUHSC_01076
WP_000402465.1	YP_500940.1	SAOUHSC_02472
WP_000138413.1	YP_499935.1	SAOUHSC_01408
WP_000115564.1	YP_500870.1	SAOUHSC_02393
WP_000969811.1	YP_498610.1	SAOUHSC_00002
WP_000606676.1	YP_500121.1	SAOUHSC_01606
WP_000245685.1	YP_498924.1	SAOUHSC_00335
WP_000721707.1	YP_500341.1	SAOUHSC_01835
WP_000871731.1	YP_501334.1	SAOUHSC_02880
WP_000838037.1	YP_499446.1	SAOUHSC_00893
WP_000723418.1	YP_500828.1	SAOUHSC_02352
WP_000379978.1	YP_500486.1	SAOUHSC_01989
WP_001010412.1	YP_499559.1	SAOUHSC_01009
WP_000992527.1	YP_500475.1	SAOUHSC_01978
WP_000866747.1	YP_499315.1	SAOUHSC_00756
WP_000684141.1	YP_501040.1	SAOUHSC_02579
WP_000549223.1	YP_501465.1	SAOUHSC_03016
WP_000404653.1	YP_499962.1	SAOUHSC_01437
WP_000218090.1	YP_500196.1	SAOUHSC_01686
WP_000829167.1	YP_500307.1	SAOUHSC_01802
WP_000691284.1	YP_499870.1	SAOUHSC_01341
WP_000523151.1	YP_501066.1	SAOUHSC_02605
WP_012211173.1	YP_499016.1	SAOUHSC_00433
WP_001283977.1	YP_498881.1	SAOUHSC_00291
WP_001041662.1	YP_499755.1	SAOUHSC_01219
WP_001037436.1	YP_499469.1	SAOUHSC_00916
WP_000959424.1	YP_499973.1	SAOUHSC_01452
WP_000689998.1	YP_500323.1	SAOUHSC_01818
WP_000671751.1	YP_501175.1	SAOUHSC_02713
WP_000775113.1	YP_498612.1	SAOUHSC_00004
WP_000686457.1	YP_498763.1	SAOUHSC_00166
WP_000437967.1	YP_500478.1	SAOUHSC_01981
WP_000035320.1	YP_499589.1	SAOUHSC_01040
WP_010956549.1	YP_499328.1	SAOUHSC_00771
WP_001221639.1	YP_498722.1	SAOUHSC_00122
WP_001028293.1	YP_498719.1	SAOUHSC_00119
WP_001283055.1	YP_500173.1	SAOUHSC_01662
WP_001163751.1	YP_501357.1	SAOUHSC_02904
WP_000648718.1	YP_500879.1	SAOUHSC_02403
WP_001101603.1	YP_499203.1	SAOUHSC_00643
WP_000655692.1	YP_498931.1	SAOUHSC_00341
WP_001280141.1	YP_500210.1	SAOUHSC_01700
WP_001190913.1	YP_499708.1	SAOUHSC_01169
WP_000683931.1	YP_500171.1	SAOUHSC_01660
WP_000032836.1	YP_499554.1	SAOUHSC_01002
WP_001218732.1	YP_498935.1	SAOUHSC_00346
WP_000818914.1	YP_498772.1	SAOUHSC_00175
WP_000275730.1	YP_500628.1	SAOUHSC_02138
WP_001236371.1	YP_500498.1	SAOUHSC_02001
WP_000626897.1	YP_499724.1	SAOUHSC_01185
WP_000433551.1	YP_499595.1	SAOUHSC_01046
WP_000670313.1	YP_499843.1	SAOUHSC_01313
WP_000495671.1	YP_500867.1	SAOUHSC_02390
WP_000214266.1	YP_499891.1	SAOUHSC_01364
WP_000093349.1	YP_500147.1	SAOUHSC_01634
WP_000066378.1	YP_500356.1	SAOUHSC_01852
WP_000933105.1	YP_499501.1	SAOUHSC_00948
WP_000127593.1	YP_499927.1	SAOUHSC_01400
WP_001548033.1	YP_499323.1	SAOUHSC_00765
WP_000684567.1	YP_501035.1	SAOUHSC_02574
WP_000140050.1	YP_499478.1	SAOUHSC_00925
WP_001549787.1	YP_501282.1	SAOUHSC_02823
WP_000266883.1	YP_500753.1	SAOUHSC_02272
WP_001246698.1	YP_499629.1	SAOUHSC_01084
WP_001076671.1	YP_501214.1	SAOUHSC_02755
WP_001024576.1	YP_500365.1	SAOUHSC_01861
WP_000897635.1	YP_500624.1	SAOUHSC_02134
WP_000616888.1	YP_499146.1	SAOUHSC_00579
WP_000460242.1	YP_500835.1	SAOUHSC_02359
WP_000153466.1	YP_498776.1	SAOUHSC_00179
WP_000076036.1	YP_499108.1	SAOUHSC_00536
WP_001240848.1	YP_500274.1	SAOUHSC_01769
WP_001028376.1	YP_499081.1	SAOUHSC_00508
WP_000819690.1	YP_499598.1	SAOUHSC_01049
WP_000951636.1	YP_500902.1	SAOUHSC_02433
WP_000829632.1	YP_499477.1	SAOUHSC_00924
WP_000775708.1	YP_500154.1	SAOUHSC_01641
WP_000460983.1	YP_499319.1	SAOUHSC_00760
WP_000160913.1	YP_499950.1	SAOUHSC_01424
WP_000159631.1	YP_500797.1	SAOUHSC_02318
WP_000140176.1	YP_500603.1	SAOUHSC_02111
WP_000980137.1	YP_499218.1	SAOUHSC_00660
WP_000816129.1	YP_498641.1	SAOUHSC_00035
WP_000267247.1	YP_499409.1	SAOUHSC_00855
WP_000794020.1	YP_499428.1	SAOUHSC_00875
WP_000776323.1	YP_500000.1	SAOUHSC_01482
WP_000277415.1	YP_501362.1	SAOUHSC_02909
WP_001255460.1	YP_499851.1	SAOUHSC_01321
WP_001212876.1	YP_499204.1	SAOUHSC_00644
WP_001096116.1	YP_498909.1	SAOUHSC_00319
WP_000087107.1	YP_500140.1	SAOUHSC_01626
WP_000063582.1	YP_500489.1	SAOUHSC_01992
WP_000784024.1	YP_498973.1	SAOUHSC_00386
WP_000663030.1	YP_499293.1	SAOUHSC_00733
WP_000003559.1	YP_499637.1	SAOUHSC_01092
WP_000791407.1	YP_500726.1	SAOUHSC_02243
WP_000761395.1	YP_501104.1	SAOUHSC_02641
WP_000646207.1	YP_498812.1	SAOUHSC_00217
WP_000258151.1	YP_499320.1	SAOUHSC_00762
WP_000244412.1	YP_499273.1	SAOUHSC_00714
WP_000200684.1	YP_501341.1	SAOUHSC_02888
WP_000161661.1	YP_500321.1	SAOUHSC_01816
WP_000145555.1	YP_498755.1	SAOUHSC_00156
WP_000723836.1	YP_501454.1	SAOUHSC_03005
WP_000160859.1	YP_499627.1	SAOUHSC_01081
WP_001279381.1	YP_501084.1	SAOUHSC_02623
WP_000477934.1	YP_498877.1	SAOUHSC_00285
WP_000379888.1	YP_500833.1	SAOUHSC_02357
WP_000221958.1	YP_500768.1	SAOUHSC_02286
WP_001030771.1	YP_499219.1	SAOUHSC_00661
WP_001017131.1	YP_500590.1	SAOUHSC_02099
WP_000645604.1	YP_498814.1	SAOUHSC_00219
WP_000368166.1	YP_499795.2	SAOUHSC_01262
WP_000353634.1	YP_501299.1	SAOUHSC_02841
WP_000077344.1	YP_500391.1	SAOUHSC_01889
WP_001188077.1	YP_500636.1	SAOUHSC_02146
WP_001061252.1	YP_499225.1	SAOUHSC_00666
WP_000582332.1	YP_499408.1	SAOUHSC_00854
WP_000210828.1	YP_499972.1	SAOUHSC_01451
WP_000163809.1	YP_498777.1	SAOUHSC_00180
WP_000857199.1	YP_500723.1	SAOUHSC_02239
WP_000733409.1	YP_499615.2	SAOUHSC_01069
WP_000284752.1	YP_500502.1	SAOUHSC_02005
WP_000233527.1	YP_500461.1	SAOUHSC_01962
WP_000655971.1	YP_501116.1	SAOUHSC_02654
WP_000606546.1	YP_501138.1	SAOUHSC_02676
WP_000974906.1	YP_500899.1	SAOUHSC_02428
WP_000598483.1	YP_498748.1	SAOUHSC_00149
WP_000433363.1	YP_499892.1	SAOUHSC_01365
WP_000754443.1	YP_499309.1	SAOUHSC_00749
WP_000459057.1	YP_498718.1	SAOUHSC_00118
WP_000181322.1	YP_500633.1	SAOUHSC_02143
WP_000030812.1	YP_499565.1	SAOUHSC_01015
WP_001060912.1	YP_498899.1	SAOUHSC_00309
WP_001019172.1	YP_500255.1	SAOUHSC_01749
WP_000706137.1	YP_498741.1	SAOUHSC_00142
WP_000622700.1	YP_499838.1	SAOUHSC_01307
WP_000610203.1	YP_498821.1	SAOUHSC_00226
WP_000610189.1	YP_498816.1	SAOUHSC_00221
WP_000571218.1	YP_499396.1	SAOUHSC_00842
WP_000569286.1	YP_499008.1	SAOUHSC_00423
WP_000159034.1	YP_500758.1	SAOUHSC_02277
WP_000106141.1	YP_500298.1	SAOUHSC_01794
WP_000728056.1	YP_499371.1	SAOUHSC_00816
WP_000280805.1	YP_498898.1	SAOUHSC_00308
WP_000230173.1	YP_501000.1	SAOUHSC_02536
WP_000638456.1	YP_499581.1	SAOUHSC_01032
WP_000634685.1	YP_501076.1	SAOUHSC_02614
WP_000256338.1	YP_500117.1	SAOUHSC_01602
WP_000145499.1	YP_499599.1	SAOUHSC_01050
WP_001789887.1	YP_499862.1	SAOUHSC_01332
WP_000625882.1	YP_499213.1	SAOUHSC_00654
WP_000595324.1	YP_500725.1	SAOUHSC_02241
WP_000215642.1	YP_501481.1	SAOUHSC_03033
WP_000985886.1	YP_500237.1	SAOUHSC_01728
WP_000654030.1	YP_499350.1	SAOUHSC_00794
WP_000639183.1	YP_501461.1	SAOUHSC_03012
WP_001200748.1	YP_499171.1	SAOUHSC_00608
WP_001078456.1	YP_498676.1	SAOUHSC_00076
WP_000836419.1	YP_501352.1	SAOUHSC_02899
WP_000676548.1	YP_499541.1	SAOUHSC_00988
WP_000279414.1	YP_499351.1	SAOUHSC_00795
WP_000202439.1	YP_499543.1	SAOUHSC_00991
WP_000136166.1	YP_501418.1	SAOUHSC_02968
WP_000023316.1	YP_500221.1	SAOUHSC_01711
WP_001046646.1	YP_501176.1	SAOUHSC_02714
WP_000149503.1	YP_499077.1	SAOUHSC_00504
WP_000120368.1	YP_499229.1	SAOUHSC_00670
WP_001170264.1	YP_499011.1	SAOUHSC_00427
WP_001005767.1	YP_500256.1	SAOUHSC_01750
WP_000573242.1	YP_501114.1	SAOUHSC_02652
WP_000214557.1	YP_500766.1	SAOUHSC_02284
WP_000184741.1	YP_499212.1	SAOUHSC_00653
WP_000076929.1	YP_501008.1	SAOUHSC_02545
WP_000022323.1	YP_499286.1	SAOUHSC_00727
WP_001196354.1	YP_500387.1	SAOUHSC_01884
WP_001180222.1	YP_500914.1	SAOUHSC_02447
WP_000793605.1	YP_499671.1	SAOUHSC_01128
WP_000781945.1	YP_500913.1	SAOUHSC_02445
WP_000778523.1	YP_500416.1	SAOUHSC_01915
WP_000240058.1	YP_498894.1	SAOUHSC_00304
WP_000757880.1	YP_498837.1	SAOUHSC_00242
WP_000173832.1	YP_499895.1	SAOUHSC_01368
WP_000161738.1	YP_500009.1	SAOUHSC_01491
WP_000161358.1	YP_501330.1	SAOUHSC_02875
WP_000136636.1	YP_498672.1	SAOUHSC_00071
WP_001248939.1	YP_499345.1	SAOUHSC_00788
WP_000924997.1	YP_498673.1	SAOUHSC_00072
WP_000157629.1	YP_498911.1	SAOUHSC_00322
WP_000070653.1	YP_500420.1	SAOUHSC_01919
WP_001045111.1	YP_498674.1	SAOUHSC_00074
WP_000568353.1	YP_500128.1	SAOUHSC_01613
WP_000337364.1	YP_498842.1	SAOUHSC_00247
WP_000161536.1	YP_501289.1	SAOUHSC_02830
WP_223181135.1	YP_498880.1	SAOUHSC_00290
WP_000492114.1	YP_500186.1	SAOUHSC_01676
WP_000448934.1	YP_499486.1	SAOUHSC_00933
WP_000219066.1	YP_500354.1	SAOUHSC_01850
WP_000163531.1	YP_499922.1	SAOUHSC_01395
WP_001174260.1	YP_500017.1	SAOUHSC_01499
WP_001067049.1	YP_499482.1	SAOUHSC_00929
WP_000999713.1	YP_500595.1	SAOUHSC_02103
WP_000774281.1	YP_499142.1	SAOUHSC_00574
WP_000710576.1	YP_498656.1	SAOUHSC_00051
WP_000668820.1	YP_499516.1	SAOUHSC_00963
WP_000662031.1	YP_498645.1	SAOUHSC_00039
WP_000469949.1	YP_499907.1	SAOUHSC_01380
WP_000239744.1	YP_499735.1	SAOUHSC_01197
WP_000161314.1	YP_500158.1	SAOUHSC_01646
WP_001214661.1	YP_500900.1	SAOUHSC_02430
WP_001096642.1	YP_500127.1	SAOUHSC_01612
WP_000782464.1	YP_500453.1	SAOUHSC_01954
WP_000759232.1	YP_499916.1	SAOUHSC_01389
WP_000702782.1	YP_499272.1	SAOUHSC_00713
WP_000597335.1	YP_499145.1	SAOUHSC_00578
WP_000356975.1	YP_499888.1	SAOUHSC_01361
WP_001789408.1	YP_498689.1	SAOUHSC_00088
WP_000916195.1	YP_500124.1	SAOUHSC_01609
WP_000570808.1	YP_498675.1	SAOUHSC_00075
WP_000427770.1	YP_499483.1	SAOUHSC_00930
WP_000047009.1	YP_500919.1	SAOUHSC_02452
WP_000019744.1	YP_500866.1	SAOUHSC_02389
WP_000783428.1	YP_501172.1	SAOUHSC_02710
WP_000688126.1	YP_499860.1	SAOUHSC_01330
WP_000627140.1	YP_500195.1	SAOUHSC_01685
WP_000589260.1	YP_499291.1	SAOUHSC_00731
WP_000379098.1	YP_500503.1	SAOUHSC_02006
WP_000109968.1	YP_501144.1	SAOUHSC_02682
WP_000068176.1	YP_499590.1	SAOUHSC_01041
WP_001282562.1	YP_500200.1	SAOUHSC_01690
WP_000826685.1	YP_498737.1	SAOUHSC_00137
WP_000697228.1	YP_500155.1	SAOUHSC_01643
WP_000667126.1	YP_500277.1	SAOUHSC_01772
WP_000876318.1	YP_499306.1	SAOUHSC_00746
WP_000864185.1	YP_499782.1	SAOUHSC_01249
WP_000562498.1	YP_499303.1	SAOUHSC_00743
WP_000082559.1	YP_501472.1	SAOUHSC_03023
WP_000049919.1	YP_499991.1	SAOUHSC_01473
WP_001549718.1	YP_501100.1	SAOUHSC_02638
WP_001228162.1	YP_501302.1	SAOUHSC_02844
WP_000989091.1	YP_500898.1	SAOUHSC_02427
WP_000976269.1	YP_499214.1	SAOUHSC_00655
WP_000837105.1	YP_498783.1	SAOUHSC_00186
WP_000717561.1	YP_500312.1	SAOUHSC_01807
WP_000690419.1	YP_498778.1	SAOUHSC_00181
WP_000681756.1	YP_500016.1	SAOUHSC_01497
WP_000609348.1	YP_501284.1	SAOUHSC_02825
WP_000186481.1	YP_498620.1	SAOUHSC_00013
WP_000933774.1	YP_499051.1	SAOUHSC_00472
WP_000723301.1	YP_499107.1	SAOUHSC_00535
WP_000594530.1	YP_499631.1	SAOUHSC_01086
WP_000578458.1	YP_499688.1	SAOUHSC_01146
WP_000782121.1	YP_500469.1	SAOUHSC_01972
WP_000593417.1	YP_499484.1	SAOUHSC_00931
WP_001253312.1	YP_500748.1	SAOUHSC_02267
WP_001096471.1	YP_500004.1	SAOUHSC_01486
WP_001081351.1	YP_499529.1	SAOUHSC_00976
WP_001013484.1	YP_498733.1	SAOUHSC_00133
WP_000916742.1	YP_501435.1	SAOUHSC_02986
WP_000857483.1	YP_499665.1	SAOUHSC_01121
WP_000846637.1	YP_501374.1	SAOUHSC_02922
WP_000239131.1	YP_499419.1	SAOUHSC_00866
WP_001245577.1	YP_499307.1	SAOUHSC_00747
WP_001109273.1	YP_501473.1	SAOUHSC_03024
WP_000956132.1	YP_498958.1	SAOUHSC_00369
WP_000934885.1	YP_499960.1	SAOUHSC_01435
WP_000787672.1	YP_498705.1	SAOUHSC_00105
WP_001163801.1	YP_500021.1	SAOUHSC_01503
WP_001031882.1	YP_498803.1	SAOUHSC_00206
WP_000751704.1	YP_499719.1	SAOUHSC_01180
WP_000526539.1	YP_500380.1	SAOUHSC_01877
WP_000417016.1	YP_501039.1	SAOUHSC_02577
WP_001790232.1	YP_499177.1	SAOUHSC_00614
WP_000869455.1	YP_500495.1	SAOUHSC_01998
WP_000790330.1	YP_500750.1	SAOUHSC_02269
WP_000736798.1	YP_498843.1	SAOUHSC_00248
WP_001239288.1	YP_499675.1	SAOUHSC_01133
WP_001231451.1	YP_500606.1	SAOUHSC_02114
WP_001185431.1	YP_501085.1	SAOUHSC_02624
WP_001117767.1	YP_500184.1	SAOUHSC_01673
WP_000916713.1	YP_501171.1	SAOUHSC_02709
WP_000840574.1	YP_500326.1	SAOUHSC_01821
WP_000831055.1	YP_501045.1	SAOUHSC_02583
WP_001191946.1	YP_498897.1	SAOUHSC_00307
WP_000883645.1	YP_500313.1	SAOUHSC_01808
WP_000633068.1	YP_501122.1	SAOUHSC_02660
WP_000569649.1	YP_500953.1	SAOUHSC_02485
WP_000006551.1	YP_499346.1	SAOUHSC_00789
WP_001244175.1	YP_500470.1	SAOUHSC_01973
WP_001100525.1	YP_499473.1	SAOUHSC_00920
WP_000786734.1	YP_499479.1	SAOUHSC_00926
WP_000721553.1	YP_501203.1	SAOUHSC_02742
WP_000660034.1	YP_501416.1	SAOUHSC_02965
WP_000626074.1	YP_500317.1	SAOUHSC_01812
WP_000163416.1	YP_501015.1	SAOUHSC_02553
WP_001822249.1	YP_498940.1	SAOUHSC_00351
WP_001791710.1	YP_498621.1	SAOUHSC_00014
WP_001284258.1	YP_499639.1	SAOUHSC_01095
WP_001173201.1	YP_501427.1	SAOUHSC_02976
WP_001127960.1	YP_500862.1	SAOUHSC_02385
WP_001104611.1	YP_500191.1	SAOUHSC_01681
WP_000808902.1	YP_499166.1	SAOUHSC_00603
WP_000472936.1	YP_500027.1	SAOUHSC_01511
WP_000070966.1	YP_499533.1	SAOUHSC_00980
WP_011447074.1	YP_501301.1	SAOUHSC_02843
WP_001548613.1	YP_499812.1	SAOUHSC_01280
WP_000823215.1	YP_498806.1	SAOUHSC_00211
WP_000684056.1	YP_501200.1	SAOUHSC_02739
WP_000473596.1	YP_500454.1	SAOUHSC_01955
WP_000472235.1	YP_501225.1	SAOUHSC_02766
WP_000468384.1	YP_499685.1	SAOUHSC_01143
WP_000277968.1	YP_501071.1	SAOUHSC_02610
WP_000161299.1	YP_499722.1	SAOUHSC_01183
WP_000134963.1	YP_499342.1	SAOUHSC_00785
WP_001074342.1	YP_499672.1	SAOUHSC_01129
WP_000958224.1	YP_499338.1	SAOUHSC_00781
WP_000894032.1	YP_500882.1	SAOUHSC_02406
WP_000759682.1	YP_500092.1	SAOUHSC_01576
WP_000604135.1	YP_500920.1	SAOUHSC_02453
WP_000057594.1	YP_499065.1	SAOUHSC_00488
WP_001548912.1	YP_500099.1	SAOUHSC_01584
WP_001280018.1	YP_500286.1	SAOUHSC_01781
WP_001140871.1	YP_500630.1	SAOUHSC_02140
WP_000737654.1	YP_499195.1	SAOUHSC_00634
WP_000594519.1	YP_501170.1	SAOUHSC_02708
WP_000185319.1	YP_499450.1	SAOUHSC_00897
WP_001230228.1	YP_500279.1	SAOUHSC_01774
WP_001028221.1	YP_498908.1	SAOUHSC_00318
WP_000794407.1	YP_499254.1	SAOUHSC_00695
WP_000757569.1	YP_499617.1	SAOUHSC_01071
WP_000705644.1	YP_498975.1	SAOUHSC_00389
WP_000521533.1	YP_499476.1	SAOUHSC_00923
WP_000344337.1	YP_499033.1	SAOUHSC_00454
WP_000204625.1	YP_499914.1	SAOUHSC_01387
WP_000047348.1	YP_499736.1	SAOUHSC_01198
WP_000802946.1	YP_499223.1	SAOUHSC_00664
WP_000608440.1	YP_499311.1	SAOUHSC_00752
WP_000291761.1	YP_498762.1	SAOUHSC_00164
WP_000162881.1	YP_500460.1	SAOUHSC_01961
WP_000137775.1	YP_500226.1	SAOUHSC_01717
WP_000002068.1	YP_498882.1	SAOUHSC_00292
WP_000808621.1	YP_500295.1	SAOUHSC_01791
WP_000806113.1	YP_498845.1	SAOUHSC_00250
WP_000640743.1	YP_499266.1	SAOUHSC_00707
WP_000620864.1	YP_501088.1	SAOUHSC_02627
WP_000454064.1	YP_500113.1	SAOUHSC_01598
WP_000197034.1	YP_499144.1	SAOUHSC_00577
WP_000486816.1	YP_501057.1	SAOUHSC_02595
WP_000476873.1	YP_500028.1	SAOUHSC_01512
WP_000451295.1	YP_499703.1	SAOUHSC_01163
WP_000450297.1	YP_499913.1	SAOUHSC_01386
WP_000429014.1	YP_499296.1	SAOUHSC_00736
WP_000282305.1	YP_499781.1	SAOUHSC_01248
WP_000201875.1	YP_499414.1	SAOUHSC_00861
WP_000913219.1	YP_500025.1	SAOUHSC_01508
WP_000634105.1	YP_499006.1	SAOUHSC_00421
WP_000182751.1	YP_498834.1	SAOUHSC_00239
WP_000136950.1	YP_499811.1	SAOUHSC_01279
WP_000073184.1	YP_499852.1	SAOUHSC_01322
WP_000825510.1	YP_500729.1	SAOUHSC_02246
WP_000467123.1	YP_499611.1	SAOUHSC_01065
WP_000369722.1	YP_499344.2	SAOUHSC_00787
WP_000031401.1	YP_499612.1	SAOUHSC_01066
WP_001171351.1	YP_500109.1	SAOUHSC_01594
WP_001083804.1	YP_501479.1	SAOUHSC_03031
WP_000735038.1	YP_501016.1	SAOUHSC_02554
WP_000593436.1	YP_499841.1	SAOUHSC_01311
WP_000435108.1	YP_499255.1	SAOUHSC_00696
WP_000366154.1	YP_500409.1	SAOUHSC_01908
WP_000167867.1	YP_500884.1	SAOUHSC_02409
WP_000139189.1	YP_500987.1	SAOUHSC_02522
WP_000110253.1	YP_499754.1	SAOUHSC_01218
WP_000691095.1	YP_501019.1	SAOUHSC_02557
WP_000184370.1	YP_500346.1	SAOUHSC_01840
WP_001162359.1	YP_499919.1	SAOUHSC_01391
WP_000816295.1	YP_499348.1	SAOUHSC_00792
WP_000670752.1	YP_499459.1	SAOUHSC_00906
WP_000524836.1	YP_501080.1	SAOUHSC_02619
WP_000460421.1	YP_501297.1	SAOUHSC_02839
WP_000134765.1	YP_500179.2	SAOUHSC_01668
WP_001015597.1	YP_499760.1	SAOUHSC_01224
WP_000991302.1	YP_500644.1	SAOUHSC_02154
WP_000432017.1	YP_498756.1	SAOUHSC_00157
WP_000886500.1	YP_499043.1	SAOUHSC_00464
WP_000751207.1	YP_498850.1	SAOUHSC_00256
WP_001033876.1	YP_498875.1	SAOUHSC_00284
WP_001031413.1	YP_501379.1	SAOUHSC_02926
WP_000924214.1	YP_500169.1	SAOUHSC_01658
WP_000706519.1	YP_501354.1	SAOUHSC_02901
WP_001230670.1	YP_498727.1	SAOUHSC_00127
WP_000447733.1	YP_500106.1	SAOUHSC_01591
WP_000149257.1	YP_499923.1	SAOUHSC_01396
WP_000143419.1	YP_501406.1	SAOUHSC_02955
WP_000034728.1	YP_499072.1	SAOUHSC_00499
WP_000029536.1	YP_500984.1	SAOUHSC_02519
WP_000691839.1	YP_501069.1	SAOUHSC_02608
WP_000403916.1	YP_499017.1	SAOUHSC_00434
WP_000236722.1	YP_499751.1	SAOUHSC_01214
WP_001180262.1	YP_499485.1	SAOUHSC_00932
WP_001077602.1	YP_498933.1	SAOUHSC_00344
WP_001030738.1	YP_498885.1	SAOUHSC_00295
WP_001016166.1	YP_499706.1	SAOUHSC_01166
WP_000730043.1	YP_501065.1	SAOUHSC_02604
WP_000201387.1	YP_499767.1	SAOUHSC_01234
WP_000183378.1	YP_500132.1	SAOUHSC_01618
WP_000148605.1	YP_499064.1	SAOUHSC_00487
WP_000029211.1	YP_498836.1	SAOUHSC_00241
WP_001220199.1	YP_499630.1	SAOUHSC_01085
WP_001133011.1	YP_499974.1	SAOUHSC_01454
WP_000932219.1	YP_499392.1	SAOUHSC_00838
WP_000724887.1	YP_499313.1	SAOUHSC_00754
WP_000351761.1	YP_501309.1	SAOUHSC_02852
WP_000134232.1	YP_499121.1	SAOUHSC_00549
WP_000076404.1	YP_499105.1	SAOUHSC_00533
WP_000847933.1	YP_499727.2	SAOUHSC_01188
WP_000717809.1	YP_500247.1	SAOUHSC_01739
WP_000469890.1	YP_499250.1	SAOUHSC_00691
WP_000181832.1	YP_498758.1	SAOUHSC_00160
WP_001114452.1	YP_500300.1	SAOUHSC_01796
WP_001038026.1	YP_498666.1	SAOUHSC_00062
WP_000877317.1	YP_501453.1	SAOUHSC_03004
WP_000763048.1	YP_500642.1	SAOUHSC_02152
WP_000725802.1	YP_500806.1	SAOUHSC_02327
WP_000593192.1	YP_499757.1	SAOUHSC_01221
WP_000073195.1	YP_501051.1	SAOUHSC_02589
WP_001047066.1	YP_499466.1	SAOUHSC_00913
WP_000719324.1	YP_500915.1	SAOUHSC_02448
WP_000593367.1	YP_499114.1	SAOUHSC_00542
WP_000584765.1	YP_501224.1	SAOUHSC_02765
WP_001068497.1	YP_499300.1	SAOUHSC_00740
WP_001005511.1	YP_501361.1	SAOUHSC_02908
WP_000721336.1	YP_501260.1	SAOUHSC_02801
WP_000687411.1	YP_499238.1	SAOUHSC_00679
WP_000382585.1	YP_500115.1	SAOUHSC_01600
WP_000190138.1	YP_499800.1	SAOUHSC_01267
WP_000157603.1	YP_500821.2	SAOUHSC_02343
WP_000019127.1	YP_501166.1	SAOUHSC_02704
WP_001159898.1	YP_500985.1	SAOUHSC_02520
WP_000564316.1	YP_500167.1	SAOUHSC_01656
WP_000178307.1	YP_501333.1	SAOUHSC_02879
WP_001131841.1	YP_500842.1	SAOUHSC_02366
WP_001052510.1	YP_498650.1	SAOUHSC_00044
WP_001040735.1	YP_500846.1	SAOUHSC_02370
WP_000953568.1	YP_501372.1	SAOUHSC_02920
WP_000291445.1	YP_498886.1	SAOUHSC_00296
WP_000225837.1	YP_499557.1	SAOUHSC_01007
WP_000155386.1	YP_500950.1	SAOUHSC_02482
WP_001091387.1	YP_500363.1	SAOUHSC_01859
WP_000471571.1	YP_500314.1	SAOUHSC_01809
WP_000370924.1	YP_500873.1	SAOUHSC_02396
WP_001044432.1	YP_500932.1	SAOUHSC_02464
WP_001032833.1	YP_500396.1	SAOUHSC_01895
WP_000737193.1	YP_498914.1	SAOUHSC_00325
WP_000669939.1	YP_499497.1	SAOUHSC_00944
WP_000011823.1	YP_499847.1	SAOUHSC_01317
WP_001183858.1	YP_499400.1	SAOUHSC_00846
WP_000505015.1	YP_499883.1	SAOUHSC_01356
WP_000163735.1	YP_501370.1	SAOUHSC_02918
WP_000079447.1	YP_499912.1	SAOUHSC_01385
WP_000034507.1	YP_501198.1	SAOUHSC_02737
WP_001015500.1	YP_500928.1	SAOUHSC_02460
WP_000638870.1	YP_499045.1	SAOUHSC_00466
WP_000608129.1	YP_499411.1	SAOUHSC_00858
WP_000528923.1	YP_501470.1	SAOUHSC_03021
WP_000411085.1	YP_500370.1	SAOUHSC_01867
WP_001550052.1	YP_498932.1	SAOUHSC_00342
WP_001024377.1	YP_498970.1	SAOUHSC_00382
WP_000812010.1	YP_500728.1	SAOUHSC_02245
WP_000911041.1	YP_500264.1	SAOUHSC_01759
WP_000825521.1	YP_499010.1	SAOUHSC_00426
WP_000713072.1	YP_500637.1	SAOUHSC_02147
WP_000689580.1	YP_500367.1	SAOUHSC_01864
WP_000370334.1	YP_498761.1	SAOUHSC_00163
WP_000209565.1	YP_498922.1	SAOUHSC_00333
WP_000931237.1	YP_499271.1	SAOUHSC_00712
WP_000749380.1	YP_499330.1	SAOUHSC_00773
WP_000742837.1	YP_501495.1	SAOUHSC_03049
WP_000513308.1	YP_499339.1	SAOUHSC_00782
WP_000279926.1	YP_499038.1	SAOUHSC_00459
WP_000166059.1	YP_499958.1	SAOUHSC_01433
WP_000162661.1	YP_498775.1	SAOUHSC_00178
WP_000889252.1	YP_499196.1	SAOUHSC_00636
WP_000886468.1	YP_500505.1	SAOUHSC_02008
WP_000362357.1	YP_499143.1	SAOUHSC_00575
WP_000344352.1	YP_501026.1	SAOUHSC_02565
WP_000248735.1	YP_500834.1	SAOUHSC_02358
WP_001077826.1	YP_501467.1	SAOUHSC_03018
WP_001044662.1	YP_499210.1	SAOUHSC_00651
WP_000985472.1	YP_500976.1	SAOUHSC_02509
WP_000453320.1	YP_500408.1	SAOUHSC_01907
WP_001185462.1	YP_499134.1	SAOUHSC_00562
WP_000594959.1	YP_500809.1	SAOUHSC_02330
WP_000548932.1	YP_499906.1	SAOUHSC_01379
WP_000448901.1	YP_501353.1	SAOUHSC_02900
WP_000141108.1	YP_500143.1	SAOUHSC_01629
WP_001240311.1	YP_499603.1	SAOUHSC_01055
WP_000927632.1	YP_499412.1	SAOUHSC_00859
WP_000266096.1	YP_500385.1	SAOUHSC_01882
WP_000214890.1	YP_499791.1	SAOUHSC_01258
WP_000136020.1	YP_498891.1	SAOUHSC_00301
WP_001269643.1	YP_499046.1	SAOUHSC_00467
WP_001190533.1	YP_500041.1	SAOUHSC_01524
WP_001182436.1	YP_499462.1	SAOUHSC_00909
WP_000659770.1	YP_498873.1	SAOUHSC_00281
WP_000572040.1	YP_501149.1	SAOUHSC_02687
WP_001081682.1	YP_501229.1	SAOUHSC_02770
WP_000732326.1	YP_499398.1	SAOUHSC_00844
WP_000669376.1	YP_500479.1	SAOUHSC_01982
WP_000651837.1	YP_501348.1	SAOUHSC_02895
WP_000184947.1	YP_499538.1	SAOUHSC_00985
WP_000040873.1	YP_500622.1	SAOUHSC_02132
WP_001124419.1	YP_500508.1	SAOUHSC_02011
WP_001103743.1	YP_499808.1	SAOUHSC_01275
WP_001065590.1	YP_501464.1	SAOUHSC_03015
WP_001058843.1	YP_501228.1	SAOUHSC_02769
WP_000860047.1	YP_501371.1	SAOUHSC_02919
WP_000411299.1	YP_500175.1	SAOUHSC_01664
WP_001157329.1	YP_500280.1	SAOUHSC_01775
WP_000779748.1	YP_500112.1	SAOUHSC_01597
WP_000191092.1	YP_498702.1	SAOUHSC_00102
WP_000173869.1	YP_501223.1	SAOUHSC_02764
WP_000139712.1	YP_499649.1	SAOUHSC_01105
WP_000044363.1	YP_500933.1	SAOUHSC_02465
WP_001801842.1	YP_498991.1	SAOUHSC_00405
WP_001797296.1	YP_498989.1	SAOUHSC_00402
WP_001273058.1	YP_499202.1	SAOUHSC_00642
WP_000449218.1	YP_498615.1	SAOUHSC_00007
WP_001270834.1	YP_499496.1	SAOUHSC_00943
WP_000872390.1	YP_499597.1	SAOUHSC_01048
WP_000830380.1	YP_500509.1	SAOUHSC_02012
WP_000389662.1	YP_500951.1	SAOUHSC_02483
WP_000347896.1	YP_500883.1	SAOUHSC_02407
WP_000334518.1	YP_499942.1	SAOUHSC_01415
WP_000896697.1	YP_499491.1	SAOUHSC_00938
WP_000863985.1	YP_501287.1	SAOUHSC_02828
WP_000791620.1	YP_500949.1	SAOUHSC_02481
WP_000690197.1	YP_501191.1	SAOUHSC_02728
WP_000666761.1	YP_500209.1	SAOUHSC_01699
WP_000273253.1	YP_499569.1	SAOUHSC_01019
WP_001221860.1	YP_500948.1	SAOUHSC_02480
WP_001134194.1	YP_499034.1	SAOUHSC_00455
WP_000928413.1	YP_499510.1	SAOUHSC_00957
WP_000862727.1	YP_500848.1	SAOUHSC_02371
WP_000717381.1	YP_501032.1	SAOUHSC_02571
WP_000186313.1	YP_499853.1	SAOUHSC_01323
WP_000167924.1	YP_499066.1	SAOUHSC_00489
WP_000150195.1	YP_499537.1	SAOUHSC_00984
WP_001127689.1	YP_498703.1	SAOUHSC_00103
WP_001039659.1	YP_499650.1	SAOUHSC_01106
WP_000667382.1	YP_498887.1	SAOUHSC_00297
WP_000449061.1	YP_498896.1	SAOUHSC_00306
WP_000362967.1	YP_499179.1	SAOUHSC_00616
WP_000237518.1	YP_501290.1	SAOUHSC_02831
WP_000088648.1	YP_498630.1	SAOUHSC_00024
WP_001246561.1	YP_499596.1	SAOUHSC_01047
WP_001222105.1	YP_499798.1	SAOUHSC_01265
WP_001080809.1	YP_499211.1	SAOUHSC_00652
WP_001030825.1	YP_501012.1	SAOUHSC_02550
WP_000731644.1	YP_499230.1	SAOUHSC_00671
WP_000274844.1	YP_499700.1	SAOUHSC_01160
WP_000130454.1	YP_501046.1	SAOUHSC_02584
WP_001177817.1	YP_500625.1	SAOUHSC_02135
WP_001103232.1	YP_499201.1	SAOUHSC_00641
WP_001017423.1	YP_501482.1	SAOUHSC_03034
WP_000581889.1	YP_501243.1	SAOUHSC_02783
WP_001185424.1	YP_499940.1	SAOUHSC_01413
WP_001108479.1	YP_500808.1	SAOUHSC_02329
WP_000999338.1	YP_499693.1	SAOUHSC_01152
WP_000434765.1	YP_500369.1	SAOUHSC_01866
WP_000066937.1	YP_498830.1	SAOUHSC_00235
WP_001104172.1	YP_498629.1	SAOUHSC_00023
WP_001045421.1	YP_499182.1	SAOUHSC_00619
WP_001213908.1	YP_500168.1	SAOUHSC_01657
WP_000867960.1	YP_500741.1	SAOUHSC_02259
WP_000835976.1	YP_498990.1	SAOUHSC_00404
WP_000994678.1	YP_499015.1	SAOUHSC_00431
WP_000908176.1	YP_500874.1	SAOUHSC_02397
WP_000868413.1	YP_499771.1	SAOUHSC_01238
WP_000769517.1	YP_501011.1	SAOUHSC_02549
WP_000154116.1	YP_499896.1	SAOUHSC_01369
WP_001805409.1	YP_499697.1	SAOUHSC_01156
WP_000825929.1	YP_501161.1	SAOUHSC_02699
WP_000816184.1	YP_499418.1	SAOUHSC_00865
WP_001549768.1	YP_501249.1	SAOUHSC_02789
WP_001186806.1	YP_498681.1	SAOUHSC_00081
WP_000739224.1	YP_501041.1	SAOUHSC_02580
WP_000183771.1	YP_498687.1	SAOUHSC_00086
WP_000072147.1	YP_501212.1	SAOUHSC_02753
WP_000904312.1	YP_499041.1	SAOUHSC_00462
WP_000682646.1	YP_500243.1	SAOUHSC_01735
WP_000643615.1	YP_498769.1	SAOUHSC_00172
WP_000078092.1	YP_498704.1	SAOUHSC_00104
WP_000061866.1	YP_500052.1	SAOUHSC_01536
WP_000055337.1	YP_499763.1	SAOUHSC_01228
WP_000052317.1	YP_499905.1	SAOUHSC_01378
WP_031857449.1	YP_498660.1	SAOUHSC_00055
WP_001041103.1	YP_500776.1	SAOUHSC_02298
WP_000977781.1	YP_498659.1	SAOUHSC_00054
WP_000977774.1	YP_498657.1	SAOUHSC_00052
WP_000933195.1	YP_499500.1	SAOUHSC_00947
WP_000597212.1	YP_498658.1	SAOUHSC_00053
WP_000536961.1	YP_501279.1	SAOUHSC_02821
WP_000473705.1	YP_499770.1	SAOUHSC_01237
WP_000365320.1	YP_500328.1	SAOUHSC_01823
WP_000146745.1	YP_501013.1	SAOUHSC_02551
WP_418356866.1	YP_500942.1	SAOUHSC_02474
WP_001213019.1	YP_499902.1	SAOUHSC_01375
WP_000949560.1	YP_501475.1	SAOUHSC_03026
WP_000725225.1	YP_501337.1	SAOUHSC_02883
WP_000565310.1	YP_501447.1	SAOUHSC_02998
WP_000176394.1	YP_499752.1	SAOUHSC_01215
WP_001015549.1	YP_498683.1	SAOUHSC_00083
WP_000972699.1	YP_499265.1	SAOUHSC_00706
WP_000668894.1	YP_498746.1	SAOUHSC_00147
WP_000600967.1	YP_500993.1	SAOUHSC_02529
WP_000565302.1	YP_498716.1	SAOUHSC_00116
WP_000477992.1	YP_501060.1	SAOUHSC_02599
WP_000354088.1	YP_499140.1	SAOUHSC_00572
WP_000215388.1	YP_499200.1	SAOUHSC_00640
WP_000074007.1	YP_501268.1	SAOUHSC_02810
WP_001260089.1	YP_499353.1	SAOUHSC_00797
WP_001113406.1	YP_499318.1	SAOUHSC_00759
WP_000985996.1	YP_499226.1	SAOUHSC_00667
WP_000616842.1	YP_499308.1	SAOUHSC_00748
WP_000581552.1	YP_500446.1	SAOUHSC_01947
WP_000323455.1	YP_501413.1	SAOUHSC_02962
WP_000197958.1	YP_498738.1	SAOUHSC_00138
WP_000168845.1	YP_499401.1	SAOUHSC_00847
WP_000031268.1	YP_498832.1	SAOUHSC_00237
WP_001288681.1	YP_499503.1	SAOUHSC_00950
WP_000866415.1	YP_499124.1	SAOUHSC_00552
WP_000636142.1	YP_500593.1	SAOUHSC_02102
WP_000477521.1	YP_498781.1	SAOUHSC_00184
WP_000154162.1	YP_501484.1	SAOUHSC_03036
WP_001789411.1	YP_498696.1	SAOUHSC_00096
WP_001289311.1	YP_498955.1	SAOUHSC_00366
WP_001032739.1	YP_500923.1	SAOUHSC_02456
WP_000923760.1	YP_501405.1	SAOUHSC_02954
WP_000911657.1	YP_498785.1	SAOUHSC_00188
WP_000861038.1	YP_500659.1	SAOUHSC_02173
WP_000678232.1	YP_500111.1	SAOUHSC_01596
WP_000355845.1	YP_498639.1	SAOUHSC_00033
WP_001548981.1	YP_500215.1	SAOUHSC_01705
WP_001261795.1	YP_500218.1	SAOUHSC_01708
WP_001190128.1	YP_500190.1	SAOUHSC_01680
WP_001108545.1	YP_499199.1	SAOUHSC_00639
WP_000876756.1	YP_498671.1	SAOUHSC_00070
WP_000195907.1	YP_498927.1	SAOUHSC_00337
WP_000075703.1	YP_499141.1	SAOUHSC_00573
WP_000590517.1	YP_501222.1	SAOUHSC_02763
WP_000072444.1	YP_501220.1	SAOUHSC_02761
WP_002868962.1	YP_500413.1	SAOUHSC_01912
WP_001548963.1	YP_500178.1	SAOUHSC_01667
WP_000390328.1	YP_499086.1	SAOUHSC_00513
WP_001793250.1	YP_498652.1	SAOUHSC_00046
WP_000894464.1	YP_499197.1	SAOUHSC_00637
WP_000888494.1	YP_499725.1	SAOUHSC_01186
WP_000386366.1	YP_501259.1	SAOUHSC_02800
WP_000197635.1	YP_500738.1	SAOUHSC_02256
WP_000174282.1	YP_500336.1	SAOUHSC_01830
WP_000032855.1	YP_501030.1	SAOUHSC_02569
WP_001549592.1	YP_500924.1	SAOUHSC_02457
WP_001221651.1	YP_500641.1	SAOUHSC_02151
WP_001165952.1	YP_499358.1	SAOUHSC_00802
WP_000645452.1	YP_498826.1	SAOUHSC_00231
WP_000590850.1	YP_498736.1	SAOUHSC_00136
WP_000435374.1	YP_499636.1	SAOUHSC_01091
WP_000332063.1	YP_501136.1	SAOUHSC_02674
WP_000216878.1	YP_500465.1	SAOUHSC_01967
WP_000687328.1	YP_499747.1	SAOUHSC_01210
WP_000426696.1	YP_501049.1	SAOUHSC_02587
WP_000159577.1	YP_500102.1	SAOUHSC_01587
WP_001242429.1	YP_499633.1	SAOUHSC_01088
WP_001220813.1	YP_499003.1	SAOUHSC_00417
WP_000383180.1	YP_500222.1	SAOUHSC_01712
WP_000167269.1	YP_499737.1	SAOUHSC_01199
WP_001795485.1	YP_501292.1	SAOUHSC_02833
WP_001014062.1	YP_501147.1	SAOUHSC_02685
WP_000615461.1	YP_501159.1	SAOUHSC_02697
WP_000603968.1	YP_499842.1	SAOUHSC_01312
WP_000544969.1	YP_500598.1	SAOUHSC_02106
WP_000273371.1	YP_500104.1	SAOUHSC_01589
WP_000043237.1	YP_499740.1	SAOUHSC_01203
WP_001118675.1	YP_499022.1	SAOUHSC_00439
WP_000757406.1	YP_499364.1	SAOUHSC_00808
WP_000349655.1	YP_500826.1	SAOUHSC_02350
WP_000163627.1	YP_499899.1	SAOUHSC_01372
WP_001063559.1	YP_499669.1	SAOUHSC_01125
WP_000910689.1	YP_499036.1	SAOUHSC_00457
WP_000774684.1	YP_500005.1	SAOUHSC_01487
WP_000739523.1	YP_499670.1	SAOUHSC_01127
WP_000064078.1	YP_500101.1	SAOUHSC_01586
WP_001039447.1	YP_500441.1	SAOUHSC_01941
WP_000698235.1	YP_499924.1	SAOUHSC_01397
WP_000606210.1	YP_501364.1	SAOUHSC_02911
WP_000590809.1	YP_500487.1	SAOUHSC_01990
WP_000057330.1	YP_499768.1	SAOUHSC_01235
WP_001217730.1	YP_499488.1	SAOUHSC_00935
WP_001038867.1	YP_500440.1	SAOUHSC_01939
WP_001038704.1	YP_500439.1	SAOUHSC_01938
WP_001038688.1	YP_500436.1	SAOUHSC_01935
WP_000479576.1	YP_501160.1	SAOUHSC_02698
WP_000365354.1	YP_499178.1	SAOUHSC_00615
WP_000249839.1	YP_499925.1	SAOUHSC_01398
WP_000215595.1	YP_501496.1	SAOUHSC_03051
WP_001222133.1	YP_499181.1	SAOUHSC_00618
WP_001038759.1	YP_500437.1	SAOUHSC_01936
WP_000872486.1	YP_498820.1	SAOUHSC_00225
WP_000688492.1	YP_500746.1	SAOUHSC_02265
WP_000638475.1	YP_498815.1	SAOUHSC_00220
WP_000532966.1	YP_499234.1	SAOUHSC_00675
WP_000150017.1	YP_499386.1	SAOUHSC_00832
WP_000084829.1	YP_500204.1	SAOUHSC_01694
WP_000041896.1	YP_499668.1	SAOUHSC_01124
WP_001293307.1	YP_499787.1	SAOUHSC_01254
WP_001096494.1	YP_500402.1	SAOUHSC_01901
WP_001062972.1	YP_499278.1	SAOUHSC_00719
WP_001031454.1	YP_500091.1	SAOUHSC_01575
WP_000698752.1	YP_498921.1	SAOUHSC_00332
WP_000708692.1	YP_499285.1	SAOUHSC_00726
WP_000160304.1	YP_500857.1	SAOUHSC_02380
WP_001039435.1	YP_500442.1	SAOUHSC_01942
WP_000843292.1	YP_498698.1	SAOUHSC_00097
WP_000261115.1	YP_500269.1	SAOUHSC_01764
WP_000922329.1	YP_498829.1	SAOUHSC_00234
WP_000784244.1	YP_498976.1	SAOUHSC_00390
WP_000646227.1	YP_499790.1	SAOUHSC_01257
WP_000571736.1	YP_501458.1	SAOUHSC_03009
WP_000282171.1	YP_499965.1	SAOUHSC_01440
WP_000186134.1	YP_500935.1	SAOUHSC_02467
WP_000186117.1	YP_501373.1	SAOUHSC_02921
WP_000174053.1	YP_499560.1	SAOUHSC_01010
WP_000161829.1	YP_501351.1	SAOUHSC_02898
WP_000138214.1	YP_501415.1	SAOUHSC_02964
WP_000080028.1	YP_500304.1	SAOUHSC_01800
WP_000041883.1	YP_498966.1	SAOUHSC_00377
WP_001795631.1	YP_498917.1	SAOUHSC_00328
WP_000751267.1	YP_501340.1	SAOUHSC_02887
WP_000607067.1	YP_498828.1	SAOUHSC_00233
WP_000571258.1	YP_499904.1	SAOUHSC_01377
WP_000149064.1	YP_500591.1	SAOUHSC_02100
WP_000101976.1	YP_498626.1	SAOUHSC_00020
WP_000779446.1	YP_498981.1	SAOUHSC_00394
WP_000673479.1	YP_498980.1	SAOUHSC_00393
WP_000586140.1	YP_500445.1	SAOUHSC_01945
WP_000110603.1	YP_500185.1	SAOUHSC_01675
WP_001788648.1	YP_499679.1	SAOUHSC_01137
WP_001217125.1	YP_500373.1	SAOUHSC_01870
WP_001190841.1	YP_500794.1	SAOUHSC_02315
WP_000782618.1	YP_498972.1	SAOUHSC_00384
WP_000769845.1	YP_498978.1	SAOUHSC_00391
WP_000769836.1	YP_498979.1	SAOUHSC_00392
WP_000752008.1	YP_500812.1	SAOUHSC_02333
WP_000520233.1	YP_499397.1	SAOUHSC_00843
WP_000398941.1	YP_501202.1	SAOUHSC_02741
WP_000382904.1	YP_501278.1	SAOUHSC_02820
WP_000217466.1	YP_501238.1	SAOUHSC_02778
WP_000207105.1	YP_498618.1	SAOUHSC_00010
WP_001109877.1	YP_501440.1	SAOUHSC_02991
WP_001096791.1	YP_500447.1	SAOUHSC_01948
WP_001074619.1	YP_499092.1	SAOUHSC_00519
WP_001030125.1	YP_501047.1	SAOUHSC_02585
WP_000736084.1	YP_498690.1	SAOUHSC_00089
WP_000654061.1	YP_499710.1	SAOUHSC_01171
WP_000289136.1	YP_501269.1	SAOUHSC_02811
WP_000286875.1	YP_501174.1	SAOUHSC_02712
WP_000272069.1	YP_500615.1	SAOUHSC_02124
WP_000185864.1	YP_501448.1	SAOUHSC_02999
WP_001001019.1	YP_501307.1	SAOUHSC_02850
WP_000842860.1	YP_499242.1	SAOUHSC_00683
WP_000777188.1	YP_500320.1	SAOUHSC_01815
WP_000565255.1	YP_501024.1	SAOUHSC_02563
WP_000396077.1	YP_500810.1	SAOUHSC_02331
WP_001792568.1	YP_500203.1	SAOUHSC_01693
WP_001548082.1	YP_499373.1	SAOUHSC_00818
WP_001217917.1	YP_501178.1	SAOUHSC_02716
WP_001125208.1	YP_501165.1	SAOUHSC_02703
WP_000692870.1	YP_500268.1	SAOUHSC_01763
WP_000655864.1	YP_501073.1	SAOUHSC_02612
WP_000579275.1	YP_500212.1	SAOUHSC_01702
WP_000362212.1	YP_499988.1	SAOUHSC_01470
WP_000184398.1	YP_501389.1	SAOUHSC_02936
WP_000149344.1	YP_499274.1	SAOUHSC_00715
WP_000037332.1	YP_498715.1	SAOUHSC_00115
WP_001802667.1	YP_500187.1	SAOUHSC_01677
WP_000789821.1	YP_499628.1	SAOUHSC_01082
WP_000673051.1	YP_498982.1	SAOUHSC_00395
WP_000454784.1	YP_499110.1	SAOUHSC_00538
WP_000358498.1	YP_499249.1	SAOUHSC_00690
WP_000208414.1	YP_498863.1	SAOUHSC_00270
WP_000047255.1	YP_500893.1	SAOUHSC_02422
WP_001827022.1	YP_499995.1	SAOUHSC_01477
WP_001140234.1	YP_501298.1	SAOUHSC_02840
WP_000990133.1	YP_501267.1	SAOUHSC_02809
WP_000669005.1	YP_498971.1	SAOUHSC_00383
WP_000645727.1	YP_500643.1	SAOUHSC_02153
WP_000934151.1	YP_501140.1	SAOUHSC_02678
WP_000911019.1	YP_498878.1	SAOUHSC_00287
WP_000769163.1	YP_498986.1	SAOUHSC_00399
WP_000624584.1	YP_500172.1	SAOUHSC_01661
WP_001166505.1	YP_499224.1	SAOUHSC_00665
WP_001057965.1	YP_499324.1	SAOUHSC_00766
WP_000655875.1	YP_498859.1	SAOUHSC_00266
WP_000608826.1	YP_498824.1	SAOUHSC_00229
WP_000565820.1	YP_499002.1	SAOUHSC_00416
WP_000249497.1	YP_501105.1	SAOUHSC_02643
WP_001113090.1	YP_501010.1	SAOUHSC_02547
WP_000666799.1	YP_499562.1	SAOUHSC_01012
WP_000120549.1	YP_500849.1	SAOUHSC_02372
WP_000069101.1	YP_501288.1	SAOUHSC_02829
WP_001548498.1	YP_499694.1	SAOUHSC_01153
WP_000936720.1	YP_498888.1	SAOUHSC_00298
WP_000805950.1	YP_500278.1	SAOUHSC_01773
WP_000567028.1	YP_500233.1	SAOUHSC_01724
WP_000446724.1	YP_499280.1	SAOUHSC_00721
WP_000446299.1	YP_498714.1	SAOUHSC_00114
WP_001229911.1	YP_501103.1	SAOUHSC_02640
WP_001024094.1	YP_500864.1	SAOUHSC_02387
WP_000697886.1	YP_501407.1	SAOUHSC_02956
WP_000129063.1	YP_499122.1	SAOUHSC_00550
WP_001086744.1	YP_500760.1	SAOUHSC_02279
WP_001083316.1	YP_500856.1	SAOUHSC_02379
WP_001067262.1	YP_499111.1	SAOUHSC_00539
WP_000923520.1	YP_501213.1	SAOUHSC_02754
WP_000667275.1	YP_498700.1	SAOUHSC_00100
WP_000659675.1	YP_501449.1	SAOUHSC_03000
WP_000514290.1	YP_499582.1	SAOUHSC_01034
WP_000394698.1	YP_498959.1	SAOUHSC_00370
WP_000160212.1	YP_500979.1	SAOUHSC_02512
WP_000831298.1	YP_501187.1	SAOUHSC_02724
WP_000644391.1	YP_500015.2	SAOUHSC_01496
WP_000570071.1	YP_498844.1	SAOUHSC_00249
WP_000467994.1	YP_499009.1	SAOUHSC_00424
WP_000253765.1	YP_499987.1	SAOUHSC_01469
WP_000192137.1	YP_499946.1	SAOUHSC_01420
WP_001080281.1	YP_501190.1	SAOUHSC_02727
WP_000455256.1	YP_499135.1	SAOUHSC_00564
WP_000706315.1	YP_501137.1	SAOUHSC_02675
WP_000623452.1	YP_501074.1	SAOUHSC_02613
WP_000529877.1	YP_500973.1	SAOUHSC_02506
WP_000421225.1	YP_498848.1	SAOUHSC_00254
WP_000157650.1	YP_499053.1	SAOUHSC_00474
WP_001795535.1	YP_500419.1	SAOUHSC_01918
WP_000538141.1	YP_499331.1	SAOUHSC_00774
WP_001805237.1	YP_499083.1	SAOUHSC_00510
WP_001187629.1	YP_500803.1	SAOUHSC_02324
WP_001021468.1	YP_500958.1	SAOUHSC_02490
WP_000738247.1	YP_501091.1	SAOUHSC_02630
WP_000667097.1	YP_499127.1	SAOUHSC_00555
WP_000436818.1	YP_501081.1	SAOUHSC_02620
WP_001266157.1	YP_500368.1	SAOUHSC_01865
WP_000954654.1	YP_499198.1	SAOUHSC_00638
WP_000865624.1	YP_499237.1	SAOUHSC_00678
WP_000215724.1	YP_498744.1	SAOUHSC_00145
WP_000164332.1	YP_499728.1	SAOUHSC_01189
WP_000081602.1	YP_499231.1	SAOUHSC_00672
WP_001793603.1	YP_499158.1	SAOUHSC_00592
WP_000974847.1	YP_499911.1	SAOUHSC_01384
WP_000882182.1	YP_499162.1	SAOUHSC_00598
WP_000807536.1	YP_500046.1	SAOUHSC_01529
WP_000571178.1	YP_499523.1	SAOUHSC_00970
WP_000547905.1	YP_499729.1	SAOUHSC_01190
WP_000494956.1	YP_500424.1	SAOUHSC_01923
WP_000483153.1	YP_500807.1	SAOUHSC_02328
WP_000404422.1	YP_499468.1	SAOUHSC_00915
WP_000404342.1	YP_499153.1	SAOUHSC_00586
WP_000192947.1	YP_499321.1	SAOUHSC_00763
WP_000547833.1	YP_501474.1	SAOUHSC_03025
WP_000342266.1	YP_500227.1	SAOUHSC_01718
WP_000184227.1	YP_501089.1	SAOUHSC_02628
WP_001283612.1	YP_500754.1	SAOUHSC_02273
WP_001168904.1	YP_500401.1	SAOUHSC_01900
WP_001077683.1	YP_499495.1	SAOUHSC_00942
WP_000901764.1	YP_499175.1	SAOUHSC_00612
WP_000882123.1	YP_499163.1	SAOUHSC_00599
WP_000773921.1	YP_501291.1	SAOUHSC_02832
WP_000569120.1	YP_501204.1	SAOUHSC_02743
WP_000285450.1	YP_501056.1	SAOUHSC_02594
WP_001015996.1	YP_500352.1	SAOUHSC_01847
WP_000768192.1	YP_499897.1	SAOUHSC_01370
WP_000493892.1	YP_500390.1	SAOUHSC_01888
WP_000422858.1	YP_499125.1	SAOUHSC_00553
WP_001788788.1	YP_499934.1	SAOUHSC_01407
WP_000923036.1	YP_499161.1	SAOUHSC_00596
WP_000882146.1	YP_499155.1	SAOUHSC_00588
WP_000827000.1	YP_501112.1	SAOUHSC_02650
WP_000677714.1	YP_498923.1	SAOUHSC_00334
WP_000153530.1	YP_500589.1	SAOUHSC_02098
WP_000070826.1	YP_499349.1	SAOUHSC_00793
WP_000048712.1	YP_500829.1	SAOUHSC_02353
WP_001216898.1	YP_498721.1	SAOUHSC_00121
WP_001151451.1	YP_498770.1	SAOUHSC_00173
WP_001108889.1	YP_499984.1	SAOUHSC_01466
WP_000923044.1	YP_499165.1	SAOUHSC_00602
WP_000898356.1	YP_499152.1	SAOUHSC_00585
WP_000746687.1	YP_498951.1	SAOUHSC_00362
WP_000668339.1	YP_499588.1	SAOUHSC_01039
WP_000522384.1	YP_500740.1	SAOUHSC_02258
WP_000414628.1	YP_498686.1	SAOUHSC_00085
WP_000182215.1	YP_500194.1	SAOUHSC_01684
WP_001789866.1	YP_500176.1	SAOUHSC_01665
WP_001223008.1	YP_500156.1	SAOUHSC_01644
WP_001208760.1	YP_499863.1	SAOUHSC_01333
WP_001127167.1	YP_500299.1	SAOUHSC_01795
WP_001045133.1	YP_500477.1	SAOUHSC_01980
WP_000656771.1	YP_501121.1	SAOUHSC_02659
WP_000648617.1	YP_500224.1	SAOUHSC_01715
WP_000368227.1	YP_499715.1	SAOUHSC_01176
WP_000024827.1	YP_500978.1	SAOUHSC_02511
WP_000882085.1	YP_499157.1	SAOUHSC_00591
WP_000759361.1	YP_501293.1	SAOUHSC_02834
WP_001272126.1	YP_499030.1	SAOUHSC_00451
WP_001191874.1	YP_499260.1	SAOUHSC_00701
WP_001117064.1	YP_499698.1	SAOUHSC_01158
WP_001039519.1	YP_499112.1	SAOUHSC_00540
WP_000882165.1	YP_499154.1	SAOUHSC_00587
WP_000491756.1	YP_499228.1	SAOUHSC_00669
WP_000287588.1	YP_500343.1	SAOUHSC_01837
WP_000255561.1	YP_499383.1	SAOUHSC_00828
WP_000944150.1	YP_501463.1	SAOUHSC_03014
WP_000191466.1	YP_500722.1	SAOUHSC_02238
WP_000170610.1	YP_499602.1	SAOUHSC_01054
WP_000084780.1	YP_499949.1	SAOUHSC_01423
WP_000079317.1	YP_499647.1	SAOUHSC_01103
WP_000002973.1	YP_501025.1	SAOUHSC_02564
WP_001040245.1	YP_499711.1	SAOUHSC_01172
WP_000475326.1	YP_498943.1	SAOUHSC_00354
WP_000435044.1	YP_501274.1	SAOUHSC_02816
WP_000394915.1	YP_498864.1	SAOUHSC_00271
WP_000287917.1	YP_501444.1	SAOUHSC_02995
WP_001175781.1	YP_499283.1	SAOUHSC_00724
WP_000972781.1	YP_499878.1	SAOUHSC_01350
WP_000348300.1	YP_501082.1	SAOUHSC_02621
WP_000032657.1	YP_500287.1	SAOUHSC_01782
WP_000020304.1	YP_499095.1	SAOUHSC_00523
WP_001057051.1	YP_501397.1	SAOUHSC_02945
WP_000913019.1	YP_501009.1	SAOUHSC_02546
WP_000017736.1	YP_499552.1	SAOUHSC_01000
WP_001033867.1	YP_499518.1	SAOUHSC_00965
WP_000908952.1	YP_498653.1	SAOUHSC_00047
WP_000271547.1	YP_500257.1	SAOUHSC_01751
WP_000202389.1	YP_499844.1	SAOUHSC_01314
WP_000090512.1	YP_500334.1	SAOUHSC_01829
WP_000011538.1	YP_500621.1	SAOUHSC_02131
WP_001291519.1	YP_501208.1	SAOUHSC_02747
WP_001251224.1	YP_500484.1	SAOUHSC_01987
WP_000874681.1	YP_498694.1	SAOUHSC_00093
WP_000863556.1	YP_500165.1	SAOUHSC_01653
WP_000643988.1	YP_501001.1	SAOUHSC_02537
WP_000273356.1	YP_500836.1	SAOUHSC_02360
WP_000162813.1	YP_501156.1	SAOUHSC_02694
WP_000136500.1	YP_501326.1	SAOUHSC_02871
WP_001048368.1	YP_500362.1	SAOUHSC_01858
WP_000559156.1	YP_499027.1	SAOUHSC_00445
WP_000604514.1	YP_499281.1	SAOUHSC_00722
WP_000400032.1	YP_501283.1	SAOUHSC_02824
WP_000224622.1	YP_499493.1	SAOUHSC_00940
WP_000035058.1	YP_499444.1	SAOUHSC_00891
WP_001293058.1	YP_500733.1	SAOUHSC_02250
WP_000867697.1	YP_500282.1	SAOUHSC_01777
WP_001049165.1	YP_499347.1	SAOUHSC_00790
WP_000659322.1	YP_499651.1	SAOUHSC_01107
WP_000583198.1	YP_498849.1	SAOUHSC_00255
WP_000152734.1	YP_499996.1	SAOUHSC_01478
WP_000151112.1	YP_501366.1	SAOUHSC_02913
WP_001019324.1	YP_500206.1	SAOUHSC_01696
WP_000867203.1	YP_499215.1	SAOUHSC_00656
WP_000637687.1	YP_499277.1	SAOUHSC_00718
WP_001140686.1	YP_499382.1	SAOUHSC_00827
WP_000737686.1	YP_500141.1	SAOUHSC_01627
WP_000158371.1	YP_498949.1	SAOUHSC_00359
WP_001025093.1	YP_499793.1	SAOUHSC_01260
WP_000640266.1	YP_501460.1	SAOUHSC_03011
WP_000635623.1	YP_501459.1	SAOUHSC_03010
WP_000421410.1	YP_498961.1	SAOUHSC_00372
WP_000166917.1	YP_498771.1	SAOUHSC_00174
WP_001803470.1	YP_499848.1	SAOUHSC_01318
WP_000711486.1	YP_499456.1	SAOUHSC_00903
WP_000606768.1	YP_501141.1	SAOUHSC_02679
WP_000174578.1	YP_501480.1	SAOUHSC_03032
WP_000033477.1	YP_499571.1	SAOUHSC_01022
WP_000007967.1	YP_499454.1	SAOUHSC_00901
WP_000004947.1	YP_499997.1	SAOUHSC_01479
WP_001548538.1	YP_499734.1	SAOUHSC_01196
WP_000769720.1	YP_498945.1	SAOUHSC_00356
WP_000718955.1	YP_500770.1	SAOUHSC_02288
WP_000649791.1	YP_499054.1	SAOUHSC_00475
WP_000617735.1	YP_499325.1	SAOUHSC_00767
WP_000450553.1	YP_500006.1	SAOUHSC_01488
WP_001789900.1	YP_501344.1	SAOUHSC_02891
WP_001185193.1	YP_501064.1	SAOUHSC_02603
WP_001106654.1	YP_499377.1	SAOUHSC_00822
WP_001105707.1	YP_500743.1	SAOUHSC_02261
WP_001054118.1	YP_501492.1	SAOUHSC_03046
WP_000872873.1	YP_499088.1	SAOUHSC_00515
WP_000725162.1	YP_500207.1	SAOUHSC_01697
WP_000287265.1	YP_499514.1	SAOUHSC_00961
WP_000052781.1	YP_498954.1	SAOUHSC_00365
WP_001092763.1	YP_500444.1	SAOUHSC_01944
WP_001028431.1	YP_498910.1	SAOUHSC_00320
WP_000882069.1	YP_499076.1	SAOUHSC_00503
WP_000820892.1	YP_499247.1	SAOUHSC_00688
WP_000677261.1	YP_499115.1	SAOUHSC_00543
WP_000604817.1	YP_499894.1	SAOUHSC_01367
WP_000238664.1	YP_499566.1	SAOUHSC_01016
WP_000764419.1	YP_500381.1	SAOUHSC_01878
WP_000241308.1	YP_499981.1	SAOUHSC_01463
WP_000198602.1	YP_501388.1	SAOUHSC_02935
WP_000182842.1	YP_500640.1	SAOUHSC_02150
WP_000018608.1	YP_499695.1	SAOUHSC_01154
WP_001092411.1	YP_500789.1	SAOUHSC_02310
WP_001044915.1	YP_499186.1	SAOUHSC_00624
WP_001001228.1	YP_500273.1	SAOUHSC_01768
WP_000690439.1	YP_499073.1	SAOUHSC_00500
WP_000653261.1	YP_501450.1	SAOUHSC_03001
WP_000149686.1	YP_500629.1	SAOUHSC_02139
WP_000088195.1	YP_501430.1	SAOUHSC_02980
WP_001224188.1	YP_501350.1	SAOUHSC_02897
WP_001033971.1	YP_500638.1	SAOUHSC_02148
WP_000872158.1	YP_499623.1	SAOUHSC_01077
WP_000825098.1	YP_498726.1	SAOUHSC_00126
WP_000645048.1	YP_500080.1	SAOUHSC_01565
WP_000626504.1	YP_500139.1	SAOUHSC_01625
WP_000606890.1	YP_498751.1	SAOUHSC_00152
WP_000477959.1	YP_500468.1	SAOUHSC_01971
WP_001280006.1	YP_499769.1	SAOUHSC_01236
WP_000743717.1	YP_501469.1	SAOUHSC_03020
WP_000613733.1	YP_500602.1	SAOUHSC_02110
WP_000208736.1	YP_501014.1	SAOUHSC_02552
WP_000132890.1	YP_500457.1	SAOUHSC_01958
WP_000957036.1	YP_499587.1	SAOUHSC_01038
WP_000828570.1	YP_501092.1	SAOUHSC_02631
WP_000620953.1	YP_499532.1	SAOUHSC_00979
WP_000414205.1	YP_500423.1	SAOUHSC_01922
WP_001288302.1	YP_499090.1	SAOUHSC_00517
WP_001051594.1	YP_499126.2	SAOUHSC_00554
WP_000665238.1	YP_501323.1	SAOUHSC_02867
WP_001186912.1	YP_500023.1	SAOUHSC_01505
WP_000467652.1	YP_498913.1	SAOUHSC_00324
WP_000072681.1	YP_499761.1	SAOUHSC_01225
WP_001263796.1	YP_499620.1	SAOUHSC_01074
WP_001077635.1	YP_499807.1	SAOUHSC_01274
WP_000638613.1	YP_499246.1	SAOUHSC_00687
WP_000505965.1	YP_499576.1	SAOUHSC_01027
WP_000368653.1	YP_500103.1	SAOUHSC_01588
WP_000365246.1	YP_500108.1	SAOUHSC_01593
WP_000251253.1	YP_500501.1	SAOUHSC_02004
WP_000197273.1	YP_499294.1	SAOUHSC_00734
WP_001080824.1	YP_500967.1	SAOUHSC_02500
WP_001020625.1	YP_499594.1	SAOUHSC_01045
WP_000551283.1	YP_499062.1	SAOUHSC_00485
WP_000422909.1	YP_499387.1	SAOUHSC_00833
WP_000241351.1	YP_500823.1	SAOUHSC_02346
WP_000164545.1	YP_500162.1	SAOUHSC_01650
WP_000825819.1	YP_500911.1	SAOUHSC_02443
WP_000700083.1	YP_499042.1	SAOUHSC_00463
WP_000633782.1	YP_499167.1	SAOUHSC_00604
WP_000601724.1	YP_501393.1	SAOUHSC_02941
WP_000551776.1	YP_498965.1	SAOUHSC_00376
WP_000185671.1	YP_500690.1	SAOUHSC_02205
WP_000169317.1	YP_501148.1	SAOUHSC_02686
WP_000091975.1	YP_500964.1	SAOUHSC_02496
WP_000841351.1	YP_499846.1	SAOUHSC_01316
WP_000543163.1	YP_498651.1	SAOUHSC_00045
WP_000181819.1	YP_500550.1	SAOUHSC_02057
WP_000159902.1	YP_499957.1	SAOUHSC_01432
WP_001259925.1	YP_500263.1	SAOUHSC_01758
WP_001167175.1	YP_499367.1	SAOUHSC_00811
WP_000904065.1	YP_501058.1	SAOUHSC_02596
WP_000701483.1	YP_500845.1	SAOUHSC_02369
WP_000548781.1	YP_500604.1	SAOUHSC_02112
WP_000184383.1	YP_500583.1	SAOUHSC_02091
WP_001791162.1	YP_500291.1	SAOUHSC_01786
WP_001044560.1	YP_501423.1	SAOUHSC_02972
WP_000524902.1	YP_500211.1	SAOUHSC_01701
WP_000003870.1	YP_499704.1	SAOUHSC_01164
WP_001167828.1	YP_499024.1	SAOUHSC_00441
WP_001015117.1	YP_500148.1	SAOUHSC_01635
WP_000966288.1	YP_500639.1	SAOUHSC_02149
WP_000758215.1	YP_499455.1	SAOUHSC_00902
WP_000664738.1	YP_499087.1	SAOUHSC_00514
WP_000654185.1	YP_500831.1	SAOUHSC_02355
WP_001788287.1	YP_499170.1	SAOUHSC_00607
WP_000455987.1	YP_501317.1	SAOUHSC_02861
WP_000234068.1	YP_499641.1	SAOUHSC_01097
WP_000140679.1	YP_500824.1	SAOUHSC_02347
WP_000036005.1	YP_500843.1	SAOUHSC_02367
WP_000504439.1	YP_500449.1	SAOUHSC_01950
WP_000364542.1	YP_500250.1	SAOUHSC_01743
WP_000287207.1	YP_499312.1	SAOUHSC_00753
WP_000907311.1	YP_501113.1	SAOUHSC_02651
WP_000695342.1	YP_499470.1	SAOUHSC_00917
WP_000684746.1	YP_500921.1	SAOUHSC_02454
WP_000181129.1	YP_501471.1	SAOUHSC_03022
WP_000163283.1	YP_500510.1	SAOUHSC_02013
WP_000147094.1	YP_500895.1	SAOUHSC_02424
WP_000410771.1	YP_501483.1	SAOUHSC_03035
WP_000171919.1	YP_498735.1	SAOUHSC_00135
WP_001024830.1	YP_499887.1	SAOUHSC_01360
WP_000620194.1	YP_499951.1	SAOUHSC_01425
WP_000600392.1	YP_499504.1	SAOUHSC_00951
WP_000215236.1	YP_500909.1	SAOUHSC_02441
WP_001183429.1	YP_500105.1	SAOUHSC_01590
WP_001051556.1	YP_501061.1	SAOUHSC_02600
WP_000940134.1	YP_499222.1	SAOUHSC_00663
WP_000735558.1	YP_499180.1	SAOUHSC_00617
WP_000584398.1	YP_499657.1	SAOUHSC_01113
WP_000503817.1	YP_501007.1	SAOUHSC_02544
WP_001261987.1	YP_499746.1	SAOUHSC_01209
WP_000934799.1	YP_498938.1	SAOUHSC_00349
WP_000737976.1	YP_500463.1	SAOUHSC_01964
WP_000049484.1	YP_499652.1	SAOUHSC_01108
WP_001795157.1	YP_501345.1	SAOUHSC_02892
WP_001273085.1	YP_499093.1	SAOUHSC_00520
WP_000949467.1	YP_500600.1	SAOUHSC_02108
WP_000930014.1	YP_499299.1	SAOUHSC_00739
WP_000737705.1	YP_501037.1	SAOUHSC_02576
WP_000634175.1	YP_500324.1	SAOUHSC_01819
WP_000473652.1	YP_499955.1	SAOUHSC_01430
WP_000244278.1	YP_501446.1	SAOUHSC_02997
WP_000142176.1	YP_498866.1	SAOUHSC_00274
WP_000141942.1	YP_498867.2	SAOUHSC_00275
WP_000113851.1	YP_500962.1	SAOUHSC_02494
WP_001789864.1	YP_500150.2	SAOUHSC_01637
WP_001164085.1	YP_499217.1	SAOUHSC_00659
WP_001065268.1	YP_501400.1	SAOUHSC_02949
WP_000791587.1	YP_499658.1	SAOUHSC_01114
WP_000610978.1	YP_501466.1	SAOUHSC_03017
WP_000586232.1	YP_501488.1	SAOUHSC_03041
WP_000899890.1	YP_499317.1	SAOUHSC_00758
WP_000603755.1	YP_498779.1	SAOUHSC_00182
WP_000569884.1	YP_499384.1	SAOUHSC_00830
WP_000136253.1	YP_500327.1	SAOUHSC_01822
WP_000134528.1	YP_501006.1	SAOUHSC_02543
WP_001205910.1	YP_500786.1	SAOUHSC_02307
WP_000919350.1	YP_500658.1	SAOUHSC_02171
WP_000842277.1	YP_499804.1	SAOUHSC_01271
WP_000621927.1	YP_501294.1	SAOUHSC_02836
WP_000549207.1	YP_499702.1	SAOUHSC_01162
WP_000383814.1	YP_500359.1	SAOUHSC_01855
WP_000234728.1	YP_501086.1	SAOUHSC_02625
WP_000142049.1	YP_498862.1	SAOUHSC_00269
WP_001795496.1	YP_501336.1	SAOUHSC_02882
WP_000996736.1	YP_501339.1	SAOUHSC_02886
WP_000985293.1	YP_499721.1	SAOUHSC_01182
WP_000152582.1	YP_499241.1	SAOUHSC_00682
WP_000142094.1	YP_498870.1	SAOUHSC_00278
WP_001224793.1	YP_499340.1	SAOUHSC_00783
WP_000602937.1	YP_501004.1	SAOUHSC_02541
WP_000183669.1	YP_499014.1	SAOUHSC_00430
WP_000093392.1	YP_500412.1	SAOUHSC_01911
WP_001107241.1	YP_499264.1	SAOUHSC_00705
WP_001071973.1	YP_499191.1	SAOUHSC_00629
WP_000861572.1	YP_499558.1	SAOUHSC_01008
WP_000614712.1	YP_499607.1	SAOUHSC_01061
WP_000410568.1	YP_498655.1	SAOUHSC_00050
WP_000401377.1	YP_499621.1	SAOUHSC_01075
WP_001802886.1	YP_498745.1	SAOUHSC_00146
WP_001287088.1	YP_500788.1	SAOUHSC_02309
WP_001190829.1	YP_500777.1	SAOUHSC_02299
WP_000704775.1	YP_498633.1	SAOUHSC_00027
WP_000290674.1	YP_499438.1	SAOUHSC_00885
WP_000175746.1	YP_499959.1	SAOUHSC_01434
WP_000613716.1	YP_499068.1	SAOUHSC_00491
WP_000477504.1	YP_499168.1	SAOUHSC_00605
WP_000448078.1	YP_499814.1	SAOUHSC_01282
WP_000431312.1	YP_500223.1	SAOUHSC_01714
WP_000301926.1	YP_501445.1	SAOUHSC_02996
WP_001236735.1	YP_500266.1	SAOUHSC_01761
WP_001037807.1	YP_499275.1	SAOUHSC_00716
WP_000840811.1	YP_501043.1	SAOUHSC_02581
WP_000833483.1	YP_499235.1	SAOUHSC_00676
WP_000672014.1	YP_500414.1	SAOUHSC_01913
WP_000636857.1	YP_500891.1	SAOUHSC_02419
WP_000523665.1	YP_499903.1	SAOUHSC_01376
WP_000456489.1	YP_501189.1	SAOUHSC_02726
WP_000036327.1	YP_498668.1	SAOUHSC_00065
WP_001137495.1	YP_499100.1	SAOUHSC_00528
WP_000824472.1	YP_499372.1	SAOUHSC_00817
WP_000671052.1	YP_500398.1	SAOUHSC_01897
WP_000650082.1	YP_500297.1	SAOUHSC_01793
WP_000181398.1	YP_500485.1	SAOUHSC_01988
WP_000180281.1	YP_499113.1	SAOUHSC_00541
WP_000164421.1	YP_500852.1	SAOUHSC_02375
WP_000088431.1	YP_499548.1	SAOUHSC_00996
WP_000966142.1	YP_499869.1	SAOUHSC_01340
WP_000640487.1	YP_499876.1	SAOUHSC_01348
WP_000531476.1	YP_498809.1	SAOUHSC_00214
WP_000494134.1	YP_500183.1	SAOUHSC_01672
WP_000200948.1	YP_501173.1	SAOUHSC_02711
WP_000153344.1	YP_501151.1	SAOUHSC_02689
WP_000036631.1	YP_499775.1	SAOUHSC_01242
WP_001085185.1	YP_499360.1	SAOUHSC_00804
WP_001010508.1	YP_499404.1	SAOUHSC_00850
WP_001009516.1	YP_500138.1	SAOUHSC_01624
WP_001008551.1	YP_500388.1	SAOUHSC_01886
WP_000375864.1	YP_500476.1	SAOUHSC_01979
WP_000372758.1	YP_500759.1	SAOUHSC_02278
WP_000228666.1	YP_500586.1	SAOUHSC_02095
WP_000208915.1	YP_501477.1	SAOUHSC_03028
WP_000207845.1	YP_500333.1	SAOUHSC_01828
WP_000590798.1	YP_500761.1	SAOUHSC_02280
WP_000551762.1	YP_499075.1	SAOUHSC_00502
WP_000538766.1	YP_499613.1	SAOUHSC_01067
WP_000439693.1	YP_500202.1	SAOUHSC_01692
WP_001803115.1	YP_501277.1	SAOUHSC_02819
WP_000928935.1	YP_498853.1	SAOUHSC_00259
WP_000785252.1	YP_499356.1	SAOUHSC_00800
WP_000734803.1	YP_501424.1	SAOUHSC_02973
WP_000148828.1	YP_499248.1	SAOUHSC_00689
WP_011443643.1	YP_500418.1	SAOUHSC_01917
WP_001086053.1	YP_500455.1	SAOUHSC_01956
WP_001058111.1	YP_500774.1	SAOUHSC_02296
WP_000939521.1	YP_500496.1	SAOUHSC_01999
WP_000793169.1	YP_501108.1	SAOUHSC_02646
WP_000732082.1	YP_501218.1	SAOUHSC_02759
WP_000368902.1	YP_500258.1	SAOUHSC_01752
WP_000169127.1	YP_500045.1	SAOUHSC_01528
WP_000106185.1	YP_501412.1	SAOUHSC_02961
WP_001801792.1	YP_500827.1	SAOUHSC_02351
WP_001124985.1	YP_500131.1	SAOUHSC_01617
WP_000869983.1	YP_500248.1	SAOUHSC_01741
WP_000634589.1	YP_501023.1	SAOUHSC_02562
WP_000498572.1	YP_499139.1	SAOUHSC_00571
WP_000216727.1	YP_499263.1	SAOUHSC_00704
WP_000186933.1	YP_501139.1	SAOUHSC_02677
WP_001019337.1	YP_500220.1	SAOUHSC_01710
WP_000748760.1	YP_501421.1	SAOUHSC_02970
WP_000727649.1	YP_500656.1	SAOUHSC_02169
WP_000442480.1	YP_500003.1	SAOUHSC_01485
WP_000392691.1	YP_500107.1	SAOUHSC_01592
WP_000125708.1	YP_501365.1	SAOUHSC_02912
WP_001791635.1	YP_500152.1	SAOUHSC_01639
WP_000864305.1	YP_498623.1	SAOUHSC_00017
WP_000808500.1	YP_501003.1	SAOUHSC_02540
WP_000553926.1	YP_500337.1	SAOUHSC_01831
WP_000289213.1	YP_501131.1	SAOUHSC_02669
WP_000110011.1	YP_500494.1	SAOUHSC_01997
WP_001792906.1	YP_498827.1	SAOUHSC_00232
WP_001283444.1	YP_499253.1	SAOUHSC_00694
WP_001259678.1	YP_499243.1	SAOUHSC_00684
WP_001153742.1	YP_500399.1	SAOUHSC_01898
WP_001030465.1	YP_500400.1	SAOUHSC_01899
WP_000977037.1	YP_501107.1	SAOUHSC_02645
WP_000708242.1	YP_501383.1	SAOUHSC_02930
WP_000070866.1	YP_500858.1	SAOUHSC_02381
WP_000050762.1	YP_498902.1	SAOUHSC_00312
WP_000022887.1	YP_500731.1	SAOUHSC_02248
WP_001289711.1	YP_499680.1	SAOUHSC_01138
WP_001093553.1	YP_499276.1	SAOUHSC_00717
WP_001047239.1	YP_499149.1	SAOUHSC_00582
WP_000951059.1	YP_500994.1	SAOUHSC_02530
WP_000846746.1	YP_500814.1	SAOUHSC_02335
WP_000766074.1	YP_500960.1	SAOUHSC_02492
WP_000447678.1	YP_500815.1	SAOUHSC_02336
WP_000335332.1	YP_498906.1	SAOUHSC_00316
WP_001250038.1	YP_500947.1	SAOUHSC_02478
WP_000995287.1	YP_499961.1	SAOUHSC_01436
WP_000528512.1	YP_500057.1	SAOUHSC_01541
WP_000406611.1	YP_499193.1	SAOUHSC_00632
WP_000367419.1	YP_500125.1	SAOUHSC_01610
WP_001292149.1	YP_500878.1	SAOUHSC_02402
WP_000926310.1	YP_500972.1	SAOUHSC_02505
WP_000606480.1	YP_499616.1	SAOUHSC_01070
WP_000491986.1	YP_499547.1	SAOUHSC_00995
WP_000376235.1	YP_501285.1	SAOUHSC_02826
WP_000273981.1	YP_499417.1	SAOUHSC_00864
WP_001253464.1	YP_501118.1	SAOUHSC_02656
WP_000480800.1	YP_499684.1	SAOUHSC_01142
WP_000455861.1	YP_501311.1	SAOUHSC_02855
WP_011443657.1	YP_501132.1	SAOUHSC_02670
WP_001081626.1	YP_499441.1	SAOUHSC_00888
WP_000974608.1	YP_500922.1	SAOUHSC_02455
WP_000939059.1	YP_500229.1	SAOUHSC_01720
WP_000913315.1	YP_499956.1	SAOUHSC_01431
WP_000198504.1	YP_499221.1	SAOUHSC_00662
WP_000661906.1	YP_499188.1	SAOUHSC_00626
WP_001146763.1	YP_501233.1	SAOUHSC_02774
WP_001085792.1	YP_499091.1	SAOUHSC_00518
WP_001051860.1	YP_500372.1	SAOUHSC_01869
WP_001034756.1	YP_501237.1	SAOUHSC_02777
WP_000974460.1	YP_499385.1	SAOUHSC_00831
WP_000776018.1	YP_499261.1	SAOUHSC_00702
WP_000206108.1	YP_501036.1	SAOUHSC_02575
WP_000071901.1	YP_501127.1	SAOUHSC_02665
WP_000004981.1	YP_500466.1	SAOUHSC_01968
WP_001080462.1	YP_499600.1	SAOUHSC_01051
WP_000941336.1	YP_499279.1	SAOUHSC_00720
WP_000920239.1	YP_501070.1	SAOUHSC_02609
WP_000697334.1	YP_500832.1	SAOUHSC_02356
WP_000397416.1	YP_498904.1	SAOUHSC_00314
WP_000278010.1	YP_499544.1	SAOUHSC_00992
WP_000128656.1	YP_501087.1	SAOUHSC_02626
WP_000038231.1	YP_501235.1	SAOUHSC_02776
WP_000037508.1	YP_501234.1	SAOUHSC_02775
WP_001789536.1	YP_499001.1	SAOUHSC_00415
WP_001237629.1	YP_501378.1	SAOUHSC_02925
WP_001117054.1	YP_501270.1	SAOUHSC_02812
WP_000850012.1	YP_500929.1	SAOUHSC_02461
WP_000359086.1	YP_499173.1	SAOUHSC_00610
WP_001549145.1	YP_500596.1	SAOUHSC_02104
WP_001142337.1	YP_499099.1	SAOUHSC_00527
WP_001123303.1	YP_500859.1	SAOUHSC_02382
WP_000277602.1	YP_500319.1	SAOUHSC_01814
WP_001095260.1	YP_500166.1	SAOUHSC_01655
WP_000612128.1	YP_501021.1	SAOUHSC_02559
WP_000206033.1	YP_501304.1	SAOUHSC_02846
WP_000763768.1	YP_498960.1	SAOUHSC_00371
WP_000094899.1	YP_498685.1	SAOUHSC_00084
WP_001094394.1	YP_500819.1	SAOUHSC_02340
WP_000747850.1	YP_498835.1	SAOUHSC_00240
WP_000370182.1	YP_499085.1	SAOUHSC_00512
WP_000121875.1	YP_500181.1	SAOUHSC_01670
WP_001062936.1	YP_499968.1	SAOUHSC_01443
WP_000876201.1	YP_499929.1	SAOUHSC_01402
WP_000757543.1	YP_500382.1	SAOUHSC_01879
WP_000739563.1	YP_499656.1	SAOUHSC_01112
WP_000354184.1	YP_499713.1	SAOUHSC_01174
WP_000257598.1	YP_499686.1	SAOUHSC_01144
WP_000241602.1	YP_501115.1	SAOUHSC_02653
WP_000205106.1	YP_500634.1	SAOUHSC_02144
WP_000113974.1	YP_500077.1	SAOUHSC_01561
WP_000110023.1	YP_500048.1	SAOUHSC_01531
WP_000021445.1	YP_499060.1	SAOUHSC_00483
WP_000832260.1	YP_499205.1	SAOUHSC_00645
WP_000692521.1	YP_499301.1	SAOUHSC_00741
WP_000415675.1	YP_498872.1	SAOUHSC_00280
WP_000178881.1	YP_500965.1	SAOUHSC_02498
WP_001023806.1	YP_500047.1	SAOUHSC_01530
WP_000901021.1	YP_500481.1	SAOUHSC_01984
WP_000779136.1	YP_501493.1	SAOUHSC_03047
WP_000733431.1	YP_499244.1	SAOUHSC_00685
WP_000588527.1	YP_499013.1	SAOUHSC_00429
WP_000549734.1	YP_501308.1	SAOUHSC_02851
WP_000258003.1	YP_499487.1	SAOUHSC_00934
WP_000163235.1	YP_500395.1	SAOUHSC_01894
WP_001790547.1	YP_500946.1	SAOUHSC_02477
WP_001159765.1	YP_498839.1	SAOUHSC_00244
WP_001010289.1	YP_498857.1	SAOUHSC_00264
WP_000859443.1	YP_499792.1	SAOUHSC_01259
WP_000792417.1	YP_499059.1	SAOUHSC_00482
WP_000755954.1	YP_501251.1	SAOUHSC_02791
WP_001166599.1	YP_500036.1	SAOUHSC_01519
WP_000902817.1	YP_499460.1	SAOUHSC_00907
WP_000886005.1	YP_498919.1	SAOUHSC_00330
WP_000814565.1	YP_499619.1	SAOUHSC_01073
WP_000788443.1	YP_500980.1	SAOUHSC_02515
WP_000101625.1	YP_500954.1	SAOUHSC_02486
WP_000087388.1	YP_500135.1	SAOUHSC_01621
WP_001276571.1	YP_500144.1	SAOUHSC_01630
WP_001110179.1	YP_500592.1	SAOUHSC_02101
WP_001018962.1	YP_499394.1	SAOUHSC_00840
WP_000779358.1	YP_501185.1	SAOUHSC_02722
WP_001237004.1	YP_498731.1	SAOUHSC_00131
WP_000868248.1	YP_498950.1	SAOUHSC_00360
WP_000781156.1	YP_499443.1	SAOUHSC_00890
WP_000664394.1	YP_501125.2	SAOUHSC_02663
WP_000621532.1	YP_501369.1	SAOUHSC_02916
WP_000598444.1	YP_499415.1	SAOUHSC_00862
WP_000070811.1	YP_500427.1	SAOUHSC_01926
WP_000934517.1	YP_499136.1	SAOUHSC_00565
WP_000691766.1	YP_499047.1	SAOUHSC_00468
WP_000691584.1	YP_500645.1	SAOUHSC_02155
WP_000290485.1	YP_499390.1	SAOUHSC_00836
WP_001067294.1	YP_499445.1	SAOUHSC_00892
WP_001037045.1	YP_500431.1	SAOUHSC_01930
WP_000616227.1	YP_501347.1	SAOUHSC_02894
WP_001018677.1	YP_499183.1	SAOUHSC_00620
WP_000822161.1	YP_498871.1	SAOUHSC_00279
WP_000171418.1	YP_499731.1	SAOUHSC_01192
WP_000149295.1	YP_499434.1	SAOUHSC_00881
WP_001549172.1	YP_500693.1	SAOUHSC_02208
WP_000915155.1	YP_499475.1	SAOUHSC_00922
WP_000413437.1	YP_500119.1	SAOUHSC_01604
WP_001273586.1	YP_499094.1	SAOUHSC_00521
WP_000849177.1	YP_498944.1	SAOUHSC_00355
WP_000765183.1	YP_499137.1	SAOUHSC_00567
WP_000624945.1	YP_499817.1	SAOUHSC_01285
WP_000615921.1	YP_500969.1	SAOUHSC_02502
WP_000542274.1	YP_500952.1	SAOUHSC_02484
WP_000101288.1	YP_500696.1	SAOUHSC_02211
WP_000066352.1	YP_501359.1	SAOUHSC_02906
WP_001200541.1	YP_500404.1	SAOUHSC_01903
WP_001165058.1	YP_499131.1	SAOUHSC_00559
WP_001154302.1	YP_499067.1	SAOUHSC_00490
WP_000910581.1	YP_501230.1	SAOUHSC_02771
WP_000727537.1	YP_501130.1	SAOUHSC_02668
WP_000648118.1	YP_500467.1	SAOUHSC_01969
WP_000282388.1	YP_499803.1	SAOUHSC_01270
WP_000214075.1	YP_499492.1	SAOUHSC_00939
WP_000090796.1	YP_500955.1	SAOUHSC_02487
WP_001547756.1	YP_499123.1	SAOUHSC_00551
WP_001124167.1	YP_499216.1	SAOUHSC_00658
WP_000985979.1	YP_500082.1	SAOUHSC_01567
WP_000910489.1	YP_008530241.1	SAOUHSC_1342a
WP_000831495.1	YP_499000.1	SAOUHSC_00414
WP_000621175.1	YP_500782.1	SAOUHSC_02303
WP_000241588.1	YP_500136.1	SAOUHSC_01622
WP_001143497.1	YP_499430.1	SAOUHSC_00877
WP_001092004.1	YP_498740.1	SAOUHSC_00141
WP_001090985.1	YP_499233.1	SAOUHSC_00674
WP_001021622.1	YP_498969.1	SAOUHSC_00381
WP_000819847.1	YP_501157.1	SAOUHSC_02695
WP_000623881.1	YP_500963.1	SAOUHSC_02495
WP_000603480.1	YP_501443.1	SAOUHSC_02994
WP_000581200.1	YP_500785.1	SAOUHSC_02306
WP_001138360.1	YP_500289.1	SAOUHSC_01784
WP_000998869.1	YP_501258.1	SAOUHSC_02799
WP_000917664.1	YP_501053.1	SAOUHSC_02591
WP_000766009.1	YP_499528.1	SAOUHSC_00975
WP_000727328.1	YP_501128.1	SAOUHSC_02666
WP_000590451.1	YP_499436.1	SAOUHSC_00883
WP_000589549.1	YP_499389.1	SAOUHSC_00835
WP_000215216.1	YP_498799.1	SAOUHSC_00202
WP_001789343.1	YP_501499.1	SAOUHSC_03054
WP_001088022.1	YP_500205.1	SAOUHSC_01695
WP_000623471.1	YP_500405.1	SAOUHSC_01904
WP_000491382.1	YP_501494.1	SAOUHSC_03048
WP_000387527.1	YP_500974.1	SAOUHSC_02507
WP_001024035.1	YP_500853.1	SAOUHSC_02376
WP_001000800.1	YP_499982.1	SAOUHSC_01464
WP_000891995.1	YP_499836.1	SAOUHSC_01305
WP_000702263.1	YP_500655.1	SAOUHSC_02167
WP_000669537.1	YP_499659.1	SAOUHSC_01115
WP_000589167.1	YP_500044.1	SAOUHSC_01527
WP_000181404.1	YP_499748.1	SAOUHSC_01211
WP_000097322.1	YP_499780.1	SAOUHSC_01247
WP_000066900.1	YP_500996.1	SAOUHSC_02532
WP_001242102.1	YP_499494.1	SAOUHSC_00941
WP_000375686.1	YP_499035.2	SAOUHSC_00456
WP_000036076.1	YP_501027.1	SAOUHSC_02566
WP_001286320.1	YP_499980.1	SAOUHSC_01462
WP_001048985.1	YP_499189.1	SAOUHSC_00627
WP_000819532.1	YP_500182.1	SAOUHSC_01671
WP_000627551.1	YP_500422.1	SAOUHSC_01921
WP_000290301.1	YP_500474.1	SAOUHSC_01977
WP_000240662.1	YP_501303.1	SAOUHSC_02845
WP_000211597.1	YP_498788.1	SAOUHSC_00191
WP_000171798.1	YP_499909.1	SAOUHSC_01382
WP_000798968.1	YP_499147.1	SAOUHSC_00580
WP_000591749.1	YP_500093.1	SAOUHSC_01577
WP_000402803.1	YP_499440.1	SAOUHSC_00887
WP_000182019.1	YP_499986.1	SAOUHSC_01468
WP_000116417.1	YP_501476.1	SAOUHSC_03027
WP_000451438.1	YP_500840.1	SAOUHSC_02364
WP_000731878.1	YP_498895.2	SAOUHSC_00305
WP_000531320.1	YP_499743.1	SAOUHSC_01206
WP_000516800.1	YP_499978.1	SAOUHSC_01459
WP_000395498.1	YP_500049.1	SAOUHSC_01532
WP_001791775.1	YP_501381.1	SAOUHSC_02928
WP_001018871.1	YP_500157.1	SAOUHSC_01645
WP_000781979.1	YP_499031.1	SAOUHSC_00452
WP_000739209.1	YP_499654.1	SAOUHSC_01110
WP_000628050.1	YP_498619.1	SAOUHSC_00012
WP_000606726.1	YP_501050.2	SAOUHSC_02588
WP_000284457.1	YP_499539.1	SAOUHSC_00986
WP_001052491.1	YP_500778.1	SAOUHSC_02300
WP_000966695.1	YP_501077.1	SAOUHSC_02615
WP_000599587.1	YP_501029.1	SAOUHSC_02568
WP_000495498.1	YP_501245.1	SAOUHSC_02785
WP_000480603.1	YP_498730.1	SAOUHSC_00130
WP_000469916.1	YP_498711.1	SAOUHSC_00111
WP_000434933.1	YP_500619.1	SAOUHSC_02129
WP_001058299.1	YP_499362.1	SAOUHSC_00806
WP_000971498.1	YP_498993.1	SAOUHSC_00407
WP_000670950.1	YP_499634.1	SAOUHSC_01089
WP_000401414.1	YP_499427.1	SAOUHSC_00874
WP_001190695.1	YP_499388.1	SAOUHSC_00834
WP_001120199.1	YP_500710.1	SAOUHSC_02225
WP_000985617.1	YP_499314.1	SAOUHSC_00755
WP_000668623.1	YP_499522.1	SAOUHSC_00969
WP_000633692.1	YP_500261.1	SAOUHSC_01756
WP_000003759.1	YP_500865.1	SAOUHSC_02388
WP_001213992.1	YP_499026.1	SAOUHSC_00444
WP_001161085.1	YP_500989.1	SAOUHSC_02524
WP_001037831.1	YP_499556.1	SAOUHSC_01005
WP_000839926.1	YP_499994.1	SAOUHSC_01476
WP_000547687.1	YP_500968.1	SAOUHSC_02501
WP_000175722.1	YP_498860.1	SAOUHSC_00267
WP_000020853.1	YP_499778.1	SAOUHSC_01245
WP_001127269.1	YP_499310.1	SAOUHSC_00751
WP_001018928.1	YP_499644.1	SAOUHSC_01100
WP_000580198.1	YP_499854.1	SAOUHSC_01324
WP_000509668.1	YP_498858.1	SAOUHSC_00265
WP_000448222.1	YP_501145.1	SAOUHSC_02683
WP_000435806.1	YP_500507.1	SAOUHSC_02010
WP_000274029.1	YP_499407.1	SAOUHSC_00853
WP_000221179.1	YP_500393.1	SAOUHSC_01891
WP_000172543.1	YP_498994.1	SAOUHSC_00408
WP_000160686.1	YP_500056.1	SAOUHSC_01540
WP_001078309.1	YP_500918.1	SAOUHSC_02451
WP_000836465.1	YP_500377.1	SAOUHSC_01874
WP_000811163.1	YP_500364.1	SAOUHSC_01860
WP_000472256.1	YP_500153.1	SAOUHSC_01640
WP_000163826.1	YP_500366.1	SAOUHSC_01863
WP_001118667.1	YP_008530243.1	SAOUHSC_02512a
WP_000669519.1	YP_498988.1	SAOUHSC_00401
WP_000457386.1	YP_500262.1	SAOUHSC_01757
WP_000390575.1	YP_499463.1	SAOUHSC_00910
WP_000269923.1	YP_499932.1	SAOUHSC_01405
WP_000217710.1	YP_501254.1	SAOUHSC_02795
WP_000134779.1	YP_500228.1	SAOUHSC_01719
WP_000778933.1	YP_500055.1	SAOUHSC_01539
WP_000240580.1	YP_501452.1	SAOUHSC_03003
WP_001260013.1	YP_501442.1	SAOUHSC_02993
WP_001165363.1	YP_500616.1	SAOUHSC_02125
WP_000868999.1	YP_499048.1	SAOUHSC_00469
WP_000545928.1	YP_501020.1	SAOUHSC_02558
WP_000339146.1	YP_500033.1	SAOUHSC_01516
WP_000170162.1	YP_500610.1	SAOUHSC_02118
WP_000091445.1	YP_500403.1	SAOUHSC_01902
WP_000844413.1	YP_500151.1	SAOUHSC_01638
WP_000545115.1	YP_499245.1	SAOUHSC_00686
WP_000466784.1	YP_500034.1	SAOUHSC_01517
WP_000055846.1	YP_501349.1	SAOUHSC_02896
WP_001261460.1	YP_498937.1	SAOUHSC_00348
WP_001165377.1	YP_499877.1	SAOUHSC_01349
WP_001065801.1	YP_499395.1	SAOUHSC_00841
WP_000539688.1	YP_500663.1	SAOUHSC_02177
WP_000447710.1	YP_501358.1	SAOUHSC_02905
WP_000201638.1	YP_498647.1	SAOUHSC_00041
WP_001240826.1	YP_498851.1	SAOUHSC_00257
WP_001016306.1	YP_499437.1	SAOUHSC_00884
WP_000655666.1	YP_499801.1	SAOUHSC_01268
WP_000138932.1	YP_500801.1	SAOUHSC_02322
WP_001795544.1	YP_499524.1	SAOUHSC_00971
WP_001548892.1	YP_500059.1	SAOUHSC_01543
WP_000955231.1	YP_500208.1	SAOUHSC_01698
WP_000671712.1	YP_500649.1	SAOUHSC_02160
WP_000354114.1	YP_499696.1	SAOUHSC_01155
WP_000179858.1	YP_500039.1	SAOUHSC_01522
WP_001040261.1	YP_500664.1	SAOUHSC_02178
WP_000521958.1	YP_501244.1	SAOUHSC_02784
WP_000410720.1	YP_499525.1	SAOUHSC_00972
WP_000180419.1	YP_499256.1	SAOUHSC_00697
WP_001004395.1	YP_499376.1	SAOUHSC_00821
WP_000917289.1	YP_500737.1	SAOUHSC_02255
WP_000916187.1	YP_500260.1	SAOUHSC_01755
WP_000727423.1	YP_499777.1	SAOUHSC_01244
WP_000699538.1	YP_498901.1	SAOUHSC_00311
WP_000171859.1	YP_500267.1	SAOUHSC_01762
WP_000154465.1	YP_499259.1	SAOUHSC_00700
WP_000067115.1	YP_501286.1	SAOUHSC_02827
WP_001550030.1	YP_498759.1	SAOUHSC_00161
WP_000220938.1	YP_501239.1	SAOUHSC_02779
WP_001797236.1	YP_499551.1	SAOUHSC_00999
WP_000987949.1	YP_501360.1	SAOUHSC_02907
WP_000815795.1	YP_498810.1	SAOUHSC_00215
WP_000124353.1	YP_500975.1	SAOUHSC_02508
WP_000050973.1	YP_500050.1	SAOUHSC_01533
WP_001118417.1	YP_499608.1	SAOUHSC_01062
WP_000455597.1	YP_499593.1	SAOUHSC_01044
WP_000428172.1	YP_500587.1	SAOUHSC_02096
WP_000388082.1	YP_500977.1	SAOUHSC_02510
WP_000268754.1	YP_499745.1	SAOUHSC_01208
WP_000159837.1	YP_501363.1	SAOUHSC_02910
WP_001043863.1	YP_500008.1	SAOUHSC_01490
WP_000159787.1	YP_498967.1	SAOUHSC_00378
WP_001215907.1	YP_499933.1	SAOUHSC_01406
WP_001129473.1	YP_499012.1	SAOUHSC_00428
WP_001085655.1	YP_499859.1	SAOUHSC_01329
WP_001018328.1	YP_499783.1	SAOUHSC_01250
WP_000829750.1	YP_500214.1	SAOUHSC_01704
WP_000671099.1	YP_499132.1	SAOUHSC_00560
WP_000678764.1	YP_501253.1	SAOUHSC_02794
WP_000566649.1	YP_499416.1	SAOUHSC_00863
WP_000437472.1	YP_499577.1	SAOUHSC_01028
WP_000113262.1	YP_501153.1	SAOUHSC_02691
WP_000074048.1	YP_501215.1	SAOUHSC_02756
WP_001234988.1	YP_499058.1	SAOUHSC_00481
WP_001126664.1	YP_499044.1	SAOUHSC_00465
WP_001124198.1	YP_500085.1	SAOUHSC_01570
WP_001055897.1	YP_498946.1	SAOUHSC_00357
WP_000854072.1	YP_500089.1	SAOUHSC_01574
WP_000848350.1	YP_499561.1	SAOUHSC_01011
WP_000004086.1	YP_500970.1	SAOUHSC_02503
WP_001795576.1	YP_498995.1	SAOUHSC_00409
WP_001791826.1	YP_500654.1	SAOUHSC_02166
WP_001789910.1	YP_501401.1	SAOUHSC_A02794
WP_001251935.1	YP_500896.1	SAOUHSC_02425
WP_001160682.1	YP_500253.1	SAOUHSC_01747
WP_001105087.1	YP_498640.1	SAOUHSC_00034
WP_001059690.1	YP_499379.1	SAOUHSC_00824
WP_000426912.1	YP_500230.1	SAOUHSC_01721
WP_000291513.1	YP_500708.1	SAOUHSC_02223
WP_000291481.1	YP_500567.1	SAOUHSC_02074
WP_000718107.1	YP_500415.1	SAOUHSC_01914
WP_000587616.1	YP_501216.1	SAOUHSC_02757
WP_000402605.1	YP_501314.1	SAOUHSC_02858
WP_000022728.1	YP_500076.1	SAOUHSC_01560
WP_001791638.1	YP_500118.1	SAOUHSC_01603
WP_001049150.1	YP_499618.1	SAOUHSC_01072
WP_000808968.1	YP_500837.1	SAOUHSC_02361
WP_000611512.1	YP_500660.1	SAOUHSC_02174
WP_000196911.1	YP_500765.1	SAOUHSC_02283
WP_000031892.1	YP_499098.1	SAOUHSC_00526
WP_001549681.1	YP_500992.1	SAOUHSC_02528
WP_001274017.1	YP_500199.1	SAOUHSC_01689
WP_000956747.1	YP_499826.1	SAOUHSC_01295
WP_000691942.1	YP_499963.1	SAOUHSC_01438
WP_000608862.1	YP_499508.1	SAOUHSC_00955
WP_000584502.1	YP_501154.1	SAOUHSC_02692
WP_000466748.1	YP_498947.1	SAOUHSC_00358
WP_001151997.1	YP_500022.1	SAOUHSC_01504
WP_001065039.1	YP_500552.1	SAOUHSC_02059
WP_000995800.1	YP_500110.1	SAOUHSC_01595
WP_000906224.1	YP_499828.1	SAOUHSC_01297
WP_000377064.1	YP_499037.1	SAOUHSC_00458
WP_001789359.1	YP_498611.1	SAOUHSC_00003
WP_001789136.1	YP_501033.1	SAOUHSC_02572
WP_001141883.1	YP_499426.1	SAOUHSC_00873
WP_001071606.1	YP_498854.1	SAOUHSC_00260
WP_000897044.1	YP_498939.1	SAOUHSC_00350
WP_000246909.1	YP_499867.1	SAOUHSC_01338
WP_000131383.1	YP_500074.1	SAOUHSC_01558
WP_001797632.1	YP_500937.1	SAOUHSC_02469
WP_000071351.1	YP_499865.1	SAOUHSC_01336
WP_000002683.1	YP_500910.1	SAOUHSC_02442
WP_001068337.1	YP_499429.1	SAOUHSC_00876
WP_000638419.1	YP_499332.1	SAOUHSC_00775
WP_000395692.1	YP_499424.1	SAOUHSC_00871
WP_000368687.1	YP_499381.1	SAOUHSC_00826
WP_001790675.1	YP_501255.1	SAOUHSC_02796
WP_001289614.1	YP_499579.1	SAOUHSC_01030
WP_000921246.1	YP_501042.1	SAOUHSC_A02450
WP_000866971.1	YP_501002.1	SAOUHSC_02538
WP_000561358.1	YP_499813.1	SAOUHSC_01281
WP_000556760.1	YP_499357.2	SAOUHSC_00801
WP_000499647.1	YP_499864.1	SAOUHSC_01334
WP_000426914.1	YP_499739.1	SAOUHSC_01201
WP_000384523.1	YP_500817.1	SAOUHSC_02338
WP_000231632.1	YP_499664.1	SAOUHSC_01120
WP_000808817.1	YP_500861.1	SAOUHSC_02384
WP_000697134.1	YP_501346.1	SAOUHSC_02893
WP_000159865.1	YP_500133.1	SAOUHSC_01619
WP_000932073.1	YP_501321.1	SAOUHSC_02865
WP_000149423.1	YP_499674.1	SAOUHSC_01131
WP_001802045.1	YP_499667.1	SAOUHSC_01123
WP_001794540.1	YP_498918.1	SAOUHSC_00329
WP_000581077.1	YP_500752.1	SAOUHSC_02271
WP_000384171.1	YP_500397.1	SAOUHSC_01896
WP_000169042.1	YP_499185.2	SAOUHSC_00622
WP_000801007.1	YP_499954.1	SAOUHSC_01429
WP_001244298.1	YP_500142.1	SAOUHSC_01628
WP_001118443.1	YP_500957.1	SAOUHSC_02489
WP_000933956.1	YP_499716.1	SAOUHSC_01177
WP_000876826.1	YP_499515.1	SAOUHSC_00962
WP_000431307.1	YP_498865.1	SAOUHSC_00272
WP_000257888.1	YP_499585.1	SAOUHSC_01036
WP_000011687.1	YP_501310.1	SAOUHSC_02853
WP_000005886.1	YP_499375.1	SAOUHSC_00820
WP_001036299.1	YP_500086.1	SAOUHSC_01571
WP_000867357.1	YP_499531.1	SAOUHSC_00978
WP_000026308.1	YP_499797.1	SAOUHSC_01264
WP_001071308.1	YP_499820.1	SAOUHSC_01289
WP_001048816.1	YP_500825.1	SAOUHSC_02349
WP_000998556.1	YP_499712.1	SAOUHSC_01173
WP_000128898.1	YP_500734.1	SAOUHSC_02251
WP_000011688.1	YP_501384.1	SAOUHSC_02931
WP_000644737.1	YP_500971.1	SAOUHSC_02504
WP_000581792.1	YP_500800.1	SAOUHSC_02321
WP_000211676.1	YP_498948.1	SAOUHSC_A00354
WP_001790169.1	YP_499284.1	SAOUHSC_00725
WP_001002340.1	YP_499821.1	SAOUHSC_01290
WP_000195803.1	YP_500688.1	SAOUHSC_02203
WP_000076661.1	YP_501329.1	SAOUHSC_02874
WP_001246013.1	YP_498920.1	SAOUHSC_00331
WP_001198024.1	YP_499720.1	SAOUHSC_01181
WP_001177186.1	YP_501300.1	SAOUHSC_02842
WP_000902175.1	YP_499941.2	SAOUHSC_01414
WP_000398679.1	YP_498646.1	SAOUHSC_00040
WP_000356963.1	YP_498734.1	SAOUHSC_00134
WP_000157345.1	YP_498934.1	SAOUHSC_00345
WP_000145163.1	YP_499380.1	SAOUHSC_00825
WP_000087561.1	YP_500159.1	SAOUHSC_01647
WP_001125540.1	YP_500290.1	SAOUHSC_01785
WP_001059082.1	YP_499374.1	SAOUHSC_00819
WP_001059079.1	YP_501491.1	SAOUHSC_03045
WP_000809131.1	YP_499930.1	SAOUHSC_01403
WP_000789522.1	YP_500002.1	SAOUHSC_01484
WP_000604728.1	YP_501408.1	SAOUHSC_02957
WP_000265252.1	YP_500064.1	SAOUHSC_01548
WP_000235324.1	YP_500075.1	SAOUHSC_01559
WP_000184341.1	YP_499948.1	SAOUHSC_01422
WP_000180461.1	YP_500585.1	SAOUHSC_02093
WP_001789891.1	YP_499819.1	SAOUHSC_01288
WP_000435068.1	YP_008530240.1	SAOUHSC_1307a
WP_000025835.1	YP_008530242.1	SAOUHSC_01761a
WP_001795441.1	YP_499964.1	SAOUHSC_01439
WP_001217295.1	YP_499835.1	SAOUHSC_01304
WP_000752917.1	YP_499399.1	SAOUHSC_00845
WP_001789944.1	YP_500012.1	SAOUHSC_A01436
WP_001224379.1	YP_501241.1	SAOUHSC_02781
WP_001221404.1	YP_501327.1	SAOUHSC_02872
WP_001053371.1	YP_499837.1	SAOUHSC_01306
WP_001052483.1	YP_498936.1	SAOUHSC_00347
WP_000971980.1	YP_501055.1	SAOUHSC_02593
WP_000810620.1	YP_008530239.1	SAOUHSC_01055a
WP_000672039.1	YP_008530245.1	SAOUHSC_3042a
WP_000672038.1	YP_008530244.1	SAOUHSC_03037a
WP_001245802.1	YP_499676.1	SAOUHSC_01134
WP_001027143.1	YP_499845.1	SAOUHSC_01315
WP_000517908.1	YP_499730.1	SAOUHSC_01191
WP_000052078.1	YP_499378.1	SAOUHSC_00823
WP_001791851.1	YP_501240.1	SAOUHSC_02780
WP_001791844.1	YP_499908.1	SAOUHSC_01381
WP_001790708.1	YP_500888.1	SAOUHSC_02416
WP_001789152.1	YP_501078.1	SAOUHSC_02616
WP_001164629.1	YP_500078.1	SAOUHSC_01562
WP_001140799.1	YP_500966.2	SAOUHSC_02499
WP_001123276.1	YP_499889.1	SAOUHSC_01362
WP_001032814.1	YP_499662.1	SAOUHSC_01119
WP_000682089.1	YP_499472.1	SAOUHSC_00919
WP_000205307.1	YP_501054.1	SAOUHSC_02592
WP_000006110.1	YP_499823.1	SAOUHSC_01292
WP_001074474.1	YP_499089.2	SAOUHSC_00516
WP_000752913.1	YP_500239.1	SAOUHSC_01730
WP_000705246.1	YP_500094.1	SAOUHSC_01578
WP_000655244.1	YP_500938.1	SAOUHSC_02470
WP_000230294.1	YP_501150.1	SAOUHSC_02688
WP_001791651.1	YP_498838.1	SAOUHSC_00243
WP_001789875.1	YP_500122.1	SAOUHSC_01607
WP_001096577.1	YP_500961.1	SAOUHSC_02493
WP_000669789.1	YP_500652.1	SAOUHSC_02164
WP_000681968.1	YP_500646.1	SAOUHSC_02156
WP_000375476.1	YP_500426.1	SAOUHSC_01925
WP_000214898.1	YP_499517.1	SAOUHSC_00964
WP_000048060.1	YP_500188.1	SAOUHSC_01678
WP_001801500.1	YP_500090.1	SAOUHSC_A01514
WP_001790680.1	YP_500631.1	SAOUHSC_02141
WP_000773989.1	YP_498800.1	SAOUHSC_00203
WP_000669862.1	YP_500620.1	SAOUHSC_02130
WP_000267034.1	YP_500635.1	SAOUHSC_02145
WP_012211187.1	YP_500997.1	SAOUHSC_02533
WP_001549802.1	YP_501295.1	SAOUHSC_02837
WP_000948331.1	YP_500783.1	SAOUHSC_02304
WP_000111118.1	YP_501319.1	SAOUHSC_02863
WP_001791787.1	YP_499653.1	SAOUHSC_01109
WP_001791768.1	YP_501324.1	SAOUHSC_02868
WP_001791696.1	YP_501420.1	SAOUHSC_A02811
WP_001790576.1	YP_501179.1	SAOUHSC_A02577
WP_001790107.1	YP_500930.1	SAOUHSC_02462
WP_001788758.1	YP_499884.1	SAOUHSC_01357
WP_001250275.1	YP_499606.1	SAOUHSC_01060
WP_000587958.1	YP_499133.1	SAOUHSC_00561
WP_000916020.1	YP_500035.1	SAOUHSC_01518
WP_000051206.1	YP_500988.1	SAOUHSC_02523
WP_001791678.1	YP_500925.1	SAOUHSC_A02331
WP_001789911.1	YP_501391.1	SAOUHSC_02939
WP_001285960.1	YP_500084.1	SAOUHSC_01569
WP_001005407.1	YP_500511.1	SAOUHSC_02014
WP_000438833.1	YP_500043.1	SAOUHSC_01526
WP_001790158.1	YP_499365.1	SAOUHSC_00809
WP_001789600.1	YP_500762.1	SAOUHSC_A02169
WP_000499195.1	YP_499305.1	SAOUHSC_00745
WP_001153681.1	YP_500665.1	SAOUHSC_02179
WP_000837752.1	YP_499421.2	SAOUHSC_00868
WP_000595263.1	YP_500065.1	SAOUHSC_01549
WP_000248839.1	YP_008530238.1	SAOUHSC_00381a
WP_000031108.1	YP_500483.1	SAOUHSC_01986
WP_001265709.1	YP_500163.1	SAOUHSC_01651
WP_001265708.1	YP_499858.1	SAOUHSC_01328
WP_000595265.1	YP_500687.1	SAOUHSC_02202
WP_001797372.1	YP_500607.1	SAOUHSC_02115
WP_001795334.1	YP_500721.1	SAOUHSC_02237
WP_001789879.1	YP_500149.1	SAOUHSC_01636
WP_001057759.1	YP_499363.1	SAOUHSC_00807
WP_000765708.1	YP_499666.1	SAOUHSC_01122
WP_000230358.1	YP_498813.1	SAOUHSC_00218
WP_000009238.1	YP_500238.1	SAOUHSC_01729
WP_001549059.1	YP_500429.1	SAOUHSC_01928
WP_000416756.1	YP_500452.1	SAOUHSC_01953
WP_011446983.1	YP_498879.1	SAOUHSC_00289
WP_001791736.1	YP_501207.1	SAOUHSC_02746
WP_001789981.1	YP_500331.1	SAOUHSC_01826
WP_001093929.1	YP_500744.1	SAOUHSC_02262
WP_001791691.1	YP_498974.1	SAOUHSC_00387
WP_001790198.1	YP_499406.1	SAOUHSC_00852
WP_000828354.1	YP_500799.1	SAOUHSC_02320
WP_000600812.1	YP_499832.1	SAOUHSC_01301
WP_000240855.1	YP_501500.1	SAOUHSC_03055
WP_001791797.1	YP_500435.1	SAOUHSC_01934
WP_001790628.1	YP_498634.1	SAOUHSC_00028
WP_001789912.1	YP_501313.1	SAOUHSC_02857
WP_001789860.1	YP_498833.1	SAOUHSC_00238
WP_000398672.1	YP_499677.1	SAOUHSC_01135
WP_000226108.1	YP_500662.1	SAOUHSC_02176
WP_000147103.1	YP_499678.1	SAOUHSC_01136
WP_000064214.1	YP_499573.1	SAOUHSC_01024
WP_001790177.1	YP_499530.1	SAOUHSC_00977
WP_001789654.1	YP_499049.1	SAOUHSC_00470
WP_001789121.1	YP_500986.1	SAOUHSC_02521
WP_001788795.1	YP_499947.1	SAOUHSC_01421
WP_000529138.1	YP_499966.1	SAOUHSC_01441
WP_001790685.1	YP_500756.1	SAOUHSC_02275
WP_001790559.1	YP_500244.1	SAOUHSC_01736
WP_001790052.1	YP_501095.1	SAOUHSC_02634
WP_001789076.1	YP_500901.1	SAOUHSC_02432
WP_001549596.1	YP_500927.1	SAOUHSC_02459
WP_001790624.1	YP_499555.1	SAOUHSC_01003
WP_001790562.1	YP_500294.1	SAOUHSC_01789
WP_001790531.1	YP_499829.1	SAOUHSC_01298
WP_001789407.1	YP_498688.1	SAOUHSC_00087
WP_001788599.1	YP_499586.1	SAOUHSC_01037
WP_001790712.1	YP_500386.1	SAOUHSC_01883
WP_001789947.1	YP_500024.1	SAOUHSC_01507
WP_001789925.1	YP_501206.1	SAOUHSC_02745
WP_000840602.1	YP_500265.1	SAOUHSC_01760
WP_001789973.1	YP_499236.1	SAOUHSC_00677
WP_001789945.1	YP_500014.1	SAOUHSC_01495
WP_001789943.1	YP_500018.1	SAOUHSC_01500
WP_001789934.1	YP_501117.1	SAOUHSC_02655
WP_001788281.1	YP_499156.1	SAOUHSC_00589
WP_001791776.1	YP_501402.1	SAOUHSC_02950
WP_001789890.1	YP_499766.1	SAOUHSC_01233
WP_001788994.1	YP_500355.1	SAOUHSC_01851
WP_000868342.1	YP_500956.1	SAOUHSC_02488
WP_000510433.1	YP_499004.1	SAOUHSC_00418
WP_001790652.1	YP_499420.1	SAOUHSC_00867
WP_001790600.1	YP_501392.1	SAOUHSC_02940
WP_001790560.1	YP_500285.1	SAOUHSC_01780
WP_001790257.1	YP_500597.1	SAOUHSC_02105
WP_001790154.1	YP_500462.1	SAOUHSC_01963
WP_001789641.1	YP_500792.1	SAOUHSC_02313
WP_001788716.1	YP_499822.1	SAOUHSC_01291
WP_001788579.1	YP_499545.1	SAOUHSC_00993
WP_001802312.1	YP_500626.1	SAOUHSC_02136
WP_001791821.1	YP_500661.1	SAOUHSC_02175
WP_001790533.1	YP_498790.1	SAOUHSC_00193
WP_001790167.1	YP_500747.1	SAOUHSC_02266
WP_001790093.1	YP_499329.1	SAOUHSC_00772
WP_001789859.1	YP_498802.1	SAOUHSC_00205
WP_001788617.1	YP_499635.1	SAOUHSC_01090
WP_000655099.1	YP_499172.1	SAOUHSC_00609
WP_000482650.1	YP_501184.1	SAOUHSC_02721
WP_001802298.1	YP_500868.1	SAOUHSC_02391
WP_001791767.1	YP_501312.1	SAOUHSC_02856
WP_001791758.1	YP_500357.1	SAOUHSC_01853
WP_001791731.1	YP_499534.1	SAOUHSC_00981
WP_001791424.1	YP_499855.1	SAOUHSC_01325
WP_001790739.1	YP_500886.1	SAOUHSC_02411
WP_001790092.1	YP_499327.1	SAOUHSC_00770
WP_001789935.1	YP_501167.1	SAOUHSC_02705
WP_000762708.1	YP_501164.1	SAOUHSC_02702
WP_000477492.1	YP_499824.1	SAOUHSC_01293
WP_010956543.1	YP_498983.1	SAOUHSC_00396
WP_001791893.1	YP_500430.1	SAOUHSC_01929
WP_001791873.1	YP_498638.1	SAOUHSC_00032
WP_001791744.1	YP_501155.1	SAOUHSC_02693
WP_001790696.1	YP_501263.1	SAOUHSC_02804
WP_001790661.1	YP_499023.1	SAOUHSC_00440
WP_001790641.1	YP_499297.1	SAOUHSC_00737
WP_001790623.1	YP_499520.1	SAOUHSC_00967
WP_001789518.1	YP_498957.1	SAOUHSC_00368
WP_001788970.1	YP_500275.1	SAOUHSC_01770
WP_001788276.1	YP_499150.1	SAOUHSC_00583
WP_000979526.1	YP_498753.1	SAOUHSC_00154
WP_223200570.1	YP_501342.1	SAOUHSC_02889
WP_001801650.1	YP_500060.1	SAOUHSC_01544
WP_001791812.1	YP_499028.1	SAOUHSC_00446
WP_001791795.1	YP_500473.1	SAOUHSC_01976
WP_001791763.1	YP_501275.1	SAOUHSC_02817
WP_001791752.1	YP_499410.1	SAOUHSC_00857
WP_001791653.1	YP_498807.1	SAOUHSC_00212
WP_001790599.1	YP_501367.1	SAOUHSC_02914
WP_001789984.1	YP_500322.1	SAOUHSC_01817
WP_001789909.1	YP_501296.1	SAOUHSC_02838
WP_001789897.1	YP_499868.1	SAOUHSC_01339
WP_000990056.1	YP_500647.1	SAOUHSC_02157
WP_001790553.1	YP_500983.1	SAOUHSC_02518
WP_001789986.1	YP_500340.1	SAOUHSC_01834
WP_001789908.1	YP_501387.1	SAOUHSC_02934
WP_001789304.1	YP_501396.1	SAOUHSC_02944
WP_001788625.1	YP_499645.1	SAOUHSC_01101
WP_010956583.1	YP_501399.1	SAOUHSC_02948
WP_001801779.1	YP_498893.1	SAOUHSC_00303
WP_001791878.1	YP_500499.1	SAOUHSC_02002
WP_001791789.1	YP_499655.1	SAOUHSC_01111
WP_001790679.1	YP_500601.1	SAOUHSC_02109
WP_001790611.1	YP_500818.1	SAOUHSC_02339
WP_001790530.1	YP_499764.1	SAOUHSC_01230
WP_001790138.1	YP_500871.1	SAOUHSC_02394
WP_001790128.1	YP_499069.1	SAOUHSC_00492
WP_001790000.1	YP_498635.1	SAOUHSC_00029
WP_001789987.1	YP_500347.1	SAOUHSC_01841
WP_001788321.1	YP_499209.1	SAOUHSC_00650
