gene_name,locus_tag,tradis_essentiality_score,essential_call
grpE,SL1344_2654,0.762306987345963,non-essential
NA,SL1344_2695,-3.10569692754283,essential
dppA,SL1344_3596,3.19093814132411,non-essential
yfhL,SL1344_2538,3.02390183612488,non-essential
htpX,SL1344_1773,2.75923338598158,non-essential
pck,SL1344_3467,3.87908770375135,non-essential
argH,SL1344_4073,3.77815454992465,non-essential
rpmD,SL1344_3389,-1.12602472734505,essential
uvrD,SL1344_3905,3.60683541983157,non-essential
nuoM,SL1344_2286,2.64062061468878,non-essential
xseB,SL1344_0418,2.05147979084512,non-essential
rpmF,SL1344_1128,3.22999972702966,non-essential
higA,SL1344_3976,3.2125834100647,non-essential
sspA,SL1344_3314,3.21179479544528,non-essential
NA,SL1344_0565,3.19302285874132,non-essential
NA,SL1344_4466,4.02947090795885,non-essential
tatA,SL1344_3927,3.49632798627594,non-essential
waaG,SL1344_3688,3.3258159401842,non-essential
aroK,SL1344_3454,2.73937258529437,non-essential
queA,SL1344_0399,3.20443926671633,non-essential
galM,SL1344_0750,3.88072446003027,non-essential
fldB,SL1344_3021,3.27574714963965,non-essential
fldA,SL1344_0676,-6.5,essential
rnhA,SL1344_0258,3.49674911761455,non-essential
msbA,SL1344_0921,-4.10848306661144,essential
zntA,SL1344_3541,3.12163706307231,non-essential
clsC,SL1344_1085,3.00117812398732,non-essential
yhdJ,SL1344_3359,2.76728338049427,non-essential
rpmB,SL1344_3694,-6.5,essential
rsfS,SL1344_0630,3.35309586792584,non-essential
nudF,SL1344_3159,3.2256611939095,non-essential
waaC,SL1344_3678,0.822556787346972,non-essential
minD,SL1344_1743,3.43312537184042,non-essential
tolR,SL1344_0728,3.08397623903359,non-essential
mog,SL1344_0008,3.40785700966393,non-essential
rsxA,SL1344_1391,2.74141636479709,non-essential
rpoZ,SL1344_3707,3.15699925552933,non-essential
cheW,SL1344_1855,3.12064355690318,non-essential
tamA,SL1344_4342,3.25760389182557,non-essential
NA,SL1344_2763,3.99317189859164,non-essential
yciK,SL1344_1649,3.45859947819938,non-essential
ccmA,SL1344_3785,3.45563768587363,non-essential
bamD,SL1344_2623,-1.14890989292732,essential
fsaB,SL1344_4059,3.67434215045435,non-essential
fepC,SL1344_0578,2.29941092411637,non-essential
exbD,SL1344_3132,3.02042480402031,non-essential
dtpB,SL1344_3557,2.7649537872343,non-essential
treB,SL1344_4385,3.65494703729939,non-essential
rlmE,SL1344_3269,1.82233802636201,non-essential
nrdB,SL1344_2247,-2.45885565836562,essential
opgE,SL1344_0809,3.00700806763181,non-essential
fdx,SL1344_2500,3.11803548310486,non-essential
gpp,SL1344_3873,3.46024176000031,non-essential
NA,SL1344_1474,3.22761266978351,non-essential
folB,SL1344_3179,-2.00756294337932,essential
NA,SL1344_1326,3.56324655465637,non-essential
torS,SL1344_3300,3.11115026141768,non-essential
arcB,SL1344_3792,3.48982180529955,non-essential
yhdE,SL1344_3343,3.3128334290345,non-essential
hdeB,SL1344_1492,4.39006404316873,non-essential
acrB,SL1344_0468,2.32983551155098,non-essential
envC,SL1344_3671,2.82061939777438,non-essential
cspG,SL1344_1924,2.26079175527206,non-essential
hfq,SL1344_4295,3.43508198082338,non-essential
waaQ,SL1344_3689,3.12341483413531,non-essential
arnT,SL1344_2270,3.48968346815747,non-essential
ybhN,SL1344_0787,3.076136257638,non-essential
nadA,SL1344_0733,3.41307918772585,non-essential
pdxA,SL1344_0092,2.61504068232049,non-essential
metG,SL1344_2132,-6.5,essential
adeP,SL1344_3818,4.02407678805926,non-essential
ybeR,SL1344_0645,4.44436778854297,non-essential
ubiG,SL1344_2245,-2.82812574872829,essential
ykgO,SL1344_0463,2.72071380349055,non-essential
dnaQ,SL1344_0259,-0.176180130894205,essential
NA,SL1344_4393,2.63877320762155,non-essential
argR,SL1344_3332,3.41077429629037,non-essential
rpsT,SL1344_0044,-6.5,essential
yahN,SL1344_0360,3.76399766337124,non-essential
leuE,SL1344_1205,2.90685974423544,non-essential
nagB,SL1344_0666,2.89605799215452,non-essential
pspE,SL1344_1616,4.74547536403855,non-essential
yghB,SL1344_3136,2.35425798700031,non-essential
yqjA,SL1344_3199,3.44871495122999,non-essential
flc,SL1344_0618,2.93400054712351,non-essential
wcaA,SL1344_2092,3.30770387920768,non-essential
rpoE,SL1344_2604,3.16137429027671,non-essential
yajC,SL1344_0401,2.73869529190969,non-essential
frdB,SL1344_4279,3.23178220416388,non-essential
NA,SL1344_2893,3.43645203761166,non-essential
sucB,SL1344_0719,2.11516675263055,non-essential
NA,SL1344_1489,3.77749105736073,non-essential
proB,SL1344_0317,2.96737339728978,non-essential
NA,SL1344_2011,2.38489610339984,non-essential
sucD,SL1344_0721,2.82734596628791,non-essential
aroB,SL1344_3453,3.25428052549789,non-essential
sucA,SL1344_0718,2.75476235430617,non-essential
lptB,SL1344_3291,-6.5,essential
mreB,SL1344_3346,-0.438484703572584,essential
gltD,SL1344_3303,4.13935745317782,non-essential
aroC,SL1344_2353,3.17427989856725,non-essential
NA,SL1344_0056,4.15116273527301,non-essential
NA,SL1344_3107,3.80229374643192,non-essential
feaB,SL1344_1041,3.45704906144788,non-essential
patD,SL1344_1528,2.93692551321565,non-essential
purH,SL1344_4115,3.47510058116969,non-essential
carA,SL1344_0067,2.83077691438479,non-essential
katG,SL1344_4056,3.80235221164846,non-essential
dcm,SL1344_1920,2.90733141895211,non-essential
gltB,SL1344_3302,4.10393325945872,non-essential
pheT,SL1344_1272,-4.09828768502699,essential
rsxD,SL1344_1388,2.68670036787222,non-essential
marC,SL1344_1451,3.27580876570215,non-essential
creB,SL1344_4515,3.58588431246608,non-essential
ompR,SL1344_3469,4.0411388613558,non-essential
cpxR,SL1344_4008,3.30046453359577,non-essential
lolC,SL1344_1154,-6.5,essential
gapA,SL1344_1225,-2.87357779972639,essential
umpG,SL1344_2906,3.10446438267508,non-essential
NA,SL1344_2154,3.33433082297609,non-essential
NA,SL1344_0832,3.79020966352008,non-essential
phoB,SL1344_0392,3.59531127716169,non-essential
pdxH,SL1344_1380,3.15830847242503,non-essential
yhdZ,SL1344_1565,3.27342020805316,non-essential
hisP,SL1344_2320,3.7892439826102,non-essential
glnQ,SL1344_0803,3.2254456538277,non-essential
kdsB,SL1344_0925,-6.5,essential
miaB,SL1344_0659,3.5153595979884,non-essential
NA,SL1344_2364,3.07177991733296,non-essential
rsxE,SL1344_1386,2.49184643094805,non-essential
gmhA,SL1344_0306,2.03140330869199,non-essential
yedW,SL1344_1035,2.90429175571883,non-essential
yihX,SL1344_3972,3.18729982312744,non-essential
yceG,SL1344_1136,3.82016774685705,non-essential
purB,SL1344_1170,0.671591621600402,non-essential
ybiY,SL1344_0820,3.65840954435029,non-essential
ydiQ,SL1344_1288,2.63428555754197,non-essential
fixA,SL1344_0076,3.3496446600625,non-essential
trxC,SL1344_2613,2.89875221071643,non-essential
rsxB,SL1344_1390,3.10776367186522,non-essential
NA,SL1344_2535,4.50035302672666,non-essential
atpD,SL1344_3832,2.99187837036964,non-essential
yicR,SL1344_3695,2.80467189151594,non-essential
apbE,SL1344_2236,3.22358315905573,non-essential
bamA,SL1344_0225,-6.5,essential
ygiV,SL1344_3149,3.16306655713272,non-essential
amn,SL1344_1986,2.83093316691389,non-essential
lepB,SL1344_2544,-1.12114414628683,essential
znuB,SL1344_1827,2.99913950211937,non-essential
truB,SL1344_3257,3.61061268975841,non-essential
ppiD,SL1344_0446,3.50555073893121,non-essential
serB,SL1344_4505,3.10711972060563,non-essential
yjiJ,SL1344_4446,3.46985390326059,non-essential
ybdR,SL1344_0603,3.04733769715929,non-essential
bcsA,SL1344_3584,3.11729933497599,non-essential
yhbV,SL1344_3248,3.52120820289324,non-essential
speB,SL1344_3054,3.17306454341091,non-essential
yciM,SL1344_1640,-3.00958247614136,essential
hemN,SL1344_3951,3.12687292509669,non-essential
fhuB,SL1344_0195,3.1687007746691,non-essential
cyoA,SL1344_0437,3.61692186928427,non-essential
NA,SL1344_3656,3.16079843999383,non-essential
recC,SL1344_2974,2.99146386532936,non-essential
NA,SL1344_4397,3.79319957252948,non-essential
arnA,SL1344_2268,3.75976366504836,non-essential
trg,SL1344_3542,3.20492642587887,non-essential
NA,SL1344_3189,3.45011495836732,non-essential
iscR,SL1344_2506,2.98086566309175,non-essential
cysM,SL1344_2403,3.25492777187295,non-essential
cysK,SL1344_2393,3.39489966344383,non-essential
tap,SL1344_1588,4.09026580575524,non-essential
ubiH,SL1344_3033,-0.25534690028894,essential
ygeR,SL1344_3014,3.38913718887563,non-essential
wecE,SL1344_3884,3.44543973340661,non-essential
NA,SL1344_0261,3.57961451707213,non-essential
tilS,SL1344_0237,-3.51280752528348,essential
cysC,SL1344_2912,3.06311974360888,non-essential
wza,SL1344_2095,3.22135221439726,non-essential
NA,SL1344_3126,2.85501601752365,non-essential
skp,SL1344_0226,2.43852617511126,non-essential
emrB,SL1344_2800,2.76397105799713,non-essential
trkH,SL1344_3939,3.21677896056474,non-essential
yfeY,SL1344_2410,3.11891434839795,non-essential
NA,SL1344_4152,3.65003794858717,non-essential
cysQ,SL1344_4337,3.73313418357938,non-essential
NA,SL1344_0741,3.069117101914,non-essential
NA,SL1344_1348,4.15743979463649,non-essential
ccmB,SL1344_2223F,4.07014622885855,non-essential
rnd,SL1344_1745,3.00686313881609,non-essential
gsiB,SL1344_0825,3.62781372776936,non-essential
rbsK,SL1344_3852,3.43800508151083,non-essential
suhB,SL1344_2508,-1.88700834639965,essential
lnt,SL1344_0655,-6.5,essential
tolB,SL1344_0730,3.23585648604687,non-essential
yggW,SL1344_3079,3.16675468726107,non-essential
acrE,SL1344_3363,3.43206528240976,non-essential
recJ,SL1344_3018,3.52626357078375,non-essential
nuoN,SL1344_2285,2.55988275183722,non-essential
NA,SL1344_0831,1.6940645983028,non-essential
thrC,SL1344_0004,3.1770689743281,non-essential
ccmF,SL1344_2223B,4.44765069881632,non-essential
zraS,SL1344_4112,3.51789812522958,non-essential
fimD,SL1344_0023,3.48865719982666,non-essential
prpR,SL1344_0362,3.28816112352763,non-essential
norR,SL1344_2819,3.32835017396494,non-essential
NA,SL1344_2889,2.70609977448762,non-essential
zraR,SL1344_3952,2.0991631313058,non-essential
atoC,SL1344_4113,3.42572719848875,non-essential
tyrR,SL1344_1613,2.4057111285556,non-essential
gabD,SL1344_2775,2.81111965921282,non-essential
iscA,SL1344_2503,3.37178982984823,non-essential
sufA,SL1344_1303,3.24057491972406,non-essential
NA,SL1344_0284,3.2584491740635,non-essential
glrR,SL1344_2524,2.90647900547259,non-essential
NA,SL1344_0767,3.75209075206659,non-essential
pgpA,SL1344_0414,3.22099042110569,non-essential
yraJ,SL1344_3604,3.29187891113793,non-essential
asd,SL1344_3506,-4.0050985344229,essential
NA,SL1344_1723,3.35557500806836,non-essential
NA,SL1344_4460,3.25054114507091,non-essential
lptA,SL1344_3290,-2.65076391353957,essential
sdhD,SL1344_0715,3.22446982932899,non-essential
NA,SL1344_0266,2.84410380261153,non-essential
yhbT,SL1344_3246,2.54571174418475,non-essential
secG,SL1344_3264,3.17427561087759,non-essential
yafS,SL1344_0257,3.0371159402241,non-essential
ptsN,SL1344_3294,2.97928124778891,non-essential
NA,SL1344_3329,3.16544521500834,non-essential
hycE,SL1344_2829,3.53125495947728,non-essential
NA,SL1344_2596,1.10352152681641,non-essential
NA,SL1344_3664,2.95615348582204,non-essential
NA,SL1344_2934,0.851801561860264,non-essential
NA,SL1344_3727A,4.22699230578002,non-essential
menC,SL1344_2275,3.17290328184463,non-essential
atpF,SL1344_3836,2.22199821220625,non-essential
NA,SL1344_2030,3.53374160163401,non-essential
arnC,SL1344_2267,3.37621745371525,non-essential
NA,SL1344_2025,3.19567793265868,non-essential
gcvP,SL1344_3029,3.39285133800903,non-essential
lspA,SL1344_0048,-2.45799479646395,essential
cspD,SL1344_0882,3.22704452060677,non-essential
nusB,SL1344_0412,-6.5,essential
nuoI,SL1344_2290,3.03708598266157,non-essential
NA,SL1344_2595,4.02292581605451,non-essential
NA,SL1344_3427,4.36066356579315,non-essential
aceE,SL1344_0152,0.159457500657671,non-essential
rho,SL1344_3876,-3.15092000408291,essential
ppc,SL1344_4069,3.65242607198494,non-essential
icd,SL1344_1176,2.24935489420946,non-essential
hemL,SL1344_0203,1.07798887444999,non-essential
NA,SL1344_3759,3.81057423023244,non-essential
yihV,SL1344_3970,3.32215968928817,non-essential
hslV,SL1344_4041,3.99103452857622,non-essential
NA,SL1344_2585,4.92493876876525,non-essential
NA,SL1344_2212,2.82272340979506,non-essential
NA,SL1344_2346,3.3143060845233,non-essential
NA,SL1344_2640,3.64940298531768,non-essential
NA,SL1344_2632,3.55110816726048,non-essential
NA,SL1344_2705,3.69594139289505,non-essential
NA,SL1344_5added,4.14217772144815,non-essential
NA,SL1344_2455,3.53598057921846,non-essential
metF,SL1344_4055,3.02690538581589,non-essential
rplL,SL1344_4091,-6.5,essential
mdtQ,SL1344_2150,3.524582893097,non-essential
oppA,SL1344_1677,3.6252231798304,non-essential
NA,SL1344_0706,-1.48548201287959,essential
pheA,SL1344_2625,2.91931826854629,non-essential
cysH,SL1344_2925,2.45468696940455,non-essential
plsY,SL1344_3180,3.28378169721654,non-essential
rpsN,SL1344_3394,-6.5,essential
kefC,SL1344_0087,2.36322055249035,non-essential
metH,SL1344_4123,3.10004852687151,non-essential
thrB,SL1344_0003,3.26691626758217,non-essential
sufD,SL1344_1306,3.88320442539436,non-essential
lipB,SL1344_0623,1.14125443655554,non-essential
alaA,SL1344_2300,3.61608291326409,non-essential
hisG,SL1344_2048,3.0264694726239,non-essential
cysJ,SL1344_2927,3.08183635728611,non-essential
ilvH,SL1344_0117,2.80100374992738,non-essential
ruvC,SL1344_1833,1.83372235889817,non-essential
murJ,SL1344_1107,-3.80474275300312,essential
nuoK,SL1344_2288,2.69802903402024,non-essential
glgP,SL1344_3501,3.69193885335105,non-essential
malP,SL1344_3481,3.69970399205601,non-essential
fdhF,SL1344_4221,3.42370688586356,non-essential
napA,SL1344_2229,2.88253890520904,non-essential
pyrE,SL1344_3699,2.76798090479151,non-essential
NA,SL1344_0596,3.2713216018108,non-essential
ahpC,SL1344_0397,3.39584967668556,non-essential
ubiA,SL1344_4171,-3.48339777426417,essential
cobS,SL1344_1993,2.81762839087405,non-essential
NA,SL1344_2014,4.21687432766989,non-essential
NA,SL1344_2009,2.676230755929,non-essential
dmsA,SL1344_0902,3.50328714608397,non-essential
ribC,SL1344_1358,-6.5,essential
sdaA,SL1344_1755,3.6748894122923,non-essential
cpsB,SL1344_2082,3.40118575840635,non-essential
gatY,SL1344_3226,3.12283264753582,non-essential
aroF,SL1344_2628,3.31538025898564,non-essential
sad,SL1344_1454,3.50213717819496,non-essential
NA,SL1344_2061,3.02361957139743,non-essential
ybgP,SL1344_3006,3.25003291101921,non-essential
yraI,SL1344_3605,3.81143512387341,non-essential
ymgE,SL1344_1725,3.29837230695087,non-essential
ydhR,SL1344_3428,3.42690587312368,non-essential
ydiL,SL1344_1297,4.16019837759495,non-essential
gadC,SL1344_2328,4.40482363865859,non-essential
NA,SL1344_2719,3.0703858238026,non-essential
NA,SL1344_0976,4.79589371814881,non-essential
glpD,SL1344_3493,3.01327603945922,non-essential
hisF,SL1344_2054,2.84283550631796,non-essential
NA,SL1344_0699,2.65981041214169,non-essential
glmM,SL1344_3265,-6.5,essential
csgC,SL1344_1082,4.35266479416788,non-essential
thiD,SL1344_2123,2.93803502216493,non-essential
frdA,SL1344_4280,2.95761978623919,non-essential
ribD,SL1344_0410,-6.5,essential
pdxJ,SL1344_2540,1.37559478382317,non-essential
argI,SL1344_4399,2.89614249513115,non-essential
argB,SL1344_4072,3.76403894320445,non-essential
hisA,SL1344_2053,3.03716500772513,non-essential
NA,SL1344_0632,3.02752767789483,non-essential
sfmF,SL1344_0541,2.8151305231072,non-essential
NA,SL1344_2586,4.19992730786017,non-essential
ydiT,SL1344_1285,4.37638937887544,non-essential
NA,SL1344_0887,2.90807665461704,non-essential
ygeH,SL1344_2856,3.957445046208,non-essential
NA,SL1344_2564,3.78894701104951,non-essential
cysG,SL1344_3444,3.37433535416036,non-essential
NA,SL1344_1845,3.31521326414927,non-essential
arnB,SL1344_2266,3.56639146970636,non-essential
pyrD,SL1344_0998,3.61375468046555,non-essential
NA,SL1344_0546,3.60890250751538,non-essential
carB,SL1344_0068,3.45579971062559,non-essential
manA,SL1344_1397,3.08366650683527,non-essential
NA,SL1344_0978,4.33731857867667,non-essential
ykgH,SL1344_2185,2.770773080904,non-essential
NA,SL1344_2369A,3.15028487057541,non-essential
NA,SL1344_2593,-0.772626584973441,essential
ydaE,SL1344_0948,2.88674979155737,non-essential
NA,SL1344_2063,2.29680910295835,non-essential
NA,SL1344_2444A,3.18391254108137,non-essential
kdsA,SL1344_1700,-2.60521369435741,essential
yqiK,SL1344_3172,2.83736322408645,non-essential
citT,SL1344_0606,3.66252095976094,non-essential
gltA,SL1344_0712,3.32394206976183,non-essential
rhsD,SL1344_0286,3.39520920809181,non-essential
yfdY,SL1344_2368,3.91780657436454,non-essential
srlQ,SL1344_2818,3.09725864320144,non-essential
iraM,SL1344_1049,3.34817105528036,non-essential
NA,SL1344_2568,3.8003354091003,non-essential
glpX,SL1344_4034,3.62926809709852,non-essential
aroA,SL1344_0915,3.31231512497142,non-essential
metB,SL1344_4049,3.30136494842469,non-essential
yhdU,SL1344_3360,2.73773457531345,non-essential
NA,SL1344_0992,3.94626077075046,non-essential
ybhM,SL1344_0784,4.13426018798063,non-essential
yaaY,SL1344_0045,2.55318914457728,non-essential
pabB,SL1344_1753,3.49088055013842,non-essential
NA,SL1344_3361,3.09791991690038,non-essential
ilvD,SL1344_3864,4.42660909696169,non-essential
ilvB,SL1344_3762,3.03436236630281,non-essential
allB,SL1344_0516,3.26501213807401,non-essential
NA,SL1344_0833,4.56642380835056,non-essential
trpC,SL1344_1656,3.74329922384443,non-essential
sbp,SL1344_4012,3.00537422848226,non-essential
entC,SL1344_0583,3.46127937657032,non-essential
trpA,SL1344_1658,3.3079934555136,non-essential
asnB,SL1344_0662,3.29930112844515,non-essential
lpxA,SL1344_0229,-6.5,essential
dam,SL1344_3451,3.37831776089506,non-essential
NA,SL1344_2702,3.4580104791939,non-essential
NA,SL1344_0425,3.32051025749062,non-essential
btuR,SL1344_1650,3.1656461333759,non-essential
thiL,SL1344_0413,1.26478799826003,non-essential
argC,SL1344_4071,3.58626897680214,non-essential
tadA,SL1344_2530,-0.729328427177062,essential
leuD,SL1344_0110,3.18181383529304,non-essential
yeiE,SL1344_2178,3.04827137765046,non-essential
lpxC,SL1344_0134,-6.5,essential
fliI,SL1344_1901,3.06232698124122,non-essential
NA,SL1344_3328,2.74229954519105,non-essential
plsB,SL1344_4172,-6.5,essential
NA,SL1344_2008,2.66582594407624,non-essential
yjiA,SL1344_4461,3.8316608571566,non-essential
sgcQ,SL1344_1545,2.98191819568578,non-essential
acnB,SL1344_0159,3.22760822916818,non-essential
purE,SL1344_0527,3.0429859085571,non-essential
orn,SL1344_4287,1.36521095741247,non-essential
NA,SL1344_2873,3.10043915386617,non-essential
gcl,SL1344_0510,2.98530727821527,non-essential
hemA,SL1344_1705,-6.5,essential
moeA,SL1344_0822,3.74741513325013,non-essential
NA,SL1344_3096,3.29886824779813,non-essential
bioF,SL1344_0772,3.67905838113621,non-essential
NA,SL1344_2730,-6.5,essential
hemE,SL1344_4106,-3.9429024594635,essential
hyaB,SL1344_1715,3.36536327121115,non-essential
yjgN,SL1344_4404,3.75712259248637,non-essential
dcd,SL1344_2098,1.77713981611366,non-essential
hisB,SL1344_2051,3.20904659844841,non-essential
NA,SL1344_4427,2.70296113948915,non-essential
cca,SL1344_3177,-6.5,essential
ubiF,SL1344_0660,0.262376281835387,non-essential
panC,SL1344_0182,3.31230728825195,non-essential
pabA,SL1344_3436,3.92535274802967,non-essential
cpsG,SL1344_2081,3.39179826151897,non-essential
NA,SL1344_1746,5.63346540751355,non-essential
NA,SL1344_1886,5.42479845039896,non-essential
NA,SL1344_3446,4.83961350501358,non-essential
cydB,SL1344_0723,-1.86248930848584,essential
NA,SL1344_3048,2.85535183076293,non-essential
pgi,SL1344_4157,2.82162991764612,non-essential
cbpA,SL1344_1051,3.15995575172159,non-essential
nuoB,SL1344_2296,2.88142441319109,non-essential
allS,SL1344_0507,2.7648661637083,non-essential
yafQ,SL1344_3483,3.68065448082619,non-essential
rlmM,SL1344_2960,3.10969856107434,non-essential
dusB,SL1344_3357,3.68208475137738,non-essential
NA,SL1344_3728,3.16893654133538,non-essential
hemY,SL1344_3890,3.13052701772093,non-essential
wzxE,SL1344_3885,3.46428997959739,non-essential
setB,SL1344_2184,2.4623351026563,non-essential
galK,SL1344_0751,3.65623037368876,non-essential
yhbU,SL1344_3247,3.62878232580861,non-essential
yjiN,SL1344_4447,2.96396263971,non-essential
pqiA,SL1344_1003,3.21022532502036,non-essential
epmB,SL1344_4270,2.93057187992749,non-essential
waaP,SL1344_3687,3.08099228114123,non-essential
pflD,SL1344_4063,3.79707545210506,non-essential
argP,SL1344_3040,3.21964678727709,non-essential
NA,SL1344_2940,3.14519560945031,non-essential
epd,SL1344_3046,2.42869693654393,non-essential
clcA,SL1344_0204,3.62003411594775,non-essential
metA,SL1344_4117,1.29291677890984,non-essential
hrpA,SL1344_1571,2.59876613008053,non-essential
NA,SL1344_4145,2.84350026412543,non-essential
mutL,SL1344_4293,3.33909672564821,non-essential
dcuB,SL1344_4238,3.19239979193514,non-essential
nrdD,SL1344_4382,3.24389790518025,non-essential
fumA,SL1344_1398,3.56685814115662,non-essential
mglC,SL1344_2165,2.8699936576139,non-essential
purT,SL1344_1817,3.2340624154153,non-essential
ynfM,SL1344_1416,2.86396124181929,non-essential
yhjK,SL1344_3580,3.60696542829518,non-essential
clsB,SL1344_0788,3.16067258937733,non-essential
wzyE,SL1344_3887,-6.5,essential
mdtG,SL1344_1091,2.53509330237842,non-essential
mltD,SL1344_0255,3.20395164156329,non-essential
envZ,SL1344_3468,3.89369774658788,non-essential
yeaG,SL1344_1220,3.21935023698335,non-essential
lsrB,SL1344_4026,3.89796353902407,non-essential
cysB,SL1344_1645,0.361230722741641,non-essential
glnD,SL1344_0215,1.78497358237902,non-essential
yebQ,SL1344_1772,2.57574728870385,non-essential
metQ,SL1344_0246,3.70657558460314,non-essential
apaH,SL1344_0089,2.6933473876239,non-essential
yfaY,SL1344_2262,3.63279989390685,non-essential
yhjX,SL1344_2536,3.89815113266024,non-essential
NA,SL1344_3560,3.36581295059922,non-essential
sapB,SL1344_1623,2.92343765628973,non-essential
sbcD,SL1344_0391,3.37161443564133,non-essential
lsrD,SL1344_4025,4.2882996589538,non-essential
NA,SL1344_1328,3.8677533750253,non-essential
NA,SL1344_3758,3.54034732279745,non-essential
ydgJ,SL1344_1394,2.00157229360614,non-essential
pmbA,SL1344_4368,3.30107613097636,non-essential
galT,SL1344_0752,3.16925569144693,non-essential
selB,SL1344_3647,2.8641990931799,non-essential
ldhA,SL1344_1577,3.01572787659809,non-essential
aspC,SL1344_0935,3.09920150762875,non-essential
ycjX,SL1344_1615,3.36450132007471,non-essential
hypC,SL1344_2836,3.17948747366997,non-essential
mutS,SL1344_2888,2.71306444971879,non-essential
proX,SL1344_2796,3.08811300259611,non-essential
mglB,SL1344_2167,2.02031024330033,non-essential
talA,SL1344_2436,2.92014440333564,non-essential
ycaD,SL1344_0905,3.40331111221477,non-essential
NA,SL1344_1941,4.10542304550844,non-essential
hflC,SL1344_4298,3.3527592871728,non-essential
NA,SL1344_0452,3.64488681027176,non-essential
fliG,SL1344_1899,2.82579174659228,non-essential
yhaJ,SL1344_3207,3.45066064189689,non-essential
qmcA,SL1344_0494,3.35864259177877,non-essential
gatZ,SL1344_3230,3.06399690219374,non-essential
kup,SL1344_3847,3.71576018951614,non-essential
gabP,SL1344_2777,3.5170667044056,non-essential
add,SL1344_1395,2.84876412453247,non-essential
yedY,SL1344_3350,3.55181680319492,non-essential
mpl,SL1344_4349,2.91132147197053,non-essential
nlpI,SL1344_3254,2.83223030556671,non-essential
NA,SL1344_3106,3.93696554142443,non-essential
pgm,SL1344_0680,2.80157680426727,non-essential
flgK,SL1344_1120,3.36822418597155,non-essential
rspB,SL1344_1436,3.11517085484741,non-essential
NA,SL1344_3746,4.02138162741749,non-essential
tusB,SL1344_3416,1.16502207993929,non-essential
cyoE,SL1344_0433,2.71970461666902,non-essential
gntR,SL1344_3509,3.40700490636385,non-essential
ldcC,SL1344_0235,3.60713991360421,non-essential
manX,SL1344_1759,2.20012257536423,non-essential
NA,SL1344_1846,3.12651525214215,non-essential
rlmI,SL1344_1020,2.64899761045945,non-essential
argA,SL1344_2970,2.70779200527626,non-essential
sthA,SL1344_4075,3.56023971562066,non-essential
rapA,SL1344_0097,3.39361379512467,non-essential
rssB,SL1344_1684,1.47294294434731,non-essential
yjbB,SL1344_4124,3.26115633215723,non-essential
yeaH,SL1344_1219,3.15525292367666,non-essential
lrp,SL1344_0897,3.3601110778789,non-essential
NA,SL1344_0987,4.09492277196752,non-essential
pntB,SL1344_1410,2.78642271968813,non-essential
ydiJ,SL1344_1299,3.12018098126414,non-essential
dld,SL1344_2145,3.53387301528259,non-essential
NA,SL1344_1053,3.20622986910902,non-essential
dtpA,SL1344_1384,2.85497820737202,non-essential
ytfL,SL1344_4340,3.28821068010229,non-essential
galP,SL1344_3066,3.32742457689408,non-essential
rcsD,SL1344_2238,3.01998831807838,non-essential
xylB,SL1344_3625,3.07244925569718,non-essential
modF,SL1344_0755,3.44130101643501,non-essential
mnmC,SL1344_2348,2.99671705844926,non-essential
dauA,SL1344_1709,3.01944828702798,non-essential
tolC,SL1344_3160,2.47592558425127,non-essential
yifK,SL1344_3889,2.94722285005865,non-essential
sgcB,SL1344_1543,3.95049878842173,non-essential
ldcA,SL1344_1728,3.01675476817316,non-essential
yjcB,SL1344_4199,4.22199773450122,non-essential
ampH,SL1344_0370,3.80356350850365,non-essential
yodD,SL1344_1913,3.42215194049232,non-essential
NA,SL1344_2689,3.87379817635684,non-essential
hemD,SL1344_3892,-2.38860681603366,essential
NA,SL1344_1342,1.75498146730873,non-essential
lsrA,SL1344_4023,3.22439096873267,non-essential
iceT,SL1344_2106,3.27699500150179,non-essential
nupC,SL1344_2377,3.21701985601189,non-essential
clpA,SL1344_0884,3.25033728216277,non-essential
NA,SL1344_0359,3.24096381837006,non-essential
dgt,SL1344_0209,4.74742332262205,non-essential
potG,SL1344_0855,3.25716236366448,non-essential
ydfI,SL1344_1438,2.80842250332381,non-essential
queG,SL1344_4289,3.34000509838297,non-essential
hda,SL1344_2459,2.90375058638204,non-essential
pepQ,SL1344_3937,3.34133824237593,non-essential
NA,SL1344_0969,3.69319884404927,non-essential
roxA,SL1344_1167,2.7733783097077,non-essential
rstB,SL1344_1402,3.10245454978666,non-essential
tmcA,SL1344_2448,2.93699343385548,non-essential
tyrA,SL1344_2627,3.17712946941655,non-essential
cheA,SL1344_1856,2.82943503198797,non-essential
yhdP,SL1344_3341,3.59132108708724,non-essential
yrfF,SL1344_3462,0.330954147162055,non-essential
xylR,SL1344_3627,3.48572944356231,non-essential
nagC,SL1344_0664,3.16567820881475,non-essential
btuB,SL1344_4079,3.43200839405891,non-essential
ampG,SL1344_0438,3.35902262073566,non-essential
araA,SL1344_0102,3.30730413582306,non-essential
cycA,SL1344_4331,3.52679313075354,non-essential
sbcB,SL1344_2044,2.61709055288167,non-essential
gltP,SL1344_4219,3.43024604252051,non-essential
plaP,SL1344_2045,2.92253991044663,non-essential
NA,SL1344_1472,4.62260487651641,non-essential
ugpB,SL1344_3523,3.40455244309533,non-essential
dgoD,SL1344_3794,3.40805506428184,non-essential
bepA,SL1344_2457,2.77223278820481,non-essential
treA,SL1344_1724,3.37383200218868,non-essential
mepM,SL1344_1824,3.44410322360612,non-essential
dadA,SL1344_1731,3.02949030147342,non-essential
fucP,SL1344_2955,3.02804610602969,non-essential
NA,SL1344_3747,4.06857256451916,non-essential
nnr,SL1344_4290,3.34856213816666,non-essential
deoA,SL1344_4495,3.2636254224861,non-essential
kefB,SL1344_3424,4.36385312071309,non-essential
pepT,SL1344_1164,3.4550500992666,non-essential
mdh,SL1344_3331,3.78683250342241,non-essential
aer,SL1344_3190,3.19736797920703,non-essential
queD,SL1344_2928,3.46454537845778,non-essential
cdd,SL1344_2160,2.43732104722006,non-essential
pppA,SL1344_3409,3.6061459356738,non-essential
tsaA,SL1344_0244,3.45594060999406,non-essential
yggT,SL1344_3076,3.69993219900028,non-essential
ybbA,SL1344_0500,3.63179579547073,non-essential
ycgN,SL1344_1739,2.66471563443121,non-essential
pyrI,SL1344_4390,3.56568408170313,non-essential
yeiP,SL1344_2188,2.77248996446549,non-essential
yciA,SL1344_1667,3.52742452479549,non-essential
matP,SL1344_1009,2.47967472883828,non-essential
yfgD,SL1344_2458,3.66564093061367,non-essential
tusE,SL1344_1024,0.825379316320428,non-essential
yjgM,SL1344_4403,4.1156601743593,non-essential
yciH,SL1344_1638,3.66448913483005,non-essential
hemG,SL1344_3940,-1.95771074752665,essential
modB,SL1344_0759,3.19187832981261,non-essential
ackA,SL1344_2306,2.95068565430473,non-essential
trpR,SL1344_4510,3.54621698095102,non-essential
queE,SL1344_2930,3.26873558970504,non-essential
yciS,SL1344_1641,2.00798790940134,non-essential
codA,SL1344_3306,4.44414289258383,non-essential
ybjX,SL1344_0879,4.1381492177215,non-essential
NA,SL1344_2764,4.33841632821867,non-essential
slyX,SL1344_3421,3.67571800254861,non-essential
NA,SL1344_3679,2.7108661835457,non-essential
udp,SL1344_3922,3.66283643100014,non-essential
ygaZ,SL1344_3990,3.37605162746186,non-essential
NA,SL1344_2892,3.63824375793144,non-essential
cydA,SL1344_0722,-1.90853337083666,essential
cyaA,SL1344_3894,2.80139518194588,non-essential
rnb,SL1344_1633,3.40024752621232,non-essential
pflB,SL1344_0910,3.04146647800968,non-essential
ybhI,SL1344_3140,2.68955971009504,non-essential
yffB,SL1344_2445,3.86722814458332,non-essential
radA,SL1344_4506,3.82888484355665,non-essential
nrfA,SL1344_4213,3.25344395280992,non-essential
metC,SL1344_3135,3.02233190980833,non-essential
yidE,SL1344_3774,3.60094181005493,non-essential
sxy,SL1344_1012,3.14411573057178,non-essential
ptsH,SL1344_2394,2.99282044734595,non-essential
ybjS,SL1344_0871,3.18709539468284,non-essential
bfd,SL1344_3411,3.056900898433,non-essential
NA,SL1344_0598,3.95977259805449,non-essential
ybaM,SL1344_0473,1.98376362995403,non-essential
NA,SL1344_2884,2.15609947917945,non-essential
yfgM,SL1344_2483,2.05910824285112,non-essential
NA,SL1344_1039,3.26482351435359,non-essential
cydC,SL1344_0894,-1.04822871300299,essential
aroH,SL1344_1281,3.24186519691926,non-essential
hyaA,SL1344_1714,2.75578008043965,non-essential
NA,SL1344_1468,2.92598202500313,non-essential
elaA,SL1344_2281,3.84132172888458,non-essential
secB,SL1344_3667,2.47193852626775,non-essential
rsmD,SL1344_3537,3.12200666711484,non-essential
ccmE,SL1344_2223C,4.45797676116027,non-essential
fliN,SL1344_1906,3.09043179439831,non-essential
rnk,SL1344_0604,3.6985076242091,non-essential
ypeA,SL1344_2412,3.03173662670372,non-essential
NA,SL1344_2732,3.14477467864631,non-essential
yajL,SL1344_0427,2.89304010784557,non-essential
seqA,SL1344_0679,3.42207598115573,non-essential
lolB,SL1344_1706,-6.5,essential
ubiJ,SL1344_3925,3.08423761642224,non-essential
yceI,SL1344_1094,3.31941066851244,non-essential
chbB,SL1344_1247,3.24513664065242,non-essential
NA,SL1344_3047,3.52858323830184,non-essential
bioD,SL1344_0774,3.68855010552681,non-essential
yifE,SL1344_3859,3.19435877992223,non-essential
zapB,SL1344_4037,3.76569567503891,non-essential
yfcL,SL1344_2349,2.63487530530617,non-essential
yaeP,SL1344_0239,3.33541798890727,non-essential
ygdD,SL1344_2961,3.46176408892207,non-essential
rmf,SL1344_1006,2.20490252844335,non-essential
yaiE,SL1344_0386,3.5468065613626,non-essential
csrA,SL1344_2806,0.174375867622168,non-essential
yqcC,SL1344_2946,2.94264205237376,non-essential
yhcB,SL1344_3319,3.87052110611302,non-essential
citE,SL1344_0610,3.18687885625607,non-essential
yciV,SL1344_1653,3.43054155551651,non-essential
pdxY,SL1344_1382,3.23545499700125,non-essential
rsuA,SL1344_2199,3.01958429998835,non-essential
rppH,SL1344_2982,2.92420456989034,non-essential
cysZ,SL1344_2392,3.14627531953352,non-essential
znuA,SL1344_1825,2.30674104842835,non-essential
ftsP,SL1344_3146,3.22901896707122,non-essential
fabR,SL1344_4076,3.38039562551082,non-essential
yfiH,SL1344_2621,3.16237521911182,non-essential
ftsL,SL1344_0121,0.871030729018144,non-essential
slt,SL1344_4509,3.74768304027653,non-essential
ycjF,SL1344_1614,3.22839044543509,non-essential
gpt,SL1344_0313,3.46997411726757,non-essential
kdgK,SL1344_3577,3.43194189158831,non-essential
trmJ,SL1344_2507,2.77093118441084,non-essential
nagK,SL1344_1157,3.33001240535289,non-essential
ynfH,SL1344_1426,4.09977330168804,non-essential
yihY,SL1344_3973,3.12618945120646,non-essential
artJ,SL1344_0863,2.4643481686243,non-essential
NA,SL1344_4288,3.01363128291531,non-essential
ilvY,SL1344_3868,4.07379235636348,non-essential
menE,SL1344_2274,3.4337164353425,non-essential
dusA,SL1344_4179,2.93544784868967,non-essential
ygbK,SL1344_2896,3.34573922543632,non-essential
xthA,SL1344_1237,3.0893904859717,non-essential
nadR,SL1344_4507,3.56048425098739,non-essential
ycbZ,SL1344_1008,3.05219162875472,non-essential
ydeA,SL1344_1452,3.32934214943463,non-essential
ygbJ,SL1344_2897,2.87991188016866,non-essential
potD,SL1344_1159,2.82891454801268,non-essential
pflA,SL1344_0907,3.18672086239406,non-essential
yhjE,SL1344_3574,2.92953286105791,non-essential
fucK,SL1344_2957,3.40248867361012,non-essential
bcr,SL1344_2198,2.9248125446637,non-essential
mukB,SL1344_0931,-5.47132411032294,essential
nth,SL1344_1385,1.80924663501757,non-essential
tyrP,SL1344_1870,2.2961242383101,non-essential
sohB,SL1344_1648,3.11460974313708,non-essential
yaaJ,SL1344_0006,3.22203398157926,non-essential
fliJ,SL1344_1902,2.55546973670019,non-essential
queF,SL1344_2948,3.07102408363025,non-essential
rsmE,SL1344_3069,3.48323186000638,non-essential
hslO,SL1344_3465,3.83008737892486,non-essential
ygbM,SL1344_2894,3.03167978884719,non-essential
dacB,SL1344_3272,3.1649387078626,non-essential
mukE,SL1344_0930,-2.80731097027338,essential
modC,SL1344_0760,3.06740118640088,non-essential
dsbC,SL1344_3019,3.32697024914258,non-essential
NA,SL1344_2514,3.00160792303774,non-essential
glpA,SL1344_2253,2.71661971629004,non-essential
ytfJ,SL1344_4338,3.59126889182336,non-essential
yoaA,SL1344_1750,3.09449900996099,non-essential
pgpB,SL1344_1642,3.06129896147863,non-essential
recQ,SL1344_3912,3.56529124161427,non-essential
yiaM,SL1344_3636,3.25929099527603,non-essential
rarD,SL1344_3909,3.29486659551158,non-essential
NA,SL1344_2966,2.05637826564993,non-essential
yfbV,SL1344_2305,3.26314839537083,non-essential
yeaD,SL1344_1224,3.31899592831286,non-essential
yciU,SL1344_1671,3.01640136559595,non-essential
yfcZ,SL1344_2359,2.99230693735849,non-essential
NA,SL1344_1956,3.43050791331085,non-essential
ftsB,SL1344_2910,0.317198755425054,non-essential
yoaB,SL1344_1751,3.59970993459767,non-essential
aceF,SL1344_0153,0,essential
secE,SL1344_4086,-6.5,essential
recX,SL1344_2808,2.79107190977413,non-essential
cpdB,SL1344_4336,3.17646021328595,non-essential
pitA,SL1344_3554,3.08074596837421,non-essential
thiQ,SL1344_0106,3.48514941956268,non-essential
tehB,SL1344_1538,3.50985053136143,non-essential
mtgA,SL1344_3298,3.36082718841635,non-essential
yohK,SL1344_2159,2.84312352307054,non-essential
hyaC,SL1344_1716,3.65704217386018,non-essential
ybfF,SL1344_0678,2.9701041809575,non-essential
yqfB,SL1344_3026,2.90527386459713,non-essential
cusC,SL1344_0345,2.89758819242042,non-essential
yrdD,SL1344_3370,3.50720262186764,non-essential
yggI,SL1344_3067,3.73923344232063,non-essential
menH,SL1344_2277,2.87648017754228,non-essential
holC,SL1344_4406,2.2250288066585,non-essential
pldB,SL1344_3915,3.79992201204981,non-essential
fucI,SL1344_2956,2.96018978875808,non-essential
dmsD,SL1344_1425,3.24012023851227,non-essential
nrfB,SL1344_4214,4.18127963625086,non-essential
gcvR,SL1344_2453,3.84796956952973,non-essential
fucR,SL1344_2959,3.44227118268376,non-essential
ygiM,SL1344_3176,3.42523527987527,non-essential
nlpC,SL1344_1277,3.30732015118071,non-essential
trmN,SL1344_2606,3.1850365794124,non-essential
NA,SL1344_2582,3.82954335737998,non-essential
fliY,SL1344_1883,2.59209753626721,non-essential
nemR,SL1344_1369,3.63382199573438,non-essential
trkA,SL1344_3376,3.44074109927616,non-essential
thiK,SL1344_1145,4.07862381509825,non-essential
ubiI,SL1344_3032,2.93090787494635,non-essential
NA,SL1344_4150,3.51445338208272,non-essential
fadK,SL1344_1284,3.86338164549226,non-essential
tomB,SL1344_0467,4.48668410435963,non-essential
yacC,SL1344_0168,3.79765949545307,non-essential
yjcE,SL1344_4205,3.10562957965293,non-essential
NA,SL1344_4254,3.27054817588477,non-essential
rsd,SL1344_4104,3.5821144147109,non-essential
rplY,SL1344_2201,-6.5,essential
mdtI,SL1344_1413,3.04762146806036,non-essential
NA,SL1344_2023,3.64147239978813,non-essential
blc,SL1344_4276,3.45052423075269,non-essential
hpf,SL1344_3293,3.14792311242951,non-essential
yjgA,SL1344_4367,2.68562026537596,non-essential
NA,SL1344_3662,2.49423765181208,non-essential
rcdA,SL1344_0845,3.29167576380653,non-essential
NA,SL1344_0344,4.06072840363603,non-essential
ybaY,SL1344_0459,3.61395121592558,non-essential
gshA,SL1344_2803,2.30536529588005,non-essential
NA,SL1344_4144,3.04075865142716,non-essential
yjcH,SL1344_4210,3.32644138743719,non-essential
NA,SL1344_1337,4.30203657986619,non-essential
ybjP,SL1344_0868,3.75039274184162,non-essential
yjbR,SL1344_4187,3.50234178697644,non-essential
NA,SL1344_1974,3.56090556554827,non-essential
rimL,SL1344_1541,3.1311705102035,non-essential
intQ,SL1344_0942,3.3982434843018,non-essential
yjgH,SL1344_1478,3.77225339773833,non-essential
NA,SL1344_2878,4.32498814260233,non-essential
yneG,SL1344_1456,2.24122475654454,non-essential
cptA,SL1344_3022,4.20679652717396,non-essential
uspF,SL1344_1582,2.8642889283574,non-essential
NA,SL1344_1887,3.43445191261818,non-essential
grxC,SL1344_3668,3.05900946359923,non-essential
sugE,SL1344_4275,3.68293945008585,non-essential
yqjE,SL1344_3202,3.61540231755047,non-essential
NA,SL1344_4020,3.48460301612828,non-essential
mdtJ,SL1344_1412,4.11109295532013,non-essential
NA,SL1344_3979,2.92562331763625,non-essential
yceB,SL1344_1101,3.19438128163678,non-essential
yhdN,SL1344_3380,2.96936715711275,non-essential
flhD,SL1344_1860,3.49903585273294,non-essential
yfhG,SL1344_2525,3.54810031112477,non-essential
yjeI,SL1344_4268,3.48754852042702,non-essential
fliL,SL1344_1904,2.76931243152333,non-essential
ytfH,SL1344_4335,3.65439133136737,non-essential
yihI,SL1344_3950,3.24970721395756,non-essential
ygaC,SL1344_2785,3.76801679390821,non-essential
yibL,SL1344_3654,3.48558489128999,non-essential
lsrG,SL1344_4028,3.52767937975985,non-essential
osmE,SL1344_1246,3.1519292601538,non-essential
yeeX,SL1344_2035,2.85337910254827,non-essential
ykgJ,SL1344_1664,3.56016128350476,non-essential
ygjP,SL1344_3194,3.08313775766009,non-essential
ahpF,SL1344_0597,3.28627872244949,non-essential
btuE,SL1344_1275,2.87080232713708,non-essential
yjbQ,SL1344_4186,3.33398181196258,non-essential
pqiC,SL1344_1005,2.98949726712593,non-essential
NA,SL1344_1334,3.1705867680579,non-essential
yejH,SL1344_2200,2.97787229882772,non-essential
NA,SL1344_2667,3.21538905950618,non-essential
ligT,SL1344_0189,3.71683865022545,non-essential
NA,SL1344_2642,3.62539694811999,non-essential
yiiQ,SL1344_4031,3.33883349295374,non-essential
yaeR,SL1344_0236,3.36966565904974,non-essential
yqjF,SL1344_3204,2.59978690462863,non-essential
fucU,SL1344_2958,3.27488776650039,non-essential
mdlA,SL1344_0454,4.1194597974031,non-essential
yeaY,SL1344_1748,2.69357670977143,non-essential
NA,SL1344_1469,3.76192375751068,non-essential
rraB,SL1344_4400,2.30928973079992,non-essential
aaaE,SL1344_1950,4.04020414645228,non-essential
fliH,SL1344_1900,3.21282815173682,non-essential
mug,SL1344_3186,2.50677104333937,non-essential
yjbF,SL1344_4159,3.20006260172355,non-essential
crl,SL1344_0315,3.34532326904483,non-essential
yibF,SL1344_3649,3.33983012832841,non-essential
osmY,SL1344_4489,3.30867118603487,non-essential
yjdM,SL1344_4226,2.70644595060538,non-essential
yehU,SL1344_2137,2.54236525434095,non-essential
chaB,SL1344_1698,3.18560201343708,non-essential
lpoB,SL1344_1144,3.85559716168949,non-essential
smrA,SL1344_1589,3.77318372107815,non-essential
mscL,SL1344_3377,4.13470729215805,non-essential
yciI,SL1344_1669,3.08453435715172,non-essential
NA,SL1344_3093,3.31209322116179,non-essential
yggX,SL1344_3086,3.52900548051562,non-essential
apaG,SL1344_0090,3.36635445319856,non-essential
ygbI,SL1344_2898,2.3289483522041,non-essential
raiA,SL1344_2624,3.5916611245376,non-essential
ybbJ,SL1344_0493,3.44153643685448,non-essential
yodB,SL1344_1189,4.30655187342545,non-essential
grcA,SL1344_2610,1.91771289169233,non-essential
emtA,SL1344_1727,3.07712254167575,non-essential
yebZ,SL1344_1808,3.33756511731195,non-essential
cybB,SL1344_1569,3.51820989307061,non-essential
mglA,SL1344_2166,3.7901145552922,non-essential
NA,SL1344_2223,3.88650380835968,non-essential
flgB,SL1344_1111,3.24616500666182,non-essential
NA,SL1344_3800,2.62632042523697,non-essential
NA,SL1344_2242,3.73586396457405,non-essential
gstB,SL1344_0838,2.55955764195245,non-essential
tatB,SL1344_3928,3.16298258506787,non-essential
ydcN,SL1344_1535,2.96227440662932,non-essential
NA,SL1344_2677,3.36297950908047,non-essential
NA,SL1344_4147,4.03226105131403,non-essential
ibpB,SL1344_3775,3.6302088742066,non-essential
yohJ,SL1344_2158,2.75565360946428,non-essential
syd,SL1344_2947,2.50599127244055,non-essential
zapA,SL1344_3036,3.51284945577214,non-essential
NA,SL1344_0958,4.01094899463356,non-essential
sixA,SL1344_2356,3.44200130060786,non-essential
NA,SL1344_1787,3.34810658268168,non-essential
NA,SL1344_1332,4.19641866774995,non-essential
yfhR,SL1344_2509,3.9610133893671,non-essential
secM,SL1344_0135,1.17663285356099,non-essential
NA,SL1344_0981,4.12202507076764,non-essential
NA,SL1344_3334,3.92291182343609,non-essential
NA,SL1344_2223D,4.17322688330525,non-essential
ybjM,SL1344_0847,3.67454140250914,non-essential
NA,SL1344_2022,3.62370584263348,non-essential
NA,SL1344_3737,3.31905422761947,non-essential
flhE,SL1344_1847,2.86584873849632,non-essential
yheV,SL1344_3423,3.68125401150546,non-essential
NA,SL1344_2312,4.16905677328956,non-essential
yhcN,SL1344_3333,3.02692008399297,non-essential
dcp,SL1344_1442,2.92891244303983,non-essential
yecF,SL1344_1878,4.00597060895043,non-essential
NA,SL1344_1948,3.86650712888274,non-essential
ybgC,SL1344_0726,2.94984027829162,non-essential
wzxC,SL1344_2079,3.18772210140861,non-essential
NA,SL1344_0989,3.97176079945392,non-essential
NA,SL1344_1327,2.39189792370023,non-essential
arnE,SL1344_2271,3.25542993794931,non-essential
yaiA,SL1344_0384,3.20135879252573,non-essential
ygbE,SL1344_2911,3.33095358353019,non-essential
prpB,SL1344_0363,3.19799961706444,non-essential
mlaB,SL1344_3281,4.10657607335363,non-essential
rzpR,SL1344_1955,3.51365258967446,non-essential
ybjO,SL1344_0858,3.84395912257422,non-essential
eamB,SL1344_2609,3.30511762184377,non-essential
NA,SL1344_2686,3.70086753570536,non-essential
feoA,SL1344_3472,3.94006136300487,non-essential
holE,SL1344_1810,3.31983332910779,non-essential
mzrA,SL1344_3200,3.47848006256368,non-essential
NA,SL1344_4258,3.09605032262611,non-essential
yhfG,SL1344_3438,4.11718791338746,non-essential
ecnB,SL1344_4273,4.59762362219461,non-essential
yfgG,SL1344_2468,3.16601855644454,non-essential
NA,SL1344_2670,3.96715791410795,non-essential
NA,SL1344_1340,3.83528738564939,non-essential
yebO,SL1344_1768,3.11360861232466,non-essential
yqeI,SL1344_3725,3.8514534385661,non-essential
yraR,SL1344_3241,3.90225360191893,non-essential
NA,SL1344_0703,-0.418533474760215,essential
uxaC,SL1344_3111,3.16603478964914,non-essential
yeaE,SL1344_1223,3.17009533563264,non-essential
cydX,SL1344_0724,1.43346265535891,non-essential
flgN,SL1344_1108,3.55341459949427,non-essential
alkA,SL1344_2101,2.85681339914034,non-essential
gpr,SL1344_2374,2.74991504900907,non-essential
tas,SL1344_2986,3.36405602936495,non-essential
mreD,SL1344_3344,-0.201591720948962,essential
NA,SL1344_1347,3.96327112920056,non-essential
NA,SL1344_2740,3.0183780237119,non-essential
cnu,SL1344_1393,2.58355420352911,non-essential
ybgE,SL1344_0725,2.56333539229673,non-essential
NA,SL1344_2206,2.25747538601533,non-essential
bssS,SL1344_1098,4.94626110320519,non-essential
yibN,SL1344_3669,3.37771734872912,non-essential
atpI,SL1344_3839,3.16051513075518,non-essential
ydgK,SL1344_1392,2.91928400165368,non-essential
NA,SL1344_2671,3.09347204336578,non-essential
yejG,SL1344_2197,2.77664826746497,non-essential
cutA,SL1344_4261,3.60697782248828,non-essential
yhhL,SL1344_3538,2.67979719473065,non-essential
hha,SL1344_0466,3.48201152322406,non-essential
lsrK,SL1344_4021,3.42201625069564,non-essential
rof,SL1344_0238,3.43342005384408,non-essential
NA,SL1344_2679,3.37976718610832,non-essential
NA,SL1344_2870,3.39830028609095,non-essential
yajI,SL1344_0408,3.22218061133244,non-essential
ppdD,SL1344_0144,4.34598258708416,non-essential
csdE,SL1344_2965,2.69407465019401,non-essential
ubiC,SL1344_4170,3.25334186482344,non-essential
yobD,SL1344_1762,3.88721226395724,non-essential
ybiI,SL1344_0800,2.31608296769399,non-essential
NA,SL1344_2868,4.18948101131151,non-essential
aaeB,SL1344_3336,3.35444491186085,non-essential
NA,SL1344_2874,4.47341776171567,non-essential
sfsB,SL1344_3278,3.29505053480121,non-essential
yfiM,SL1344_2617,2.70483723743266,non-essential
yjbJ,SL1344_4176,2.72319382079165,non-essential
NA,SL1344_3094,3.69917819752028,non-essential
zipA,SL1344_2391,-6.5,essential
fliS,SL1344_1890,2.15909871809768,non-essential
ycgL,SL1344_1741,3.43992188509493,non-essential
NA,SL1344_2590,2.93284578371619,non-essential
ychH,SL1344_1710,2.80445501405583,non-essential
NA,SL1344_1549,3.92035930205301,non-essential
NA,SL1344_1952,3.86782937331466,non-essential
yeaC,SL1344_1227,3.20253404941611,non-essential
ygeG,SL1344_2865,3.94982346431578,non-essential
NA,SL1344_1354,2.7736106066924,non-essential
yccX,SL1344_1023,3.42074819388945,non-essential
NA,SL1344_1059,3.17391852798533,non-essential
yacG,SL1344_0138,2.18620165456901,non-essential
emrE,SL1344_1583,4.12511714134098,non-essential
bhsA,SL1344_1151,3.51455375903288,non-essential
NA,SL1344_1336,3.42978417524473,non-essential
yccJ,SL1344_1057,3.52615075347425,non-essential
NA,SL1344_2665,3.02910977190135,non-essential
NA,SL1344_4467,3.68079458959778,non-essential
NA,SL1344_0966,3.66269804769182,non-essential
NA,SL1344_2576,3.74780975651006,non-essential
NA,SL1344_1335,4.76933579002577,non-essential
opgG,SL1344_1087,3.11378494284064,non-essential
NA,SL1344_2761,3.46260525515105,non-essential
yedD,SL1344_1893,3.22909001835928,non-essential
ydjA,SL1344_1231,3.30642482617989,non-essential
csiR,SL1344_2778,3.2842477035844,non-essential
wzb,SL1344_2094,2.57693079636717,non-essential
yjbD,SL1344_4129,3.00468881993798,non-essential
yjaB,SL1344_4116,0.831487332220572,non-essential
panM,SL1344_3531,2.77666508640376,non-essential
moaD,SL1344_0781,2.60811403797329,non-essential
NA,SL1344_1443,3.52839855458157,non-essential
NA,SL1344_0968,3.44951455052946,non-essential
NA,SL1344_1801,4.00003151676993,non-essential
yfdK,SL1344_2209,3.40443708808525,non-essential
ydeI,SL1344_1445,3.06930906835884,non-essential
yebV,SL1344_1780,2.01282278732336,non-essential
NA,SL1344_1573,3.99568924418423,non-essential
NA,SL1344_4378,3.50669436184743,non-essential
pspB,SL1344_1619,3.36773024758502,non-essential
cybC,SL1344_4369,4.08618094314683,non-essential
ytfK,SL1344_4339,4.29565722909623,non-essential
argO,SL1344_3042,2.72555340191074,non-essential
NA,SL1344_0340,2.27993673684622,non-essential
NA,SL1344_3744,3.29578994486357,non-essential
rplW,SL1344_3405,-6.5,essential
ydhJ,SL1344_1374,3.15341110705271,non-essential
hypF,SL1344_2822,3.4710848611638,non-essential
NA,SL1344_0531,3.4740214481645,non-essential
NA,SL1344_2069,3.7688184201942,non-essential
yncE,SL1344_1517,2.94831918143143,non-essential
dcuA,SL1344_4262,3.64787926563791,non-essential
NA,SL1344_3732,3.30740862878218,non-essential
nuoJ,SL1344_2289,2.66663592500922,non-essential
yggS,SL1344_3075,2.79397472616931,non-essential
nrdR,SL1344_0409,3.5462209714455,non-essential
accC,SL1344_3353,-3.8851210688393,essential
entS,SL1344_0581,3.36734755685577,non-essential
accA,SL1344_0233,-6.5,essential
glpB,SL1344_2254,2.49715746459753,non-essential
exbB,SL1344_3133,2.98617658132563,non-essential
NA,SL1344_3500,4.35532461599462,non-essential
NA,SL1344_1263,4.18045954058296,non-essential
emrD,SL1344_3766,3.47076614386076,non-essential
ffh,SL1344_2650,-3.61280130285898,essential
flk,SL1344_2340,2.90283403356639,non-essential
fnr,SL1344_1591,3.1155105345094,non-essential
yecM,SL1344_1843,3.37701453551186,non-essential
priC,SL1344_0474,2.78738562773813,non-essential
soxR,SL1344_4202,3.32703455006056,non-essential
leuA,SL1344_0113,3.60309686318346,non-essential
mfd,SL1344_1153,3.91208159255506,non-essential
pgpC,SL1344_2531,3.06739561904072,non-essential
ygbL,SL1344_2895,3.66075143947088,non-essential
NA,SL1344_3525,3.59972076058126,non-essential
NA,SL1344_1422,3.26473675500191,non-essential
ybiU,SL1344_0817,3.25381465330068,non-essential
NA,SL1344_2007,3.03116303712397,non-essential
NA,SL1344_1116,3.71420596116433,non-essential
rpoA,SL1344_3382,-2.57954189982508,essential
NA,SL1344_2770,3.13524408372322,non-essential
ydcL,SL1344_1537,3.51699716361924,non-essential
yjeM,SL1344_4282,4.01362835920733,non-essential
iclR,SL1344_4122,3.05392751549529,non-essential
NA,SL1344_2477,4.23272812222925,non-essential
yfiF,SL1344_2612,3.38390230644118,non-essential
mrcB,SL1344_0191,3.982214625428,non-essential
wcaN,SL1344_2075,3.13840810149825,non-essential
NA,SL1344_0972,4.07847160644335,non-essential
NA,SL1344_2718,3.05517253967515,non-essential
NA,SL1344_1054,3.15244383773559,non-essential
truA,SL1344_2337,3.15761720076811,non-essential
NA,SL1344_1627,2.21894825822924,non-essential
NA,SL1344_2572,3.03470446392169,non-essential
norV,SL1344_2820,3.29335117709907,non-essential
yfiE,SL1344_2608,3.10295303843336,non-essential
yicL,SL1344_3730,3.57621532702119,non-essential
NA,SL1344_0776,3.95476751385694,non-essential
rihC,SL1344_0052,3.5966610741835,non-essential
tag,SL1344_3608,3.04822745047186,non-essential
NA,SL1344_4465,2.89836397426745,non-essential
yhjD,SL1344_3573,2.36661982477491,non-essential
NA,SL1344_2867,4.18359026816991,non-essential
yiaN,SL1344_3637,3.21078785489993,non-essential
trpD,SL1344_1655,3.69867212462575,non-essential
rodZ,SL1344_2486,3.00885943201154,non-essential
NA,SL1344_3005,3.3144542796006,non-essential
recA,SL1344_2809,2.89120084334915,non-essential
ybgS,SL1344_0736,4.26994378828615,non-essential
yfeX,SL1344_2409,2.97711621698148,non-essential
NA,SL1344_3098,3.6750011230547,non-essential
hofQ,SL1344_3455,3.23626718814303,non-essential
NA,SL1344_3934,3.6963033679662,non-essential
mnmE,SL1344_3810,2.4755753368481,non-essential
NA,SL1344_4360,3.236798384129,non-essential
NA,SL1344_3616,3.68463197662697,non-essential
NA,SL1344_1560,-6.5,essential
ybiH,SL1344_0795,3.56771408202552,non-essential
rspR,SL1344_1440,2.98964596858918,non-essential
yrdA,SL1344_3366,3.51718593016647,non-essential
ynfO,SL1344_1031,3.35802349671204,non-essential
glsB,SL1344_1455,2.95764384750708,non-essential
cyaY,SL1344_3898,3.48872844443586,non-essential
eutB,SL1344_2421,4.0918119016351,non-essential
mlc,SL1344_1418,3.0642177210967,non-essential
mtr,SL1344_3252,2.07199759629664,non-essential
NA,SL1344_1559,3.25263385934673,non-essential
NA,SL1344_2597,3.50246064629277,non-essential
caiT,SL1344_0075,3.76220990885856,non-essential
prpD,SL1344_0365,3.56487611332973,non-essential
rihA,SL1344_0650,3.15982413898109,non-essential
NA,SL1344_0282,4.01258487086851,non-essential
pepP,SL1344_3034,3.01745179474061,non-essential
potB,SL1344_1162,3.13743547978253,non-essential
bacA,SL1344_3178,3.15186899445386,non-essential
NA,SL1344_4436,3.66855115669058,non-essential
hypD,SL1344_2837,3.05498141864961,non-essential
dsdA,SL1344_3770,3.23100918796324,non-essential
ccmH,SL1344_3779,3.65206955174374,non-essential
srlR,SL1344_2817,3.39640321568963,non-essential
yfiN,SL1344_2630,3.77087171138533,non-essential
rhmR,SL1344_2261,4.2845603434481,non-essential
nanT,SL1344_3310,3.65065956837021,non-essential
NA,SL1344_3494,2.83898864222505,non-essential
yeaN,SL1344_1214,3.21503550400329,non-essential
aceA,SL1344_4119,2.65816933499112,non-essential
yebS,SL1344_1777,3.24769023395792,non-essential
yggN,SL1344_3082,3.7505494069815,non-essential
dfp,SL1344_3696,-6.5,essential
dinG,SL1344_0797,3.40462923342427,non-essential
ydhP,SL1344_0252,2.57031949197393,non-essential
yecE,SL1344_1838,3.22472741675776,non-essential
NA,SL1344_0281,3.04614452055381,non-essential
NA,SL1344_3644,3.37348434153773,non-essential
yfaD,SL1344_3475,4.07252692959035,non-essential
rfaH,SL1344_3931,3.24419409047214,non-essential
rimJ,SL1344_1104,3.50026561752735,non-essential
otsB,SL1344_1863,3.34478595314649,non-essential
yheS,SL1344_3426,4.26084142853205,non-essential
yibQ,SL1344_3672,2.97948086051746,non-essential
hemX,SL1344_3891,2.58182536579651,non-essential
wzzE,SL1344_3878,3.67676746508759,non-essential
mdfA,SL1344_0842,3.34713696609973,non-essential
NA,SL1344_4001,3.12875680205186,non-essential
kdpC,SL1344_0686,3.64130040889883,non-essential
NA,SL1344_2854,3.64652831301736,non-essential
sbcC,SL1344_0390,3.13988361929401,non-essential
yciC,SL1344_1665,3.59411056247462,non-essential
NA,SL1344_2841,2.67908246629505,non-essential
ybaP,SL1344_0489,3.21315851880232,non-essential
NA,SL1344_0051,3.55533907821598,non-essential
mlaF,SL1344_3285,3.82243256888046,non-essential
NA,SL1344_0303,4.61686618477595,non-essential
fic,SL1344_3437,4.18255663632361,non-essential
hemH,SL1344_0482,-3.11895898393982,essential
pphA,SL1344_1782,2.51807630464574,non-essential
exoX,SL1344_1812,3.88296652353942,non-essential
NA,SL1344_0420,3.7694685057931,non-essential
ogrK,SL1344_2645,2.46757248816665,non-essential
yijF,SL1344_4057,3.56333723813855,non-essential
degS,SL1344_3321,4.02943087172877,non-essential
NA,SL1344_2065,-0.254878757289731,essential
ispG,SL1344_2485,-6.5,essential
rsmC,SL1344_4484,3.3021154556973,non-essential
fdhE,SL1344_3981,3.75931515280058,non-essential
yqiA,SL1344_3156,3.3933150706895,non-essential
thrS,SL1344_1267,-3.79179985681656,essential
ptrB,SL1344_1813,3.50211115341912,non-essential
flgH,SL1344_1117,3.61446582813205,non-essential
NA,SL1344_1930,4.29290421638332,non-essential
yodC,SL1344_1916,3.40380789271054,non-essential
NA,SL1344_1979,1.89572233841952,non-essential
NA,SL1344_0030,0.684272417608112,non-essential
yqeF,SL1344_2997,2.91854577892934,non-essential
ycaO,SL1344_0912,3.06651792521599,non-essential
potA,SL1344_1163,3.04577213066716,non-essential
rlmJ,SL1344_3561,3.20832866145904,non-essential
atpA,SL1344_3834,2.99383583631346,non-essential
NA,SL1344_3735,3.41714487114639,non-essential
yqfA,SL1344_3025,3.23901552508131,non-essential
ygiF,SL1344_3175,3.38476802878245,non-essential
fbp,SL1344_4348,2.97949067517183,non-essential
NA,SL1344_2550,3.27633876569393,non-essential
yqhC,SL1344_3137,2.8359636021487,non-essential
srlM,SL1344_2816,2.86332445354058,non-essential
mtlR,SL1344_3652,3.03432995760142,non-essential
yrfG,SL1344_3463,3.96502522419525,non-essential
menF,SL1344_2279,3.68425035493475,non-essential
yedV,SL1344_1034,3.6691358088559,non-essential
apt,SL1344_0476,3.14858738404874,non-essential
clpS,SL1344_0883,2.83537452523769,non-essential
yhbQ,SL1344_3244,3.93107962265505,non-essential
glpF,SL1344_4036,3.30005561611338,non-essential
araB,SL1344_0103,3.49161377248175,non-essential
NA,SL1344_2741,3.5738222912468,non-essential
yagE,SL1344_3499,4.58158909834209,non-essential
ygiL,SL1344_3008,3.19902485098291,non-essential
NA,SL1344_1949,4.10399730069159,non-essential
NA,SL1344_1962,2.52913788033275,non-essential
infA,SL1344_0891,-6.5,essential
def,SL1344_3373,-2.61421011701467,essential
mltC,SL1344_3087,3.71985399827651,non-essential
flhA,SL1344_1848,3.15664657429963,non-essential
NA,SL1344_0764,3.57212042758337,non-essential
yfcR,SL1344_0199,3.97436802494756,non-essential
NA,SL1344_0426,3.35602399640551,non-essential
lldD,SL1344_3659,3.56091985399995,non-essential
yqgB,SL1344_3063,3.11887803287838,non-essential
fruK,SL1344_2182,2.4055116745235,non-essential
rph,SL1344_3700,3.49815806513304,non-essential
yicJ,SL1344_3716,2.95891970785074,non-essential
NA,SL1344_2244,2.40897436768206,non-essential
NA,SL1344_0058,3.65164642804329,non-essential
NA,SL1344_4051,4.03882663093065,non-essential
NA,SL1344_0404,3.24105708139098,non-essential
hspQ,SL1344_1019,3.49576461819056,non-essential
fsr,SL1344_0486,3.17759686365704,non-essential
NA,SL1344_0283,3.73964100511237,non-essential
yjcC,SL1344_4200,4.13786126300481,non-essential
NA,SL1344_1937,3.80096370856139,non-essential
ybhL,SL1344_0783,4.06925720266429,non-essential
aldB,SL1344_3645,3.31182956720037,non-essential
NA,SL1344_2860,3.95319822232621,non-essential
NA,SL1344_1481,3.05961360657456,non-essential
NA,SL1344_0329,3.25303078659064,non-essential
mutT,SL1344_0137,3.02032786789781,non-essential
cysI,SL1344_2926,2.67406900581009,non-essential
ybeF,SL1344_0622,3.52618906135567,non-essential
ydcF,SL1344_1570,2.46131260120224,non-essential
yneO,SL1344_2474,3.72049248027919,non-essential
eptC,SL1344_4068,3.93719894207084,non-essential
NA,SL1344_1485,3.04214068691236,non-essential
fliZ,SL1344_1884,2.92559544476806,non-essential
yhcD,SL1344_4499,3.62702476978852,non-essential
yeiW,SL1344_2187,3.08379753961235,non-essential
ydiE,SL1344_1280,3.61800879861347,non-essential
yncD,SL1344_1518,2.94381381361405,non-essential
NA,SL1344_1873,3.78281631742602,non-essential
tdcG,SL1344_3212,3.25296537624018,non-essential
yfbT,SL1344_2303,3.29756745768416,non-essential
ygaU,SL1344_2779,4.24479982970304,non-essential
NA,SL1344_2631,2.7815028093204,non-essential
yjfP,SL1344_4313,3.71528108636271,non-essential
dapD,SL1344_0214,-6.5,essential
fdoG,SL1344_3984,3.57997313354923,non-essential
NA,SL1344_3250,3.06766633787975,non-essential
NA,SL1344_0835,3.82458480009749,non-essential
yfdP,SL1344_1968,2.77086942984961,non-essential
bdcA,SL1344_1605,2.76585819688579,non-essential
idnR,SL1344_4411,3.2906035658364,non-essential
higB,SL1344_3977,3.59336353786783,non-essential
rcnR,SL1344_3001,3.89840585201127,non-essential
eda,SL1344_1818,2.79737989907659,non-essential
dctA,SL1344_3579,3.5401828209381,non-essential
dcuS,SL1344_4241,3.6758624754727,non-essential
ygaP,SL1344_2782,3.68966647016293,non-essential
NA,SL1344_1688,3.14983743457813,non-essential
NA,SL1344_0702,0.0904268902159653,non-essential
purM,SL1344_2462,2.74371934610434,non-essential
NA,SL1344_1224A,3.17536571702127,non-essential
napF,SL1344_2231,3.05558283925939,non-essential
NA,SL1344_1349,3.62525090987178,non-essential
NA,SL1344_4419,3.35185030129265,non-essential
menB,SL1344_2276,3.21233194543368,non-essential
rpmC,SL1344_3399,-1.2354422278804,essential
cheB,SL1344_1852,2.71269639080266,non-essential
NA,SL1344_3073,3.61874012237012,non-essential
yiiD,SL1344_3975,3.49999938258451,non-essential
metR,SL1344_3918,3.83988356102073,non-essential
yajG,SL1344_0439,3.46636318863625,non-essential
NA,SL1344_2470,3.52200205161027,non-essential
NA,SL1344_0543,4.02230175811684,non-essential
NA,SL1344_4193,0.338351011989318,non-essential
dppF,SL1344_3592,3.0782711000517,non-essential
adiA,SL1344_4233,3.43363150532814,non-essential
NA,SL1344_1344,4.42696334640089,non-essential
NA,SL1344_2936,0.0397358927114873,non-essential
NA,SL1344_1033,3.85404649246635,non-essential
hldD,SL1344_3676,1.72928702390695,non-essential
glpQ,SL1344_2251,3.91526990242918,non-essential
marR,SL1344_1450,3.40418486315394,non-essential
NA,SL1344_3813,-1.40063683187129,essential
yhaK,SL1344_3208,3.65302123274094,non-essential
yojI,SL1344_2233,3.18608064194385,non-essential
dgoA,SL1344_3795,3.33332097828563,non-essential
nfsA,SL1344_0850,2.93713302037147,non-essential
blr,SL1344_1393A,3.45621303842672,non-essential
NA,SL1344_4422,2.44284665001759,non-essential
yadI,SL1344_0179,3.28312803229125,non-essential
yoaH,SL1344_1752,3.88067865879081,non-essential
pncA,SL1344_1228,3.22002157059481,non-essential
ybdF,SL1344_0567,3.78213124502968,non-essential
NA,SL1344_2709,2.95577984800418,non-essential
NA,SL1344_2661,3.73950809971712,non-essential
polB,SL1344_0098,3.1078898196769,non-essential
hcr,SL1344_0875,3.70603415702394,non-essential
pal,SL1344_0731,3.05822777103062,non-essential
thiG,SL1344_4099,3.4050249906425,non-essential
rluE,SL1344_1175,2.76265191824493,non-essential
atpB,SL1344_3838,2.42986920849827,non-essential
folD,SL1344_0535,-3.00817524687266,essential
ruvA,SL1344_1829,3.04859130970273,non-essential
napH,SL1344_2227,2.66808023298316,non-essential
yceF,SL1344_1126,3.41238142394124,non-essential
NA,SL1344_4420,3.32966095185668,non-essential
NA,SL1344_2768,3.14163740699465,non-essential
ldtE,SL1344_1309,3.33277744725706,non-essential
wcaG,SL1344_2085,3.55079093737603,non-essential
ycgX,SL1344_1785,1.47540915794226,non-essential
insQ,SL1344_2563,3.61971428776953,non-essential
yidK,SL1344_1066,4.06142444195737,non-essential
ybhC,SL1344_0763,3.71273860036633,non-essential
NA,SL1344_2681,3.2683313999343,non-essential
NA,SL1344_1185,5.02826692331699,non-essential
cpdA,SL1344_3157,3.22715430537129,non-essential
NA,SL1344_3720,3.26363064504215,non-essential
yjjB,SL1344_4476,3.11189818193808,non-essential
NA,SL1344_0562,3.20862585230938,non-essential
arnD,SL1344_2269,3.90071240687413,non-essential
NA,SL1344_2577,4.53460884953881,non-essential
yhhT,SL1344_3547,2.8793854234359,non-essential
NA,SL1344_2002,3.53263039751806,non-essential
cheZ,SL1344_1850,3.27492583777982,non-essential
NA,SL1344_4366,3.4665835458768,non-essential
topB,SL1344_1233,3.1689009846734,non-essential
NA,SL1344_0642,4.44144428390091,non-essential
mutH,SL1344_2983,3.4134194314816,non-essential
NA,SL1344_0513,4.41572854776302,non-essential
NA,SL1344_4178,3.0095010360063,non-essential
NA,SL1344_2664,2.4892950045705,non-essential
NA,SL1344_2175,3.65072191299371,non-essential
leuO,SL1344_0115,4.24407591851351,non-essential
NA,SL1344_0300,2.35136594753709,non-essential
NA,SL1344_2041,2.5726105955729,non-essential
NA,SL1344_1465,2.71969158191933,non-essential
yihT,SL1344_3968,2.80739692171583,non-essential
flgA,SL1344_1110,3.72466606141915,non-essential
pphB,SL1344_2886,3.46977701771378,non-essential
NA,SL1344_4423,3.36060702738233,non-essential
fkpB,SL1344_0049,2.82534177866519,non-essential
yadG,SL1344_0173,3.53878698607484,non-essential
NA,SL1344_0765,3.84401927718664,non-essential
NA,SL1344_4052,3.70590511228062,non-essential
yedE,SL1344_1894,2.89844162444263,non-essential
clpB,SL1344_2620,3.53955440317602,non-essential
hemC,SL1344_3893,-3.75964579253544,essential
folE,SL1344_2170,-6.5,essential
ygjR,SL1344_3196,3.23319321762167,non-essential
NA,SL1344_2876,4.57412533718847,non-essential
mepS,SL1344_2191,3.54522594323311,non-essential
rplM,SL1344_3317,-2.30285575093954,essential
msrC,SL1344_1776,3.05273152996256,non-essential
yceM,SL1344_1106,3.83062912245428,non-essential
citD,SL1344_0611,3.07082099400665,non-essential
NA,SL1344_4345,4.11885998539829,non-essential
NA,SL1344_1927A,2.35772645238173,non-essential
ygaV,SL1344_2781,3.53147120070887,non-essential
ppdC,SL1344_2975,2.9511033347168,non-essential
murD,SL1344_0126,-6.5,essential
flgD,SL1344_1113,3.58446193201406,non-essential
pykA,SL1344_1822,3.0688750595243,non-essential
recD,SL1344_2971,3.02041658210127,non-essential
gdhA,SL1344_1234,3.06488507719794,non-essential
nfo,SL1344_2180,2.80551856306919,non-essential
kdpE,SL1344_0684,3.1982859487492,non-essential
pspA,SL1344_1620,3.09936986581194,non-essential
NA,SL1344_4148,3.86772098652163,non-essential
NA,SL1344_2399,2.99917770901214,non-essential
NA,SL1344_0674,3.16551305918533,non-essential
yggR,SL1344_3074,3.18023282763589,non-essential
NA,SL1344_2028,3.66674740413259,non-essential
NA,SL1344_3322,4.03380843119248,non-essential
NA,SL1344_4155,3.05709078451159,non-essential
glk,SL1344_2371,2.51786767940127,non-essential
tpx,SL1344_1612,3.98327165923056,non-essential
slyA,SL1344_1376,2.51551749599767,non-essential
rpsD,SL1344_3383,-1.9080421447168,essential
fliR,SL1344_1910,3.2857164623539,non-essential
nanA,SL1344_3311,3.59789690551057,non-essential
NA,SL1344_1980,0.92156943130602,non-essential
NA,SL1344_2663,3.26425711805131,non-essential
NA,SL1344_0268,2.74868866877722,non-essential
NA,SL1344_2668,3.44675339813112,non-essential
yjjX,SL1344_4511,3.16313027231651,non-essential
NA,SL1344_0558,3.56726612954341,non-essential
yajR,SL1344_0430,2.95765732227876,non-essential
cbdB,SL1344_1721,3.40282833740246,non-essential
NA,SL1344_0986,4.06861221266427,non-essential
nei,SL1344_0710,3.55082276611402,non-essential
NA,SL1344_0890,3.1159143015705,non-essential
pyrC,SL1344_1100,3.30647974525201,non-essential
oppF,SL1344_1673,3.16460943003186,non-essential
amiD,SL1344_0870,3.40863838772503,non-essential
tsx,SL1344_0407,3.09374653196695,non-essential
yfbS,SL1344_2302,2.96751953219856,non-essential
rplS,SL1344_2646,1.51982999360825,non-essential
maeA,SL1344_1496,2.8737468201066,non-essential
ugd,SL1344_2057,3.05604989013845,non-essential
tatE,SL1344_0620,3.1746020465991,non-essential
sdiA,SL1344_1879,3.97104707513407,non-essential
hldE,SL1344_3173,1.77301211700408,non-essential
rseA,SL1344_2603,3.04770918824693,non-essential
yaaU,SL1344_0080,3.40341169691302,non-essential
NA,SL1344_0502,3.12750029257678,non-essential
cysN,SL1344_2913,3.20216619969075,non-essential
NA,SL1344_0713,3.12975533312782,non-essential
sgrT,SL1344_0109A,2.78387685345727,non-essential
NA,SL1344_3734,2.92427680418835,non-essential
tdcC,SL1344_3215,3.30440440968066,non-essential
lpoA,SL1344_3237,3.85788871396663,non-essential
NA,SL1344_0814,3.98202214826912,non-essential
ycfL,SL1344_1143,3.58622670006666,non-essential
NA,SL1344_0064,3.32866698691053,non-essential
proP,SL1344_4227,3.15415082296641,non-essential
ymdB,SL1344_1084,2.96736060058477,non-essential
NA,SL1344_1329,4.30340779513858,non-essential
mdtK,SL1344_1357,3.05242836346937,non-essential
relE,SL1344_4380,3.23150850760228,non-essential
glxK,SL1344_0518,3.06439354378403,non-essential
NA,SL1344_1179,2.60558977898606,non-essential
NA,SL1344_1516,3.48593824337288,non-essential
NA,SL1344_1524,2.45139330095428,non-essential
fieF,SL1344_4010,3.59014636543672,non-essential
fliQ,SL1344_1909,2.60585080147172,non-essential
NA,SL1344_0965,4.47431251396656,non-essential
bdcR,SL1344_1604,2.56985420983899,non-essential
dcuC,SL1344_0615,3.44046779224223,non-essential
NA,SL1344_4223,2.83734497832227,non-essential
ltaE,SL1344_0873,3.99823654012587,non-essential
yciB,SL1344_1666,3.61396409342151,non-essential
hupB,SL1344_0445,2.89080024011828,non-essential
yieP,SL1344_3857,2.99191024527387,non-essential
sfsA,SL1344_0188,3.71368622161968,non-essential
wrbA,SL1344_1058,3.67097117519032,non-essential
hypT,SL1344_4442,3.10862410817186,non-essential
NA,SL1344_2569,3.82782226114896,non-essential
groS,SL1344_4266,-6.5,essential
ycbV,SL1344_0026,3.02742417318182,non-essential
selA,SL1344_3648,2.91890098776075,non-essential
ynfC,SL1344_1431,2.78780659893759,non-essential
yjcO,SL1344_4220,3.1811610864791,non-essential
nadB,SL1344_2605,3.57977382378663,non-essential
yjhB,SL1344_1070,4.17301197945196,non-essential
ycbX,SL1344_1000,2.85305915174097,non-essential
frlR,SL1344_3567,2.44378786426227,non-essential
NA,SL1344_2998,3.07422041056072,non-essential
yciZ,SL1344_1635,4.12259544746553,non-essential
narU,SL1344_1507,2.99758663711438,non-essential
NA,SL1344_2211,2.82625144694011,non-essential
djlA,SL1344_0095,3.37106916039446,non-essential
ygdI,SL1344_2963,3.90812173802924,non-essential
kgtP,SL1344_2618,1.54272985592491,non-essential
rpsR,SL1344_4326,-6.5,essential
csiE,SL1344_2515,3.23214417346425,non-essential
NA,SL1344_1927B,4.27657391119351,non-essential
cyoB,SL1344_0436,3.17270122951876,non-essential
napG,SL1344_2228,2.48157005213591,non-essential
artQ,SL1344_0865,3.35866458855006,non-essential
upp,SL1344_2461,3.19758641910586,non-essential
NA,SL1344_2690,3.53779927521169,non-essential
yddG,SL1344_1502,4.26188697126861,non-essential
artM,SL1344_0864,3.47823652987,non-essential
cho,SL1344_1244,3.30312027980902,non-essential
helD,SL1344_1015,3.08569392329084,non-essential
NA,SL1344_3064,1.70781320793041,non-essential
mreC,SL1344_3345,-1.03518394811958,essential
frsA,SL1344_0314,3.35315121692109,non-essential
pyrH,SL1344_0219,-6.5,essential
ycfH,SL1344_1139,3.15228338263584,non-essential
yecR,SL1344_1867,3.98396201766153,non-essential
gloB,SL1344_0256,2.5473829953021,non-essential
cheY,SL1344_1851,2.87227031550743,non-essential
NA,SL1344_0947,2.7992909953591,non-essential
cdsA,SL1344_0223,-3.03023628878247,essential
sbmA,SL1344_0371,3.39476444252304,non-essential
yghA,SL1344_3131,2.67292773592948,non-essential
yfbU,SL1344_2304,3.48120214100953,non-essential
exuR,SL1344_4437,3.40651871236429,non-essential
ulaC,SL1344_4318,3.58848381377047,non-essential
yicC,SL1344_3701,2.86062716780901,non-essential
NA,SL1344_2310,3.14275832044823,non-essential
NA,SL1344_2824,2.79597597357953,non-essential
ftsZ,SL1344_0133,-3.57016053646919,essential
murG,SL1344_0128,-3.46920370224609,essential
yccU,SL1344_1018,3.22037763350168,non-essential
hns,SL1344_1682,-0.560748180041664,essential
NA,SL1344_0979,4.03590610833923,non-essential
rraA,SL1344_4038,3.09778421989023,non-essential
mtfA,SL1344_1977,2.79426920186758,non-essential
ytfB,SL1344_4329,3.51498505271536,non-essential
NA,SL1344_3686,1.25719671007828,non-essential
chaA,SL1344_1699,3.40656624195241,non-essential
NA,SL1344_1997,3.0724321713025,non-essential
NA,SL1344_4439,3.14778108631621,non-essential
NA,SL1344_0323,3.32338977147549,non-essential
mnmH,SL1344_0506,3.11076806553283,non-essential
NA,SL1344_3097,3.63510455739651,non-essential
rplB,SL1344_3404,-3.32781374532405,essential
ddlA,SL1344_0375,3.20666410588938,non-essential
efp,SL1344_4271,2.69144997674655,non-essential
menA,SL1344_4039,3.67301460267546,non-essential
yeeN,SL1344_4429,2.59511686471389,non-essential
deoB,SL1344_4496,3.50072331108638,non-essential
prs,SL1344_1708,-2.7566634382851,essential
pagP,SL1344_0616,3.53331556657496,non-essential
yfcV,SL1344_0196,3.98933049654215,non-essential
ung,SL1344_2611,3.30571705153439,non-essential
narL,SL1344_1695,3.18095088725434,non-essential
narP,SL1344_2222,2.7944143629572,non-essential
yoaE,SL1344_1757,3.43499683729015,non-essential
fadE,SL1344_0305,3.64087188086275,non-essential
wecB,SL1344_3879,3.58056711129529,non-essential
cysS,SL1344_0530,-6.5,essential
umpH,SL1344_0663,3.00960147643504,non-essential
sapA,SL1344_1622,2.96440910333083,non-essential
mltF,SL1344_2529,3.23569416842782,non-essential
ygeA,SL1344_2993,3.41716174635029,non-essential
rfbC,SL1344_2071,3.85623219565103,non-essential
NA,SL1344_4194,1.81650510066687,non-essential
NA,SL1344_0165,3.96508192788113,non-essential
NA,SL1344_2017,3.12112914497082,non-essential
NA,SL1344_1045,3.82401367608357,non-essential
fumB,SL1344_4237,3.24156617096083,non-essential
NA,SL1344_4354,2.80913195149555,non-essential
nrdA,SL1344_2246,-2.88885821678218,essential
NA,SL1344_3993,3.01438184501034,non-essential
wzc,SL1344_2093,2.74989729231851,non-essential
surA,SL1344_0093,3.09751601566865,non-essential
frlB,SL1344_3566,3.04770257204747,non-essential
NA,SL1344_0099,4.47614326511954,non-essential
NA,SL1344_0430A,2.68333164176976,non-essential
NA,SL1344_0954,2.6458503265042,non-essential
NA,SL1344_2744,3.22828167055709,non-essential
symE,SL1344_4454,4.65834939614351,non-essential
NA,SL1344_1192,2.6067651945729,non-essential
insF1,SL1344_2754,3.35955236825581,non-essential
lpxT,SL1344_2190,2.9261640036702,non-essential
NA,SL1344_1333,3.3318082129893,non-essential
argE,SL1344_4070,3.70095563820611,non-essential
rlmF,SL1344_0801,2.90078084336392,non-essential
NA,SL1344_1201,4.18355232384764,non-essential
gltI,SL1344_0654,3.09667532985712,non-essential
gatC,SL1344_3233,3.51272741819864,non-essential
ydjM,SL1344_1256,3.10000275160056,non-essential
purL,SL1344_2527,3.5063177751609,non-essential
NA,SL1344_2559,3.3579733255493,non-essential
avtA,SL1344_3630,2.8958892054909,non-essential
yniC,SL1344_1257,3.31521018543805,non-essential
dcrB,SL1344_3545,3.32849300365938,non-essential
NA,SL1344_2066,1.2706627491271,non-essential
secY,SL1344_3387,-4.01224998383945,essential
yidC,SL1344_3809,-3.53679855556736,essential
osmC,SL1344_1493,3.65051298045519,non-essential
rbsD,SL1344_3848,3.60612663529954,non-essential
ilvI,SL1344_0116,3.21618579361329,non-essential
mscK,SL1344_0471,3.34363548175692,non-essential
NA,SL1344_2558,3.99240527785812,non-essential
iap,SL1344_2915,3.56927732866402,non-essential
relA,SL1344_2937,3.07974123948036,non-essential
cyoD,SL1344_0434,2.77317418567176,non-essential
NA,SL1344_1940,3.77065683638594,non-essential
coaD,SL1344_3691,-6.5,essential
ogt,SL1344_1590,3.71689179478267,non-essential
ybaO,SL1344_0453,3.82857181624285,non-essential
epmC,SL1344_2350,3.26026070996124,non-essential
dnaK,SL1344_0012,0.975881114388375,non-essential
adk,SL1344_0481,-6.5,essential
garR,SL1344_3221,3.03004812672445,non-essential
shiA,SL1344_0213,3.77161536441381,non-essential
yecH,SL1344_1869,2.88777152261228,non-essential
rpsA,SL1344_0918,-0.870164944640985,essential
yijD,SL1344_4077,3.79901843916145,non-essential
NA,SL1344_2717,3.53925905897534,non-essential
psiE,SL1344_4162,3.2028777700669,non-essential
lolE,SL1344_1156,-6.5,essential
NA,SL1344_3717,3.36689185998668,non-essential
NA,SL1344_2548,4.92618048628808,non-essential
atpE,SL1344_3837,3.3728431386122,non-essential
pyrL,SL1344_4392,3.71484347656134,non-essential
mhpT,SL1344_2156,3.03443756822452,non-essential
murB,SL1344_4081,-3.92799318436315,essential
glnB,SL1344_2523,3.22918123996672,non-essential
NA,SL1344_2846,2.8778022199969,non-essential
fhlA,SL1344_0640,4.11897533608028,non-essential
NA,SL1344_1331,4.41622595438844,non-essential
gltX,SL1344_2381,-3.70383693824745,essential
NA,SL1344_4245,3.02667397464594,non-essential
fetA,SL1344_0495,3.57679928525019,non-essential
ybaK,SL1344_0488,2.26987719077064,non-essential
ulaD,SL1344_4319,3.75397381101367,non-essential
dinF,SL1344_4175,3.15210431532736,non-essential
NA,SL1344_0330,2.08905530688337,non-essential
yjfL,SL1344_4307,4.12707907963942,non-essential
NA,SL1344_2243,3.35517845448247,non-essential
NA,SL1344_2700,2.95684665606564,non-essential
mgtA,SL1344_4387,3.12067639841309,non-essential
yfdQ,SL1344_1969,3.03439545018549,non-essential
yobB,SL1344_1811,3.93595139606004,non-essential
idnD,SL1344_4414,3.24724016215679,non-essential
asmA,SL1344_2097,2.42418234701985,non-essential
dxs,SL1344_0416,-4.05353119049008,essential
NA,SL1344_0055,4.2016029000469,non-essential
NA,SL1344_2250,3.27798308890834,non-essential
NA,SL1344_2153,3.7789387917354,non-essential
NA,SL1344_3590,3.66981042171319,non-essential
pncC,SL1344_2810,3.2728001348392,non-essential
ccmC,SL1344_3783,3.73793168992906,non-essential
priB,SL1344_4325,2.69317206987984,non-essential
thiH,SL1344_4098,2.9167691519235,non-essential
yifB,SL1344_3860,2.88260514510915,non-essential
NA,SL1344_3826,4.03825005064408,non-essential
codB,SL1344_3305,4.09168615344995,non-essential
opgD,SL1344_1552,3.03928960700405,non-essential
ssb,SL1344_4192,-2.73162780878722,essential
bcsG,SL1344_3589,2.92556047672566,non-essential
uhpT,SL1344_3753,3.03669752980834,non-essential
NA,SL1344_1338,4.68468144583209,non-essential
NA,SL1344_0333,3.40986986499845,non-essential
loiP,SL1344_3053,3.0592054075543,non-essential
gltS,SL1344_3712,3.23843773293091,non-essential
NA,SL1344_2712,3.62429840653841,non-essential
ybeU,SL1344_0643,3.72254591141174,non-essential
ascG,SL1344_2990,3.22851998646551,non-essential
galR,SL1344_2989,3.44802107839391,non-essential
slmA,SL1344_3698,2.6438962018421,non-essential
eutL,SL1344_2419,3.81225803712473,non-essential
manY,SL1344_1760,2.47641731531439,non-essential
lptF,SL1344_4409,-3.57492740718968,essential
nanE,SL1344_3309,4.32469149276263,non-essential
NA,SL1344_1181,4.68300646246267,non-essential
eamA,SL1344_1447,2.65194838203779,non-essential
rhaB,SL1344_3996,3.25554608788435,non-essential
ldtA,SL1344_1991,2.91148780893796,non-essential
frr,SL1344_0220,-6.5,essential
gpmM,SL1344_3670,2.91846720975741,non-essential
NA,SL1344_2217,3.75398803742947,non-essential
yohF,SL1344_2149,3.29689017728374,non-essential
NA,SL1344_4417,3.18192531955233,non-essential
sfmZ,SL1344_0542,3.67276076192571,non-essential
NA,SL1344_4441,3.13963554643903,non-essential
NA,SL1344_2851,4.70412810359547,non-essential
NA,SL1344_4424,2.98040353613086,non-essential
ratA,SL1344_2659,2.49110624760115,non-essential
NA,SL1344_1343,3.85441356457908,non-essential
NA,SL1344_3228,3.33045580901754,non-essential
nrdI,SL1344_2791,2.9044185469725,non-essential
NA,SL1344_4016,3.60807134637651,non-essential
NA,SL1344_2512,3.17363997531222,non-essential
rhtC,SL1344_3913,3.60384003723718,non-essential
lptC,SL1344_3289,1.54313335175933,non-essential
rdgC,SL1344_0387,2.81944272127208,non-essential
ydfZ,SL1344_1439,3.28401330315032,non-essential
yhjR,SL1344_3586,3.65123496131876,non-essential
rseB,SL1344_2602,3.2994670528018,non-essential
NA,SL1344_0977,4.2686959407521,non-essential
NA,SL1344_1177,2.05286021916804,non-essential
ybbP,SL1344_0501,3.12602875517664,non-essential
NA,SL1344_4354A,-6.5,essential
NA,SL1344_2704,2.497736633079,non-essential
NA,SL1344_0016,3.93364653492116,non-essential
ydeE,SL1344_1446,2.87664247929168,non-essential
yejA,SL1344_2193,2.73921916766103,non-essential
NA,SL1344_3757,3.27013401132052,non-essential
NA,SL1344_3130,2.93294956542665,non-essential
NA,SL1344_0033,4.46994862259567,non-essential
NA,SL1344_0957,4.68281146780094,non-essential
NA,SL1344_0175,3.96043287340846,non-essential
NA,SL1344_2134,3.76476286016476,non-essential
NA,SL1344_2492,3.17334568427891,non-essential
rpoH,SL1344_3533,-2.66059667228281,essential
dinI,SL1344_1099,2.66092062224076,non-essential
rhaM,SL1344_3992,3.14555682133578,non-essential
yjbH,SL1344_4161,3.36444153334952,non-essential
fdhD,SL1344_3986,2.79152722000095,non-essential
NA,SL1344_1514,3.70989423331804,non-essential
NA,SL1344_2653,2.91424157473768,non-essential
waaF,SL1344_3677,2.0356167904487,non-essential
insE1,SL1344_2753,2.64031185053883,non-essential
fepA,SL1344_0573,3.57086186515325,non-essential
argG,SL1344_3262,3.49746260388971,non-essential
NA,SL1344_3646,3.48773360521651,non-essential
NA,SL1344_0163,3.66217266720956,non-essential
yiaD,SL1344_3611,3.25231715027518,non-essential
csgE,SL1344_1078,3.94556352922146,non-essential
emrA,SL1344_2799,3.21393253479062,non-essential
serA,SL1344_3038,2.87729313042704,non-essential
ydhL,SL1344_1370,2.22747038623563,non-essential
mppA,SL1344_1609,3.50349367797794,non-essential
rlmG,SL1344_3193,3.37972239331269,non-essential
dnaB,SL1344_4182,-6.5,essential
cydD,SL1344_0895,-1.27909954172182,essential
map,SL1344_0216,-6.5,essential
NA,SL1344_4459,3.45140016737485,non-essential
NA,SL1344_0991,3.38205114692414,non-essential
NA,SL1344_3765,3.38150613136238,non-essential
yehA,SL1344_2126,2.72354233840346,non-essential
NA,SL1344_2852,4.20418771038769,non-essential
yaiC,SL1344_0380,2.82358717728455,non-essential
tehA,SL1344_1539,3.55168034876987,non-essential
yihS,SL1344_3967,3.54602617010491,non-essential
yeeA,SL1344_2036,2.93087724653063,non-essential
yafJ,SL1344_0307,4.11816102417679,non-essential
pntA,SL1344_1409,2.96337749414298,non-essential
NA,SL1344_2885A,3.23978084738929,non-essential
ybdL,SL1344_0591,2.73791483140264,non-essential
hslU,SL1344_4040,3.53665060863361,non-essential
dgoK,SL1344_3796,3.36645356346248,non-essential
fabD,SL1344_1131,-6.5,essential
NA,SL1344_2900,3.04608622846068,non-essential
ygiD,SL1344_3163,3.11475097144002,non-essential
NA,SL1344_4438,2.91798302976013,non-essential
yiaK,SL1344_3633,2.29279696227886,non-essential
yehD,SL1344_2129,2.8392618006614,non-essential
pbpC,SL1344_2493,2.83402659506326,non-essential
alkB,SL1344_2234,3.83986185134575,non-essential
smf,SL1344_3372,3.83262523531285,non-essential
NA,SL1344_1784,3.83980545928199,non-essential
NA,SL1344_4002,2.8920567106406,non-essential
NA,SL1344_4408,3.68221394904638,non-essential
NA,SL1344_2345,4.5783911209685,non-essential
NA,SL1344_2708,-1.34282021496227,essential
uxuA,SL1344_3109,3.37727819957214,non-essential
NA,SL1344_0545,4.05210288200414,non-essential
NA,SL1344_0949,1.92782136099944,non-essential
recO,SL1344_2541,3.17674744954051,non-essential
dedA,SL1344_2336,2.65861562693124,non-essential
yfcH,SL1344_2319,3.79602323690394,non-essential
damX,SL1344_3452,3.08871365569213,non-essential
amiA,SL1344_2413,3.04717223157966,non-essential
wzzB,SL1344_2056,2.37173411088819,non-essential
dinB,SL1344_0309,4.2859671355802,non-essential
NA,SL1344_2327,4.2474137983533,non-essential
NA,SL1344_0994,2.63588978104772,non-essential
NA,SL1344_0293,4.87336941956711,non-essential
zapC,SL1344_0999,3.47976510710398,non-essential
NA,SL1344_2469,3.03532267605905,non-essential
ppdB,SL1344_2977,3.73824428731974,non-essential
NA,SL1344_1597,3.74640627680577,non-essential
NA,SL1344_1488,3.51022395566042,non-essential
wcaE,SL1344_2088,4.20731676012031,non-essential
ybhP,SL1344_0789,3.32177545776063,non-essential
NA,SL1344_0834,4.07597223971636,non-essential
NA,SL1344_1951,3.57474547468885,non-essential
rssA,SL1344_1685,3.63717745192786,non-essential
rnhB,SL1344_0231,2.95825307742511,non-essential
NA,SL1344_0544,3.74792234731644,non-essential
NA,SL1344_1310,2.92636488741308,non-essential
NA,SL1344_1595,2.73420887966246,non-essential
NA,SL1344_2857,3.08086331863153,non-essential
psd,SL1344_4285,-3.46464114166921,essential
rutF,SL1344_1037,3.44592040332686,non-essential
ucpA,SL1344_2408,3.09085491809877,non-essential
rluC,SL1344_1123,3.13281989583481,non-essential
yciW,SL1344_1632,3.10846950752858,non-essential
kduI,SL1344_2996,3.90723777713726,non-essential
NA,SL1344_1530A,3.66429832831202,non-essential
NA,SL1344_2859,3.00534068437987,non-essential
NA,SL1344_4502,3.64283613180135,non-essential
NA,SL1344_3750,4.27754788615718,non-essential
hisD,SL1344_2049,3.16865535718652,non-essential
NA,SL1344_1874,3.17439262210158,non-essential
narX,SL1344_1694,3.38034273053984,non-essential
NA,SL1344_2157,2.89544782304201,non-essential
rbsA,SL1344_3849,3.59892150175782,non-essential
glnG,SL1344_2839,2.84054960219191,non-essential
NA,SL1344_2871,3.51217328480421,non-essential
rcsB,SL1344_2239,2.76002489031916,non-essential
NA,SL1344_2735,3.89870450575437,non-essential
fliD,SL1344_1889,2.9529059215772,non-essential
NA,SL1344_2845,3.05403503378591,non-essential
NA,SL1344_2172,3.33884350381463,non-essential
bglJ,SL1344_4479,3.47272532661168,non-essential
ydiN,SL1344_1294,3.51769899868926,non-essential
NA,SL1344_1187,3.58828126948559,non-essential
NA,SL1344_4352,3.0576520202937,non-essential
NA,SL1344_0347,3.8267871649672,non-essential
ydhK,SL1344_1373,3.51408151733706,non-essential
malZ,SL1344_0396,2.91327554902369,non-essential
yegD,SL1344_2102,3.41261472936977,non-essential
fixC,SL1344_0078,3.46057819792654,non-essential
yigG,SL1344_3908,2.19974752514792,non-essential
melR,SL1344_4234,3.4303981372025,non-essential
yoaG,SL1344_1207,3.24059399503789,non-essential
idnT,SL1344_4412,3.50724469662581,non-essential
torT,SL1344_3791,3.285837191403,non-essential
adiC,SL1344_4231,3.40642559938365,non-essential
NA,SL1344_0696,4.06934802608789,non-essential
NA,SL1344_1933,3.62563388914003,non-essential
wcaD,SL1344_2089,3.64493307894441,non-essential
yfbK,SL1344_2284,3.1721585987319,non-essential
yacH,SL1344_0157,3.61879184875812,non-essential
NA,SL1344_1042,3.927342764059,non-essential
bcsZ,SL1344_3582,3.13287888186425,non-essential
xapB,SL1344_2384,3.89430874957812,non-essential
ynfF,SL1344_1428,3.48493591223819,non-essential
livG,SL1344_3527,3.44962684702605,non-essential
wcaM,SL1344_2076,3.17447565352927,non-essential
NA,SL1344_4372,3.39929766878166,non-essential
fadB,SL1344_3936,3.24491282527187,non-essential
clcB,SL1344_1420,2.90305323376552,non-essential
prpC,SL1344_0364,3.56513524011411,non-essential
NA,SL1344_1678,3.15737132802307,non-essential
creD,SL1344_4517,3.88079412056032,non-essential
ppsA,SL1344_1283,3.80313410186629,non-essential
phnO,SL1344_4224,2.63452106019505,non-essential
fdrA,SL1344_0522,2.89897248860875,non-essential
torA,SL1344_3788,3.25763303859348,non-essential
NA,SL1344_0160,-0.748242902151062,essential
hybO,SL1344_3124,3.16787126685874,non-essential
cspA,SL1344_3615,2.72189907124182,non-essential
eco,SL1344_2232,3.39849726301567,non-essential
ydgA,SL1344_1396,2.89535495964762,non-essential
ygaY,SL1344_2797,3.16001197210463,non-essential
NA,SL1344_0862,3.01390717237337,non-essential
ymdA,SL1344_1083,3.12998851159919,non-essential
ybdD,SL1344_0589,3.03250774287499,non-essential
NA,SL1344_3618,-1.04885355143867,essential
xylE,SL1344_4351,4.04927726854869,non-essential
NA,SL1344_2881,2.28687738687687,non-essential
NA,SL1344_3703,3.41192125038943,non-essential
yjeO,SL1344_4283,3.70638615297349,non-essential
yihO,SL1344_3963,4.13019882831712,non-essential
ydhB,SL1344_1361,3.02416645524928,non-essential
aceB,SL1344_4118,1.97150807696579,non-essential
NA,SL1344_2762,3.80728879812816,non-essential
ydcY,SL1344_1523,2.83443315662465,non-essential
rclR,SL1344_0551,3.18397761961197,non-essential
NA,SL1344_2020,3.76761225067718,non-essential
waaZ,SL1344_3681,1.99961355231991,non-essential
dnaC,SL1344_4474,-3.04720079982686,essential
potE,SL1344_0682,3.60566838918832,non-essential
rpsF,SL1344_4324,1.74607896121325,non-essential
sulA,SL1344_1011,3.36623932036352,non-essential
pspC,SL1344_1618,3.51081556017314,non-essential
glf,SL1344_0700,0.415400399908427,non-essential
yafE,SL1344_0254,2.85982722082005,non-essential
galU,SL1344_1683,2.7351851600528,non-essential
sstT,SL1344_3198,3.54253363191404,non-essential
pcnB,SL1344_0185,3.3269403377463,non-essential
crr,SL1344_2396,1.09318266632474,non-essential
gltK,SL1344_0652,3.57370771384934,non-essential
NA,SL1344_2587,3.93739250269369,non-essential
ybhG,SL1344_0794,3.83001840223226,non-essential
yiiG,SL1344_3988,3.56014194129235,non-essential
yggM,SL1344_3080,3.22299393931791,non-essential
adiY,SL1344_4232,3.99729079726146,non-essential
mutM,SL1344_3692,3.15027477748091,non-essential
eutM,SL1344_2428,3.9725074749285,non-essential
NA,SL1344_1505,2.88864644790521,non-essential
NA,SL1344_2858,3.87402631549443,non-essential
fbaA,SL1344_3044,-2.59086712947351,essential
NA,SL1344_1998,3.02779535841811,non-essential
thyA,SL1344_2979,-3.11380516942511,essential
NA,SL1344_0272,3.63099647028333,non-essential
NA,SL1344_0988,3.64573380210331,non-essential
nudI,SL1344_2264,4.04115333880053,non-essential
ytfP,SL1344_4344,3.43220702431214,non-essential
rpsM,SL1344_3385,-2.11693134178896,essential
NA,SL1344_2010,2.82892913221685,non-essential
gtrB,SL1344_0548,4.05675044905822,non-essential
ftsH,SL1344_3268,-6.5,essential
trxB,SL1344_0896,3.11749933290412,non-essential
folP,SL1344_3266,3.23275643592726,non-essential
NA,SL1344_4154,3.66397982885593,non-essential
NA,SL1344_0353,3.84845604052674,non-essential
rimP,SL1344_3261,0.915323082591881,non-essential
parE,SL1344_3155,-4.37343278169453,essential
xseA,SL1344_2473,3.33705541171131,non-essential
phoQ,SL1344_1168,2.78841405001264,non-essential
NA,SL1344_3324,4.07274692759983,non-essential
rplX,SL1344_3396,-0.942511215976159,essential
nuoG,SL1344_2292,2.71980314985493,non-essential
rsmI,SL1344_3236,3.92368764856397,non-essential
rplA,SL1344_4089,1.26631361796918,non-essential
rpsP,SL1344_2649,-6.5,essential
csgA,SL1344_1081,4.88304662981643,non-essential
ulaG,SL1344_4315,3.43836615922567,non-essential
ecnA,SL1344_4272,3.6120439788523,non-essential
yicN,SL1344_3752,2.74767522889071,non-essential
yjaG,SL1344_4108,3.07847601468453,non-essential
yeaO,SL1344_1213,3.14294950062427,non-essential
fusA,SL1344_3413,-6.5,essential
NA,SL1344_0739,3.41621504697906,non-essential
proA,SL1344_0318,3.15484749174549,non-essential
nrfE,SL1344_4217,3.52513069883098,non-essential
NA,SL1344_4369A,3.57240196663521,non-essential
bsmA,SL1344_4312,3.43434654682856,non-essential
ybhR,SL1344_0791,3.3780129266464,non-essential
dtpD,SL1344_0691,3.64167227652987,non-essential
NA,SL1344_2844,3.57172517242302,non-essential
NA,SL1344_1765,2.57983740127953,non-essential
ftsI,SL1344_0122,-3.20543096086048,essential
ydcJ,SL1344_1554,2.78231127975167,non-essential
degQ,SL1344_3320,3.6037647703942,non-essential
degP,SL1344_0210,3.80281300123104,non-essential
hpt,SL1344_0171,3.68144096169964,non-essential
trpS,SL1344_3448,3.50306561448966,non-essential
hflX,SL1344_4296,3.59440300108749,non-essential
NA,SL1344_0830,0.987459007547397,non-essential
NA,SL1344_3748,4.40798471333573,non-essential
yniA,SL1344_1259,2.98457654452089,non-essential
ccmD,SL1344_3782A,3.31131194120395,non-essential
hycI,SL1344_2825,2.86516971676298,non-essential
gabT,SL1344_2776,3.34505770206978,non-essential
araE,SL1344_2994,3.12643892780371,non-essential
NA,SL1344_0938,2.69511361424118,non-essential
ibaG,SL1344_3280,3.7211130930611,non-essential
lpxH,SL1344_0528,-1.74611002388017,essential
NA,SL1344_4434,2.03771173945913,non-essential
NA,SL1344_4430,3.28475729088405,non-essential
NA,SL1344_4146,2.73741234649068,non-essential
speA,SL1344_3062,3.12867742497071,non-essential
ybhF,SL1344_0793,3.37128219307228,non-essential
luxS,SL1344_2802,3.02910512642332,non-essential
gmhB,SL1344_0249,1.83819344972407,non-essential
btuF,SL1344_0207,3.70168584387411,non-essential
NA,SL1344_1320,3.157904861175,non-essential
NA,SL1344_1030,3.95329643523381,non-essential
citA,SL1344_0613,3.46253549940313,non-essential
NA,SL1344_4140,3.8724984523945,non-essential
NA,SL1344_2692,3.61441821342492,non-essential
narQ,SL1344_2443,3.25658415168982,non-essential
fur,SL1344_0675,2.31984855756177,non-essential
ftsX,SL1344_3534,-1.15809258915478,essential
NA,SL1344_0346,3.43181876622274,non-essential
NA,SL1344_1043,3.64274435619901,non-essential
ulaE,SL1344_4320,3.84042536081525,non-essential
mnmG,SL1344_3841,2.38473616478491,non-essential
lldP,SL1344_3657,3.360264652766,non-essential
yjbI,SL1344_2043,2.81024488107478,non-essential
bcsB,SL1344_3583,3.1819464478212,non-essential
NA,SL1344_0983,4.28708144726127,non-essential
folC,SL1344_2334,-1.98923077042042,essential
rhaR,SL1344_3998,3.17521862127759,non-essential
wcaL,SL1344_2077,2.85335407611739,non-essential
uhpC,SL1344_3754,3.37214992941583,non-essential
NA,SL1344_2842,3.02910771750361,non-essential
lolA,SL1344_0899,-6.5,essential
ybgJ,SL1344_0693,3.37513108270903,non-essential
gcvH,SL1344_3030,3.16872086131215,non-essential
yfcE,SL1344_2316,3.41394393624797,non-essential
sgcX,SL1344_1542,3.73761694725085,non-essential
tus,SL1344_1401,3.24869671284085,non-essential
bolA,SL1344_0440,3.54463594155457,non-essential
murA,SL1344_3279,-2.82766755743948,essential
gsiA,SL1344_0824,3.73758415046449,non-essential
ompW,SL1344_1663,3.20260209557041,non-essential
cdaR,SL1344_0211,3.55014483505814,non-essential
rlpA,SL1344_0626,3.43396088270484,non-essential
treF,SL1344_3568,2.85781626984298,non-essential
NA,SL1344_1795,3.04479591664079,non-essential
aceK,SL1344_4120,2.79183371479161,non-essential
yebY,SL1344_1807,2.78685297030209,non-essential
yraN,SL1344_3238,3.50965514140126,non-essential
ypfG,SL1344_2439,3.00753394295847,non-essential
yejK,SL1344_2203,2.72531682156446,non-essential
NA,SL1344_1193,2.66263135270791,non-essential
mhpD,SL1344_1044,3.88726647033801,non-essential
ispA,SL1344_0417,-2.00201459937986,essential
ldtD,SL1344_0932,3.60245191934969,non-essential
wecF,SL1344_3886,2.65492733954914,non-essential
modA,SL1344_0758,2.97592757043842,non-essential
fpr,SL1344_4033,3.51648914741449,non-essential
NA,SL1344_2891,3.24203233891053,non-essential
NA,SL1344_1188,3.90298910083503,non-essential
NA,SL1344_2722,3.18146706911302,non-essential
NA,SL1344_1600,4.52761204116099,non-essential
NA,SL1344_0035,3.5577046710453,non-essential
NA,SL1344_3496,3.01770314684141,non-essential
ybdK,SL1344_0571,3.00625386128912,non-essential
wcaB,SL1344_2091,3.09000567422025,non-essential
elyC,SL1344_0927,3.20307353945587,non-essential
araC,SL1344_0104,3.69379858969011,non-essential
NA,SL1344_2068,3.84435658794337,non-essential
metL,SL1344_4050,3.46467195330719,non-essential
NA,SL1344_2693,3.09762158343557,non-essential
basS,SL1344_4228,3.04120106396032,non-essential
yhhQ,SL1344_3544,3.05917498977206,non-essential
nfuA,SL1344_3478,3.60771572060623,non-essential
rpmI,SL1344_1269,-0.520155527010499,essential
fepB,SL1344_0582,2.61741060612032,non-essential
agp,SL1344_1056,3.54386173945861,non-essential
yhcA,SL1344_4500,4.13778133914224,non-essential
lhgO,SL1344_2774,3.1480200471093,non-essential
iaaA,SL1344_0823,3.71634695522969,non-essential
tyrB,SL1344_4184,3.23777822941878,non-essential
glmS,SL1344_3828,1.01256945232471,non-essential
sufB,SL1344_1304,3.29080289435402,non-essential
uvrY,SL1344_1877,3.38492973037072,non-essential
tusD,SL1344_3418,2.44106031800222,non-essential
kduD,SL1344_2995,3.78166399217331,non-essential
ppa,SL1344_4347,-2.58377624728016,essential
ybeM,SL1344_0619,3.00009292300679,non-essential
NA,SL1344_4198,2.08872393714482,non-essential
gnd,SL1344_2058,2.47997573994509,non-essential
yneJ,SL1344_1453,3.04725752659587,non-essential
yaiL,SL1344_4127,3.30812901979581,non-essential
gpsA,SL1344_3666,2.89737670775437,non-essential
NA,SL1344_0288,-1.00413869596604,essential
NA,SL1344_4450,3.03980510069719,non-essential
marB,SL1344_1448,3.80396425600403,non-essential
yjiG,SL1344_4444,3.41314992162101,non-essential
NA,SL1344_2034,3.16253955938932,non-essential
NA,SL1344_1180,3.2060253295769,non-essential
NA,SL1344_1603,2.77882344618932,non-essential
yhbW,SL1344_3249,3.13662999861539,non-essential
yjjV,SL1344_4491,3.04550581781878,non-essential
mltB,SL1344_2811,3.09692952550985,non-essential
holA,SL1344_0634,-6.5,essential
gpmA,SL1344_0749,3.69065051080989,non-essential
sufC,SL1344_1305,2.9767063069249,non-essential
NA,SL1344_4359,2.99371760456947,non-essential
leuC,SL1344_0111,3.64016991450748,non-essential
glpK,SL1344_4035,3.68807365116148,non-essential
NA,SL1344_0637,3.10110697451521,non-essential
NA,SL1344_1556,2.81577698465616,non-essential
yhbJ,SL1344_3295,2.76883861151913,non-essential
NA,SL1344_1352,4.28271229293888,non-essential
ybhQ,SL1344_0790,3.4898427662158,non-essential
NA,SL1344_2208,2.57002045735933,non-essential
groL,SL1344_4267,-4.24102166530528,essential
rpsO,SL1344_3256,0.714441320528711,non-essential
srmB,SL1344_2607,3.24548635137303,non-essential
araD,SL1344_0101,3.22015172765601,non-essential
zupT,SL1344_3164,2.58350827533249,non-essential
NA,SL1344_2565,3.3617896766421,non-essential
yejF,SL1344_2196,2.70857652985524,non-essential
NA,SL1344_2000,3.26929089889593,non-essential
rpsK,SL1344_3384,-6.5,essential
rplO,SL1344_3388,-6.5,essential
NA,SL1344_2567,3.52739581372148,non-essential
NA,SL1344_0292,3.61002714312216,non-essential
NA,SL1344_2644,2.95103898618989,non-essential
NA,SL1344_1028,2.5023843689284,non-essential
gatR,SL1344_3235,3.44128283847749,non-essential
NA,SL1344_1989,-0.731635980384893,essential
ycgM,SL1344_1740,3.18609906083144,non-essential
ygjQ,SL1344_3195,3.02428408971752,non-essential
NA,SL1344_1482,3.40292647240453,non-essential
NA,SL1344_4257,2.62289855313459,non-essential
yjfK,SL1344_4306,3.02839123330815,non-essential
NA,SL1344_4246,3.18755670363564,non-essential
yjfM,SL1344_4308,3.55651608653814,non-essential
NA,SL1344_4126,4.26778836871308,non-essential
yigM,SL1344_3917,3.94191079417325,non-essential
rcnB,SL1344_2125,4.23390365755978,non-essential
guaA,SL1344_2471,1.59411263724305,non-essential
pdhR,SL1344_0151,3.29923375602943,non-essential
ruvB,SL1344_1828,2.44861009119147,non-essential
yafN,SL1344_1480,-0.981612813385969,essential
ytfF,SL1344_4333,3.6542626213293,non-essential
ycjR,SL1344_4356,3.49279470926251,non-essential
dsdX,SL1344_3769,3.20540954693799,non-essential
yehE,SL1344_2130,4.65152258629315,non-essential
hybC,SL1344_3121,2.92533923078497,non-essential
NA,SL1344_3267,4.97237198918669,non-essential
yfcI,SL1344_0472,3.03966125534545,non-essential
gyrA,SL1344_2241,-3.09727473069384,essential
gyrB,SL1344_3802,-5.08858172394306,essential
putA,SL1344_1062,3.58341304078231,non-essential
NA,SL1344_2772,3.35216152523765,non-essential
NA,SL1344_3057,3.60969326742232,non-essential
NA,SL1344_0956,3.90438539736071,non-essential
ansP,SL1344_1515,2.75096269086691,non-essential
NA,SL1344_2116,3.47946140537092,non-essential
nrfD,SL1344_4216,3.79815405564117,non-essential
nanK,SL1344_3308,4.19996490593563,non-essential
NA,SL1344_0042,3.26146355983697,non-essential
sfmH,SL1344_0540,3.6570783003867,non-essential
NA,SL1344_1864,2.86598830481458,non-essential
ysgA,SL1344_3921,3.53592236935895,non-essential
ycaP,SL1344_0913,2.96459100986314,non-essential
elbB,SL1344_3299,3.77888777659606,non-essential
nirB,SL1344_3441,3.71809300431414,non-essential
murE,SL1344_0123,-2.37081507375169,essential
astC,SL1344_1238,3.01293426933212,non-essential
ilvM,SL1344_3862,4.28989352246646,non-essential
NA,SL1344_1222,2.87876460290591,non-essential
NA,SL1344_2691,3.97619278314535,non-essential
yeaQ,SL1344_1210,2.09622178052608,non-essential
nemA,SL1344_1368,3.5711521844471,non-essential
hyaD,SL1344_1717,3.63305847968059,non-essential
NA,SL1344_2366,2.580381368002,non-essential
fadL,SL1344_2360,3.03871626701054,non-essential
dnaJ,SL1344_0013,2.74503524700617,non-essential
yaiI,SL1344_0382,2.41856567698326,non-essential
NA,SL1344_2207,3.01422385547641,non-essential
rpoN,SL1344_3292,1.56454688760898,non-essential
NA,SL1344_1212,2.58319287911343,non-essential
NA,SL1344_0885,5.22041844284334,non-essential
yeiS,SL1344_2162,3.28083987467555,non-essential
menI,SL1344_1300,2.96691665590948,non-essential
NA,SL1344_2583,4.27641970873407,non-essential
mrcA,SL1344_3460,3.73751708678552,non-essential
oppD,SL1344_1674,3.01711978588815,non-essential
yaiW,SL1344_0372,3.37184780599115,non-essential
ycfJ,SL1344_1149,3.4853818276349,non-essential
NA,SL1344_4142,2.75378137505808,non-essential
NA,SL1344_0766,3.80509450080913,non-essential
yqjD,SL1344_4added,3.02971874501967,non-essential
NA,SL1344_2678,3.31787514614453,non-essential
cobT,SL1344_1992,2.61838817483734,non-essential
yfeR,SL1344_2387,2.99571528996564,non-essential
speC,SL1344_3089,2.98355052144824,non-essential
NA,SL1344_2890,3.31385744387566,non-essential
holB,SL1344_1138,-6.5,essential
dsbB,SL1344_1735,3.39312726064908,non-essential
ilvE,SL1344_3863,4.45750129215565,non-essential
NA,SL1344_2537,3.68825049527689,non-essential
aas,SL1344_2988,3.43967340828534,non-essential
tdcE,SL1344_3213,3.14543338146269,non-essential
yhaM,SL1344_3210,3.11092430940576,non-essential
NA,SL1344_0561,3.57562731481912,non-essential
sdhA,SL1344_0716,3.48508098532341,non-essential
NA,SL1344_3743,2.9057627333533,non-essential
ybcJ,SL1344_0534,3.2553534577998,non-essential
NA,SL1344_1047,3.45858065968527,non-essential
metJ,SL1344_4048,4.17879861339132,non-essential
NA,SL1344_1038,3.22948376301793,non-essential
yhgE,SL1344_3466,3.44183288615956,non-essential
rclC,SL1344_0554,3.99859030770493,non-essential
NA,SL1344_0017,1.86340661727369,non-essential
mscM,SL1344_4284,3.40609419069233,non-essential
ydbA,SL1344_3445,4.52819912571015,non-essential
allR,SL1344_0509,3.10401123216273,non-essential
mhpA,SL1344_1475,2.62542770141531,non-essential
yjbG,SL1344_4160,3.26112447600804,non-essential
amyA,SL1344_1892,2.59949379949064,non-essential
yebB,SL1344_1832,3.93679807338408,non-essential
NA,SL1344_0062,3.28868689065216,non-essential
sgbH,SL1344_3640,3.11509308781393,non-essential
NA,SL1344_3166,3.54052301564222,non-essential
nudL,SL1344_1754,3.02854767050221,non-essential
ycbF,SL1344_0027,3.24644956960247,non-essential
aaeX,SL1344_3338,3.0713093145387,non-essential
dtd,SL1344_3974,2.93401905113011,non-essential
rpoS,SL1344_2903,3.45419100755173,non-essential
yafV,SL1344_0304,3.0129251414006,non-essential
NA,SL1344_2467,3.31621946026398,non-essential
NA,SL1344_2416,3.99390490308802,non-essential
NA,SL1344_0785,2.56057745133756,non-essential
NA,SL1344_0331,4.15315605940207,non-essential
NA,SL1344_2489,3.12603374978687,non-essential
NA,SL1344_3799,4.07495477903877,non-essential
yddE,SL1344_1512,3.31702060757522,non-essential
NA,SL1344_1355,0.53189324769693,non-essential
cobB,SL1344_1158,2.61526510074757,non-essential
gsiC,SL1344_0826,3.4607892137167,non-essential
yoaF,SL1344_1211,3.40393515716818,non-essential
sapC,SL1344_1624,2.65811947400781,non-essential
tar,SL1344_1854,2.69369005655001,non-essential
proY,SL1344_0395,3.29661352464,non-essential
sspB,SL1344_3313,3.15243648431897,non-essential
basR,SL1344_4229,3.41092292129079,non-essential
NA,SL1344_3781,3.93744290468764,non-essential
ydbH,SL1344_1576,3.37398906118431,non-essential
NA,SL1344_2113,1.76289976396192,non-essential
hemF,SL1344_2414,3.16449842907542,non-essential
waaY,SL1344_3682,1.26816055904592,non-essential
NA,SL1344_2765,2.3367174352373,non-essential
tesA,SL1344_0499,3.50646159742953,non-essential
NA,SL1344_4421,3.40932725873741,non-essential
yqgF,SL1344_3072,-2.23440720446825,essential
ydjN,SL1344_1255,3.6629996777148,non-essential
mipA,SL1344_1221,3.51254979069981,non-essential
gltL,SL1344_0651,3.11809866160609,non-essential
NA,SL1344_3115,3.15192896007323,non-essential
ydiV,SL1344_1278,3.42270977007144,non-essential
fdnH,SL1344_1499,3.03087798943779,non-essential
ldtB,SL1344_0812,3.37052841232462,non-essential
entH,SL1344_0587,4.09082165307138,non-essential
yijO,SL1344_4066,3.72650794152168,non-essential
NA,SL1344_1321,2.61934281047398,non-essential
bax,SL1344_3628,3.29908831072889,non-essential
rbsB,SL1344_3851,3.59742761701149,non-essential
ydiF,SL1344_1291,3.54110535083931,non-essential
ygiN,SL1344_3154,3.45855380535978,non-essential
yhhA,SL1344_3518,3.64525061323752,non-essential
frmA,SL1344_1557,2.79500965067036,non-essential
NA,SL1344_2734,3.30386304702274,non-essential
NA,SL1344_4133,3.78040700805156,non-essential
NA,SL1344_1197,3.21933538155251,non-essential
NA,SL1344_1464,3.31503558904151,non-essential
allA,SL1344_0508,2.09298144706878,non-essential
NA,SL1344_0350,3.37295708699461,non-essential
ychA,SL1344_1701,2.56050611151048,non-essential
NA,SL1344_0265,3.37184588576405,non-essential
NA,SL1344_0335,3.94544995305436,non-essential
NA,SL1344_2326,3.36541389538013,non-essential
NA,SL1344_1209,2.52122834083845,non-essential
sseA,SL1344_2495,2.42924655574557,non-essential
NA,SL1344_1526,3.14875930857407,non-essential
NA,SL1344_4019,3.15300081612464,non-essential
lsrF,SL1344_4027,4.52074600876055,non-essential
NA,SL1344_4141,4.33125376572222,non-essential
NA,SL1344_1805,3.41003848863753,non-essential
yfcJ,SL1344_2341,2.93020777688116,non-essential
iraD,SL1344_3104,3.26837538914879,non-essential
NA,SL1344_3516,2.98150569454891,non-essential
yhiI,SL1344_3552,2.91943109884004,non-essential
glrK,SL1344_2526,3.20008822975825,non-essential
nanR,SL1344_3312,2.86291226546853,non-essential
rcsF,SL1344_0245,4.51701964288554,non-essential
NA,SL1344_2578,3.29261137029558,non-essential
NA,SL1344_0264,3.14192383245459,non-essential
NA,SL1344_0043,3.63688569570974,non-essential
NA,SL1344_0945,3.65987615350418,non-essential
NA,SL1344_1932,2.64298214488887,non-essential
NA,SL1344_0952,3.90992629849645,non-essential
NA,SL1344_2343,3.82055800019369,non-essential
lpxB,SL1344_0230,-2.4446758820127,essential
relB,SL1344_4379,2.55024820929373,non-essential
glnL,SL1344_3953,1.8256895786227,non-essential
prfC,SL1344_4488,3.48559451262322,non-essential
yggE,SL1344_3041,2.64082145226543,non-essential
mlaC,SL1344_3282,3.4769095086748,non-essential
acuI,SL1344_3349,3.78174105084353,non-essential
murP,SL1344_2532,3.05923364542433,non-essential
yigB,SL1344_3904,3.35471071976596,non-essential
NA,SL1344_0083,4.51767849141411,non-essential
NA,SL1344_1477,2.74811970447778,non-essential
nudJ,SL1344_1173,2.68236712367209,non-essential
rzpQ,SL1344_1803,2.48958611446124,non-essential
proS,SL1344_0243,-3.0143852295729,essential
csdA,SL1344_2964,3.07099293440163,non-essential
pta,SL1344_2307,2.4239996643176,non-essential
NA,SL1344_2220,3.85390882184938,non-essential
yfeZ,SL1344_2411,3.34506661359705,non-essential
pspG,SL1344_4180,3.05368423960133,non-essential
kefG,SL1344_3425,4.68693599153873,non-essential
NA,SL1344_0837,2.97213390716784,non-essential
bioA,SL1344_0770,4.03525532880402,non-essential
ycaQ,SL1344_0923,3.73190828087959,non-essential
yjeJ,SL1344_4269,4.44049770860146,non-essential
hiuH,SL1344_1036,3.88712672224018,non-essential
yohO,SL1344_2139,0.922249230651982,non-essential
aidB,SL1344_4310,3.528229464952,non-essential
NA,SL1344_1330A,3.59183327123796,non-essential
yhjA,SL1344_3786,4.09862849720458,non-essential
cbpM,SL1344_1050,3.55856889298373,non-essential
NA,SL1344_1722,4.5337594267661,non-essential
yccS,SL1344_1013,3.57772695258844,non-essential
NA,SL1344_2720,4.02750710425572,non-essential
NA,SL1344_2879,3.68391364866724,non-essential
hsdR,SL1344_4457,3.47014030708011,non-essential
NA,SL1344_3959,4.4532852914534,non-essential
hyi,SL1344_0511,4.47848794896964,non-essential
yjiY,SL1344_4463,3.69236340964769,non-essential
pykF,SL1344_1312,2.55517461467454,non-essential
nusA,SL1344_3260,-0.38090743842702,essential
birA,SL1344_4082,-1.83121779991173,essential
coaA,SL1344_4083,-2.22783019870691,essential
NA,SL1344_4207,3.84155117798927,non-essential
recF,SL1344_3803,2.99716057608682,non-essential
tatC,SL1344_3929,3.18952938856945,non-essential
NA,SL1344_0349,3.59990600118181,non-essential
dppB,SL1344_3595,3.21765647116719,non-essential
dxr,SL1344_0221,-6.5,essential
rplD,SL1344_3406,-1.89024036416273,essential
NA,SL1344_2626,2.94336230200327,non-essential
yggL,SL1344_3083,3.40211354693097,non-essential
ghxP,SL1344_4204,2.97257253839729,non-essential
NA,SL1344_1350,3.96198221390947,non-essential
smrB,SL1344_2355,3.06792972927067,non-essential
NA,SL1344_1026,3.67413678137259,non-essential
hybB,SL1344_3122,3.14200744961647,non-essential
grxA,SL1344_0848,3.39327091989317,non-essential
gor,SL1344_3562,2.93205810107777,non-essential
hycF,SL1344_2828,3.49734724743694,non-essential
tusA,SL1344_3543,0.135870830382546,non-essential
NA,SL1344_2342,3.47612181593751,non-essential
NA,SL1344_4498,3.71701435316908,non-essential
cysD,SL1344_2914,3.73941109434526,non-essential
cirA,SL1344_2176,3.04166545450972,non-essential
NA,SL1344_0177,3.80879514343156,non-essential
sodC,SL1344_1372,3.27385460208728,non-essential
purR,SL1344_1362,2.74824497801626,non-essential
nhoA,SL1344_1513,3.21200702887005,non-essential
fabF,SL1344_1134,2.57236499116914,non-essential
hscC,SL1344_0648,3.87189498748585,non-essential
NA,SL1344_0148,3.22142751009414,non-essential
sgcC,SL1344_1544,3.4483588666827,non-essential
NA,SL1344_0358,3.57762331947556,non-essential
idnK,SL1344_4415,3.40510595468819,non-essential
yaeQ,SL1344_0240,3.72644123130299,non-essential
yqjH,SL1344_3187,3.11688958073048,non-essential
yedI,SL1344_1917,3.23427469933439,non-essential
NA,SL1344_3673A,4.69032766082042,non-essential
hyfR,SL1344_2330,3.28495224659301,non-essential
glyS,SL1344_3620,-3.88785152068716,essential
NA,SL1344_3617,3.24525175473243,non-essential
thiB,SL1344_0108,3.57506216500536,non-essential
yjiP,SL1344_3731,3.47742729336767,non-essential
yigL,SL1344_3916,3.86120844326011,non-essential
eutE,SL1344_2426,3.64406736093123,non-essential
hcaT,SL1344_2516,3.2190972676214,non-essential
rimM,SL1344_2648,-2.3061510784891,essential
NA,SL1344_4096,0.922385133967529,non-essential
NA,SL1344_2662,3.75367594786745,non-essential
NA,SL1344_3051,3.02660363893462,non-essential
arfB,SL1344_0241,3.32793895682665,non-essential
NA,SL1344_0028,2.79626529885651,non-essential
zapD,SL1344_0139,3.56163869700181,non-essential
NA,SL1344_2581,3.31467521824725,non-essential
NA,SL1344_2556,3.7733347510512,non-essential
trmA,SL1344_4078,3.57619746645658,non-essential
cueO,SL1344_0169,4.46666685205141,non-essential
ygfZ,SL1344_3024,0.143740822720382,non-essential
dkgB,SL1344_0250,1.79414834955453,non-essential
NA,SL1344_0325,2.74614972603987,non-essential
nuoF,SL1344_2293,2.91183866948651,non-essential
NA,SL1344_4255,3.86521967648442,non-essential
prlC,SL1344_3559,3.55150243850282,non-essential
NA,SL1344_2344,4.49757764358444,non-essential
crp,SL1344_3433,3.1803368574899,non-essential
elfA,SL1344_3606,3.83406082652336,non-essential
wcaH,SL1344_2084,3.4678278299541,non-essential
hybE,SL1344_3119,2.73180776768123,non-essential
pliG,SL1344_2574,3.84081986577418,non-essential
yggU,SL1344_3077,3.09206871947255,non-essential
rseC,SL1344_2601,3.03470490827176,non-essential
tyrS,SL1344_1381,-3.18856394858965,essential
kdpD,SL1344_0685,3.38618421141657,non-essential
clpX,SL1344_0443,1.0316589752588,non-essential
lepA,SL1344_2545,2.89151552399147,non-essential
flgF,SL1344_1115,3.83982106779964,non-essential
yhhW,SL1344_3510,3.56143350825692,non-essential
ypjD,SL1344_2651,3.64414699625479,non-essential
NA,SL1344_2682,3.71250518240758,non-essential
leuS,SL1344_0636,-3.56771259172154,essential
ispE,SL1344_1707,-6.5,essential
NA,SL1344_2005,3.33880294677164,non-essential
NA,SL1344_3655,2.59748283408662,non-essential
NA,SL1344_4121,3.01823644771945,non-essential
argT,SL1344_2324,3.13276464061474,non-essential
puuC,SL1344_3103,2.95912282055747,non-essential
bglX,SL1344_2144,3.27872254369425,non-essential
rng,SL1344_3342,2.97942633674378,non-essential
topA,SL1344_1646,-1.05123059782393,essential
ligA,SL1344_2390,-4.21167932132637,essential
NA,SL1344_2599,3.56384350435422,non-essential
NA,SL1344_2885,2.98934644057288,non-essential
guaB,SL1344_2472,3.12280917055941,non-essential
ycbL,SL1344_0934,2.91848282981662,non-essential
yccA,SL1344_1025,3.3335395220585,non-essential
rmuC,SL1344_3923,3.71643863994224,non-essential
NA,SL1344_4046,3.7247610037371,non-essential
NA,SL1344_2111,2.79689086873858,non-essential
NA,SL1344_1124,3.6536431107664,non-essential
malE,SL1344_4166,3.12806150094769,non-essential
mdtA,SL1344_2103,2.98357397678421,non-essential
edd,SL1344_1819,3.20971639991774,non-essential
eno,SL1344_2931,-6.5,essential
panF,SL1344_3355,3.22012541145577,non-essential
NA,SL1344_0327,2.71996146399524,non-essential
yfdN,SL1344_1963,1.64242166732949,non-essential
ybbN,SL1344_0497,4.08895001882632,non-essential
rsgA,SL1344_4286,-0.808751387471768,essential
tdcD,SL1344_3214,4.10511898742971,non-essential
wcaI,SL1344_2083,3.15697722124797,non-essential
sfmA,SL1344_0021,4.45299027907258,non-essential
lon,SL1344_0444,2.17499623785835,non-essential
yfcA,SL1344_2351,2.94601277083807,non-essential
glnA,SL1344_3954,1.99442797543118,non-essential
fabG,SL1344_1132,-6.5,essential
lpp,SL1344_1311,2.93450363796739,non-essential
NA,SL1344_3760,2.38875954694416,non-essential
frwC,SL1344_4061,3.79680434662375,non-essential
yhjG,SL1344_3575,2.95394542663501,non-essential
dnaG,SL1344_3184,-3.27222878720755,essential
NA,SL1344_2400,3.44589091175483,non-essential
mgsA,SL1344_1016,3.73540038049117,non-essential
astD,SL1344_1240,3.66217470429496,non-essential
NA,SL1344_3514,4.33900712482217,non-essential
fliO,SL1344_1907,2.48267497908574,non-essential
rsxG,SL1344_1387,2.70289297214847,non-essential
yjiS,SL1344_4452,4.04418942126472,non-essential
ubiX,SL1344_2325,1.89162599051589,non-essential
mdtB,SL1344_2104,3.29277934760728,non-essential
manZ,SL1344_1761,3.12690461822135,non-essential
sufE,SL1344_1308,3.00760270324682,non-essential
spy,SL1344_1243,4.09120572734516,non-essential
NA,SL1344_1196,2.73426304709046,non-essential
NA,SL1344_0014,3.36859777906587,non-essential
nudE,SL1344_3461,3.52985070360306,non-essential
NA,SL1344_4208,3.53200701476167,non-essential
pepE,SL1344_4125,3.0644485075797,non-essential
yfbR,SL1344_2301,3.28357933471124,non-essential
lrhA,SL1344_2299,3.5386075306814,non-essential
zntR,SL1344_3379,2.99529895125996,non-essential
endA,SL1344_3068,2.95991832260301,non-essential
NA,SL1344_0980,4.17723789291183,non-essential
NA,SL1344_2597A,3.81599490004886,non-essential
NA,SL1344_0276,3.47306002897577,non-essential
rcsA,SL1344_1911,3.07775643013743,non-essential
ygiQ,SL1344_3142,3.02836734083558,non-essential
lgoD,SL1344_3058,3.21541483758117,non-essential
NA,SL1344_1317,2.90258760826916,non-essential
NA,SL1344_0738,3.71314549951836,non-essential
hscB,SL1344_2502,2.70205838172348,non-essential
fdoH,SL1344_3983,3.98151360980877,non-essential
ampE,SL1344_0147,4.04133861402577,non-essential
speF,SL1344_0683,3.37566700496395,non-essential
ydcX,SL1344_1527,1.45960242265243,non-essential
rimI,SL1344_4486,3.5773052773538,non-essential
NA,SL1344_4401,2.68360219902695,non-essential
NA,SL1344_2849,3.74868037103021,non-essential
pdxB,SL1344_2339,3.35707697190692,non-essential
lldR,SL1344_3658,3.43820464085967,non-essential
yhbO,SL1344_3242,3.25286963034109,non-essential
NA,SL1344_1550,4.28037257051702,non-essential
lysP,SL1344_2177,2.93034471028096,non-essential
NA,SL1344_2004,3.06679695397846,non-essential
rep,SL1344_3872,-1.6650703650957,essential
lysS,SL1344_3016,-4.06857661560683,essential
NA,SL1344_2223E,4.37001447160621,non-essential
NA,SL1344_4363,3.42822548175177,non-essential
cysU,SL1344_2406,3.40075770068885,non-essential
NA,SL1344_3718,3.49684477262384,non-essential
torC,SL1344_3789,3.33147031505568,non-essential
srlB,SL1344_2814,3.45235185991361,non-essential
NA,SL1344_1935,2.91463049213872,non-essential
mepH,SL1344_1364,2.88687406819358,non-essential
ybjG,SL1344_0841,3.56084531571797,non-essential
ilvC,SL1344_3869,4.15567472938871,non-essential
folK,SL1344_0184,-6.5,essential
dsrB,SL1344_1912,2.84245310989851,non-essential
zapE,SL1344_3318,3.37697263964787,non-essential
wcaK,SL1344_2078,3.88640674960811,non-essential
NA,SL1344_3680,3.09594886076928,non-essential
ompA,SL1344_1010,3.07302352478629,non-essential
tsaC,SL1344_3369,-6.5,essential
yadS,SL1344_0206,3.90695898786217,non-essential
NA,SL1344_1345,4.45305965250631,non-essential
yihL,SL1344_0424,3.51358541779335,non-essential
ygaM,SL1344_2786,3.07503684466861,non-essential
mrp,SL1344_2131,2.83612341092108,non-essential
NA,SL1344_2064,1.04603584539474,non-essential
yejL,SL1344_2204,3.0102407230661,non-essential
qseB,SL1344_3151,3.29841595424664,non-essential
iscU,SL1344_2504,1.3336606220532,non-essential
yqiC,SL1344_3169,2.44914981061974,non-essential
ghrA,SL1344_1072,3.0635434616997,non-essential
aroP,SL1344_0150,3.52393806035074,non-essential
pyrB,SL1344_4391,3.43686401937831,non-essential
tesB,SL1344_0458,2.973439181178,non-essential
yjaH,SL1344_4110,3.38060952380567,non-essential
NA,SL1344_4375,3.67719987108794,non-essential
fepE,SL1344_0577,4.35405685205553,non-essential
NA,SL1344_2added,3.19104142530478,non-essential
mazG,SL1344_2933,3.01328754783757,non-essential
sppA,SL1344_1230,3.3937287000139,non-essential
gatA,SL1344_3231,3.25315671078458,non-essential
NA,SL1344_2219,3.81485591251181,non-essential
thiS,SL1344_4100,3.77251611539067,non-essential
mtn,SL1344_0208,1.25073135015807,non-essential
htpG,SL1344_0480,3.43947101115536,non-essential
elfC,SL1344_4520,4.26003703515697,non-essential
ybiW,SL1344_0819,3.4997336309445,non-essential
rnr,SL1344_4301,3.24430381031539,non-essential
ilvG,SL1344_3861,3.76710227529257,non-essential
guaC,SL1344_0141,4.0020469199039,non-essential
NA,SL1344_1473,2.5661024684009,non-essential
ygcB,SL1344_2923,3.10008450480044,non-essential
NA,SL1344_2434,5.23363219492497,non-essential
oppC,SL1344_1675,3.0357051907795,non-essential
NA,SL1344_2863,4.12022132830851,non-essential
dsdC,SL1344_3768,3.15463036758453,non-essential
NA,SL1344_0031,1.11210469524998,non-essential
thiF,SL1344_4101,3.83575213254447,non-essential
NA,SL1344_2202,2.68860730775032,non-essential
prfH,SL1344_0311,2.9169350632959,non-essential
yhbP,SL1344_3243,3.57976102563893,non-essential
ilvN,SL1344_3761,2.35289590975831,non-essential
hscA,SL1344_2501,2.83728942302163,non-essential
NA,SL1344_1165,3.74980308063912,non-essential
prpE,SL1344_0366,3.20503710799971,non-essential
ybiB,SL1344_0798,3.36608567045627,non-essential
yedZ,SL1344_3351,2.88733730458696,non-essential
NA,SL1344_4130,3.36419963378663,non-essential
NA,SL1344_0671,3.40818401813537,non-essential
yqeG,SL1344_3000,4.01822978598861,non-essential
clsA,SL1344_1670,2.89094664481103,non-essential
yhcF,SL1344_4501,3.96164778132935,non-essential
yjiH,SL1344_4445,2.67126628503954,non-essential
yjjG,SL1344_4487,3.21788714079189,non-essential
NA,SL1344_3012,2.4691253055627,non-essential
NA,SL1344_3134,-0.725025326647113,essential
waaO,SL1344_3684,1.76549227685154,non-essential
NA,SL1344_0162,2.3963020532785,non-essential
yqgA,SL1344_3090,2.86386001223635,non-essential
hisM,SL1344_2321,3.627192346031,non-essential
yniB,SL1344_1258,2.6317666062298,non-essential
caiE,SL1344_0070,3.76075642390146,non-essential
grxD,SL1344_1365,3.21111812963294,non-essential
NA,SL1344_0836,4.38950599429996,non-essential
pqiB,SL1344_1004,2.67031537876958,non-essential
ispU,SL1344_0222,-2.85498924543177,essential
NA,SL1344_1190,4.59529683209111,non-essential
NA,SL1344_0280,3.4097280870287,non-essential
NA,SL1344_4006,3.29840465505908,non-essential
NA,SL1344_3957,3.44844018851676,non-essential
NA,SL1344_1551,4.14400691449049,non-essential
NA,SL1344_0332,4.07900500253926,non-essential
NA,SL1344_4453,-0.365379091343065,essential
NA,SL1344_1598,2.86068546423023,non-essential
NA,SL1344_2019,3.24021507551348,non-essential
NA,SL1344_2728,2.63786523018523,non-essential
fhuF,SL1344_4481,2.96200304867639,non-essential
NA,SL1344_4139,3.74920904951333,non-essential
NA,SL1344_0164,3.94072862965901,non-essential
NA,SL1344_0085,3.48140335368688,non-essential
NA,SL1344_2729,3.51477329970803,non-essential
aat,SL1344_0893,2.73217565347396,non-essential
ulaR,SL1344_4314,3.40005881015941,non-essential
dbpA,SL1344_1586,3.03413427333146,non-essential
ddpX,SL1344_1530,3.47175994145429,non-essential
yicI,SL1344_3715,3.20764105713291,non-essential
ydeJ,SL1344_1444,4.11196953538428,non-essential
NA,SL1344_4388,3.51363500899269,non-essential
NA,SL1344_0354,4.98813895658771,non-essential
yqjG,SL1344_3205,3.5558470424837,non-essential
gph,SL1344_3449,3.25192317478533,non-essential
yfcD,SL1344_2315,3.380416870638,non-essential
hsdS,SL1344_4455,1.77110296691718,non-essential
NA,SL1344_0638,3.92685131143602,non-essential
yigZ,SL1344_3938,3.54267941480523,non-essential
pgk,SL1344_3045,-6.5,essential
rpoD,SL1344_3185,-3.35594998037913,essential
mprA,SL1344_2798,2.75814206364598,non-essential
yjjA,SL1344_4473,3.82057329131843,non-essential
flgL,SL1344_1121,2.53773274469501,non-essential
ybhA,SL1344_0761,3.53424895708443,non-essential
rstA,SL1344_1405,2.90861317559041,non-essential
casA,SL1344_2922,2.79485506301134,non-essential
dksA,SL1344_0187,3.65366124400037,non-essential
usg,SL1344_2338,2.98113278529205,non-essential
hofB,SL1344_0143,4.1629940868676,non-essential
metK,SL1344_3065,-6.5,essential
NA,SL1344_1608,2.68090230057466,non-essential
ftsW,SL1344_0127,-3.58820299029537,essential
srkA,SL1344_3944,2.8316034387018,non-essential
cysE,SL1344_3665,-0.0879845402396839,essential
stfR,SL1344_2552,3.55734583383587,non-essential
lyxK,SL1344_3639,3.42202915704548,non-essential
NA,SL1344_3003,3.32028193080267,non-essential
NA,SL1344_4149,3.04291354297385,non-essential
NA,SL1344_1316,3.90592548730112,non-essential
fau,SL1344_3037,3.04597052143301,non-essential
mak,SL1344_0388,3.05329040982367,non-essential
ydeM,SL1344_3920,3.96072103875863,non-essential
NA,SL1344_1199,3.49459220485211,non-essential
NA,SL1344_4357,4.38367653251562,non-essential
cynR,SL1344_4206,3.37469042882113,non-essential
fumC,SL1344_1400,3.39690547121308,non-essential
yohD,SL1344_2148,3.11983266418694,non-essential
ydiM,SL1344_1296,3.87212304294713,non-essential
rsmH,SL1344_0120,2.50760672876989,non-essential
NA,SL1344_0278,3.93802534231607,non-essential
NA,SL1344_1314,3.76966743324151,non-essential
NA,SL1344_3487,3.09206619331354,non-essential
NA,SL1344_4440,3.85611312425853,non-essential
NA,SL1344_1981,2.58714825118576,non-essential
ybjJ,SL1344_0844,3.15695881534464,non-essential
NA,SL1344_3010,4.2761453038092,non-essential
dacA,SL1344_0625,2.99962271406828,non-essential
ypeB,SL1344_2389,1.73257648834386,non-essential
NA,SL1344_0740,1.14559821387216,non-essential
cmoA,SL1344_1840,3.48188715281267,non-essential
NA,SL1344_2639,3.43998719301404,non-essential
NA,SL1344_1996,2.75771406507898,non-essential
NA,SL1344_3991,3.31763093682688,non-essential
NA,SL1344_0744,4.32825525536498,non-essential
nusG,SL1344_4087,-3.01064197262435,essential
znuC,SL1344_1826,3.05513569324381,non-essential
livK,SL1344_3530,2.95312440908497,non-essential
yecC,SL1344_1880,2.8601538181234,non-essential
ybcY,SL1344_1568,3.34255637616293,non-essential
NA,SL1344_4256,3.74175146886528,non-essential
ybeY,SL1344_0657,-6.5,essential
pheS,SL1344_1271,-6.5,essential
bioH,SL1344_3476,3.90849352054128,non-essential
NA,SL1344_0745,4.33273244302012,non-essential
mtlA,SL1344_3650,3.17728145012564,non-essential
yciO,SL1344_1652,3.09706366873744,non-essential
NA,SL1344_4469,4.22015040678222,non-essential
yecA,SL1344_1871,2.60259673355764,non-essential
ycdZ,SL1344_1075,3.4006405639504,non-essential
qorB,SL1344_4334,3.11561280283277,non-essential
NA,SL1344_1789,5.17346481897704,non-essential
nudK,SL1344_2440,3.61952450700768,non-essential
ppsR,SL1344_1282,3.19970625749114,non-essential
NA,SL1344_0018,3.11200037091322,non-essential
iraP,SL1344_0378,4.4581344592698,non-essential
NA,SL1344_2257,4.76234059025292,non-essential
ynfA,SL1344_1434,3.16944311484508,non-essential
NA,SL1344_3867,3.91846617742263,non-essential
NA,SL1344_3896,3.44926840078697,non-essential
gnsA,SL1344_1737,2.47426396889409,non-essential
NA,SL1344_2365,3.31911063555287,non-essential
NA,SL1344_3323,3.95995472243376,non-essential
cutC,SL1344_1842,3.01966563336397,non-essential
ygfB,SL1344_3035,3.26111632766645,non-essential
cstA,SL1344_0588,3.54845961288201,non-essential
NA,SL1344_1999,3.15947076670047,non-essential
tdk,SL1344_1681,3.61841381360577,non-essential
azoR,SL1344_1572,2.99386413766208,non-essential
ybaZ,SL1344_0460,2.77221505892545,non-essential
mtlD,SL1344_3651,3.10640332297187,non-essential
ydiO,SL1344_1290,4.04295893368009,non-essential
fliK,SL1344_1903,3.10007599001431,non-essential
ugpQ,SL1344_3519,3.53099949425291,non-essential
dnaA,SL1344_3805,-3.30288259580103,essential
NA,SL1344_0320,3.06669293710871,non-essential
NA,SL1344_0351,3.29091853790311,non-essential
purC,SL1344_2450,2.45362358630112,non-essential
sapF,SL1344_1626,2.20012942816567,non-essential
katE,SL1344_1253,3.37924368978578,non-essential
NA,SL1344_2026,3.71500531953372,non-essential
citG,SL1344_0607,3.26213822463128,non-essential
pgsA,SL1344_1875,-6.5,essential
eutT,SL1344_2430,3.34551974246897,non-essential
NA,SL1344_4253,3.03326328803868,non-essential
nrdG,SL1344_4381,3.59645237824697,non-essential
pfkA,SL1344_4011,3.2343087339531,non-essential
yjeH,SL1344_4265,3.54852657701503,non-essential
NA,SL1344_4053,2.83685741231973,non-essential
fimC,SL1344_0538,3.52267538335436,non-essential
NA,SL1344_4365,3.93972030268373,non-essential
yhjV,SL1344_3591,4.18376676171043,non-essential
ydiU,SL1344_1279,2.9332067532289,non-essential
NA,SL1344_0984,3.85154054560728,non-essential
phr,SL1344_0690,3.18688231872417,non-essential
NA,SL1344_1195,2.64789602190594,non-essential
pheP,SL1344_0556,2.80165682190502,non-essential
dnaE,SL1344_0232,-5.04163531210927,essential
ribF,SL1344_0046,-1.78389148319282,essential
xerD,SL1344_3020,2.79553761934753,non-essential
argS,SL1344_1844,-6.5,essential
rfbD,SL1344_2073,3.44485748332853,non-essential
yedJ,SL1344_1921,1.7938644791075,non-essential
ggt,SL1344_3517,2.88419567166818,non-essential
yjtD,SL1344_4527,2.70116946228865,non-essential
tabA,SL1344_4398,2.98745277348916,non-essential
NA,SL1344_1356,1.25737156615993,non-essential
pyrF,SL1344_1639,2.16902216897927,non-essential
rhsE,SL1344_0286B,3.78944980614091,non-essential
focA,SL1344_0911,3.40802826622145,non-essential
lpxP,SL1344_2369,3.3231309967087,non-essential
yhfK,SL1344_3434,3.97329948420936,non-essential
ydaV,SL1344_0953,2.86434300201023,non-essential
yfcC,SL1344_2308,2.96071176015195,non-essential
nadD,SL1344_0633,-2.56002135732057,essential
yqhA,SL1344_3127,3.85678770681922,non-essential
acpT,SL1344_3548,2.7337998669622,non-essential
thiC,SL1344_4103,4.08443538890678,non-essential
NA,SL1344_0054,4.45255414803363,non-essential
NA,SL1344_3100,3.84399705679762,non-essential
ybiO,SL1344_0802,2.91120452133973,non-essential
NA,SL1344_1995,3.3415689798073,non-essential
yidZ,SL1344_3815,3.29832325387679,non-essential
mpaA,SL1344_1610,2.78351913722188,non-essential
ytjB,SL1344_4504,3.6007233398595,non-essential
oppB,SL1344_1676,3.31354725290031,non-essential
NA,SL1344_4003,3.14689474209202,non-essential
lexA,SL1344_4174,-6.5,essential
slyD,SL1344_3422,4.45730005783787,non-essential
ycaR,SL1344_0924,2.30684208180475,non-essential
malG,SL1344_4163,3.20272753213343,non-essential
idi,SL1344_3015,3.13498929800822,non-essential
eptB,SL1344_3600,3.23865913468266,non-essential
NA,SL1344_1183,3.06442143107917,non-essential
NA,SL1344_2029,3.45959157341276,non-essential
NA,SL1344_1048,3.72839907379022,non-essential
ycbK,SL1344_0933,3.2969729533544,non-essential
rfbB,SL1344_2074,4.35146533029741,non-essential
NA,SL1344_1965,2.97776235248135,non-essential
NA,SL1344_2999,3.4229851358312,non-essential
kbl,SL1344_3675,3.42644603571983,non-essential
NA,SL1344_2726,3.60669668306296,non-essential
mlaD,SL1344_3283,3.62543339348211,non-essential
narZ,SL1344_1508,3.59728239100059,non-essential
narG,SL1344_1692,3.43793011474842,non-essential
fadD,SL1344_1747,3.18688944708037,non-essential
NA,SL1344_2853,4.14463352744107,non-essential
yafC,SL1344_0251,2.19428312435942,non-essential
yhhS,SL1344_3546,2.96985794609601,non-essential
rplF,SL1344_3392,-6.5,essential
tsf,SL1344_0218,-6.5,essential
NA,SL1344_2045A,1.61024030004472,non-essential
yfdR,SL1344_1970,3.9720475350933,non-essential
gntK,SL1344_3508,2.9198788334752,non-essential
NA,SL1344_0639,3.87192684652044,non-essential
NA,SL1344_3801,2.14555998885923,non-essential
yaaW,SL1344_0010,3.17481125757776,non-essential
ymfQ,SL1344_1931,3.44629378001691,non-essential
modE,SL1344_0756,2.65157065417949,non-essential
NA,SL1344_0747,3.61948128386426,non-essential
flhC,SL1344_1859,2.95149725538424,non-essential
amiC,SL1344_2969,2.89879815766809,non-essential
NA,SL1344_3740,2.94366858616046,non-essential
NA,SL1344_4374,3.44773703915156,non-essential
zraP,SL1344_4111,3.65993634274129,non-essential
NA,SL1344_2024,4.09088606219148,non-essential
NA,SL1344_4191,1.4324112220985,non-essential
ravA,SL1344_3846,3.2663525186253,non-essential
rplT,SL1344_1270,-6.5,essential
NA,SL1344_0748,3.70584538326323,non-essential
NA,SL1344_4373,3.6005191148349,non-essential
aaeA,SL1344_3337,3.69300872858217,non-essential
NA,SL1344_0550A,3.31602572074694,non-essential
NA,SL1344_1599,3.85774983004312,non-essential
NA,SL1344_2759,3.47903722706039,non-essential
NA,SL1344_1934,3.06564825566109,non-essential
NA,SL1344_1738,3.1669342032477,non-essential
NA,SL1344_4212,0.761581220850608,non-essential
NA,SL1344_3751,3.42845981437918,non-essential
ycgR,SL1344_1726,3.38615267121759,non-essential
NA,SL1344_2561,3.46501100395414,non-essential
opgC,SL1344_1086,4.21936870267204,non-essential
ydiS,SL1344_1286,3.45374465790381,non-essential
macB,SL1344_0881,3.29950739055514,non-essential
phoU,SL1344_3820,3.68930433783802,non-essential
yihU,SL1344_3969,3.35310713393142,non-essential
yegE,SL1344_2100,2.83758573671339,non-essential
anmK,SL1344_1378,3.06386763383269,non-essential
yegH,SL1344_2096,2.01235929557297,non-essential
citF,SL1344_0609,3.40909244857794,non-essential
pinE,SL1344_2757,3.58654909479936,non-essential
nuoC,SL1344_2295,2.69121320307913,non-essential
NA,SL1344_3251,2.0607180755552,non-essential
thrA,SL1344_0002,3.26165613221373,non-essential
rcsC,SL1344_2240,3.16693105672982,non-essential
mnaT,SL1344_1521,3.38427803616685,non-essential
NA,SL1344_1330,3.60054652459798,non-essential
btuD,SL1344_1276,2.21674371056194,non-essential
kdgR,SL1344_1771,3.01158021924533,non-essential
grxB,SL1344_1102,2.81996598243532,non-essential
nrdE,SL1344_2792,2.97853005956424,non-essential
prfA,SL1344_1704,-6.5,essential
rplU,SL1344_3276,-6.5,essential
dapF,SL1344_3901,-1.55189931109728,essential
NA,SL1344_1067,4.40650901953117,non-essential
dusC,SL1344_2151,3.70696364504333,non-essential
hupA,SL1344_4109,3.87615743431224,non-essential
NA,SL1344_2769,2.9350168449889,non-essential
ybhK,SL1344_0777,2.83344916647201,non-essential
ugpC,SL1344_3520,3.7556242671247,non-essential
NA,SL1344_2579,3.19256017778553,non-essential
djlC,SL1344_0647,3.74781409613674,non-essential
NA,SL1344_2012,2.87508394449518,non-essential
btuC,SL1344_1274,3.04402660239563,non-essential
NA,SL1344_3745,3.56121902999867,non-essential
NA,SL1344_0341,2.8329845436487,non-essential
bamC,SL1344_2451,3.2261806578994,non-essential
ribB,SL1344_3168,-6.5,essential
rzpD,SL1344_0967,3.18716003607685,non-essential
smtA,SL1344_0928,3.49557513318119,non-essential
NA,SL1344_0348,3.66403225062294,non-essential
dinJ,SL1344_3484,3.64272435611766,non-essential
pka,SL1344_2615,3.04906579478934,non-essential
fadA,SL1344_3935,3.47468613527991,non-essential
NA,SL1344_2635,2.19239043686563,non-essential
NA,SL1344_4523,2.78753560165841,non-essential
rplK,SL1344_4088,-1.66610197284085,essential
smg,SL1344_3371,4.21752402662652,non-essential
glgS,SL1344_3170,2.37398159171722,non-essential
ftsE,SL1344_3535,-3.30872488891507,essential
ispD,SL1344_2909,-2.86588316697078,essential
ysaA,SL1344_3631,2.6623364817112,non-essential
yhcH,SL1344_3307,3.91909791915408,non-essential
csgB,SL1344_1080,3.67054877572277,non-essential
waaB,SL1344_3685,2.95764319540892,non-essential
dnaX,SL1344_0477,-6.5,essential
NA,SL1344_1957,2.58075234260481,non-essential
pmrD,SL1344_2273,3.57752916198372,non-essential
hisJ,SL1344_2323,3.4131377640299,non-essential
deoD,SL1344_4497,3.15227650963667,non-essential
NA,SL1344_2743,3.32368529601306,non-essential
mntH,SL1344_2376,3.29191254613011,non-essential
NA,SL1344_1791,3.47824222851541,non-essential
ytjC,SL1344_4512,3.8354480860073,non-essential
fabB,SL1344_2347,-2.50031779484403,essential
NA,SL1344_2042,2.64289118729463,non-essential
rtcR,SL1344_3488,3.03645078856088,non-essential
yjfC,SL1344_4309,3.54306563869462,non-essential
poxB,SL1344_0874,3.88288481794847,non-essential
NA,SL1344_4305,3.37117355669301,non-essential
yidQ,SL1344_3777,3.65931382560192,non-essential
NA,SL1344_2006,2.77198475141721,non-essential
NA,SL1344_3013,2.95293554443447,non-essential
ymfL,SL1344_1966,1.17093215663713,non-essential
yeiH,SL1344_2179,3.03428884656353,non-essential
mdtL,SL1344_3814,3.30900215614689,non-essential
ppk,SL1344_2464,3.28838634120777,non-essential
cpxP,SL1344_4009,3.34518060237493,non-essential
rbsC,SL1344_3850,3.65980826316095,non-essential
aegA,SL1344_2442,3.56627553040478,non-essential
NA,SL1344_2309,3.30403905726042,non-essential
cpxA,SL1344_4007,3.61183137465491,non-essential
aphA,SL1344_4185,2.95978812226096,non-essential
accD,SL1344_2335,-6.5,essential
NA,SL1344_2415,4.25764846740911,non-essential
dppD,SL1344_3593,2.894247264166,non-essential
livF,SL1344_3526,3.69748905265633,non-essential
uxuB,SL1344_3110,3.10481746064591,non-essential
rpsC,SL1344_3401,-2.09816951693454,essential
yceO,SL1344_1096,2.52250467871417,non-essential
ybjL,SL1344_0846,3.49228132046143,non-essential
ydbL,SL1344_1574,4.14495593948612,non-essential
ushA,SL1344_0487,3.52036311686183,non-essential
yjjZ,SL1344_4483,2.66764360565712,non-essential
ycfP,SL1344_1147,2.71100444855303,non-essential
NA,SL1344_2575,3.13633329828136,non-essential
cysW,SL1344_2405,3.16113214401296,non-essential
murQ,SL1344_2533,2.90002358283582,non-essential
rplV,SL1344_3402,-6.5,essential
ybjD,SL1344_0878,3.08180405101606,non-essential
NA,SL1344_1525,3.06511204053907,non-essential
NA,SL1344_2173,3.24707867408739,non-essential
NA,SL1344_4094,1.65750097702466,non-essential
yedA,SL1344_1918,3.09620636019365,non-essential
caiD,SL1344_0071,3.81472996956283,non-essential
ybjQ,SL1344_0869,3.2117510630305,non-essential
NA,SL1344_2367,3.97442858639999,non-essential
NA,SL1344_2552A,3.13536654400638,non-essential
NA,SL1344_3165,3.82174348290652,non-essential
NA,SL1344_2847,0.590542739666528,non-essential
NA,SL1344_2758,3.13972313678305,non-essential
NA,SL1344_2438,2.9999951140538,non-essential
rhaS,SL1344_3997,3.07272145474132,non-essential
intE,SL1344_1806,3.34875204588567,non-essential
NA,SL1344_2643,3.3625129862278,non-essential
lgt,SL1344_2980,-6.5,essential
NA,SL1344_1794,3.46886342963644,non-essential
NA,SL1344_4243,3.38206662271385,non-essential
ydfJ,SL1344_1437,4.19889957663659,non-essential
elaD,SL1344_2256,0.787734752897518,non-essential
yigA,SL1344_3902,3.65071367376233,non-essential
NA,SL1344_4153,3.29480458847873,non-essential
ydhC,SL1344_1360,3.29348121297389,non-essential
ybeX,SL1344_0656,2.59541487212962,non-essential
artP,SL1344_0867,2.99309341534655,non-essential
mntR,SL1344_0810,2.59182188773923,non-essential
rpsU,SL1344_3183,-0.265293695418987,essential
NA,SL1344_2031,3.1486950668066,non-essential
NA,SL1344_1040,3.50110566278229,non-essential
NA,SL1344_1318,3.34539207549941,non-essential
yoaD,SL1344_1756,3.2849272014071,non-essential
NA,SL1344_2114,-0.0413339097431735,essential
NA,SL1344_1942,3.70477313912686,non-essential
acrF,SL1344_3364,3.66603277668564,non-essential
NA,SL1344_3702,2.9175477657809,non-essential
NA,SL1344_1462,3.30941326219766,non-essential
NA,SL1344_1461,2.68748987984796,non-essential
rhlE,SL1344_0796,3.47739518907492,non-essential
NA,SL1344_1564,2.57316419661286,non-essential
alaC,SL1344_2370,3.15650587113768,non-essential
NA,SL1344_0176,3.92684162373882,non-essential
NA,SL1344_3224,2.66906004076288,non-essential
yejB,SL1344_2194,2.87431648699853,non-essential
barA,SL1344_2939,3.33620662949521,non-essential
yfaZ,SL1344_2263,2.86261854141438,non-essential
NA,SL1344_0057,3.61040157586499,non-essential
smpB,SL1344_2660,4.37807905465116,non-essential
yeeO,SL1344_1990,2.28842169814297,non-essential
NA,SL1344_2703,1.98973245896472,non-essential
ybiR,SL1344_0811,3.15670342369772,non-essential
bfr,SL1344_3410,3.69562726624763,non-essential
ytfE,SL1344_4332,3.30757395874847,non-essential
NA,SL1344_4249,4.1615649228635,non-essential
NA,SL1344_2059,2.34421382726735,non-essential
NA,SL1344_3105,3.36659987293736,non-essential
rclA,SL1344_0552,2.93679297282225,non-essential
yfiP,SL1344_2614,2.81941017551465,non-essential
uspC,SL1344_1861,3.25155071132124,non-essential
NA,SL1344_0936,2.74004135523674,non-essential
ybgK,SL1344_0694,3.29585248569359,non-essential
NA,SL1344_3129,3.28111030209018,non-essential
NA,SL1344_0600,3.49924054519073,non-essential
fucA,SL1344_2954,3.27175857826904,non-essential
NA,SL1344_2733,1.65400874179975,non-essential
ptrA,SL1344_2973,3.32162998649157,non-essential
yhbE,SL1344_3274,3.29675980526098,non-essential
garL,SL1344_3222,3.17377403919159,non-essential
NA,SL1344_1351,4.60726794043969,non-essential
NA,SL1344_2283,3.58392163262238,non-essential
NA,SL1344_1944,4.10489374810914,non-essential
uup,SL1344_1002,3.26666261005469,non-essential
eutH,SL1344_2423,4.31481155212078,non-essential
rplC,SL1344_3407,-1.94720860425295,essential
NA,SL1344_2224,4.03202894043699,non-essential
yccT,SL1344_1017,2.59041394433648,non-essential
sdaB,SL1344_2951,3.40853611795897,non-essential
NA,SL1344_0955,3.59120159298509,non-essential
NA,SL1344_0963,2.45654702313651,non-essential
NA,SL1344_1888,3.68431249758094,non-essential
qorA,SL1344_4181,2.96127789532642,non-essential
NA,SL1344_0262,3.23843573479828,non-essential
yhgF,SL1344_3471,3.84303262814704,non-essential
murF,SL1344_0124,-3.82422112841698,essential
NA,SL1344_2924,3.62893365441954,non-essential
NA,SL1344_0742,0.474022345058914,non-essential
yehY,SL1344_2142,3.70281143454501,non-essential
nudG,SL1344_1236,3.14842778735254,non-essential
mntP,SL1344_1763,2.22007344927362,non-essential
uacT,SL1344_3597,2.64598003488725,non-essential
treR,SL1344_4386,3.47717954079099,non-essential
nagE,SL1344_0667,3.31169999875875,non-essential
rlmC,SL1344_0859,3.1499269004257,non-essential
rlmN,SL1344_2487,3.26423131977859,non-essential
gudD,SL1344_2941,3.24979957673678,non-essential
cmk,SL1344_0917,1.49892895930224,non-essential
NA,SL1344_3897,4.09594770292003,non-essential
NA,SL1344_2637,3.23932847016149,non-essential
ppiA,SL1344_3439,4.21050779091729,non-essential
NA,SL1344_3141,3.63088312350474,non-essential
yihG,SL1344_3946,2.99170017300627,non-essential
pabC,SL1344_1135,2.88283963210493,non-essential
rpe,SL1344_3450,3.14138256645724,non-essential
yciF,SL1344_1660,3.8810081270573,non-essential
yadH,SL1344_0174,3.50372550175867,non-essential
lysC,SL1344_4156,2.91455620632837,non-essential
entD,SL1344_0572,3.47038931335878,non-essential
ppx,SL1344_2465,3.00417545133463,non-essential
yghW,SL1344_3125,3.85244628109551,non-essential
NA,SL1344_0271,4.05798840836047,non-essential
NA,SL1344_0301,4.63817810584308,non-essential
NA,SL1344_0001,4.4839726095246,non-essential
NA,SL1344_4097,3.33261425103673,non-essential
NA,SL1344_1470,4.16793751027911,non-essential
NA,SL1344_0962,3.6342047787961,non-essential
NA,SL1344_1423,3.37149963462615,non-essential
ttdB,SL1344_3326,4.88519331098564,non-essential
ycaI,SL1344_0920,3.53365072483069,non-essential
NA,SL1344_4435,3.76964001049417,non-essential
NA,SL1344_2669,3.23771026838349,non-essential
NA,SL1344_1985,1.68170403875601,non-essential
NA,SL1344_2511,2.75982068116421,non-essential
NA,SL1344_3830,2.88622610624178,non-essential
rluA,SL1344_0096,3.27123466500764,non-essential
NA,SL1344_2855,3.57415968279445,non-essential
yhhY,SL1344_3512,3.30772443039854,non-essential
NA,SL1344_4132,-0.398296968873156,essential
fliM,SL1344_1905,2.93622820532267,non-essential
dacD,SL1344_2038,2.90125977339395,non-essential
ibpA,SL1344_3776,4.09442707637842,non-essential
ycgB,SL1344_1732,3.16436160243504,non-essential
yaiZ,SL1344_0374,3.49262764950486,non-essential
NA,SL1344_1027,-0.358410719927202,essential
rsmA,SL1344_0091,2.86005628761055,non-essential
NA,SL1344_3253A,2.93412129059957,non-essential
NA,SL1344_3643,2.8845155330284,non-essential
NA,SL1344_0053,4.06504488227709,non-essential
glnH,SL1344_0805,2.74837932322116,non-essential
mukF,SL1344_0929,-3.71440803224524,essential
NA,SL1344_1531,2.68158447026858,non-essential
plsC,SL1344_3147,-3.0159393136552,essential
rhtA,SL1344_0807,3.13147222534548,non-essential
mdlB,SL1344_0455,3.85855763394928,non-essential
fadR,SL1344_1733,3.12684715712056,non-essential
ybgF,SL1344_0732,2.85710220216171,non-essential
rnt,SL1344_1366,2.7930188296172,non-essential
pgl,SL1344_0762,3.55049204847363,non-essential
fkpA,SL1344_3420,4.01396472211342,non-essential
uspA,SL1344_3556,3.55149016261072,non-essential
NA,SL1344_3727,4.18345117217024,non-essential
ybbW,SL1344_0515,2.96573869685129,non-essential
NA,SL1344_4364,3.48844928871623,non-essential
xerC,SL1344_3903,3.32344174456434,non-essential
yeaK,SL1344_1217,3.33214397429155,non-essential
ydcZ,SL1344_1522,2.90006111021922,non-essential
hycH,SL1344_2826,3.60152779382777,non-essential
marA,SL1344_1449,2.95752830783203,non-essential
NA,SL1344_1506,2.48914836039038,non-essential
NA,SL1344_0568,3.18983796228366,non-essential
NA,SL1344_3099,4.25909250415639,non-essential
eutK,SL1344_2418,4.02440503003497,non-essential
yidH,SL1344_3773,3.56000195226444,non-essential
ttdR,SL1344_0328,3.68245303391125,non-essential
yqgE,SL1344_3071,2.37681453117809,non-essential
eutG,SL1344_2424,4.38027845045447,non-essential
rsmB,SL1344_3375,3.85330179925476,non-essential
NA,SL1344_2736,3.15579885102169,non-essential
yebG,SL1344_1816,3.41703586543719,non-essential
ptsP,SL1344_2981,3.06659629385331,non-essential
ftsN,SL1344_4042,3.11510576333256,non-essential
NA,SL1344_0985,4.18041007489809,non-essential
lysA,SL1344_2991,2.74907199862037,non-essential
yqiJ,SL1344_3171,3.33687726917035,non-essential
yiaF,SL1344_3613,3.22122777040843,non-essential
ylbF,SL1344_0524,3.39514196696134,non-essential
fhuE,SL1344_1141,3.94312761222236,non-essential
NA,SL1344_2866,3.74037929275799,non-essential
pnp,SL1344_3255,2.96565266606061,non-essential
bssR,SL1344_0829,2.67508586199845,non-essential
ygdB,SL1344_2976,3.80099432399285,non-essential
malT,SL1344_3482,3.69410716340432,non-essential
NA,SL1344_0342,3.35531644249235,non-essential
lplT,SL1344_2987,3.10377253682552,non-essential
fre,SL1344_3933,3.58826097797984,non-essential
NA,SL1344_1802,3.69305727959838,non-essential
polA,SL1344_3947,0.275805918802935,non-essential
tdcB,SL1344_3216,3.96589105906673,non-essential
glnK,SL1344_0456,3.26100993467796,non-essential
yqjK,SL1344_3203,3.46309019256323,non-essential
tcdA,SL1344_2967,2.57946706579062,non-essential
cra,SL1344_0118,3.24879260012405,non-essential
ribA,SL1344_1643,-2.09095208730299,essential
greA,SL1344_3271,3.02952017680233,non-essential
tmk,SL1344_1137,-6.5,essential
lpxL,SL1344_1092,-3.06094722809957,essential
NA,SL1344_1959,2.96413299891121,non-essential
tdh,SL1344_3674,2.9154230179044,non-essential
lamB,SL1344_4168,3.58774908381083,non-essential
hisS,SL1344_2484,-3.56403442484515,essential
rdgB,SL1344_3078,3.20951412253145,non-essential
rlmD,SL1344_2938,2.96773169493127,non-essential
trxA,SL1344_3875,3.56050665604138,non-essential
yjhG,SL1344_3498,3.31785417224403,non-essential
cobU,SL1344_1994,2.91985868335357,non-essential
NA,SL1344_3495,3.02128078961275,non-essential
NA,SL1344_2070,4.05339478367397,non-essential
NA,SL1344_0673,3.41962386557671,non-essential
thiP,SL1344_0107,3.71653118305833,non-essential
ychE,SL1344_1679,2.79650059808959,non-essential
ariR,SL1344_1202,2.89752317015492,non-essential
yegV,SL1344_2121,2.94745442281044,non-essential
araJ,SL1344_0389,2.97377058121314,non-essential
NA,SL1344_3116,3.17066770902047,non-essential
astB,SL1344_1241,2.98183084771453,non-essential
entA,SL1344_0586,3.35367956935513,non-essential
glyA,SL1344_2517,0.80268837500073,non-essential
garK,SL1344_3220,2.8651476608412,non-essential
NA,SL1344_2747,4.0047183611965,non-essential
obgE,SL1344_3273,-6.5,essential
NA,SL1344_2875,4.28993424253399,non-essential
infB,SL1344_3259,-0.160791823332478,essential
NA,SL1344_1490,3.36576114774839,non-essential
ycaM,SL1344_0906,3.71299344378913,non-essential
NA,SL1344_2698,2.73922261570217,non-essential
dicA,SL1344_0950,-6.5,essential
preA,SL1344_2164,3.03036724365402,non-essential
yfcF,SL1344_2317,3.11320928299351,non-essential
maeB,SL1344_2435,3.30913320623632,non-essential
sfmD,SL1344_0539,3.40664270334688,non-essential
NA,SL1344_4418,4.0290054527005,non-essential
yidA,SL1344_3798,3.21871362759883,non-essential
rplR,SL1344_3391,-6.5,essential
ldtC,SL1344_1152,3.57529128806097,non-essential
atpH,SL1344_3835,2.17181222000197,non-essential
NA,SL1344_1602,3.5980685068722,non-essential
NA,SL1344_1793,2.58624070367255,non-essential
ybjN,SL1344_0853,2.91789606266037,non-essential
treC,SL1344_4384,3.02929057910005,non-essential
NA,SL1344_0504,3.09682659498946,non-essential
NA,SL1344_2373,3.24056654055126,non-essential
NA,SL1344_0965A,4.5022457863552,non-essential
eptA,SL1344_4230,3.82266216514005,non-essential
tsaE,SL1344_4291,-6.5,essential
NA,SL1344_4519,3.89018744160758,non-essential
NA,SL1344_4449,3.51557801336142,non-essential
NA,SL1344_3263,3.28666488718839,non-essential
plsX,SL1344_1129,3.12821080257208,non-essential
fabH,SL1344_1130,-0.691977113161638,essential
cspE,SL1344_0617,2.72358351291993,non-essential
dsbE,SL1344_2223A,4.43131206206264,non-essential
ndh,SL1344_1148,2.80220552210992,non-essential
lptG,SL1344_4410,-3.57955238308211,essential
glnS,SL1344_0668,-6.5,essential
tldD,SL1344_3340,3.85622045788418,non-essential
sanA,SL1344_2161,3.51569289805291,non-essential
flgC,SL1344_1112,3.11898614267397,non-essential
caiA,SL1344_0074,3.4256791538585,non-essential
exuT,SL1344_3108,2.73858055725848,non-essential
yfiR,SL1344_2629,4.37018614943068,non-essential
iadA,SL1344_4443,3.41266985474729,non-essential
NA,SL1344_0537,3.99107368187694,non-essential
yiaJ,SL1344_3632,3.12860775001371,non-essential
narI,SL1344_1689,3.12220408838962,non-essential
phoP,SL1344_1169,3.33163743684922,non-essential
sufS,SL1344_1307,3.65902753142723,non-essential
epmA,SL1344_4281,3.07156618061995,non-essential
lplA,SL1344_4503,2.94193437006074,non-essential
purA,SL1344_4299,3.01799045811611,non-essential
rbn,SL1344_2282,3.69529523431205,non-essential
NA,SL1344_0263,3.66779417893071,non-essential
rpmG,SL1344_3693,2.43769856877297,non-essential
dedD,SL1344_2333,3.26637289525005,non-essential
NA,SL1344_1580,2.27083448529424,non-essential
NA,SL1344_0705,0.953829786144275,non-essential
xanP,SL1344_3713,3.03119032425797,non-essential
ompX,SL1344_0808,3.02246178265861,non-essential
serS,SL1344_0901,-3.64400929389853,essential
malK,SL1344_4167,3.50510343421917,non-essential
rpsI,SL1344_3316,1.2828197516171,non-essential
deoC,SL1344_4494,2.53118096301377,non-essential
NA,SL1344_2015,2.55358616126828,non-essential
NA,SL1344_3599,3.15701555798329,non-essential
nfi,SL1344_4107,3.51570036399975,non-essential
acrR,SL1344_0470,3.71690394804569,non-essential
hflK,SL1344_4297,3.3971414586117,non-essential
ybaE,SL1344_0450,4.00803631741778,non-essential
yihW,SL1344_3971,3.23236526359388,non-essential
NA,SL1344_0601,3.70661631332684,non-essential
aslB,SL1344_0037,3.27416873162009,non-essential
nrfG,SL1344_4218,3.06923831859403,non-essential
NA,SL1344_3978,3.58071144139257,non-essential
srlA,SL1344_2812,3.63647475845429,non-essential
agaC,SL1344_4468,4.26618763364394,non-essential
NA,SL1344_1421,3.40903562226298,non-essential
copA,SL1344_0491,3.68714558419671,non-essential
NA,SL1344_4482,3.3652536379296,non-essential
pyrG,SL1344_2932,-4.10543855448013,essential
mnmA,SL1344_1172,0.0665430276478071,non-essential
NA,SL1344_2592,1.6746982972105,non-essential
bioB,SL1344_0771,4.04013730206295,non-essential
prmA,SL1344_3356,3.43244882000099,non-essential
kdsD,SL1344_3287,3.40352200249046,non-essential
panB,SL1344_0183,3.45729897518172,non-essential
hofP,SL1344_3456,3.04625014747123,non-essential
motA,SL1344_1858,2.59241695904813,non-essential
pbpG,SL1344_2146,3.45485155846046,non-essential
yqhD,SL1344_3138,3.0670445435306,non-essential
acpS,SL1344_2539,-6.5,essential
srlD,SL1344_2815,2.98725876995893,non-essential
speD,SL1344_0166,3.9169946039551,non-essential
yeiG,SL1344_2171,3.58220296444712,non-essential
nudC,SL1344_4105,3.73175859838371,non-essential
metI,SL1344_0247,3.46817741227485,non-essential
ybhB,SL1344_0769,4.21320404223651,non-essential
NA,SL1344_4158,3.38067201414137,non-essential
dapB,SL1344_0065,-3.16213431356581,essential
hmp,SL1344_2518,3.27211664652202,non-essential
ybhS,SL1344_0792,3.51672735800617,non-essential
hisI,SL1344_2055,2.71233100231504,non-essential
pncB,SL1344_0941,2.36000358203654,non-essential
gsk,SL1344_0484,3.36027299010065,non-essential
fliF,SL1344_1898,2.8076780741254,non-essential
NA,SL1344_1799,3.76764263960553,non-essential
rplI,SL1344_4327,3.30132118571332,non-essential
NA,SL1344_2848,4.10483445190027,non-essential
NA,SL1344_4138,3.83772383644565,non-essential
NA,SL1344_0786,4.36002454133713,non-essential
NA,SL1344_2887,2.78230208257078,non-essential
NA,SL1344_0423,3.45384453712419,non-essential
acrD,SL1344_2444,3.32897031498557,non-essential
torR,SL1344_3790,3.73238920327147,non-essential
dmsC,SL1344_0904,4.06229591632377,non-essential
rluF,SL1344_4128,3.17231264105219,non-essential
fdnG,SL1344_1500,3.05549833772546,non-essential
yoaC,SL1344_0322,3.2401539788212,non-essential
msyB,SL1344_1090,2.81216087819234,non-essential
tsaB,SL1344_1749,-6.5,essential
yeeY,SL1344_2046,2.92091917096805,non-essential
yfcQ,SL1344_0200,3.75077388023099,non-essential
mrdB,SL1344_0627,-1.35395201094501,essential
potI,SL1344_0857,3.44394621221943,non-essential
pstB,SL1344_3821,3.89001694967843,non-essential
hisH,SL1344_2052,3.22770109111987,non-essential
alaS,SL1344_2807,-2.64355363390464,essential
dkgA,SL1344_3139,2.88300551750881,non-essential
NA,SL1344_4151,3.98464505585786,non-essential
pdxK,SL1344_2398,2.78739673793264,non-essential
spoT,SL1344_3708,1.77036999848819,non-essential
nuoL,SL1344_2287,3.20748898409135,non-essential
NA,SL1344_3060,2.88076097400689,non-essential
yihQ,SL1344_3965,3.43814494069618,non-essential
NA,SL1344_1939,3.83324051445119,non-essential
ileS,SL1344_0047,-3.95945196629513,essential
yebC,SL1344_1834,2.80662655430329,non-essential
csgG,SL1344_1076,3.86810402638307,non-essential
bamE,SL1344_2657,3.74661677899649,non-essential
NA,SL1344_1415,2.39617091229928,non-essential
amiB,SL1344_4292,3.35460356936258,non-essential
alaE,SL1344_2784,3.47466705130991,non-essential
NA,SL1344_3827,3.94252750735046,non-essential
rpsQ,SL1344_3398,-6.5,essential
bisC,SL1344_3610,2.80074058359689,non-essential
dacC,SL1344_0839,3.3337246357019,non-essential
pspF,SL1344_1621,3.20323887519294,non-essential
ygdR,SL1344_2985,3.81554810316548,non-essential
yjjQ,SL1344_4478,2.85925099110838,non-essential
rfbA,SL1344_2072,3.76404572675653,non-essential
aspS,SL1344_1836,-6.5,essential
rffG,SL1344_3881,3.6362613679881,non-essential
prmC,SL1344_1703,2.51577490453226,non-essential
murI,SL1344_4080,-1.3342386190663,essential
NA,SL1344_1874A,3.21424962329097,non-essential
der,SL1344_2481,-3.77274587178941,essential
fmt,SL1344_3374,-1.18756221490367,essential
NA,SL1344_3733,3.32620106906806,non-essential
folA,SL1344_0088,-6.5,essential
NA,SL1344_4376,3.49755679167815,non-essential
yfhM,SL1344_2494,3.4522945214419,non-essential
NA,SL1344_4470,4.06432937045809,non-essential
pepN,SL1344_0997,3.35587947442979,non-essential
NA,SL1344_2850,4.2106499887113,non-essential
NA,SL1344_2600,3.00751535527556,non-essential
yciT,SL1344_1636,3.36159391302391,non-essential
tatD,SL1344_3930,3.40878830105212,non-essential
yqjC,SL1344_3201,3.30672134473434,non-essential
NA,SL1344_1975,4.48509072703519,non-essential
NA,SL1344_3956,3.76025910816583,non-essential
NA,SL1344_2110,2.6641161441474,non-essential
NA,SL1344_2727,1.9295181824437,non-essential
mobA,SL1344_3942,3.09282015439807,non-essential
NA,SL1344_2551,4.38465667788598,non-essential
fliT,SL1344_1891,2.56397765416042,non-essential
NA,SL1344_2731,-2.86967088633779,essential
NA,SL1344_2685,3.66617505527057,non-essential
NA,SL1344_1973,3.24171904614084,non-essential
hcp,SL1344_0876,3.71741692567868,non-essential
NA,SL1344_3899,3.31572238834381,non-essential
narV,SL1344_1511,3.46255493250533,non-essential
NA,SL1344_2329,3.47947190097735,non-essential
gloA,SL1344_1367,3.26572380222534,non-essential
NA,SL1344_4029,3.0815097772951,non-essential
yccF,SL1344_1014,3.25954234016336,non-essential
mlaE,SL1344_3284,3.75055113388746,non-essential
deoR,SL1344_0840,3.55591691797531,non-essential
rpsE,SL1344_3390,-1.61554750478157,essential
NA,SL1344_3095,2.60912803762547,non-essential
sbmC,SL1344_2037,3.01837693303444,non-essential
NA,SL1344_1484,-0.731700060570524,essential
NA,SL1344_2594,4.35343253876084,non-essential
fadH,SL1344_3192,3.29672154066041,non-essential
NA,SL1344_1203,2.41006321723836,non-essential
frwD,SL1344_4065,3.80276884466392,non-essential
fklB,SL1344_4330,3.59011706141505,non-essential
yjfI,SL1344_4303,2.33172687320803,non-essential
NA,SL1344_2675,3.70259236995922,non-essential
rplP,SL1344_3400,-2.32729984084598,essential
tsaD,SL1344_3182,-6.5,essential
yiaO,SL1344_3638,2.54127839137573,non-essential
pldA,SL1344_3911,3.69324754943385,non-essential
NA,SL1344_2570,3.47166504241719,non-essential
yajO,SL1344_0415,3.10812505110332,non-essential
ybfE,SL1344_0677,3.47046179868571,non-essential
yedK,SL1344_0993,3.57056429631681,non-essential
NA,SL1344_1798,4.39359058712441,non-essential
nagA,SL1344_0665,2.81523065335651,non-essential
NA,SL1344_1463,3.42200923198427,non-essential
gmk,SL1344_3706,-1.56045445806507,essential
gltJ,SL1344_0653,3.23102784489551,non-essential
queC,SL1344_0449,3.81905868947131,non-essential
napD,SL1344_2230,3.32879716272676,non-essential
NA,SL1344_1323,3.06317770965293,non-essential
yafD,SL1344_0253,3.20957852299538,non-essential
ydgH,SL1344_1408,2.57482494346762,non-essential
yfhH,SL1344_2534,2.35450190056549,non-essential
rhaD,SL1344_3994,3.73510073273117,non-essential
zitB,SL1344_0735,3.17942103323525,non-essential
NA,SL1344_0649,2.65792474480197,non-essential
glpE,SL1344_3492,3.84468239753524,non-essential
NA,SL1344_2555,4.13444223301167,non-essential
priA,SL1344_4044,-2.66890450236782,essential
elaB,SL1344_2280,3.1039369997321,non-essential
NA,SL1344_1486,3.0692438556576,non-essential
ybjE,SL1344_0877,3.90396897353603,non-essential
yeaM,SL1344_1215,3.18877352889824,non-essential
glyQ,SL1344_3621,-3.70656994799362,essential
gcvT,SL1344_3031,3.36065123877186,non-essential
csrD,SL1344_3348,3.23188409738653,non-essential
yjjU,SL1344_4490,3.7172896439087,non-essential
viaA,SL1344_3845,3.22928180735263,non-essential
ybfA,SL1344_0689,3.50168847551143,non-essential
NA,SL1344_3736,2.64855666947524,non-essential
galE,SL1344_0753,2.85187372096516,non-essential
minE,SL1344_1744,0.644676304733746,non-essential
sodB,SL1344_1363,2.19815948146705,non-essential
fepD,SL1344_0580,2.54237785772483,non-essential
rnc,SL1344_2543,-2.42968450313757,essential
NA,SL1344_2716,2.99872343319766,non-essential
udk,SL1344_2099,3.14721256059605,non-essential
nadE,SL1344_1245,-6.5,essential
dadX,SL1344_1730,3.52086188394867,non-essential
prfB,SL1344_3017,-2.5745161389222,essential
lolD,SL1344_1155,-2.48660760129997,essential
alr,SL1344_4183,3.11576828063463,non-essential
cysA,SL1344_2404,3.3790467027622,non-essential
purU,SL1344_1687,3.25140442781487,non-essential
ubiE,SL1344_3924,-1.42548405261031,essential
NA,SL1344_1961,3.2710202386864,non-essential
rluD,SL1344_2622,3.14463315891897,non-essential
acs,SL1344_4211,3.46227504245392,non-essential
ftsA,SL1344_0132,-6.5,essential
purN,SL1344_2463,2.99320441918839,non-essential
rpsS,SL1344_3403,-6.5,essential
pstA,SL1344_3822,3.82493595495584,non-essential
yhbY,SL1344_3270,3.99148755501679,non-essential
ynaI,SL1344_1594,3.54284512708571,non-essential
ihfB,SL1344_0919,3.09699983525267,non-essential
mraZ,SL1344_0119,2.85991805289982,non-essential
ridA,SL1344_4389,3.53240069305634,non-essential
rpmH,SL1344_3806,-6.5,essential
fixX,SL1344_0079,3.40293359354725,non-essential
mioC,SL1344_3842,2.39613636840922,non-essential
creA,SL1344_4514,3.07543826302218,non-essential
gntX,SL1344_3477,4.0499703479025,non-essential
ttcA,SL1344_1585,2.9583706989091,non-essential
yfcG,SL1344_2318,3.78654217835777,non-essential
yceA,SL1344_1093,3.01374370204098,non-essential
sgbE,SL1344_3642,3.13001481481518,non-essential
rnpA,SL1344_3807,-2.34216515414304,essential
atpC,SL1344_3831,2.72153134847363,non-essential
truC,SL1344_2945,3.15246058309693,non-essential
arfA,SL1344_3378,3.50427831364444,non-essential
ptsI,SL1344_2395,2.38633506474596,non-essential
rpoB,SL1344_4092,-2.56841993869444,essential
rpoC,SL1344_4093,-5.95418375166149,essential
uraA,SL1344_2460,2.77071847201131,non-essential
flhB,SL1344_1849,3.02470520518648,non-essential
yeiB,SL1344_2169,3.12690018626218,non-essential
rpsG,SL1344_3414,-6.5,essential
talB,SL1344_0007,3.50550179983003,non-essential
glnP,SL1344_0804,2.98684255099693,non-essential
ispF,SL1344_2908,-6.5,essential
oxyR,SL1344_4074,3.72877439811858,non-essential
NA,SL1344_0768,4.05575893813634,non-essential
ftsY,SL1344_3536,-1.64069377456214,essential
atpG,SL1344_3833,2.94788153411999,non-essential
trmL,SL1344_3660,2.96943256169242,non-essential
galS,SL1344_2168,2.60907453960797,non-essential
rlmL,SL1344_1001,3.30326295946317,non-essential
NA,SL1344_3227,3.67704434134906,non-essential
ugpA,SL1344_3522,3.04371040692352,non-essential
ybaB,SL1344_0478,2.88854602911689,non-essential
rbfA,SL1344_3258,0.626917809358988,non-essential
ygdQ,SL1344_2984,3.16418401533168,non-essential
ihfA,SL1344_1273,2.64035525690452,non-essential
nlpD,SL1344_2904,3.13890607366012,non-essential
ispH,SL1344_0050,-6.5,essential
glgX,SL1344_3504,4.15346583055317,non-essential
rpmE,SL1344_4045,2.9503431657155,non-essential
rna,SL1344_0605,3.37880849361322,non-essential
vsr,SL1344_1919,2.77813252077921,non-essential
NA,SL1344_3229,2.7675682406301,non-essential
chiQ,SL1344_0670,3.83138584918521,non-essential
NA,SL1344_0338,4.23893223316068,non-essential
hybG,SL1344_3117,3.17419228081203,non-essential
torD,SL1344_3787,3.80623003886234,non-essential
chbA,SL1344_1249,3.71082956569504,non-essential
yeaR,SL1344_1206,3.17561953035981,non-essential
pfo,SL1344_1581,3.01217663514601,non-essential
ykgM,SL1344_0462,2.69121743594638,non-essential
ugpE,SL1344_3521,3.25524026538959,non-essential
yehT,SL1344_2136,1.28741616503311,non-essential
murC,SL1344_0129,-3.93383676147578,essential
ygbF,SL1344_2916,3.76950576194984,non-essential
rpsB,SL1344_0217,-6.5,essential
rpsJ,SL1344_3408,-6.5,essential
rplN,SL1344_3397,-6.5,essential
NA,SL1344_0708,-0.57943281349792,essential
NA,SL1344_0024,3.40155208897383,non-essential
fhuD,SL1344_0194,3.6331384208555,non-essential
NA,SL1344_1265,3.64474113702539,non-essential
aroG,SL1344_0737,2.94244662490352,non-essential
yfeO,SL1344_2372,2.96535129283735,non-essential
ynbE,SL1344_1575,3.13737874291466,non-essential
ydiH,SL1344_1301,1.14006236938254,non-essential
NA,SL1344_1947,3.90887452476001,non-essential
gtrA,SL1344_0549,4.31335959497773,non-essential
NA,SL1344_0285,3.60370543523256,non-essential
NA,SL1344_1032,1.80717569533801,non-essential
NA,SL1344_1341,3.20522262559771,non-essential
wecG,SL1344_3888,3.0553473394917,non-essential
NA,SL1344_3784,3.55513748322444,non-essential
ychF,SL1344_1712,3.06069244815535,non-essential
yieH,SL1344_3819,4.10906803184159,non-essential
NA,SL1344_1200,0.159709047522305,non-essential
rlmA,SL1344_1764,2.91817403969815,non-essential
NA,SL1344_4134,4.08359939185413,non-essential
NA,SL1344_2634,2.84410592337324,non-essential
rimK,SL1344_0852,3.26304802274875,non-essential
yedQ,SL1344_1915,3.23158235483334,non-essential
phoE,SL1344_0316,3.32566473275966,non-essential
yfeW,SL1344_2441,4.06843313814232,non-essential
dapA,SL1344_2452,-6.5,essential
NA,SL1344_1866,2.66661944654646,non-essential
melB,SL1344_4236,3.73583333183024,non-essential
malQ,SL1344_3480,4.09683321470917,non-essential
ydcR,SL1344_1529,2.70214612787856,non-essential
NA,SL1344_1184,4.19250210128883,non-essential
ygiB,SL1344_3161,3.24631231159628,non-essential
eutJ,SL1344_2425,4.30345289667095,non-essential
solA,SL1344_1097,3.69829608904873,non-essential
NA,SL1344_2032,3.45179231929817,non-essential
NA,SL1344_4196,-0.289662423264573,essential
NA,SL1344_2760,3.45036177463491,non-essential
NA,SL1344_1786,3.7910454355123,non-essential
yegS,SL1344_2117,3.16003000723534,non-essential
yjhC,SL1344_1071,3.51919369567289,non-essential
deaD,SL1344_3253,3.23152471772376,non-essential
NA,SL1344_2787,3.17131809758533,non-essential
csiD,SL1344_2773,3.2072773263019,non-essential
NA,SL1344_2872,4.14762581689729,non-essential
yciE,SL1344_1661,2.90068409190639,non-essential
ais,SL1344_2265,3.87228594197228,non-essential
aes,SL1344_0483,3.45103761522568,non-essential
dcuR,SL1344_4240,3.72653617794902,non-essential
NA,SL1344_2619,2.48826946912877,non-essential
yeaL,SL1344_1216,2.90817596830096,non-essential
eutC,SL1344_2420,4.31515375505639,non-essential
NA,SL1344_2801,2.72759655095574,non-essential
sseB,SL1344_2497,2.58081446361058,non-essential
NA,SL1344_1659,3.61047150473632,non-essential
mscS,SL1344_3043,4.06695596846073,non-essential
NA,SL1344_0564,3.00748993210355,non-essential
nlpE,SL1344_0242,3.58138151553126,non-essential
secA,SL1344_0136,-4.79644157004903,essential
yeiR,SL1344_2189,2.60030108979737,non-essential
gatB,SL1344_3232,3.89985620054935,non-essential
ydiB,SL1344_1293,3.93601229077502,non-essential
patA,SL1344_3191,2.82945495560648,non-essential
menD,SL1344_2278,3.41308984635681,non-essential
aspA,SL1344_4263,3.40292571931772,non-essential
wecC,SL1344_3880,3.09178388963332,non-essential
yjdC,SL1344_4259,3.28797751461517,non-essential
mobB,SL1344_3941,2.12127455501183,non-essential
flgM,SL1344_1109,3.00597244630905,non-essential
yihD,SL1344_3943,1.96265776901959,non-essential
ftsQ,SL1344_0131,-2.10211204902101,essential
fruA,SL1344_2181,2.57176113096205,non-essential
pepA,SL1344_4407,3.39651847259645,non-essential
NA,SL1344_1125,3.38260593241673,non-essential
NA,SL1344_0599,3.2451068879526,non-essential
ptsG,SL1344_1140,3.5167179530772,non-essential
waaH,SL1344_3673,3.91521507568954,non-essential
ynfL,SL1344_1417,2.63464133623792,non-essential
eutD,SL1344_2429,3.72009409014252,non-essential
hybF,SL1344_3118,3.07953596561646,non-essential
ypfJ,SL1344_2449,2.65453917379221,non-essential
greB,SL1344_3470,3.58896973942875,non-essential
pspD,SL1344_1617,3.30542742761954,non-essential
gatD,SL1344_3234,3.67042013637676,non-essential
yafK,SL1344_0308,3.4393632995436,non-essential
NA,SL1344_1166,5.55358901682366,non-essential
waaA,SL1344_3690,-4.10425984810591,essential
yfaE,SL1344_2248,2.93401181312909,non-essential
yfcU,SL1344_0197,4.07398047225525,non-essential
ybeD,SL1344_0624,0.153970536118729,non-essential
ada,SL1344_2235,3.11931877044259,non-essential
NA,SL1344_4383,1.05681792632878,non-essential
dgkA,SL1344_4173,3.25272115538096,non-essential
rimO,SL1344_0828,3.24849551314776,non-essential
opgB,SL1344_4472,3.27557106870991,non-essential
rseP,SL1344_0224,3.08305204137693,non-essential
hypB,SL1344_2835,2.31648819909055,non-essential
ygiC,SL1344_3162,3.26791856120679,non-essential
yhdV,SL1344_3365,4.52911644892495,non-essential
yfgO,SL1344_2456,2.98901001274552,non-essential
preT,SL1344_2163,3.74635006652158,non-essential
NA,SL1344_1596,3.34083860678668,non-essential
NA,SL1344_2152,3.52356915457262,non-essential
gntT,SL1344_3479,3.85107428965319,non-essential
actP,SL1344_4209,3.54285866533597,non-essential
recG,SL1344_3710,3.147471173781,non-essential
NA,SL1344_2571,3.31041998345336,non-essential
NA,SL1344_3513,3.17009507739023,non-essential
NA,SL1344_0555,2.89498897532695,non-essential
yobH,SL1344_1770,4.85696175129843,non-essential
msrB,SL1344_1226,2.61328705620169,non-essential
nhaA,SL1344_0040,3.01728999504908,non-essential
cadA,SL1344_2521,3.20091537010605,non-essential
mdtM,SL1344_4448,3.45890983075658,non-essential
NA,SL1344_0707,-6.5,essential
holD,SL1344_4485,0.503964718889583,non-essential
NA,SL1344_3050,2.95666634803943,non-essential
NA,SL1344_1713,1.95490966421498,non-essential
NA,SL1344_3128,4.20705065502002,non-essential
NA,SL1344_1978,1.97585100453504,non-essential
yaiY,SL1344_0373,3.04145328167815,non-essential
rspA,SL1344_1435,2.96873555243732,non-essential
scpC,SL1344_3092,3.99806616938311,non-essential
rcnA,SL1344_3002,3.08136238435624,non-essential
NA,SL1344_3145,3.86792884569504,non-essential
cmoB,SL1344_1841,3.38507788072447,non-essential
hypE,SL1344_2838,2.8818611963282,non-essential
frwA,SL1344_4060,3.70320201248804,non-essential
fhuC,SL1344_0193,3.84245904289538,non-essential
recN,SL1344_2656,2.92378796428608,non-essential
ybbO,SL1344_0498,3.52158404947721,non-essential
NA,SL1344_2666,3.25353251841579,non-essential
trmI,SL1344_3084,3.32228778185277,non-essential
lptD,SL1344_0094,-4.6584213447879,essential
NA,SL1344_0959,3.0178539055878,non-essential
dgoT,SL1344_3793,3.43449046287236,non-essential
yhfA,SL1344_3432,3.82841473993488,non-essential
NA,SL1344_2723,2.81221666143879,non-essential
NA,SL1344_0421,3.27289056873514,non-essential
yjhX,SL1344_4431,3.62235389166797,non-essential
wcaC,SL1344_2090,2.79256908675054,non-essential
NA,SL1344_1467,3.18899241026176,non-essential
NA,SL1344_1052,3.43071892477293,non-essential
lpxK,SL1344_0922,-2.2734831320052,essential
NA,SL1344_3780,3.86662887214646,non-essential
ylaC,SL1344_0464,3.32338868945421,non-essential
glpT,SL1344_2252,3.17102380078124,non-essential
yiaG,SL1344_3614,3.10740839522715,non-essential
yhhM,SL1344_3539,2.90508508939373,non-essential
NA,SL1344_2697,3.54675368370396,non-essential
moaB,SL1344_0779,3.23345822771643,non-essential
hycG,SL1344_2827,3.22381436536298,non-essential
rplQ,SL1344_3381,-6.5,essential
ynfE,SL1344_1429,3.09626625367827,non-essential
NA,SL1344_1672,3.84503765109019,non-essential
ybcM,SL1344_1022,3.24971723203193,non-essential
NA,SL1344_2560,4.25387565685265,non-essential
acrS,SL1344_3362,2.48816296938085,non-essential
NA,SL1344_4522,4.43177508926524,non-essential
yibT,SL1344_3653,2.87594928740765,non-essential
ybgL,SL1344_0695,2.79838223021128,non-essential
yjiK,SL1344_4247,3.93868102701443,non-essential
NA,SL1344_0405,3.14659052820222,non-essential
mrr,SL1344_4458,3.41540825295943,non-essential
mlrA,SL1344_2138,3.10657787608757,non-essential
hinT,SL1344_1142,2.24570539512622,non-essential
dapE,SL1344_2446,-6.5,essential
NA,SL1344_3602,3.90580777059926,non-essential
NA,SL1344_3004,3.85718684427193,non-essential
cytR,SL1344_4043,3.56995322984798,non-essential
sucC,SL1344_0720,3.04543122471439,non-essential
hemB,SL1344_0367,-3.1296597415971,essential
NA,SL1344_2745,-0.378599455296067,essential
NA,SL1344_2213,3.21638707265461,non-essential
NA,SL1344_3598,2.80890446012803,non-essential
glmU,SL1344_3829,-4.27173921505107,essential
ddlB,SL1344_0130,2.14175102292234,non-essential
NA,SL1344_2843,2.77266397079977,non-essential
cyoC,SL1344_0435,2.8500338548649,non-essential
NA,SL1344_2680,3.00174880220848,non-essential
eutA,SL1344_2422,4.15194044311793,non-essential
NA,SL1344_2861,4.0798215967863,non-essential
hofM,SL1344_3459,3.67466697035742,non-essential
phoH,SL1344_1064,2.83803871987311,non-essential
yegQ,SL1344_2112,2.7284131408747,non-essential
NA,SL1344_0060,2.83331368009533,non-essential
yheU,SL1344_3430,4.08802797799874,non-essential
yabI,SL1344_0105,3.5140775210718,non-essential
yqcA,SL1344_2944,3.67297472225644,non-essential
wecD,SL1344_3883,2.08659770473512,non-essential
trmD,SL1344_2647,-6.5,essential
NA,SL1344_2214,1.42704760221477,non-essential
NA,SL1344_0156,3.51896567050821,non-essential
ycdY,SL1344_1074,2.86763792416248,non-essential
NA,SL1344_2062,2.88675403740887,non-essential
ygiW,SL1344_3150,3.89059362229748,non-essential
NA,SL1344_2869,3.73913509379969,non-essential
NA,SL1344_1204,3.35848690190073,non-essential
NA,SL1344_4095,0.249996533001859,non-essential
NA,SL1344_2314,3.2618128868007,non-essential
NA,SL1344_1804,2.55944519685826,non-essential
norW,SL1344_2821,3.28549797196073,non-essential
NA,SL1344_2673,3.94979476766872,non-essential
NA,SL1344_1945,3.65326443072937,non-essential
ansB,SL1344_3081,3.05549209085593,non-essential
NA,SL1344_2746,-1.53643065840603,essential
purD,SL1344_4114,3.46857883928459,non-essential
yfeK,SL1344_2401,3.14718286271864,non-essential
NA,SL1344_2216,3.91581067069675,non-essential
NA,SL1344_2249,2.99054175380972,non-essential
astE,SL1344_1242,2.43508839441067,non-essential
nadK,SL1344_2655,-6.5,essential
ycfQ,SL1344_1150,3.33387526460573,non-essential
NA,SL1344_1796,4.47652277037814,non-essential
ndk,SL1344_2488,3.03884378105443,non-essential
NA,SL1344_2694,3.53187405887209,non-essential
cvpA,SL1344_2332,3.18943241782228,non-essential
gldA,SL1344_4058,3.6863289495542,non-essential
dps,SL1344_0806,3.8284901395058,non-essential
mdaB,SL1344_3153,3.18600891403181,non-essential
yajD,SL1344_0406,3.00129643940763,non-essential
malY,SL1344_1487,3.33763315048199,non-essential
corA,SL1344_3906,3.51475660339833,non-essential
NA,SL1344_2767,2.97479226465911,non-essential
NA,SL1344_2021,3.49656706969812,non-essential
fliP,SL1344_1908,1.93493226347187,non-essential
yidD,SL1344_3808,2.98530883344053,non-essential
ampD,SL1344_0146,4.13732506375244,non-essential
ybaV,SL1344_0447,3.69371184765077,non-essential
NA,SL1344_2033,3.03242417476474,non-essential
yehX,SL1344_2141,3.40464437162333,non-essential
NA,SL1344_0377,3.121583507347,non-essential
narY,SL1344_1509,3.53808577569177,non-essential
tktB,SL1344_2437,3.44768130639944,non-essential
tktA,SL1344_3052,2.97288614134641,non-essential
yhdT,SL1344_3354,3.83945445013585,non-essential
NA,SL1344_2549,2.97417098679479,non-essential
NA,SL1344_1561,1.91033764565026,non-essential
NA,SL1344_3738,3.3483427720576,non-essential
acnA,SL1344_1644,3.17540942635292,non-essential
fimA,SL1344_0536,4.00575845054581,non-essential
yadE,SL1344_0180,3.55136629137181,non-essential
motB,SL1344_1857,2.67073068162023,non-essential
NA,SL1344_1567,3.84806048384312,non-essential
bioC,SL1344_0773,3.72387290952383,non-essential
cspC,SL1344_1766,3.72378892591741,non-essential
NA,SL1344_0274,3.68391793347151,non-essential
NA,SL1344_4137,2.93757856211017,non-essential
arcA,SL1344_4525,1.69424122457126,non-essential
yhiN,SL1344_3553,2.66818594934767,non-essential
ypfN,SL1344_2447,2.69991585840138,non-essential
yahO,SL1344_0361,3.82022626833868,non-essential
pcm,SL1344_2905,2.711924950025,non-essential
yfeA,SL1344_2378,3.18295508641861,non-essential
moaE,SL1344_0782,2.94485073047696,non-essential
melA,SL1344_4235,3.56532338630248,non-essential
purF,SL1344_2331,3.11848523462769,non-essential
ydgC,SL1344_1406,3.16552861143787,non-essential
NA,SL1344_2210,3.3862194636699,non-essential
rsmJ,SL1344_3558,3.28852069651154,non-essential
xylA,SL1344_3626,2.87759902794195,non-essential
bcsE,SL1344_3587,3.49280095757473,non-essential
cueR,SL1344_0492,3.3170664318978,non-essential
NA,SL1344_1339,4.19958274756086,non-essential
fabI,SL1344_1631,-6.5,essential
NA,SL1344_4358,3.23814241758412,non-essential
NA,SL1344_0034,3.63103303827453,non-essential
NA,SL1344_3661,2.93110063775884,non-essential
mltA,SL1344_2968,3.18809352180419,non-essential
yacL,SL1344_0161,3.89956525512584,non-essential
yrdB,SL1344_3367,3.85696692416798,non-essential
NA,SL1344_2557,3.49607205650377,non-essential
recR,SL1344_0479,3.36058727111644,non-essential
proV,SL1344_2794,4.74421799760261,non-essential
NA,SL1344_2862,4.0516451927732,non-essential
glgC,SL1344_3503,3.76818612591055,non-essential
ydiY,SL1344_1262,3.88874875148812,non-essential
mdtC,SL1344_2105,3.27258519203314,non-essential
bcp,SL1344_2454,3.05372524243708,non-essential
npr,SL1344_3296,2.53372364665936,non-essential
NA,SL1344_3663,4.19719501946152,non-essential
leuB,SL1344_0112,3.57407708994605,non-essential
glpG,SL1344_3491,3.35473035340277,non-essential
serC,SL1344_0914,3.49171678956384,non-essential
NA,SL1344_1797,4.86233696756489,non-essential
nfsB,SL1344_0566,3.31058656279356,non-essential
mrdA,SL1344_0628,-1.54049647166913,essential
yfgJ,SL1344_2480,3.12462633296781,non-essential
sgrR,SL1344_0109,3.70121701270937,non-essential
fliE,SL1344_1897,2.60862175554016,non-essential
gshB,SL1344_3070,3.25730813068602,non-essential
yaiV,SL1344_0369,4.88532126216612,non-essential
NA,SL1344_3564,3.83658672585485,non-essential
NA,SL1344_0310,4.22315963203553,non-essential
ppiB,SL1344_0529,2.12138004775861,non-essential
NA,SL1344_3749,2.83137529956421,non-essential
yhhJ,SL1344_3550,3.18701996914341,non-essential
thiM,SL1344_2124,2.3920112748069,non-essential
adhP,SL1344_1497,2.7804670826809,non-essential
NA,SL1344_1458,3.49694968107913,non-essential
NA,SL1344_1988,2.71823920062393,non-essential
NA,SL1344_0029,3.85865992391307,non-essential
pth,SL1344_1711,-2.06005174665283,essential
NA,SL1344_1325,3.9001906533272,non-essential
yehW,SL1344_2140,3.176587125726,non-essential
trpB,SL1344_1657,2.68996229703159,non-essential
ftsK,SL1344_0898,1.72486279325867,non-essential
NA,SL1344_3980,2.79780778944146,non-essential
msrA,SL1344_4341,3.62315110474984,non-essential
idnO,SL1344_4413,3.71943108088144,non-essential
NA,SL1344_2739,3.21663145798106,non-essential
umuC,SL1344_1925,2.43033663447804,non-essential
tig,SL1344_0441,3.37130816446841,non-essential
mepA,SL1344_2352,3.42030832049957,non-essential
tpiA,SL1344_4030,2.36734154018259,non-essential
coaE,SL1344_0140,-1.66656898188176,essential
ychO,SL1344_1696,3.16791589518714,non-essential
uvrC,SL1344_1876,2.91189007271082,non-essential
yrbG,SL1344_3286,3.59726017205427,non-essential
yedP,SL1344_1914,2.71815293467396,non-essential
potF,SL1344_0854,3.16948584891489,non-essential
metN,SL1344_0248,3.73699727222072,non-essential
mutY,SL1344_3085,3.09002902856757,non-essential
NA,SL1344_2479,2.93925570086598,non-essential
NA,SL1344_2701,3.1904562090457,non-essential
ynfK,SL1344_1419,3.50028251581437,non-essential
NA,SL1344_0352,3.90648760745529,non-essential
moaA,SL1344_0778,3.03814324585264,non-essential
ydgD,SL1344_1414,2.90219304127434,non-essential
NA,SL1344_0861,4.29901116324644,non-essential
hypA,SL1344_2834,3.21060209204377,non-essential
sgcA,SL1344_1546,3.54592914164994,non-essential
baeR,SL1344_2108,2.61851040861737,non-essential
tufB,SL1344_3412,3.83147389542086,non-essential
tufA,SL1344_4085,3.65315248047959,non-essential
ubiB,SL1344_3926,-4.54157843570389,essential
NA,SL1344_2003,3.01646162119703,non-essential
NA,SL1344_2221,2.74424921192548,non-essential
typA,SL1344_3955,3.24295267014449,non-essential
cadC,SL1344_2519,4.10366538128623,non-essential
yigF,SL1344_3907,2.09125102669972,non-essential
ispB,SL1344_3277,-3.454830891854,essential
asnC,SL1344_3843,3.56760582507504,non-essential
dsbA,SL1344_3945,3.43251470788351,non-essential
ydiK,SL1344_1298,3.38999416271417,non-essential
glpC,SL1344_2255,2.63892130315289,non-essential
adhE,SL1344_1680,2.22644151384027,non-essential
cspH,SL1344_1182,4.41131524264429,non-essential
hdfR,SL1344_3858,2.46195846691815,non-essential
panE,SL1344_0428,3.5970740052435,non-essential
yihP,SL1344_3964,3.0289136201982,non-essential
minC,SL1344_1742,3.74315095518969,non-essential
gcvA,SL1344_2962,3.21910363279192,non-essential
yfeC,SL1344_2379,3.38646124781719,non-essential
rpiA,SL1344_3039,-1.29311624592619,essential
tfaE,SL1344_1800,3.70538154815142,non-essential
ybjT,SL1344_0872,3.39257839597694,non-essential
ahr,SL1344_4416,3.22641316263219,non-essential
pnuC,SL1344_0734,3.20893868630205,non-essential
NA,SL1344_0032,0.715380597233947,non-essential
dnaT,SL1344_4475,-6.5,essential
acpP,SL1344_1133,-6.5,essential
rpmA,SL1344_3275,-6.5,essential
tsgA,SL1344_3440,4.16785880549384,non-essential
hybD,SL1344_3120,2.24713314817457,non-essential
nagZ,SL1344_1146,3.32576774695636,non-essential
NA,SL1344_0114,4.92129667647835,non-essential
glgB,SL1344_3505,3.96962207619056,non-essential
NA,SL1344_3569,2.8535091918028,non-essential
NA,SL1344_0964,4.17565272019409,non-essential
NA,SL1344_0644,3.75439693471413,non-essential
NA,SL1344_4402,3.112411443782,non-essential
NA,SL1344_1566,3.3809267912002,non-essential
flgE,SL1344_1114,3.55211491159931,non-essential
zur,SL1344_4177,3.23897296990569,non-essential
uspB,SL1344_3555,3.08458200359814,non-essential
ftnA,SL1344_1868,4.54624224029066,non-essential
NA,SL1344_4370,3.67662739382607,non-essential
ycaC,SL1344_3726,4.07533276225409,non-essential
yaaA,SL1344_0005,3.26139924016396,non-essential
narW,SL1344_1510,3.15392663104245,non-essential
casC,SL1344_2920,3.27213250174052,non-essential
ychJ,SL1344_1686,3.57537583143307,non-essential
rpsL,SL1344_3415,-2.21215158195019,essential
sapD,SL1344_1625,2.05123253311284,non-essential
fliA,SL1344_1885,3.04141333489516,non-essential
era,SL1344_2542,-6.5,essential
SL1344_1967,SL1344_1967,-6.5,essential
rpsH,SL1344_3393,-2.2611750591467,essential
yieE,SL1344_3816,3.80434562089652,non-essential
ynfB,SL1344_1433,3.10704369057698,non-essential
frdD,SL1344_4277,2.48270586430117,non-essential
NA,SL1344_3101,3.99457651658232,non-essential
yebE,SL1344_1814,3.36245896739738,non-essential
prkB,SL1344_3431,4.18644523325597,non-essential
NA,SL1344_1319,3.38388007883869,non-essential
acpH,SL1344_0398,2.86316088510493,non-essential
NA,SL1344_1069,1.18504955662726,non-essential
NA,SL1344_3723,3.54002080339962,non-essential
iscS,SL1344_2505,0.323409357041471,non-essential
tsr,SL1344_4464,3.41760162118286,non-essential
uvrA,SL1344_4190,2.91973184593366,non-essential
fabA,SL1344_1007,-6.5,essential
uvrB,SL1344_0775,3.13242547888028,non-essential
oxc,SL1344_4362,2.93590900038871,non-essential
rplE,SL1344_3395,-1.71467221152061,essential
chbR,SL1344_1250,4.07439975261612,non-essential
NA,SL1344_1792,3.62090015423924,non-essential
chbF,SL1344_1251,3.67498320911038,non-essential
dtpC,SL1344_2522,3.09166430896947,non-essential
dmsB,SL1344_0903,3.77215330499909,non-essential
NA,SL1344_1476,3.78275279989145,non-essential
NA,SL1344_1362A,2.95625052004779,non-essential
NA,SL1344_2402,3.47247751344181,non-essential
NA,SL1344_2475,3.34151216647659,non-essential
yegT,SL1344_2119,2.81774953830471,non-essential
valS,SL1344_4405,-3.98220309108115,essential
NA,SL1344_2553,3.9911205319557,non-essential
yehS,SL1344_2135,3.1022558430706,non-essential
glnE,SL1344_3174,3.60054040324292,non-essential
NA,SL1344_1491,3.35678304731815,non-essential
rhaA,SL1344_3995,3.47160882780492,non-essential
ansA,SL1344_1229,3.16609004342651,non-essential
yjjY,SL1344_4526,3.4278428573865,non-essential
nrfC,SL1344_4215,3.74897790235658,non-essential
ybcF,SL1344_0525,2.72816463953929,non-essential
ychQ,SL1344_1702,2.84791438148147,non-essential
fxsA,SL1344_4264,3.45101581321823,non-essential
parC,SL1344_3148,-4.6275197345661,essential
arnF,SL1344_2272,3.73775938020416,non-essential
ilvA,SL1344_3865,4.25968202541747,non-essential
alsR,SL1344_1065,3.06409688961625,non-essential
yhcO,SL1344_3335,2.6545225957835,non-essential
NA,SL1344_1964,1.87256489444488,non-essential
hrpB,SL1344_0190,3.91916752053363,non-essential
NA,SL1344_2706,2.08240678240077,non-essential
ykgA,SL1344_1601,-6.5,essential
yceD,SL1344_1127,3.49427995370824,non-essential
NA,SL1344_3524,3.54970590086273,non-essential
NA,SL1344_0490,3.27673612141826,non-essential
nikR,SL1344_3549,3.43104205816549,non-essential
rsxC,SL1344_1389,3.02465508740345,non-essential
yqeJ,SL1344_3724,3.81349124418951,non-essential
NA,SL1344_1208,2.78082818492155,non-essential
uspG,SL1344_0602,3.60500637682951,non-essential
pepD,SL1344_0312,3.59106879723466,non-essential
nuoH,SL1344_2291,2.69256243600719,non-essential
gntU,SL1344_3507,3.53007354083638,non-essential
maa,SL1344_0465,4.12750841414203,non-essential
truD,SL1344_2907,2.86046959521395,non-essential
lpxM,SL1344_1823,-1.27122046040523,essential
rluB,SL1344_1651,3.10556814537001,non-essential
NA,SL1344_0297,3.69553268748883,non-essential
casE,SL1344_2918,3.13175937359564,non-essential
ypeC,SL1344_2375,3.5354220340626,non-essential
dsbD,SL1344_4260,3.68652567400728,non-essential
pfkB,SL1344_1261,3.085413197919,non-essential
yshB,SL1344_3951A,2.64966366380706,non-essential
gmr,SL1344_1634,3.23436535973346,non-essential
NA,SL1344_0704,1.7813178508532,non-essential
NA,SL1344_2721,3.98816539189678,non-essential
yhhX,SL1344_3511,2.39847389793461,non-essential
yqiB,SL1344_3158,3.27722470452081,non-essential
secF,SL1344_0403,-1.53726951632294,essential
yhaO,SL1344_3211,3.73485609781848,non-essential
NA,SL1344_1346,4.42335932539343,non-essential
brnQ,SL1344_0394,3.44415045022828,non-essential
speG,SL1344_1432,1.74376770027916,non-essential
sdaC,SL1344_2950,2.84835019079942,non-essential
NA,SL1344_1954,3.10006209974646,non-essential
nepI,SL1344_3741,2.75592423885622,non-essential
NA,SL1344_0279,1.83243543452624,non-essential
secD,SL1344_0402,-4.04924841897596,essential
ettA,SL1344_4508,3.59784842230102,non-essential
lipA,SL1344_0621,-1.14793493260294,essential
rhmT,SL1344_2259,3.64986269864977,non-essential
ynfD,SL1344_1430,2.49199146508051,non-essential
aaeR,SL1344_3339,3.59111093114333,non-essential
mgrB,SL1344_1769,3.74425658184662,non-essential
ompC,SL1344_2237,3.66551107219035,non-essential
thiE,SL1344_4102,3.78982348435423,non-essential
bcsC,SL1344_3581,3.40704213222399,non-essential
lptE,SL1344_0635,-2.4417137261278,essential
NA,SL1344_2313,4.23952782672519,non-essential
yebT,SL1344_1778,3.34153553380816,non-essential
NA,SL1344_1414A,-6.5,essential
NA,SL1344_4426,3.03148219589169,non-essential
sdhC,SL1344_0714,2.75317173252927,non-essential
ycjG,SL1344_1611,2.95248384527334,non-essential
acrA,SL1344_0469,2.01117988083548,non-essential
ycjS,SL1344_2737,3.60047989084213,non-essential
narK,SL1344_1693,3.16266373503688,non-essential
puuB,SL1344_3102,3.7871622616706,non-essential
diaA,SL1344_3239,3.58393092502114,non-essential
NA,SL1344_0036,3.33204967974368,non-essential
NA,SL1344_0066A,3.35283039472598,non-essential
NA,SL1344_3added,4.3016150359168,non-essential
livM,SL1344_3528,3.45408692287531,non-essential
fbaB,SL1344_2118,3.03798174335629,non-essential
ybdG,SL1344_0557,3.90728945014554,non-essential
NA,SL1344_1532,0.215185439951596,non-essential
lysR,SL1344_2992,3.11624791902792,non-essential
NA,SL1344_2298,0.429761228718203,non-essential
NA,SL1344_0275,2.87526584814211,non-essential
yjiX,SL1344_4462,3.72236605062099,non-essential
aroM,SL1344_0385,3.86268524793985,non-essential
NA,SL1344_0990,3.17687758351859,non-essential
yfcO,SL1344_0202,3.83148720428261,non-essential
cdh,SL1344_4013,3.43024508312831,non-essential
NA,SL1344_1929,4.13254755315603,non-essential
NA,SL1344_0432,3.06158188118962,non-essential
ybdM,SL1344_0592,3.27515558696508,non-essential
rarA,SL1344_0900,2.72820486620512,non-essential
NA,SL1344_3987,4.19721446699067,non-essential
srlE,SL1344_2813,3.45857084503091,non-essential
slyB,SL1344_1377,3.34398479862178,non-essential
phoR,SL1344_0393,3.53408574643715,non-essential
yegU,SL1344_2120,2.78821691727686,non-essential
NA,SL1344_0020,3.4595759692232,non-essential
NA,SL1344_4353,3.14829790584609,non-essential
frmR,SL1344_1558,2.46707313823101,non-essential
yhjH,SL1344_3576,3.22632997539344,non-essential
yidG,SL1344_3772,3.68708215899462,non-essential
flgJ,SL1344_1119,3.30790291485822,non-essential
cof,SL1344_0451,4.02187670697581,non-essential
NA,SL1344_3811,2.06134955038807,non-essential
malS,SL1344_3629,3.02602684657188,non-essential
allE,SL1344_0519,3.99472283038528,non-essential
ycdX,SL1344_1073,3.49011958188407,non-essential
ybjI,SL1344_0843,3.18216202974116,non-essential
NA,SL1344_2683,4.14635392973577,non-essential
gstA,SL1344_1383,2.46744111347083,non-essential
NA,SL1344_4350,3.68285767091745,non-essential
NA,SL1344_1938,3.75259307106862,non-essential
artI,SL1344_0866,3.42805204383934,non-essential
alx,SL1344_3197,3.74288240039322,non-essential
NA,SL1344_4189,2.68990226504824,non-essential
rutR,SL1344_1060,3.17964455430602,non-essential
NA,SL1344_1061,3.73988491867754,non-essential
caiC,SL1344_0072,3.80708120441065,non-essential
rhlB,SL1344_3874,3.30933351722928,non-essential
mlaA,SL1344_2361,3.70042223489673,non-essential
NA,SL1344_2546,-2.68344623647956,essential
NA,SL1344_4084,0.208042069627273,non-essential
NA,SL1344_3330,3.40325389492945,non-essential
yheT,SL1344_3429,4.16366368058884,non-essential
malM,SL1344_4169,3.2866711946511,non-essential
NA,SL1344_4022,3.67682652180909,non-essential
ppdA,SL1344_2978,3.52326815933546,non-essential
NA,SL1344_0336,2.00327865847809,non-essential
yeaJ,SL1344_1218,4.0813419924967,non-essential
yfjD,SL1344_2652,3.20794143922468,non-essential
citC,SL1344_0612,3.40883822118592,non-essential
NA,SL1344_0688A,3.70002277716572,non-essential
waaR,SL1344_3683,2.01428145011297,non-essential
NA,SL1344_0291,1.11173720908377,non-essential
frwB,SL1344_4062,3.37816367385122,non-essential
NA,SL1344_1302,3.6877446142608,non-essential
ompL,SL1344_3962,1.94079924831153,non-essential
NA,SL1344_0357,2.99395037331545,non-essential
entF,SL1344_0576,3.24986734589363,non-essential
wecH,SL1344_3623,4.04943644253524,non-essential
yecD,SL1344_1837,3.22170126580624,non-essential
ygdH,SL1344_2949,3.28937034723005,non-essential
NA,SL1344_1479,3.00199899871056,non-essential
NA,SL1344_1783,4.44241312431292,non-essential
NA,SL1344_0295,4.10492246783932,non-essential
NA,SL1344_4197,3.97393166163471,non-essential
yebW,SL1344_1781,2.83906523057668,non-essential
yicH,SL1344_3714,3.39888656850167,non-essential
NA,SL1344_0039,4.2315601033399,non-essential
ydhX,SL1344_2040,2.55363157442277,non-essential
yfgF,SL1344_2466,3.42953852034664,non-essential
yjjP,SL1344_4477,3.24773021536559,non-essential
ydaN,SL1344_1587,3.17558860474891,non-essential
gmd,SL1344_2086,3.27038377068599,non-essential
NA,SL1344_3958,4.08339613487791,non-essential
ybdH,SL1344_0590,3.27843568686849,non-essential
lpd,SL1344_0154,-1.02981915965287,essential
NA,SL1344_3866,4.05622129881382,non-essential
hyaE,SL1344_1718,3.37449159803329,non-essential
ybiV,SL1344_0818,3.05926235505565,non-essential
NA,SL1344_0943,2.99013341484804,non-essential
yjfN,SL1344_4311,4.09902827954197,non-essential
NA,SL1344_2674,1.4946193983839,non-essential
yhjB,SL1344_3571,4.04874172860795,non-essential
NA,SL1344_3315,3.13682365589881,non-essential
ghrB,SL1344_3612,2.73535073527725,non-essential
NA,SL1344_4143,2.77335333809924,non-essential
feoC,SL1344_3474,4.34308883369923,non-essential
NA,SL1344_1987,2.56567139545077,non-essential
rbsR,SL1344_3853,3.48643114734707,non-essential
cysP,SL1344_2407,3.2021386932671,non-essential
nirD,SL1344_3442,3.92278338462468,non-essential
NA,SL1344_4195,1.00770165354455,non-essential
ymiA,SL1344_1644A,3.67692046289668,non-essential
NA,SL1344_2901,2.7975706219183,non-essential
NA,SL1344_1483,2.81348729778371,non-essential
NA,SL1344_0081,4.40656872690813,non-essential
NA,SL1344_3144,4.19615305460867,non-essential
ybbY,SL1344_0517,3.78684604744345,non-essential
rhaT,SL1344_3999,3.04010951223621,non-essential
NA,SL1344_3812,2.25930636799952,non-essential
NA,SL1344_0260,3.32729796020651,non-essential
NA,SL1344_1264,2.27758307366219,non-essential
NA,SL1344_1629,3.07450567320846,non-essential
yidR,SL1344_3778,3.93820455822214,non-essential
uhpB,SL1344_3755,3.64002713675007,non-essential
ydcP,SL1344_1534,2.81020977164826,non-essential
yicG,SL1344_3704,3.71194435635086,non-essential
osmF,SL1344_2143,2.980943672498,non-essential
ompN,SL1344_1404,4.13680589118694,non-essential
yheO,SL1344_3419,4.07371984073994,non-essential
yhiD,SL1344_3729,3.91206861551317,non-essential
ybgI,SL1344_0692,3.50131668722861,non-essential
acrZ,SL1344_0757,2.26542200710026,non-essential
yiiM,SL1344_4005,3.61235267086751,non-essential
NA,SL1344_2554,3.93671116254943,non-essential
ribE,SL1344_0411,-6.5,essential
yhaL,SL1344_3209,3.22839035165991,non-essential
tgt,SL1344_0400,3.10443004076232,non-essential
NA,SL1344_0100,3.39727960387534,non-essential
ydcI,SL1344_1555,3.18017596958163,non-essential
yhaH,SL1344_3206,4.22964281789566,non-essential
NA,SL1344_4328,3.48575217899346,non-essential
gcd,SL1344_0170,4.33181020598601,non-essential
proC,SL1344_0381,2.71821486957207,non-essential
NA,SL1344_0996,3.87897784973746,non-essential
NA,SL1344_2633,-6.5,essential
aroE,SL1344_3368,3.61220253392269,non-essential
ydcO,SL1344_1536,3.219011505172,non-essential
NA,SL1344_1628,2.17109639944623,non-essential
purK,SL1344_0526,3.29140636214807,non-essential
feoB,SL1344_3473,3.86233940797004,non-essential
yiaC,SL1344_3609,2.86415254895249,non-essential
ybdN,SL1344_0593,3.31716719981832,non-essential
rsmF,SL1344_1779,3.12947226770463,non-essential
chrR,SL1344_3817,3.95686756712243,non-essential
bdm,SL1344_1494,4.5064448685727,non-essential
NA,SL1344_2013,2.84173673390518,non-essential
NA,SL1344_0754,4.01322016595785,non-essential
NA,SL1344_3059,2.44525510531658,non-essential
qseC,SL1344_3152,3.15980610817847,non-essential
NA,SL1344_4451,3.78282378048747,non-essential
NA,SL1344_0908,3.71951093982273,non-essential
NA,SL1344_2186,-0.262419913261509,essential
yidJ,SL1344_0084,4.21229626966288,non-essential
ydiR,SL1344_1287,3.20841104223127,non-essential
hyaF,SL1344_1719,3.71992058153803,non-essential
kdpA,SL1344_0688,3.72386311795258,non-essential
nhaR,SL1344_0041,3.27839002557044,non-essential
NA,SL1344_2672,2.75463403668115,non-essential
ynjH,SL1344_1235,3.79480986689597,non-essential
cobC,SL1344_0631,3.44456983590589,non-essential
clpP,SL1344_0442,1.23439025649474,non-essential
wecA,SL1344_3877,3.69604248975004,non-essential
pssA,SL1344_2616,-2.01817426404293,essential
fucO,SL1344_2953,2.51055218113162,non-essential
NA,SL1344_0944,3.12310671198465,non-essential
NA,SL1344_2115,3.91478893675645,non-essential
yjfJ,SL1344_4304,3.09845544818495,non-essential
gsiD,SL1344_0827,3.25366219073145,non-essential
NA,SL1344_1466,3.40758691839724,non-essential
NA,SL1344_1958,3.31452030886723,non-essential
yejE,SL1344_2195,2.79111297897386,non-essential
dgoR,SL1344_3797,3.2259226722868,non-essential
umuD,SL1344_1926,2.57622687516013,non-essential
NA,SL1344_0038,4.05608079330109,non-essential
hycB,SL1344_2832,3.5314611552233,non-essential
allC,SL1344_0520,3.2378838260396,non-essential
ydhU,SL1344_2039,2.45382011310498,non-essential
NA,SL1344_2383,3.13222720785811,non-essential
NA,SL1344_1315,3.41034369077343,non-essential
NA,SL1344_0082,4.45675372653822,non-essential
NA,SL1344_0698,3.38106145379801,non-essential
rlmB,SL1344_4302,3.01860058971855,non-essential
rne,SL1344_1122,1.0692290379098,non-essential
rbbA,SL1344_3551,3.2970245614414,non-essential
ulaA,SL1344_4316,3.7431052491681,non-essential
NA,SL1344_2789,1.57415242909675,non-essential
NA,SL1344_4323,3.35791833867051,non-essential
ulaB,SL1344_4317,3.94070178398969,non-essential
csgF,SL1344_1077,3.62072470809532,non-essential
NA,SL1344_0431,4.06278779454179,non-essential
NA,SL1344_1872,3.72079803298999,non-essential
NA,SL1344_4017,3.57880649099094,non-essential
yehR,SL1344_2133,3.48434191862248,non-essential
NA,SL1344_4018,3.51008910551225,non-essential
rsmG,SL1344_3840,3.15351639637949,non-essential
yehB,SL1344_2127,3.93447787783961,non-essential
NA,SL1344_2311,3.30377772170993,non-essential
ydiP,SL1344_1289,3.10740450572131,non-essential
NA,SL1344_4346,3.89241360950276,non-essential
ydfU,SL1344_1960,3.67947875217453,non-essential
sodA,SL1344_4004,3.49004892877984,non-essential
malF,SL1344_4164,3.63195576438225,non-essential
potH,SL1344_0856,3.46487965089876,non-essential
NA,SL1344_0343,4.29432995110131,non-essential
ynaJ,SL1344_1593,3.45566929243658,non-essential
yhbS,SL1344_3245,3.70003329585527,non-essential
bcsQ,SL1344_3585,3.26412961699168,non-essential
yobF,SL1344_1767,3.84426065593663,non-essential
satP,SL1344_0009,3.50852469606155,non-essential
ydfG,SL1344_1441,3.09516982420223,non-essential
NA,SL1344_2562,3.69233143086941,non-essential
NA,SL1344_2742,3.23297899327775,non-essential
NA,SL1344_2584,4.63743690683888,non-essential
NA,SL1344_2598,3.29904323516503,non-essential
yihR,SL1344_3966,3.52425277561774,non-essential
rhtB,SL1344_3914,3.53467479305156,non-essential
NA,SL1344_3989,3.68883944955882,non-essential
lpxD,SL1344_0227,-3.28193210302363,essential
NA,SL1344_0155,3.07093293704296,non-essential
NA,SL1344_2699,4.15812083470019,non-essential
NA,SL1344_3143,3.19978460881612,non-essential
NA,SL1344_2636,2.72788550690278,non-essential
NA,SL1344_1971,2.79660341607976,non-essential
NA,SL1344_0995,-0.487748968014105,essential
yaiT,SL1344_0368,4.08987396112597,non-essential
NA,SL1344_3570,4.45330240903006,non-essential
NA,SL1344_1424,3.30666524120959,non-essential
fetB,SL1344_0496,3.76862004818339,non-essential
livH,SL1344_3529,3.35329727392433,non-essential
selD,SL1344_1232,3.66750980065503,non-essential
NA,SL1344_0559,3.09837895937927,non-essential
NA,SL1344_0909,2.53224628942742,non-essential
NA,SL1344_0299,4.10722706640771,non-essential
NA,SL1344_0892,2.65531416937045,non-essential
yhjC,SL1344_3572,2.87951876596775,non-essential
yecS,SL1344_1881,2.73875452752538,non-essential
NA,SL1344_4000,3.49969282864335,non-essential
NA,SL1344_0661,2.91159556815865,non-essential
NA,SL1344_1983,3.64507228170352,non-essential
NA,SL1344_3871,3.86517653124653,non-essential
NA,SL1344_4480,2.8790638712371,non-essential
sgcE,SL1344_1547,3.087115853622,non-essential
NA,SL1344_1194,3.13272601245502,non-essential
opgH,SL1344_1088,3.54228268953863,non-essential
yobA,SL1344_1809,3.21655925397966,non-essential
yifL,SL1344_3900,3.04709198166801,non-essential
NA,SL1344_0337,2.90274111823498,non-essential
NA,SL1344_2771,3.15054302642603,non-essential
zinT,SL1344_1198,3.23493465008198,non-essential
NA,SL1344_3563,3.46975867528903,non-essential
dnaN,SL1344_3804,-6.5,essential
NA,SL1344_1788,3.99192012548438,non-essential
NA,SL1344_0267,2.59066676654353,non-essential
recE,SL1344_0946,3.59712973078215,non-essential
NA,SL1344_3961,4.33742355926671,non-essential
hofC,SL1344_0142,3.92112000485148,non-essential
NA,SL1344_1266,0.0334704571419571,non-essential
yiiR,SL1344_4032,3.20361125353803,non-essential
sdhB,SL1344_0717,3.24718852810128,non-essential
NA,SL1344_4518,3.71611183056271,non-essential
yjjW,SL1344_4492,3.36198409278311,non-essential
NA,SL1344_0569,3.09619786849064,non-essential
NA,SL1344_4015,3.22887040410669,non-essential
accB,SL1344_3352,-2.46795792722994,essential
yfeN,SL1344_2386,3.9054454478386,non-essential
NA,SL1344_0560,3.81114571780551,non-essential
yfdX,SL1344_3009,3.30289398732108,non-essential
NA,SL1344_1976,3.73958220519059,non-essential
NA,SL1344_2174,2.90330728370605,non-essential
yedR,SL1344_1922,3.2009428159365,non-essential
NA,SL1344_1324,3.4572699193036,non-essential
ygeX,SL1344_0939,3.77724566791853,non-essential
nhaB,SL1344_1734,3.07216996580691,non-essential
ynjA,SL1344_2788,3.49792269232251,non-essential
NA,SL1344_1460,4.09647494736428,non-essential
ttdA,SL1344_3327,3.06888127032645,non-essential
bglA,SL1344_3027,2.95082028804864,non-essential
mraY,SL1344_0125,-3.49379057135264,essential
fadI,SL1344_2358,2.96803462626518,non-essential
stpA,SL1344_2783,3.2127708190359,non-essential
hslJ,SL1344_1578,3.56208944975499,non-essential
ybiT,SL1344_0813,2.87256743278032,non-essential
NA,SL1344_2067,3.82594734910078,non-essential
yqjI,SL1344_3188,2.64323409426542,non-essential
NA,SL1344_0289,-6.5,essential
napB,SL1344_2226,2.32256746063583,non-essential
NA,SL1344_0960,3.59488879978861,non-essential
rhmD,SL1344_2260,3.87977368793095,non-essential
NA,SL1344_3825,4.17100234565546,non-essential
NA,SL1344_1504,2.45860909601236,non-essential
soxS,SL1344_4201,3.06733677439539,non-essential
eutR,SL1344_2417,4.24218697048527,non-essential
hycD,SL1344_2830,3.56082023590738,non-essential
NA,SL1344_4377,3.71362233475519,non-essential
NA,SL1344_3049,3.43966909029908,non-essential
hofN,SL1344_3458,3.63794587891557,non-essential
fabZ,SL1344_0228,-6.5,essential
nrdF,SL1344_2793,3.55196368974782,non-essential
nuoA,SL1344_2297,2.71088464571414,non-essential
hycA,SL1344_2833,3.33566289648933,non-essential
chbC,SL1344_1248,4.03403390422964,non-essential
uspE,SL1344_1592,3.30036879635285,non-essential
NA,SL1344_0376,2.95668396911666,non-essential
NA,SL1344_0547,1.23212524259289,non-essential
NA,SL1344_4135,3.4237745439329,non-essential
ybdO,SL1344_0594,0.534972686032488,non-essential
NA,SL1344_4203,3.17086312639184,non-essential
yqaA,SL1344_2804,2.15339768935396,non-essential
NA,SL1344_1606,3.72421533896256,non-essential
NA,SL1344_2751,0.460781513591367,non-essential
fes,SL1344_0574,3.42274310786845,non-essential
yajQ,SL1344_0429,3.06953735753672,non-essential
nuoE,SL1344_2294,2.63784941969027,non-essential
ybdZ,SL1344_0575,3.92834247093142,non-essential
NA,SL1344_2641,3.71929853327456,non-essential
putP,SL1344_1063,3.18344802934558,non-essential
NA,SL1344_2490,3.31985634297908,non-essential
NA,SL1344_0296,4.29134401671674,non-essential
NA,SL1344_0149,3.49734163102515,non-essential
gudX,SL1344_2942,3.36151621956788,non-essential
NA,SL1344_2060,2.87326756691288,non-essential
NA,SL1344_0973,4.06541697496856,non-essential
NA,SL1344_3028,3.67670978902525,non-essential
NA,SL1344_0982,4.53025093958156,non-essential
rlmH,SL1344_0629,2.53756335642757,non-essential
nsrR,SL1344_4300,3.9615029462888,non-essential
entE,SL1344_0584,3.72816532978239,non-essential
NA,SL1344_1029,4.66734254676841,non-essential
yehC,SL1344_2128,2.65594614193311,non-essential
NA,SL1344_1662,3.50095144012511,non-essential
NA,SL1344_2478,3.84685982686385,non-essential
NA,SL1344_1946,4.1353266728784,non-essential
NA,SL1344_0334,4.2201009858209,non-essential
NA,SL1344_0505,2.92370531950066,non-essential
ylaB,SL1344_0461,2.573039700687,non-essential
citX,SL1344_0608,3.94331630374946,non-essential
NA,SL1344_3112,3.40835065806877,non-essential
NA,SL1344_2750,3.30558603029887,non-essential
NA,SL1344_1607,2.9017088468501,non-essential
yghU,SL1344_3114,2.86529905870149,non-essential
entB,SL1344_0585,3.77520371198234,non-essential
NA,SL1344_0888,3.17665110780837,non-essential
dut,SL1344_3697,-1.69562282436256,essential
amtB,SL1344_0457,3.41766585285147,non-essential
NA,SL1344_1562,4.30123310981593,non-essential
ybaN,SL1344_1added,3.0392152908971,non-essential
NA,SL1344_3011,3.46931675760027,non-essential
yicS,SL1344_3739,2.58384918705604,non-essential
yaaI,SL1344_0011,3.5265501376278,non-essential
nirC,SL1344_3443,3.68351908311512,non-essential
frdC,SL1344_4278,2.62441629284342,non-essential
NA,SL1344_0681,2.95568314704098,non-essential
NA,SL1344_1896,2.31416151286109,non-essential
ratB,SL1344_2658,2.31506601340236,non-essential
NA,SL1344_0550,3.97108339786712,non-essential
potC,SL1344_1160,2.6228199724211,non-essential
yebK,SL1344_1821,3.28565153530627,non-essential
ygbT,SL1344_2917,3.21101091286559,non-essential
chbG,SL1344_1252,2.75366473460672,non-essential
NA,SL1344_1174,2.64432296690484,non-essential
NA,SL1344_0975,4.15216680774062,non-essential
sdhE,SL1344_3023,3.2389087598775,non-essential
NA,SL1344_1830,3.40072266916787,non-essential
zwf,SL1344_1820,3.20643868623193,non-essential
NA,SL1344_2864,2.91434579214205,non-essential
NA,SL1344_0022,4.09249423291086,non-essential
ydcK,SL1344_1540,3.10675842215846,non-essential
dppC,SL1344_3594,2.96253885407301,non-essential
kdsC,SL1344_3288,2.40647123552102,non-essential
cedA,SL1344_1254,2.99508553049717,non-essential
dcyD,SL1344_1882,3.27471195679731,non-essential
NA,SL1344_3767,2.91026775203848,non-essential
ligB,SL1344_3705,3.28071724703977,non-essential
nupG,SL1344_3088,3.24333210759641,non-essential
fdoI,SL1344_3982,3.0988928285978,non-essential
fepG,SL1344_0579,2.48653474087232,non-essential
hydN,SL1344_2823,3.310539773308,non-essential
NA,SL1344_2882,0.289419939410185,non-essential
yfeH,SL1344_2388,2.98850058414232,non-essential
NA,SL1344_2880,3.96187065318735,non-essential
tolQ,SL1344_0727,2.8200330446716,non-essential
NA,SL1344_2883,3.78044337839354,non-essential
NA,SL1344_2218,2.90286417723658,non-essential
NA,SL1344_2496,4.25184499000515,non-essential
fadJ,SL1344_2357,3.22399221936493,non-essential
uhpA,SL1344_3756,3.3158594717839,non-essential
NA,SL1344_4131,2.08314122237871,non-essential
sgcR,SL1344_1548,3.01274364026559,non-essential
yciN,SL1344_1647,3.04744253636522,non-essential
NA,SL1344_0563,3.35969676615975,non-essential
wcaF,SL1344_2087,4.14555140320807,non-essential
NA,SL1344_0951,2.25067737235798,non-essential
NA,SL1344_2752,0.474486803414988,non-essential
NA,SL1344_0178,4.13795811545099,non-essential
rclB,SL1344_0553,4.6122294595751,non-essential
NA,SL1344_2725,3.22343240319474,non-essential
prmB,SL1344_2354,3.49935057232802,non-essential
tolA,SL1344_0729,2.37655273252249,non-essential
glgA,SL1344_3502,3.88418631354032,non-essential
yebF,SL1344_1815,2.6956132310754,non-essential
NA,SL1344_4471,4.04371456829088,non-essential
mcbR,SL1344_1519,4.12099323651936,non-essential
yncJ,SL1344_1533,3.47722150590434,non-essential
cbdA,SL1344_1720,3.77486277573297,non-essential
tusC,SL1344_3417,2.02454792482365,non-essential
fis,SL1344_3358,3.74023512135716,non-essential
yhjJ,SL1344_3578,3.43865826890407,non-essential
moaC,SL1344_0780,3.15176197822111,non-essential
fruB,SL1344_2183,2.16379296932059,non-essential
csgD,SL1344_1079,2.9844265460748,non-essential
NA,SL1344_3325,4.59029624188861,non-essential
glxR,SL1344_0512,3.87207425244354,non-essential
pepB,SL1344_2498,3.22647323789639,non-essential
speE,SL1344_0167,4.2757806381118,non-essential
tdcA,SL1344_3217,3.78603389669713,non-essential
NA,SL1344_1630,4.40182412274291,non-essential
yiaB,SL1344_3624,4.07945867530721,non-essential
chiP,SL1344_0669,3.66598000001566,non-essential
NA,SL1344_3497,2.8567574975929,non-essential
ulaF,SL1344_4321,4.05834950338764,non-essential
xapR,SL1344_2382,3.43488314859285,non-essential
NA,SL1344_1927,2.65358840746367,non-essential
NA,SL1344_1953,3.91585293300528,non-essential
yjfY,SL1344_4322,3.88147988256489,non-essential
rtcB,SL1344_3486,3.46310031739703,non-essential
NA,SL1344_0059,3.11445683333239,non-essential
yraP,SL1344_3240,3.94208396518709,non-essential
narJ,SL1344_1690,3.64074299770127,non-essential
eutQ,SL1344_2431,3.40446538799117,non-essential
NA,SL1344_2929,3.22103239920329,non-essential
NA,SL1344_1459,3.86780437862308,non-essential
NA,SL1344_3091,2.16788698871443,non-essential
NA,SL1344_1972,2.93807794811318,non-essential
tqsA,SL1344_1411,3.55589115865536,non-essential
ybaL,SL1344_0485,2.76350004547749,non-essential
creC,SL1344_4516,3.70060522200763,non-essential
NA,SL1344_3782,3.98496023422997,non-essential
proW,SL1344_2795,3.11484111246887,non-essential
citB,SL1344_0614,3.92700355183021,non-essential
NA,SL1344_0273,3.57943736854806,non-essential
hybA,SL1344_3123,3.28321997236081,non-essential
NA,SL1344_0234,3.65003428846985,non-essential
ydiZ,SL1344_1260,2.73821217373596,non-essential
NA,SL1344_3895,4.06109781291472,non-essential
nmpC,SL1344_1503,3.22695742654984,non-essential
yneE,SL1344_1457,3.98676124278199,non-essential
NA,SL1344_1186,4.39362189504949,non-essential
yceH,SL1344_1105,3.30244138070476,non-essential
NA,SL1344_1736,3.1651653062019,non-essential
NA,SL1344_3870A,3.84267054054568,non-essential
NA,SL1344_0860,4.01595301989296,non-essential
yqaE,SL1344_2780,3.49184687881837,non-essential
glpR,SL1344_3489,3.09498319284366,non-essential
NA,SL1344_0286A,3.14234553221505,non-essential
NA,SL1344_1471,3.81071061540813,non-essential
yiaL,SL1344_3634,3.66162265270947,non-essential
ybcI,SL1344_0533,2.94428496463242,non-essential
panD,SL1344_0181,3.52962333197923,non-essential
NA,SL1344_1161,3.15147602452245,non-essential
NA,SL1344_1936,3.78011484932153,non-essential
ycaL,SL1344_0916,3.32668145477738,non-essential
ygdG,SL1344_2952,3.06538028082803,non-essential
moeB,SL1344_0821,3.86728209416438,non-essential
yfdC,SL1344_2362,3.32018290998584,non-essential
pstS,SL1344_3824,3.88082488603207,non-essential
narH,SL1344_1691,3.39838072932374,non-essential
fliC,SL1344_2756,3.53789814021745,non-essential
NA,SL1344_0672,3.38438655135974,non-essential
NA,SL1344_1353,2.75072274759849,non-essential
NA,SL1344_3635,3.70616021394584,non-essential
bcsF,SL1344_3588,2.77705298093401,non-essential
yfcS,SL1344_0198,3.72371185137755,non-essential
NA,SL1344_4014,4.2839305637819,non-essential
NA,SL1344_0709,4.34896749282716,non-essential
NA,SL1344_1046,3.77076954837871,non-essential
NA,SL1344_2589,2.60783672313253,non-essential
NA,SL1344_3056,2.75566439216701,non-essential
cadB,SL1344_2520,3.49777855410367,non-essential
mdtH,SL1344_1103,3.04116527790983,non-essential
fdnI,SL1344_1498,3.2843053334805,non-essential
trmH,SL1344_3709,3.29676691053405,non-essential
ygbA,SL1344_2840,3.46973512617787,non-essential
yjdN,SL1344_4225,3.12820678899448,non-essential
metE,SL1344_3919,3.94055442856091,non-essential
yihA,SL1344_3948,-2.09329678125195,essential
psiF,SL1344_0379,3.0532929330973,non-essential
NA,SL1344_2755,3.05968707726221,non-essential
NA,SL1344_4355,3.60295960229188,non-essential
NA,SL1344_4136,3.73919441597707,non-essential
ybeL,SL1344_0641,3.15740304278815,non-essential
cheR,SL1344_1853,3.03969039201449,non-essential
NA,SL1344_4248,4.58168290814443,non-essential
fadM,SL1344_0448,3.30256195971359,non-essential
NA,SL1344_0277,3.21237718402208,non-essential
NA,SL1344_4396,3.32431892190424,non-essential
NA,SL1344_4250,-0.15794314118332,essential
rhmA,SL1344_2258,3.14400815024527,non-essential
NA,SL1344_1191,2.75919199506085,non-essential
NA,SL1344_4521,4.46180105284658,non-essential
NA,SL1344_0061,3.41162532045456,non-essential
NA,SL1344_2710,0.392455046531743,non-essential
NA,SL1344_2397,2.18260075843901,non-essential
cvrA,SL1344_1729,2.99564800411162,non-essential
eutP,SL1344_2432,4.0333232903603,non-essential
yecN,SL1344_1839,3.36708300265265,non-essential
NA,SL1344_0326,2.95464703808729,non-essential
ftnB,SL1344_1865,2.91877189685118,non-essential
yafP,SL1344_3619,3.99481959915515,non-essential
NA,SL1344_0270,3.92119202130253,non-essential
NA,SL1344_1403,2.81333739744088,non-essential
yqiG,SL1344_3007,3.64577165842118,non-essential
fixB,SL1344_0077,3.68614499583762,non-essential
NA,SL1344_4433,1.50748172726591,non-essential
yedF,SL1344_1895,3.61803584626009,non-essential
eutN,SL1344_2427,4.18501461068719,non-essential
NA,SL1344_1553,2.83141341412449,non-essential
NA,SL1344_2547,4.00696351784381,non-essential
NA,SL1344_1118,3.5586688039434,non-essential
yegW,SL1344_2122,2.93695197657079,non-essential
NA,SL1344_0324,3.29759788412257,non-essential
ybdJ,SL1344_0570,3.18479008342311,non-essential
NA,SL1344_4188,3.14990024807751,non-essential
NA,SL1344_4242,3.73012708485856,non-essential
yejM,SL1344_2205,1.62697640938102,non-essential
rob,SL1344_4513,3.57004092406604,non-essential
NA,SL1344_3515,3.89378099730521,non-essential
abrB,SL1344_0711,3.0762167542505,non-essential
NA,SL1344_2513,3.03207407740187,non-essential
NA,SL1344_3960,4.08967546071529,non-essential
NA,SL1344_3061,4.07888012285652,non-essential
yhcG,SL1344_3304,3.76401660018635,non-essential
NA,SL1344_0063,3.53822967586593,non-essential
NA,SL1344_2738,0.660047982349736,non-essential
argD,SL1344_3435,3.91467024190735,non-essential
yohC,SL1344_2147,2.99015570737181,non-essential
gss,SL1344_3113,2.58988878314387,non-essential
NA,SL1344_2510,3.51985555799141,non-essential
NA,SL1344_3601,3.43483166024953,non-essential
NA,SL1344_0302,4.19571751940277,non-essential
NA,SL1344_2155,3.42276567450428,non-essential
NA,SL1344_4047,3.6068016939496,non-essential
caiB,SL1344_0073,3.62760401184744,non-essential
NA,SL1344_1584,3.36719175733292,non-essential
ompT,SL1344_2363,4.1835618211091,non-essential
NA,SL1344_2591,2.27909582020348,non-essential
NA,SL1344_4361,2.90841760529336,non-essential
NA,SL1344_2714,-6.5,essential
ppiC,SL1344_3870,3.52963401946409,non-essential
trpE,SL1344_1654,3.67844683569263,non-essential
insF1,SL1344_0319,3.35437434243292,non-essential
NA,SL1344_0532,2.97205851913847,non-essential
NA,SL1344_4274,3.83167843062489,non-essential
NA,SL1344_0521,4.11076211216527,non-essential
NA,SL1344_2715,-2.27766352843653,essential
proQ,SL1344_1775,2.49811109034764,non-essential
baeS,SL1344_2107,2.83000539425891,non-essential
yhhN,SL1344_3540,2.99584585819492,non-essential
thiI,SL1344_0419,3.35444830652228,non-essential
lsrC,SL1344_4024,3.41596077197811,non-essential
tonB,SL1344_1668,2.62358149178496,non-essential
NA,SL1344_4371,2.72421627175139,non-essential
eutS,SL1344_2433,4.1002283940679,non-essential
garD,SL1344_3223,2.8189576092938,non-essential
mliC,SL1344_1379,3.28399273320443,non-essential
sgbU,SL1344_3641,3.18963386565892,non-essential
NA,SL1344_2684,3.28726838960711,non-essential
rtcA,SL1344_3485,3.33494708747515,non-essential
yqaB,SL1344_2805,2.89231016907616,non-essential
NA,SL1344_3711,2.93076929254611,non-essential
NA,SL1344_3167,3.6996036006789,non-essential
NA,SL1344_0743,4.42356819589606,non-essential
NA,SL1344_1928,2.43165948628458,non-essential
NA,SL1344_3882,3.28556860630993,non-essential
NA,SL1344_0940,3.38831674119013,non-essential
napC,SL1344_2225,2.76245042568474,non-essential
NA,SL1344_2707,-0.139057424892265,essential
NA,SL1344_4252,3.02847992587118,non-essential
iscX,SL1344_2499,2.27751162274759,non-essential
NA,SL1344_2566,3.79007213284452,non-essential
NA,SL1344_2921,2.4616573807912,non-essential
NA,SL1344_2696,4.33107454693076,non-essential
kefF,SL1344_0086,3.39207461552484,non-essential
NA,SL1344_2016,2.61588713025601,non-essential
NA,SL1344_2676,3.72586214361244,non-essential
NA,SL1344_0099A,4.81939110579863,non-essential
NA,SL1344_0971,3.99431189312983,non-essential
NA,SL1344_0886,3.34909054253772,non-essential
NA,SL1344_0746,3.52804198240335,non-essential
ydhZ,SL1344_1322,3.19850312484718,non-essential
ydhI,SL1344_1375,3.04010527792627,non-essential
hsdM,SL1344_4456,3.33643411220656,non-essential
yigI,SL1344_3910,3.34474580871428,non-essential
gudP,SL1344_2943,3.06793928423992,non-essential
NA,SL1344_3225,2.85228501600898,non-essential
NA,SL1344_4239,2.60525449088778,non-essential
NA,SL1344_3763,3.39436352767004,non-essential
fhuA,SL1344_0192,4.05226345684758,non-essential
can,SL1344_0172,-6.5,essential
ybjC,SL1344_0849,3.35845354967678,non-essential
NA,SL1344_1563,1.52015400993018,non-essential
NA,SL1344_0422,3.43860485167749,non-essential
NA,SL1344_2580,3.26236754533612,non-essential
NA,SL1344_2491,3.40761164041946,non-essential
NA,SL1344_0339,3.37235835845378,non-essential
NA,SL1344_1982,3.12818645565057,non-essential
yhjY,SL1344_3607,3.27864955919482,non-essential
NA,SL1344_0015,3.18917072736881,non-essential
argF,SL1344_4395,3.20444475184287,non-essential
aroD,SL1344_1292,3.68446375117172,non-essential
rplJ,SL1344_4090,-6.5,essential
livJ,SL1344_3532,2.75219459806346,non-essential
asnS,SL1344_0937,-6.5,essential
NA,SL1344_0974,4.25881325610428,non-essential
nrdH,SL1344_2790,2.37167470791988,non-essential
xapA,SL1344_2385,3.58214114496462,non-essential
infC,SL1344_1268,-6.5,essential
ydgI,SL1344_1407,2.97286916803926,non-essential
hisC,SL1344_2050,3.45474593154304,non-essential
fimB,SL1344_0697,3.07783851227178,non-essential
nohQ,SL1344_2573,3.61012602688296,non-essential
dsbG,SL1344_0595,2.74698817567409,non-essential
NA,SL1344_1943,3.78806482611513,non-essential
caiF,SL1344_0069,4.56481111189684,non-essential
NA,SL1344_2687,3.45739608442762,non-essential
yceJ,SL1344_1095,3.93079024688375,non-essential
NA,SL1344_2713,-2.90281392239752,essential
gluQ,SL1344_0186,3.72076558822121,non-essential
ycbJ,SL1344_0926,3.84050813832861,non-essential
ybiJ,SL1344_0799,1.97403661065843,non-essential
frlD,SL1344_3565,3.99726993156309,non-essential
quuQ,SL1344_0961,3.77189430372918,non-essential
NA,SL1344_2018,2.87007358003378,non-essential
ysaB,SL1344_3622,3.66206530184462,non-essential
hofO,SL1344_3457,3.18522860933582,non-essential
NA,SL1344_0503,2.97460564772749,non-essential
prc,SL1344_1774,2.68612820800326,non-essential
NA,SL1344_0083A,4.87997913555311,non-essential
sra,SL1344_1495,4.40821459524894,non-essential
NA,SL1344_4432,4.47061596282726,non-essential
yaeH,SL1344_0212,3.53495999654881,non-essential
yqeH,SL1344_3722,1.5711428359562,non-essential
NA,SL1344_4425,2.91221775924893,non-essential
yrbL,SL1344_3297,3.1551291245725,non-essential
NA,SL1344_1313,3.11494806522303,non-essential
ycbU,SL1344_0025,3.51261840671865,non-essential
macA,SL1344_0880,3.5612790288000298,non-essential
NA,SL1344_2001,3.07226860719494,non-essential
NA,SL1344_2902,3.3043849073291,non-essential
NA,SL1344_2638,3.90933311134727,non-essential
NA,SL1344_0355,3.67703780594052,non-essential
NA,SL1344_2688,3.39504403537927,non-essential
NA,SL1344_4394,3.43456328867533,non-essential
quuD,SL1344_2215,4.16669963609587,non-essential
ybcL,SL1344_1021,3.05842873267904,non-essential
recB,SL1344_2972,2.57211863656396,non-essential
aroL,SL1344_0383,3.50910394677663,non-essential
ydbJ,SL1344_1579,3.74223113178439,non-essential
kdpB,SL1344_0687,3.63938444496325,non-essential
erpA,SL1344_0205,-1.72859698575428,essential
cfa,SL1344_1359,2.82807699140669,non-essential
miaA,SL1344_4294,3.39105121527176,non-essential
nudB,SL1344_1835,2.39519736870144,non-essential
hslR,SL1344_3464,3.99371900029044,non-essential
pstC,SL1344_3823,3.95748050043863,non-essential
NA,SL1344_4244,3.61076701773232,non-essential
NA,SL1344_2588,2.69118078283617,non-essential
NA,SL1344_4251,-1.34305339920443,essential
ybeZ,SL1344_0658,2.94500765818734,non-essential
NA,SL1344_0298,3.35676384937525,non-essential
NA,SL1344_4054,3.37189861915318,non-essential
yeeZ,SL1344_2047,2.98808906548077,non-essential
NA,SL1344_3055,2.85005024388057,non-essential
wcaJ,SL1344_2080,3.4993168334618,non-essential
NA,SL1344_2877,4.24776205628,non-essential
ylbE,SL1344_0523,3.22359711857294,non-essential
yidF,SL1344_3771,3.45275367645101,non-essential
asnA,SL1344_3844,3.35228751002479,non-essential
pflC,SL1344_4064,3.83715804751799,non-essential
astA,SL1344_1239,3.35634483735565,non-essential
NA,SL1344_2935,2.54813965134098,non-essential
otsA,SL1344_1862,3.3721826959056,non-essential
nanM,SL1344_1068,3.23310493478404,non-essential
yfcP,SL1344_0201,3.87336466958017,non-essential
casD,SL1344_2919,3.60463924556629,non-essential
yhfL,SL1344_3447,4.10885375411794,non-essential
hycC,SL1344_2831,3.61182282668679,non-essential
yjjI,SL1344_4493,2.79643603315842,non-essential
yfeD,SL1344_2380,3.14055155968674,non-essential
osmB,SL1344_1637,5.10613072268554,non-essential
NA,SL1344_2027,3.5027130674306,non-essential
NA,SL1344_0815,4.22276257062098,non-essential
hflD,SL1344_1171,3.09237304733526,non-essential
nadC,SL1344_0145,4.08489402021759,non-essential
NA,SL1344_2109,3.95780742090568,non-essential
ynfG,SL1344_1427,3.9318065245514,non-essential
tamB,SL1344_4343,3.51569280283504,non-essential
NA,SL1344_2899,2.8662096863686,non-essential
ychN,SL1344_1697,3.12050245844279,non-essential
yceK,SL1344_1089,3.64030235535493,non-essential
NA,SL1344_0889,2.99720864957097,non-essential
NA,SL1344_1055,3.09892152091677,non-essential
ubiD,SL1344_3932,-0.934951336708141,essential
rtn,SL1344_2192,2.9157145461767,non-essential
bamB,SL1344_2482,2.56954270889654,non-essential
yhcC,SL1344_3301,3.75951141559124,non-essential
curA,SL1344_1520,3.09142518370914,non-essential
rpmJ,SL1344_3386,0.478027829143488,non-essential
ydhF,SL1344_1371,3.62634688634158,non-essential
NA,SL1344_0356,3.4423998465556,non-essential
yedS,SL1344_1923,2.72317645218606,non-essential
NA,SL1344_0019,3.34455147913497,non-essential
hisQ,SL1344_2322,3.63676988192264,non-essential
