NP_463126.1	WP_000527217.1	SL1344_4197
NP_461448.1	WP_071822085.1	SL1344_2474
NP_462381.1	WP_014344416.1	SL1344_3445
NP_461450.1	WP_000375791.1	SL1344_2477
NP_490592.1	WP_000986921.1	SL1344_P1_0003
NP_461467.1	WP_000681859.1	SL1344_2494
NP_459969.1	WP_000572724.1	SL1344_0931
NP_462240.1	WP_000965023.1	SL1344_3302
NP_462591.1	WP_001079584.1	SL1344_3656
NP_463023.1	WP_000653965.1	SL1344_4093
NP_459289.1	WP_000272655.1	SL1344_0286
NP_459936.1	WP_001526798.1	SL1344_0898
NP_463022.1	WP_000263106.1	SL1344_4092
NP_447555.1	WP_000537528.1	SL1344_1062
NP_460600.3	WP_000139702.1	SL1344_1571
NP_461500.1	WP_000970045.1	SL1344_2527
NP_459580.1	WP_000194140.1	SL1344_0576
NP_459283.1	WP_001168956.1	SL1344_0280
NP_462279.1	WP_001253500.1	SL1344_3341
NP_463271.1	WP_000060815.1	SL1344_4343
NP_463053.3	WP_000095958.1	SL1344_4123
NP_460720.1	WP_000032881.1	SL1344_1692
NP_460536.1	WP_000040398.1	SL1344_1508
NP_463354.1	WP_001095590.1	SL1344_4424
NP_461701.1	WP_001111809.1	SL1344_2759
NP_463355.1	WP_001019652.1	SL1344_4425
NP_461911.1	WP_001000527.1	SL1344_2972
NP_462517.1	WP_001225192.1	SL1344_3581
NP_460610.1	WP_001193265.1	SL1344_1581
NP_463348.1	WP_000342544.1	SL1344_4418
NP_463385.1	WP_001043484.1	SL1344_4457
NP_459236.1	WP_001294825.1	SL1344_0232
NP_460186.1	WP_001114323.1	SL1344_1153
NP_461913.2	WP_000946827.1	SL1344_2974
NP_461525.2	WP_000514917.1	SL1344_2553
NP_459473.1	WP_000178249.1	SL1344_0471
NP_463211.1	WP_001236755.1	SL1344_4284
NP_459072.1	WP_001126305.1	SL1344_0068
NP_460156.1	WP_000827470.1	SL1344_1122
NP_459346.1	WP_000673160.1	SL1344_0346
NP_459470.1	WP_001132508.1	SL1344_0468
NP_459390.1	WP_001526312.1	SL1344_0390
NP_461072.1	WP_001197805.1	SL1344_2104
NP_462301.1	WP_001273286.1	SL1344_3364
NP_461416.1	WP_001263078.1	SL1344_2444
NP_461530.1	WP_000372065.1	SL1344_2558
NP_461073.1	WP_001210077.1	SL1344_2105
NP_460348.1	WP_000002375.1	SL1344_1317
NP_460330.1	WP_000612921.1	SL1344_1299
NP_462917.1	WP_010989087.1	SL1344_3984
NP_460529.1	WP_010989019.1	SL1344_1500
NP_459024.1	WP_000155792.1	SL1344_0019
NP_461068.1	WP_000042954.1	SL1344_2100
NP_460016.1	WP_010989010.1	SL1344_0980
NP_460553.1	WP_000960833.1	SL1344_1525
NP_459353.3	WP_001651666.1	SL1344_0353
NP_459368.1	WP_000556518.1	SL1344_0368
NP_459101.1	WP_001116976.1	SL1344_0097
NP_461912.1	WP_001138254.1	SL1344_2973
NP_461567.1	WP_000017133.1	SL1344_0946
NP_461969.1	WP_000194975.1	SL1344_3029
NP_462656.1	WP_001143053.1	SL1344_3723
NP_463335.1	WP_000416329.1	SL1344_4405
NP_461213.1	WP_000876078.1	SL1344_2240
NP_462116.1	WP_000188309.1	SL1344_3174
NP_459051.1	WP_001737973.1	SL1344_0047
NP_463119.1	WP_000357724.1	SL1344_4190
NP_490585.1	WP_001007087.1	SL1344_P1_0010
NP_461625.1	WP_001282764.1	SL1344_2668
NP_459721.1	WP_001181501.1	SL1344_0718
NP_462672.1	WP_001252662.1	SL1344_3738
NP_462879.1	WP_000249972.1	SL1344_3947
NP_463393.1	WP_001224211.1	SL1344_4465
NP_460357.1	WP_001050769.1	SL1344_1326
NP_461879.1	WP_000186400.1	SL1344_2939
NP_462726.1	WP_000106953.1	SL1344_3792
NP_461265.3	WP_001518099.1	SL1344_2292
NP_459563.1	WP_001031461.1	SL1344_0559
NP_462662.1	WP_000131288.1	SL1344_3728
NP_463316.1	WP_001738655.1	SL1344_4387
NP_462418.1	WP_000907029.1	SL1344_3482
NP_459141.1	WP_000905756.1	SL1344_0136
NP_462487.3	WP_000202926.1	SL1344_3551
NP_459688.1	WP_000997487.1	SL1344_0685
NP_462199.1	WP_000133064.1	SL1344_3259
NP_460708.1	WP_000301678.1	SL1344_1680
NP_460671.1	WP_000099475.1	SL1344_1644
NP_459219.1	WP_001094519.1	SL1344_0215
NP_461211.1	WP_000083201.1	SL1344_2238
NP_461865.1	WP_000029738.1	SL1344_2923
NP_459157.1	WP_000003852.1	SL1344_0152
NP_461586.1	WP_000082639.1	SL1344_2615
NP_459201.1	WP_000951687.1	SL1344_0197
NP_462999.1	WP_001005548.1	SL1344_4069
NP_490573.1	WP_000793310.1	SL1344_P1_0022
NP_460805.1	WP_001535256.1	SL1344_1778
NP_459269.1	WP_000449778.1	SL1344_0266
NP_461214.1	WP_001281271.1	SL1344_2241
NP_460605.1	WP_000677012.1	SL1344_1576
NP_461748.1	WP_000047224.1	SL1344_2807
NP_462520.1	WP_001275340.1	SL1344_3584
NP_459028.1	WP_001245854.1	SL1344_0023
NP_460031.1	WP_000193784.1	SL1344_0997
NP_459541.1	WP_000754233.1	SL1344_0539
NP_463351.1	WP_001738657.1	SL1344_4421
NP_460673.1	WP_000513593.1	SL1344_1646
NP_459163.1	WP_000888962.1	SL1344_0159
NP_459640.1	WP_001157918.1	SL1344_0636
NP_462396.3	WP_000673808.1	SL1344_3460
NP_461591.1	WP_001235094.1	SL1344_2620
NP_461830.1	WP_001005807.1	SL1344_2888
NP_459333.1	WP_000075343.1	SL1344_0333
NP_462722.1	WP_000790665.1	SL1344_3788
NP_462825.1	WP_000281718.1	SL1344_3894
NP_459180.1	WP_001231776.1	SL1344_0176
NP_462377.1	WP_000049249.1	SL1344_3441
NP_460122.1	WP_001044610.1	SL1344_1088
NP_463449.1	WP_001160706.1	SL1344_4520
NP_462539.1	WP_000220312.1	SL1344_3604
NP_460518.1	WP_000613145.1	SL1344_1489
NP_459195.1	WP_000918127.1	SL1344_0191
NP_459299.1	WP_000669634.1	SL1344_0297
NP_462991.1	WP_001128495.1	SL1344_4060
NP_459493.1	WP_000083899.1	SL1344_0491
NP_461945.1	WP_000705483.1	SL1344_3007
NP_461094.1	WP_000945364.1	SL1344_2127
NP_461202.1	WP_000778097.1	SL1344_2229
NP_459194.1	WP_001738008.1	SL1344_0190
NP_459007.1	WP_001264681.1	SL1344_0002
NP_462435.1	WP_000993428.1	SL1344_3501
NP_459940.1	WP_000850250.1	SL1344_0902
NP_459307.1	WP_000973041.1	SL1344_0305
NP_460459.1	WP_001117602.1	SL1344_1429
NP_463229.1	WP_000076357.1	SL1344_4301
NP_460024.1	WP_001144682.1	SL1344_0988
NP_460458.1	WP_000705294.1	SL1344_1428
NP_462982.1	WP_000110806.1	SL1344_4050
NP_459820.1	WP_000192673.1	SL1344_0819
NP_463100.1	WP_000017359.1	SL1344_4172
NP_462735.1	WP_000072047.1	SL1344_3802
NP_459503.1	WP_000561776.1	SL1344_0501
NP_459229.1	WP_001240935.1	SL1344_0225
NP_490509.1	WP_000007893.1	SL1344_P1_0088
NP_463428.1	WP_000876250.1	SL1344_4499
NP_461465.1	WP_001521637.1	SL1344_2492
NP_462417.1	WP_000082246.1	SL1344_3481
NP_459174.1	WP_000829731.1	SL1344_0170
NP_460304.1	WP_000672400.1	SL1344_1272
NP_460315.1	WP_000069340.1	SL1344_1283
NP_461524.1	WP_014344380.1	SL1344_2552
NP_461184.1	WP_001115840.1	SL1344_2217
NP_459098.1	WP_000746126.1	SL1344_0094
NP_463076.1	WP_001262500.1	SL1344_4146
NP_459446.1	WP_001067723.1	SL1344_0444
NP_463170.3	WP_000403482.1	SL1344_4242
NP_459102.1	WP_000035723.1	SL1344_0098
NP_461011.1	WP_000703998.1	SL1344_2043
NP_462238.1	WP_000809815.1	SL1344_3300
NP_462545.1	WP_000148453.1	SL1344_3610
NP_462407.3	WP_000980662.1	SL1344_3471
NP_462649.1	WP_000702987.1	SL1344_3715
NP_462409.1	WP_000736973.1	SL1344_3473
NP_461466.1	WP_001014757.1	SL1344_2493
NP_462519.1	WP_000823813.1	SL1344_3583
NP_462994.1	WP_000149714.1	SL1344_4063
NP_461111.1	WP_000871560.1	SL1344_2144
NP_459778.1	WP_000482001.1	SL1344_0776
NP_462155.1	WP_000867323.1	SL1344_3213
NP_459348.1	WP_000083318.1	SL1344_0348
NP_461219.1	WP_001076487.1	SL1344_2246
NP_459948.1	WP_001292799.1	SL1344_0910
NP_461407.1	WP_000344297.1	SL1344_2435
NP_459603.1	WP_000064328.1	SL1344_0599
NP_461010.1	WP_000028228.1	SL1344_2041
NP_459922.1	WP_000934063.1	SL1344_0884
NP_463161.1	WP_001542850.1	SL1344_4233
NP_462850.1	WP_000154192.1	SL1344_3919
NP_459958.1	WP_000705784.1	SL1344_0920
NP_462089.1	WP_001281908.1	SL1344_3148
NP_459577.1	WP_001034955.1	SL1344_0573
NP_463400.3	WP_001292726.1	SL1344_4472
NP_460284.1	WP_000019119.1	SL1344_1253
NP_461920.1	WP_000957887.1	SL1344_2981
NP_490588.1	WP_000009318.1	SL1344_P1_0007
NP_461763.1	WP_000963438.1	SL1344_2822
NP_461877.1	WP_000226838.1	SL1344_2937
NP_463146.1	WP_000551709.1	SL1344_4217
NP_459804.1	WP_001267705.1	SL1344_0802
NP_461438.1	WP_000773647.1	SL1344_2466
NP_460420.1	WP_000915668.1	SL1344_1389
NP_462976.1	WP_000109379.1	SL1344_4044
NP_462477.1	WP_000106641.1	SL1344_3541
NP_459686.1	WP_001292402.1	SL1344_0683
NP_461452.1	WP_000252220.1	SL1344_2479
NP_462868.1	WP_000965998.1	SL1344_3936
NP_461351.1	WP_001112946.1	SL1344_2378
NP_459287.1	WP_000011535.1	SL1344_0284
NP_459196.1	WP_000113220.1	SL1344_0192
NP_462439.1	WP_000098543.1	SL1344_3505
NP_462987.1	WP_000108103.1	SL1344_4056
NP_461704.3	WP_001521281.1	SL1344_2762
NP_461620.1	WP_000196159.1	SL1344_2663
NP_460174.1	WP_000008410.1	SL1344_1141
NP_462083.1	WP_001274458.1	SL1344_3142
NP_462836.1	WP_000383441.1	SL1344_3905
NP_461927.1	WP_000896102.1	SL1344_2988
NP_461061.1	WP_000136405.1	SL1344_2093
NP_460047.1	WP_000950880.1	SL1344_1013
NP_463391.1	WP_000379927.1	SL1344_4463
NP_463150.1	WP_011233236.1	SL1344_4221
NP_461330.1	WP_000214154.1	SL1344_2357
NP_461733.1	WP_000246625.1	SL1344_2792
NP_461494.1	WP_001100652.1	SL1344_2521
NP_461280.1	WP_000086692.1	SL1344_2307
NP_460554.1	WP_000165648.1	SL1344_1526
NP_459799.1	WP_001218630.1	SL1344_0797
NP_459239.1	WP_001021054.1	SL1344_0235
NP_463313.1	WP_000187818.1	SL1344_4382
NP_460006.1	WP_000989241.1	SL1344_0969
NP_462195.1	WP_001670767.1	SL1344_3255
NP_462030.1	WP_000839739.1	SL1344_3089
NP_462398.1	WP_000104094.1	SL1344_3462
NP_460546.1	WP_000692042.1	SL1344_1518
NP_462350.1	WP_000124693.1	SL1344_3413
NP_462642.1	WP_000280481.1	SL1344_3708
NP_461079.1	WP_000434242.1	SL1344_2111
NP_460035.1	WP_001086485.1	SL1344_1001
NP_459359.1	WP_001127725.1	SL1344_0359
NP_459592.1	WP_001043109.1	SL1344_0588
NP_462298.1	WP_001145331.1	SL1344_3361
NP_459023.1	WP_000235798.1	SL1344_0018
NP_463090.1	WP_000750804.1	SL1344_4161
NP_462370.1	WP_000269311.1	SL1344_3434
NP_463350.1	WP_001193068.1	SL1344_4420
NP_462644.1	WP_000016748.1	SL1344_3710
NP_460008.1	WP_010989008.1	SL1344_0972
NP_462416.1	WP_000428721.1	SL1344_3480
NP_461780.1	WP_000122692.1	SL1344_2839
NP_460870.1	WP_000002386.1	SL1344_1848
NP_460517.1	WP_000210599.1	SL1344_1488
NP_462555.1	WP_001291736.1	SL1344_3620
NP_461672.1	WP_001520307.1	SL1344_2729
NP_463127.1	WP_000358566.1	SL1344_4198
NP_461436.1	WP_000529555.1	SL1344_2464
NP_462511.1	WP_000158675.1	SL1344_3575
NP_461321.3	WP_000816091.1	SL1344_2348
NP_461817.1	WP_000927219.1	SL1344_2875
NP_461803.1	WP_000258811.1	SL1344_2861
NP_459199.1	WP_023139178.1	SL1344_0195
NP_460049.1	WP_000420505.1	SL1344_1015
NP_460836.1	WP_000936999.1	SL1344_1813
NP_460801.1	WP_001091237.1	SL1344_1774
NP_459690.1	WP_000088019.1	SL1344_0687
NP_460379.1	WP_001258231.1	SL1344_1348
NP_462495.1	WP_000184178.1	SL1344_3559
NP_462177.1	WP_000249229.1	SL1344_3237
NP_460472.1	WP_000106265.1	SL1344_1442
NP_460404.1	WP_000777608.1	SL1344_1373
NP_459046.1	WP_001116457.1	SL1344_0042
NP_462899.1	WP_001087041.1	SL1344_3965
NP_461099.1	WP_000195332.1	SL1344_2132
NP_462564.1	WP_000761305.1	SL1344_3629
NP_462803.1	WP_001238842.1	SL1344_3872
NP_459776.1	WP_000042502.1	SL1344_0775
NP_462133.1	WP_000121523.1	SL1344_3192
NP_461420.1	WP_001279831.1	SL1344_2448
NP_461362.1	WP_000433266.1	SL1344_2390
NP_460878.1	WP_000061302.1	SL1344_1856
NP_461338.1	WP_000678496.1	SL1344_2365
NP_461409.1	WP_000087323.1	SL1344_2437
NP_490556.1	WP_000117513.1	SL1344_P1_0039
NP_461992.1	WP_000098655.1	SL1344_3052
NP_461144.1	WP_000488255.1	SL1344_2176
NP_459438.1	WP_000467158.1	SL1344_0436
NP_462126.3	WP_001120159.1	SL1344_3185
NP_461694.1	WP_000073810.1	SL1344_2752
NP_461241.1	WP_000648776.1	SL1344_2268
NP_460662.1	WP_001623919.1	SL1344_1634
NP_460627.1	WP_000232031.1	SL1344_1599
NP_462438.1	WP_000192491.1	SL1344_3504
NP_462002.1	WP_001278579.1	SL1344_3062
NP_463438.3	WP_194242290.1	SL1344_4509
NP_462516.3	WP_001266339.1	SL1344_3580
NP_459562.1	WP_000192437.1	SL1344_0558
NP_462274.1	WP_000510913.1	SL1344_3336
NP_460563.1	WP_001249753.1	SL1344_1534
NP_461414.1	WP_001078938.1	SL1344_2442
NP_463140.1	WP_000083882.1	SL1344_4211
NP_459352.1	WP_000910371.1	SL1344_0352
NP_462579.1	WP_001101509.1	SL1344_3644
NP_459670.1	WP_001023068.1	SL1344_0667
NP_460264.1	WP_001235865.1	SL1344_1233
NP_459919.1	WP_000125877.1	SL1344_0881
NP_463264.1	WP_000589395.1	SL1344_4336
NP_462285.1	WP_001241377.1	SL1344_3348
NP_462193.3	WP_000807254.1	SL1344_3253
NP_453702.1	WP_000849477.1	SL1344_4362
NP_453701.1	WP_014344440.1	SL1344_4361
NP_462207.1	WP_001107481.1	SL1344_3268
NP_460661.1	WP_000485055.1	SL1344_1633
NP_460251.1	WP_001518010.1	SL1344_1220
NP_462714.1	WP_000982518.1	SL1344_3781
NP_461544.1	WP_000623091.1	SL1344_2572
NP_460299.1	WP_001144223.1	SL1344_1267
NP_459644.1	WP_001044182.1	SL1344_0640
NP_459479.1	WP_000121962.1	SL1344_0477
NP_462585.1	WP_000093287.1	SL1344_3650
NP_459017.1	WP_000516125.1	SL1344_0012
NP_463309.1	WP_001212137.1	SL1344_4378
NP_460777.1	WP_000128807.1	SL1344_1750
NP_462363.1	WP_000634766.1	SL1344_3426
NP_460036.1	WP_000053044.1	SL1344_1002
NP_459632.1	WP_000828700.1	SL1344_0628
NP_459482.3	WP_001520210.1	SL1344_0480
NP_463033.1	WP_000108413.1	SL1344_4103
NP_459711.1	WP_010988981.1	SL1344_0708
NP_462096.1	WP_000195318.1	SL1344_3155
NP_462773.1	WP_000499872.1	SL1344_3841
NP_459158.2	WP_000963612.1	SL1344_0153
NP_459089.1	WP_000066317.1	SL1344_0084
NP_460087.1	WP_000972957.1	SL1344_1053
NP_459366.1	WP_000010229.1	SL1344_0366
NP_459265.1	WP_000371510.1	SL1344_0262
NP_461688.1	WP_001521074.1	SL1344_2745
NP_460867.1	WP_000142877.1	SL1344_1845
NP_459825.1	WP_001120598.1	SL1344_0824
NP_459448.1	WP_000969434.1	SL1344_0446
NP_462779.1	WP_000102338.1	SL1344_3847
NP_459417.1	WP_000006777.1	SL1344_0416
NP_459091.1	WP_000377155.1	SL1344_0087
NP_463220.1	WP_001122537.1	SL1344_4293
NP_462054.1	WP_000033690.1	SL1344_3113
NP_461065.1	WP_001252270.1	SL1344_2097
NP_460261.1	WP_001259876.1	SL1344_1230
NP_462795.1	WP_001127434.1	SL1344_3864
NP_462582.1	WP_000582394.1	SL1344_3647
NP_461474.1	WP_001196669.1	SL1344_2501
NP_462843.1	WP_001526553.1	SL1344_3912
NP_459402.1	WP_000934811.1	SL1344_0402
NP_463009.1	WP_000591398.1	SL1344_4079
NP_461260.1	WP_001056582.1	SL1344_2287
NP_459970.1	WP_000925872.1	SL1344_0932
NP_461910.1	WP_000155129.1	SL1344_2971
NP_460988.1	WP_001268876.1	SL1344_2019
NP_460899.1	WP_001289464.1	SL1344_1876
NP_462760.1	WP_000334066.1	SL1344_3828
NP_461175.1	WP_000639473.1	SL1344_2208
NP_490579.1	WP_000827529.1	SL1344_P1_0016
NP_461772.2	WP_000097040.1	SL1344_2831
NP_461275.1	WP_001012861.1	SL1344_2302
NP_462889.1	WP_000572067.1	SL1344_3955
NP_459396.1	WP_000930727.1	SL1344_0396
NP_460842.1	WP_001069113.1	SL1344_1819
NP_462361.1	WP_000398133.1	SL1344_3424
NP_461160.1	WP_000561748.1	SL1344_2193
NP_461268.1	WP_000247855.1	SL1344_2295
NP_460498.1	WP_000331206.1	SL1344_1467
NP_461869.1	WP_000210927.1	SL1344_2927
NP_461518.1	WP_000790154.1	SL1344_2545
NP_460722.1	WP_000476244.1	SL1344_1694
NP_460743.1	WP_000070978.1	SL1344_1715
NP_463207.1	WP_001192954.1	SL1344_4280
NP_462979.1	WP_000899636.1	SL1344_4047
NP_460519.1	WP_000095534.1	SL1344_1490
NP_461806.1	WP_000245788.1	SL1344_2864
NP_461257.1	WP_000931746.1	SL1344_2284
NP_459512.1	WP_001096865.1	SL1344_0510
NP_459457.1	WP_001256070.1	SL1344_0455
NP_460351.1	WP_001214413.1	SL1344_1320
NP_459709.1	WP_000273739.1	SL1344_0706
NP_490529.1	WP_001676648.1	SL1344_P1_0068
NP_462262.1	WP_000150421.1	SL1344_0056
NP_461895.1	WP_000724126.1	SL1344_2956
NP_460858.1	WP_001258636.1	SL1344_1836
NP_459456.1	WP_001235572.1	SL1344_0454
NP_461650.1	WP_001098460.1	SL1344_2693
NP_459933.1	WP_001044541.1	SL1344_0895
NP_459719.1	WP_000775561.1	SL1344_0716
NP_459127.1	WP_000642235.1	SL1344_0122
NP_459238.1	WP_000524168.1	SL1344_0234
NP_461172.1	WP_000256150.1	SL1344_2205
NP_461167.1	WP_000578121.1	SL1344_2200
NP_460042.1	WP_000156453.1	SL1344_1008
NP_459950.1	WP_000194823.1	SL1344_0912
NP_462759.1	WP_000213163.1	SL1344_3827
NP_463050.1	WP_001137266.1	SL1344_4120
NP_460705.3	WP_001521098.1	SL1344_1677
NP_459959.1	WP_000551246.1	SL1344_0921
NP_463065.1	WP_000368196.1	SL1344_4135
NP_462125.1	WP_000918865.1	SL1344_3184
NP_460792.1	WP_000730322.1	SL1344_1765
NP_462452.1	WP_000805096.1	SL1344_3517
NP_462037.1	WP_000712459.1	SL1344_3096
NP_459795.1	WP_001287616.1	SL1344_0793
NP_463270.1	WP_001120231.1	SL1344_4342
NP_462998.1	WP_001192092.1	SL1344_4068
NP_461958.1	WP_000813394.1	SL1344_3018
NP_460866.1	WP_001025361.1	SL1344_1844
NP_461112.1	WP_000095232.1	SL1344_2145
NP_460955.1	WP_000669109.1	SL1344_1983
NP_461367.1	WP_000623114.1	SL1344_2395
NP_459932.1	WP_001202267.1	SL1344_0894
NP_459912.1	WP_000815313.1	SL1344_0874
NP_459246.1	WP_001260683.1	SL1344_0243
NP_459037.1	WP_001036514.1	SL1344_0033
NP_462432.1	WP_000078494.1	SL1344_3498
NP_459043.1	WP_001094892.1	SL1344_0039
NP_461868.1	WP_001290660.1	SL1344_2926
NP_460938.1	WP_001119821.1	SL1344_1915
NP_460752.1	WP_000612821.1	SL1344_1724
NP_462648.1	WP_000766669.1	SL1344_3714
NP_462402.1	WP_000446437.1	SL1344_3466
NP_461770.1	WP_001288155.1	SL1344_2829
NP_459108.1	WP_000951812.1	SL1344_0103
NP_460433.1	WP_000928682.1	SL1344_1403
NP_463187.1	WP_000068899.1	SL1344_4260
NP_462062.1	WP_000083044.1	SL1344_3121
NP_460783.3	WP_001192513.1	SL1344_1756
NP_461415.1	WP_000216821.1	SL1344_2443
NP_459452.1	WP_001238163.1	SL1344_0450
NP_460525.1	WP_000450511.1	SL1344_1496
NP_460954.1	WP_010989035.1	SL1344_1982
NP_462536.1	WP_001269259.1	SL1344_3600
NP_462695.1	WP_000168439.1	SL1344_3762
NP_461819.1	WP_000848113.1	SL1344_2877
NP_461149.1	WP_000854414.1	SL1344_2181
NP_462639.1	WP_001241834.1	SL1344_3705
NP_461104.1	WP_000272845.1	SL1344_2137
NP_460774.1	WP_000758418.1	SL1344_1747
NP_460064.1	WP_001166946.1	SL1344_1030
NP_459847.1	WP_001024853.1	SL1344_0846
NP_459835.1	WP_001000303.1	SL1344_0834
NP_460922.1	WP_001276834.1	SL1344_1898
NP_462525.1	WP_000192026.1	SL1344_3589
NP_462114.1	WP_000342878.1	SL1344_3172
NP_461686.1	WP_000021514.1	SL1344_2743
NP_459691.1	WP_000730066.1	SL1344_0688
NP_459651.1	WP_000368034.1	SL1344_0648
NP_459487.1	WP_000546207.1	SL1344_0485
NP_459956.1	WP_000140324.1	SL1344_0918
NP_461251.1	WP_000116392.1	SL1344_2278
NP_463437.1	WP_000046770.1	SL1344_4508
NP_459671.1	WP_001287180.1	SL1344_0668
NP_490534.1	WP_000098783.1	SL1344_P1_0063
NP_460985.1	WP_001256896.1	SL1344_2016
NP_459665.1	WP_000337041.1	SL1344_0662
NP_459524.1	WP_000580915.1	SL1344_0522
NP_463392.1	WP_000919519.1	SL1344_4464
NP_462707.1	WP_001279791.1	SL1344_3774
NP_461797.1	WP_001120085.1	SL1344_2856
NP_461614.1	WP_000880965.1	SL1344_2656
NP_460876.1	WP_000483274.1	SL1344_1854
NP_460737.3	WP_001037181.1	SL1344_1709
NP_460154.1	WP_000096425.1	SL1344_1120
NP_459617.1	WP_001277836.1	SL1344_0613
NP_459121.1	WP_000425604.1	SL1344_0116
NP_459916.2	WP_000599761.1	SL1344_0878
NP_459114.1	WP_001139040.1	SL1344_0109
NP_462592.1	WP_001055305.1	SL1344_3657
NP_460581.1	WP_001081943.1	SL1344_1552
NP_463314.1	WP_000155057.1	SL1344_4384
NP_461346.1	WP_001180863.1	SL1344_2373
NP_459914.1	WP_000458775.1	SL1344_0876
NP_459550.1	WP_010988978.1	SL1344_0547
NP_459489.1	WP_000670396.1	SL1344_0487
NP_463138.1	WP_000832536.1	SL1344_4209
NP_463086.1	WP_000790037.1	SL1344_4157
NP_462504.1	WP_000934257.1	SL1344_3568
NP_460650.1	WP_001241629.1	SL1344_1622
NP_463194.1	WP_000729126.1	SL1344_4267
NP_463165.1	WP_000037194.1	SL1344_4237
NP_463134.1	WP_001536604.1	SL1344_4205
NP_462792.1	WP_001012570.1	SL1344_3861
NP_462742.1	WP_000378281.1	SL1344_3809
NP_461243.1	WP_000978038.1	SL1344_2270
NP_460429.2	WP_000066601.1	SL1344_1398
NP_463158.1	WP_000919289.1	SL1344_4230
NP_462478.1	WP_000789683.1	SL1344_3542
NP_462067.1	WP_001238434.1	SL1344_3126
NP_461206.1	WP_000421590.1	SL1344_2233
NP_462857.1	WP_000187559.1	SL1344_3926
NP_460316.1	WP_000117497.1	SL1344_1284
NP_460038.1	WP_000433414.1	SL1344_1004
NP_459683.1	WP_000974387.1	SL1344_0680
NP_461874.1	WP_000210863.1	SL1344_2932
NP_460222.1	WP_000946082.1	SL1344_1191
NP_463359.1	WP_000979786.1	SL1344_4430
NP_463169.1	WP_000682911.1	SL1344_4241
NP_463054.1	WP_000956811.1	SL1344_4124
NP_461799.1	WP_000922300.1	SL1344_2858
NP_461226.1	WP_000857292.1	SL1344_2253
NP_460585.2	WP_000528484.1	SL1344_1556
NP_459362.1	WP_000205278.1	SL1344_0362
NP_463238.3	WP_000118960.1	SL1344_4310
NP_461576.1	WP_000989177.1	SL1344_2605
NP_462403.2	WP_001265689.1	SL1344_3467
NP_459058.1	WP_001737977.1	SL1344_0054
NP_460637.1	WP_001216554.1	SL1344_1609
NP_459588.1	WP_001222445.1	SL1344_0584
NP_459173.1	WP_000946047.1	SL1344_0169
NP_459112.1	WP_000235634.1	SL1344_0107
NP_462532.1	WP_000028047.1	SL1344_3596
NP_463129.1	WP_000083640.1	SL1344_4200
NP_463048.1	WP_001069372.1	SL1344_4118
NP_460683.1	WP_000763492.1	SL1344_1655
NP_462953.1	WP_000113090.1	SL1344_4021
NP_459815.1	WP_000961478.1	SL1344_0813
NP_463416.1	WP_000175965.1	SL1344_4488
NP_463384.1	WP_001063191.1	SL1344_4456
NP_463045.1	WP_001187509.1	SL1344_4115
NP_462505.1	WP_000185023.1	SL1344_3569
NP_461163.1	WP_000203622.1	SL1344_2196
NP_462424.1	WP_001232871.1	SL1344_3488
NP_461542.1	WP_000831821.1	SL1344_2570
NP_461064.1	WP_000454713.1	SL1344_2096
NP_459811.1	WP_001089314.1	SL1344_0809
NP_461445.1	WP_000138296.1	SL1344_2471
NP_461634.1	WP_001274643.1	SL1344_2676
NP_460141.1	WP_001537775.1	SL1344_1107
NP_459338.1	WP_000868285.1	SL1344_0338
NP_462523.1	WP_001205771.1	SL1344_3587
NP_462163.1	WP_001273723.1	SL1344_3223
NP_459118.1	WP_000082819.1	SL1344_0113
NP_459038.1	WP_000262866.1	SL1344_0034
NP_459725.1	WP_000884369.1	SL1344_0722
NP_462130.1	WP_000478470.1	SL1344_3189
NP_459601.1	WP_000887644.1	SL1344_0597
NP_460682.1	WP_001194372.1	SL1344_1654
NP_460072.1	WP_000801497.1	SL1344_1038
NP_462430.1	WP_010989078.1	SL1344_3495
NP_460784.2	WP_000421815.1	SL1344_1757
NP_462985.1	WP_000865249.1	SL1344_4054
NP_461864.1	WP_000368584.1	SL1344_2922
NP_461744.1	WP_000611821.1	SL1344_2803
NP_461159.1	WP_000957746.1	SL1344_2192
NP_460504.1	WP_000476912.1	SL1344_1473
NP_462423.1	WP_000013008.1	SL1344_3487
NP_460323.3	WP_000700596.1	SL1344_1291
NP_459076.1	WP_000355806.1	SL1344_0072
NP_463422.1	WP_001111692.1	SL1344_4493
NP_460596.1	WP_001520091.1	SL1344_1567
NP_459463.1	WP_000213137.1	SL1344_0461
NP_463217.1	WP_000968675.1	SL1344_4290
NP_463069.1	WP_001095011.1	SL1344_4139
NP_463093.1	WP_000382573.1	SL1344_4164
NP_462796.1	WP_001518457.1	SL1344_3865
NP_462604.1	WP_000116576.1	SL1344_3670
NP_461502.1	WP_000734248.1	SL1344_2529
NP_461492.1	WP_001187150.1	SL1344_2519
NP_460762.1	WP_000406435.1	SL1344_1734
NP_460748.1	WP_000263611.1	SL1344_1720
NP_460537.1	WP_000702596.1	SL1344_1509
NP_462766.1	WP_001176751.1	SL1344_3834
NP_461685.1	WP_000819716.1	SL1344_2742
NP_461437.1	WP_001123330.1	SL1344_2465
NP_460641.1	WP_001235493.1	SL1344_1613
NP_462580.1	WP_000183985.1	SL1344_3645
NP_461741.1	WP_001187300.1	SL1344_2800
NP_459826.1	WP_000191434.1	SL1344_0825
NP_459658.1	WP_001575804.1	SL1344_0655
NP_462955.1	WP_001167250.1	SL1344_4023
NP_460719.1	WP_000702625.1	SL1344_1691
NP_460121.1	WP_001738192.1	SL1344_1087
NP_460760.3	WP_001240769.1	SL1344_1732
NP_461259.1	WP_000926431.1	SL1344_2286
NP_460716.1	WP_001212712.1	SL1344_1688
NP_460439.1	WP_001219362.1	SL1344_1409
NP_459613.1	WP_000192315.1	SL1344_0609
NP_462790.1	WP_000050214.1	SL1344_3860
NP_462131.1	WP_000094651.1	SL1344_3190
NP_461760.1	WP_000010814.1	SL1344_2819
NP_461698.1	WP_000079794.1	SL1344_2756
NP_461281.1	WP_000117932.1	SL1344_2308
NP_461134.1	WP_000535905.1	SL1344_2166
NP_460964.1	WP_000189662.1	SL1344_1995
NP_459769.1	WP_001095227.1	SL1344_0768
NP_459066.1	WP_000665573.1	SL1344_0062
NP_461956.1	WP_000003339.1	SL1344_3016
NP_461304.1	WP_000334204.1	SL1344_2331
NP_459213.1	WP_000146443.1	SL1344_0209
NP_459079.1	WP_000787076.1	SL1344_0075
NP_461714.1	WP_000382035.1	SL1344_2772
NP_463337.1	WP_000397153.1	SL1344_4407
NP_459433.1	WP_000403151.1	SL1344_0431
NP_459345.3	WP_001521068.1	SL1344_0345
NP_462967.1	WP_000136809.1	SL1344_4035
NP_462428.1	WP_000448179.1	SL1344_3493
NP_460582.1	WP_000933996.1	SL1344_1553
NP_460506.1	WP_000199411.1	SL1344_1475
NP_460427.1	WP_000753326.1	SL1344_1396
NP_460097.1	WP_001018467.1	SL1344_1063
NP_459271.1	WP_000013879.1	SL1344_0268
NP_463282.1	WP_000450729.1	SL1344_4354
NP_462781.1	WP_000339359.1	SL1344_3849
NP_460415.1	WP_000100911.1	SL1344_1384
NP_463209.1	WP_000149876.1	SL1344_4282
NP_463155.1	WP_000919710.1	SL1344_4227
NP_462688.1	WP_001091264.1	SL1344_3755
NP_462200.1	WP_001031038.1	SL1344_3260
NP_459107.1	WP_000151691.1	SL1344_0102
NP_462041.1	WP_000475950.1	SL1344_3100
NP_462778.1	WP_000940991.1	SL1344_3846
NP_462574.1	WP_000074065.1	SL1344_3639
NP_462490.1	WP_000902764.1	SL1344_3554
NP_461834.1	WP_000202726.1	SL1344_2892
NP_461541.1	WP_001189503.1	SL1344_2569
NP_460100.1	WP_000628082.1	SL1344_1066
NP_461519.1	WP_010989047.1	SL1344_2546
NP_460543.1	WP_000857101.1	SL1344_1515
NP_460359.1	WP_000261284.1	SL1344_1328
NP_460249.1	WP_001048646.1	SL1344_1218
NP_459040.1	WP_000831880.1	SL1344_0036
NP_462248.1	WP_000108071.1	SL1344_3310
NP_462514.1	WP_001163182.1	SL1344_3578
NP_460912.1	WP_000079805.1	SL1344_1888
NP_460533.1	WP_000489731.1	SL1344_1505
NP_460335.1	WP_000089383.1	SL1344_1304
NP_459862.1	WP_000644017.1	SL1344_0862
NP_459128.1	WP_000775073.1	SL1344_0123
NP_462680.1	WP_001113558.1	SL1344_3747
NP_462044.1	WP_001286388.1	SL1344_3103
NP_460916.1	WP_000795487.1	SL1344_1892
NP_460119.3	WP_000976323.1	SL1344_1085
NP_462804.1	WP_001089447.1	SL1344_3873
NP_459695.1	WP_001041129.1	SL1344_0691
NP_462863.1	WP_000339764.1	SL1344_3932
NP_461047.1	WP_000058688.1	SL1344_2079
NP_460271.1	WP_000177268.1	SL1344_1240
NP_462800.1	WP_000024948.1	SL1344_3869
NP_462472.1	WP_001118686.1	SL1344_3536
NP_462101.3	WP_014343899.1	SL1344_3160
NP_460843.1	WP_000301711.1	SL1344_1820
NP_459757.1	WP_000096928.1	SL1344_0755
NP_459440.1	WP_000098481.1	SL1344_0438
NP_459134.1	WP_001096070.1	SL1344_0129
NP_462051.1	WP_000437132.1	SL1344_3110
NP_461999.1	WP_000379524.1	SL1344_3059
NP_461454.1	WP_000249411.1	SL1344_2481
NP_459650.1	WP_001017750.1	SL1344_0647
NP_462928.1	WP_000143970.1	SL1344_3996
NP_462493.1	WP_001098275.1	SL1344_3557
NP_462280.1	WP_000123188.1	SL1344_3342
NP_461145.1	WP_000535005.1	SL1344_2177
NP_460067.1	WP_000760228.1	SL1344_1033
NP_461446.1	WP_000944174.1	SL1344_2472
NP_460513.1	WP_000987828.1	SL1344_1484
NP_460468.1	WP_001181258.1	SL1344_1438
NP_460075.1	WP_000723524.1	SL1344_1041
NP_462750.3	WP_001519317.1	SL1344_3818
NP_461429.1	WP_000489630.1	SL1344_2457
NP_460200.1	WP_001031687.1	SL1344_1168
NP_459610.1	WP_000059029.1	SL1344_0606
NP_461495.1	WP_000856793.1	SL1344_2522
NP_460698.1	WP_000206886.1	SL1344_1670
NP_460959.1	WP_001669456.1	SL1344_1990
NP_459313.1	WP_001292977.1	SL1344_0312
NP_462560.1	WP_000275326.1	SL1344_3625
NP_460956.1	WP_000428191.1	SL1344_1986
NP_460365.1	WP_001079760.1	SL1344_1334
NP_462871.1	WP_000545688.1	SL1344_3939
NP_462292.1	WP_001175741.1	SL1344_3355
NP_460515.1	WP_001276617.1	SL1344_1486
NP_459365.1	WP_000107071.1	SL1344_0365
NP_461717.1	WP_001176529.1	SL1344_2775
NP_459420.1	WP_000668709.1	SL1344_0419
NP_462278.1	WP_000055936.1	SL1344_3340
NP_460556.3	WP_000158107.1	SL1344_1528
NP_461499.1	WP_001670672.1	SL1344_2526
NP_461050.3	WP_000605938.1	SL1344_2082
NP_460845.1	WP_000091156.1	SL1344_1822
NP_460311.1	WP_000175668.1	SL1344_1279
NP_461855.1	WP_001092263.1	SL1344_2913
NP_461761.1	WP_000025992.1	SL1344_2820
NP_461029.1	WP_000009017.1	SL1344_2061
NP_460896.1	WP_010989033.1	SL1344_1873
NP_460806.1	WP_001542138.1	SL1344_1779
NP_463280.1	WP_000083110.1	SL1344_4352
NP_463190.1	WP_000069440.1	SL1344_4263
NP_463142.1	WP_000101771.1	SL1344_4213
NP_461117.1	WP_001081453.1	SL1344_2150
NP_459978.1	WP_000893207.1	SL1344_0940
NP_463279.1	WP_000107709.1	SL1344_4351
NP_462436.1	WP_001197669.1	SL1344_3502
NP_462230.1	WP_000809020.1	SL1344_3292
NP_462211.1	WP_001212678.1	SL1344_3272
NP_462115.1	WP_000867682.1	SL1344_3173
NP_461967.1	WP_001230141.1	SL1344_3027
NP_461028.1	WP_001103643.1	SL1344_2060
NP_460173.1	WP_000475705.1	SL1344_1140
NP_459910.1	WP_000069000.1	SL1344_0872
NP_459648.1	WP_000845203.1	SL1344_0644
NP_463244.3	WP_000404873.1	SL1344_4316
NP_463164.1	WP_000028075.1	SL1344_4236
NP_462854.1	WP_000355562.1	SL1344_3923
NP_461027.1	WP_000368707.1	SL1344_2059
NP_461012.1	WP_000216711.1	SL1344_2044
NP_460943.1	WP_001157322.1	SL1344_1920
NP_459011.1	WP_001113820.1	SL1344_0006
NP_463078.1	WP_000729852.1	SL1344_4149
NP_462168.1	WP_000719916.1	SL1344_3228
NP_461843.1	WP_000863168.1	SL1344_2901
NP_461303.1	WP_000168935.1	SL1344_2330
NP_459214.1	WP_000753958.1	SL1344_0210
NP_463445.1	WP_001219526.1	SL1344_4516
NP_462777.3	WP_000956588.1	SL1344_3845
NP_460724.3	WP_000008985.1	SL1344_1696
NP_460557.1	WP_000760692.1	SL1344_1529
NP_459662.1	WP_001519200.1	SL1344_0659
NP_459159.1	WP_001519338.1	SL1344_0154
NP_490567.1	WP_000146700.1	SL1344_P1_0028
NP_462897.1	WP_000064888.1	SL1344_3963
NP_461301.1	WP_000072512.1	SL1344_2328
NP_460885.1	WP_000089042.1	SL1344_1862
NP_459944.1	WP_001134268.1	SL1344_0906
NP_459694.1	WP_001142016.1	SL1344_0690
NP_459208.1	WP_000845425.1	SL1344_0204
NP_462241.1	WP_000081628.1	SL1344_3303
NP_461933.1	WP_000253650.1	SL1344_2994
NP_461896.1	WP_000806780.1	SL1344_2957
NP_459189.1	WP_203422695.1	SL1344_0185
NP_463111.1	WP_000918353.1	SL1344_4182
NP_461710.1	WP_000872348.1	SL1344_2768
NP_461354.1	WP_000695623.1	SL1344_2381
NP_462087.1	WP_000010658.1	SL1344_3146
NP_462052.1	WP_000190182.1	SL1344_3111
NP_461074.1	WP_000137816.1	SL1344_2106
NP_460343.1	WP_000751447.1	SL1344_1312
NP_463383.1	WP_000014001.1	SL1344_4455
NP_463259.1	WP_000228322.1	SL1344_4331
NP_462887.1	WP_001271699.1	SL1344_3954
NP_462885.1	WP_001188784.1	SL1344_3952
NP_462202.3	WP_000207654.1	SL1344_3262
NP_461619.1	WP_000533859.1	SL1344_2662
NP_461299.1	WP_000380357.1	SL1344_2326
NP_461026.1	WP_000043530.1	SL1344_2058
NP_459672.1	WP_001258803.1	SL1344_0669
NP_459154.1	WP_000357540.1	SL1344_0149
NP_463324.1	WP_000514425.1	SL1344_4394
NP_461398.1	WP_001075640.1	SL1344_2426
NP_461394.1	WP_001097535.1	SL1344_2422
NP_461075.1	WP_000870070.1	SL1344_2107
NP_461044.1	WP_001111841.1	SL1344_2076
NP_460913.1	WP_000146802.1	SL1344_1889
NP_460643.3	WP_000825847.1	SL1344_1615
NP_460430.1	WP_000259121.1	SL1344_1400
NP_459676.1	WP_000228709.1	SL1344_0673
NP_459355.1	WP_000393711.1	SL1344_0355
NP_463174.1	WP_000773784.1	SL1344_4246
NP_463005.1	WP_001120789.1	SL1344_4075
NP_462738.1	WP_000059093.1	SL1344_3805
NP_462720.1	WP_000724476.1	SL1344_3786
NP_461719.1	WP_000531282.1	SL1344_2777
NP_459975.1	WP_000117870.1	SL1344_0937
NP_459116.1	WP_001140629.1	SL1344_0111
NP_463042.1	WP_001526924.1	SL1344_4112
NP_461302.1	WP_000132305.1	SL1344_2329
NP_460721.1	WP_000018997.1	SL1344_1693
NP_462007.1	WP_001113171.1	SL1344_3066
NP_461048.1	WP_000183155.1	SL1344_2080
NP_460996.1	WP_001097680.1	SL1344_2027
NP_459560.1	WP_000786288.1	SL1344_0556
NP_462686.1	WP_000879181.1	SL1344_3753
NP_462647.1	WP_000115428.1	SL1344_3713
NP_462583.1	WP_000200179.1	SL1344_3648
NP_461340.1	WP_000955748.1	SL1344_2367
NP_461284.3	WP_001522266.1	SL1344_2311
NP_460286.1	WP_001010662.1	SL1344_1255
NP_463123.1	WP_000875195.1	SL1344_4194
NP_460535.1	WP_000198251.1	SL1344_1507
NP_460484.1	WP_000178397.1	SL1344_1454
NP_460440.1	WP_000014056.1	SL1344_1410
NP_462820.1	WP_000818378.1	SL1344_3889
NP_459619.1	WP_000958610.1	SL1344_0615
NP_459532.1	WP_000912376.1	SL1344_0530
NP_459148.1	WP_000650592.1	SL1344_0143
NP_490584.1	WP_001161719.1	SL1344_P1_0011
NP_463435.1	WP_001029709.1	SL1344_4506
NP_462898.1	WP_000084251.1	SL1344_3964
NP_462764.1	WP_000190499.1	SL1344_3832
NP_462674.1	WP_001270489.1	SL1344_3740
NP_462650.1	WP_000834259.1	SL1344_3716
NP_460437.1	WP_000412353.1	SL1344_1407
NP_463277.1	WP_001219833.1	SL1344_4349
NP_460980.1	WP_000741259.1	SL1344_2011
NP_463003.1	WP_001230051.1	SL1344_4073
NP_462313.1	WP_000691374.1	SL1344_3376
NP_460080.1	WP_001285801.1	SL1344_1046
NP_462939.1	WP_000580402.1	SL1344_4007
NP_462884.1	WP_000003520.1	SL1344_3951
NP_462757.1	WP_000162545.1	SL1344_3825
NP_462380.1	WP_000349895.1	SL1344_3444
NP_462173.1	WP_000490601.1	SL1344_3233
NP_460799.1	WP_000416128.1	SL1344_1772
NP_460656.1	WP_001116926.1	SL1344_1628
NP_460614.1	WP_000206674.1	SL1344_1586
NP_460388.2	WP_001175077.1	SL1344_1357
NP_459155.1	WP_000969487.1	SL1344_0150
NP_459047.1	WP_000099996.1	SL1344_0043
NP_463378.1	WP_000331411.1	SL1344_4450
NP_462761.1	WP_000934854.1	SL1344_3829
NP_461742.1	WP_000645139.1	SL1344_2801
NP_461049.1	WP_000164218.1	SL1344_2081
NP_460925.1	WP_000213257.1	SL1344_1901
NP_460202.1	WP_000423763.1	SL1344_1170
NP_459395.1	WP_001555879.1	SL1344_0395
NP_462258.1	WP_000716693.1	SL1344_3320
NP_461891.2	WP_000626381.1	SL1344_2951
NP_461247.1	WP_000144677.1	SL1344_2274
NP_461141.1	WP_000443208.1	SL1344_2173
NP_459258.1	WP_000644706.1	SL1344_0255
NP_462743.1	WP_000019077.1	SL1344_3810
NP_462154.1	WP_000622080.1	SL1344_3212
NP_461889.1	WP_000627973.1	SL1344_2949
NP_461013.1	WP_001519005.1	SL1344_2045
NP_460782.1	WP_001738311.1	SL1344_1755
NP_460780.1	WP_000978464.1	SL1344_1753
NP_459798.1	WP_000007060.1	SL1344_0796
NP_447527.1	WP_000240046.1	SL1344_1034
NP_461607.1	WP_000460052.1	SL1344_2650
NP_461505.1	WP_000361663.1	SL1344_2532
NP_461393.1	WP_000769990.1	SL1344_2421
NP_461080.1	WP_001517981.1	SL1344_2112
NP_459518.1	WP_000006865.1	SL1344_0516
NP_463096.1	WP_000973645.1	SL1344_4168
NP_462818.1	WP_000055609.1	SL1344_3887
NP_462681.1	WP_000997824.1	SL1344_3748
NP_461883.1	WP_000097015.1	SL1344_2943
NP_461225.1	WP_000948739.1	SL1344_2252
NP_461124.1	WP_000194222.1	SL1344_2156
NP_460684.1	WP_001195296.1	SL1344_1656
NP_460279.1	WP_000073064.1	SL1344_1248
NP_459129.1	WP_000626630.1	SL1344_0124
NP_463163.1	WP_001520868.1	SL1344_4235
NP_461587.1	WP_000949286.1	SL1344_2616
NP_460998.1	WP_000100782.1	SL1344_2029
NP_460282.1	WP_000078785.1	SL1344_1251
NP_463299.1	WP_000852994.1	SL1344_4368
NP_462498.1	WP_000160774.1	SL1344_3562
NP_462404.1	WP_001253818.1	SL1344_3468
NP_461070.1	WP_000469629.1	SL1344_2102
NP_459228.1	WP_000949017.1	SL1344_0224
NP_463446.1	WP_000920374.1	SL1344_4517
NP_463133.1	WP_000106907.1	SL1344_4204
NP_463085.1	WP_000136400.1	SL1344_4156
NP_462290.1	WP_000884627.1	SL1344_3353
NP_462093.1	WP_000779328.1	SL1344_3152
NP_461447.1	WP_000953165.1	SL1344_2473
NP_459431.3	WP_001000938.1	SL1344_0430
NP_460333.1	WP_000261866.1	SL1344_1302
NP_463287.1	WP_000678386.1	SL1344_4358
NP_463268.1	WP_000934974.1	SL1344_4340
NP_462851.1	WP_000017936.1	SL1344_3920
NP_460583.1	WP_000024091.1	SL1344_1554
NP_460344.1	WP_000756089.1	SL1344_1313
NP_460272.1	WP_000123952.1	SL1344_1241
NP_460265.1	WP_000372869.1	SL1344_1234
NP_459938.1	WP_000067785.1	SL1344_0900
NP_459860.1	WP_000399324.1	SL1344_0860
NP_459279.1	WP_000118732.1	SL1344_0276
NP_463166.1	WP_000899149.1	SL1344_4238
NP_462442.1	WP_000105957.1	SL1344_3507
NP_461882.1	WP_000211739.1	SL1344_2942
NP_461881.1	WP_000107113.1	SL1344_2941
NP_459084.1	WP_001737995.1	SL1344_0080
NP_459062.1	WP_000183602.1	SL1344_0058
NP_463159.1	WP_000093130.1	SL1344_4231
NP_462727.1	WP_000253524.1	SL1344_3793
NP_462702.1	WP_000543314.1	SL1344_3769
NP_462205.1	WP_000071169.1	SL1344_3265
NP_461497.1	WP_024131115.1	SL1344_2524
NP_461266.1	WP_000800048.1	SL1344_2293
NP_462946.1	WP_000777317.1	SL1344_4014
NP_461729.1	WP_001138459.1	SL1344_2787
NP_461578.1	WP_000219174.1	SL1344_2607
NP_460198.1	WP_001113672.1	SL1344_1165
NP_462972.1	WP_001293360.1	SL1344_4040
NP_462869.1	WP_000444529.1	SL1344_3937
NP_462324.1	WP_001118864.1	SL1344_3387
NP_462157.1	WP_000108129.1	SL1344_3215
NP_462153.1	WP_000443187.1	SL1344_3211
NP_461909.1	WP_000588964.1	SL1344_2970
NP_461493.1	WP_000100008.1	SL1344_2520
NP_461181.1	WP_000894640.1	SL1344_2214
NP_462687.1	WP_000948171.1	SL1344_3754
NP_463103.1	WP_001128116.1	SL1344_4175
NP_463043.1	WP_000617942.1	SL1344_4113
NP_462533.1	WP_001136079.1	SL1344_3597
NP_462033.1	WP_000982337.1	SL1344_3092
NP_461216.1	WP_000098078.1	SL1344_2243
NP_460751.1	WP_001526439.1	SL1344_1723
NP_459829.1	WP_000073317.1	SL1344_0828
NP_459556.1	WP_000195929.1	SL1344_0552
NP_459332.1	WP_000899100.1	SL1344_0332
NP_463424.1	WP_000477838.1	SL1344_4495
NP_462703.1	WP_000427997.1	SL1344_3770
NP_462561.1	WP_001149561.1	SL1344_3626
NP_462510.1	WP_001148983.1	SL1344_3574
NP_461143.1	WP_000023807.1	SL1344_2175
NP_459967.1	WP_001288828.1	SL1344_0929
NP_463342.1	WP_001128356.1	SL1344_4412
NP_463219.1	WP_000640362.1	SL1344_4292
NP_463124.1	WP_001541306.1	SL1344_4195
NP_462500.1	WP_000498935.1	SL1344_3564
NP_460847.1	WP_001184028.1	SL1344_1824
NP_460552.1	WP_001129948.1	SL1344_1524
NP_459685.1	WP_000042658.1	SL1344_0682
NP_459394.1	WP_000149625.1	SL1344_0394
NP_462691.1	WP_000998359.1	SL1344_3758
NP_462458.1	WP_000624747.1	SL1344_3523
NP_462415.1	WP_001131737.1	SL1344_3479
NP_461974.1	WP_000193679.1	SL1344_3034
NP_459131.1	WP_000796445.1	SL1344_0126
NP_461333.1	WP_001518618.1	SL1344_2360
NP_461035.1	WP_000126349.1	SL1344_2067
NP_460573.1	WP_000460835.1	SL1344_1544
NP_460007.1	WP_001009208.1	SL1344_0971
NP_459517.1	WP_000401063.1	SL1344_0515
NP_463148.1	WP_000793278.1	SL1344_4219
NP_463107.1	WP_001039339.1	SL1344_4178
NP_462152.1	WP_000463090.1	SL1344_3210
NP_461331.2	WP_001248125.1	SL1344_2358
NP_460187.3	WP_001518787.1	SL1344_1154
NP_462933.1	WP_000566800.1	SL1344_4001
NP_462086.1	WP_000345259.1	SL1344_3145
NP_463049.1	WP_000857881.1	SL1344_4119
NP_462049.1	WP_000784371.1	SL1344_3108
NP_461017.1	WP_000009626.1	SL1344_2049
NP_460181.1	WP_000211053.1	SL1344_1148
NP_459674.1	WP_000057014.1	SL1344_0671
NP_459486.1	WP_000671592.1	SL1344_0484
NP_459280.1	WP_000132483.1	SL1344_0277
NP_463189.1	WP_000637595.1	SL1344_4262
NP_462117.1	WP_000046230.1	SL1344_3175
NP_462043.1	WP_001092814.1	SL1344_3102
NP_461589.1	WP_000807809.1	SL1344_2618
NP_460432.1	WP_000732951.1	SL1344_1402
NP_460380.1	WP_000787213.1	SL1344_1349
NP_459217.1	WP_000017171.1	SL1344_0213
NP_459059.1	WP_000444828.1	SL1344_0745
NP_463227.1	WP_000527972.1	SL1344_4299
NP_462527.1	WP_001150163.1	SL1344_3591
NP_461873.1	WP_000036734.1	SL1344_2931
NP_461413.1	WP_000673300.1	SL1344_2441
NP_460759.1	WP_001266937.1	SL1344_1731
NP_459519.1	WP_000484503.1	SL1344_0517
NP_459443.1	WP_001198406.1	SL1344_0441
NP_462437.1	WP_000253995.1	SL1344_3503
NP_461878.1	WP_000046849.1	SL1344_2938
NP_461815.1	WP_000856766.1	SL1344_2873
NP_461252.1	WP_000555674.1	SL1344_2279
NP_459393.1	WP_000893645.1	SL1344_0393
NP_461371.1	WP_000565119.1	SL1344_2399
NP_461033.1	WP_001531712.1	SL1344_2065
NP_459980.1	WP_001262306.1	SL1344_0942
NP_459939.1	WP_000886697.1	SL1344_0901
NP_459733.1	WP_001562341.1	SL1344_0730
NP_459241.1	WP_000210056.1	SL1344_0237
NP_463044.1	WP_000866788.1	SL1344_4114
NP_462312.1	WP_000744604.1	SL1344_3375
NP_462132.3	WP_072207758.1	SL1344_3191
NP_461890.1	WP_000450462.1	SL1344_2950
NP_461432.1	WP_000198335.1	SL1344_2460
NP_461232.1	WP_000028931.1	SL1344_2259
NP_460450.3	WP_000554911.1	SL1344_1420
NP_460074.1	WP_000679216.1	SL1344_1040
NP_459771.1	WP_000205518.1	SL1344_0770
NP_462515.1	WP_000858228.1	SL1344_3579
NP_460503.1	WP_000824240.1	SL1344_1472
NP_460318.1	WP_001278565.1	SL1344_1286
NP_460250.1	WP_000219714.1	SL1344_1219
NP_459459.1	WP_000684912.1	SL1344_0457
NP_459097.1	WP_000800482.1	SL1344_0093
NP_459082.1	WP_001287777.1	SL1344_0078
NP_459009.1	WP_000781105.1	SL1344_0004
NP_462605.1	WP_058814511.1	SL1344_3671
NP_461718.1	WP_001095556.1	SL1344_2776
NP_461689.1	WP_010989066.1	SL1344_2746
NP_461673.1	WP_001520831.1	SL1344_2730
NP_461471.1	WP_000133541.1	SL1344_2498
NP_460804.1	WP_001207294.1	SL1344_1777
NP_459953.1	WP_000445178.1	SL1344_0915
NP_459765.1	WP_001094775.1	SL1344_0763
NP_459715.1	WP_000785811.1	SL1344_0712
NP_459434.1	WP_000595924.1	SL1344_0432
NP_463223.1	WP_000460338.1	SL1344_4296
NP_462244.1	WP_001180690.1	SL1344_3306
NP_461046.1	WP_000770904.1	SL1344_2078
NP_460104.1	WP_000560761.1	SL1344_1070
NP_459207.1	WP_000045268.1	SL1344_0203
NP_463125.1	WP_001081935.1	SL1344_4196
NP_462624.1	WP_000891582.1	SL1344_3690
NP_462572.1	WP_000301822.1	SL1344_3637
NP_462463.1	WP_000803766.1	SL1344_3528
NP_462388.1	WP_000343156.1	SL1344_3452
NP_461488.1	WP_000982961.1	SL1344_2515
NP_461388.1	WP_000344440.1	SL1344_2416
NP_461258.3	WP_000156671.1	SL1344_2285
NP_490544.1	WP_000457541.1	SL1344_P1_0053
NP_461457.1	WP_001107141.1	SL1344_2484
NP_460412.1	WP_000168626.1	SL1344_1381
NP_463375.1	WP_001033021.1	SL1344_4447
NP_462496.1	WP_000766151.1	SL1344_3560
NP_462170.1	WP_000658628.1	SL1344_3230
NP_461086.1	WP_000858692.1	SL1344_2119
NP_460337.1	WP_000907925.1	SL1344_1306
NP_459445.1	WP_000130314.1	SL1344_0443
NP_459167.1	WP_000782192.1	SL1344_0163
NP_462266.1	WP_000433394.1	SL1344_3328
NP_461716.1	WP_000271926.1	SL1344_2774
NP_461307.1	WP_000792275.1	SL1344_2334
NP_460948.1	WP_000457662.1	SL1344_1925
NP_462805.1	WP_000047525.1	SL1344_3874
NP_460918.3	WP_001535233.1	SL1344_1894
NP_460741.1	WP_000794388.1	SL1344_1713
NP_459818.1	WP_000210950.1	SL1344_0817
NP_462811.1	WP_000011227.1	SL1344_3880
NP_462732.1	WP_000061259.1	SL1344_3799
NP_461930.1	WP_000056576.1	SL1344_2991
NP_461838.1	WP_000912488.1	SL1344_2896
NP_459137.1	WP_000588463.1	SL1344_0132
NP_463224.1	WP_000312505.1	SL1344_4297
NP_462927.1	WP_000211463.1	SL1344_3995
NP_462807.1	WP_001054532.1	SL1344_3876
NP_462482.3	WP_001576500.1	SL1344_3546
NP_462217.1	WP_000357288.1	SL1344_3279
NP_461227.1	WP_000667146.1	SL1344_2254
NP_459525.1	WP_000495330.1	SL1344_0523
NP_462029.1	WP_001049804.1	SL1344_3088
NP_461356.1	WP_000513241.1	SL1344_2384
NP_460733.1	WP_000173208.1	SL1344_1705
NP_462243.1	WP_000076266.1	SL1344_3305
NP_461908.1	WP_000011919.1	SL1344_2969
NP_461490.1	WP_000919178.1	SL1344_2517
NP_460446.1	WP_000091796.1	SL1344_1416
NP_460037.1	WP_000333148.1	SL1344_1003
NP_459351.1	WP_000288496.1	SL1344_0351
NP_459042.1	WP_001055835.1	SL1344_0038
NP_462816.1	WP_000050295.1	SL1344_3885
NP_462565.1	WP_000144381.1	SL1344_3630
NP_461535.1	WP_000817263.1	SL1344_2563
NP_460208.1	WP_000444508.1	SL1344_1176
NP_459319.1	WP_000893231.1	SL1344_0318
NP_461337.1	WP_000930843.1	SL1344_2364
NP_459745.1	WP_000074128.1	SL1344_0742
NP_459561.1	WP_001156978.1	SL1344_0557
NP_459515.1	WP_000005067.1	SL1344_0513
NP_462192.1	WP_000224386.1	SL1344_3252
NP_462139.1	WP_000235363.1	SL1344_3198
NP_461702.1	WP_001239941.1	SL1344_2760
NP_460189.1	WP_000168091.1	SL1344_1156
NP_459585.1	WP_001081661.1	SL1344_0581
NP_459315.1	WP_000189588.1	SL1344_0314
NP_459132.1	WP_001239803.1	SL1344_0127
NP_463376.1	WP_001188918.1	SL1344_4448
NP_463192.1	WP_001670701.1	SL1344_4265
NP_462901.1	WP_000870946.1	SL1344_3967
NP_462892.1	WP_001062055.1	SL1344_3958
NP_462119.1	WP_000708443.1	SL1344_3177
NP_461609.3	WP_127172650.1	SL1344_2652
NP_461349.1	WP_000131735.1	SL1344_2376
NP_461178.1	WP_000554739.1	SL1344_2211
NP_461131.1	WP_001136409.1	SL1344_2163
NP_461071.1	WP_000678822.1	SL1344_2103
NP_460505.1	WP_001095738.1	SL1344_1474
NP_460167.1	WP_000044664.1	SL1344_1134
NP_460090.1	WP_000749201.1	SL1344_1056
NP_459823.3	WP_000395790.1	SL1344_0822
NP_459790.1	WP_000649649.1	SL1344_0788
NP_462391.1	WP_000832802.1	SL1344_3455
NP_461343.1	WP_000763118.1	SL1344_2370
NP_459652.1	WP_000498891.1	SL1344_0649
NP_459607.1	WP_000646113.1	SL1344_0603
NP_459323.3	WP_012543325.1	SL1344_0323
NP_461345.1	WP_000468919.1	SL1344_2372
NP_461132.1	WP_000956095.1	SL1344_2164
NP_459597.1	WP_000118144.1	SL1344_0593
NP_459522.1	WP_000589769.1	SL1344_0520
NP_463436.5	WP_000093829.1	SL1344_4507
NP_461978.1	WP_001151627.1	SL1344_3038
NP_459961.1	WP_000056911.1	SL1344_0923
NP_459843.1	WP_001181280.1	SL1344_0842
NP_461939.1	WP_000036825.1	SL1344_3000
NP_461805.1	WP_000909019.1	SL1344_2863
NP_461571.1	WP_001007939.1	SL1344_2600
NP_460197.1	WP_000359410.1	SL1344_1164
NP_459184.1	WP_000245304.1	SL1344_0180
NP_463295.1	WP_000661783.1	SL1344_4364
NP_462711.1	WP_000809945.1	SL1344_3778
NP_461395.1	WP_000512359.1	SL1344_2423
NP_460590.1	WP_001131430.1	SL1344_1561
NP_460347.1	WP_000471807.1	SL1344_1316
NP_460269.1	WP_000059493.1	SL1344_1238
NP_459347.3	WP_001254844.1	SL1344_0347
NP_463425.1	WP_000816454.1	SL1344_4496
NP_462630.3	WP_000050168.1	SL1344_3696
NP_461051.1	WP_000699632.1	SL1344_2083
NP_460298.1	WP_000905564.1	SL1344_1266
NP_459766.1	WP_001249472.1	SL1344_0764
NP_459732.1	WP_000030590.1	SL1344_0729
NP_463327.1	WP_000410846.1	SL1344_4397
NP_461602.1	WP_001030985.1	SL1344_2630
NP_461045.1	WP_000868521.1	SL1344_2077
NP_460448.1	WP_000225097.1	SL1344_1418
NP_460338.1	WP_000143859.1	SL1344_1307
NP_459667.1	WP_000187577.1	SL1344_0664
NP_459488.1	WP_001251593.1	SL1344_0486
NP_459371.1	WP_000477024.1	SL1344_0371
NP_462422.1	WP_001105521.1	SL1344_3486
NP_462371.1	WP_000190006.1	SL1344_3435
NP_461233.1	WP_001521492.1	SL1344_2260
NP_461058.1	WP_001023826.1	SL1344_2090
NP_460927.1	WP_000631669.1	SL1344_1903
NP_462613.1	WP_000958458.1	SL1344_3679
NP_462448.3	WP_000667440.1	SL1344_3513
NP_461478.1	WP_000775266.1	SL1344_2505
NP_461320.1	WP_000817161.1	SL1344_2347
NP_461273.1	WP_000074540.1	SL1344_2300
NP_461057.1	WP_000091397.1	SL1344_2089
NP_461002.1	WP_000120647.1	SL1344_2033
NP_460465.1	WP_000706264.1	SL1344_1435
NP_460125.1	WP_000075048.1	SL1344_1091
NP_459977.1	WP_000544849.1	SL1344_0939
NP_459578.1	WP_000656600.1	SL1344_0574
NP_460893.1	WP_001562965.1	SL1344_1870
NP_460360.1	WP_000323786.1	SL1344_1329
NP_460327.1	WP_000797677.1	SL1344_1296
NP_460148.1	WP_000010567.1	SL1344_1114
NP_460054.1	WP_000140480.1	SL1344_1020
NP_459845.1	WP_000217432.1	SL1344_0844
NP_459629.1	WP_000858711.1	SL1344_0625
NP_459377.1	WP_000446768.1	SL1344_0377
NP_463273.1	WP_000203131.1	SL1344_4345
NP_462156.1	WP_001001853.1	SL1344_3214
NP_461832.1	WP_000222406.1	SL1344_2890
NP_460137.1	WP_000092178.1	SL1344_1103
NP_459722.1	WP_000099858.1	SL1344_0719
NP_490542.1	WP_000427676.1	SL1344_P1_0055
NP_462646.1	WP_000462256.1	SL1344_3712
NP_461903.1	WP_000991053.1	SL1344_2964
NP_460911.1	WP_000659236.1	SL1344_1887
NP_460391.1	WP_001182309.1	SL1344_1360
NP_461972.1	WP_001192144.1	SL1344_3032
NP_461926.1	WP_000004678.1	SL1344_2987
NP_461735.1	WP_000985529.1	SL1344_2794
NP_461681.1	WP_000889012.1	SL1344_2738
NP_461350.1	WP_000376347.1	SL1344_2377
NP_461279.1	WP_000095689.1	SL1344_2306
NP_461215.1	WP_000705579.1	SL1344_2242
NP_460579.1	WP_000848076.1	SL1344_1550
NP_460516.1	WP_000347159.1	SL1344_1487
NP_459979.1	WP_000191399.1	SL1344_0941
NP_459840.1	WP_000195709.1	SL1344_0839
NP_459391.1	WP_001221261.1	SL1344_0391
NP_459147.1	WP_000114087.1	SL1344_0142
NP_459055.1	WP_000516322.1	SL1344_0051
NP_463094.3	WP_000695417.1	SL1344_4166
NP_462821.1	WP_001546072.1	SL1344_3890
NP_462609.1	WP_001213790.1	SL1344_3675
NP_462597.1	WP_001218249.1	SL1344_3662
NP_462489.1	WP_000439219.1	SL1344_3553
NP_461509.1	WP_001276370.1	SL1344_2536
NP_461235.1	WP_000935674.1	SL1344_2262
NP_460946.1	WP_001080680.1	SL1344_1923
NP_460253.1	WP_000029246.1	SL1344_1222
NP_459225.1	WP_000811905.1	SL1344_0221
NP_463113.1	WP_000486903.1	SL1344_4184
NP_462733.1	WP_001687378.1	SL1344_3800
NP_461669.1	WP_000248794.1	SL1344_2726
NP_461339.1	WP_000467983.1	SL1344_2366
NP_461120.1	WP_000150103.1	SL1344_2152
NP_460685.1	WP_000209484.1	SL1344_1657
NP_459471.1	WP_001039202.1	SL1344_0469
NP_462652.1	WP_001541628.1	SL1344_3718
NP_462594.1	WP_000586988.1	SL1344_3659
NP_461491.1	WP_000883146.1	SL1344_2518
NP_461228.1	WP_001285726.1	SL1344_2255
NP_461222.1	WP_000660244.1	SL1344_2249
NP_461165.1	WP_000213347.1	SL1344_2198
NP_460482.1	WP_000154625.1	SL1344_1452
NP_459973.1	WP_000462653.1	SL1344_0935
NP_459041.1	WP_000971148.1	SL1344_0037
NP_463334.1	WP_001066984.1	SL1344_4404
NP_462746.1	WP_000819619.1	SL1344_3814
NP_462076.1	WP_000130262.1	SL1344_3135
NP_461396.1	WP_001147500.1	SL1344_2424
NP_460476.1	WP_001068050.1	SL1344_1446
NP_463374.1	WP_000233260.1	SL1344_4446
NP_463015.1	WP_000031748.1	SL1344_4085
NP_462723.1	WP_001230254.1	SL1344_3789
NP_462699.1	WP_000828740.1	SL1344_3766
NP_462050.1	WP_000815487.1	SL1344_3109
NP_462038.1	WP_000933432.1	SL1344_3097
NP_461738.1	WP_000165758.1	SL1344_2797
NP_460244.1	WP_000205341.1	SL1344_1214
NP_462376.1	WP_000185211.1	SL1344_3440
NP_461152.1	WP_000551937.1	SL1344_2184
NP_462562.1	WP_000459827.1	SL1344_3627
NP_462063.1	WP_000017678.1	SL1344_3122
NP_461973.2	WP_000111140.1	SL1344_3033
NP_461936.1	WP_000665977.1	SL1344_2997
NP_461795.1	WP_000450192.1	SL1344_2854
NP_461455.1	WP_001177074.1	SL1344_2482
NP_461314.1	WP_000127736.1	SL1344_2341
NP_460840.1	WP_000173431.1	SL1344_1817
NP_460565.1	WP_001238501.1	SL1344_1536
NP_460428.1	WP_001170627.1	SL1344_1397
NP_459663.1	WP_000184633.1	SL1344_0660
NP_459587.1	WP_000367601.1	SL1344_0583
NP_459559.1	WP_001033457.1	SL1344_0555
NP_459255.1	WP_001127538.1	SL1344_0252
NP_463371.1	WP_001113069.1	SL1344_4443
NP_462212.1	WP_000673556.1	SL1344_3273
NP_461740.1	WP_001275603.1	SL1344_2799
NP_461629.1	WP_000046099.1	SL1344_2672
NP_461007.1	WP_000925042.1	SL1344_2038
NP_459389.1	WP_000755620.1	SL1344_0389
NP_447101.1	WP_001670689.1	SL1344_0638
NP_462822.1	WP_000138962.1	SL1344_3891
NP_461109.1	WP_001278098.1	SL1344_2142
NP_460667.1	WP_000891378.1	SL1344_1640
NP_459364.1	WP_000132749.1	SL1344_0364
NP_463289.1	WP_001111174.1	SL1344_4360
NP_461460.1	WP_000003211.1	SL1344_2487
NP_461025.1	WP_000704831.1	SL1344_2057
NP_459723.1	WP_001048589.1	SL1344_0720
NP_459044.1	WP_000681340.1	SL1344_0040
NP_463274.1	WP_000977203.1	SL1344_4346
NP_463237.1	WP_000943932.1	SL1344_4309
NP_462867.1	WP_000438778.1	SL1344_3935
NP_462103.1	WP_000442833.1	SL1344_3162
NP_462079.1	WP_001058724.1	SL1344_3138
NP_461985.1	WP_000111274.1	SL1344_3045
NP_461621.1	WP_010989057.1	SL1344_2664
NP_459834.1	WP_000835387.1	SL1344_0833
NP_462981.1	WP_000197217.1	SL1344_4049
NP_461597.1	WP_000200080.1	SL1344_2625
NP_460102.1	WP_000525751.1	SL1344_1068
NP_459595.1	WP_001245592.1	SL1344_0591
NP_462300.1	WP_000160383.1	SL1344_3363
NP_461239.3	WP_001279284.1	SL1344_2266
NP_459983.3	WP_001539618.1	SL1344_0945
NP_459773.1	WP_000118956.1	SL1344_0772
NP_459215.1	WP_000929420.1	SL1344_0211
NP_463216.3	WP_001670426.1	SL1344_4289
NP_462006.1	WP_001062140.1	SL1344_3065
NP_460616.1	WP_000906725.1	SL1344_1588
NP_460120.1	WP_000100055.1	SL1344_1086
NP_459668.1	WP_000271186.1	SL1344_0665
NP_463000.1	WP_000800210.1	SL1344_4070
NP_460871.1	WP_000797077.1	SL1344_1849
NP_460322.1	WP_000347819.1	SL1344_1290
NP_460204.3	WP_000004541.1	SL1344_1172
NP_459138.1	WP_000462785.1	SL1344_0133
NP_462925.1	WP_000009249.1	SL1344_3993
NP_462728.1	WP_000704735.1	SL1344_3794
NP_462586.1	WP_000645391.1	SL1344_3651
NP_461893.1	WP_000013565.1	SL1344_2953
NP_460451.1	WP_000593086.1	SL1344_1421
NP_460390.1	WP_000098879.1	SL1344_1359
NP_459943.1	WP_000109271.1	SL1344_0905
NP_459753.1	WP_001049367.1	SL1344_0751
NP_459520.1	WP_000706331.1	SL1344_0518
NP_459234.1	WP_000741212.1	SL1344_0230
NP_459071.1	WP_000597287.1	SL1344_0067
NP_462614.1	WP_000591818.1	SL1344_3680
NP_462160.1	WP_000706459.1	SL1344_3220
NP_459630.1	WP_001231299.1	SL1344_0626
NP_461880.1	WP_000706479.1	SL1344_2940
NP_461137.1	WP_001526153.1	SL1344_2169
NP_459078.1	WP_000347134.1	SL1344_0074
NP_461489.1	WP_001173729.1	SL1344_2516
NP_461063.1	WP_000978077.1	SL1344_2095
NP_460977.1	WP_001292906.1	SL1344_2008
NP_460868.1	WP_000989908.1	SL1344_1846
NP_459726.1	WP_000568258.1	SL1344_0723
NP_459675.1	WP_000811134.1	SL1344_0672
NP_459018.1	WP_001119009.1	SL1344_0013
NP_462134.1	WP_000019989.1	SL1344_3193
NP_462020.1	WP_001096517.1	SL1344_3079
NP_461312.1	WP_000699178.1	SL1344_2339
NP_461210.1	WP_000865526.1	SL1344_2237
NP_460749.1	WP_000888114.1	SL1344_1721
NP_460196.1	WP_000531607.1	SL1344_1163
NP_459581.1	WP_001139583.1	SL1344_0577
NP_463306.1	WP_000459930.1	SL1344_4375
NP_463028.1	WP_000847565.1	SL1344_4098
NP_461846.1	WP_223149274.1	SL1344_2904
NP_461762.1	WP_000086354.1	SL1344_2821
NP_460434.1	WP_000824309.1	SL1344_1404
NP_460227.1	WP_000456065.1	SL1344_1196
NP_459855.1	WP_001000698.1	SL1344_0855
NP_459706.1	WP_000824901.1	SL1344_0703
NP_459504.1	WP_000152869.1	SL1344_0502
NP_462815.1	WP_000612078.1	SL1344_3884
NP_462810.1	WP_000866685.1	SL1344_3879
NP_461220.1	WP_000332026.1	SL1344_2247
NP_461151.1	WP_000487287.1	SL1344_2183
NP_459859.1	WP_001149782.1	SL1344_0859
NP_459794.1	WP_000045765.1	SL1344_0792
NP_459370.3	WP_000830784.1	SL1344_0370
NP_461418.1	WP_001277825.1	SL1344_2446
NP_460773.1	WP_001109130.1	SL1344_1745
NP_459400.1	WP_000667305.1	SL1344_0400
NP_462984.1	WP_001134807.1	SL1344_4053
NP_462622.1	WP_001261577.1	SL1344_3688
NP_462534.1	WP_000940803.1	SL1344_3598
NP_462486.1	WP_001214750.1	SL1344_3550
NP_462309.1	WP_000124529.1	SL1344_3372
NP_462256.1	WP_001191222.1	SL1344_3318
NP_460209.1	WP_000917257.1	SL1344_1177
NP_461778.2	WP_001212958.1	SL1344_2837
NP_461599.1	WP_000225191.1	SL1344_2627
NP_461054.1	WP_000048160.1	SL1344_2086
NP_460409.1	WP_000835011.1	SL1344_1378
NP_460199.1	WP_000456516.1	SL1344_1167
NP_463307.1	WP_001139187.1	SL1344_4376
NP_462065.1	WP_000145429.1	SL1344_3124
NP_461818.1	WP_000612171.1	SL1344_2876
NP_461458.1	WP_000551825.1	SL1344_2485
NP_460742.1	WP_001058312.1	SL1344_1714
NP_460586.1	WP_000842141.1	SL1344_1557
NP_460571.1	WP_000144617.1	SL1344_1542
NP_460490.1	WP_000758335.1	SL1344_1459
NP_460329.1	WP_000248615.1	SL1344_1298
NP_460131.1	WP_000872773.1	SL1344_1097
NP_459918.1	WP_001201751.1	SL1344_0880
NP_459575.1	WP_001196903.1	SL1344_0571
NP_490538.1	WP_001247118.1	SL1344_P1_0059
NP_463067.1	WP_000951736.1	SL1344_4137
NP_461700.1	WP_001221110.1	SL1344_2758
NP_460425.3	WP_000998242.1	SL1344_1394
NP_460997.1	WP_001091448.1	SL1344_2028
NP_459854.1	WP_000125769.1	SL1344_0854
NP_459813.1	WP_000050090.1	SL1344_0811
NP_459631.1	WP_000131713.1	SL1344_0627
NP_459380.1	WP_000484086.1	SL1344_0380
NP_463095.1	WP_000179176.1	SL1344_4167
NP_462667.1	WP_000188463.1	SL1344_3733
NP_462518.1	WP_000988813.1	SL1344_3582
NP_462465.1	WP_000822973.1	SL1344_3530
NP_462431.1	WP_000258838.1	SL1344_3496
NP_461098.1	WP_001005424.1	SL1344_2131
NP_460034.1	WP_000224069.1	SL1344_1000
NP_459423.1	WP_000928801.1	SL1344_0422
NP_448089.1	WP_000275493.1	SL1344_1602
NP_462440.1	WP_000799940.1	SL1344_3506
NP_460105.1	WP_000988585.1	SL1344_1071
NP_459793.1	WP_000469050.1	SL1344_0791
NP_462989.1	WP_000374031.1	SL1344_4058
NP_462808.1	WP_000771937.1	SL1344_3877
NP_462242.1	WP_000184315.1	SL1344_3304
NP_461300.1	WP_000281907.1	SL1344_2327
NP_460499.1	WP_001194448.1	SL1344_1468
NP_459426.1	WP_000203955.1	SL1344_0425
NP_459411.1	WP_001150216.1	SL1344_0410
NP_459318.1	WP_001285275.1	SL1344_0317
NP_463339.1	WP_000584130.1	SL1344_4409
NP_463008.1	WP_000186981.1	SL1344_4078
NP_462737.1	WP_000673478.1	SL1344_3804
NP_461899.1	WP_001045494.1	SL1344_2960
NP_461623.1	WP_001010544.1	SL1344_2666
NP_460727.1	WP_000148418.1	SL1344_1699
NP_462468.1	WP_001521443.1	SL1344_3532
NP_461907.1	WP_000678626.1	SL1344_2968
NP_461376.1	WP_000021076.1	SL1344_2404
NP_460399.1	WP_000092932.1	SL1344_1368
NP_460152.1	WP_001518955.1	SL1344_1118
NP_461971.1	WP_000068738.1	SL1344_3031
NP_461161.1	WP_000501623.1	SL1344_2194
NP_459636.1	WP_001173255.1	SL1344_0632
NP_459508.1	WP_001154078.1	SL1344_0506
NP_459375.1	WP_001096588.1	SL1344_0375
NP_459372.1	WP_001271421.1	SL1344_0372
NP_463353.1	WP_001526178.1	SL1344_4423
NP_460740.1	WP_000505857.1	SL1344_1712
NP_460500.1	WP_000976502.1	SL1344_1469
NP_459974.1	WP_000977713.1	SL1344_0936
NP_459117.1	WP_000042325.1	SL1344_0112
NP_462389.1	WP_000439828.1	SL1344_3453
NP_460531.1	WP_000769035.1	SL1344_1503
NP_459952.1	WP_000079584.1	SL1344_0914
NP_459594.1	WP_001016847.1	SL1344_0590
NP_463447.1	WP_001253768.1	SL1344_4518
NP_462700.1	WP_000238929.1	SL1344_3767
NP_462028.1	WP_000976289.1	SL1344_3087
NP_461326.1	WP_000918456.1	SL1344_2353
NP_461042.1	WP_000697840.1	SL1344_2074
NP_459661.3	WP_001018045.1	SL1344_0658
NP_463340.1	WP_001182242.1	SL1344_4410
NP_461648.1	WP_000730752.1	SL1344_2691
NP_460732.1	WP_000804703.1	SL1344_1704
NP_459130.1	WP_000964141.1	SL1344_0125
NP_463112.1	WP_001147297.1	SL1344_4183
NP_462992.1	WP_000661597.1	SL1344_4061
NP_462817.1	WP_000217185.1	SL1344_3886
NP_462619.1	WP_000683977.1	SL1344_3685
NP_461984.1	WP_000034386.1	SL1344_3044
NP_461752.1	WP_000476820.1	SL1344_2811
NP_461036.1	WP_000565905.1	SL1344_2068
NP_461018.1	WP_000102713.1	SL1344_2050
NP_460162.1	WP_001518286.1	SL1344_1129
NP_459749.1	WP_000128327.1	SL1344_0747
NP_459179.1	WP_000794043.1	SL1344_0175
NP_463213.3	WP_000041951.1	SL1344_4286
NP_461943.1	WP_000141326.1	SL1344_3005
NP_459616.1	WP_000467874.1	SL1344_0612
NP_463419.1	WP_000531533.1	SL1344_4490
NP_462736.1	WP_000060085.1	SL1344_3803
NP_463233.1	WP_000899675.1	SL1344_4305
NP_463156.1	WP_001212189.1	SL1344_4228
NP_462455.1	WP_000907838.1	SL1344_3520
NP_462259.1	WP_000497705.1	SL1344_3321
NP_461808.1	WP_000097719.1	SL1344_2866
NP_461600.1	WP_001168062.1	SL1344_2628
NP_461224.1	WP_000858952.1	SL1344_2251
NP_460961.1	WP_001193983.1	SL1344_1992
NP_460758.1	WP_000197903.1	SL1344_1730
NP_460548.1	WP_001517827.1	SL1344_1520
NP_462812.1	WP_000822145.1	SL1344_3881
NP_462488.1	WP_000359836.1	SL1344_3552
NP_462365.1	WP_001214118.1	SL1344_3429
NP_461428.1	WP_000892056.1	SL1344_2456
NP_461019.1	WP_000080044.1	SL1344_2051
NP_459528.1	WP_000815603.1	SL1344_0526
NP_459133.1	WP_000016613.1	SL1344_0128
NP_463410.1	WP_000211207.1	SL1344_4482
NP_463243.1	WP_000049161.1	SL1344_4315
NP_463036.2	WP_000137623.1	SL1344_4106
NP_462203.1	WP_000051504.1	SL1344_3263
NP_461736.1	WP_000775011.1	SL1344_2795
NP_459399.1	WP_001266530.1	SL1344_0399
NP_463398.1	WP_000075429.1	SL1344_4470
NP_461750.1	WP_000963150.1	SL1344_2809
NP_461208.1	WP_000975956.1	SL1344_2235
NP_461031.1	WP_001521643.1	SL1344_2063
NP_460642.1	WP_001294459.1	SL1344_1614
NP_460545.1	WP_000550636.1	SL1344_1517
NP_460493.1	WP_001016743.1	SL1344_1462
NP_462920.3	WP_000828052.1	SL1344_3988
NP_462053.1	WP_000475246.1	SL1344_3112
NP_461862.1	WP_000206415.1	SL1344_2920
NP_461005.1	WP_001200854.1	SL1344_2036
NP_460419.1	WP_000231891.1	SL1344_1388
NP_460387.1	WP_001291716.1	SL1344_1356
NP_459762.1	WP_000891710.1	SL1344_0760
NP_462470.1	WP_001081707.1	SL1344_3534
NP_460973.1	WP_001098914.1	SL1344_2004
NP_459454.1	WP_000987846.1	SL1344_0452
NP_459311.1	WP_001226198.1	SL1344_0309
NP_459263.1	WP_000367626.1	SL1344_0260
NP_462283.1	WP_000802543.1	SL1344_3345
NP_462057.1	WP_001032007.1	SL1344_3116
NP_462026.1	WP_001148956.1	SL1344_3085
NP_461706.1	WP_001738474.1	SL1344_2763
NP_461389.1	WP_000753665.1	SL1344_2417
NP_461209.1	WP_000784307.1	SL1344_2236
NP_461085.1	WP_000129590.1	SL1344_2118
NP_460127.1	WP_001144632.1	SL1344_1093
NP_460044.1	WP_001674965.1	SL1344_1010
NP_459740.1	WP_001109234.1	SL1344_0737
NP_459317.1	WP_001043675.1	SL1344_0316
NP_462886.1	WP_000146194.1	SL1344_3953
NP_462483.1	WP_000179589.1	SL1344_3547
NP_461849.1	WP_000134246.1	SL1344_2907
NP_461147.1	WP_000137961.1	SL1344_2179
NP_460874.1	WP_000036392.1	SL1344_1852
NP_459523.1	WP_000703934.1	SL1344_0521
NP_462809.1	WP_000193413.1	SL1344_3878
NP_462611.1	WP_000699196.1	SL1344_3677
NP_462022.1	WP_000394189.1	SL1344_3081
NP_461986.1	WP_000218338.1	SL1344_3046
NP_461857.1	WP_000490481.1	SL1344_2915
NP_461081.1	WP_010989041.1	SL1344_2113
NP_460675.1	WP_000422082.1	SL1344_1648
NP_460313.1	WP_001082196.1	SL1344_1281
NP_460192.1	WP_000759329.1	SL1344_1159
NP_460134.1	WP_000126580.1	SL1344_1100
NP_459754.1	WP_000187473.1	SL1344_0752
NP_459714.1	WP_001122057.1	SL1344_0711
NP_463073.1	WP_000818154.1	SL1344_4143
NP_462956.1	WP_000911134.1	SL1344_4024
NP_462712.1	WP_001238306.1	SL1344_3779
NP_462499.1	WP_000702755.1	SL1344_3563
NP_462284.1	WP_000913396.1	SL1344_3346
NP_462174.1	WP_000844174.1	SL1344_3234
NP_461483.1	WP_000985204.1	SL1344_2510
NP_461411.1	WP_001270671.1	SL1344_2439
NP_461190.1	WP_001238333.1	SL1344_2223
NP_460263.1	WP_001294900.1	SL1344_1232
NP_460219.1	WP_000761746.1	SL1344_1188
NP_459736.1	WP_000115347.1	SL1344_0733
NP_459565.1	WP_010988979.1	SL1344_0561
NP_459146.1	WP_001217365.1	SL1344_0141
NP_459063.1	WP_001181452.1	SL1344_0059
NP_462948.1	WP_000557889.1	SL1344_4016
NP_462756.1	WP_000867130.1	SL1344_3824
NP_462725.1	WP_001202030.1	SL1344_3791
NP_461925.1	WP_000558962.1	SL1344_2986
NP_461651.1	WP_001292072.1	SL1344_2694
NP_460508.3	WP_000954688.1	SL1344_1477
NP_459772.1	WP_000090729.1	SL1344_0771
NP_459752.1	WP_000931428.1	SL1344_0750
NP_490532.1	WP_001121399.1	SL1344_P1_0065
NP_462654.1	WP_000774139.1	SL1344_3720
NP_462446.1	WP_000172397.1	SL1344_3511
NP_461583.1	WP_000997368.1	SL1344_2612
NP_461434.3	WP_000130477.1	SL1344_2462
NP_461123.1	WP_001289857.1	SL1344_2155
NP_462931.1	WP_000063541.1	SL1344_3999
NP_462623.1	WP_001526672.1	SL1344_3689
NP_462607.1	WP_000798206.1	SL1344_3673
NP_462451.1	WP_000675710.1	SL1344_3516
NP_461423.1	WP_000331877.1	SL1344_2451
NP_460441.1	WP_001118268.1	SL1344_1411
NP_460270.1	WP_001263889.1	SL1344_1239
NP_463399.3	WP_000900312.1	SL1344_4471
NP_463344.1	WP_000453340.1	SL1344_4414
NP_462919.1	WP_000710966.1	SL1344_3987
NP_461804.1	WP_000932246.1	SL1344_2862
NP_460622.1	WP_000493665.1	SL1344_1594
NP_459638.1	WP_000620491.1	SL1344_0634
NP_459251.1	WP_000594021.1	SL1344_0248
NP_463412.1	WP_001272276.1	SL1344_4484
NP_463197.1	WP_000940484.1	SL1344_4270
NP_463011.1	WP_000149795.1	SL1344_4081
NP_462509.1	WP_000191231.1	SL1344_3573
NP_461928.1	WP_000201030.1	SL1344_2989
NP_461539.1	WP_000522566.1	SL1344_2567
NP_490533.1	WP_001576625.1	SL1344_P1_0064
NP_462975.1	WP_000841337.1	SL1344_4043
NP_462894.3	WP_014343927.1	SL1344_3960
NP_462608.1	WP_000645990.1	SL1344_3674
NP_461666.1	WP_000155500.1	SL1344_2709
NP_461162.1	WP_001137764.1	SL1344_2195
NP_460502.1	WP_000864924.1	SL1344_1471
NP_460393.1	WP_000190993.1	SL1344_1362
NP_460179.1	WP_000529340.1	SL1344_1146
NP_459231.1	WP_001139265.1	SL1344_0227
NP_463294.1	WP_000736098.1	SL1344_4363
NP_462958.1	WP_000090737.1	SL1344_4026
NP_461929.1	WP_000968354.1	SL1344_2990
NP_461136.1	WP_000628631.1	SL1344_2168
NP_460349.1	WP_000149754.1	SL1344_1318
NP_460169.1	WP_000736475.1	SL1344_1136
NP_463346.1	WP_000152563.1	SL1344_4416
NP_462600.1	WP_001076596.1	SL1344_3666
NP_462531.1	WP_000938843.1	SL1344_3595
NP_462421.1	WP_000101027.1	SL1344_3485
NP_461287.1	WP_000026949.1	SL1344_2314
NP_460466.1	WP_000836487.1	SL1344_1436
NP_463432.1	WP_000209756.1	SL1344_4503
NP_462846.1	WP_000487685.1	SL1344_3915
NP_461998.1	WP_000853913.1	SL1344_3058
NP_461401.1	WP_000582931.1	SL1344_2429
NP_461379.1	WP_000290275.1	SL1344_2407
NP_460377.1	WP_000238877.1	SL1344_1346
NP_460260.1	WP_001170134.1	SL1344_1229
NP_459755.1	WP_001265465.1	SL1344_0753
NP_459506.1	WP_000569660.1	SL1344_0504
NP_463367.1	WP_001094622.1	SL1344_4438
NP_462690.1	WP_000213211.1	SL1344_3757
NP_462618.1	WP_000088479.1	SL1344_3684
NP_462528.1	WP_000103563.1	SL1344_3592
NP_462123.1	WP_001264394.1	SL1344_3182
NP_461709.1	WP_001059352.1	SL1344_2767
NP_461680.1	WP_001033832.1	SL1344_2737
NP_461485.1	WP_000020685.1	SL1344_2512
NP_461311.1	WP_001289141.1	SL1344_2338
NP_460712.1	WP_000193432.1	SL1344_1684
NP_460568.1	WP_001244002.1	SL1344_1539
NP_459909.1	WP_000866904.1	SL1344_0871
NP_459424.1	WP_000778012.1	SL1344_0423
NP_463286.1	WP_000172704.1	SL1344_4357
NP_463026.1	WP_000400600.1	SL1344_4096
NP_462966.1	WP_001250625.1	SL1344_4034
NP_462617.1	WP_000376865.1	SL1344_3683
NP_461813.1	WP_000503098.1	SL1344_2871
NP_461133.1	WP_001275101.1	SL1344_2165
NP_460995.1	WP_001029484.1	SL1344_2026
NP_460851.1	WP_000568508.1	SL1344_1828
NP_460526.1	WP_000642447.1	SL1344_1497
NP_460194.1	WP_001520468.1	SL1344_1161
NP_460032.1	WP_000291723.1	SL1344_0998
NP_459356.1	WP_000151047.1	SL1344_0356
NP_462535.1	WP_000290692.1	SL1344_3599
NP_462189.1	WP_000130437.1	SL1344_3249
NP_462021.1	WP_000252197.1	SL1344_3080
NP_461997.1	WP_000104231.1	SL1344_3057
NP_461170.1	WP_000050806.1	SL1344_2203
NP_461093.1	WP_000765279.1	SL1344_2126
NP_460702.1	WP_000058857.1	SL1344_1674
NP_460514.1	WP_000201080.1	SL1344_1485
NP_459584.1	WP_001277880.1	SL1344_0580
NP_459542.1	WP_000708653.1	SL1344_0540
NP_459029.1	WP_000701247.1	SL1344_0024
NP_463329.1	WP_000103041.1	SL1344_4399
NP_463325.1	WP_000237031.1	SL1344_4395
NP_463225.1	WP_001232417.1	SL1344_4298
NP_463001.1	WP_000935340.1	SL1344_4071
NP_462596.1	WP_010989081.1	SL1344_3661
NP_462384.1	WP_000165562.1	SL1344_3448
NP_462287.1	WP_000723876.1	SL1344_3350
NP_461459.1	WP_001090890.1	SL1344_2486
NP_461087.1	WP_000642793.1	SL1344_2120
NP_460929.1	WP_000502811.1	SL1344_1905
NP_460701.1	WP_000994696.1	SL1344_1673
NP_460171.1	WP_000872453.1	SL1344_1138
NP_459358.1	WP_000074605.1	SL1344_0358
NP_459123.1	WP_000762406.1	SL1344_0118
NP_459035.1	WP_001247395.1	SL1344_0031
NP_462957.1	WP_000981826.1	SL1344_4025
NP_461313.1	WP_000553395.1	SL1344_2340
NP_461256.1	WP_000368558.1	SL1344_2283
NP_461032.1	WP_000908622.1	SL1344_2064
NP_460848.3	WP_000939597.1	SL1344_1825
NP_460426.1	WP_000565569.1	SL1344_1395
NP_460340.1	WP_000817059.1	SL1344_1309
NP_459911.1	WP_000566344.1	SL1344_0873
NP_463341.1	WP_001244065.1	SL1344_4411
NP_463276.1	WP_000853764.1	SL1344_4348
NP_463108.1	WP_001182237.1	SL1344_4179
NP_462785.1	WP_000224491.1	SL1344_3853
NP_462568.1	WP_000869012.1	SL1344_3633
NP_462137.1	WP_000617687.1	SL1344_3196
NP_461360.2	WP_000765569.1	SL1344_2388
NP_461347.1	WP_000640293.1	SL1344_2374
NP_461135.1	WP_001036943.1	SL1344_2167
NP_462558.1	WP_001182588.1	SL1344_3623
NP_462444.1	WP_000730239.1	SL1344_3509
NP_462187.1	WP_000421309.1	SL1344_3247
NP_461737.1	WP_001216622.1	SL1344_2796
NP_460923.1	WP_000067735.1	SL1344_1899
NP_460256.1	WP_000153505.1	SL1344_1225
NP_459796.1	WP_000743436.1	SL1344_0794
NP_459764.1	WP_000815462.1	SL1344_0762
NP_459264.1	WP_000145244.1	SL1344_0261
NP_490576.1	WP_000833320.1	SL1344_P1_0019
NP_462776.1	WP_000845121.1	SL1344_3844
NP_461845.1	WP_000081498.1	SL1344_2903
NP_461038.1	WP_000018226.1	SL1344_2070
NP_460653.1	WP_001128868.1	SL1344_1625
NP_490513.1	WP_001527061.1	SL1344_P1_0084
NP_463349.1	WP_010989099.1	SL1344_4419
NP_462944.1	WP_000758711.1	SL1344_4012
NP_462909.1	WP_001518251.1	SL1344_3975
NP_462319.1	WP_001162094.1	SL1344_3382
NP_462158.1	WP_000548370.1	SL1344_3216
NP_461183.1	WP_001202279.1	SL1344_2216
NP_460606.1	WP_000762206.1	SL1344_1577
NP_459780.1	WP_000168180.1	SL1344_0778
NP_459583.1	WP_000480067.1	SL1344_0579
NP_459096.1	WP_000093011.1	SL1344_0092
NP_462876.1	WP_000999249.1	SL1344_3944
NP_462573.1	WP_000766336.1	SL1344_3638
NP_462225.1	WP_000018617.1	SL1344_3287
NP_462147.1	WP_000531161.1	SL1344_3205
NP_462064.1	WP_001081721.1	SL1344_3123
NP_461715.3	WP_000993096.1	SL1344_2773
NP_461486.1	WP_000111027.1	SL1344_2513
NP_461363.1	WP_000983110.1	SL1344_2391
NP_461156.1	WP_000169350.1	SL1344_2189
NP_460906.1	WP_001128180.1	SL1344_1882
NP_459564.1	WP_000109360.1	SL1344_0560
NP_463110.1	WP_000235551.1	SL1344_4181
NP_462935.1	WP_000812819.1	SL1344_4003
NP_462529.1	WP_001196509.1	SL1344_3593
NP_462084.1	WP_000799367.1	SL1344_3143
NP_461561.1	WP_000062941.1	SL1344_0952
NP_461240.1	WP_000458893.1	SL1344_2267
NP_461024.1	WP_000215261.1	SL1344_2056
NP_460615.1	WP_000387373.1	SL1344_1587
NP_460303.1	WP_000018570.1	SL1344_1271
NP_459744.1	WP_000282119.1	SL1344_0741
NP_459168.1	WP_000448745.1	SL1344_0164
NP_459113.1	WP_000915326.1	SL1344_0108
NP_462015.1	WP_001055649.1	SL1344_3074
NP_461964.1	WP_000874172.1	SL1344_3024
NP_461679.1	WP_001098984.1	SL1344_2736
NP_461593.1	WP_000079130.1	SL1344_2622
NP_460649.1	WP_001738297.1	SL1344_1621
NP_460569.1	WP_000170589.1	SL1344_1540
NP_460306.1	WP_000954984.1	SL1344_1274
NP_490543.1	WP_000064272.1	SL1344_P1_0054
NP_463208.1	WP_000004794.1	SL1344_4281
NP_462502.1	WP_010989080.1	SL1344_3566
NP_462224.1	WP_000922736.1	SL1344_3286
NP_461712.1	WP_000744413.1	SL1344_2770
NP_461264.1	WP_000118515.1	SL1344_2291
NP_459960.1	WP_000561681.1	SL1344_0922
NP_459414.1	WP_000752138.1	SL1344_0413
NP_462974.1	WP_000068811.1	SL1344_4042
NP_462547.1	WP_000804674.1	SL1344_3612
NP_462286.1	WP_001148246.1	SL1344_3349
NP_461517.1	WP_000002559.1	SL1344_2544
NP_460672.1	WP_000776233.1	SL1344_1645
NP_460223.1	WP_001520270.1	SL1344_1192
NP_459800.1	WP_000386494.1	SL1344_0798
NP_459416.1	WP_001199859.1	SL1344_0415
NP_459367.1	WP_000130724.1	SL1344_0367
NP_462450.1	WP_001038951.1	SL1344_3515
NP_462215.1	WP_001047354.1	SL1344_3277
NP_461754.1	WP_000199033.1	SL1344_2813
NP_461365.1	WP_000036904.1	SL1344_2393
NP_460863.1	WP_000569041.1	SL1344_1841
NP_460846.1	WP_000448401.1	SL1344_1823
NP_459913.1	WP_001669316.1	SL1344_0875
NP_459485.1	WP_000801786.1	SL1344_0483
NP_459403.1	WP_000046629.1	SL1344_0403
NP_463434.1	WP_001132983.1	SL1344_4505
NP_463212.1	WP_000934949.1	SL1344_4285
NP_462138.1	WP_001098833.1	SL1344_3197
NP_461779.3	WP_001059953.1	SL1344_2838
NP_460786.1	WP_000150521.1	SL1344_1759
NP_460383.1	WP_000944192.1	SL1344_1352
NP_460273.1	WP_000368454.1	SL1344_1242
NP_460026.1	WP_001533476.1	SL1344_0991
NP_459934.1	WP_000537407.1	SL1344_0896
NP_459917.1	WP_001519667.1	SL1344_0879
NP_463261.1	WP_000623290.1	SL1344_4333
NP_462782.1	WP_000211345.1	SL1344_3850
NP_462294.1	WP_001219664.1	SL1344_3357
NP_461344.1	WP_000170380.1	SL1344_2371
NP_461088.1	WP_001012658.1	SL1344_2121
NP_461053.1	WP_001041701.1	SL1344_2085
NP_460651.1	WP_000583298.1	SL1344_1623
NP_460639.1	WP_001258061.1	SL1344_1611
NP_460185.1	WP_000482967.1	SL1344_1152
NP_459625.1	WP_000042640.1	SL1344_0621
NP_459328.1	WP_000859023.1	SL1344_0328
NP_463012.1	WP_000655752.1	SL1344_4082
NP_462943.1	WP_000591793.1	SL1344_4011
NP_462744.1	WP_000461381.1	SL1344_3812
NP_462606.1	WP_001135518.1	SL1344_3672
NP_461248.1	WP_001255561.1	SL1344_2275
NP_459789.1	WP_001129814.1	SL1344_0787
NP_459484.1	WP_001250078.1	SL1344_0482
NP_462954.1	WP_001283048.1	SL1344_4022
NP_462947.1	WP_000646499.1	SL1344_4015
NP_462755.1	WP_000741630.1	SL1344_3823
NP_462747.1	WP_000749366.1	SL1344_3815
NP_461734.1	WP_000777903.1	SL1344_2793
NP_461451.1	WP_001149066.1	SL1344_2478
NP_460979.1	WP_000153648.1	SL1344_2010
NP_460354.1	WP_001060729.1	SL1344_1323
NP_460294.1	WP_001046438.1	SL1344_1263
NP_460157.1	WP_000846319.1	SL1344_1123
NP_459947.1	WP_001145561.1	SL1344_0909
NP_459237.1	WP_000055753.1	SL1344_0233
NP_463389.1	WP_000187839.1	SL1344_4461
NP_463145.1	WP_000199637.1	SL1344_4216
NP_462824.1	WP_001521319.1	SL1344_3893
NP_461995.3	WP_014344408.1	SL1344_3055
NP_461573.1	WP_000812017.1	SL1344_2602
NP_459586.1	WP_001238988.1	SL1344_0582
NP_459439.1	WP_001239449.1	SL1344_0437
NP_463075.1	WP_000271423.1	SL1344_4145
NP_462849.1	WP_000569786.1	SL1344_3918
NP_462612.1	WP_001264604.1	SL1344_3678
NP_461866.1	WP_001145543.1	SL1344_2924
NP_461282.1	WP_000593016.1	SL1344_2309
NP_461229.3	WP_001017721.1	SL1344_2256
NP_460163.1	WP_000288154.1	SL1344_1130
NP_460155.1	WP_001223033.1	SL1344_1121
NP_459856.1	WP_000105452.1	SL1344_0856
NP_459643.1	WP_000694477.1	SL1344_0639
NP_459626.1	WP_001282817.1	SL1344_0622
NP_459166.1	WP_001022089.1	SL1344_0162
NP_459012.1	WP_000130175.1	SL1344_0007
NP_463221.1	WP_001000734.1	SL1344_4294
NP_463013.1	WP_000023069.1	SL1344_4083
NP_462837.1	WP_000947139.1	SL1344_3906
NP_461835.1	WP_001165740.1	SL1344_2893
NP_461408.1	WP_001072448.1	SL1344_2436
NP_460561.1	WP_001122927.1	SL1344_1532
NP_460153.1	WP_000578692.1	SL1344_1119
NP_459153.1	WP_000024779.1	SL1344_0148
NP_459054.1	WP_001166422.1	SL1344_0050
NP_463315.1	WP_001181297.1	SL1344_4386
NP_462311.1	WP_001285165.1	SL1344_3374
NP_462164.1	WP_001027807.1	SL1344_3224
NP_462011.1	WP_000593248.1	SL1344_3070
NP_461113.1	WP_000911555.1	SL1344_2146
NP_461108.1	WP_000569166.1	SL1344_2141
NP_460736.1	WP_001518537.1	SL1344_1708
NP_460620.1	WP_001262138.1	SL1344_1592
NP_460487.1	WP_001670736.1	SL1344_1457
NP_459833.1	WP_000157776.1	SL1344_0832
NP_459302.1	WP_000970302.1	SL1344_0300
NP_459019.1	WP_000534902.1	SL1344_0014
NP_462197.1	WP_000089674.1	SL1344_3257
NP_461030.1	WP_000705151.1	SL1344_2062
NP_460438.1	WP_000769294.1	SL1344_1408
NP_459120.1	WP_001115420.1	SL1344_0115
NP_490541.1	WP_000728917.1	SL1344_P1_0056
NP_463060.1	WP_000881652.1	SL1344_4130
NP_462665.1	WP_000749540.1	SL1344_3731
NP_461335.1	WP_000377772.1	SL1344_2362
NP_459824.1	WP_001030503.1	SL1344_0823
NP_459767.1	WP_000195682.1	SL1344_0765
NP_459190.3	WP_001738007.1	SL1344_0186
NP_459125.1	WP_000970444.1	SL1344_0120
NP_459081.1	WP_001032189.1	SL1344_0077
NP_462269.1	WP_000861586.1	SL1344_3331
NP_462159.1	WP_001094910.1	SL1344_3217
NP_461336.1	WP_000716007.1	SL1344_2363
NP_461272.1	WP_000606288.1	SL1344_2299
NP_461150.1	WP_000091249.1	SL1344_2182
NP_461119.1	WP_001264832.1	SL1344_2151
NP_460106.1	WP_000402556.1	SL1344_1072
NP_460082.1	WP_000976562.1	SL1344_1048
NP_459738.1	WP_000951251.1	SL1344_0735
NP_459050.1	WP_000767311.1	SL1344_0046
NP_463320.1	WP_000013055.1	SL1344_4391
NP_461931.1	WP_000741798.1	SL1344_2992
NP_461703.1	WP_000274378.1	SL1344_2761
NP_460613.1	WP_001156208.1	SL1344_1585
NP_460319.1	WP_001015871.1	SL1344_1287
NP_459653.1	WP_001207419.1	SL1344_0650
NP_459474.1	WP_000440523.1	SL1344_0472
NP_463326.1	WP_000428751.1	SL1344_4396
NP_463162.1	WP_000106992.1	SL1344_4234
NP_462610.1	WP_000587771.1	SL1344_3676
NP_462570.1	WP_000794981.1	SL1344_3635
NP_462275.1	WP_000855134.1	SL1344_3337
NP_461833.1	WP_000216297.1	SL1344_2891
NP_461327.1	WP_001542329.1	SL1344_2354
NP_460392.1	WP_000269523.1	SL1344_1361
NP_460292.1	WP_000251707.1	SL1344_1261
NP_459698.1	WP_000932050.1	SL1344_0694
NP_463070.1	WP_000703632.1	SL1344_4140
NP_463047.1	WP_001122767.1	SL1344_4117
NP_462971.1	WP_000139639.1	SL1344_4039
NP_462914.1	WP_000027730.1	SL1344_3981
NP_462912.1	WP_001127703.1	SL1344_3978
NP_462794.1	WP_000208528.1	SL1344_3863
NP_462784.1	WP_000844728.1	SL1344_3852
NP_462513.1	WP_000037583.1	SL1344_3577
NP_462277.1	WP_000440300.1	SL1344_3339
NP_462239.1	WP_001176887.1	SL1344_3301
NP_461796.1	WP_000432699.1	SL1344_2855
NP_461707.1	WP_000178733.1	SL1344_2764
NP_460960.1	WP_001252816.1	SL1344_1991
NP_460879.1	WP_000795653.1	SL1344_1857
NP_460636.1	WP_000814362.1	SL1344_1608
NP_460431.1	WP_000092490.1	SL1344_1401
NP_460164.1	WP_000191343.1	SL1344_1131
NP_459008.1	WP_000241685.1	SL1344_0003
NP_463256.1	WP_000381075.1	SL1344_4328
NP_462464.1	WP_000003007.1	SL1344_3529
NP_461759.3	WP_001278200.1	SL1344_2818
NP_461510.1	WP_001022463.1	SL1344_2537
NP_461359.1	WP_001109831.1	SL1344_2387
NP_460485.1	WP_000090081.1	SL1344_1455
NP_459803.1	WP_001275968.1	SL1344_0801
NP_459677.1	WP_000423362.1	SL1344_0674
NP_459657.1	WP_001526121.1	SL1344_0654
NP_459551.1	WP_000703614.1	SL1344_0548
NP_459509.1	WP_000460169.1	SL1344_0507
NP_459177.1	WP_000150619.1	SL1344_0173
NP_462701.1	WP_001541637.1	SL1344_3768
NP_462047.1	WP_000540889.1	SL1344_3106
NP_461839.1	WP_000206958.1	SL1344_2897
NP_461771.1	WP_000110572.1	SL1344_2830
NP_460584.1	WP_000414259.1	SL1344_1555
NP_460140.1	WP_001259729.1	SL1344_1106
NP_463285.3	WP_012601329.1	SL1344_4356
NP_462692.1	WP_000350272.1	SL1344_3759
NP_461994.1	WP_000105550.1	SL1344_3054
NP_461859.1	WP_000144831.1	SL1344_2917
NP_461342.1	WP_000484423.1	SL1344_2369
NP_460941.1	WP_001212264.1	SL1344_1918
NP_460704.1	WP_000911097.1	SL1344_1676
NP_460126.1	WP_000163973.1	SL1344_1092
NP_460085.1	WP_000420603.1	SL1344_1051
NP_459827.1	WP_000936064.1	SL1344_0826
NP_459814.1	WP_001056404.1	SL1344_0812
NP_459135.1	WP_000763905.1	SL1344_0130
NP_459056.1	WP_000127283.1	SL1344_0052
NP_463097.1	WP_000782504.1	SL1344_4169
NP_463004.1	WP_001025919.1	SL1344_4074
NP_462078.1	WP_001541751.1	SL1344_3137
NP_461901.1	WP_000044409.1	SL1344_2962
NP_461782.1	WP_000182930.1	SL1344_2841
NP_461508.1	WP_000684022.1	SL1344_2535
NP_461255.1	WP_000419093.1	SL1344_2282
NP_461110.1	WP_000155869.1	SL1344_2143
NP_459496.1	WP_000906146.1	SL1344_0494
NP_459139.1	WP_000595487.1	SL1344_0134
NP_463386.1	WP_000290512.1	SL1344_4458
NP_462411.1	WP_000235945.1	SL1344_3475
NP_462167.1	WP_001520582.1	SL1344_3227
NP_461308.1	WP_000118383.1	SL1344_2335
NP_461014.1	WP_000803316.1	SL1344_2046
NP_460818.1	WP_001233446.1	SL1344_1793
NP_460756.1	WP_000051601.1	SL1344_1728
NP_459327.1	WP_000105593.1	SL1344_0327
NP_459254.1	WP_000648534.1	SL1344_0251
NP_463405.1	WP_001674846.1	SL1344_4477
NP_463363.1	WP_000556777.1	SL1344_4434
NP_462556.1	WP_001168551.1	SL1344_3621
NP_461812.1	WP_000058734.1	SL1344_2870
NP_461375.1	WP_001093886.1	SL1344_2403
NP_460981.1	WP_000622326.1	SL1344_2012
NP_460940.1	WP_085983315.1	SL1344_1917
NP_460190.1	WP_000291338.1	SL1344_1157
NP_459928.1	WP_000597928.1	SL1344_0890
NP_459828.1	WP_001236024.1	SL1344_0827
NP_459429.1	WP_000705816.1	SL1344_0428
NP_459387.1	WP_000964305.1	SL1344_0387
NP_463370.1	WP_000383509.1	SL1344_4442
NP_463151.1	WP_000457024.1	SL1344_4223
NP_462878.1	WP_000196890.1	SL1344_3946
NP_461856.1	WP_000372384.1	SL1344_2914
NP_461786.1	WP_014344400.1	SL1344_2845
NP_461636.1	WP_000268332.1	SL1344_2678
NP_461598.1	WP_000210995.1	SL1344_2626
NP_461125.1	WP_000024658.1	SL1344_2157
NP_460711.1	WP_000729450.1	SL1344_1683
NP_460703.1	WP_000979653.1	SL1344_1675
NP_460512.1	WP_010989018.1	SL1344_1482
NP_460275.1	WP_001526281.1	SL1344_1244
NP_459779.1	WP_001246033.1	SL1344_0777
NP_459756.1	WP_000885513.1	SL1344_0754
NP_459614.1	WP_000622342.1	SL1344_0610
NP_459388.1	WP_001219263.1	SL1344_0388
NP_459068.1	WP_001103238.1	SL1344_0064
NP_463175.1	WP_001268200.1	SL1344_4247
NP_462433.1	WP_000192193.1	SL1344_3499
NP_461515.1	WP_000102232.1	SL1344_2542
NP_460713.1	WP_001230572.1	SL1344_1685
NP_460635.1	WP_000359201.1	SL1344_1607
NP_462942.1	WP_001077320.1	SL1344_4010
NP_462916.1	WP_000331361.1	SL1344_3983
NP_462834.1	WP_000132874.1	SL1344_3903
NP_462664.1	WP_001682335.1	SL1344_3730
NP_462636.1	WP_001050870.1	SL1344_3702
NP_462530.1	WP_000084690.1	SL1344_3594
NP_461003.1	WP_001526166.1	SL1344_2034
NP_460477.1	WP_000987751.1	SL1344_1447
NP_460453.1	WP_001211193.1	SL1344_1423
NP_459852.1	WP_000684361.1	SL1344_0852
NP_459598.1	WP_000002497.1	SL1344_0594
NP_459268.1	WP_000806681.1	SL1344_0265
NP_490502.1	WP_000990048.1	SL1344_P1_0095
NP_462848.1	WP_001196257.1	SL1344_3917
NP_462508.1	WP_000358042.1	SL1344_3572
NP_462265.1	WP_000045349.1	SL1344_3327
NP_461579.1	WP_001526875.1	SL1344_2608
NP_461386.1	WP_000801350.1	SL1344_2414
NP_461381.1	WP_000084583.1	SL1344_2409
NP_461242.1	WP_000169761.1	SL1344_2269
NP_461084.1	WP_001273389.1	SL1344_2117
NP_461041.1	WP_001023662.1	SL1344_2073
NP_461034.1	WP_000143399.1	SL1344_2066
NP_461016.1	WP_000886607.1	SL1344_2048
NP_460447.1	WP_001019577.1	SL1344_1417
NP_459915.1	WP_000491118.1	SL1344_0877
NP_459821.1	WP_000576947.1	SL1344_0820
NP_459418.1	WP_000348074.1	SL1344_0417
NP_459045.1	WP_000062872.1	SL1344_0041
NP_462904.3	WP_001520529.1	SL1344_3970
NP_462903.1	WP_000268253.1	SL1344_3969
NP_462734.1	WP_001054589.1	SL1344_3801
NP_462188.3	WP_000877721.1	SL1344_3248
NP_462149.1	WP_001041026.1	SL1344_3207
NP_461960.1	WP_000434302.1	SL1344_3020
NP_461708.1	WP_000701506.1	SL1344_2765
NP_461392.1	WP_000372335.1	SL1344_2420
NP_460405.1	WP_001520441.1	SL1344_1374
NP_460402.1	WP_000250717.1	SL1344_1371
NP_460081.1	WP_000336602.1	SL1344_1047
NP_459705.1	WP_000973916.1	SL1344_0702
NP_459611.1	WP_000982663.1	SL1344_0607
NP_490531.1	WP_000346691.1	SL1344_P1_0066
NP_462249.1	WP_001029671.1	SL1344_3311
NP_461980.1	WP_000828345.1	SL1344_3040
NP_461968.1	WP_000819369.1	SL1344_3028
NP_461506.1	WP_001048530.1	SL1344_2533
NP_461292.1	WP_001166274.1	SL1344_2319
NP_461043.1	WP_000981469.1	SL1344_2075
NP_460540.1	WP_000804282.1	SL1344_1512
NP_460345.1	WP_001000510.1	SL1344_1314
NP_459964.1	WP_000436889.1	SL1344_0926
NP_459527.1	WP_000855337.1	SL1344_0525
NP_459150.1	WP_001135135.1	SL1344_0145
NP_463092.1	WP_001252085.1	SL1344_4163
NP_462986.1	WP_000007508.1	SL1344_4055
NP_462783.1	WP_001056260.1	SL1344_3851
NP_462754.1	WP_000212197.1	SL1344_3822
NP_462161.1	WP_000178106.1	SL1344_3221
NP_460652.1	WP_001146150.1	SL1344_1624
NP_460321.1	WP_000284836.1	SL1344_1289
NP_459836.1	WP_000545327.1	SL1344_0835
NP_459435.1	WP_000971352.1	SL1344_0433
NP_459198.1	WP_001205357.1	SL1344_0194
NP_463135.1	WP_000354963.1	SL1344_4206
NP_462799.1	WP_000365798.1	SL1344_3868
NP_462457.1	WP_000099303.1	SL1344_3522
NP_461905.3	WP_014343890.1	SL1344_2966
NP_461788.1	WP_000243999.1	SL1344_2847
NP_461142.1	WP_000022915.1	SL1344_2174
NP_460880.1	WP_000906312.1	SL1344_1858
NP_460492.1	WP_001189401.1	SL1344_1461
NP_459809.1	WP_001119554.1	SL1344_0807
NP_459363.1	WP_000052224.1	SL1344_0363
NP_463373.3	WP_000068750.1	SL1344_4445
NP_463297.1	WP_000683955.1	SL1344_4366
NP_462840.1	WP_000339080.1	SL1344_3909
NP_462401.3	WP_024133852.1	SL1344_3465
NP_462296.1	WP_000642611.1	SL1344_3359
NP_462194.1	WP_000802069.1	SL1344_3254
NP_462072.1	WP_000019032.1	SL1344_3131
NP_461355.1	WP_000438890.1	SL1344_2382
NP_461217.3	WP_000944714.1	SL1344_2244
NP_461128.1	WP_000553526.1	SL1344_2160
NP_461077.1	WP_000141051.1	SL1344_2109
NP_460528.1	WP_000061599.1	SL1344_1499
NP_460255.1	WP_000608662.1	SL1344_1224
NP_490498.3	WP_001738692.1	SL1344_P1_0099
NP_462637.1	WP_001082981.1	SL1344_3703
NP_462581.1	WP_001188274.1	SL1344_3646
NP_462293.1	WP_001145849.1	SL1344_3356
NP_461957.3	WP_010989230.1	SL1344_3017
NP_460800.1	WP_000984498.1	SL1344_1773
NP_460680.1	WP_000500442.1	SL1344_1653
NP_460099.1	WP_000433674.1	SL1344_1065
NP_462995.1	WP_000171724.1	SL1344_4064
NP_462902.1	WP_001067421.1	SL1344_3968
NP_462891.1	WP_001527000.1	SL1344_3957
NP_462729.1	WP_000127125.1	SL1344_3796
NP_462048.1	WP_001137806.1	SL1344_3107
NP_462036.1	WP_000423170.1	SL1344_3095
NP_461613.1	WP_001059155.1	SL1344_2655
NP_461482.1	WP_000174944.1	SL1344_2509
NP_461424.1	WP_000494020.1	SL1344_2452
NP_461223.1	WP_000176719.1	SL1344_2250
NP_461040.1	WP_000857529.1	SL1344_2072
NP_460690.1	WP_000488349.1	SL1344_1662
NP_459659.1	WP_001278615.1	SL1344_0656
NP_459514.1	WP_000765810.1	SL1344_0512
NP_459326.1	WP_000780210.1	SL1344_0326
NP_490506.1	WP_014343944.1	SL1344_P1_0091
NP_463180.1	WP_000921674.1	SL1344_4251
NP_462959.1	WP_000774147.1	SL1344_4027
NP_462893.3	WP_000282794.1	SL1344_3959
NP_462246.1	WP_000208976.1	SL1344_3308
NP_461919.1	WP_000204645.1	SL1344_2980
NP_461687.1	WP_000088556.1	SL1344_2744
NP_461377.1	WP_000852705.1	SL1344_2405
NP_460831.1	WP_000979702.1	SL1344_1808
NP_460678.1	WP_001291233.1	SL1344_1651
NP_460061.1	WP_001123045.1	SL1344_1027
NP_463099.1	WP_000455249.1	SL1344_4171
NP_462907.1	WP_000921427.1	SL1344_3973
NP_461776.1	WP_000337636.1	SL1344_2835
NP_460483.1	WP_000366538.1	SL1344_1453
NP_463442.1	WP_000371685.1	SL1344_4513
NP_463058.1	WP_000954611.1	SL1344_4128
NP_462842.1	WP_001201692.1	SL1344_3911
NP_462745.3	WP_000353754.1	SL1344_3813
NP_462367.1	WP_001274690.1	SL1344_3431
NP_461385.1	WP_000102881.1	SL1344_2413
NP_461200.1	WP_000013529.1	SL1344_2227
NP_461069.1	WP_000494714.1	SL1344_2101
NP_460844.1	WP_001056720.1	SL1344_1821
NP_460634.1	WP_000456774.1	SL1344_1606
NP_459724.1	WP_000114631.1	SL1344_0721
NP_459065.1	WP_001247803.1	SL1344_0061
NP_462090.1	WP_000998789.1	SL1344_3149
NP_462055.1	WP_000774852.1	SL1344_3114
NP_461941.1	WP_000503692.1	SL1344_3002
NP_461696.1	WP_085983317.1	SL1344_2754
NP_461370.1	WP_000529613.1	SL1344_2398
NP_460875.1	WP_000204362.1	SL1344_1853
NP_460325.1	WP_000383490.1	SL1344_1293
NP_459537.1	WP_000729167.1	SL1344_0535
NP_463421.1	WP_001064938.1	SL1344_4492
NP_462765.1	WP_000896506.1	SL1344_3833
NP_462635.1	WP_000621352.1	SL1344_3701
NP_462176.1	WP_000812288.1	SL1344_3236
NP_461937.1	WP_001270766.1	SL1344_2998
NP_461462.1	WP_000247788.1	SL1344_2489
NP_461421.1	WP_001267523.1	SL1344_2449
NP_461146.1	WP_000548308.1	SL1344_2178
NP_460195.1	WP_000799391.1	SL1344_1162
NP_459942.1	WP_000534681.1	SL1344_0904
NP_459408.1	WP_000752021.1	SL1344_0407
NP_462679.1	WP_001131801.1	SL1344_3746
NP_462668.3	WP_001526325.1	SL1344_3734
NP_462576.1	WP_001244031.1	SL1344_3641
NP_461983.1	WP_000389833.1	SL1344_3043
NP_461784.1	WP_001104336.1	SL1344_2843
NP_460788.1	WP_001518647.1	SL1344_1761
NP_460413.1	WP_000789732.1	SL1344_1382
NP_460290.1	WP_000267686.1	SL1344_1259
NP_459927.1	WP_000809973.1	SL1344_0889
NP_459460.1	WP_000084180.1	SL1344_0458
NP_459422.1	WP_000052716.1	SL1344_0421
NP_459171.1	WP_000829968.1	SL1344_0167
NP_463196.1	WP_001229227.1	SL1344_4269
NP_462900.3	WP_001675468.1	SL1344_3966
NP_462658.4	WP_001278062.1	SL1344_3725
NP_461657.1	WP_000104129.1	SL1344_2702
NP_461249.1	WP_000640013.1	SL1344_2276
NP_461148.1	WP_000873909.1	SL1344_2180
NP_461139.2	WP_000425488.1	SL1344_2171
NP_460456.1	WP_000534700.1	SL1344_1426
NP_460254.1	WP_000843751.1	SL1344_1223
NP_459949.1	WP_000642539.1	SL1344_0911
NP_459589.1	WP_001007166.1	SL1344_0585
NP_459227.1	WP_000922422.1	SL1344_0223
NP_463248.1	WP_000949525.1	SL1344_4320
NP_462469.1	WP_000159621.1	SL1344_3533
NP_462233.1	WP_000243749.1	SL1344_3295
NP_462166.1	WP_000469985.1	SL1344_3226
NP_460728.1	WP_000811046.1	SL1344_1700
NP_460395.1	WP_001520344.1	SL1344_1364
NP_460296.1	WP_001044098.1	SL1344_1265
NP_459832.3	WP_001521753.1	SL1344_0831
NP_459566.1	WP_000005803.1	SL1344_0562
NP_459555.1	WP_000339633.1	SL1344_0551
NP_459499.1	WP_000116058.1	SL1344_0497
NP_459186.1	WP_000905344.1	SL1344_0182
NP_459152.1	WP_000172039.1	SL1344_0147
NP_447557.1	WP_000533527.1	SL1344_1064
NP_463010.1	WP_000201805.1	SL1344_4080
NP_462997.1	WP_000274596.1	SL1344_4066
NP_462645.1	WP_000745468.1	SL1344_3711
NP_460735.1	WP_000988246.1	SL1344_1707
NP_460076.1	WP_000516978.1	SL1344_1042
NP_459743.3	WP_000405925.1	SL1344_0740
NP_459222.1	WP_000808106.1	SL1344_0218
NP_463262.1	WP_000560616.1	SL1344_4334
NP_462930.1	WP_000013294.1	SL1344_3998
NP_462895.1	WP_001042092.1	SL1344_3961
NP_462788.3	WP_001541181.1	SL1344_3858
NP_462206.1	WP_000764711.1	SL1344_3266
NP_461888.1	WP_000100474.1	SL1344_2948
NP_461785.1	WP_000480208.1	SL1344_2844
NP_461507.1	WP_000995703.1	SL1344_2534
NP_460747.1	WP_000063377.1	SL1344_1719
NP_460232.1	WP_000190263.1	SL1344_1201
NP_459093.1	WP_000257211.1	SL1344_0089
NP_462968.1	WP_000084285.1	SL1344_4036
NP_462731.1	WP_000985572.1	SL1344_3798
NP_462501.1	WP_000028429.1	SL1344_3565
NP_462456.1	WP_000572196.1	SL1344_3521
NP_460628.1	WP_000273696.1	SL1344_1600
NP_460541.1	WP_000200329.1	SL1344_1513
NP_459857.1	WP_001061629.1	SL1344_0857
NP_459742.1	WP_000086829.1	SL1344_0739
NP_459109.1	WP_000852387.1	SL1344_0104
NP_459033.1	WP_000291392.1	SL1344_0028
NP_462497.1	WP_000954235.1	SL1344_3561
NP_462035.1	WP_001112898.1	SL1344_3094
NP_461684.1	WP_000811366.1	SL1344_2741
NP_461468.1	WP_000205241.1	SL1344_2495
NP_461060.1	WP_000205695.1	SL1344_2092
NP_460715.1	WP_001191156.1	SL1344_1687
NP_460281.1	WP_000983393.1	SL1344_1250
NP_459164.1	WP_000536990.1	SL1344_0160
NP_461397.1	WP_000929675.1	SL1344_2425
NP_459206.1	WP_000691870.1	SL1344_0202
NP_463397.1	WP_000178065.1	SL1344_4469
NP_462929.1	WP_000217112.1	SL1344_3997
NP_462918.1	WP_001059744.1	SL1344_3986
NP_462387.1	WP_000742132.1	SL1344_3451
NP_461935.1	WP_000383271.1	SL1344_2996
NP_460700.1	WP_000059074.1	SL1344_1672
NP_463288.1	WP_000976924.1	SL1344_4359
NP_463278.1	WP_000033840.1	SL1344_4350
NP_462165.1	WP_001118363.1	SL1344_3225
NP_461649.1	WP_000216273.1	SL1344_2692
NP_461378.1	WP_000881745.1	SL1344_2406
NP_460731.1	WP_000347310.1	SL1344_1703
NP_460314.1	WP_000370992.1	SL1344_1282
NP_460110.1	WP_001137620.1	SL1344_1076
NP_459710.1	WP_001667936.1	SL1344_0707
NP_448816.1	WP_001119759.1	SL1344_2385
NP_462426.1	WP_000928699.1	SL1344_3491
NP_462104.1	WP_001520560.1	SL1344_3163
NP_461283.1	WP_001103265.1	SL1344_2310
NP_460626.1	WP_001242915.1	SL1344_1598
NP_459908.1	WP_000645852.1	SL1344_0870
NP_459505.1	WP_000524317.1	SL1344_0503
NP_459136.1	WP_000075728.1	SL1344_0131
NP_462926.1	WP_001179685.1	SL1344_3994
NP_462832.3	WP_001160671.1	SL1344_3901
NP_462098.1	WP_000444735.1	SL1344_3157
NP_462080.1	WP_000013100.1	SL1344_3139
NP_461670.1	WP_001161781.1	SL1344_2727
NP_460276.1	WP_000174981.1	SL1344_1245
NP_459492.1	WP_000488548.1	SL1344_0490
NP_463284.1	WP_000332219.1	SL1344_4355
NP_463052.1	WP_000226434.1	SL1344_4122
NP_462563.1	WP_001575119.1	SL1344_3628
NP_462120.3	WP_001281933.1	SL1344_3178
NP_461523.1	WP_000593433.1	SL1344_2551
NP_461325.1	WP_000750428.1	SL1344_2352
NP_461015.1	WP_000754712.1	SL1344_2047
NP_460530.3	WP_000203799.1	SL1344_1502
NP_460178.1	WP_001257342.1	SL1344_1145
NP_459945.3	WP_000067973.1	SL1344_0907
NP_459533.1	WP_000819114.1	SL1344_0531
NP_459267.1	WP_000750535.1	SL1344_0264
NP_459218.1	WP_001186673.1	SL1344_0214
NP_463352.1	WP_010989100.1	SL1344_4422
NP_462599.1	WP_001112113.1	SL1344_3665
NP_462341.1	WP_000301869.1	SL1344_3404
NP_461783.1	WP_000083153.1	SL1344_2842
NP_460444.1	WP_000549642.1	SL1344_1414
NP_460191.1	WP_001191856.1	SL1344_1158
NP_459301.1	WP_000119390.1	SL1344_0299
NP_459095.1	WP_001065397.1	SL1344_0091
NP_459069.1	WP_000544031.1	SL1344_0065
NP_462758.1	WP_000166709.1	SL1344_3826
NP_462357.1	WP_000838227.1	SL1344_3420
NP_462305.1	WP_000451193.1	SL1344_3368
NP_461674.1	WP_010989064.1	SL1344_2731
NP_461484.1	WP_000017587.1	SL1344_2511
NP_460860.1	WP_000639226.1	SL1344_1838
NP_459763.1	WP_000127031.1	SL1344_0761
NP_459511.1	WP_000141265.1	SL1344_0509
NP_459453.1	WP_000113030.1	SL1344_0451
NP_463296.1	WP_001019386.1	SL1344_4365
NP_462770.1	WP_000135632.1	SL1344_3838
NP_462578.1	WP_000891805.1	SL1344_3643
NP_461892.3	WP_001519360.1	SL1344_2952
NP_460965.1	WP_000881552.1	SL1344_1996
NP_460937.1	WP_000948794.1	SL1344_1914
NP_459844.1	WP_000023547.1	SL1344_0843
NP_459249.1	WP_000874215.1	SL1344_0246
NP_463331.1	WP_000218459.1	SL1344_4401
NP_462852.1	WP_000213959.1	SL1344_3921
NP_462223.1	WP_000531566.1	SL1344_3285
NP_461310.1	WP_000016626.1	SL1344_2337
NP_460771.1	WP_000101047.1	SL1344_1743
NP_460224.1	WP_000966645.1	SL1344_1193
NP_459427.1	WP_001526311.1	SL1344_0426
NP_459099.1	WP_001200595.1	SL1344_0095
NP_463281.1	WP_000002010.1	SL1344_4353
NP_462626.1	WP_001114508.1	SL1344_3692
NP_462615.1	WP_000536012.1	SL1344_3681
NP_462379.1	WP_000493569.1	SL1344_3443
NP_461765.1	WP_000902280.1	SL1344_2824
NP_461463.2	WP_000544894.1	SL1344_2490
NP_461324.1	WP_000368599.1	SL1344_2351
NP_460791.1	WP_000010923.1	SL1344_1764
NP_460729.1	WP_001257065.1	SL1344_1701
NP_460168.1	WP_000478660.1	SL1344_1135
NP_459819.1	WP_000217910.1	SL1344_0818
NP_459526.1	WP_000821191.1	SL1344_0524
NP_459381.1	WP_000412195.1	SL1344_0381
NP_462169.1	WP_001175242.1	SL1344_3229
NP_461953.1	WP_010989071.1	SL1344_3013
NP_461906.1	WP_000117748.1	SL1344_2967
NP_460849.3	WP_000203014.1	SL1344_1826
NP_460686.1	WP_000443030.1	SL1344_1658
NP_460654.1	WP_000230462.1	SL1344_1626
NP_460574.1	WP_000118615.1	SL1344_1545
NP_460268.1	WP_000673954.1	SL1344_1237
NP_459609.1	WP_001092580.1	SL1344_0605
NP_462905.1	WP_000059693.1	SL1344_3971
NP_461481.1	WP_000553467.1	SL1344_2508
NP_461402.1	WP_000997656.1	SL1344_2430
NP_461231.1	WP_000992941.1	SL1344_2258
NP_461155.3	WP_001136822.1	SL1344_2188
NP_460886.1	WP_000830110.1	SL1344_1863
NP_460078.1	WP_000884795.1	SL1344_1044
NP_459966.1	WP_001154025.1	SL1344_0928
NP_459253.1	WP_000154871.1	SL1344_0250
NP_462847.1	WP_000285338.1	SL1344_3916
NP_462567.1	WP_000081340.1	SL1344_3632
NP_462000.3	WP_001576357.1	SL1344_3060
NP_461875.1	WP_000210449.1	SL1344_2933
NP_461090.1	WP_001188957.1	SL1344_2123
NP_460907.1	WP_000761635.1	SL1344_1883
NP_460787.1	WP_000406918.1	SL1344_1760
NP_460599.1	WP_001098498.1	SL1344_1570
NP_459669.1	WP_001237059.1	SL1344_0666
NP_459211.1	WP_001118843.1	SL1344_0207
NP_463423.1	WP_001519713.1	SL1344_4494
NP_462621.1	WP_000229825.1	SL1344_3687
NP_461871.1	WP_001208013.1	SL1344_2929
NP_461091.1	WP_001182156.1	SL1344_2124
NP_460951.1	WP_000598920.1	SL1344_1977
NP_460225.1	WP_000950207.1	SL1344_1194
NP_460172.1	WP_000480277.1	SL1344_1139
NP_459997.1	WP_001047631.1	SL1344_0961
NP_459421.1	WP_000909791.1	SL1344_0420
NP_459197.1	WP_001157204.1	SL1344_0193
NP_461918.1	WP_000816247.1	SL1344_2979
NP_460982.1	WP_001000023.1	SL1344_2013
NP_460970.1	WP_000709784.1	SL1344_2001
NP_460934.1	WP_000616953.1	SL1344_1910
NP_460619.3	WP_000611914.1	SL1344_1591
NP_460245.1	WP_000579793.1	SL1344_1215
NP_459582.1	WP_000140620.1	SL1344_0578
NP_459491.1	WP_000421859.1	SL1344_0489
NP_459220.1	WP_001018214.1	SL1344_0216
NP_459170.1	WP_000734276.1	SL1344_0166
NP_462250.1	WP_000382926.1	SL1344_3312
NP_461809.1	WP_000498965.1	SL1344_2867
NP_461608.1	WP_001537507.1	SL1344_2651
NP_461380.1	WP_000517460.1	SL1344_2408
NP_460971.1	WP_001001975.1	SL1344_2002
NP_460798.1	WP_001262195.1	SL1344_1771
NP_460577.1	WP_001670738.1	SL1344_1548
NP_460501.1	WP_001518759.1	SL1344_1470
NP_460079.1	WP_000785072.1	SL1344_1045
NP_459713.1	WP_001113970.1	SL1344_0710
NP_459187.1	WP_000805487.1	SL1344_0183
NP_459161.1	WP_000757452.1	SL1344_0156
NP_463409.1	WP_000331539.1	SL1344_4481
NP_460659.1	WP_000506505.1	SL1344_1631
NP_460230.1	WP_000175803.1	SL1344_1199
NP_460210.1	WP_001033407.1	SL1344_1179
NP_459758.1	WP_001147410.1	SL1344_0756
NP_459735.1	WP_000097552.1	SL1344_0732
NP_459623.1	WP_000495780.1	SL1344_0619
NP_459284.1	WP_001254137.1	SL1344_0281
NP_459233.1	WP_000565950.1	SL1344_0229
NP_462693.1	WP_000448638.1	SL1344_3760
NP_461470.3	WP_001533245.1	SL1344_2497
NP_460850.1	WP_000571508.1	SL1344_1827
NP_460520.1	WP_000698598.1	SL1344_1491
NP_459521.1	WP_000540981.1	SL1344_0519
NP_459075.1	WP_000004385.1	SL1344_0071
NP_490521.1	WP_000082169.1	SL1344_P1_0076
NP_462861.3	WP_000459635.1	SL1344_3930
NP_462222.1	WP_000925786.1	SL1344_3284
NP_461885.1	WP_000890027.1	SL1344_2945
NP_461297.1	WP_000754423.1	SL1344_2324
NP_461296.1	WP_000731868.1	SL1344_2323
NP_461234.1	WP_000894170.1	SL1344_2261
NP_460369.1	WP_000690718.1	SL1344_1338
NP_460150.1	WP_000625851.1	SL1344_1116
NP_463396.1	WP_000228865.1	SL1344_4468
NP_462860.1	WP_000257554.1	SL1344_3929
NP_462395.1	WP_000874732.1	SL1344_3459
NP_462010.3	WP_001222489.1	SL1344_3069
NP_461756.1	WP_001077372.1	SL1344_2815
NP_460386.1	WP_000068764.1	SL1344_1355
NP_460193.1	WP_000580299.1	SL1344_1160
NP_460056.1	WP_000548082.1	SL1344_1022
NP_459498.1	WP_001002130.1	SL1344_0496
NP_459256.1	WP_001230968.1	SL1344_0253
NP_463304.1	WP_000478578.1	SL1344_4373
NP_463002.3	WP_001575262.1	SL1344_4072
NP_462593.1	WP_000636696.1	SL1344_3658
NP_461836.1	WP_001136890.1	SL1344_2894
NP_461293.1	WP_001293591.1	SL1344_2320
NP_461022.1	WP_000880125.1	SL1344_2054
NP_459965.1	WP_000899563.1	SL1344_0927
NP_459750.1	WP_001214710.1	SL1344_0748
NP_459513.1	WP_000943591.1	SL1344_0511
NP_463420.1	WP_000119016.1	SL1344_4491
NP_463366.1	WP_000841654.1	SL1344_4437
NP_463172.1	WP_000544929.1	SL1344_4244
NP_463035.1	WP_000373966.1	SL1344_4105
NP_462753.1	WP_000063118.1	SL1344_3821
NP_462175.1	WP_001083896.1	SL1344_3235
NP_462105.1	WP_000115874.1	SL1344_3164
NP_461758.1	WP_000804536.1	SL1344_2817
NP_461037.1	WP_000648784.1	SL1344_2069
NP_460974.1	WP_000004870.1	SL1344_2005
NP_459760.1	WP_000951419.1	SL1344_0758
NP_459281.1	WP_000976553.1	SL1344_0278
NP_459010.1	WP_000906175.1	SL1344_0005
NP_463029.1	WP_000944073.1	SL1344_4099
NP_462412.1	WP_000998146.1	SL1344_3476
NP_462162.1	WP_001057715.1	SL1344_3222
NP_460558.1	WP_000237715.1	SL1344_1530
NP_459707.1	WP_000998823.1	SL1344_0704
NP_459681.1	WP_000773246.1	SL1344_0678
NP_459500.1	WP_001172802.1	SL1344_0498
NP_459257.1	WP_000207232.1	SL1344_0254
NP_459178.1	WP_000983414.1	SL1344_0174
NP_459080.1	WP_000692185.1	SL1344_0076
NP_490530.1	WP_001526990.1	SL1344_P1_0067
NP_462962.1	WP_001216339.1	SL1344_4030
NP_462512.1	WP_000595626.1	SL1344_3576
NP_462462.1	WP_000082083.1	SL1344_3527
NP_462128.1	WP_000213760.1	SL1344_3187
NP_461768.1	WP_000067419.1	SL1344_2827
NP_461604.1	WP_000469804.1	SL1344_2647
NP_459605.1	WP_000417097.1	SL1344_0601
NP_459309.1	WP_000333387.1	SL1344_0307
NP_459306.1	WP_000015789.1	SL1344_0304
NP_459169.1	WP_000678254.1	SL1344_0165
NP_459110.1	WP_001148368.1	SL1344_0105
NP_490550.1	WP_001246548.1	SL1344_P1_0045
NP_463343.1	WP_000998688.1	SL1344_4413
NP_462961.1	WP_001088049.1	SL1344_4029
NP_461840.1	WP_000613185.1	SL1344_2898
NP_461498.1	WP_001054236.1	SL1344_2525
NP_461008.1	WP_001092547.1	SL1344_2039
NP_460669.1	WP_000948651.1	SL1344_1642
NP_460320.1	WP_000692106.1	SL1344_1288
NP_459336.1	WP_001006010.1	SL1344_0336
NP_459156.1	WP_000331771.1	SL1344_0151
NP_463160.1	WP_001217074.1	SL1344_4232
NP_462853.1	WP_000045169.1	SL1344_3922
NP_462449.1	WP_001066509.1	SL1344_3514
NP_461934.1	WP_000602490.1	SL1344_2995
NP_461848.1	WP_001221538.1	SL1344_2906
NP_461364.1	WP_000255006.1	SL1344_2392
NP_461358.1	WP_000722926.1	SL1344_2386
NP_461116.1	WP_000169608.1	SL1344_2149
NP_460676.1	WP_000559310.1	SL1344_1649
NP_460592.1	WP_000949370.1	SL1344_1563
NP_459954.1	WP_000792312.1	SL1344_0916
NP_459334.1	WP_000781488.1	SL1344_0334
NP_459039.1	WP_000791534.1	SL1344_0035
NP_490500.1	WP_000417898.1	SL1344_P1_0097
NP_463031.1	WP_000997753.1	SL1344_4101
NP_462494.1	WP_001165134.1	SL1344_3558
NP_462385.1	WP_000359655.1	SL1344_3449
NP_461993.1	WP_000701830.1	SL1344_3053
NP_461954.1	WP_000244329.1	SL1344_3014
NP_461942.1	WP_000134791.1	SL1344_3003
NP_461792.1	WP_000621238.1	SL1344_2851
NP_461250.1	WP_000979146.1	SL1344_2277
NP_460324.1	WP_000860225.1	SL1344_1292
NP_460293.1	WP_000770981.1	SL1344_1262
NP_460283.1	WP_000442738.1	SL1344_1252
NP_459841.1	WP_000450103.1	SL1344_0840
NP_459791.1	WP_000192039.1	SL1344_0789
NP_459331.1	WP_001247039.1	SL1344_0331
NP_459226.1	WP_000947413.1	SL1344_0222
NP_463242.1	WP_000133618.1	SL1344_4314
NP_462945.1	WP_000750761.1	SL1344_4013
NP_462855.1	WP_000229009.1	SL1344_3924
NP_462748.1	WP_000190678.1	SL1344_3816
NP_462434.1	WP_000724553.1	SL1344_3500
NP_461787.1	WP_001246659.1	SL1344_2846
NP_461334.1	WP_000776787.1	SL1344_2361
NP_460149.1	WP_000349278.1	SL1344_1115
NP_459774.1	WP_000079909.1	SL1344_0773
NP_459590.1	WP_000145522.1	SL1344_0586
NP_459259.1	WP_001052775.1	SL1344_0256
NP_463184.1	WP_000842434.1	SL1344_4255
NP_462937.3	WP_000559232.1	SL1344_4005
NP_462521.1	WP_000996125.1	SL1344_3585
NP_462253.1	WP_001739021.1	SL1344_3315
NP_460904.1	WP_001273026.1	SL1344_1880
NP_460663.1	WP_001088593.1	SL1344_1636
NP_460350.1	WP_001523928.1	SL1344_1319
NP_459751.1	WP_000301556.1	SL1344_0749
NP_459666.1	WP_000153143.1	SL1344_0663
NP_459202.1	WP_000987334.1	SL1344_0198
NP_490581.1	WP_001226854.1	SL1344_P1_0014
NP_463241.1	WP_000560303.1	SL1344_4313
NP_462669.1	WP_000380259.1	SL1344_3735
NP_461560.1	WP_000800010.1	SL1344_0953
NP_460374.1	WP_000862874.1	SL1344_1343
NP_460308.1	WP_000080602.1	SL1344_1276
NP_460013.1	WP_000132758.1	SL1344_0977
NP_459822.1	WP_000829280.1	SL1344_0821
NP_462965.1	WP_000796299.1	SL1344_4033
NP_461981.1	WP_000669854.1	SL1344_3041
NP_461861.1	WP_000085114.1	SL1344_2919
NP_461533.1	WP_000971954.1	SL1344_2561
NP_461089.1	WP_000434062.1	SL1344_2122
NP_461056.1	WP_000480132.1	SL1344_2088
NP_460864.1	WP_001185770.1	SL1344_1842
NP_460471.1	WP_000636564.1	SL1344_1441
NP_460336.1	WP_000948902.1	SL1344_1305
NP_460252.1	WP_000163762.1	SL1344_1221
NP_460069.3	WP_000698205.1	SL1344_1035
NP_459963.1	WP_000011576.1	SL1344_0925
NP_459807.1	WP_000838671.1	SL1344_0805
NP_459599.1	WP_000597126.1	SL1344_0595
NP_462684.1	WP_000854956.1	SL1344_3751
NP_462666.1	WP_001186146.1	SL1344_3732
NP_461944.1	WP_000798504.1	SL1344_3006
NP_460962.1	WP_000039997.1	SL1344_1993
NP_460862.1	WP_000019609.1	SL1344_1840
NP_460693.1	WP_000028507.1	SL1344_1665
NP_460497.1	WP_000924456.1	SL1344_1466
NP_460158.1	WP_010989014.1	SL1344_1124
NP_459816.1	WP_010988985.1	SL1344_0814
NP_459696.1	WP_000798844.1	SL1344_0692
NP_459567.1	WP_000927523.1	SL1344_0563
NP_459339.1	WP_000081378.1	SL1344_0339
NP_459144.1	WP_000557442.1	SL1344_0139
NP_490593.1	WP_000177629.1	SL1344_P1_0002
NP_490566.1	WP_001230719.1	SL1344_P1_0029
NP_490536.1	WP_001541566.1	SL1344_P1_0061
NP_463308.2	WP_000779263.1	SL1344_4377
NP_463265.1	WP_000893398.1	SL1344_4337
NP_463215.3	WP_000727896.1	SL1344_4288
NP_462823.1	WP_000025498.1	SL1344_3892
NP_462819.1	WP_000183621.1	SL1344_3888
NP_462454.1	WP_000073548.1	SL1344_3519
NP_460856.1	WP_000907242.1	SL1344_1834
NP_459703.1	WP_001194239.1	SL1344_0699
NP_459656.1	WP_000020930.1	SL1344_0653
NP_459310.1	WP_001225658.1	SL1344_0308
NP_490558.1	WP_000581933.1	SL1344_P1_0037
NP_463402.1	WP_000799924.1	SL1344_4474
NP_463362.1	WP_001240360.1	SL1344_4433
NP_463089.1	WP_000977979.1	SL1344_4160
NP_462717.1	WP_000266008.1	SL1344_3783
NP_462088.1	WP_000965730.1	SL1344_3147
NP_461594.1	WP_000197660.1	SL1344_2623
NP_461577.1	WP_000083343.1	SL1344_2606
NP_461021.1	WP_000586409.1	SL1344_2053
NP_460968.3	WP_000764336.1	SL1344_1999
NP_460932.1	WP_001253410.1	SL1344_1908
NP_460666.1	WP_001542125.1	SL1344_1639
NP_460346.1	WP_000697187.1	SL1344_1315
NP_460107.1	WP_000283643.1	SL1344_1073
NP_460021.1	WP_000606351.1	SL1344_0985
NP_463369.1	WP_000683247.1	SL1344_4441
NP_463206.1	WP_000829509.1	SL1344_4279
NP_462890.1	WP_001270592.1	SL1344_3956
NP_462074.1	WP_000527859.1	SL1344_3133
NP_461867.1	WP_000080404.1	SL1344_2925
NP_460754.1	WP_000017421.1	SL1344_1726
NP_460165.1	WP_000007236.1	SL1344_1132
NP_459699.1	WP_001017909.1	SL1344_0695
NP_490587.1	WP_000782438.1	SL1344_P1_0008
NP_463230.1	WP_001293274.1	SL1344_4302
NP_462260.1	WP_000600161.1	SL1344_3322
NP_462001.1	WP_000032793.1	SL1344_3061
NP_461592.1	WP_000992639.1	SL1344_2621
NP_461513.1	WP_000818972.1	SL1344_2540
NP_461480.1	WP_000940032.1	SL1344_2507
NP_461107.1	WP_000824855.1	SL1344_2140
NP_461105.1	WP_001240418.1	SL1344_2138
NP_460744.1	WP_000147036.1	SL1344_1716
NP_460594.1	WP_001196340.1	SL1344_1565
NP_460435.1	WP_001080048.1	SL1344_1405
NP_459866.1	WP_000756589.1	SL1344_0866
NP_459863.1	WP_000737538.1	SL1344_0863
NP_459262.1	WP_001670675.1	SL1344_0259
NP_459032.1	WP_001135039.1	SL1344_0027
NP_463061.1	WP_000587738.1	SL1344_4131
NP_462236.1	WP_000044652.1	SL1344_3298
NP_461514.1	WP_000399380.1	SL1344_2541
NP_461218.1	WP_001091009.1	SL1344_2245
NP_460696.1	WP_001520573.1	SL1344_1668
NP_460638.1	WP_000219126.1	SL1344_1610
NP_460355.1	WP_000122327.1	SL1344_1324
NP_459867.1	WP_000027186.1	SL1344_0867
NP_490528.1	WP_001122242.1	SL1344_P1_0069
NP_463406.1	WP_000936657.1	SL1344_4478
NP_463358.3	WP_000532937.1	SL1344_4429
NP_462752.1	WP_000377800.1	SL1344_3820
NP_462229.1	WP_000224104.1	SL1344_3291
NP_461431.1	WP_061835882.1	SL1344_2459
NP_460972.1	WP_000953646.1	SL1344_2003
NP_459768.1	WP_000287416.1	SL1344_0766
NP_459654.1	WP_000631369.1	SL1344_0651
NP_459223.1	WP_000224567.1	SL1344_0219
NP_459221.1	WP_000246886.1	SL1344_0217
NP_463072.1	WP_000679398.1	SL1344_4142
NP_462949.1	WP_001519915.1	SL1344_4017
NP_462356.1	WP_000091471.1	SL1344_3419
NP_461076.1	WP_000137854.1	SL1344_2108
NP_460903.1	WP_001157166.1	SL1344_1879
NP_460811.1	WP_000182072.1	SL1344_1784
NP_459805.1	WP_000569093.1	SL1344_0803
NP_459545.1	WP_001258122.1	SL1344_0543
NP_459530.1	WP_000212284.1	SL1344_0528
NP_459260.1	WP_000801238.1	SL1344_0257
NP_463426.1	WP_000224870.1	SL1344_4497
NP_463168.1	WP_000611307.1	SL1344_4240
NP_462503.1	WP_000572568.1	SL1344_3567
NP_462405.1	WP_001157751.1	SL1344_3469
NP_462190.1	WP_000532745.1	SL1344_3250
NP_462025.1	WP_000786895.1	SL1344_3084
NP_462023.1	WP_000984838.1	SL1344_3082
NP_461372.1	WP_001263761.1	SL1344_2400
NP_461157.1	WP_000178095.1	SL1344_2190
NP_461129.1	WP_000920081.1	SL1344_2161
NP_461103.1	WP_000598637.1	SL1344_2136
NP_460909.1	WP_001087453.1	SL1344_1885
NP_460761.1	WP_000234826.1	SL1344_1733
NP_460461.3	WP_000743122.1	SL1344_1431
NP_459737.1	WP_000345368.1	SL1344_0734
NP_459720.1	WP_001537859.1	SL1344_0717
NP_459425.1	WP_000836268.1	SL1344_0424
NP_459304.1	WP_000787603.1	SL1344_0302
NP_463454.1	WP_001194359.1	SL1344_4525
NP_462835.1	WP_001213560.1	SL1344_3904
NP_462634.1	WP_001247078.1	SL1344_3700
NP_461078.1	WP_000498586.1	SL1344_2110
NP_460589.1	WP_000997195.1	SL1344_1560
NP_459865.1	WP_001001677.1	SL1344_0865
NP_463114.1	WP_000724435.1	SL1344_4185
NP_462461.1	WP_000416114.1	SL1344_3526
NP_461959.1	WP_000745625.1	SL1344_3019
NP_461923.1	WP_000895635.1	SL1344_2984
NP_461422.1	WP_001171630.1	SL1344_2450
NP_460969.1	WP_001013552.1	SL1344_2000
NP_460633.1	WP_000171963.1	SL1344_1605
NP_460310.1	WP_000562009.1	SL1344_1278
NP_459376.1	WP_000480794.1	SL1344_0376
NP_459298.1	WP_001535430.1	SL1344_0296
NP_459015.1	WP_001103477.1	SL1344_0010
NP_462548.1	WP_000190524.1	SL1344_3613
NP_462056.1	WP_001220944.1	SL1344_3115
NP_461946.3	WP_001244638.1	SL1344_3008
NP_461898.1	WP_000642330.1	SL1344_2959
NP_461851.1	WP_000741650.1	SL1344_2909
NP_460718.1	WP_000571667.1	SL1344_1690
NP_460454.1	WP_000557304.1	SL1344_1424
NP_459708.1	WP_000702849.1	SL1344_0705
NP_463429.1	WP_001112032.1	SL1344_4500
NP_462833.1	WP_000812765.1	SL1344_3902
NP_462031.1	WP_000234466.1	SL1344_3090
NP_462009.1	WP_000286122.1	SL1344_3068
NP_461989.1	WP_000553271.1	SL1344_3049
NP_461932.1	WP_000848625.1	SL1344_2993
NP_461294.1	WP_000569771.1	SL1344_2321
NP_460924.1	WP_000064163.1	SL1344_1900
NP_460770.1	WP_000072527.1	SL1344_1742
NP_459786.1	WP_000529073.1	SL1344_0784
NP_459647.1	WP_001669181.1	SL1344_0643
NP_459247.1	WP_000093986.1	SL1344_0244
NP_459111.1	WP_000915965.1	SL1344_0106
NP_463019.1	WP_001096676.1	SL1344_4089
NP_462787.1	WP_001131148.1	SL1344_3857
NP_462542.1	WP_000637070.1	SL1344_3607
NP_462016.1	WP_000997812.1	SL1344_3075
NP_460022.1	WP_000246065.1	SL1344_0986
NP_459968.1	WP_000060025.1	SL1344_0930
NP_459931.1	WP_001241650.1	SL1344_0893
NP_459785.1	WP_000373611.1	SL1344_0783
NP_459576.1	WP_000958064.1	SL1344_0572
NP_459192.1	WP_000899412.1	SL1344_0188
NP_459025.1	WP_000738617.1	SL1344_0020
NP_463381.1	WP_001237610.1	SL1344_4453
NP_462864.1	WP_000209831.1	SL1344_3933
NP_462338.1	WP_000529945.1	SL1344_3401
NP_462150.1	WP_000633547.1	SL1344_3208
NP_461122.1	WP_000170621.1	SL1344_2154
NP_460984.3	WP_000097497.1	SL1344_2015
NP_460188.1	WP_001033714.1	SL1344_1155
NP_462940.1	WP_001033731.1	SL1344_4008
NP_462762.1	WP_000009904.1	SL1344_3830
NP_462616.1	WP_000582809.1	SL1344_3682
NP_462540.1	WP_001082123.1	SL1344_3605
NP_461528.1	WP_001152689.1	SL1344_2556
NP_460835.1	WP_000944282.1	SL1344_1812
NP_460151.1	WP_001174897.1	SL1344_1117
NP_460147.1	WP_000020450.1	SL1344_1113
NP_459748.1	WP_001005988.1	SL1344_0746
NP_459212.1	WP_000689821.1	SL1344_0208
NP_462663.1	WP_000392694.1	SL1344_3729
NP_462577.1	WP_000893169.1	SL1344_3642
NP_462445.1	WP_000639789.1	SL1344_3510
NP_461922.1	WP_001274930.1	SL1344_2983
NP_461201.1	WP_000091673.1	SL1344_2228
NP_461166.1	WP_001234836.1	SL1344_2199
NP_461127.1	WP_000989296.1	SL1344_2159
NP_460944.1	WP_000377041.1	SL1344_1921
NP_460776.1	WP_001221014.1	SL1344_1749
NP_460538.1	WP_001166296.1	SL1344_1510
NP_460449.1	WP_000919233.1	SL1344_1419
NP_460020.1	WP_001152415.1	SL1344_0984
NP_459451.1	WP_000817201.1	SL1344_0449
NP_459106.1	WP_000888683.1	SL1344_0101
NP_490508.1	WP_001038510.1	SL1344_P1_0089
NP_463040.1	WP_001083925.1	SL1344_4110
NP_462896.1	WP_000838828.1	SL1344_3962
NP_462724.1	WP_001562512.1	SL1344_3790
NP_462136.1	WP_000951049.1	SL1344_3195
NP_460417.1	WP_001289628.1	SL1344_1386
NP_460103.1	WP_000700610.1	SL1344_1069
NP_459951.1	WP_000642866.1	SL1344_0913
NP_459730.1	WP_000131318.1	SL1344_0727
NP_459540.1	WP_000935025.1	SL1344_0538
NP_459405.1	WP_000198318.1	SL1344_0405
NP_463444.1	WP_001187047.1	SL1344_4515
NP_463431.1	WP_000734706.1	SL1344_4502
NP_463430.1	WP_000722276.1	SL1344_4501
NP_463149.1	WP_000771454.1	SL1344_4220
NP_463137.1	WP_001067096.1	SL1344_4208
NP_463055.1	WP_000421792.1	SL1344_4125
NP_462730.1	WP_000174317.1	SL1344_3797
NP_462643.1	WP_001068438.1	SL1344_3709
NP_462247.1	WP_000054441.1	SL1344_3309
NP_461582.1	WP_000179978.1	SL1344_2611
NP_461403.1	WP_000733867.1	SL1344_2431
NP_460370.1	WP_000805851.1	SL1344_1339
NP_459761.1	WP_000604026.1	SL1344_0759
NP_459392.1	WP_000113921.1	SL1344_0392
NP_490561.1	WP_000336297.1	SL1344_P1_0034
NP_463456.1	WP_001266769.1	SL1344_4527
NP_463249.1	WP_001170771.1	SL1344_4321
NP_462014.1	WP_000098329.1	SL1344_3073
NP_461550.1	WP_001110783.1	SL1344_2577
NP_461295.1	WP_000965498.1	SL1344_2322
NP_460802.1	WP_000431401.1	SL1344_1775
NP_460624.1	WP_000097253.1	SL1344_1596
NP_460470.1	WP_000215563.1	SL1344_1440
NP_460029.1	WP_001525490.1	SL1344_0995
NP_459775.1	WP_000167222.1	SL1344_0774
NP_459502.1	WP_001110598.1	SL1344_0500
NP_459057.1	WP_000377406.1	SL1344_0053
NP_459027.1	WP_000742554.1	SL1344_0022
NP_463450.1	WP_000680512.1	SL1344_4521
NP_463234.3	WP_000090290.1	SL1344_4306
NP_462932.3	WP_000378721.1	SL1344_4000
NP_462590.1	WP_000549457.1	SL1344_3655
NP_462413.1	WP_000958732.1	SL1344_3477
NP_462039.1	WP_001275362.1	SL1344_3098
NP_461095.1	WP_000698773.1	SL1344_2128
NP_459955.1	WP_000125006.1	SL1344_0917
NP_459181.1	WP_001086408.1	SL1344_0177
NP_490548.1	WP_000088645.1	SL1344_P1_0049
NP_463415.3	WP_000870686.1	SL1344_4487
NP_462660.1	WP_000106461.1	SL1344_3726
NP_461790.1	WP_000916654.1	SL1344_2849
NP_461585.1	WP_000183639.1	SL1344_2614
NP_461516.1	WP_001068341.1	SL1344_2543
NP_460595.1	WP_000560166.1	SL1344_1566
NP_460539.1	WP_000617106.1	SL1344_1511
NP_460101.1	WP_000054243.1	SL1344_1067
NP_460060.1	WP_000938191.1	SL1344_1026
NP_459618.1	WP_000138788.1	SL1344_0614
NP_462386.1	WP_000816284.1	SL1344_3450
NP_462109.1	WP_000345576.1	SL1344_3167
NP_461990.1	WP_001520421.1	SL1344_3050
NP_461720.1	WP_000126152.1	SL1344_2778
NP_461552.1	WP_001097241.1	SL1344_2579
NP_461276.3	WP_014343872.1	SL1344_2303
NP_460966.1	WP_000147137.1	SL1344_1997
NP_460717.1	WP_000545594.1	SL1344_1689
NP_459926.1	WP_000097893.1	SL1344_0888
NP_459687.1	WP_000186054.1	SL1344_0684
NP_459497.1	WP_000140195.1	SL1344_0495
NP_459385.1	WP_001276437.1	SL1344_0385
NP_463407.3	WP_000431550.1	SL1344_4479
NP_463365.1	WP_000588691.1	SL1344_4436
NP_461811.1	WP_000526016.1	SL1344_2869
NP_461711.1	WP_001237934.1	SL1344_2769
NP_461306.1	WP_000157037.1	SL1344_2333
NP_460986.1	WP_000405048.1	SL1344_2017
NP_460376.1	WP_000011201.1	SL1344_1345
NP_460201.1	WP_001537766.1	SL1344_1169
NP_459797.1	WP_001025255.1	SL1344_0795
NP_459655.1	WP_000272794.1	SL1344_0652
NP_463452.1	WP_000811635.1	SL1344_4523
NP_463144.1	WP_001278030.1	SL1344_4215
NP_463037.1	WP_000362359.1	SL1344_4107
NP_462108.1	WP_000096230.1	SL1344_3166
NP_462102.1	WP_000831528.1	SL1344_3161
NP_461872.1	WP_001199961.1	SL1344_2930
NP_463157.1	WP_000697899.1	SL1344_4229
NP_463132.1	WP_000958575.1	SL1344_4203
NP_463088.3	WP_000824798.1	SL1344_4159
NP_462471.1	WP_000617729.1	SL1344_3535
NP_462399.1	WP_001520508.1	SL1344_3463
NP_462181.1	WP_001521094.1	SL1344_3241
NP_461469.1	WP_000355342.1	SL1344_2496
NP_461138.1	WP_001139611.1	SL1344_2170
NP_460905.1	WP_001158238.1	SL1344_1881
NP_460648.1	WP_000510996.1	SL1344_1620
NP_460566.1	WP_001259025.1	SL1344_1537
NP_460288.1	WP_000106848.1	SL1344_1257
NP_459864.1	WP_000895397.1	SL1344_0864
NP_462751.1	WP_000078081.1	SL1344_3819
NP_462629.1	WP_000380129.1	SL1344_3695
NP_462480.1	WP_000187489.1	SL1344_3544
NP_462267.1	WP_001171579.1	SL1344_3329
NP_461153.1	WP_001213882.1	SL1344_2185
NP_460894.1	WP_000781520.1	SL1344_1871
NP_460547.1	WP_001119592.1	SL1344_1519
NP_460481.1	WP_000968968.1	SL1344_1451
NP_460207.1	WP_001249412.1	SL1344_1175
NP_463260.1	WP_000331468.1	SL1344_4332
NP_463258.3	WP_000235161.1	SL1344_4330
NP_462990.1	WP_000424866.1	SL1344_4059
NP_462978.1	WP_000792788.1	SL1344_4046
NP_462575.1	WP_000089527.1	SL1344_3640
NP_462546.1	WP_000747548.1	SL1344_3611
NP_462299.1	WP_001085725.1	SL1344_3362
NP_462140.1	WP_000422143.1	SL1344_3199
NP_461269.1	WP_000386728.1	SL1344_2296
NP_460051.1	WP_000847719.1	SL1344_1017
NP_459176.1	WP_000651591.1	SL1344_0172
NP_462922.1	WP_000683586.1	SL1344_3990
NP_462718.1	WP_000990028.1	SL1344_3784
NP_462092.1	WP_001221574.1	SL1344_3151
NP_462077.1	WP_000268441.1	SL1344_3136
NP_461979.1	WP_000189741.1	SL1344_3039
NP_461965.1	WP_000250289.1	SL1344_3025
NP_461391.1	WP_001111056.1	SL1344_2419
NP_461309.1	WP_000364318.1	SL1344_2336
NP_460837.1	WP_000024706.1	SL1344_1814
NP_460768.1	WP_001519895.1	SL1344_1740
NP_460144.1	WP_001194082.1	SL1344_1110
NP_460059.1	WP_000374050.1	SL1344_1025
NP_459806.1	WP_001159076.1	SL1344_0804
NP_459507.1	WP_000342247.1	SL1344_0505
NP_459100.1	WP_000525196.1	SL1344_0096
NP_461991.1	WP_000956930.1	SL1344_3051
NP_461828.1	WP_000420452.1	SL1344_2886
NP_461319.1	WP_001142899.1	SL1344_2346
NP_460900.1	WP_000611323.1	SL1344_1877
NP_460834.1	WP_000100258.1	SL1344_1811
NP_460527.1	WP_000045657.1	SL1344_1498
NP_460411.1	WP_001282334.1	SL1344_1380
NP_460259.1	WP_000184708.1	SL1344_1228
NP_459697.1	WP_001188373.1	SL1344_0693
NP_490503.1	WP_000178592.1	SL1344_P1_0094
NP_463173.1	WP_001542298.1	SL1344_4245
NP_463143.3	WP_000115065.1	SL1344_4214
NP_462237.1	WP_000719822.1	SL1344_3299
NP_462110.1	WP_001076978.1	SL1344_3168
NP_461647.1	WP_000059178.1	SL1344_2690
NP_459570.1	WP_000355879.1	SL1344_0566
NP_459472.1	WP_000101755.1	SL1344_0470
NP_459250.1	WP_001287486.1	SL1344_0247
NP_490527.1	WP_001575489.1	SL1344_P1_0070
NP_463247.1	WP_000056761.1	SL1344_4319
NP_461860.1	WP_000281486.1	SL1344_2918
NP_461820.1	WP_001674874.1	SL1344_2878
NP_461574.1	WP_001168374.1	SL1344_2603
NP_461212.1	WP_001061919.1	SL1344_2239
NP_461207.1	WP_000884990.1	SL1344_2234
NP_460809.1	WP_000986176.1	SL1344_1782
NP_460723.1	WP_001064598.1	SL1344_1695
NP_460113.1	WP_000481517.1	SL1344_1079
NP_463441.1	WP_000942363.1	SL1344_4512
NP_462129.1	WP_000983441.1	SL1344_3188
NP_461894.1	WP_000440819.1	SL1344_2954
NP_461526.1	WP_000246126.1	SL1344_2554
NP_461291.1	WP_000566563.1	SL1344_2318
NP_461236.1	WP_001670658.1	SL1344_2263
NP_461189.1	WP_001115498.1	SL1344_2222
NP_460707.1	WP_000615840.1	SL1344_1679
NP_460593.1	WP_000094453.1	SL1344_1564
NP_460452.1	WP_000379677.1	SL1344_1422
NP_460397.1	WP_001282267.1	SL1344_1366
NP_460384.1	WP_000056367.1	SL1344_1353
NP_460229.3	WP_001574476.1	SL1344_1198
NP_460203.1	WP_001519653.1	SL1344_1171
NP_460139.1	WP_000873047.1	SL1344_1105
NP_460136.1	WP_000780893.1	SL1344_1102
NP_459972.1	WP_001109471.1	SL1344_0934
NP_463433.2	WP_000090067.1	SL1344_4504
NP_463305.1	WP_000392128.1	SL1344_4374
NP_461290.1	WP_000043010.1	SL1344_2317
NP_461121.1	WP_000781183.1	SL1344_2153
NP_460872.1	WP_000983586.1	SL1344_1850
NP_459483.1	WP_001220237.1	SL1344_0481
NP_462633.1	WP_000806167.1	SL1344_3699
NP_461067.1	WP_000132082.1	SL1344_2099
NP_460841.1	WP_000800497.1	SL1344_1818
NP_460389.1	WP_000493971.1	SL1344_1358
NP_460239.1	WP_000762776.1	SL1344_1208
NP_460170.1	WP_000535399.1	SL1344_1137
NP_459637.1	WP_001518902.1	SL1344_0633
NP_459342.1	WP_000610820.1	SL1344_0342
NP_490578.1	WP_000554823.1	SL1344_P1_0017
NP_463269.1	WP_000051472.1	SL1344_4341
NP_463236.1	WP_001085592.1	SL1344_4308
NP_462252.1	WP_000257298.1	SL1344_3314
NP_461837.1	WP_000153635.1	SL1344_2895
NP_461693.1	WP_000061088.1	SL1344_2751
NP_461487.1	WP_000805728.1	SL1344_2514
NP_461435.1	WP_001028593.1	SL1344_2463
NP_461425.3	WP_000189061.1	SL1344_2453
NP_460889.1	WP_000684804.1	SL1344_1866
NP_460691.1	WP_000714799.1	SL1344_1663
NP_460356.1	WP_000666335.1	SL1344_1325
NP_460236.1	WP_000457190.1	SL1344_1205
NP_460177.1	WP_000164359.1	SL1344_1144
NP_460094.1	WP_000083126.1	SL1344_1060
NP_463257.1	WP_001119448.1	SL1344_4329
NP_463032.1	WP_000284648.1	SL1344_4102
NP_463006.3	WP_000971958.1	SL1344_4076
NP_462915.1	WP_000829025.1	SL1344_3982
NP_462220.1	WP_000476475.1	SL1344_3282
NP_461982.1	WP_000626863.1	SL1344_3042
NP_461682.1	WP_000776032.1	SL1344_2739
NP_461504.1	WP_000253558.1	SL1344_2531
NP_460416.1	WP_001030315.1	SL1344_1385
NP_460183.1	WP_000205990.1	SL1344_1150
NP_490575.1	WP_000871995.1	SL1344_P1_0020
NP_463122.1	WP_000389233.1	SL1344_4193
NP_463066.1	WP_000359500.1	SL1344_4136
NP_462881.1	WP_000183327.1	SL1344_3948
NP_462721.1	WP_000595421.1	SL1344_3787
NP_462369.1	WP_000242758.1	SL1344_3433
NP_462235.1	WP_000602196.1	SL1344_3297
NP_462100.1	WP_001231952.1	SL1344_3159
NP_461947.1	WP_000835265.1	SL1344_3009
NP_460992.1	WP_000356709.1	SL1344_2023
NP_460978.1	WP_000558988.1	SL1344_2009
NP_460576.1	WP_000600616.1	SL1344_1547
NP_460542.1	WP_001147134.1	SL1344_1514
NP_459544.1	WP_000801273.1	SL1344_0542
NP_459441.3	WP_001537832.1	SL1344_0439
NP_459360.1	WP_000433131.1	SL1344_0360
NP_462344.1	WP_000579838.1	SL1344_3407
NP_462268.1	WP_000723776.1	SL1344_3330
NP_461464.1	WP_000077436.1	SL1344_2491
NP_463171.1	WP_000816143.1	SL1344_4243
NP_462476.1	WP_000964735.1	SL1344_3540
NP_462208.1	WP_000145974.1	SL1344_3269
NP_461847.1	WP_000253545.1	SL1344_2905
NP_461433.1	WP_000706208.1	SL1344_2461
NP_460027.1	WP_000334547.1	SL1344_0993
NP_459839.1	WP_000631907.1	SL1344_0838
NP_459325.1	WP_000379343.1	SL1344_0325
NP_462988.1	WP_000666689.1	SL1344_4057
NP_462877.1	WP_000725364.1	SL1344_3945
NP_462772.3	WP_001519938.1	SL1344_3840
NP_462640.1	WP_000046969.1	SL1344_3706
NP_460935.1	WP_000103975.1	SL1344_1911
NP_460734.1	WP_000174484.1	SL1344_1706
NP_460088.1	WP_000876693.1	SL1344_1054
NP_459444.1	WP_000122257.1	SL1344_0442
NP_459369.1	WP_000950242.1	SL1344_0369
NP_459210.1	WP_000964234.1	SL1344_0206
NP_463147.1	WP_000083232.1	SL1344_4218
NP_462936.1	WP_000122635.1	SL1344_4004
NP_462845.1	WP_000142528.1	SL1344_3914
NP_462844.1	WP_000980080.1	SL1344_3913
NP_462320.1	WP_000135226.1	SL1344_3383
NP_462113.1	WP_000171739.1	SL1344_3171
NP_461456.1	WP_000409190.1	SL1344_2483
NP_461169.1	WP_000033440.1	SL1344_2202
NP_460790.1	WP_001518359.1	SL1344_1763
NP_460679.1	WP_000077250.1	SL1344_1652
NP_460418.1	WP_000920822.1	SL1344_1387
NP_460352.3	WP_000190927.1	SL1344_1321
NP_459846.1	WP_000661875.1	SL1344_0845
NP_459145.1	WP_001270913.1	SL1344_0140
NP_459103.1	WP_000877512.1	SL1344_0099
NP_463417.1	WP_000178963.1	SL1344_4489
NP_462655.1	WP_000984806.1	SL1344_3722
NP_462638.1	WP_000924334.1	SL1344_3704
NP_462264.1	WP_000162405.1	SL1344_3326
NP_461633.1	WP_015701331.1	SL1344_1929
NP_461197.1	WP_000888541.1	SL1344_3785
NP_460709.1	WP_000068097.1	SL1344_1681
NP_460457.1	WP_000213064.1	SL1344_1427
NP_459941.1	WP_000213069.1	SL1344_0903
NP_459596.1	WP_001164756.1	SL1344_0592
NP_462870.1	WP_000378902.1	SL1344_3938
NP_462118.1	WP_001125344.1	SL1344_3176
NP_460820.1	WP_000848069.1	SL1344_1795
NP_460455.1	WP_000206561.1	SL1344_1425
NP_459937.1	WP_001519746.1	SL1344_0899
NP_459884.1	WP_001005901.1	SL1344_1956
NP_459501.1	WP_001010574.1	SL1344_0499
NP_459437.1	WP_000179833.1	SL1344_0435
NP_459312.1	WP_000602086.1	SL1344_0311
NP_462122.1	WP_001272784.1	SL1344_3180
NP_461554.1	WP_001096546.1	SL1344_2581
NP_461023.1	WP_000954848.1	SL1344_2055
NP_460852.1	WP_000580335.1	SL1344_1829
NP_460755.1	WP_000776974.1	SL1344_1727
NP_459996.1	WP_001096552.1	SL1344_0959
NP_463361.1	WP_000864857.1	SL1344_4432
NP_463102.1	WP_000646079.1	SL1344_4174
NP_462584.1	WP_000766684.1	SL1344_3649
NP_461773.1	WP_001079164.1	SL1344_2832
NP_460739.3	WP_000985595.1	SL1344_1711
NP_460496.1	WP_000852664.1	SL1344_1465
NP_459842.1	WP_001738110.1	SL1344_0841
NP_459787.1	WP_010988984.1	SL1344_0785
NP_459635.1	WP_001241924.1	SL1344_0631
NP_463082.1	WP_001270441.1	SL1344_4153
NP_463064.1	WP_001526208.1	SL1344_4134
NP_462856.1	WP_001116086.1	SL1344_3925
NP_462343.1	WP_000424395.1	SL1344_3406
NP_461854.1	WP_001173663.1	SL1344_2912
NP_461635.1	WP_001086808.1	SL1344_2677
NP_461610.1	WP_001287923.1	SL1344_2653
NP_461238.1	WP_000879248.1	SL1344_2265
NP_460976.1	WP_000958833.1	SL1344_2007
NP_460601.1	WP_000048924.1	SL1344_1572
NP_460414.1	WP_000765727.1	SL1344_1383
NP_460046.1	WP_001202375.1	SL1344_1012
NP_459481.1	WP_001195023.1	SL1344_0479
NP_459115.1	WP_000818267.1	SL1344_0110
NP_463357.1	WP_001740084.1	SL1344_4427
NP_463356.1	WP_000566905.1	SL1344_4426
NP_462507.1	WP_001196084.1	SL1344_3571
NP_462373.1	WP_001280671.1	SL1344_3437
NP_461198.1	WP_000431778.1	SL1344_2225
NP_460623.1	WP_000163371.1	SL1344_1595
NP_459995.1	WP_000929805.1	SL1344_0958
NP_459397.1	WP_000244731.1	SL1344_0397
NP_462906.1	WP_000965695.1	SL1344_3972
NP_462288.1	WP_001240053.1	SL1344_3351
NP_461791.1	WP_001574876.1	SL1344_2850
NP_461527.1	WP_015701343.1	SL1344_2555
NP_461274.1	WP_000813882.1	SL1344_2301
NP_460854.1	WP_000716748.1	SL1344_1832
NP_460400.1	WP_001041823.1	SL1344_1369
NP_460287.3	WP_000505804.1	SL1344_1256
NP_490568.1	WP_000527897.1	SL1344_P1_0027
NP_462963.1	WP_000802242.1	SL1344_4031
NP_462632.1	WP_000818607.1	SL1344_3698
NP_462473.1	WP_000743277.1	SL1344_3537
NP_462397.3	WP_000045725.1	SL1344_3461
NP_461115.1	WP_001523476.1	SL1344_2148
NP_460745.1	WP_000993803.1	SL1344_1717
NP_460655.1	WP_001268403.1	SL1344_1627
NP_460567.1	WP_000218280.1	SL1344_1538
NP_460092.1	WP_001062899.1	SL1344_1058
NP_459547.1	WP_000944156.1	SL1344_0545
NP_459235.1	WP_000569412.1	SL1344_0231
NP_459074.1	WP_000122861.1	SL1344_0070
NP_449149.1	WP_001738699.1	SL1344_2747
NP_462281.1	WP_000210306.1	SL1344_3343
NP_462019.1	WP_001174769.1	SL1344_3078
NP_461842.1	WP_001237182.1	SL1344_2900
NP_461668.1	WP_000203581.1	SL1344_2725
NP_461020.3	WP_001103591.1	SL1344_2052
NP_460231.1	WP_001738208.1	SL1344_1200
NP_463038.1	WP_000940092.1	SL1344_4108
NP_462689.1	WP_000633676.1	SL1344_3756
NP_462587.1	WP_000193201.1	SL1344_3652
NP_462359.1	WP_000861341.1	SL1344_3422
NP_462179.1	WP_000893481.1	SL1344_3239
NP_461611.1	WP_001518875.1	SL1344_2654
NP_460677.1	WP_001278856.1	SL1344_1650
NP_460670.1	WP_001176284.1	SL1344_1643
NP_460632.1	WP_000208473.1	SL1344_1604
NP_460363.1	WP_000094422.1	SL1344_1332
NP_460226.1	WP_000947460.1	SL1344_1195
NP_459639.1	WP_001269947.1	SL1344_0635
NP_459428.1	WP_001275806.1	SL1344_0427
NP_459013.1	WP_000380372.1	SL1344_0008
NP_463201.1	WP_000912957.1	SL1344_4274
NP_461580.1	WP_000188414.1	SL1344_2609
NP_461114.1	WP_001017057.1	SL1344_2147
NP_460366.1	WP_000388323.1	SL1344_1335
NP_462874.1	WP_001046887.1	SL1344_3942
NP_462749.3	WP_001527038.1	SL1344_3817
NP_461975.3	WP_000027236.1	SL1344_3035
NP_460881.3	WP_000605987.1	SL1344_1859
NP_460803.1	WP_001518229.1	SL1344_1776
NP_460159.1	WP_001137605.1	SL1344_1126
NP_460138.1	WP_000468204.1	SL1344_1104
NP_459689.1	WP_000579804.1	SL1344_0686
NP_462543.1	WP_001188414.1	SL1344_3608
NP_462097.1	WP_000105725.1	SL1344_3156
NP_462094.1	WP_000065416.1	SL1344_3153
NP_461066.1	WP_001234783.1	SL1344_2098
NP_460775.1	WP_000290594.1	SL1344_1748
NP_460422.1	WP_000133179.1	SL1344_1391
NP_460394.1	WP_000007301.1	SL1344_1363
NP_460025.1	WP_000143167.1	SL1344_0989
NP_459572.1	WP_000113609.1	SL1344_0568
NP_459398.1	WP_001009858.1	SL1344_0398
NP_462484.1	WP_000285376.1	SL1344_3548
NP_461988.1	WP_000124001.1	SL1344_3048
NP_461638.1	WP_000993750.1	SL1344_2680
NP_461536.1	WP_000677089.1	SL1344_2564
NP_461522.1	WP_000143154.1	SL1344_2550
NP_461009.1	WP_001016236.1	SL1344_2040
NP_460975.1	WP_000650985.1	SL1344_2006
NP_460781.1	WP_000381544.1	SL1344_1754
NP_460534.1	WP_000121043.1	SL1344_1506
NP_460421.1	WP_001092597.1	SL1344_1390
NP_459308.1	WP_000284051.1	SL1344_0306
NP_463186.1	WP_001188509.1	SL1344_4259
NP_462414.1	WP_000619387.1	SL1344_3478
NP_462227.1	WP_000047845.1	SL1344_3289
NP_462180.1	WP_000643280.1	SL1344_3240
NP_461575.1	WP_000003307.1	SL1344_2604
NP_461412.1	WP_000084037.1	SL1344_2440
NP_461382.1	WP_000838976.1	SL1344_2410
NP_460580.1	WP_001024311.1	SL1344_1551
NP_460128.1	WP_000739886.1	SL1344_1094
NP_459664.1	WP_001109079.1	SL1344_0661
NP_459627.3	WP_000284009.1	SL1344_0623
NP_463427.1	WP_000841604.1	SL1344_4498
NP_462375.1	WP_000920478.1	SL1344_3439
NP_462306.1	WP_001063609.1	SL1344_3369
NP_461699.1	WP_000190912.1	SL1344_2757
NP_461158.1	WP_000241015.1	SL1344_2191
NP_460129.1	WP_001159786.1	SL1344_1095
NP_459620.1	WP_000289054.1	SL1344_0616
NP_461298.1	WP_000825682.1	SL1344_2325
NP_460865.1	WP_000024794.1	SL1344_1843
NP_459461.1	WP_000779803.1	SL1344_0459
NP_490565.1	WP_000399768.1	SL1344_P1_0030
NP_463198.1	WP_000257282.1	SL1344_4271
NP_462923.1	WP_001517951.1	SL1344_3991
NP_462226.1	WP_000030034.1	SL1344_3288
NP_462017.1	WP_001094848.1	SL1344_3076
NP_461746.1	WP_000271296.1	SL1344_2805
NP_460859.1	WP_000916144.1	SL1344_1837
NP_460011.1	WP_000453194.1	SL1344_0975
NP_459701.1	WP_000824704.1	SL1344_0697
NP_459252.1	WP_001051726.1	SL1344_0249
NP_459014.1	WP_000528527.1	SL1344_0009
NP_490594.1	WP_000139307.1	SL1344_P1_0001
NP_462372.1	WP_000601880.1	SL1344_3436
NP_462012.1	WP_001053171.1	SL1344_3071
NP_461916.1	WP_000029150.1	SL1344_2977
NP_461753.1	WP_000573333.1	SL1344_2812
NP_461683.1	WP_001682344.1	SL1344_2740
NP_461551.1	WP_000211410.1	SL1344_2578
NP_461188.1	WP_000281877.1	SL1344_2221
NP_460617.1	WP_001046799.1	SL1344_1589
NP_460039.1	WP_000759136.1	SL1344_1005
NP_459600.1	WP_000052802.1	SL1344_0596
NP_459151.1	WP_000936329.1	SL1344_0146
NP_490535.1	WP_001240331.1	SL1344_P1_0062
NP_490524.1	WP_071591236.1	SL1344_P1_0073
NP_461863.1	WP_000117946.1	SL1344_2921
NP_460462.1	WP_000199997.1	SL1344_1432
NP_460135.1	WP_000713057.1	SL1344_1101
NP_459788.1	WP_001052198.1	SL1344_0786
NP_459602.1	WP_000377438.1	SL1344_0598
NP_459558.1	WP_000362180.1	SL1344_0554
NP_459200.1	WP_001090554.1	SL1344_0196
NP_490507.1	WP_010999940.1	SL1344_P1_0090
NP_490501.1	WP_000725062.1	SL1344_P1_0096
NP_463448.1	WP_001056986.1	SL1344_4519
NP_463266.1	WP_000175305.1	SL1344_4338
NP_462713.1	WP_000828296.1	SL1344_3780
NP_462481.1	WP_001245277.1	SL1344_3545
NP_462040.1	WP_000100106.1	SL1344_3099
NP_460887.1	WP_000754800.1	SL1344_1864
NP_460625.1	WP_001062625.1	SL1344_1597
NP_460215.1	WP_000789471.1	SL1344_1184
NP_459604.1	WP_001250381.1	SL1344_0600
NP_459538.3	WP_000681030.1	SL1344_0536
NP_459224.1	WP_000622423.1	SL1344_0220
NP_462303.1	WP_001285640.1	SL1344_3366
NP_462228.1	WP_000669770.1	SL1344_3290
NP_461288.1	WP_000230215.1	SL1344_2315
NP_461262.1	WP_000393522.1	SL1344_2289
NP_461055.1	WP_001153603.1	SL1344_2087
NP_460999.1	WP_000075772.1	SL1344_2030
NP_460108.1	WP_001001883.1	SL1344_1074
NP_490522.1	WP_000545754.1	SL1344_P1_0075
NP_463298.1	WP_000166287.1	SL1344_4367
NP_462362.1	WP_000081820.1	SL1344_3425
NP_462221.1	WP_001193591.1	SL1344_3283
NP_461503.1	WP_001134566.1	SL1344_2530
NP_461328.1	WP_000730794.1	SL1344_2355
NP_461289.1	WP_000772458.1	SL1344_2316
NP_461039.1	WP_000973708.1	SL1344_2071
NP_460908.1	WP_000218080.1	SL1344_1884
NP_460307.1	WP_001181565.1	SL1344_1275
NP_460262.1	WP_000339313.1	SL1344_1231
NP_459612.1	WP_001236063.1	SL1344_0608
NP_459478.1	WP_000127350.1	SL1344_0476
NP_459467.1	WP_001278792.1	SL1344_0465
NP_459067.1	WP_000679040.1	SL1344_0063
NP_490583.1	WP_000055840.1	SL1344_P1_0012
NP_462859.1	WP_000459612.1	SL1344_3928
NP_462814.3	WP_001145156.1	SL1344_3883
NP_461977.1	WP_001520956.1	SL1344_3037
NP_461605.1	WP_000043266.1	SL1344_2648
NP_461323.1	WP_001066345.1	SL1344_2350
NP_460898.1	WP_001160192.1	SL1344_1875
NP_460375.1	WP_001526945.1	SL1344_1344
NP_460055.1	WP_000859419.1	SL1344_1021
NP_459971.1	WP_000357052.1	SL1344_0933
NP_463451.1	WP_000482239.1	SL1344_4522
NP_463214.1	WP_001271546.1	SL1344_4287
NP_463017.1	WP_001287521.1	SL1344_4087
NP_462872.1	WP_000853952.1	SL1344_3940
NP_462429.1	WP_000393233.1	SL1344_3494
NP_461955.1	WP_000133994.1	SL1344_3015
NP_461887.1	WP_000343990.1	SL1344_2947
NP_461764.1	WP_001078791.1	SL1344_2823
NP_461545.2	WP_001102153.1	SL1344_2573
NP_460963.1	WP_000973145.1	SL1344_1994
NP_460235.1	WP_000617985.1	SL1344_1204
NP_459741.1	WP_000970374.1	SL1344_0738
NP_459535.1	WP_001143507.1	SL1344_0533
NP_459383.1	WP_000983569.1	SL1344_0383
NP_459244.1	WP_001185319.1	SL1344_0240
NP_459030.1	WP_001082039.1	SL1344_0025
NP_462827.1	WP_001738610.1	SL1344_3896
NP_462307.1	WP_001129708.1	SL1344_3370
NP_461769.1	WP_000493767.1	SL1344_2828
NP_461263.1	WP_000172747.1	SL1344_2290
NP_460488.1	WP_000513122.1	SL1344_1458
NP_460180.1	WP_000587943.1	SL1344_1147
NP_460033.1	WP_001220671.1	SL1344_0999
NP_459682.1	WP_000848395.1	SL1344_0679
NP_459270.1	WP_000996817.1	SL1344_0267
NP_459026.1	WP_000743357.1	SL1344_0021
NP_463403.1	WP_000098578.1	SL1344_4475
NP_463057.1	WP_001096724.1	SL1344_4127
NP_462551.1	WP_000047149.1	SL1344_3616
NP_462394.1	WP_000951395.1	SL1344_3458
NP_462332.1	WP_001096206.1	SL1344_3395
NP_461697.1	WP_000388997.1	SL1344_2755
NP_461374.1	WP_001119682.1	SL1344_2402
NP_460694.1	WP_000808682.1	SL1344_1666
NP_460570.1	WP_000229304.1	SL1344_1541
NP_460182.1	WP_001043449.1	SL1344_1149
NP_460118.1	WP_000203944.1	SL1344_1084
NP_459409.1	WP_000198484.1	SL1344_0408
NP_459182.1	WP_000777532.1	SL1344_0178
NP_462541.1	WP_001519917.1	SL1344_3606
NP_461948.1	WP_001038506.1	SL1344_3010
NP_461384.3	WP_000406008.1	SL1344_2412
NP_460564.1	WP_000369555.1	SL1344_1535
NP_460289.1	WP_000222158.1	SL1344_1258
NP_459335.1	WP_000062035.1	SL1344_0335
NP_459278.1	WP_001007106.1	SL1344_0275
NP_459175.1	WP_000683342.1	SL1344_0171
NP_463203.1	WP_001238397.1	SL1344_4276
NP_462767.1	WP_001288957.1	SL1344_3835
NP_462443.1	WP_000108342.1	SL1344_3508
NP_462329.1	WP_000091939.1	SL1344_3392
NP_460825.1	WP_001050882.1	SL1344_1803
NP_460019.1	WP_000877926.1	SL1344_0983
NP_460005.1	WP_000371784.1	SL1344_0968
NP_459539.1	WP_000619606.1	SL1344_0537
NP_459021.1	WP_001068132.1	SL1344_0016
NP_463368.3	WP_000907671.1	SL1344_4440
NP_463345.1	WP_000896756.1	SL1344_4415
NP_463275.1	WP_000055079.1	SL1344_4347
NP_463121.1	WP_000168322.1	SL1344_4192
NP_462973.1	WP_000208240.1	SL1344_4041
NP_462704.1	WP_000147832.1	SL1344_3771
NP_462191.1	WP_001294027.1	SL1344_3251
NP_461921.1	WP_000564481.1	SL1344_2982
NP_461739.1	WP_000378431.1	SL1344_2798
NP_461101.1	WP_001197952.1	SL1344_2134
NP_461096.1	WP_000830686.1	SL1344_2129
NP_460763.1	WP_000943475.1	SL1344_1735
NP_460598.1	WP_000527273.1	SL1344_1569
NP_460220.1	WP_000929982.1	SL1344_1189
NP_460109.1	WP_001546652.1	SL1344_1075
NP_459679.1	WP_001018621.1	SL1344_0676
NP_459205.1	WP_001129320.1	SL1344_0201
NP_459193.1	WP_001294181.1	SL1344_0189
NP_459090.1	WP_000600709.1	SL1344_0086
NP_462537.1	WP_000792957.1	SL1344_3601
NP_462034.1	WP_001094307.1	SL1344_3093
NP_461826.1	WP_000971655.1	SL1344_2885
NP_461724.1	WP_000022009.1	SL1344_2782
NP_461177.1	WP_001215679.1	SL1344_2210
NP_460474.1	WP_001235357.1	SL1344_1444
NP_463077.1	WP_000907494.1	SL1344_4148
NP_462186.1	WP_000884721.1	SL1344_3246
NP_459734.1	WP_001176621.1	SL1344_0731
NP_459341.1	WP_000830238.1	SL1344_0341
NP_490520.1	WP_000198608.1	SL1344_P1_0077
NP_490516.1	WP_010999942.1	SL1344_P1_0081
NP_462390.1	WP_000818621.1	SL1344_3454
NP_461961.1	WP_001055885.1	SL1344_3021
NP_461829.1	WP_000858988.1	SL1344_2887
NP_461677.1	WP_000480483.1	SL1344_2734
NP_460987.1	WP_001090597.1	SL1344_2018
NP_460855.1	WP_000022509.1	SL1344_1833
NP_460403.1	WP_000826819.1	SL1344_1372
NP_460212.1	WP_001520581.1	SL1344_1181
NP_460160.1	WP_001174492.1	SL1344_1127
NP_459286.1	WP_000968384.1	SL1344_0283
NP_490554.1	WP_000741240.1	SL1344_P1_0041
NP_490510.1	WP_000748205.1	SL1344_P1_0087
NP_462182.1	WP_000037599.1	SL1344_3242
NP_461601.1	WP_001212379.1	SL1344_2629
NP_461318.1	WP_000847540.1	SL1344_2345
NP_460248.1	WP_010989016.1	SL1344_1217
NP_460041.1	WP_000227928.1	SL1344_1007
NP_459543.1	WP_000603405.1	SL1344_0541
NP_459031.1	WP_001243232.1	SL1344_0026
NP_490570.1	WP_001079995.1	SL1344_P1_0025
NP_463440.1	WP_000554311.1	SL1344_4511
NP_463191.3	WP_001267291.1	SL1344_4264
NP_463106.1	WP_000416272.1	SL1344_4177
NP_462934.1	WP_001091413.1	SL1344_4002
NP_462883.1	WP_000743292.1	SL1344_3950
NP_462873.1	WP_010989085.1	SL1344_3941
NP_462069.1	WP_001519110.1	SL1344_3128
NP_461743.1	WP_001130194.1	SL1344_2802
NP_461628.1	WP_001207652.1	SL1344_2671
NP_461475.1	WP_000384396.1	SL1344_2502
NP_460618.1	WP_000945036.1	SL1344_1590
NP_460549.1	WP_000155373.1	SL1344_1521
NP_459868.1	WP_001270724.1	SL1344_0868
NP_459831.1	WP_001521476.1	SL1344_0830
NP_459810.1	WP_000716763.1	SL1344_0808
NP_459476.1	WP_001738050.1	SL1344_0474
NP_459415.1	WP_000154063.1	SL1344_0414
NP_460071.1	WP_001195556.1	SL1344_1037
NP_459781.1	WP_000084604.1	SL1344_0779
NP_459297.1	WP_010988970.1	SL1344_0295
NP_459203.1	WP_001250313.1	SL1344_0199
NP_462310.1	WP_000114987.1	SL1344_3373
NP_461663.1	WP_000460863.1	SL1344_2706
NP_461643.3	WP_001069920.1	SL1344_2686
NP_461368.1	WP_000522253.1	SL1344_2396
NP_460045.1	WP_000288732.1	SL1344_1011
NP_459529.1	WP_000098736.1	SL1344_0527
NP_459430.3	WP_001138913.1	SL1344_0429
NP_462127.1	WP_000237776.1	SL1344_3186
NP_460689.1	WP_001109977.1	SL1344_1661
NP_460640.1	WP_000084401.1	SL1344_1612
NP_460089.1	WP_000907530.1	SL1344_1055
NP_463333.1	WP_001519079.1	SL1344_4403
NP_462327.1	WP_000940121.1	SL1344_3390
NP_462185.1	WP_000908562.1	SL1344_3245
NP_461173.3	WP_000806401.1	SL1344_2206
NP_460888.1	WP_000741710.1	SL1344_1865
NP_460877.1	WP_000147295.1	SL1344_1855
NP_460688.1	WP_001022822.1	SL1344_1660
NP_459808.1	WP_000100805.1	SL1344_0806
NP_462941.1	WP_001233463.1	SL1344_4009
NP_462251.1	WP_000366112.1	SL1344_3313
NP_461749.1	WP_001294864.1	SL1344_2808
NP_461267.1	WP_000545038.1	SL1344_2294
NP_459052.1	WP_000042739.1	SL1344_0048
NP_463098.1	WP_000019219.1	SL1344_4170
NP_463020.1	WP_001207203.1	SL1344_4090
NP_462135.1	WP_000202966.1	SL1344_3194
NP_462008.1	WP_000856775.1	SL1344_3067
NP_461807.1	WP_000386309.1	SL1344_2865
NP_461751.1	WP_000132239.1	SL1344_2810
NP_460891.1	WP_000920611.1	SL1344_1868
NP_460018.1	WP_000725267.1	SL1344_0982
NP_490586.1	WP_010999946.1	SL1344_P1_0009
NP_462068.1	WP_000439335.1	SL1344_3127
NP_462061.1	WP_001221960.1	SL1344_3120
NP_461479.1	WP_001241346.1	SL1344_2506
NP_461390.1	WP_000606266.1	SL1344_2418
NP_461277.1	WP_000426135.1	SL1344_2304
NP_461205.1	WP_000781589.1	SL1344_2232
NP_459935.1	WP_000228469.1	SL1344_0897
NP_459531.1	WP_000255991.1	SL1344_0529
NP_459266.1	WP_000108007.1	SL1344_0263
NP_463183.1	WP_000626099.1	SL1344_4254
NP_462282.1	WP_000179403.1	SL1344_3344
NP_462232.1	WP_000609332.1	SL1344_3294
NP_461204.1	WP_000228070.1	SL1344_2231
NP_460993.1	WP_001012956.1	SL1344_2024
NP_459122.1	WP_001563086.1	SL1344_0117
NP_490537.1	WP_001135407.1	SL1344_P1_0060
NP_463332.1	WP_000826193.1	SL1344_4402
NP_463323.1	WP_000666051.1	SL1344_4393
NP_463034.1	WP_000934315.1	SL1344_4104
NP_462862.1	WP_001192410.1	SL1344_3931
NP_462447.1	WP_001290288.1	SL1344_3512
NP_462060.1	WP_000004953.1	SL1344_3119
NP_461305.1	WP_000262102.1	SL1344_2332
NP_461059.1	WP_000888725.1	SL1344_2091
NP_460507.1	WP_001293638.1	SL1344_1476
NP_459340.1	WP_000545421.1	SL1344_0340
NP_490523.1	WP_000905606.1	SL1344_P1_0074
NP_462970.1	WP_000872918.1	SL1344_4038
NP_462841.3	WP_001277136.1	SL1344_3910
NP_462670.1	WP_001284295.1	SL1344_3736
NP_462552.1	WP_000533909.1	SL1344_3617
NP_462146.1	WP_001592732.1	SL1344_3204
NP_462046.1	WP_000338754.1	SL1344_3105
NP_461624.1	WP_000980418.1	SL1344_2667
NP_461329.1	WP_001195800.1	SL1344_2356
NP_460274.1	WP_001228998.1	SL1344_1243
NP_459885.1	WP_001050825.1	SL1344_1955
NP_459782.1	WP_000080894.1	SL1344_0780
NP_459684.1	WP_000070056.1	SL1344_0681
NP_459277.1	WP_000119443.1	SL1344_0274
NP_459275.1	WP_001081550.1	SL1344_0272
NP_459274.1	WP_000312802.1	SL1344_0271
NP_459230.1	WP_000758966.1	SL1344_0226
NP_463336.3	WP_001523689.1	SL1344_4406
NP_462085.1	WP_001221827.1	SL1344_3144
NP_461938.1	WP_001519547.1	SL1344_2999
NP_461798.1	WP_000558928.1	SL1344_2857
NP_461618.1	WP_001518569.1	SL1344_2660
NP_460991.3	WP_001284387.1	SL1344_2022
NP_459510.1	WP_000764664.1	SL1344_0508
NP_462715.1	WP_001053618.1	SL1344_2223C
NP_462661.1	WP_001065324.1	SL1344_3727
NP_462625.1	WP_001171890.1	SL1344_3691
NP_461850.1	WP_001219245.1	SL1344_2908
NP_461572.1	WP_000589087.1	SL1344_2601
NP_461404.1	WP_000820751.1	SL1344_2432
NP_460004.1	WP_001541990.1	SL1344_0967
NP_459490.1	WP_000186618.1	SL1344_0488
NP_459188.1	WP_000150773.1	SL1344_0184
NP_459092.1	WP_000624381.1	SL1344_0088
NP_462347.1	WP_000675530.1	SL1344_3410
NP_462210.1	WP_001148008.1	SL1344_3271
NP_461617.1	WP_001537508.1	SL1344_2659
NP_459853.1	WP_000624814.1	SL1344_0853
NP_459770.1	WP_000767419.1	SL1344_0769
NP_459204.1	WP_000725075.1	SL1344_0200
NP_463443.1	WP_000875811.1	SL1344_4514
NP_463404.1	WP_000511329.1	SL1344_4476
NP_462683.1	WP_001152234.1	SL1344_3750
NP_462595.1	WP_000932335.1	SL1344_3660
NP_462571.1	WP_000832313.1	SL1344_3636
NP_462566.1	WP_001078820.1	SL1344_3631
NP_462406.1	WP_000856693.1	SL1344_3470
NP_462393.1	WP_000992496.1	SL1344_3457
NP_462308.1	WP_000460663.1	SL1344_3371
NP_461996.1	WP_000965538.1	SL1344_3056
NP_460952.1	WP_001219015.1	SL1344_1979
NP_460364.1	WP_000711029.1	SL1344_1333
NP_459858.1	WP_000505788.1	SL1344_0858
NP_459812.1	WP_000533542.1	SL1344_0810
NP_459660.1	WP_000084476.1	SL1344_0657
NP_459645.1	WP_001044884.1	SL1344_0641
NP_490559.1	WP_014344446.1	SL1344_P1_0036
NP_490546.1	WP_000490265.1	SL1344_P1_0051
NP_462768.1	WP_001052212.1	SL1344_3836
NP_462351.1	WP_001138042.1	SL1344_3414
NP_462289.1	WP_000354626.1	SL1344_3352
NP_462270.1	WP_001257852.1	SL1344_3332
NP_461917.1	WP_000744675.1	SL1344_2978
NP_461766.1	WP_000132989.1	SL1344_2825
NP_461426.1	WP_001068686.1	SL1344_2454
NP_460942.1	WP_000785978.1	SL1344_1919
NP_460789.1	WP_000156280.1	SL1344_1762
NP_459568.1	WP_000594176.1	SL1344_0564
NP_459466.1	WP_000136181.1	SL1344_0464
NP_459412.1	WP_001021372.1	SL1344_0411
NP_459300.1	WP_000266939.1	SL1344_0298
NP_490572.1	WP_000549562.1	SL1344_P1_0023
NP_462601.1	WP_000003370.1	SL1344_3667
NP_462554.1	WP_000702452.1	SL1344_3619
NP_462346.1	WP_000495848.1	SL1344_3409
NP_462245.1	WP_000979905.1	SL1344_3307
NP_461102.1	WP_000950413.1	SL1344_2135
NP_461006.1	WP_000384326.1	SL1344_2037
NP_460928.1	WP_000132169.1	SL1344_1904
NP_460408.1	WP_000597179.1	SL1344_1377
NP_460218.1	WP_001218118.1	SL1344_1187
NP_459633.1	WP_000776107.1	SL1344_0629
NP_459261.1	WP_000917872.1	SL1344_0258
NP_463312.1	WP_001268859.1	SL1344_4381
NP_463246.1	WP_000776531.1	SL1344_4318
NP_463152.3	WP_001526214.1	SL1344_4224
NP_462657.1	WP_001653911.1	SL1344_3724
NP_462569.1	WP_000576056.1	SL1344_3634
NP_462171.1	WP_000080445.1	SL1344_3231
NP_461646.1	WP_000673534.1	SL1344_2689
NP_460309.1	WP_001213256.1	SL1344_1277
NP_459349.1	WP_001020583.1	SL1344_0349
NP_463401.1	WP_001090314.1	SL1344_4473
NP_463395.1	WP_000634729.1	SL1344_4467
NP_463372.1	WP_000211979.1	SL1344_4444
NP_463364.1	WP_001654330.1	SL1344_4435
NP_463319.1	WP_000148570.1	SL1344_4390
NP_463218.1	WP_000981983.1	SL1344_4291
NP_461774.1	WP_000158074.1	SL1344_2833
NP_461254.1	WP_000568155.1	SL1344_2281
NP_460767.3	WP_001285703.1	SL1344_1739
NP_460205.1	WP_000476067.1	SL1344_1173
NP_459976.1	WP_000762342.1	SL1344_0938
NP_463408.1	WP_000058276.1	SL1344_4480
NP_463176.1	WP_000502119.1	SL1344_3446
NP_463131.1	WP_000412686.1	SL1344_4202
NP_462839.1	WP_001738611.1	SL1344_3908
NP_462775.1	WP_000433018.1	SL1344_3843
NP_461100.1	WP_000703137.1	SL1344_2133
NP_460714.1	WP_001682412.1	SL1344_1686
NP_460050.1	WP_000424187.1	SL1344_1016
NP_459455.1	WP_000884594.1	SL1344_0453
NP_459314.1	WP_001292018.1	SL1344_0313
NP_459124.1	WP_000488294.1	SL1344_0119
NP_463118.1	WP_000432207.1	SL1344_4189
NP_463080.1	WP_000449433.1	SL1344_4151
NP_463063.1	WP_000084331.1	SL1344_4133
NP_463041.1	WP_000828129.1	SL1344_4111
NP_462631.1	WP_000976078.1	SL1344_3697
NP_462082.1	WP_000128242.1	SL1344_3141
NP_461590.1	WP_000985653.1	SL1344_2619
NP_461278.1	WP_000106617.1	SL1344_2305
NP_460114.1	WP_000791655.1	SL1344_1080
NP_459382.1	WP_000158137.1	SL1344_0382
NP_459232.1	WP_000210741.1	SL1344_0228
NP_459191.1	WP_001155232.1	SL1344_0187
NP_463328.1	WP_000583461.1	SL1344_4398
NP_462685.1	WP_001519640.1	SL1344_3752
NP_461789.1	WP_000612175.1	SL1344_2848
NP_461548.1	WP_015701345.1	SL1344_2576
NP_461547.3	WP_001533543.1	SL1344_2575
NP_461001.1	WP_000826277.1	SL1344_2032
NP_460857.1	WP_000653693.1	SL1344_1835
NP_460043.1	WP_000877172.1	SL1344_1009
NP_460003.1	WP_000984586.1	SL1344_0966
NP_459784.1	WP_000545202.1	SL1344_0782
NP_459678.1	WP_000131699.1	SL1344_0675
NP_459495.1	WP_000561177.1	SL1344_0493
NP_463255.1	WP_001196059.1	SL1344_4327
NP_461884.1	WP_000807739.1	SL1344_2944
NP_461822.1	WP_000381610.1	SL1344_2880
NP_461726.1	WP_000492669.1	SL1344_2784
NP_461721.1	WP_000522406.1	SL1344_2779
NP_461383.1	WP_000842932.1	SL1344_2411
NP_461199.1	WP_000835182.1	SL1344_2226
NP_461062.1	WP_000482224.1	SL1344_2094
NP_460602.1	WP_001521629.1	SL1344_1573
NP_460550.1	WP_001076571.1	SL1344_1522
NP_460000.1	WP_000798705.1	SL1344_0964
NP_459569.1	WP_001216659.1	SL1344_0565
NP_459410.1	WP_000543533.1	SL1344_0409
NP_459053.1	WP_000047269.1	SL1344_0049
NP_459034.1	WP_001250362.1	SL1344_0030
NP_463414.1	WP_001092436.1	SL1344_4486
NP_463317.1	WP_000252550.1	SL1344_4388
NP_462910.3	WP_001259011.1	SL1344_3976
NP_461639.1	WP_000343940.1	SL1344_2681
NP_460246.2	WP_000460698.1	SL1344_1216
NP_460048.1	WP_001261222.1	SL1344_1014
NP_459291.1	WP_000935097.1	SL1344_0288
NP_459288.1	WP_000375832.1	SL1344_0285
NP_463153.1	WP_001131299.1	SL1344_4225
NP_462774.1	WP_000763722.1	SL1344_3842
NP_462183.1	WP_000380404.1	SL1344_3243
NP_461904.1	WP_000184198.1	SL1344_2965
NP_461821.1	WP_000715092.1	SL1344_2879
NP_461814.1	WP_001520714.1	SL1344_2872
NP_461286.1	WP_000901812.1	SL1344_2313
NP_461270.1	WP_000062993.1	SL1344_2297
NP_461176.1	WP_000022213.1	SL1344_2209
NP_460926.1	WP_000046981.1	SL1344_1902
NP_460257.1	WP_001519539.1	SL1344_1226
NP_459022.1	WP_000860682.1	SL1344_0017
NP_462544.1	WP_000619902.1	SL1344_3609
NP_460423.1	WP_000214061.1	SL1344_1392
NP_460407.3	WP_000764553.1	SL1344_1376
NP_460073.1	WP_000543922.1	SL1344_1039
NP_459183.1	WP_000901960.1	SL1344_0179
NP_459036.1	WP_000158347.1	SL1344_0032
NP_463413.1	WP_000203998.1	SL1344_4485
NP_463046.1	WP_000973242.1	SL1344_4116
NP_462908.1	WP_000560974.1	SL1344_3974
NP_460578.1	WP_000354865.1	SL1344_1549
NP_460575.1	WP_000606458.1	SL1344_1546
NP_459534.1	WP_001038573.1	SL1344_0532
NP_459292.1	WP_000943619.1	SL1344_0289
NP_459149.1	WP_000414989.1	SL1344_0144
NP_490557.1	WP_010999943.1	SL1344_P1_0038
NP_490552.1	WP_000274533.1	SL1344_P1_0043
NP_490551.1	WP_001200150.1	SL1344_P1_0044
NP_462492.1	WP_000323565.1	SL1344_3556
NP_462325.1	WP_001238917.1	SL1344_3388
NP_462032.1	WP_000582675.1	SL1344_3091
NP_461713.3	WP_001574835.1	SL1344_2771
NP_460611.1	WP_001082296.1	SL1344_1582
NP_460480.1	WP_000843434.1	SL1344_1450
NP_460479.4	WP_000091194.1	SL1344_1449
NP_460368.1	WP_000979963.1	SL1344_1337
NP_460300.3	WP_001574431.1	SL1344_1268
NP_462603.1	WP_001156179.1	SL1344_3669
NP_461730.1	WP_000209813.1	SL1344_2788
NP_461640.1	WP_001039965.1	SL1344_2682
NP_461461.1	WP_000963846.1	SL1344_2488
NP_460522.1	WP_000152297.1	SL1344_1493
NP_459282.1	WP_000227044.1	SL1344_0279
NP_463018.1	WP_001085926.1	SL1344_4088
NP_462964.1	WP_000155237.1	SL1344_4032
NP_462708.3	WP_001246919.1	SL1344_3775
NP_462255.1	WP_000847559.1	SL1344_3317
NP_461642.1	WP_001648763.1	SL1344_2684
NP_460884.1	WP_000122606.1	SL1344_1861
NP_459731.1	WP_000124676.1	SL1344_0728
NP_459606.1	WP_000278499.1	SL1344_0602
NP_459140.3	WP_000014333.1	SL1344_0135
NP_463228.1	WP_001177632.1	SL1344_4300
NP_462671.1	WP_000214106.1	SL1344_3737
NP_462316.1	WP_000285586.1	SL1344_3379
NP_462073.1	WP_001251476.1	SL1344_3132
NP_461987.1	WP_000218569.1	SL1344_3047
NP_461745.1	WP_001279499.1	SL1344_2804
NP_461237.1	WP_001249900.1	SL1344_2264
NP_460917.1	WP_000754695.1	SL1344_1893
NP_459837.1	WP_000287113.1	SL1344_0836
NP_490545.1	WP_000925627.1	SL1344_P1_0052
NP_463394.1	WP_000820693.1	SL1344_4466
NP_462201.3	WP_000105461.1	SL1344_3261
NP_462099.1	WP_000833405.1	SL1344_3158
NP_461897.1	WP_000920845.1	SL1344_2958
NP_460142.1	WP_000197547.1	SL1344_1108
NP_459245.1	WP_000560527.1	SL1344_0241
NP_462780.1	WP_000715944.1	SL1344_3848
NP_462763.1	WP_001251971.1	SL1344_3831
NP_461584.1	WP_001098732.1	SL1344_2613
NP_460949.1	WP_000394196.1	SL1344_1926
NP_460813.1	WP_000354408.1	SL1344_1787
NP_459413.1	WP_000801129.1	SL1344_0412
NP_459105.1	WP_001103147.1	SL1344_0100
NP_463330.1	WP_000002940.1	SL1344_4400
NP_463115.1	WP_000270393.1	SL1344_4186
NP_462453.1	WP_000826041.1	SL1344_3518
NP_462013.1	WP_000017096.1	SL1344_3072
NP_461082.1	WP_001669236.1	SL1344_2114
NP_460367.1	WP_000249606.1	SL1344_1336
NP_460339.1	WP_000729468.1	SL1344_1308
NP_460267.1	WP_000592132.1	SL1344_1236
NP_460145.1	WP_000887043.1	SL1344_1111
NP_460111.1	WP_001264073.1	SL1344_1077
NP_460052.1	WP_001537782.1	SL1344_1018
NP_459494.1	WP_001026760.1	SL1344_0492
NP_459285.1	WP_001596567.1	SL1344_0282
NP_459086.1	WP_000802644.1	SL1344_0082
NP_462709.3	WP_001532742.1	SL1344_3776
NP_462314.1	WP_000008119.1	SL1344_3377
NP_461962.1	WP_000244756.1	SL1344_3022
NP_460930.1	WP_001282115.1	SL1344_1906
NP_460710.1	WP_001287383.1	SL1344_1682
NP_459591.1	WP_000637965.1	SL1344_0587
NP_463136.1	WP_000257347.1	SL1344_4207
NP_463091.1	WP_000982749.1	SL1344_4162
NP_462337.1	WP_000941208.1	SL1344_3400
NP_462070.1	WP_000936444.1	SL1344_3129
NP_461767.1	WP_000003726.1	SL1344_2826
NP_461732.1	WP_001275401.1	SL1344_2791
NP_461563.1	WP_001038966.1	SL1344_0950
NP_460607.1	WP_000725242.1	SL1344_1578
NP_460494.1	WP_000155978.1	SL1344_1463
NP_460331.1	WP_000637930.1	SL1344_1300
NP_460070.1	WP_000833188.1	SL1344_1036
NP_459792.1	WP_000871970.1	SL1344_0790
NP_459608.1	WP_000089748.1	SL1344_0604
NP_463051.1	WP_010989091.1	SL1344_4121
NP_461915.1	WP_001078532.1	SL1344_2976
NP_461816.1	WP_001164066.1	SL1344_2874
NP_461632.1	WP_001287102.1	SL1344_2675
NP_460914.1	WP_000287764.1	SL1344_1890
NP_460398.1	WP_001237787.1	SL1344_1367
NP_459305.1	WP_000788200.1	SL1344_0303
NP_463231.1	WP_000312604.1	SL1344_4303
NP_462368.1	WP_001148919.1	SL1344_3432
NP_462257.1	WP_001519074.1	SL1344_3319
NP_462071.1	WP_000665657.1	SL1344_3130
NP_461841.1	WP_000423344.1	SL1344_2899
NP_460746.1	WP_001262581.1	SL1344_1718
NP_460692.1	WP_000114955.1	SL1344_1664
NP_460146.1	WP_001196448.1	SL1344_1112
NP_459729.1	WP_001046240.1	SL1344_0726
NP_459248.1	WP_001202315.1	SL1344_0245
NP_459016.1	WP_001258094.1	SL1344_0011
NP_462485.1	WP_001190057.1	SL1344_3549
NP_462400.1	WP_000660723.1	SL1344_3464
NP_462392.1	WP_000648136.1	SL1344_3456
NP_462198.1	WP_001040199.1	SL1344_3258
NP_461725.1	WP_001051100.1	SL1344_2783
NP_461546.1	WP_000669690.1	SL1344_2574
NP_461534.1	WP_000033885.1	SL1344_2562
NP_460695.1	WP_000210317.1	SL1344_1667
NP_460358.1	WP_001738217.1	SL1344_1327
NP_460012.1	WP_000196702.1	SL1344_0976
NP_459316.1	WP_000174696.1	SL1344_0315
NP_448047.1	WP_001540100.1	SL1344_1559
NP_463235.1	WP_000547737.1	SL1344_4307
NP_462144.1	WP_000785626.1	SL1344_3202
NP_461950.1	WP_000911336.1	SL1344_3011
NP_461126.1	WP_000045719.1	SL1344_2158
NP_460560.1	WP_000747896.1	SL1344_1531
NP_460014.1	WP_000478859.1	SL1344_0978
NP_459450.1	WP_001194543.1	SL1344_0448
NP_459330.1	WP_000766837.1	SL1344_0330
NP_463252.1	WP_001216673.1	SL1344_4324
NP_463205.1	WP_000208749.1	SL1344_4278
NP_462938.1	WP_000133444.1	SL1344_4006
NP_462178.1	WP_000057285.1	SL1344_3238
NP_461900.1	WP_000203913.1	SL1344_2961
NP_461532.1	WP_000479607.1	SL1344_2560
NP_460861.1	WP_000252975.1	SL1344_1839
NP_460812.1	WP_000422882.1	SL1344_1785
NP_460112.1	WP_000833307.1	SL1344_1078
NP_460095.1	WP_000821066.1	SL1344_1061
NP_459142.1	WP_000736056.1	SL1344_0137
NP_459073.1	WP_000333324.1	SL1344_0069
NP_462330.1	WP_000062611.1	SL1344_3393
NP_462254.1	WP_000829815.1	SL1344_3316
NP_462091.1	WP_000731552.1	SL1344_3150
NP_461800.1	WP_001147852.1	SL1344_2859
NP_461353.1	WP_000826514.1	SL1344_2380
NP_460869.1	WP_001233619.1	SL1344_1847
NP_460475.1	WP_000776348.1	SL1344_1445
NP_462830.1	WP_001125556.1	SL1344_3899
NP_462321.1	WP_001029758.1	SL1344_3384
NP_461970.1	WP_000073211.1	SL1344_3030
NP_461140.1	WP_000876817.1	SL1344_2172
NP_460873.1	WP_000763861.1	SL1344_1851
NP_460730.1	WP_000150667.1	SL1344_1702
NP_460509.1	WP_000194089.1	SL1344_1478
NP_459717.1	WP_000263340.1	SL1344_0714
NP_459462.1	WP_000961284.1	SL1344_0460
NP_459240.1	WP_000901088.1	SL1344_0236
NP_459209.3	WP_001278668.1	SL1344_0205
NP_490574.1	WP_000105164.1	SL1344_P1_0021
NP_463318.1	WP_000047544.1	SL1344_4389
NP_463300.1	WP_001232231.1	SL1344_4369
NP_463263.1	WP_001201297.1	SL1344_4335
NP_462355.1	WP_001268010.1	SL1344_3418
NP_461477.1	WP_000331704.1	SL1344_2504
NP_459739.1	WP_000784380.1	SL1344_0736
NP_459216.1	WP_000272193.1	SL1344_0212
NP_448379.1	WP_000639596.1	SL1344_1896
NP_463016.1	WP_001275691.1	SL1344_4086
NP_462466.1	WP_000778873.1	SL1344_3531
NP_462318.1	WP_001216370.1	SL1344_3381
NP_462141.1	WP_000917516.1	SL1344_3200
NP_461581.1	WP_000627811.1	SL1344_2610
NP_461537.1	WP_000083294.1	SL1344_2565
NP_459830.1	WP_000259651.1	SL1344_0829
NP_459622.1	WP_000939753.1	SL1344_0618
NP_459276.1	WP_000379146.1	SL1344_0273
NP_490560.1	WP_001151546.1	SL1344_P1_0035
NP_462838.1	WP_000356594.1	SL1344_3907
NP_462771.1	WP_000116685.1	SL1344_3839
NP_462045.1	WP_000988938.1	SL1344_3104
NP_461831.1	WP_001070479.1	SL1344_2889
NP_461512.1	WP_000986043.1	SL1344_2539
NP_461373.2	WP_000710730.1	SL1344_2401
NP_460532.3	WP_014343841.1	SL1344_1504
NP_460077.1	WP_001119849.1	SL1344_1043
NP_459185.1	WP_000621526.1	SL1344_0181
NP_461245.1	WP_000538694.1	SL1344_2272
NP_460931.3	WP_000978276.1	SL1344_1907
NP_460381.1	WP_000449089.1	SL1344_1350
NP_459848.1	WP_000680850.1	SL1344_0847
NP_459094.1	WP_000610894.1	SL1344_0090
NP_462352.1	WP_000246815.1	SL1344_3415
NP_462042.1	WP_001147546.1	SL1344_3101
NP_461678.1	WP_000973738.1	SL1344_2735
NP_461562.1	WP_001574095.1	SL1344_0951
NP_461315.1	WP_001051266.1	SL1344_2342
NP_460832.1	WP_000168393.1	SL1344_1809
NP_460382.1	WP_001223304.1	SL1344_1351
NP_460176.1	WP_000589563.1	SL1344_1143
NP_460124.1	WP_000180050.1	SL1344_1090
NP_459469.1	WP_000344807.1	SL1344_0467
NP_459449.1	WP_000680322.1	SL1344_0447
NP_463195.3	WP_000558210.1	SL1344_4268
NP_462475.1	WP_000042853.1	SL1344_3539
NP_462334.1	WP_000613954.1	SL1344_3397
NP_463101.1	WP_000002902.1	SL1344_4173
NP_462459.1	WP_001521773.1	SL1344_3524
NP_462317.1	WP_000266515.1	SL1344_3380
NP_462142.1	WP_000877297.1	SL1344_3201
NP_461317.1	WP_000118256.1	SL1344_2344
NP_461182.1	WP_010989045.1	SL1344_2215
NP_460915.1	WP_000204899.1	SL1344_1891
NP_460378.1	WP_000383702.1	SL1344_1347
NP_460334.1	WP_000418970.1	SL1344_1303
NP_459571.1	WP_000348999.1	SL1344_0567
NP_463021.1	WP_000028882.1	SL1344_4091
NP_462148.1	WP_000384139.1	SL1344_3206
NP_459404.1	WP_000793035.1	SL1344_0404
NP_459126.1	WP_000625651.1	SL1344_0121
NP_490563.1	WP_001273051.1	SL1344_P1_0032
NP_463302.1	WP_000435389.1	SL1344_4371
NP_463071.1	WP_000593182.1	SL1344_4141
NP_462828.1	WP_010989084.1	SL1344_3897
NP_462705.1	WP_001113454.1	SL1344_3772
NP_462589.1	WP_000665687.1	SL1344_3654
NP_462121.3	WP_000355776.1	SL1344_3179
NP_461870.1	WP_000108313.1	SL1344_2928
NP_461755.1	WP_000111553.1	SL1344_2814
NP_461352.1	WP_000472034.1	SL1344_2379
NP_460442.1	WP_000500278.1	SL1344_1412
NP_460086.1	WP_001118902.1	SL1344_1052
NP_460083.1	WP_001537781.1	SL1344_1049
NP_459552.1	WP_000915523.1	SL1344_0549
NP_459165.1	WP_000384308.1	SL1344_0161
NP_463204.1	WP_000609649.1	SL1344_4277
NP_463068.1	WP_001093501.1	SL1344_4138
NP_463007.1	WP_000813834.1	SL1344_4077
NP_462740.1	WP_000239725.1	SL1344_3807
NP_462676.1	WP_001258724.1	SL1344_3743
NP_462111.3	WP_000566825.1	SL1344_3169
NP_461757.1	WP_000255198.1	SL1344_2816
NP_461637.1	WP_000177406.1	SL1344_2679
NP_461538.1	WP_000201486.1	SL1344_2566
NP_461430.1	WP_000132648.1	SL1344_2458
NP_460646.1	WP_000508938.1	SL1344_1618
NP_460486.1	WP_000992449.1	SL1344_1456
NP_460328.1	WP_000980452.1	SL1344_1297
NP_460175.1	WP_001532068.1	SL1344_1142
NP_459344.1	WP_000722978.1	SL1344_0344
NP_490547.1	WP_000369839.1	SL1344_P1_0050
NP_463116.1	WP_000155666.1	SL1344_4187
NP_462506.1	WP_001120249.1	SL1344_3570
NP_462354.1	WP_000820704.1	SL1344_3417
NP_462322.1	WP_000090780.1	SL1344_3385
NP_461876.3	WP_000480218.1	SL1344_2936
NP_461853.3	WP_001537530.1	SL1344_2911
NP_461775.1	WP_000544461.1	SL1344_2834
NP_461675.1	WP_010989065.1	SL1344_2732
NP_461417.1	WP_000631921.1	SL1344_2445
NP_460302.1	WP_000124850.1	SL1344_1270
NP_462996.1	WP_000290522.1	SL1344_4065
NP_462826.1	WP_000752579.1	SL1344_3895
NP_462559.1	WP_000340935.1	SL1344_3624
NP_462328.1	WP_000358956.1	SL1344_3391
NP_460838.1	WP_001042119.1	SL1344_1815
NP_460830.1	WP_000722368.1	SL1344_1807
NP_460725.1	WP_001179794.1	SL1344_1697
NP_490525.1	WP_001541541.1	SL1344_P1_0072
NP_490504.1	WP_001526811.1	SL1344_P1_0093
NP_461727.1	WP_000281305.1	SL1344_2785
NP_461000.1	WP_000441103.1	SL1344_2031
NP_460989.1	WP_000377961.1	SL1344_2020
NP_460882.1	WP_001518146.1	SL1344_1860
NP_463188.1	WP_000887832.1	SL1344_4261
NP_462706.1	WP_000703964.1	SL1344_3773
NP_461823.1	WP_001669174.1	SL1344_2881
NP_461603.1	WP_000065257.1	SL1344_2646
NP_461559.1	WP_000113629.1	SL1344_0954
NP_461540.1	WP_000011260.1	SL1344_2568
NP_460396.1	WP_000108176.1	SL1344_1365
NP_460280.1	WP_000459883.1	SL1344_1249
NP_460243.1	WP_001222527.1	SL1344_1213
NP_459718.1	WP_000254356.1	SL1344_0715
NP_459406.1	WP_000974818.1	SL1344_0406
NP_459172.1	WP_000846613.1	SL1344_0168
NP_463272.1	WP_001219167.1	SL1344_4344
NP_463025.1	WP_010989089.1	SL1344_4095
NP_462651.1	WP_000120776.1	SL1344_3717
NP_461781.1	WP_001117947.1	SL1344_2840
NP_461164.1	WP_001094639.1	SL1344_2197
NP_460778.1	WP_000029550.1	SL1344_1751
NP_460591.1	WP_000281185.1	SL1344_1562
NP_460216.1	WP_000977725.1	SL1344_1185
NP_459883.1	WP_001527046.1	SL1344_1957
NP_459020.1	WP_000026889.1	SL1344_0015
NP_462798.1	WP_000560824.1	SL1344_3867
NP_462059.1	WP_000544945.1	SL1344_3118
NP_461660.1	WP_000963476.1	SL1344_2704
NP_460764.1	WP_000018967.1	SL1344_1736
NP_460491.1	WP_000544773.1	SL1344_1460
NP_460463.1	WP_001066440.1	SL1344_1433
NP_460277.1	WP_001039301.1	SL1344_1246
NP_460063.1	WP_000444724.1	SL1344_1029
NP_459573.1	WP_000155631.1	SL1344_0569
NP_447100.1	WP_001574029.1	SL1344_0637
NP_463301.1	WP_001255103.1	SL1344_4370
NP_463117.1	WP_000146593.1	SL1344_4188
NP_462789.1	WP_000840996.1	SL1344_3859
NP_461728.1	WP_001519557.1	SL1344_2786
NP_461615.1	WP_001203445.1	SL1344_2657
NP_461595.1	WP_000178449.1	SL1344_2624
NP_461531.1	WP_010989052.1	SL1344_2559
NP_461496.1	WP_000717694.1	SL1344_2523
NP_460612.1	WP_000159242.1	SL1344_1583
NP_459458.1	WP_000780341.1	SL1344_0456
NP_463154.1	WP_000056482.1	SL1344_4226
NP_462710.1	WP_001581211.1	SL1344_3777
NP_462491.1	WP_000626193.1	SL1344_3555
NP_461473.1	WP_001124466.1	SL1344_2500
NP_461405.1	WP_001031445.1	SL1344_2433
NP_461244.1	WP_000580685.1	SL1344_2271
NP_461083.1	WP_001542166.1	SL1344_2115
NP_461004.1	WP_000450405.1	SL1344_2035
NP_460890.1	WP_000803229.1	SL1344_1867
NP_460436.1	WP_000524877.1	SL1344_1406
NP_459702.1	WP_010988980.1	SL1344_0698
NP_463382.1	WP_001520547.1	SL1344_4454
NP_463185.1	WP_001165471.1	SL1344_4258
NP_462339.1	WP_000447529.1	SL1344_3402
NP_462209.3	WP_001592995.1	SL1344_3270
NP_462204.1	WP_000272680.1	SL1344_3264
NP_460897.1	WP_001682427.1	SL1344_1874
NP_460769.1	WP_001525604.1	SL1344_1741
NP_460017.1	WP_000978296.1	SL1344_0981
NP_459673.1	WP_000722261.1	SL1344_0670
NP_459401.1	WP_000007628.1	SL1344_0401
NP_459273.3	WP_001526444.1	SL1344_0270
NP_463240.1	WP_000586836.1	SL1344_4312
NP_462960.3	WP_001738619.1	SL1344_4028
NP_462806.1	WP_001280776.1	SL1344_3875
NP_461976.1	WP_001276011.1	SL1344_3036
NP_461886.1	WP_000207016.1	SL1344_2946
NP_461529.1	WP_000447369.1	SL1344_2557
NP_461443.1	WP_001738968.1	SL1344_2469
NP_461387.1	WP_001194344.1	SL1344_2415
NP_461180.1	WP_001120499.1	SL1344_2213
NP_460521.1	WP_001032161.1	SL1344_1492
NP_460443.1	WP_001183821.1	SL1344_1413
NP_460410.1	WP_001132086.1	SL1344_1379
NP_460206.1	WP_000825957.1	SL1344_1174
NP_460058.1	WP_000904446.1	SL1344_1024
NP_460015.1	WP_010989009.1	SL1344_0979
NP_459480.1	WP_000467098.1	SL1344_0478
NP_459436.1	WP_000019878.1	SL1344_0434
NP_448158.1	WP_000425069.1	SL1344_1671
NP_463439.1	WP_000192003.1	SL1344_4510
NP_462427.1	WP_000434523.1	SL1344_3492
NP_462378.1	WP_000084814.1	SL1344_3442
NP_462024.1	WP_001107574.1	SL1344_3083
NP_461824.1	WP_000393302.1	SL1344_2882
NP_461348.1	WP_000490091.1	SL1344_2375
NP_460958.1	WP_000228158.1	SL1344_1987
NP_460895.1	WP_000240837.1	SL1344_1872
NP_460665.1	WP_001285199.1	SL1344_1638
NP_460464.1	WP_000921389.1	SL1344_1434
NP_460362.1	WP_001738219.1	SL1344_1331
NP_460228.1	WP_001183702.1	SL1344_1197
NP_460116.1	WP_000557256.1	SL1344_1082
NP_459946.1	WP_010989001.1	SL1344_0908
NP_490553.1	WP_000015983.1	SL1344_P1_0042
NP_463130.1	WP_000019483.1	SL1344_4201
NP_463024.1	WP_001576436.1	SL1344_4094
NP_462921.1	WP_000527676.1	SL1344_3989
NP_462677.1	WP_001274847.1	SL1344_3744
NP_461588.1	WP_001264473.1	SL1344_2617
NP_461476.1	WP_000028952.1	SL1344_2503
NP_460603.1	WP_000760345.1	SL1344_1574
NP_460009.1	WP_001107908.1	SL1344_0973
NP_459907.1	WP_001160725.1	SL1344_0869
NP_459322.1	WP_001539227.1	SL1344_0322
NP_490562.1	WP_001676655.1	SL1344_P1_0033
NP_463239.1	WP_001518964.1	SL1344_4311
NP_462993.1	WP_000161258.1	SL1344_4062
NP_462829.1	WP_000999930.1	SL1344_3898
NP_461914.1	WP_000019286.1	SL1344_2975
NP_460278.1	WP_000412161.1	SL1344_1247
NP_460117.1	WP_000111254.1	SL1344_1083
NP_460062.1	WP_010989012.1	SL1344_1028
NP_459921.1	WP_000520789.1	SL1344_0883
NP_459861.1	WP_000655399.1	SL1344_0861
NP_463202.1	WP_000118469.1	SL1344_4275
NP_462980.1	WP_000852810.1	SL1344_4048
NP_462797.1	WP_000535852.1	SL1344_3866
NP_462184.3	WP_000928379.1	SL1344_3244
NP_460053.1	WP_000561983.1	SL1344_1019
NP_459998.1	WP_010989004.1	SL1344_0962
NP_459634.1	WP_001161670.1	SL1344_0630
NP_459442.1	WP_000973433.1	SL1344_0440
NP_463253.1	WP_001519453.1	SL1344_4325
NP_463210.1	WP_000074657.1	SL1344_4283
NP_463139.1	WP_000999621.1	SL1344_4210
NP_463081.1	WP_000777266.1	SL1344_4152
NP_462924.1	WP_000619478.1	SL1344_3992
NP_462333.1	WP_000729185.1	SL1344_3396
NP_462095.1	WP_000958587.1	SL1344_3154
NP_461092.1	WP_000837534.1	SL1344_2125
NP_460921.1	WP_000719036.1	SL1344_1897
NP_460644.1	WP_000913428.1	SL1344_1616
NP_460295.1	WP_000916602.1	SL1344_1264
NP_460221.1	WP_000182479.1	SL1344_1190
NP_490564.1	WP_000012129.1	SL1344_P1_0031
NP_462911.1	WP_000558166.1	SL1344_3977
NP_462364.1	WP_000047690.1	SL1344_3428
NP_462345.1	WP_001181005.1	SL1344_3408
NP_462214.1	WP_000271396.1	SL1344_3276
NP_461966.1	WP_001182976.1	SL1344_3026
NP_461852.1	WP_000517480.1	SL1344_2910
NP_461558.1	WP_000065108.1	SL1344_0955
NP_461253.3	WP_001522308.1	SL1344_2280
NP_460242.1	WP_000487126.1	SL1344_1212
NP_459546.1	WP_000226489.1	SL1344_0544
NP_490577.1	WP_010999945.1	SL1344_P1_0018
NP_463222.1	WP_001051875.1	SL1344_4295
NP_460668.1	WP_000876301.1	SL1344_1641
NP_460460.1	WP_000975516.1	SL1344_1430
NP_459373.1	WP_000763139.1	SL1344_0373
NP_459293.1	WP_010988969.1	SL1344_0291
NP_490518.1	WP_001159863.1	SL1344_P1_0079
NP_463245.1	WP_000218358.1	SL1344_4317
NP_462331.3	WP_001118932.1	SL1344_3394
NP_461793.1	WP_000020431.1	SL1344_2852
NP_461654.1	WP_001217569.1	SL1344_2699
NP_460084.1	WP_001284251.1	SL1344_1050
NP_490511.1	WP_000979451.1	SL1344_P1_0086
NP_463388.1	WP_000063142.1	SL1344_4460
NP_463303.1	WP_000975187.1	SL1344_4372
NP_462557.1	WP_000605588.1	SL1344_3622
NP_462342.1	WP_000617546.1	SL1344_3405
NP_461627.1	WP_001280960.1	SL1344_2670
NP_461261.1	WP_000612687.1	SL1344_2288
NP_453693.1	WP_014343939.1	SL1344_4354A
NP_462145.1	WP_000095496.1	SL1344_3203
NP_462005.1	WP_001540882.1	SL1344_3064
NP_461723.1	WP_000137432.1	SL1344_2781
NP_461399.3	WP_001522340.1	SL1344_2427
NP_460945.1	WP_000107430.1	SL1344_1922
NP_460658.1	WP_010989025.1	SL1344_1630
NP_460609.1	WP_001137722.1	SL1344_1580
NP_460495.1	WP_000334904.1	SL1344_1464
NP_460305.1	WP_001229266.1	SL1344_1273
NP_460028.1	WP_010989011.1	SL1344_0994
NP_460010.1	WP_000774239.1	SL1344_0974
NP_459985.1	WP_001668146.1	SL1344_0947
NP_490515.1	WP_001687482.1	SL1344_P1_0082
NP_462295.1	WP_000462905.1	SL1344_3358
NP_462219.1	WP_000188843.1	SL1344_3281
NP_461858.1	WP_001518648.1	SL1344_2916
NP_460697.1	WP_000967605.1	SL1344_1669
NP_459615.1	WP_000700679.1	SL1344_0611
NP_490582.1	WP_001233881.1	SL1344_P1_0013
NP_463193.1	WP_000027827.1	SL1344_4266
NP_463182.1	WP_001110452.1	SL1344_4253
NP_462673.1	WP_000824217.1	SL1344_3739
NP_462218.1	WP_001518349.1	SL1344_3280
NP_460317.1	WP_000093362.1	SL1344_1285
NP_460143.1	WP_000020893.1	SL1344_1109
NP_459680.1	WP_001040938.1	SL1344_0677
NP_459064.1	WP_000691461.1	SL1344_0060
NP_490519.1	WP_001266176.1	SL1344_P1_0078
NP_463062.1	WP_010989092.1	SL1344_4132
NP_462694.1	WP_001171826.1	SL1344_3761
NP_462549.1	WP_000455790.1	SL1344_3614
NP_462018.1	WP_001277201.1	SL1344_3077
NP_461825.1	WP_000855692.1	SL1344_2884
NP_461616.1	WP_001112990.1	SL1344_2658
NP_461400.1	WP_000387716.1	SL1344_2428
NP_461174.1	WP_000884778.1	SL1344_2207
NP_460839.1	WP_000257723.1	SL1344_1816
NP_460291.1	WP_000146127.1	SL1344_1260
NP_459993.1	WP_014343823.1	SL1344_0956
NP_459850.1	WP_001259137.1	SL1344_0849
NP_459087.1	WP_000745961.1	SL1344_0083
NP_463387.1	WP_001131963.1	SL1344_4459
NP_463347.1	WP_001687450.1	SL1344_4417
NP_463179.3	WP_001269916.1	SL1344_4250
NP_463083.1	WP_001226442.1	SL1344_4154
NP_462682.1	WP_000041396.1	SL1344_3749
NP_462553.1	WP_000965886.1	SL1344_3618
NP_462353.1	WP_000903400.1	SL1344_3416
NP_462231.1	WP_001176589.1	SL1344_3293
NP_462216.1	WP_000444168.1	SL1344_3278
NP_462066.1	WP_001059119.1	SL1344_3125
NP_460795.1	WP_001000660.1	SL1344_1768
NP_459083.1	WP_000203736.1	SL1344_0079
NP_490493.1	WP_000477658.1	SL1344_P1_0104
NP_463311.1	WP_000220578.1	SL1344_4380
NP_462172.1	WP_000824294.1	SL1344_3232
NP_461676.1	WP_000749979.1	SL1344_2733
NP_461641.1	WP_223151184.1	SL1344_2683
NP_461570.1	WP_001670787.1	SL1344_2599
NP_461332.1	WP_000030904.1	SL1344_2359
NP_461168.1	WP_000494192.1	SL1344_2201
NP_460983.1	WP_001183618.1	SL1344_2014
NP_460510.1	WP_000221343.1	SL1344_1479
NP_460445.3	WP_000756314.1	SL1344_1415
NP_459957.1	WP_000167332.1	SL1344_0919
NP_459386.1	WP_000941952.1	SL1344_0386
NP_459160.1	WP_000765363.1	SL1344_0155
NP_463128.1	WP_000719058.1	SL1344_4199
NP_462801.1	WP_001096806.1	SL1344_3870
NP_461097.1	WP_000760404.1	SL1344_2130
NP_460967.1	WP_000753212.1	SL1344_1998
NP_460572.1	WP_000976132.1	SL1344_1543
NP_460057.1	WP_000072884.1	SL1344_1023
NP_459728.1	WP_000875305.1	SL1344_0725
NP_462340.1	WP_001138115.1	SL1344_3403
NP_460738.1	WP_000823878.1	SL1344_1710
NP_460258.1	WP_001046864.1	SL1344_1227
NP_463250.1	WP_001521305.1	SL1344_4322
NP_462641.1	WP_000135058.1	SL1344_3707
NP_462419.1	WP_001526148.1	SL1344_3483
NP_462027.1	WP_000091706.1	SL1344_3086
NP_461322.1	WP_000559749.1	SL1344_2349
NP_460994.1	WP_000549824.1	SL1344_2025
NP_460990.1	WP_001057755.1	SL1344_2021
NP_460587.1	WP_001120770.1	SL1344_1558
NP_460266.1	WP_001254681.1	SL1344_1235
NP_459361.1	WP_000848026.1	SL1344_0361
NP_463267.3	WP_000689229.1	SL1344_4339
NP_463059.1	WP_001207628.1	SL1344_4129
NP_463039.1	WP_001044509.1	SL1344_4109
NP_462474.3	WP_000906757.1	SL1344_3538
NP_462273.1	WP_001103887.1	SL1344_3335
NP_462234.1	WP_000216797.1	SL1344_3296
NP_461940.1	WP_000019953.1	SL1344_3001
NP_461777.1	WP_000334871.1	SL1344_2836
NP_461285.1	WP_000699818.1	SL1344_2312
NP_460217.1	WP_000480529.1	SL1344_1186
NP_459447.1	WP_254888479.1	SL1344_0445
NP_459329.1	WP_001675688.1	SL1344_0329
NP_463177.1	WP_010989096.1	SL1344_4248
NP_462875.1	WP_000649858.1	SL1344_3943
NP_462678.1	WP_000621026.1	SL1344_3745
NP_462196.1	WP_000059465.1	SL1344_3256
NP_460933.1	WP_000187355.1	SL1344_1909
NP_490495.1	WP_000078115.1	SL1344_P1_0102
NP_463167.1	WP_010989095.1	SL1344_4239
NP_462952.1	WP_001173080.1	SL1344_4020
NP_462272.1	WP_000853277.1	SL1344_3334
NP_461963.1	WP_000351186.1	SL1344_3023
NP_460772.1	WP_001185666.1	SL1344_1744
NP_460385.1	WP_000999982.1	SL1344_1354
NP_459802.1	WP_000146330.1	SL1344_0800
NP_459378.3	WP_001518423.1	SL1344_0378
NP_462271.1	WP_000695693.1	SL1344_3333
NP_461203.1	WP_001260058.1	SL1344_2230
NP_460214.1	WP_001535993.1	SL1344_1183
NP_459849.1	WP_000495513.1	SL1344_0848
NP_459628.1	WP_000850547.1	SL1344_0624
NP_459048.1	WP_001518655.1	SL1344_0044
NP_462793.3	WP_000983260.1	SL1344_3862
NP_462420.1	WP_000729713.1	SL1344_3484
NP_461810.1	WP_000342503.1	SL1344_2868
NP_461511.1	WP_001196290.1	SL1344_2538
NP_459986.1	WP_014344008.1	SL1344_0949
NP_459801.1	WP_000849089.1	SL1344_0799
NP_459464.1	WP_000801415.1	SL1344_0462
NP_459242.1	WP_000062330.1	SL1344_0238
NP_463360.1	WP_001054380.1	SL1344_4431
NP_462741.1	WP_001307474.1	SL1344_3808
NP_462304.1	WP_001070571.1	SL1344_3367
NP_462213.1	WP_000940593.1	SL1344_3275
NP_461366.1	WP_000487600.1	SL1344_2394
NP_461246.1	WP_000455132.1	SL1344_2273
NP_460184.1	WP_000800159.1	SL1344_1151
NP_462913.3	WP_000362050.1	SL1344_3980
NP_462858.1	WP_000508972.1	SL1344_3927
NP_462335.1	WP_000130101.1	SL1344_3398
NP_462263.1	WP_000180114.1	SL1344_3325
NP_461221.1	WP_000533921.1	SL1344_2248
NP_460753.1	WP_000511323.1	SL1344_1725
NP_460631.3	WP_001168019.1	SL1344_1603
NP_460621.1	WP_000605645.1	SL1344_1593
NP_460132.3	WP_000414441.1	SL1344_1098
NP_462602.1	WP_001273795.1	SL1344_3668
NP_460674.1	WP_000548616.1	SL1344_1647
NP_460241.1	WP_000673492.1	SL1344_1211
NP_459783.3	WP_000598596.1	SL1344_0781
NP_462058.1	WP_000334887.1	SL1344_3117
NP_461802.1	WP_001055577.1	SL1344_2860
NP_461606.1	WP_000256453.1	SL1344_2649
NP_461316.1	WP_000433423.1	SL1344_2343
NP_460511.1	WP_000885424.1	SL1344_1480
NP_460373.1	WP_001574409.1	SL1344_1342
NP_460240.1	WP_000512149.1	SL1344_1210
NP_460233.1	WP_000208089.1	SL1344_1202
NP_459981.1	WP_000065276.1	SL1344_0943
NP_459574.1	WP_000682497.1	SL1344_0570
NP_446753.1	WP_001738030.1	SL1344_0292
NP_490569.1	WP_010999944.1	SL1344_P1_0026
NP_462479.1	WP_001541054.1	SL1344_3543
NP_461731.1	WP_000028870.1	SL1344_2790
NP_461130.1	WP_000605187.1	SL1344_2162
NP_460939.3	WP_000232161.1	SL1344_1916
NP_460133.1	WP_001217763.1	SL1344_1099
NP_459746.1	WP_001089088.1	SL1344_0743
NP_490555.1	WP_000131520.1	SL1344_P1_0040
NP_463310.1	WP_000212724.1	SL1344_4379
NP_463109.1	WP_000891414.1	SL1344_4180
NP_462291.1	WP_000340018.1	SL1344_3354
NP_461794.1	WP_000235228.1	SL1344_2853
NP_461341.1	WP_000639889.1	SL1344_2368
NP_460361.1	WP_000210202.1	SL1344_1330
NP_460285.1	WP_000977510.1	SL1344_1254
NP_459419.1	WP_001124944.1	SL1344_0418
NP_462969.1	WP_000051370.1	SL1344_4037
NP_462769.1	WP_000429386.1	SL1344_3837
NP_461664.1	WP_000102529.1	SL1344_2707
NP_461569.1	WP_001237031.1	SL1344_2598
NP_461369.1	WP_000844541.1	SL1344_2397
NP_460892.1	WP_000377238.1	SL1344_1869
NP_460807.1	WP_024131108.1	SL1344_1780
NP_460797.1	WP_001236777.1	SL1344_1770
NP_460401.1	WP_001519323.1	SL1344_1370
NP_460341.1	WP_001082332.1	SL1344_1310
NP_460211.1	WP_000497451.1	SL1344_1180
NP_459061.1	WP_001001154.1	SL1344_0057
NP_463411.1	WP_000941876.1	SL1344_4483
NP_462628.1	WP_001519051.1	SL1344_3694
NP_462410.1	WP_000157589.1	SL1344_3474
NP_461844.1	WP_000562964.1	SL1344_2902
NP_460406.1	WP_000649755.1	SL1344_1375
NP_460342.1	WP_001082307.1	SL1344_1311
NP_460166.1	WP_000103754.1	SL1344_1133
NP_459557.1	WP_000922170.1	SL1344_0553
NP_461556.1	WP_001217665.1	SL1344_0957
NP_460919.1	WP_000790504.1	SL1344_1895
NP_460551.1	WP_000018720.1	SL1344_1523
NP_461410.1	WP_000700635.1	SL1344_2438
NP_460833.1	WP_000856224.1	SL1344_1810
NP_460726.1	WP_001146392.1	SL1344_1698
NP_460562.1	WP_000956438.1	SL1344_1533
NP_459085.1	WP_001172089.1	SL1344_0081
NP_448018.1	WP_001597849.1	SL1344_1530A
NP_463254.2	WP_000135199.1	SL1344_4326
NP_462460.1	WP_001520924.1	SL1344_3525
NP_462408.1	WP_001160955.1	SL1344_3472
NP_461951.1	WP_000557549.1	SL1344_3012
NP_461902.1	WP_000750393.1	SL1344_2963
NP_461658.1	WP_000785514.1	SL1344_2703
NP_461521.1	WP_014344379.1	SL1344_2549
NP_461361.3	WP_001519708.1	SL1344_2389
NP_461171.1	WP_001135904.1	SL1344_2204
NP_460936.1	WP_000844798.1	SL1344_1913
NP_460372.1	WP_000444713.1	SL1344_1341
NP_460332.1	WP_001537749.1	SL1344_1301
NP_460123.1	WP_001217832.1	SL1344_1089
NP_460091.1	WP_001143125.1	SL1344_1057
NP_462813.1	WP_223151143.1	SL1344_3882
NP_460902.1	WP_000106483.1	SL1344_1878
NP_460647.1	WP_001274953.1	SL1344_1619
NP_459357.3	WP_229025371.1	SL1344_0357
NP_459343.1	WP_000737127.1	SL1344_0343
NP_490571.1	WP_001278699.1	SL1344_P1_0024
NP_490549.1	WP_001109588.1	SL1344_P1_0048
NP_463181.1	WP_001576552.1	SL1344_4252
NP_462302.1	WP_000825645.1	SL1344_3365
NP_461453.1	WP_000406466.1	SL1344_2480
NP_460544.1	WP_000732362.1	SL1344_1516
NP_459920.1	WP_000447499.1	SL1344_0882
NP_490517.1	WP_000813641.1	SL1344_P1_0080
NP_462358.1	WP_001152701.1	SL1344_3421
NP_461924.1	WP_000758662.1	SL1344_2985
NP_461622.1	WP_000980498.1	SL1344_2665
NP_460664.1	WP_000481166.1	SL1344_1637
NP_460645.1	WP_001097607.1	SL1344_1617
NP_459929.1	WP_001040187.1	SL1344_0891
NP_459579.1	WP_000396006.1	SL1344_0575
NP_459468.1	WP_001280991.1	SL1344_0466
NP_459243.1	WP_001518678.1	SL1344_0239
NP_490580.1	WP_000700023.1	SL1344_P1_0015
NP_463178.1	WP_001595136.1	SL1344_4249
NP_462124.1	WP_001144069.1	SL1344_3183
NP_461671.1	WP_000701821.1	SL1344_2728
NP_461644.1	WP_000171565.1	SL1344_2687
NP_460523.1	WP_000495700.1	SL1344_1494
NP_460478.1	WP_000783049.1	SL1344_1448
NP_460424.3	WP_000217946.1	SL1344_1393
NP_460371.1	WP_000350226.1	SL1344_1340
NP_459374.1	WP_001239243.1	SL1344_0374
NP_459303.1	WP_001575654.1	SL1344_0301
NP_459049.1	WP_001575565.1	SL1344_0045
NP_490505.1	WP_000004313.1	SL1344_P1_0092
NP_463105.1	WP_001030592.1	SL1344_4176
NP_462977.1	WP_000715284.1	SL1344_4045
NP_462716.1	WP_000074110.1	SL1344_3782A
NP_462550.1	WP_000014594.1	SL1344_3615
NP_460947.1	WP_000208509.1	SL1344_1924
NP_460353.1	WP_000165779.1	SL1344_1322
NP_460213.1	WP_001537306.1	SL1344_1182
NP_459536.1	WP_000190278.1	SL1344_0534
NP_463074.1	WP_001269716.1	SL1344_4144
NP_462588.1	WP_001062558.1	SL1344_3653
NP_462112.1	WP_000928927.1	SL1344_3170
NP_460793.1	WP_001062678.1	SL1344_1766
NP_459621.1	WP_000034826.1	SL1344_0617
NP_463251.1	WP_001541376.1	SL1344_4323
NP_459693.1	WP_000401437.1	SL1344_0689
NP_447756.1	WP_011233063.1	SL1344_1330A
NP_463390.1	WP_000460616.1	SL1344_4462
NP_462831.1	WP_000799903.1	SL1344_3900
NP_462522.1	WP_000282616.1	SL1344_3586
NP_462276.1	WP_000051840.1	SL1344_3338
NP_461645.1	WP_000868182.1	SL1344_2688
NP_461543.1	WP_000201415.1	SL1344_2571
NP_461187.1	WP_001653202.1	SL1344_2220
NP_460469.1	WP_000989267.1	SL1344_1439
NP_459624.1	WP_000503938.1	SL1344_0620
NP_463030.1	WP_001166831.1	SL1344_4100
NP_462360.1	WP_001007735.1	SL1344_3423
NP_461472.1	WP_000523621.1	SL1344_2499
NP_461419.1	WP_000383839.1	SL1344_2447
NP_460822.1	WP_010989029.1	SL1344_1799
NP_463079.1	WP_000875314.1	SL1344_4150
NP_460301.1	WP_001124225.1	SL1344_1269
NP_459593.1	WP_000460619.1	SL1344_0589
NP_446754.1	WP_001224073.1	SL1344_0293
NP_462348.1	WP_000289082.1	SL1344_3411
NP_459350.1	WP_001159470.1	SL1344_0350
NP_462524.1	WP_000988321.1	SL1344_3588
NP_462336.1	WP_000644742.1	SL1344_3399
NP_461441.1	WP_000075924.1	SL1344_2468
NP_460808.1	WP_000457836.1	SL1344_1781
NP_460604.1	WP_000784063.1	SL1344_1575
NP_460312.1	WP_000089115.1	SL1344_1280
NP_460030.1	WP_000497441.1	SL1344_0996
NP_459384.1	WP_001143163.1	SL1344_0384
NP_459143.1	WP_001286419.1	SL1344_0138
NP_463027.1	WP_001526923.1	SL1344_4097
NP_461655.1	WP_001154443.1	SL1344_2700
NP_461747.1	WP_000906486.1	SL1344_2806
NP_460473.1	WP_000807642.1	SL1344_1443
NP_460238.1	WP_000513733.1	SL1344_1207
NP_459962.1	WP_000350061.1	SL1344_0924
NP_462326.1	WP_001140434.1	SL1344_3389
NP_460779.1	WP_000457328.1	SL1344_1752
NP_460657.1	WP_010989024.1	SL1344_1629
NP_463199.3	WP_000977687.1	SL1344_4272
NP_461230.1	WP_001112763.1	SL1344_2257
NP_463014.1	WP_001541267.1	SL1344_4084
NP_460765.1	WP_001083582.1	SL1344_1737
NP_460161.1	WP_000290727.1	SL1344_1128
NP_462383.1	WP_000472323.1	SL1344_3447
NP_460065.1	WP_001111006.1	SL1344_1031
NP_462627.1	WP_001051798.1	SL1344_3693
NP_462374.1	WP_001521109.1	SL1344_3438
NP_460824.1	WP_000789530.1	SL1344_1802
NP_460093.1	WP_001273663.1	SL1344_1059
NP_460040.1	WP_001537784.1	SL1344_1006
NP_459475.1	WP_000051161.1	SL1344_0473
NP_463380.1	WP_000397917.1	SL1344_4452
NP_462297.1	WP_000620015.1	SL1344_3360
NP_462151.1	WP_000039324.1	SL1344_3209
NP_460810.1	WP_001134856.1	SL1344_1783
NP_461722.1	WP_000508175.1	SL1344_2780
NP_461565.1	WP_000917564.1	SL1344_0948
NP_460819.1	WP_000480735.1	SL1344_1794
NP_461271.1	WP_001522276.1	SL1344_2298
NP_460234.1	WP_000908464.1	SL1344_1203
NP_459759.1	WP_000891513.1	SL1344_0757
NP_463200.1	WP_000239598.1	SL1344_4273
NP_463379.1	WP_001595639.1	SL1344_4451
NP_460796.1	WP_000714547.1	SL1344_1769
NP_460794.1	WP_001537930.1	SL1344_1767
NP_460524.1	WP_000841559.1	SL1344_1495
NP_463455.1	WP_001541509.1	SL1344_4526
NP_462739.1	WP_000831330.1	SL1344_3806
NP_461553.1	WP_000801757.1	SL1344_2580
NP_459465.1	WP_001197749.1	SL1344_0463
NP_460766.1	WP_001519337.1	SL1344_1738
NP_459712.1	WP_001519950.1	SL1344_0709
NP_462003.1	WP_000729109.1	SL1344_3063
NP_459700.1	WP_001521652.1	SL1344_0696
NP_459999.1	WP_001534733.1	SL1344_0963
NP_461154.1	WP_001519564.1	SL1344_2186
NP_461626.1	WP_000763316.1	SL1344_2669
NP_462323.1	WP_000868187.1	SL1344_3386
NP_460130.1	WP_001253282.1	SL1344_1096
NP_459727.1	WP_000270278.1	SL1344_0724
NP_447525.1	WP_000174813.1	SL1344_1032
NP_461106.1	WP_001261696.1	SL1344_2139
NP_463321.1	WP_000249504.1	SL1344_4392
NP_463056.1	WP_001541281.1	SL1344_4126
NP_459354.1	WP_000934834.1	SL1344_0354
NP_462696.1	WP_001541152.1	SL1344_3763
NP_460750.1	WP_000270301.1	SL1344_1722
NP_459692.1	WP_001670793.1	SL1344_0688A
NP_459119.1	WP_001575587.1	SL1344_0114
NP_490497.1	WP_001541552.1	SL1344_P1_0100
NP_459006.1	WP_001575544.1	SL1344_0001
