WP_000527217.1	NP_463126.1	100	5559	0.0	10701
WP_071822085.1	NP_461448.1	99.8	2039	0.0	3544
WP_014344416.1	NP_462381.1	99.3	1964	0.0	2749
WP_000375791.1	NP_461450.1	99.9	1865	0.0	3720
WP_000986921.1	NP_490592.1	100	1752	0.0	3312
WP_000681859.1	NP_461467.1	99.9	1644	0.0	3237
WP_000572724.1	NP_459969.1	100	1488	0.0	2731
WP_000965023.1	NP_462240.1	100	1486	0.0	2955
WP_001079584.1	NP_462591.1	100	1461	0.0	1869
WP_000653965.1	NP_463023.1	100	1407	0.0	2724
WP_001526798.1	NP_459936.1	98.8	1361	0.0	2283
WP_000263106.1	NP_463022.1	100	1342	0.0	2625
WP_000537528.1	NP_447555.1	100	1320	0.0	2565
WP_000139702.1	NP_460600.3	99.9	1300	0.0	2561
WP_000970045.1	NP_461500.1	100	1295	0.0	2593
WP_000194140.1	NP_459580.1	99.9	1294	0.0	2569
WP_001168956.1	NP_459283.1	99.9	1289	0.0	2514
WP_001253500.1	NP_462279.1	100	1266	0.0	2550
WP_000060815.1	NP_463271.1	100	1259	0.0	2465
WP_000032881.1	NP_460720.1	100	1247	0.0	2602
WP_000040398.1	NP_460536.1	100	1246	0.0	2611
WP_000095958.1	NP_463053.3	99.9	1227	0.0	2427
WP_001095590.1	NP_463354.1	99.9	1225	0.0	2449
WP_001111809.1	NP_461701.1	100	1217	0.0	2302
WP_001019652.1	NP_463355.1	100	1213	0.0	2334
WP_000272655.1	NP_459289.1	87.3	1364	0.0	2145
WP_001000527.1	NP_461911.1	100	1181	0.0	2336
WP_001225192.1	NP_462517.1	99.9	1180	0.0	2149
WP_001193265.1	NP_460610.1	100	1174	0.0	2335
WP_000342544.1	NP_463348.1	100	1171	0.0	2321
WP_001043484.1	NP_463385.1	99.9	1169	0.0	2273
WP_001294825.1	NP_459236.1	99.9	1160	0.0	2303
WP_001114323.1	NP_460186.1	100	1148	0.0	2257
WP_000946827.1	NP_461913.2	100	1123	0.0	2270
WP_000514917.1	NP_461525.2	100	1120	0.0	2193
WP_000178249.1	NP_459473.1	100	1120	0.0	2079
WP_001236755.1	NP_463211.1	100	1108	0.0	1935
WP_001126305.1	NP_459072.1	100	1075	0.0	2093
WP_000827470.1	NP_460156.1	100	1067	0.0	1855
WP_000394219.1	NP_461567.1	72.4	1067	0.0	1299
WP_000673160.1	NP_459346.1	100	1055	0.0	1984
WP_001132508.1	NP_459470.1	100	1049	0.0	1981
WP_001526312.1	NP_459390.1	100	1046	0.0	1865
WP_001197805.1	NP_461072.1	100	1040	0.0	1904
WP_001273286.1	NP_462301.1	100	1037	0.0	1943
WP_001263078.1	NP_461416.1	100	1037	0.0	1965
WP_000372065.1	NP_461530.1	99.3	1031	0.0	1780
WP_001210077.1	NP_461073.1	100	1026	0.0	1912
WP_000002375.1	NP_460348.1	100	1020	0.0	2071
WP_000612921.1	NP_460330.1	100	1018	0.0	2047
WP_010989087.1	NP_462917.1	100	1016	0.0	2101
WP_010989019.1	NP_460529.1	100	1015	0.0	2093
WP_000155792.1	NP_459024.1	100	998	0.0	1978
WP_000042954.1	NP_461068.1	100	996	0.0	1924
WP_010989010.1	NP_460016.1	100	995	0.0	1732
WP_000960833.1	NP_460553.1	100	993	0.0	2011
WP_001651666.1	NP_459353.3	100	990	0.0	1944
WP_000556518.1	NP_459368.1	100	978	0.0	1897
WP_001116976.1	NP_459101.1	100	968	0.0	1906
WP_001138254.1	NP_461912.1	100	962	0.0	1900
WP_000017133.1	NP_461567.1	99.9	961	0.0	1784
WP_000194975.1	NP_461969.1	100	957	0.0	1894
WP_001143053.1	NP_462656.1	100	955	0.0	1645
WP_000416329.1	NP_463335.1	100	951	0.0	1895
WP_000876078.1	NP_461213.1	100	948	0.0	1846
WP_000188309.1	NP_462116.1	100	947	0.0	1882
WP_001737973.1	NP_459051.1	99.9	944	0.0	1934
WP_000357724.1	NP_463119.1	100	941	0.0	1873
WP_001007087.1	NP_490585.1	99.5	940	0.0	1730
WP_001282764.1	NP_461625.1	99.8	935	0.0	1558
WP_001181501.1	NP_459721.1	100	933	0.0	1890
WP_001252662.1	NP_462672.1	99.9	932	0.0	1819
WP_000249972.1	NP_462879.1	100	928	0.0	1812
WP_001224211.1	NP_463393.1	100	921	0.0	1816
WP_001050769.1	NP_460357.1	100	920	0.0	1797
WP_000186400.1	NP_461879.1	100	918	0.0	1782
WP_000202926.1	NP_462487.3	99.8	896	0.0	1723
WP_000106953.1	NP_462726.1	100	911	0.0	1712
WP_001031461.1	NP_459563.1	99.9	909	0.0	1774
WP_001518099.1	NP_461265.3	100	908	0.0	1835
WP_000131288.1	NP_462662.1	100	908	0.0	1717
WP_001738655.1	NP_463316.1	100	902	0.0	1767
WP_000907029.1	NP_462418.1	100	901	0.0	1778
WP_000905756.1	NP_459141.1	100	901	0.0	1739
WP_000997487.1	NP_459688.1	100	894	0.0	1745
WP_000301678.1	NP_460708.1	100	892	0.0	1728
WP_000133064.1	NP_462199.1	100	892	0.0	1496
WP_000099475.1	NP_460671.1	100	891	0.0	1784
WP_001094519.1	NP_459219.1	100	890	0.0	1782
WP_000083201.1	NP_461211.1	100	889	0.0	1717
WP_000029738.1	NP_461865.1	100	887	0.0	1797
WP_000003852.1	NP_459157.1	100	887	0.0	1792
WP_000082639.1	NP_461586.1	100	886	0.0	1739
WP_000951687.1	NP_459201.1	100	885	0.0	1785
WP_001005548.1	NP_462999.1	100	883	0.0	1751
WP_000793310.1	NP_490573.1	100	882	0.0	1762
WP_000449778.1	NP_459269.1	100	879	0.0	1693
WP_001281271.1	NP_461214.1	100	878	0.0	1643
WP_000677012.1	NP_460605.1	100	878	0.0	1772
WP_001535256.1	NP_460805.1	100	877	0.0	1707
WP_000047224.1	NP_461748.1	100	876	0.0	1696
WP_001275340.1	NP_462520.1	100	874	0.0	1773
WP_001245854.1	NP_459028.1	100	873	0.0	1742
WP_000754233.1	NP_459541.1	100	870	0.0	1757
WP_000193784.1	NP_460031.1	100	870	0.0	1747
WP_001738657.1	NP_463351.1	100	865	0.0	1733
WP_000888962.1	NP_459163.1	100	865	0.0	1723
WP_000513593.1	NP_460673.1	100	865	0.0	1729
WP_001157918.1	NP_459640.1	100	860	0.0	1750
WP_001235094.1	NP_461591.1	100	857	0.0	1619
WP_001005807.1	NP_461830.1	100	855	0.0	1663
WP_000075343.1	NP_459333.1	99.6	855	0.0	1711
WP_000790665.1	NP_462722.1	100	850	0.0	1756
WP_000673808.1	NP_462396.3	100	849	0.0	1686
WP_001231776.1	NP_459180.1	100	848	0.0	1662
WP_000281718.1	NP_462825.1	100	848	0.0	1737
WP_001044610.1	NP_460122.1	100	847	0.0	1702
WP_000049249.1	NP_462377.1	100	847	0.0	1703
WP_001160706.1	NP_463449.1	99.9	845	0.0	1680
WP_000613145.1	NP_460518.1	100	842	0.0	1682
WP_000220312.1	NP_462539.1	100	842	0.0	1677
WP_000918127.1	NP_459195.1	100	840	0.0	1598
WP_000669634.1	NP_459299.1	100	836	0.0	1698
WP_001128495.1	NP_462991.1	100	833	0.0	1633
WP_000083899.1	NP_459493.1	100	833	0.0	1565
WP_000945364.1	NP_461094.1	100	829	0.0	1679
WP_000705483.1	NP_461945.1	99.9	829	0.0	1636
WP_000778097.1	NP_461202.1	100	828	0.0	1707
WP_001264681.1	NP_459007.1	100	820	0.0	1590
WP_000993428.1	NP_462435.1	100	815	0.0	1644
WP_000973041.1	NP_459307.1	100	814	0.0	1608
WP_000850250.1	NP_459940.1	100	814	0.0	1672
WP_001117602.1	NP_460459.1	99.9	812	0.0	1663
WP_000076357.1	NP_463229.1	100	812	0.0	1564
WP_000705294.1	NP_460458.1	100	811	0.0	1655
WP_000192673.1	NP_459820.1	100	810	0.0	1632
WP_000110806.1	NP_462982.1	100	810	0.0	1595
WP_001738008.1	NP_459194.1	99.9	809	0.0	1556
WP_000403482.1	NP_463170.3	99.9	783	0.0	1596
WP_000017359.1	NP_463100.1	99.9	806	0.0	1583
WP_001240935.1	NP_459229.1	100	804	0.0	1628
WP_000561776.1	NP_459503.1	100	804	0.0	1511
WP_000072047.1	NP_462735.1	100	804	0.0	1588
WP_000876250.1	NP_463428.1	100	802	0.0	1589
WP_000007893.1	NP_490509.1	100	802	0.0	1558
WP_000082246.1	NP_462417.1	100	797	0.0	1615
WP_000829731.1	NP_459174.1	100	796	0.0	1570
WP_000672400.1	NP_460304.1	99.9	795	0.0	1569
WP_001521637.1	NP_461465.1	100	792	0.0	1600
WP_000069340.1	NP_460315.1	100	792	0.0	1556
WP_014344380.1	NP_461524.1	99.6	790	0.0	1012
WP_001115840.1	NP_461184.1	100	788	0.0	1120
WP_000746126.1	NP_459098.1	99.9	786	0.0	1612
WP_001262500.1	NP_463076.1	99.9	784	0.0	1352
WP_001067723.1	NP_459446.1	100	784	0.0	1503
WP_000035723.1	NP_459102.1	100	783	0.0	1603
WP_000703998.1	NP_461011.1	100	782	0.0	1493
WP_000809815.1	NP_462238.1	99.9	778	0.0	1422
WP_000148453.1	NP_462545.1	100	777	0.0	1625
WP_000980662.1	NP_462407.3	100	775	0.0	1479
WP_000736973.1	NP_462409.1	100	772	0.0	1485
WP_000702987.1	NP_462649.1	100	772	0.0	1635
WP_001014757.1	NP_461466.1	100	771	0.0	1573
WP_000823813.1	NP_462519.1	100	766	0.0	1507
WP_000871560.1	NP_461111.1	100	765	0.0	1503
WP_000482001.1	NP_459778.1	100	765	0.0	1045
WP_000149714.1	NP_462994.1	100	765	0.0	1512
WP_000867323.1	NP_462155.1	100	764	0.0	1521
WP_001292726.1	NP_463400.3	99.9	750	0.0	1522
WP_000083318.1	NP_459348.1	100	762	0.0	1416
WP_001076487.1	NP_461219.1	100	761	0.0	1429
WP_001292799.1	NP_459948.1	100	760	0.0	1515
WP_000344297.1	NP_461407.1	100	759	0.0	1462
WP_000064328.1	NP_459603.1	100	759	0.0	1566
WP_000934063.1	NP_459922.1	100	758	0.0	1462
WP_000028228.1	NP_461010.1	100	758	0.0	1517
WP_001542850.1	NP_463161.1	99.9	755	0.0	1554
WP_000705784.1	NP_459958.1	100	754	0.0	1501
WP_000154192.1	NP_462850.1	100	754	0.0	1527
WP_001281908.1	NP_462089.1	100	752	0.0	1463
WP_001034955.1	NP_459577.1	99.9	751	0.0	1519
WP_000019119.1	NP_460284.1	100	750	0.0	1524
WP_000957887.1	NP_461920.1	100	748	0.0	1413
WP_000963438.1	NP_461763.1	100	746	0.0	1437
WP_000226838.1	NP_461877.1	100	744	0.0	1491
WP_001267705.1	NP_459804.1	100	740	0.0	1411
WP_000551709.1	NP_463146.1	100	740	0.0	1471
WP_000773647.1	NP_461438.1	100	737	0.0	1462
WP_001144682.1	NP_460024.1	88.8	812	0.0	1034
WP_000915668.1	NP_460420.1	100	557	0.0	1050
WP_001292402.1	NP_459686.1	100	732	0.0	1499
WP_000109379.1	NP_462976.1	100	732	0.0	1475
WP_000106641.1	NP_462477.1	100	732	0.0	1341
WP_000252220.1	NP_461452.1	100	730	0.0	1454
WP_001112946.1	NP_461351.1	100	729	0.0	1422
WP_000965998.1	NP_462868.1	100	729	0.0	1442
WP_000113220.1	NP_459196.1	100	729	0.0	1452
WP_000011535.1	NP_459287.1	99.9	729	0.0	1342
WP_000098543.1	NP_462439.1	100	728	0.0	1561
WP_000196159.1	NP_461620.1	100	726	0.0	1371
WP_000108103.1	NP_462987.1	100	726	0.0	1458
WP_001521281.1	NP_461704.3	99.9	724	0.0	1439
WP_000008410.1	NP_460174.1	100	724	0.0	1473
WP_001274458.1	NP_462083.1	100	723	0.0	1494
WP_000383441.1	NP_462836.1	100	720	0.0	1432
WP_000009318.1	NP_490588.1	95.6	747	0.0	1350
WP_000896102.1	NP_461927.1	100	719	0.0	1429
WP_000136405.1	NP_461061.1	100	719	0.0	1360
WP_000950880.1	NP_460047.1	100	717	0.0	1399
WP_000379927.1	NP_463391.1	100	716	0.0	1407
WP_011233236.1	NP_463150.1	99.9	715	0.0	1448
WP_000214154.1	NP_461330.1	100	715	0.0	1382
WP_001218630.1	NP_459799.1	100	714	0.0	1407
WP_001100652.1	NP_461494.1	100	714	0.0	1455
WP_000246625.1	NP_461733.1	99.9	714	0.0	1423
WP_000165648.1	NP_460554.1	100	714	0.0	1417
WP_000086692.1	NP_461280.1	100	714	0.0	1362
WP_001021054.1	NP_459239.1	100	713	0.0	1466
WP_000989241.1	NP_460006.1	100	712	0.0	1456
WP_000187818.1	NP_463313.1	100	712	0.0	1450
WP_001670767.1	NP_462195.1	100	711	0.0	1342
WP_000839739.1	NP_462030.1	99.9	711	0.0	1449
WP_000104094.1	NP_462398.1	100	710	0.0	1402
WP_000692042.1	NP_460546.1	100	706	0.0	1418
WP_000124693.1	NP_462350.1	100	704	0.0	1390
WP_000434242.1	NP_461079.1	99.9	703	0.0	1474
WP_000280481.1	NP_462642.1	100	703	0.0	1370
WP_001127725.1	NP_459359.1	99.9	702	0.0	1404
WP_001086485.1	NP_460035.1	100	702	0.0	1413
WP_001043109.1	NP_459592.1	99.9	701	0.0	1333
WP_001145331.1	NP_462298.1	100	699	0.0	1340
WP_000235798.1	NP_459023.1	100	699	0.0	1368
WP_000750804.1	NP_463090.1	100	698	0.0	1432
WP_000269311.1	NP_462370.1	99.9	695	0.0	1352
WP_001193068.1	NP_463350.1	100	694	0.0	1369
WP_010989008.1	NP_460008.1	100	693	0.0	1327
WP_000016748.1	NP_462644.1	100	693	0.0	1347
WP_000428721.1	NP_462416.1	100	692	0.0	1430
WP_000122692.1	NP_461780.1	99.9	692	0.0	1346
WP_000002386.1	NP_460870.1	100	692	0.0	1291
WP_000210599.1	NP_460517.1	99.9	691	0.0	1449
WP_001520307.1	NP_461672.1	100	689	0.0	1407
WP_001291736.1	NP_462555.1	100	689	0.0	1338
WP_000529555.1	NP_461436.1	100	688	0.0	1365
WP_000358566.1	NP_463127.1	100	688	0.0	1294
WP_000158675.1	NP_462511.1	100	686	0.0	1342
WP_000927219.1	NP_461817.1	100	685	0.0	1258
WP_000258811.1	NP_461803.1	100	685	0.0	1141
WP_000420505.1	NP_460049.1	100	684	0.0	1360
WP_000936999.1	NP_460836.1	100	683	0.0	1410
WP_001091237.1	NP_460801.1	100	682	0.0	1317
WP_000088019.1	NP_459690.1	99.9	682	0.0	1261
WP_001258231.1	NP_460379.1	100	681	0.0	1255
WP_000249229.1	NP_462177.1	100	680	0.0	1302
WP_000184178.1	NP_462495.1	100	680	0.0	1384
WP_000106265.1	NP_460472.1	100	680	0.0	1373
WP_023139178.1	NP_459199.1	99.9	679	0.0	1269
WP_001116457.1	NP_459046.1	100	679	0.0	1452
WP_000777608.1	NP_460404.1	100	679	0.0	1338
WP_001087041.1	NP_462899.1	100	678	0.0	1440
WP_000195332.1	NP_461099.1	100	677	0.0	1374
WP_000761305.1	NP_462564.1	100	675	0.0	1417
WP_001238842.1	NP_462803.1	100	674	0.0	1324
WP_000042502.1	NP_459776.1	100	673	0.0	1270
WP_001279831.1	NP_461420.1	100	672	0.0	1340
WP_000121523.1	NP_462133.1	100	672	0.0	1342
WP_000433266.1	NP_461362.1	100	671	0.0	1308
WP_000061302.1	NP_460878.1	100	671	0.0	1248
WP_001266339.1	NP_462516.3	100	657	0.0	1248
WP_000678496.1	NP_461338.1	100	668	0.0	1242
WP_000816091.1	NP_461321.3	99.8	666	0.0	1364
WP_000087323.1	NP_461409.1	99.8	666	0.0	1353
WP_000117513.1	NP_490556.1	100	665	0.0	1244
WP_000488255.1	NP_461144.1	100	663	0.0	1354
WP_000467158.1	NP_459438.1	100	663	0.0	1337
WP_000098655.1	NP_461992.1	100	663	0.0	1324
WP_001623919.1	NP_460662.1	100	660	0.0	1301
WP_001120159.1	NP_462126.3	100	660	0.0	1211
WP_000648776.1	NP_461241.1	100	660	0.0	1342
WP_000232031.1	NP_460627.1	99.8	660	0.0	1335
WP_000073810.1	NP_461694.1	100	660	0.0	1318
WP_001278579.1	NP_462002.1	99.8	658	0.0	1311
WP_000192491.1	NP_462438.1	100	658	0.0	1404
WP_194242290.1	NP_463438.3	100	656	0.0	1316
WP_000192437.1	NP_459562.1	100	656	0.0	1286
WP_000510913.1	NP_462274.1	100	655	0.0	1270
WP_001249753.1	NP_460563.1	100	654	0.0	1316
WP_001078938.1	NP_461414.1	100	653	0.0	1333
WP_001145480.1	NP_490556.1	64.8	644	1.34e-290	805
WP_000910371.1	NP_459352.1	100	652	0.0	1316
WP_000083882.1	NP_463140.1	100	652	0.0	1351
WP_001101509.1	NP_462579.1	100	651	0.0	1358
WP_001023068.1	NP_459670.1	100	650	0.0	1233
WP_001235865.1	NP_460264.1	100	649	0.0	1304
WP_000125877.1	NP_459919.1	100	648	0.0	1235
WP_000589395.1	NP_463264.1	100	647	0.0	1292
WP_001241377.1	NP_462285.1	100	646	0.0	1250
WP_000849477.1	NP_453702.1	100	646	0.0	1285
WP_014344440.1	NP_453701.1	99.7	645	0.0	1303
WP_001518010.1	NP_460251.1	100	644	0.0	1285
WP_001107481.1	NP_462207.1	100	644	0.0	1252
WP_000485055.1	NP_460661.1	100	644	0.0	1284
WP_000982518.1	NP_462714.1	100	643	0.0	1268
WP_000623091.1	NP_461544.1	100	643	0.0	1323
WP_001144223.1	NP_460299.1	100	642	0.0	1318
WP_001044182.1	NP_459644.1	100	642	0.0	1245
WP_000121962.1	NP_459479.1	100	642	0.0	1201
WP_000516125.1	NP_459017.1	100	638	0.0	1209
WP_000093287.1	NP_462585.1	100	638	0.0	1215
WP_001212137.1	NP_463309.1	100	637	0.0	1256
WP_000128807.1	NP_460777.1	100	636	0.0	1244
WP_000634766.1	NP_462363.1	100	635	0.0	1220
WP_000053044.1	NP_460036.1	100	635	0.0	1205
WP_000828700.1	NP_459632.1	100	633	0.0	1277
WP_010988981.1	NP_459711.1	100	631	0.0	1269
WP_000108413.1	NP_463033.1	100	631	0.0	1284
WP_000195318.1	NP_462096.1	100	630	0.0	1256
WP_000963612.1	NP_459158.2	100	629	0.0	1064
WP_000807254.1	NP_462193.3	99.8	629	0.0	1060
WP_000499872.1	NP_462773.1	100	629	0.0	1221
WP_000066317.1	NP_459089.1	100	629	0.0	1307
WP_000972957.1	NP_460087.1	100	628	0.0	1242
WP_000010229.1	NP_459366.1	100	628	0.0	1272
WP_000371510.1	NP_459265.1	99.8	627	0.0	1262
WP_001521074.1	NP_461688.1	100	624	0.0	1242
WP_001520210.1	NP_459482.3	100	624	0.0	1221
WP_001120598.1	NP_459825.1	100	623	0.0	1193
WP_000969434.1	NP_459448.1	100	623	0.0	1085
WP_000142877.1	NP_460867.1	100	623	0.0	1264
WP_000102338.1	NP_462779.1	100	622	0.0	1207
WP_000377155.1	NP_459091.1	100	620	0.0	1157
WP_000006777.1	NP_459417.1	100	620	0.0	1246
WP_001259876.1	NP_460261.1	100	618	0.0	1213
WP_001252270.1	NP_461065.1	100	618	0.0	1205
WP_001122537.1	NP_463220.1	99.8	618	0.0	1199
WP_000033690.1	NP_462054.1	100	618	0.0	1286
WP_001196669.1	NP_461474.1	100	616	0.0	1161
WP_001127434.1	NP_462795.1	100	616	0.0	1199
WP_000582394.1	NP_462582.1	100	616	0.0	1230
WP_000934811.1	NP_459402.1	99.8	615	0.0	1143
WP_000591398.1	NP_463009.1	100	614	0.0	1256
WP_001056582.1	NP_461260.1	100	613	0.0	1192
WP_000925872.1	NP_459970.1	100	613	0.0	1226
WP_000155129.1	NP_461910.1	100	611	0.0	1185
WP_001289464.1	NP_460899.1	99.8	610	0.0	1199
WP_001268876.1	NP_460988.1	100	610	0.0	1153
WP_001526553.1	NP_462843.1	99.8	609	0.0	1209
WP_000639473.1	NP_461175.1	100	609	0.0	1202
WP_000334066.1	NP_462760.1	100	609	0.0	1185
WP_001012861.1	NP_461275.1	100	608	0.0	1119
WP_000827529.1	NP_490579.1	99.8	608	0.0	1210
WP_000097040.1	NP_461772.2	100	608	0.0	1163
WP_000572067.1	NP_462889.1	100	607	0.0	1190
WP_000930727.1	NP_459396.1	100	605	0.0	1280
WP_001069113.1	NP_460842.1	100	603	0.0	1197
WP_000561748.1	NP_461160.1	99.8	601	0.0	1228
WP_000398133.1	NP_462361.1	100	601	0.0	1113
WP_000331206.1	NP_460498.1	99.8	600	0.0	1252
WP_000247855.1	NP_461268.1	100	600	0.0	1235
WP_000790154.1	NP_461518.1	100	599	0.0	1172
WP_000210927.1	NP_461869.1	100	599	0.0	1181
WP_000476244.1	NP_460722.1	100	598	0.0	1155
WP_000070978.1	NP_460743.1	100	597	0.0	1250
WP_001192954.1	NP_463207.1	100	596	0.0	1201
WP_000899636.1	NP_462979.1	100	596	0.0	1226
WP_000095534.1	NP_460519.1	100	594	0.0	1217
WP_001256070.1	NP_459457.1	100	593	0.0	1108
WP_001096865.1	NP_459512.1	100	593	0.0	1173
WP_000931746.1	NP_461257.1	100	593	0.0	1102
WP_000245788.1	NP_461806.1	100	593	0.0	925
WP_001214413.1	NP_460351.1	100	592	0.0	1154
WP_000273739.1	NP_459709.1	100	592	0.0	1191
WP_001676648.1	NP_490529.1	100	591	0.0	1165
WP_000724126.1	NP_461895.1	100	591	0.0	1199
WP_000214940.1	NP_462262.1	99.8	591	0.0	1116
WP_000150421.1	NP_462262.1	100	591	0.0	1116
WP_000150417.1	NP_462262.1	99.5	591	0.0	1111
WP_001258636.1	NP_460858.1	100	590	0.0	1164
WP_001235572.1	NP_459456.1	100	590	0.0	1130
WP_001098460.1	NP_461650.1	99.1	588	0.0	1186
WP_001044541.1	NP_459933.1	100	588	0.0	1125
WP_000775561.1	NP_459719.1	100	588	0.0	1183
WP_000642235.1	NP_459127.1	100	588	0.0	1149
WP_000524168.1	NP_459238.1	100	587	0.0	1200
WP_000578121.1	NP_461167.1	100	586	0.0	1193
WP_000256150.1	NP_461172.1	100	586	0.0	1162
WP_000194823.1	NP_459950.1	100	586	0.0	1189
WP_000156453.1	NP_460042.1	99.8	586	0.0	1155
WP_000213163.1	NP_462759.1	100	585	0.0	1216
WP_001137266.1	NP_463050.1	100	583	0.0	1194
WP_000551246.1	NP_459959.1	100	582	0.0	1088
WP_000918865.1	NP_462125.1	100	581	0.0	1166
WP_000730322.1	NP_460792.1	100	581	0.0	1155
WP_000368196.1	NP_463065.1	100	581	0.0	1025
WP_000805096.1	NP_462452.1	100	580	0.0	1145
WP_000712459.1	NP_462037.1	100	579	0.0	1184
WP_001287616.1	NP_459795.1	100	578	0.0	1142
WP_001192092.1	NP_462998.1	100	577	0.0	1135
WP_001120231.1	NP_463270.1	100	577	0.0	1176
WP_001025361.1	NP_460866.1	100	577	0.0	1135
WP_000813394.1	NP_461958.1	100	577	0.0	1145
WP_000669109.1	NP_460955.1	100	576	0.0	1133
WP_000095232.1	NP_461112.1	100	576	0.0	1173
WP_000623114.1	NP_461367.1	100	575	0.0	1088
WP_000425604.1	NP_459121.1	99.6	553	0.0	1051
WP_001202267.1	NP_459932.1	100	573	0.0	1075
WP_001260683.1	NP_459246.1	100	572	0.0	1120
WP_001036514.1	NP_459037.1	100	572	0.0	1160
WP_000815313.1	NP_459912.1	100	572	0.0	1127
WP_001094892.1	NP_459043.1	100	571	0.0	1159
WP_000078494.1	NP_462432.1	99.8	571	0.0	1154
WP_001290660.1	NP_461868.1	100	570	0.0	1159
WP_001119821.1	NP_460938.1	100	570	0.0	1117
WP_000612821.1	NP_460752.1	99.8	570	0.0	1146
WP_001288155.1	NP_461770.1	100	569	0.0	1160
WP_000951812.1	NP_459108.1	100	569	0.0	1152
WP_000766669.1	NP_462648.1	100	569	0.0	1120
WP_000446437.1	NP_462402.1	100	569	0.0	1089
WP_000928682.1	NP_460433.1	100	568	0.0	1126
WP_000083044.1	NP_462062.1	100	567	0.0	1157
WP_000068899.1	NP_463187.1	100	567	0.0	1102
WP_001238163.1	NP_459452.1	100	566	0.0	1172
WP_000216821.1	NP_461415.1	100	566	0.0	1093
WP_000450511.1	NP_460525.1	100	565	0.0	1123
WP_010989035.1	NP_460954.1	100	564	9.69e-255	706
WP_001269259.1	NP_462536.1	100	563	0.0	1132
WP_000854414.1	NP_461149.1	100	562	0.0	975
WP_000848113.1	NP_461819.1	100	562	0.0	1088
WP_000168439.1	NP_462695.1	100	562	0.0	1112
WP_001241834.1	NP_462639.1	99.8	561	0.0	1144
WP_001166946.1	NP_460064.1	100	561	0.0	1129
WP_001037181.1	NP_460737.3	99.8	553	0.0	969
WP_001024853.1	NP_459847.1	100	561	0.0	1066
WP_001000303.1	NP_459835.1	100	561	0.0	1156
WP_000758418.1	NP_460774.1	100	561	0.0	1114
WP_000272845.1	NP_461104.1	100	561	0.0	1062
WP_001276834.1	NP_460922.1	100	560	0.0	1058
WP_000730066.1	NP_459691.1	99.8	559	0.0	1071
WP_000368034.1	NP_459651.1	100	559	0.0	1098
WP_000342878.1	NP_462114.1	100	559	3.86e-306	836
WP_000192026.1	NP_462525.1	100	559	0.0	1113
WP_000021514.1	NP_461686.1	100	559	0.0	1159
WP_000546207.1	NP_459487.1	100	558	0.0	1010
WP_000140324.1	NP_459956.1	100	557	0.0	1069
WP_000116392.1	NP_461251.1	100	556	0.0	1121
WP_001287180.1	NP_459671.1	99.8	555	0.0	1142
WP_000046770.1	NP_463437.1	100	555	0.0	1091
WP_001256896.1	NP_460985.1	100	554	0.0	1087
WP_000580915.1	NP_459524.1	100	554	0.0	1052
WP_000337041.1	NP_459665.1	100	554	0.0	1132
WP_000098783.1	NP_490534.1	100	554	0.0	1120
WP_001279791.1	NP_462707.1	99.8	553	0.0	1040
WP_001277836.1	NP_459617.1	100	553	0.0	1015
WP_001120085.1	NP_461797.1	100	553	0.0	1107
WP_000919519.1	NP_463392.1	100	553	1.28e-301	824
WP_000880965.1	NP_461614.1	100	553	0.0	1048
WP_000483274.1	NP_460876.1	100	553	0.0	879
WP_000096425.1	NP_460154.1	100	553	0.0	1029
WP_001139040.1	NP_459114.1	99.8	552	0.0	1152
WP_000599761.1	NP_459916.2	100	552	0.0	1091
WP_001081943.1	NP_460581.1	100	551	0.0	1148
WP_001055305.1	NP_462592.1	100	551	0.0	1067
WP_010988978.1	NP_459550.1	100	550	0.0	1065
WP_001180863.1	NP_461346.1	99.8	550	0.0	1097
WP_000670396.1	NP_459489.1	99.6	550	0.0	1106
WP_000458775.1	NP_459914.1	100	550	0.0	1121
WP_000155057.1	NP_463314.1	100	550	0.0	1179
WP_001241629.1	NP_460650.1	100	549	0.0	1097
WP_000934257.1	NP_462504.1	100	549	0.0	1151
WP_000832536.1	NP_463138.1	100	549	0.0	1026
WP_000790037.1	NP_463086.1	100	549	0.0	1107
WP_001536604.1	NP_463134.1	100	548	0.0	1018
WP_001012570.1	NP_462792.1	100	548	0.0	1091
WP_000978038.1	NP_461243.1	100	548	0.0	1096
WP_000729126.1	NP_463194.1	100	536	0.0	991
WP_000378281.1	NP_462742.1	100	548	0.0	1077
WP_000066601.1	NP_460429.2	100	548	0.0	1105
WP_000037194.1	NP_463165.1	100	548	0.0	1108
WP_001238434.1	NP_462067.1	100	547	1.10e-266	735
WP_000919289.1	NP_463158.1	100	547	0.0	1097
WP_000789683.1	NP_462478.1	100	547	4.44e-306	835
WP_000421590.1	NP_461206.1	100	547	0.0	1061
WP_000974387.1	NP_459683.1	100	546	0.0	1075
WP_000433414.1	NP_460038.1	100	546	0.0	1060
WP_000187559.1	NP_462857.1	100	546	0.0	1107
WP_000117497.1	NP_460316.1	100	546	0.0	1107
WP_000210863.1	NP_461874.1	100	545	0.0	1084
WP_000946082.1	NP_460222.1	100	544	0.0	1118
WP_001521098.1	NP_460705.3	100	543	0.0	1103
WP_000979786.1	NP_463359.1	100	543	0.0	1131
WP_000956811.1	NP_463054.1	100	543	0.0	986
WP_000922300.1	NP_461799.1	100	543	0.0	1065
WP_000682911.1	NP_463169.1	100	543	0.0	1036
WP_000857292.1	NP_461226.1	99.8	542	0.0	1083
WP_000528484.1	NP_460585.2	100	541	4.41e-303	827
WP_000205278.1	NP_459362.1	100	541	0.0	1055
WP_000989177.1	NP_461576.1	100	540	0.0	1093
WP_000118960.1	NP_463238.3	100	540	0.0	1091
WP_001737977.1	NP_459058.1	99.8	539	0.0	1048
WP_001274643.1	NP_461634.1	67.2	473	9.16e-195	551
WP_001265689.1	NP_462403.2	100	539	0.0	1100
WP_001216554.1	NP_460637.1	100	537	0.0	1083
WP_001222445.1	NP_459588.1	100	536	0.0	1079
WP_000946047.1	NP_459173.1	100	536	0.0	1040
WP_000235634.1	NP_459112.1	100	536	0.0	1032
WP_000028047.1	NP_462532.1	100	535	0.0	1091
WP_001192513.1	NP_460783.3	99.8	533	0.0	1047
WP_001069372.1	NP_463048.1	100	533	0.0	1076
WP_000083640.1	NP_463129.1	100	533	0.0	1057
WP_000763492.1	NP_460683.1	99.8	531	0.0	1033
WP_000700596.1	NP_460323.3	99.6	517	0.0	1017
WP_000961478.1	NP_459815.1	99.8	530	0.0	1034
WP_000113090.1	NP_462953.1	99.6	530	0.0	1058
WP_001187509.1	NP_463045.1	100	529	0.0	1027
WP_001063191.1	NP_463384.1	99.8	529	0.0	1063
WP_000203622.1	NP_461163.1	100	529	0.0	1005
WP_000185023.1	NP_462505.1	100	529	0.0	1027
WP_000175965.1	NP_463416.1	100	529	0.0	1056
WP_001232871.1	NP_462424.1	100	527	0.0	1051
WP_001089314.1	NP_459811.1	100	526	0.0	1061
WP_000831821.1	NP_461542.1	100	526	0.0	1052
WP_000454713.1	NP_461064.1	100	526	0.0	992
WP_000138296.1	NP_461445.1	99.8	525	0.0	1058
WP_000868285.1	NP_459338.1	100	524	0.0	1001
WP_001273723.1	NP_462163.1	100	523	0.0	992
WP_001205771.1	NP_462523.1	99.8	523	0.0	1066
WP_000262866.1	NP_459038.1	100	523	0.0	990
WP_000082819.1	NP_459118.1	100	523	0.0	1012
WP_000884369.1	NP_459725.1	100	522	0.0	1004
WP_000887644.1	NP_459601.1	100	521	0.0	1017
WP_000478470.1	NP_462130.1	99.8	521	7.02e-313	850
WP_001194372.1	NP_460682.1	99.8	520	0.0	1016
WP_000801497.1	NP_460072.1	99.8	520	0.0	1070
WP_010989078.1	NP_462430.1	100	519	0.0	1051
WP_000421815.1	NP_460784.2	100	519	0.0	969
WP_000957746.1	NP_461159.1	100	518	0.0	1035
WP_000865249.1	NP_462985.1	100	518	0.0	1041
WP_000611821.1	NP_461744.1	100	518	0.0	1051
WP_000476912.1	NP_460504.1	100	518	0.0	1053
WP_000368584.1	NP_461864.1	100	518	0.0	1073
WP_000355806.1	NP_459076.1	100	517	0.0	1059
WP_000013008.1	NP_462423.1	100	517	0.0	1021
WP_001520091.1	NP_460596.1	100	516	0.0	1053
WP_000213137.1	NP_459463.1	99.8	516	0.0	1018
WP_001111692.1	NP_463422.1	99.8	516	0.0	1034
WP_001095011.1	NP_463069.1	100	515	0.0	998
WP_001009208.1	NP_460007.1	99.8	437	4.99e-309	837
WP_000968675.1	NP_463217.1	100	515	0.0	1013
WP_001518457.1	NP_462796.1	100	514	0.0	1012
WP_001187150.1	NP_461492.1	100	514	0.0	1012
WP_000734248.1	NP_461502.1	100	514	0.0	1012
WP_000702596.1	NP_460537.1	100	514	0.0	1090
WP_000406435.1	NP_460762.1	100	514	0.0	962
WP_000382573.1	NP_463093.1	100	514	0.0	1015
WP_000263611.1	NP_460748.1	99.8	514	0.0	1019
WP_000116576.1	NP_462604.1	100	514	0.0	1015
WP_001235493.1	NP_460641.1	100	513	0.0	1006
WP_001176751.1	NP_462766.1	100	513	0.0	979
WP_001123330.1	NP_461437.1	100	513	0.0	1010
WP_000819716.1	NP_461685.1	100	513	0.0	1003
WP_001575804.1	NP_459658.1	100	512	0.0	1029
WP_001187300.1	NP_461741.1	100	512	0.0	1002
WP_000191434.1	NP_459826.1	100	512	0.0	1022
WP_000183985.1	NP_462580.1	100	512	0.0	1041
WP_001738192.1	NP_460121.1	99.8	511	0.0	1045
WP_001537775.1	NP_460141.1	100	511	0.0	955
WP_001167250.1	NP_462955.1	100	511	0.0	1001
WP_000702625.1	NP_460719.1	100	511	0.0	1065
WP_001240769.1	NP_460760.3	100	510	0.0	1050
WP_001219362.1	NP_460439.1	100	509	0.0	966
WP_001212712.1	NP_460716.1	100	509	1.51e-134	396
WP_000926431.1	NP_461259.1	100	509	0.0	997
WP_000192315.1	NP_459613.1	99.8	509	0.0	983
WP_001095227.1	NP_459769.1	100	506	0.0	968
WP_000665573.1	NP_459066.1	100	506	0.0	993
WP_000535905.1	NP_461134.1	99.8	506	0.0	990
WP_000189662.1	NP_460964.1	100	506	0.0	999
WP_000117932.1	NP_461281.1	100	506	0.0	971
WP_000094651.1	NP_462131.1	100	506	6.40e-306	831
WP_000079794.1	NP_461698.1	100	506	1.05e-311	846
WP_000050214.1	NP_462790.1	99.8	506	0.0	977
WP_000010814.1	NP_461760.1	100	506	0.0	982
WP_000787076.1	NP_459079.1	99.8	505	0.0	1021
WP_000334204.1	NP_461304.1	100	505	0.0	998
WP_000146443.1	NP_459213.1	100	505	0.0	1021
WP_000003339.1	NP_461956.1	100	505	0.0	997
WP_000382035.1	NP_461714.1	100	504	0.0	934
WP_000403151.1	NP_459433.1	100	503	0.0	958
WP_000397153.1	NP_463337.1	99.8	503	0.0	998
WP_001018467.1	NP_460097.1	100	502	0.0	962
WP_000933996.1	NP_460582.1	100	502	0.0	1036
WP_000753326.1	NP_460427.1	100	502	0.0	971
WP_000448179.1	NP_462428.1	100	502	0.0	1023
WP_000199411.1	NP_460506.1	100	502	0.0	1016
WP_000136809.1	NP_462967.1	99.8	502	0.0	1006
WP_000450729.1	NP_463282.1	99.8	501	0.0	989
WP_000339359.1	NP_462781.1	100	501	0.0	974
WP_000100911.1	NP_460415.1	100	501	0.0	966
WP_001091264.1	NP_462688.1	100	500	0.0	975
WP_001031038.1	NP_462200.1	100	500	0.0	945
WP_000919710.1	NP_463155.1	100	500	0.0	964
WP_000151691.1	NP_459107.1	100	500	0.0	1028
WP_000149876.1	NP_463209.1	100	500	0.0	973
WP_000475950.1	NP_462041.1	99.8	499	0.0	987
WP_001189503.1	NP_461541.1	100	498	1.85e-280	766
WP_000940991.1	NP_462778.1	100	498	0.0	972
WP_000902764.1	NP_462490.1	100	498	0.0	942
WP_000628082.1	NP_460100.1	100	498	0.0	939
WP_000202726.1	NP_461834.1	99.8	498	0.0	931
WP_000074065.1	NP_462574.1	99.8	498	0.0	1008
WP_010989047.1	NP_461519.1	100	497	0.0	959
WP_001048646.1	NP_460249.1	100	497	0.0	980
WP_000857101.1	NP_460543.1	100	497	0.0	963
WP_000831880.1	NP_459040.1	100	497	0.0	1033
WP_000595924.1	NP_459434.1	96.7	427	2.01e-257	705
WP_000261284.1	NP_460359.1	100	497	0.0	946
WP_000013879.1	NP_459271.1	99.0	502	0.0	995
WP_000108071.1	NP_462248.1	100	496	0.0	977
WP_001163182.1	NP_462514.1	100	495	0.0	967
WP_000976323.1	NP_460119.3	100	494	0.0	980
WP_000775073.1	NP_459128.1	100	495	0.0	976
WP_000644017.1	NP_459862.1	100	495	0.0	1055
WP_000489731.1	NP_460533.1	100	495	0.0	894
WP_000089383.1	NP_460335.1	100	495	0.0	1009
WP_000079805.1	NP_460912.1	100	495	0.0	892
WP_001286388.1	NP_462044.1	100	494	0.0	967
WP_001113558.1	NP_462680.1	100	494	0.0	1008
WP_000795487.1	NP_460916.1	100	494	0.0	1048
WP_001089447.1	NP_462804.1	100	493	0.0	961
WP_001041129.1	NP_459695.1	99.8	493	0.0	959
WP_000339764.1	NP_462863.1	100	492	0.0	1015
WP_000177268.1	NP_460271.1	100	492	0.0	982
WP_000058688.1	NP_461047.1	99.8	492	0.0	917
WP_014343899.1	NP_462101.3	100	491	0.0	913
WP_001118686.1	NP_462472.1	100	491	1.90e-311	844
WP_001096070.1	NP_459134.1	100	491	0.0	968
WP_000301711.1	NP_460843.1	100	491	0.0	999
WP_000098481.1	NP_459440.1	100	491	0.0	951
WP_000096928.1	NP_459757.1	100	491	0.0	982
WP_000024948.1	NP_462800.1	100	491	0.0	971
WP_001098275.1	NP_462493.1	99.8	490	0.0	940
WP_001017750.1	NP_459650.1	100	490	0.0	985
WP_000437132.1	NP_462051.1	100	490	0.0	981
WP_000379524.1	NP_461999.1	100	490	0.0	986
WP_000249411.1	NP_461454.1	100	490	0.0	957
WP_000760228.1	NP_460067.1	100	489	0.0	987
WP_000535005.1	NP_461145.1	99.8	489	0.0	968
WP_000143970.1	NP_462928.1	100	489	0.0	988
WP_000123188.1	NP_462280.1	100	489	0.0	953
WP_001181258.1	NP_460468.1	100	488	0.0	967
WP_000987828.1	NP_460513.1	100	488	0.0	937
WP_000944174.1	NP_461446.1	100	488	0.0	924
WP_000723524.1	NP_460075.1	100	488	0.0	978
WP_001031687.1	NP_460200.1	100	487	0.0	942
WP_000489630.1	NP_461429.1	100	487	0.0	928
WP_000059029.1	NP_459610.1	100	487	0.0	952
WP_000856793.1	NP_461495.1	100	486	0.0	947
WP_000206886.1	NP_460698.1	100	486	0.0	961
WP_001669456.1	NP_460959.1	100	485	0.0	944
WP_001521068.1	NP_459345.3	100	485	0.0	912
WP_001292977.1	NP_459313.1	100	485	0.0	969
WP_000156671.1	NP_461258.3	99.8	425	4.97e-296	802
WP_001079760.1	NP_460365.1	100	484	4.25e-251	691
WP_000428191.1	NP_460956.1	100	484	0.0	990
WP_000401063.1	NP_459517.1	100	437	5.34e-312	843
WP_000275326.1	NP_462560.1	100	484	0.0	967
WP_001276617.1	NP_460515.1	99.8	483	0.0	901
WP_001175741.1	NP_462292.1	100	483	0.0	881
WP_000956588.1	NP_462777.3	100	474	0.0	921
WP_000545688.1	NP_462871.1	100	483	0.0	946
WP_000107071.1	NP_459365.1	100	483	0.0	965
WP_001176529.1	NP_461717.1	100	482	0.0	946
WP_000668709.1	NP_459420.1	99.8	482	0.0	942
WP_000158107.1	NP_460556.3	100	481	0.0	962
WP_000055936.1	NP_462278.1	100	481	0.0	926
WP_000605938.1	NP_461050.3	100	480	0.0	964
WP_000175668.1	NP_460311.1	99.8	480	0.0	968
WP_000091156.1	NP_460845.1	100	480	0.0	912
WP_010989033.1	NP_460896.1	100	479	0.0	995
WP_001542138.1	NP_460806.1	100	479	0.0	979
WP_001092263.1	NP_461855.1	100	479	0.0	944
WP_000025992.1	NP_461761.1	99.8	479	0.0	989
WP_000009017.1	NP_461029.1	100	479	0.0	968
WP_001081453.1	NP_461117.1	100	478	0.0	925
WP_000893207.1	NP_459978.1	100	478	0.0	902
WP_000101771.1	NP_463142.1	100	478	0.0	995
WP_000083110.1	NP_463280.1	100	478	0.0	893
WP_000069440.1	NP_463190.1	100	478	0.0	940
WP_001230141.1	NP_461967.1	100	477	0.0	1013
WP_001212678.1	NP_462211.1	99.8	477	0.0	894
WP_001197669.1	NP_462436.1	100	477	0.0	969
WP_001103643.1	NP_461028.1	100	477	0.0	933
WP_000867682.1	NP_462115.1	100	477	0.0	922
WP_000845203.1	NP_459648.1	100	477	0.0	973
WP_000809020.1	NP_462230.1	100	477	0.0	910
WP_000475705.1	NP_460173.1	100	477	0.0	920
WP_000107709.1	NP_463279.1	100	477	0.0	925
WP_000069000.1	NP_459910.1	100	477	0.0	964
WP_001670672.1	NP_461499.1	99.8	476	0.0	869
WP_001157322.1	NP_460943.1	100	476	0.0	981
WP_001113820.1	NP_459011.1	100	476	0.0	912
WP_000368707.1	NP_461027.1	100	476	0.0	981
WP_000355562.1	NP_462854.1	100	476	0.0	890
WP_000216711.1	NP_461012.1	100	476	0.0	978
WP_000028075.1	NP_463164.1	100	476	0.0	901
WP_000863168.1	NP_461843.1	100	475	0.0	970
WP_000753958.1	NP_459214.1	100	475	0.0	877
WP_000729852.1	NP_463078.1	100	475	0.0	955
WP_000719916.1	NP_462168.1	100	475	0.0	916
WP_000168935.1	NP_461303.1	99.8	475	0.0	937
WP_001519338.1	NP_459159.1	100	474	0.0	934
WP_001519200.1	NP_459662.1	100	474	0.0	945
WP_001219526.1	NP_463445.1	99.8	474	0.0	907
WP_000760692.1	NP_460557.1	100	474	0.0	935
WP_000008985.1	NP_460724.3	100	474	0.0	932
WP_001142016.1	NP_459694.1	100	473	0.0	975
WP_001134268.1	NP_459944.1	100	473	0.0	927
WP_000845425.1	NP_459208.1	99.8	473	0.0	889
WP_000146700.1	NP_490567.1	100	473	0.0	904
WP_000089042.1	NP_460885.1	100	473	0.0	959
WP_000072512.1	NP_461301.1	100	473	0.0	946
WP_000064888.1	NP_462897.1	100	473	0.0	947
WP_000806780.1	NP_461896.1	100	472	0.0	944
WP_000253650.1	NP_461933.1	100	472	0.0	906
WP_000081628.1	NP_462241.1	100	472	0.0	964
WP_000918353.1	NP_463111.1	100	471	0.0	914
WP_000872348.1	NP_461710.1	100	471	0.0	922
WP_000695623.1	NP_461354.1	100	471	0.0	959
WP_000751447.1	NP_460343.1	100	470	0.0	894
WP_000190182.1	NP_462052.1	100	470	0.0	969
WP_000137816.1	NP_461074.1	100	470	0.0	882
WP_000010658.1	NP_462087.1	100	470	0.0	959
WP_001271699.1	NP_462887.1	100	469	0.0	944
WP_001188784.1	NP_462885.1	99.8	469	0.0	921
WP_000533859.1	NP_461619.1	99.8	469	0.0	884
WP_000228322.1	NP_463259.1	100	469	0.0	889
WP_000014001.1	NP_463383.1	100	469	0.0	922
WP_001258803.1	NP_459672.1	100	468	0.0	984
WP_000380357.1	NP_461299.1	100	468	0.0	931
WP_000357540.1	NP_459154.1	100	468	0.0	931
WP_000043530.1	NP_461026.1	100	468	0.0	916
WP_001111841.1	NP_461044.1	100	467	0.0	931
WP_001097535.1	NP_461394.1	100	467	0.0	899
WP_001075640.1	NP_461398.1	100	467	0.0	884
WP_000870070.1	NP_461075.1	100	467	0.0	928
WP_000514425.1	NP_463324.1	100	467	0.0	875
WP_000393711.1	NP_459355.1	100	467	0.0	936
WP_000259121.1	NP_460430.1	100	467	0.0	914
WP_000228709.1	NP_459676.1	100	467	0.0	962
WP_000146802.1	NP_460913.1	100	467	5.88e-296	803
WP_001140629.1	NP_459116.1	100	466	0.0	922
WP_001120789.1	NP_463005.1	100	466	0.0	944
WP_000773784.1	NP_463174.1	100	466	0.0	984
WP_000724476.1	NP_462720.1	100	466	0.0	963
WP_000531282.1	NP_461719.1	100	466	0.0	893
WP_000117870.1	NP_459975.1	100	466	0.0	938
WP_000059093.1	NP_462738.1	100	466	0.0	915
WP_203422695.1	NP_459189.1	99.8	465	0.0	912
WP_001526924.1	NP_463042.1	100	465	0.0	890
WP_000825847.1	NP_460643.3	100	465	0.0	951
WP_000404873.1	NP_463244.3	100	465	0.0	892
WP_000132305.1	NP_461302.1	100	465	0.0	951
WP_000018997.1	NP_460721.1	100	465	0.0	913
WP_001113171.1	NP_462007.1	100	464	0.0	902
WP_001097680.1	NP_460996.1	100	464	0.0	885
WP_000786288.1	NP_459560.1	100	464	0.0	891
WP_000183155.1	NP_461048.1	100	464	0.0	932
WP_001522266.1	NP_461284.3	100	463	3.05e-320	864
WP_001010662.1	NP_460286.1	100	463	1.25e-311	842
WP_000955748.1	NP_461340.1	100	463	0.0	903
WP_000879181.1	NP_462686.1	100	463	0.0	902
WP_000200179.1	NP_462583.1	99.8	463	0.0	871
WP_000115428.1	NP_462647.1	100	463	0.0	874
WP_000875195.1	NP_463123.1	100	462	2.18e-316	854
WP_000198251.1	NP_460535.1	100	462	0.0	898
WP_000178397.1	NP_460484.1	100	462	0.0	885
WP_000014056.1	NP_460440.1	100	462	6.10e-320	863
WP_000958610.1	NP_459619.1	100	461	1.19e-308	834
WP_000912376.1	NP_459532.1	100	461	0.0	937
WP_000818378.1	NP_462820.1	100	461	0.0	894
WP_000650592.1	NP_459148.1	99.8	461	0.0	899
WP_001270489.1	NP_462674.1	100	460	0.0	996
WP_001161719.1	NP_490584.1	100	460	0.0	894
WP_001029709.1	NP_463435.1	100	460	0.0	895
WP_000834259.1	NP_462650.1	100	460	0.0	908
WP_000412353.1	NP_460437.1	100	460	1.53e-320	864
WP_000190499.1	NP_462764.1	100	460	0.0	890
WP_000084251.1	NP_462898.1	100	460	0.0	919
WP_072207758.1	NP_462132.3	99.8	429	5.30e-315	849
WP_001219833.1	NP_463277.1	100	459	0.0	940
WP_000741259.1	NP_460980.1	100	459	0.0	946
WP_001285801.1	NP_460080.1	99.8	458	0.0	893
WP_001230051.1	NP_463003.1	100	458	0.0	902
WP_000691374.1	NP_462313.1	100	458	0.0	877
WP_001175077.1	NP_460388.2	100	457	0.0	879
WP_001116926.1	NP_460656.1	100	457	0.0	913
WP_000969487.1	NP_459155.1	100	457	0.0	882
WP_000580402.1	NP_462939.1	100	457	0.0	887
WP_000490601.1	NP_462173.1	100	457	0.0	874
WP_000416128.1	NP_460799.1	99.8	457	2.24e-311	841
WP_000349895.1	NP_462380.1	100	457	0.0	897
WP_000206674.1	NP_460614.1	100	457	0.0	886
WP_000162545.1	NP_462757.1	100	457	8.66e-293	794
WP_000099996.1	NP_459047.1	100	457	0.0	894
WP_000003520.1	NP_462884.1	100	457	0.0	928
WP_001555879.1	NP_459395.1	100	456	0.0	884
WP_000934854.1	NP_462761.1	100	456	0.0	899
WP_000645139.1	NP_461742.1	100	456	0.0	909
WP_000423763.1	NP_460202.1	100	456	0.0	910
WP_000331411.1	NP_463378.1	100	456	0.0	900
WP_000213257.1	NP_460925.1	100	456	0.0	886
WP_000164218.1	NP_461049.1	100	456	0.0	914
WP_000716693.1	NP_462258.1	100	455	1.11e-310	839
WP_000644706.1	NP_459258.1	100	455	0.0	893
WP_000626381.1	NP_461891.2	100	455	0.0	897
WP_000443208.1	NP_461141.1	100	455	0.0	904
WP_000144677.1	NP_461247.1	100	455	0.0	929
WP_001738311.1	NP_460782.1	99.8	454	0.0	909
WP_001000938.1	NP_459431.3	100	449	1.10e-306	828
WP_000978464.1	NP_460780.1	100	454	0.0	920
WP_000627973.1	NP_461889.1	100	454	0.0	899
WP_000622080.1	NP_462154.1	100	454	0.0	895
WP_000240046.1	NP_447527.1	100	454	1.55e-320	864
WP_000019077.1	NP_462743.1	100	454	0.0	874
WP_000007060.1	NP_459798.1	100	454	4.54e-298	807
WP_001517981.1	NP_461080.1	100	453	0.0	923
WP_000769990.1	NP_461393.1	100	453	0.0	902
WP_000460052.1	NP_461607.1	100	453	3.78e-317	855
WP_000361663.1	NP_461505.1	100	453	5.37e-317	855
WP_000006865.1	NP_459518.1	100	453	0.0	927
WP_001519005.1	NP_461013.1	100	452	0.0	875
WP_001195296.1	NP_460684.1	100	452	0.0	884
WP_000997824.1	NP_462681.1	100	452	8.58e-318	857
WP_000973645.1	NP_463096.1	100	452	0.0	930
WP_000948739.1	NP_461225.1	100	452	0.0	922
WP_000626630.1	NP_459129.1	100	452	0.0	865
WP_000194222.1	NP_461124.1	100	452	9.36e-320	862
WP_000097015.1	NP_461883.1	100	452	0.0	892
WP_000073064.1	NP_460279.1	100	452	5.66e-307	829
WP_000055609.1	NP_462818.1	100	452	0.0	875
WP_001520868.1	NP_463163.1	100	451	0.0	929
WP_000949286.1	NP_461587.1	100	451	0.0	904
WP_000100782.1	NP_460998.1	100	451	0.0	865
WP_000078785.1	NP_460282.1	100	451	0.0	910
WP_001253818.1	NP_462404.1	100	450	0.0	879
WP_000949017.1	NP_459228.1	100	450	0.0	881
WP_000852994.1	NP_463299.1	100	450	0.0	877
WP_000469629.1	NP_461070.1	100	450	0.0	893
WP_000160774.1	NP_462498.1	100	450	0.0	905
WP_000953165.1	NP_461447.1	100	449	5.15e-267	728
WP_000920374.1	NP_463446.1	100	449	0.0	881
WP_000884627.1	NP_462290.1	100	449	0.0	898
WP_000779328.1	NP_462093.1	100	449	0.0	865
WP_000136400.1	NP_463085.1	100	449	3.93e-317	855
WP_000106907.1	NP_463133.1	100	449	3.37e-302	817
WP_000261866.1	NP_460333.1	100	448	4.23e-300	811
WP_000934974.1	NP_463268.1	100	447	2.52e-296	802
WP_000756089.1	NP_460344.1	100	447	1.34e-307	830
WP_000678386.1	NP_463287.1	100	447	0.0	937
WP_000399324.1	NP_459860.1	99.8	447	0.0	888
WP_000372869.1	NP_460265.1	100	447	0.0	883
WP_000207654.1	NP_462202.3	100	447	0.0	903
WP_000123952.1	NP_460272.1	99.8	447	2.02e-318	858
WP_000118732.1	NP_459279.1	100	447	0.0	907
WP_000067785.1	NP_459938.1	100	447	0.0	880
WP_000024091.1	NP_460583.1	100	447	0.0	886
WP_000017936.1	NP_462851.1	100	447	0.0	944
WP_001737995.1	NP_459084.1	100	446	0.0	886
WP_000899149.1	NP_463166.1	100	446	3.32e-312	842
WP_000211739.1	NP_461882.1	100	446	0.0	934
WP_000183602.1	NP_459062.1	100	446	3.32e-312	842
WP_000107113.1	NP_461881.1	100	446	0.0	915
WP_000105957.1	NP_462442.1	99.8	446	2.24e-310	837
WP_001519317.1	NP_462750.3	100	445	3.59e-303	821
WP_000800048.1	NP_461266.1	100	445	0.0	923
WP_000543314.1	NP_462702.1	100	445	9.00e-305	823
WP_000253524.1	NP_462727.1	100	445	0.0	886
WP_000093130.1	NP_463159.1	100	445	3.01e-319	860
WP_000071169.1	NP_462205.1	100	445	7.92e-320	861
WP_024131115.1	NP_461497.1	99.8	444	2.85e-319	860
WP_001138459.1	NP_461729.1	100	444	0.0	886
WP_000777317.1	NP_462946.1	100	444	7.61e-317	853
WP_000219174.1	NP_461578.1	100	444	2.60e-308	832
WP_001293360.1	NP_462972.1	100	443	1.59e-313	845
WP_001118864.1	NP_462324.1	100	443	9.57e-315	848
WP_000894640.1	NP_461181.1	100	443	0.0	867
WP_000588964.1	NP_461909.1	100	443	0.0	866
WP_000444529.1	NP_462869.1	100	443	0.0	915
WP_000443187.1	NP_462153.1	100	443	1.39e-307	830
WP_000108129.1	NP_462157.1	100	443	1.66e-315	850
WP_000100008.1	NP_461493.1	100	443	3.66e-319	859
WP_000948171.1	NP_462687.1	99.8	442	0.0	884
WP_001136079.1	NP_462533.1	100	441	1.81e-302	817
WP_001128116.1	NP_463103.1	100	441	8.96e-303	818
WP_000982337.1	NP_462033.1	100	441	0.0	865
WP_000899100.1	NP_459332.1	100	441	0.0	868
WP_000617942.1	NP_463043.1	100	441	4.53e-312	841
WP_000195929.1	NP_459556.1	100	441	5.52e-313	843
WP_000098078.1	NP_461216.1	100	441	0.0	879
WP_000073317.1	NP_459829.1	100	441	0.0	887
WP_001288828.1	NP_459967.1	100	440	4.17e-319	859
WP_001149561.1	NP_462561.1	100	440	0.0	909
WP_001148983.1	NP_462510.1	100	440	6.10e-305	823
WP_000477838.1	NP_463424.1	100	440	2.08e-312	842
WP_000427997.1	NP_462703.1	100	440	0.0	875
WP_000023807.1	NP_461143.1	100	440	8.17e-319	858
WP_001541306.1	NP_463124.1	100	439	6.15e-309	833
WP_001184028.1	NP_460847.1	100	439	1.54e-318	857
WP_001129948.1	NP_460552.1	100	439	8.53e-316	850
WP_001128356.1	NP_463342.1	100	439	5.76e-298	805
WP_000640362.1	NP_463219.1	100	439	1.76e-308	832
WP_000498935.1	NP_462500.1	100	439	9.13e-295	797
WP_000149625.1	NP_459394.1	100	439	3.56e-308	831
WP_000042658.1	NP_459685.1	100	439	2.15e-309	834
WP_001131737.1	NP_462415.1	100	438	3.92e-300	811
WP_000998359.1	NP_462691.1	100	438	2.70e-307	829
WP_000796445.1	NP_459131.1	100	438	2.87e-318	857
WP_000624747.1	NP_462458.1	100	438	0.0	888
WP_000193679.1	NP_461974.1	100	438	0.0	875
WP_000460835.1	NP_460573.1	100	437	1.96e-304	822
WP_000126349.1	NP_461035.1	100	437	0.0	882
WP_001248125.1	NP_461331.2	100	436	2.41e-309	834
WP_001039339.1	NP_463107.1	100	436	5.30e-313	843
WP_000793278.1	NP_463148.1	100	436	2.64e-297	803
WP_000463090.1	NP_462152.1	100	436	1.17e-300	812
WP_001518618.1	NP_461333.1	100	435	0.0	885
WP_000566800.1	NP_462933.1	100	435	8.47e-282	764
WP_000345259.1	NP_462086.1	99.8	435	6.12e-291	787
WP_000857881.1	NP_463049.1	100	434	1.79e-319	859
WP_000784371.1	NP_462049.1	100	434	7.31e-319	858
WP_000671592.1	NP_459486.1	100	434	0.0	880
WP_000211053.1	NP_460181.1	99.8	434	5.20e-319	858
WP_000132483.1	NP_459280.1	100	434	7.20e-310	835
WP_000057014.1	NP_459674.1	100	434	1.24e-310	837
WP_000009626.1	NP_461017.1	100	434	5.19e-303	818
WP_001092814.1	NP_462043.1	100	433	0.0	875
WP_000807809.1	NP_461589.1	100	433	3.30e-310	836
WP_000787213.1	NP_460380.1	100	433	3.26e-320	861
WP_000732951.1	NP_460432.1	100	433	1.86e-316	852
WP_000637595.1	NP_463189.1	100	433	1.23e-289	784
WP_000444828.1	NP_459059.1	100	433	1.64e-294	796
WP_000444809.1	NP_462261.1	98.8	433	8.67e-290	784
WP_000046230.1	NP_462117.1	100	433	1.14e-319	860
WP_000017171.1	NP_459217.1	99.8	433	1.01e-304	822
WP_001266937.1	NP_460759.1	100	432	0.0	870
WP_001198406.1	NP_459443.1	100	432	2.74e-297	803
WP_001150163.1	NP_462527.1	100	432	2.46e-300	811
WP_000673300.1	NP_461413.1	100	432	0.0	886
WP_000527972.1	NP_463227.1	100	432	0.0	864
WP_000484503.1	NP_459519.1	99.8	432	1.45e-308	832
WP_000036734.1	NP_461873.1	100	432	1.14e-305	824
WP_000893645.1	NP_459393.1	100	431	0.0	867
WP_000856766.1	NP_461815.1	100	431	5.31e-315	848
WP_000555674.1	NP_461252.1	100	431	0.0	877
WP_000253995.1	NP_462437.1	100	431	0.0	864
WP_000046849.1	NP_461878.1	100	431	0.0	863
WP_001562341.1	NP_459733.1	100	430	1.05e-212	589
WP_001531712.1	NP_461033.1	99.8	430	1.55e-286	776
WP_001262306.1	NP_459980.1	100	430	0.0	876
WP_000886697.1	NP_459939.1	100	430	2.44e-315	848
WP_000565119.1	NP_461371.1	100	430	2.09e-316	851
WP_000210056.1	NP_459241.1	100	430	0.0	872
WP_001113672.1	NP_460198.1	99.8	424	1.15e-298	807
WP_000866788.1	NP_463044.1	99.8	429	4.06e-318	855
WP_000744604.1	NP_462312.1	100	429	0.0	876
WP_000679216.1	NP_460074.1	100	429	4.06e-318	855
WP_000554911.1	NP_460450.3	100	429	1.43e-302	816
WP_000450462.1	NP_461890.1	100	429	1.31e-298	806
WP_000205518.1	NP_459771.1	100	429	0.0	885
WP_000198335.1	NP_461432.1	100	429	5.70e-293	792
WP_000028931.1	NP_461232.1	100	429	6.08e-304	820
WP_127172650.1	NP_461609.3	100	410	5.90e-284	768
WP_001287777.1	NP_459082.1	99.8	428	2.79e-304	820
WP_001278565.1	NP_460318.1	100	428	1.68e-305	823
WP_000858228.1	NP_462515.1	100	428	7.17e-291	786
WP_000824240.1	NP_460503.1	100	428	2.39e-305	823
WP_000800482.1	NP_459097.1	100	428	7.98e-304	819
WP_000781105.1	NP_459009.1	100	428	4.20e-315	848
WP_000684912.1	NP_459459.1	100	428	1.23e-275	748
WP_000219714.1	NP_460250.1	100	428	2.85e-297	803
WP_010989066.1	NP_461689.1	100	427	2.81e-308	830
WP_001520831.1	NP_461673.1	100	427	5.43e-306	825
WP_001207294.1	NP_460804.1	100	427	1.98e-308	831
WP_001095556.1	NP_461718.1	100	427	1.19e-309	834
WP_001094775.1	NP_459765.1	100	427	6.44e-314	845
WP_000785811.1	NP_459715.1	99.8	427	1.65e-320	862
WP_000445178.1	NP_459953.1	100	427	4.34e-312	840
WP_000133541.1	NP_461471.1	100	427	0.0	868
WP_001180690.1	NP_462244.1	100	426	0.0	862
WP_000770904.1	NP_461046.1	100	426	3.03e-307	828
WP_000560761.1	NP_460104.1	100	426	3.59e-315	848
WP_000460338.1	NP_463223.1	100	426	3.24e-302	815
WP_000045268.1	NP_459207.1	100	426	7.94e-319	857
WP_001081935.1	NP_463125.1	100	425	7.22e-294	794
WP_000982961.1	NP_461488.1	100	425	3.46e-317	853
WP_000891582.1	NP_462624.1	100	425	8.74e-311	837
WP_000803766.1	NP_462463.1	100	425	1.25e-294	796
WP_000344440.1	NP_461388.1	99.8	425	0.0	894
WP_000343156.1	NP_462388.1	100	425	1.69e-211	585
WP_000301822.1	NP_462572.1	100	425	4.46e-288	779
WP_001526439.1	NP_460751.1	100	424	4.12e-315	848
WP_001107141.1	NP_461457.1	100	424	1.03e-313	844
WP_000457541.1	NP_490544.1	100	424	9.18e-317	852
WP_000168626.1	NP_460412.1	100	424	3.20e-317	853
WP_001033021.1	NP_463375.1	100	423	2.56e-302	815
WP_000907925.1	NP_460337.1	100	423	7.16e-309	832
WP_000858692.1	NP_461086.1	100	423	7.47e-311	837
WP_000782192.1	NP_459167.1	100	423	1.45e-292	790
WP_000766151.1	NP_462496.1	100	423	3.40e-307	827
WP_000658628.1	NP_462170.1	100	423	8.83e-319	857
WP_000130314.1	NP_459445.1	100	423	2.92e-308	830
WP_000792275.1	NP_461307.1	100	422	6.91e-311	837
WP_000457662.1	NP_460948.1	100	422	7.52e-315	847
WP_000433394.1	NP_462266.1	100	422	2.38e-286	775
WP_000271926.1	NP_461716.1	99.8	422	8.06e-310	834
WP_000074128.1	NP_459745.1	99.5	415	4.79e-282	763
WP_000794388.1	NP_460741.1	100	421	0.0	883
WP_000210950.1	NP_459818.1	100	421	0.0	882
WP_000047525.1	NP_462805.1	100	421	6.39e-311	837
WP_000912488.1	NP_461838.1	100	420	2.88e-302	815
WP_000588463.1	NP_459137.1	100	420	2.12e-304	820
WP_000061259.1	NP_462732.1	100	420	1.74e-303	818
WP_000056576.1	NP_461930.1	100	420	2.73e-316	850
WP_000011227.1	NP_462811.1	100	420	5.06e-312	839
WP_058814511.1	NP_462605.1	99.8	419	1.52e-248	679
WP_001576500.1	NP_462482.3	100	419	2.29e-287	777
WP_001054532.1	NP_462807.1	100	419	7.97e-304	818
WP_000667146.1	NP_461227.1	100	419	4.18e-315	847
WP_000495330.1	NP_459525.1	100	419	3.03e-308	830
WP_000357288.1	NP_462217.1	100	419	7.31e-300	808
WP_000312505.1	NP_463224.1	100	419	3.78e-270	733
WP_000211463.1	NP_462927.1	99.8	419	4.54e-319	857
WP_001049804.1	NP_462029.1	100	418	5.19e-304	819
WP_000513241.1	NP_461356.1	100	418	7.06e-302	813
WP_000173208.1	NP_460733.1	100	418	1.90e-290	785
WP_001055835.1	NP_459042.1	99.8	417	7.52e-317	851
WP_000919178.1	NP_461490.1	100	417	1.56e-309	833
WP_000333148.1	NP_460037.1	99.8	417	1.95e-303	817
WP_000288496.1	NP_459351.1	100	417	3.52e-306	824
WP_000091796.1	NP_460446.1	100	417	9.93e-297	800
WP_000076266.1	NP_462243.1	100	417	4.04e-296	799
WP_000011919.1	NP_461908.1	100	417	2.61e-292	789
WP_000893231.1	NP_459319.1	100	416	2.75e-298	804
WP_000444508.1	NP_460208.1	100	416	2.14e-311	837
WP_000144381.1	NP_462565.1	100	416	3.39e-320	860
WP_000050295.1	NP_462816.1	100	416	1.15e-290	785
WP_001156978.1	NP_459561.1	100	415	2.00e-295	797
WP_000930843.1	NP_461337.1	100	415	1.56e-308	830
WP_000005067.1	NP_459515.1	100	415	3.95e-286	773
WP_001239941.1	NP_461702.1	100	414	4.30e-310	834
WP_001239803.1	NP_459132.1	100	414	6.18e-294	793
WP_001081661.1	NP_459585.1	100	414	7.88e-281	760
WP_000235363.1	NP_462139.1	100	414	5.55e-281	760
WP_000224386.1	NP_462192.1	100	414	1.93e-297	802
WP_000189588.1	NP_459315.1	100	414	5.94e-317	851
WP_000168091.1	NP_460189.1	100	414	2.36e-282	764
WP_001670701.1	NP_463192.1	100	413	4.90e-295	796
WP_001188918.1	NP_463376.1	100	413	5.85e-287	775
WP_001136409.1	NP_461131.1	100	413	2.69e-308	829
WP_001095738.1	NP_460505.1	100	413	3.46e-279	756
WP_001062055.1	NP_462892.1	100	413	6.15e-314	843
WP_000870946.1	NP_462901.1	100	413	0.0	883
WP_000749201.1	NP_460090.1	100	413	1.33e-308	830
WP_000708443.1	NP_462119.1	100	413	1.24e-313	843
WP_000678822.1	NP_461071.1	100	413	3.17e-275	746
WP_000649649.1	NP_459790.1	99.8	413	1.39e-310	835
WP_000554739.1	NP_461178.1	100	413	3.82e-308	829
WP_000131735.1	NP_461349.1	100	413	2.38e-286	774
WP_000044664.1	NP_460167.1	100	413	2.53e-297	801
WP_012543325.1	NP_459323.3	100	412	9.37e-288	777
WP_000832802.1	NP_462391.1	100	412	3.00e-284	768
WP_000763118.1	NP_461343.1	100	412	9.03e-311	835
WP_000646113.1	NP_459607.1	100	412	2.22e-311	837
WP_000498891.1	NP_459652.1	100	412	0.0	875
WP_000956095.1	NP_461132.1	100	411	2.57e-305	822
WP_000589769.1	NP_459522.1	100	411	1.76e-312	840
WP_000468919.1	NP_461345.1	99.8	411	7.11e-287	775
WP_000395790.1	NP_459823.3	100	411	2.18e-302	814
WP_000118144.1	NP_459597.1	100	411	0.0	882
WP_001181280.1	NP_459843.1	99.5	410	4.84e-289	780
WP_001151627.1	NP_461978.1	100	410	2.73e-295	796
WP_000093829.1	NP_463436.5	100	410	5.67e-313	841
WP_000056911.1	NP_459961.1	100	410	3.42e-314	844
WP_001007939.1	NP_461571.1	100	409	1.68e-309	832
WP_000909019.1	NP_461805.1	100	409	2.41e-261	710
WP_000359410.1	NP_460197.1	100	409	3.64e-304	818
WP_000245304.1	NP_459184.1	100	409	4.43e-305	821
WP_000036825.1	NP_461939.1	100	409	1.05e-287	777
WP_001254844.1	NP_459347.3	100	408	3.26e-286	773
WP_001131430.1	NP_460590.1	100	408	1.81e-308	829
WP_000809945.1	NP_462711.1	100	408	0.0	871
WP_000661783.1	NP_463295.1	100	408	1.60e-302	814
WP_000512359.1	NP_461395.1	100	408	5.16e-283	765
WP_000471807.1	NP_460347.1	100	408	2.39e-288	778
WP_000059493.1	NP_460269.1	100	408	2.47e-306	824
WP_001249472.1	NP_459766.1	100	407	8.55e-302	812
WP_000905564.1	NP_460298.1	99.8	407	1.82e-287	776
WP_000816454.1	NP_463425.1	100	407	3.83e-314	843
WP_000699632.1	NP_461051.1	100	407	1.04e-302	815
WP_000030590.1	NP_459732.1	100	407	5.35e-86	265
WP_001251593.1	NP_459488.1	100	406	1.41e-279	756
WP_001030985.1	NP_461602.1	100	406	3.04e-290	783
WP_000868521.1	NP_461045.1	100	406	3.45e-296	798
WP_000477024.1	NP_459371.1	100	406	1.03e-297	802
WP_000410846.1	NP_463327.1	100	406	2.79e-311	836
WP_000225097.1	NP_460448.1	99.8	406	1.11e-292	789
WP_000187577.1	NP_459667.1	100	406	2.33e-294	793
WP_000143859.1	NP_460338.1	100	406	1.73e-305	822
WP_000050168.1	NP_462630.3	100	406	1.23e-287	776
WP_001023826.1	NP_461058.1	100	405	1.60e-305	822
WP_000631669.1	NP_460927.1	100	405	7.53e-263	714
WP_000190006.1	NP_462371.1	99.8	405	1.04e-301	812
WP_001105521.1	NP_462422.1	99.8	404	2.45e-302	813
WP_000958458.1	NP_462613.1	100	404	1.34e-292	789
WP_000817161.1	NP_461320.1	100	404	9.06e-291	784
WP_000775266.1	NP_461478.1	99.8	404	8.46e-296	797
WP_000706264.1	NP_460465.1	100	404	1.75e-320	860
WP_000667440.1	NP_462448.3	100	404	3.03e-289	780
WP_000656600.1	NP_459578.1	100	404	0.0	862
WP_000544849.1	NP_459977.1	100	404	3.12e-307	826
WP_000120647.1	NP_461002.1	100	404	1.46e-296	799
WP_000091397.1	NP_461057.1	100	404	1.47e-280	758
WP_000075048.1	NP_460125.1	100	404	2.28e-284	768
WP_000074540.1	NP_461273.1	100	404	7.35e-306	822
WP_001562965.1	NP_460893.1	100	403	3.50e-283	765
WP_000858711.1	NP_459629.1	100	403	2.44e-299	806
WP_000797677.1	NP_460327.1	99.8	403	7.69e-287	774
WP_000446768.1	NP_459377.1	100	403	9.19e-279	754
WP_000323786.1	NP_460360.1	100	403	2.65e-303	816
WP_000217432.1	NP_459845.1	99.8	403	1.03e-275	746
WP_000140480.1	NP_460054.1	100	403	1.08e-302	814
WP_000010567.1	NP_460148.1	100	403	3.21e-279	755
WP_001001853.1	NP_462156.1	100	402	1.40e-293	791
WP_000222406.1	NP_461832.1	100	402	2.97e-279	755
WP_000203131.1	NP_463273.1	100	402	3.53e-287	775
WP_000099858.1	NP_459722.1	100	402	4.40e-281	759
WP_000092178.1	NP_460137.1	99.8	402	5.23e-289	780
WP_001535233.1	NP_460918.3	100	401	1.24e-305	822
WP_001521492.1	NP_461233.1	100	401	3.95e-314	843
WP_001182309.1	NP_460391.1	100	401	4.25e-283	764
WP_000991053.1	NP_461903.1	100	401	1.76e-291	786
WP_000659236.1	NP_460911.1	100	401	1.92e-295	796
WP_000462256.1	NP_462646.1	100	401	2.20e-269	730
WP_000427676.1	NP_490542.1	100	401	1.06e-292	789
WP_001221261.1	NP_459391.1	100	400	2.07e-294	793
WP_001192144.1	NP_461972.1	100	400	1.52e-296	798
WP_000985529.1	NP_461735.1	100	400	2.89e-285	770
WP_000889012.1	NP_461681.1	100	400	1.41e-301	811
WP_000848076.1	NP_460579.1	100	400	3.93e-283	764
WP_000705579.1	NP_461215.1	100	400	8.53e-303	814
WP_000516322.1	NP_459055.1	100	400	9.00e-314	842
WP_000376347.1	NP_461350.1	100	400	1.13e-266	723
WP_000347159.1	NP_460516.1	100	400	4.99e-311	835
WP_000195709.1	NP_459840.1	100	400	3.57e-295	795
WP_000191399.1	NP_459979.1	100	400	2.10e-303	816
WP_000141051.1	NP_461077.1	99.7	294	2.55e-221	604
WP_000114087.1	NP_459147.1	100	400	4.47e-289	780
WP_000095689.1	NP_461279.1	100	400	8.07e-292	786
WP_000004678.1	NP_461926.1	99.8	400	2.18e-264	717
WP_001518787.1	NP_460187.3	100	399	2.75e-271	736
WP_001546072.1	NP_462821.1	100	398	7.05e-283	764
WP_001276370.1	NP_461509.1	97.5	398	8.84e-279	753
WP_001218249.1	NP_462597.1	100	398	1.84e-296	798
WP_001213790.1	NP_462609.1	100	398	7.71e-289	779
WP_001080680.1	NP_460946.1	100	398	4.46e-288	777
WP_000935674.1	NP_461235.1	100	398	2.31e-290	783
WP_000811905.1	NP_459225.1	100	398	3.51e-285	769
WP_000439219.1	NP_462489.1	100	398	2.62e-296	798
WP_000029246.1	NP_460253.1	100	398	2.03e-309	831
WP_001687378.1	NP_462733.1	100	397	4.55e-301	810
WP_001039202.1	NP_459471.1	100	397	6.16e-274	741
WP_000486903.1	NP_463113.1	100	397	1.15e-294	793
WP_000467983.1	NP_461339.1	100	397	1.13e-285	771
WP_000248794.1	NP_461669.1	100	397	7.44e-291	784
WP_000209484.1	NP_460685.1	99.7	397	1.57e-292	788
WP_000150103.1	NP_461120.1	100	397	4.75e-303	815
WP_001541628.1	NP_462652.1	100	396	4.15e-292	787
WP_001285726.1	NP_461228.1	100	396	9.23e-305	819
WP_000971148.1	NP_459041.1	100	396	3.64e-311	835
WP_000883146.1	NP_461491.1	99.5	396	2.09e-301	810
WP_000695417.1	NP_463094.3	100	396	1.39e-293	791
WP_000660244.1	NP_461222.1	100	396	6.94e-275	743
WP_000586988.1	NP_462594.1	100	396	6.60e-289	779
WP_000462653.1	NP_459973.1	100	396	2.06e-292	788
WP_000213347.1	NP_461165.1	100	396	1.03e-276	748
WP_000154625.1	NP_460482.1	100	396	8.64e-269	728
WP_001147500.1	NP_461396.1	100	395	4.22e-280	756
WP_001068050.1	NP_460476.1	100	395	1.11e-275	745
WP_001066984.1	NP_463334.1	100	395	1.26e-281	760
WP_000819619.1	NP_462746.1	100	395	4.83e-270	731
WP_000130262.1	NP_462076.1	100	395	2.13e-289	780
WP_001230254.1	NP_462723.1	100	394	6.96e-299	804
WP_000933432.1	NP_462038.1	100	394	1.17e-306	823
WP_000828740.1	NP_462699.1	100	394	4.56e-279	754
WP_000815487.1	NP_462050.1	100	394	8.12e-298	801
WP_000233260.1	NP_463374.1	100	394	1.40e-273	740
WP_000205341.1	NP_460244.1	100	394	3.58e-276	746
WP_000165758.1	NP_461738.1	100	394	5.32e-262	711
WP_000031748.1	NP_463015.1	100	394	2.50e-292	787
WP_000551937.1	NP_461152.1	100	393	9.27e-283	763
WP_000185211.1	NP_462376.1	100	393	1.26e-280	758
WP_001238501.1	NP_460565.1	100	392	2.21e-269	729
WP_001177074.1	NP_461455.1	100	392	5.80e-265	718
WP_000665977.1	NP_461936.1	100	392	7.87e-279	753
WP_000459827.1	NP_462562.1	99.2	392	2.20e-285	769
WP_000450192.1	NP_461795.1	100	392	8.70e-292	786
WP_000173431.1	NP_460840.1	100	392	2.99e-283	764
WP_000127736.1	NP_461314.1	99.7	392	1.03e-274	743
WP_000111140.1	NP_461973.2	100	392	3.40e-289	779
WP_000017678.1	NP_462063.1	100	392	4.82e-289	779
WP_001170627.1	NP_460428.1	100	391	4.10e-285	769
WP_001127538.1	NP_459255.1	100	391	3.39e-268	726
WP_001033457.1	NP_459559.1	100	391	1.91e-258	701
WP_000367601.1	NP_459587.1	100	391	4.28e-287	774
WP_000184633.1	NP_459663.1	100	391	9.00e-289	778
WP_001670689.1	NP_447101.1	100	390	1.18e-288	778
WP_001275603.1	NP_461740.1	100	390	6.90e-272	735
WP_001113069.1	NP_463371.1	100	390	8.55e-282	760
WP_000925042.1	NP_461007.1	100	390	1.68e-288	777
WP_000755620.1	NP_459389.1	100	390	1.77e-274	742
WP_000673556.1	NP_462212.1	100	390	4.16e-273	738
WP_000046099.1	NP_461629.1	99.5	390	8.92e-284	765
WP_001278098.1	NP_461109.1	99.7	389	4.12e-268	726
WP_000891378.1	NP_460667.1	100	389	2.27e-281	759
WP_000138962.1	NP_462822.1	100	389	6.21e-247	672
WP_000132749.1	NP_459364.1	100	389	2.40e-292	787
WP_001111174.1	NP_463289.1	100	388	4.34e-274	741
WP_001048589.1	NP_459723.1	99.7	388	6.43e-276	745
WP_000704831.1	NP_461025.1	100	388	1.41e-279	754
WP_000681340.1	NP_459044.1	100	388	1.24e-273	739
WP_000003211.1	NP_461460.1	100	388	8.30e-288	775
WP_085983317.1	NP_461696.1	100	288	8.63e-222	604
WP_010989057.1	NP_461621.1	100	387	1.91e-272	736
WP_001058724.1	NP_462079.1	100	387	1.81e-286	772
WP_000977203.1	NP_463274.1	99.7	387	1.81e-286	772
WP_000943932.1	NP_463237.1	100	387	6.20e-303	813
WP_000835387.1	NP_459834.1	100	387	3.97e-290	781
WP_000442833.1	NP_462103.1	100	387	9.86e-300	805
WP_000438778.1	NP_462867.1	100	387	1.31e-279	754
WP_000111274.1	NP_461985.1	100	387	5.46e-272	735
WP_001245592.1	NP_459595.1	100	386	4.28e-289	778
WP_000525751.1	NP_460102.1	100	386	3.99e-294	791
WP_000200080.1	NP_461597.1	100	386	4.72e-277	748
WP_000197217.1	NP_462981.1	100	386	3.10e-282	761
WP_014344386.1	NP_459983.3	99.7	385	5.54e-280	755
WP_001539618.1	NP_459983.3	100	385	1.36e-280	757
WP_000929420.1	NP_459215.1	100	385	6.47e-279	753
WP_000830784.1	NP_459370.3	100	376	1.26e-276	746
WP_000160383.1	NP_462300.1	100	385	6.09e-268	725
WP_000118956.1	NP_459773.1	99.7	385	1.93e-280	756
WP_001062140.1	NP_462006.1	100	384	6.69e-276	745
WP_000906725.1	NP_460616.1	99.7	384	3.17e-242	660
WP_000271186.1	NP_459668.1	100	384	1.13e-283	764
WP_000100055.1	NP_460120.1	100	384	7.60e-282	760
WP_000800210.1	NP_463000.1	100	383	3.68e-293	788
WP_000797077.1	NP_460871.1	99.7	383	2.82e-272	736
WP_000462785.1	NP_459138.1	100	383	1.23e-266	721
WP_000347819.1	NP_460322.1	100	383	7.64e-286	770
WP_001049367.1	NP_459753.1	100	382	4.39e-280	755
WP_000741212.1	NP_459234.1	100	382	1.47e-278	751
WP_000706331.1	NP_459520.1	100	382	1.06e-271	734
WP_000704735.1	NP_462728.1	100	382	1.62e-291	784
WP_000645391.1	NP_462586.1	100	382	3.17e-273	738
WP_000597287.1	NP_459071.1	100	382	4.26e-287	773
WP_000593086.1	NP_460451.1	100	382	2.65e-281	758
WP_000109271.1	NP_459943.1	100	382	1.51e-271	734
WP_000098879.1	NP_460390.1	100	382	4.49e-298	801
WP_000013565.1	NP_461893.1	100	382	9.90e-277	747
WP_000009249.1	NP_462925.1	100	382	3.17e-273	738
WP_000706459.1	NP_462160.1	100	381	6.61e-270	729
WP_000591818.1	NP_462614.1	100	381	8.18e-280	754
WP_001526153.1	NP_461137.1	100	380	7.57e-280	754
WP_000706479.1	NP_461880.1	100	380	1.57e-272	736
WP_000347134.1	NP_459078.1	100	380	3.49e-285	768
WP_001670426.1	NP_463216.3	100	379	6.03e-289	778
WP_001292906.1	NP_460977.1	99.7	379	3.88e-277	748
WP_001279284.1	NP_461239.3	100	379	3.73e-281	758
WP_001173729.1	NP_461489.1	100	379	3.82e-268	725
WP_001119009.1	NP_459018.1	100	379	2.06e-240	655
WP_000989908.1	NP_460868.1	100	379	2.40e-296	796
WP_000978077.1	NP_461063.1	100	379	3.88e-277	748
WP_000811134.1	NP_459675.1	100	379	8.88e-283	762
WP_000568258.1	NP_459726.1	100	379	9.94e-280	754
WP_001139583.1	NP_459581.1	99.7	378	3.53e-268	725
WP_001096517.1	NP_462020.1	99.7	378	1.13e-289	779
WP_000888114.1	NP_460749.1	100	378	1.03e-276	746
WP_000865526.1	NP_461210.1	100	378	5.54e-281	757
WP_000699178.1	NP_461312.1	100	378	6.47e-280	754
WP_000531607.1	NP_460196.1	100	378	3.85e-272	735
WP_000019989.1	NP_462134.1	100	378	5.78e-283	762
WP_001000698.1	NP_459855.1	100	377	1.64e-277	748
WP_000847565.1	NP_463028.1	100	377	2.47e-288	776
WP_000824901.1	NP_459706.1	100	377	7.28e-281	757
WP_000824309.1	NP_460434.1	100	377	7.92e-285	767
WP_000459930.1	NP_463306.1	100	377	1.11e-275	744
WP_000456065.1	NP_460227.1	100	377	1.73e-263	713
WP_000152869.1	NP_459504.1	100	377	3.00e-289	778
WP_000086354.1	NP_461762.1	100	377	1.19e-270	731
WP_001149782.1	NP_459859.1	99.7	376	1.21e-283	764
WP_000866685.1	NP_462810.1	100	376	5.77e-282	759
WP_000817263.1	NP_461535.1	100	376	3.55e-279	754
WP_000612078.1	NP_462815.1	100	376	1.15e-272	736
WP_000487287.1	NP_461151.1	100	376	1.71e-258	700
WP_000332026.1	NP_461220.1	100	376	3.20e-279	753
WP_000045765.1	NP_459794.1	100	376	8.87e-261	706
WP_001277825.1	NP_461418.1	100	375	1.12e-283	764
WP_001109130.1	NP_460773.1	100	375	1.20e-278	751
WP_000667305.1	NP_459400.1	100	375	5.18e-289	777
WP_001261577.1	NP_462622.1	100	374	2.85e-281	758
WP_001214750.1	NP_462486.1	100	374	2.08e-258	700
WP_001191222.1	NP_462256.1	100	374	9.15e-278	749
WP_001134807.1	NP_462984.1	100	374	1.24e-300	806
WP_000940803.1	NP_462534.1	100	374	2.68e-295	793
WP_000917257.1	NP_460209.1	100	374	2.55e-284	765
WP_000124529.1	NP_462309.1	100	374	3.06e-276	745
WP_001212958.1	NP_461778.2	100	373	8.57e-287	771
WP_000835011.1	NP_460409.1	100	373	1.25e-279	753
WP_000456516.1	NP_460199.1	100	373	1.61e-291	783
WP_000225191.1	NP_461599.1	100	373	1.06e-271	733
WP_000048160.1	NP_461054.1	100	373	2.43e-277	748
WP_001201751.1	NP_459918.1	100	372	3.30e-254	689
WP_001196903.1	NP_459575.1	100	372	3.76e-285	767
WP_001139187.1	NP_463307.1	99.7	372	5.82e-264	714
WP_001058312.1	NP_460742.1	100	372	2.97e-282	760
WP_000872773.1	NP_460131.1	100	372	2.18e-284	765
WP_000842141.1	NP_460586.1	100	372	6.99e-281	756
WP_000758335.1	NP_460490.1	100	372	2.34e-279	753
WP_000612171.1	NP_461818.1	100	372	1.91e-253	687
WP_000551825.1	NP_461458.1	99.7	372	3.92e-262	709
WP_000248615.1	NP_460329.1	100	372	1.71e-256	695
WP_000145429.1	NP_462065.1	100	372	1.04e-282	761
WP_000144617.1	NP_460571.1	100	372	3.19e-277	747
WP_001247118.1	NP_490538.1	100	371	6.23e-129	372
WP_001221110.1	NP_461700.1	100	371	8.45e-277	746
WP_000951736.1	NP_463067.1	100	371	4.42e-263	711
WP_001091448.1	NP_460997.1	100	370	2.12e-265	717
WP_000484086.1	NP_459380.1	100	370	3.27e-269	727
WP_000131713.1	NP_459631.1	100	370	1.25e-257	697
WP_000125769.1	NP_459854.1	100	370	2.24e-276	745
WP_000050090.1	NP_459813.1	99.7	370	1.17e-262	710
WP_001005424.1	NP_461098.1	100	369	1.28e-270	730
WP_000988813.1	NP_462518.1	100	369	8.53e-285	766
WP_000928801.1	NP_459423.1	100	369	2.59e-270	729
WP_000822973.1	NP_462465.1	99.7	369	6.10e-269	726
WP_000275493.1	NP_448089.1	100	369	5.23e-270	729
WP_000258838.1	NP_462431.1	100	369	7.12e-268	723
WP_000224069.1	NP_460034.1	100	369	4.73e-282	759
WP_000188463.1	NP_462667.1	100	369	1.48e-260	705
WP_000179176.1	NP_463095.1	100	369	8.67e-269	726
WP_000988585.1	NP_460105.1	100	368	4.51e-275	741
WP_000799940.1	NP_462440.1	100	368	2.61e-274	739
WP_000469050.1	NP_459793.1	100	368	4.76e-261	706
WP_000004541.1	NP_460204.3	100	368	1.05e-279	754
WP_001521443.1	NP_462468.1	100	365	2.40e-269	727
WP_001285275.1	NP_459318.1	100	367	6.26e-261	706
WP_001194448.1	NP_460499.1	100	367	5.29e-278	749
WP_001150216.1	NP_459411.1	100	367	2.70e-271	732
WP_000771937.1	NP_462808.1	100	367	1.21e-258	700
WP_000374031.1	NP_462989.1	100	367	5.00e-267	721
WP_000281907.1	NP_461300.1	100	367	4.87e-274	739
WP_000203955.1	NP_459426.1	100	367	1.34e-271	733
WP_000184315.1	NP_462242.1	100	367	4.47e-270	729
WP_001045494.1	NP_461899.1	100	366	7.87e-284	763
WP_001010544.1	NP_461623.1	99.7	366	1.22e-262	710
WP_000828052.1	NP_462920.3	100	352	1.60e-234	638
WP_000673478.1	NP_462737.1	100	366	1.55e-265	717
WP_000584130.1	NP_463339.1	100	366	3.07e-256	694
WP_000186981.1	NP_463008.1	100	366	3.55e-271	731
WP_000148418.1	NP_460727.1	100	366	1.56e-249	677
WP_010989230.1	NP_461957.3	100	293	7.87e-209	571
WP_001518955.1	NP_460152.1	100	365	2.50e-250	679
WP_000678626.1	NP_461907.1	100	365	3.72e-277	746
WP_000092932.1	NP_460399.1	100	365	1.19e-273	738
WP_000021076.1	NP_461376.1	100	365	5.00e-266	718
WP_001271421.1	NP_459372.1	100	364	2.67e-265	716
WP_001173255.1	NP_459636.1	100	364	4.49e-273	736
WP_001154078.1	NP_459508.1	100	364	1.99e-276	744
WP_001096588.1	NP_459375.1	100	364	2.29e-266	719
WP_000501623.1	NP_461161.1	100	364	4.95e-261	706
WP_000068738.1	NP_461971.1	100	364	7.45e-272	733
WP_001526178.1	NP_463353.1	100	363	1.15e-279	753
WP_000977713.1	NP_459974.1	100	363	5.42e-269	726
WP_000976502.1	NP_460500.1	99.7	363	2.40e-272	734
WP_000505857.1	NP_460740.1	99.7	363	1.17e-263	712
WP_000042325.1	NP_459117.1	100	363	2.03e-264	714
WP_001016847.1	NP_459594.1	100	362	2.38e-267	721
WP_000769035.1	NP_460531.1	100	362	3.39e-267	721
WP_000439828.1	NP_462389.1	100	362	2.10e-261	706
WP_000079584.1	NP_459952.1	100	362	1.10e-272	735
WP_001253768.1	NP_463447.1	100	361	1.47e-256	694
WP_000976289.1	NP_462028.1	100	361	5.81e-263	710
WP_000918456.1	NP_461326.1	100	361	2.57e-266	719
WP_000697840.1	NP_461042.1	100	361	7.47e-275	740
WP_000238929.1	NP_462700.1	100	361	1.14e-269	727
WP_223149274.1	NP_461846.1	99.7	360	1.33e-242	659
WP_001182242.1	NP_463340.1	100	360	1.30e-254	689
WP_000964141.1	NP_459130.1	100	360	5.37e-263	710
WP_000804703.1	NP_460732.1	100	360	1.58e-255	691
WP_000730752.1	NP_461648.1	99.2	360	9.14e-255	689
WP_001518286.1	NP_460162.1	100	359	4.02e-253	685
WP_001147297.1	NP_463112.1	100	359	3.40e-270	728
WP_000954688.1	NP_460508.3	100	346	6.87e-260	702
WP_000794043.1	NP_459179.1	100	359	5.03e-272	733
WP_000683977.1	NP_462619.1	100	359	3.16e-275	741
WP_000661597.1	NP_462992.1	100	359	5.01e-247	670
WP_000565905.1	NP_461036.1	100	359	1.77e-281	757
WP_000476820.1	NP_461752.1	100	359	7.15e-272	733
WP_000217185.1	NP_462817.1	99.7	359	3.40e-270	728
WP_000128327.1	NP_459749.1	100	359	2.00e-237	645
WP_000102713.1	NP_461018.1	100	359	1.49e-264	714
WP_000034386.1	NP_461984.1	100	359	4.63e-268	723
WP_000467874.1	NP_459616.1	100	358	5.21e-269	725
WP_000141326.1	NP_461943.1	99.7	358	1.16e-256	694
WP_000531533.1	NP_463419.1	100	357	2.39e-269	726
WP_000060085.1	NP_462736.1	100	357	3.49e-262	708
WP_001526672.1	NP_462623.1	100	344	1.81e-256	693
WP_001212189.1	NP_463156.1	100	356	1.19e-248	674
WP_001193983.1	NP_460961.1	100	356	9.12e-253	684
WP_001168062.1	NP_461600.1	100	356	1.53e-260	704
WP_000907838.1	NP_462455.1	100	356	7.29e-259	699
WP_000899675.1	NP_463233.1	100	356	5.42e-270	728
WP_000858952.1	NP_461224.1	100	356	2.30e-271	731
WP_000497705.1	NP_462259.1	100	356	6.42e-253	684
WP_000197903.1	NP_460758.1	100	356	3.51e-266	718
WP_000097719.1	NP_461808.1	100	356	7.67e-245	664
WP_001231299.1	NP_459630.1	93.2	381	4.10e-232	633
WP_001214118.1	NP_462365.1	99.7	355	6.36e-273	735
WP_000892056.1	NP_461428.1	100	355	7.76e-233	634
WP_000822145.1	NP_462812.1	100	355	2.48e-270	728
WP_000815603.1	NP_459528.1	100	355	1.68e-268	724
WP_000359836.1	NP_462488.1	100	355	1.93e-203	559
WP_000080044.1	NP_461019.1	100	355	2.90e-269	726
WP_000016613.1	NP_459133.1	100	355	1.12e-257	696
WP_001266530.1	NP_459399.1	100	354	9.24e-261	704
WP_000775011.1	NP_461736.1	99.7	354	1.54e-227	620
WP_000211207.1	NP_463410.1	99.7	354	5.73e-255	689
WP_000137623.1	NP_463036.2	100	354	5.19e-267	720
WP_000051504.1	NP_462203.1	100	354	4.09e-264	712
WP_000049161.1	NP_463243.1	100	354	8.42e-282	757
WP_001521643.1	NP_461031.1	100	353	1.87e-264	713
WP_001294459.1	NP_460642.1	100	353	8.07e-250	676
WP_001016743.1	NP_460493.1	100	353	4.47e-272	733
WP_000975956.1	NP_461208.1	100	353	3.48e-260	702
WP_000963150.1	NP_461750.1	100	353	4.87e-251	679
WP_000550636.1	NP_460545.1	100	353	1.63e-249	676
WP_000075429.1	NP_463398.1	100	353	6.35e-247	669
WP_001291716.1	NP_460387.1	100	352	2.56e-241	655
WP_001200854.1	NP_461005.1	100	352	3.60e-257	695
WP_000891710.1	NP_459762.1	100	352	7.27e-257	694
WP_000475246.1	NP_462053.1	100	352	1.19e-207	570
WP_000231891.1	NP_460419.1	100	352	4.57e-260	702
WP_000206415.1	NP_461862.1	100	352	1.06e-249	676
WP_001226198.1	NP_459311.1	100	351	4.23e-260	702
WP_001098914.1	NP_460973.1	100	351	2.34e-257	695
WP_001081707.1	NP_462470.1	100	351	4.66e-248	672
WP_000987846.1	NP_459454.1	100	351	2.89e-267	720
WP_000367626.1	NP_459263.1	100	351	2.21e-246	667
WP_001738474.1	NP_461706.1	100	350	1.52e-131	377
WP_001674965.1	NP_460044.1	100	350	7.89e-260	701
WP_001148956.1	NP_462026.1	100	350	8.32e-271	729
WP_001144632.1	NP_460127.1	100	350	2.36e-261	705
WP_001109234.1	NP_459740.1	100	350	1.17e-261	706
WP_001043675.1	NP_459317.1	100	350	1.36e-260	703
WP_001032007.1	NP_462057.1	100	350	1.12e-259	701
WP_000802543.1	NP_462283.1	99.7	350	5.04e-231	629
WP_000784307.1	NP_461209.1	100	350	4.56e-259	699
WP_000753665.1	NP_461389.1	100	350	4.76e-261	704
WP_000129590.1	NP_461085.1	100	350	2.17e-257	695
WP_000041951.1	NP_463213.3	99.4	350	1.45e-257	696
WP_000703934.1	NP_459523.1	100	349	3.47e-258	697
WP_000179589.1	NP_462483.1	100	349	8.82e-236	640
WP_000146194.1	NP_462886.1	100	349	1.30e-253	686
WP_000137961.1	NP_461147.1	99.7	349	7.56e-237	643
WP_000134246.1	NP_461849.1	100	349	3.10e-261	705
WP_000036392.1	NP_460874.1	100	349	7.71e-246	666
WP_010989041.1	NP_461081.1	100	348	6.03e-263	709
WP_001181452.1	NP_459063.1	99.7	348	1.41e-254	688
WP_001122057.1	NP_459714.1	100	348	5.04e-230	626
WP_001082196.1	NP_460313.1	100	348	5.54e-259	699
WP_001018045.1	NP_459661.3	99.7	348	4.93e-247	669
WP_000759329.1	NP_460192.1	100	348	4.24e-263	709
WP_000699196.1	NP_462611.1	99.7	348	2.45e-262	707
WP_000490481.1	NP_461857.1	100	348	1.78e-255	690
WP_000422082.1	NP_460675.1	100	348	4.81e-244	661
WP_000394189.1	NP_462022.1	100	348	9.06e-249	673
WP_000218338.1	NP_461986.1	100	348	7.24e-255	689
WP_000193413.1	NP_462809.1	100	348	1.99e-252	682
WP_000187473.1	NP_459754.1	100	348	2.21e-274	738
WP_000126580.1	NP_460134.1	100	348	2.10e-263	710
WP_010988979.1	NP_459565.1	100	347	9.51e-255	688
WP_001294900.1	NP_460263.1	100	347	3.32e-255	689
WP_001270671.1	NP_461411.1	99.7	347	3.22e-262	707
WP_001238333.1	NP_461190.1	100	347	7.70e-245	663
WP_001238306.1	NP_462712.1	100	347	3.27e-246	667
WP_001217365.1	NP_459146.1	100	347	2.24e-253	685
WP_000985204.1	NP_461483.1	100	347	7.99e-272	731
WP_000913396.1	NP_462284.1	100	347	9.37e-246	665
WP_000911134.1	NP_462956.1	100	347	2.46e-241	654
WP_000844174.1	NP_462174.1	100	347	6.98e-257	694
WP_000818154.1	NP_463073.1	100	347	7.18e-250	676
WP_000761746.1	NP_460219.1	100	347	1.08e-260	703
WP_000702755.1	NP_462499.1	100	347	8.60e-242	655
WP_000115347.1	NP_459736.1	100	347	1.35e-254	688
WP_001202030.1	NP_462725.1	100	346	1.25e-254	688
WP_000998242.1	NP_460425.3	100	346	1.27e-260	704
WP_000931428.1	NP_459752.1	100	346	1.13e-266	718
WP_000867130.1	NP_462756.1	100	346	5.69e-251	679
WP_000558962.1	NP_461925.1	100	346	1.85e-256	692
WP_000557889.1	NP_462948.1	100	346	1.20e-252	683
WP_000090729.1	NP_459772.1	100	346	2.63e-256	692
WP_001517827.1	NP_460548.1	100	345	2.16e-264	713
WP_001289857.1	NP_461123.1	100	345	1.09e-268	723
WP_001121399.1	NP_490532.1	100	345	3.09e-259	699
WP_000997368.1	NP_461583.1	100	345	3.87e-253	684
WP_000774139.1	NP_462654.1	100	345	3.55e-249	674
WP_000172397.1	NP_462446.1	100	345	4.38e-259	699
WP_000130477.1	NP_461434.3	100	345	1.21e-256	693
WP_001263889.1	NP_460270.1	100	344	4.93e-260	701
WP_001118268.1	NP_460441.1	100	344	1.71e-219	599
WP_000798206.1	NP_462607.1	100	344	5.52e-257	694
WP_000675710.1	NP_462451.1	100	344	1.11e-256	693
WP_000331877.1	NP_461423.1	100	344	1.43e-243	660
WP_000063541.1	NP_462931.1	100	344	2.41e-251	679
WP_001292072.1	NP_461651.1	94.2	343	1.17e-240	652
WP_000932246.1	NP_461804.1	100	343	4.75e-237	643
WP_000710966.1	NP_462919.1	100	343	4.63e-244	661
WP_000620491.1	NP_459638.1	100	343	2.92e-247	669
WP_000594021.1	NP_459251.1	100	343	6.86e-246	665
WP_000493665.1	NP_460622.1	100	343	2.40e-246	667
WP_000453340.1	NP_463344.1	100	343	6.22e-258	696
WP_001272276.1	NP_463412.1	100	342	4.35e-253	684
WP_000940484.1	NP_463197.1	100	342	9.15e-255	688
WP_000522566.1	NP_461539.1	100	342	2.93e-251	679
WP_000400600.1	NP_463026.1	100	336	5.14e-255	688
WP_000201030.1	NP_461928.1	100	342	3.15e-246	666
WP_000191231.1	NP_462509.1	100	342	4.11e-242	656
WP_000149795.1	NP_463011.1	100	342	7.29e-261	703
WP_014343927.1	NP_462894.3	100	341	1.51e-248	672
WP_001576625.1	NP_490533.1	100	341	4.63e-243	658
WP_001139265.1	NP_459231.1	100	341	4.02e-205	562
WP_001137764.1	NP_461162.1	100	341	2.86e-237	644
WP_000864924.1	NP_460502.1	100	341	9.87e-254	685
WP_000841337.1	NP_462975.1	100	341	7.15e-247	668
WP_000645990.1	NP_462608.1	100	341	2.26e-259	699
WP_000529340.1	NP_460179.1	100	341	7.78e-251	678
WP_000190993.1	NP_460393.1	100	341	1.91e-251	679
WP_000155500.1	NP_461666.1	93.3	341	1.02e-246	667
WP_001017721.1	NP_461229.3	99.7	317	7.25e-234	634
WP_000968354.1	NP_461929.1	100	340	1.10e-245	665
WP_000736475.1	NP_460169.1	100	340	8.76e-252	680
WP_000736098.1	NP_463294.1	100	340	1.07e-252	682
WP_000628631.1	NP_461136.1	100	340	5.21e-244	660
WP_000149754.1	NP_460349.1	99.7	340	2.62e-253	684
WP_000090737.1	NP_462958.1	100	340	1.98e-248	672
WP_001076596.1	NP_462600.1	100	339	3.96e-243	658
WP_000938843.1	NP_462531.1	100	339	1.96e-243	659
WP_000836487.1	NP_460466.1	100	339	5.94e-254	686
WP_000152563.1	NP_463346.1	100	339	5.94e-254	686
WP_000101027.1	NP_462421.1	100	339	1.09e-240	652
WP_000026949.1	NP_461287.1	100	339	8.33e-245	662
WP_001265465.1	NP_459755.1	100	338	6.97e-257	693
WP_001170134.1	NP_460260.1	100	338	2.40e-248	671
WP_000853913.1	NP_461998.1	100	338	2.37e-239	649
WP_000582931.1	NP_461401.1	100	338	1.17e-239	649
WP_000569660.1	NP_459506.1	100	338	1.12e-237	644
WP_000487685.1	NP_462846.1	100	338	9.21e-262	705
WP_000290275.1	NP_461379.1	100	338	5.50e-254	686
WP_000238877.1	NP_460377.1	100	338	2.03e-240	651
WP_000209756.1	NP_463432.1	100	338	9.50e-255	687
WP_001289141.1	NP_461311.1	100	337	7.64e-240	650
WP_001264394.1	NP_462123.1	100	337	1.01e-244	662
WP_001244002.1	NP_460568.1	100	337	7.98e-242	655
WP_001094622.1	NP_463367.1	100	337	1.44e-244	662
WP_001059352.1	NP_461709.1	100	337	1.83e-247	669
WP_001033832.1	NP_461680.1	100	337	7.85e-258	695
WP_000866904.1	NP_459909.1	100	337	1.52e-255	689
WP_000778012.1	NP_459424.1	100	337	2.59e-247	669
WP_000213211.1	NP_462690.1	100	337	1.93e-258	697
WP_000193432.1	NP_460712.1	100	337	1.83e-247	669
WP_000103563.1	NP_462528.1	100	337	4.68e-250	676
WP_000088479.1	NP_462618.1	100	337	2.07e-253	684
WP_000020685.1	NP_461485.1	100	337	6.84e-243	657
WP_001520468.1	NP_460194.1	100	336	7.48e-251	677
WP_001275101.1	NP_461133.1	100	336	3.30e-229	623
WP_001250625.1	NP_462966.1	100	336	7.38e-242	655
WP_001059953.1	NP_461779.3	100	322	2.39e-230	625
WP_001029484.1	NP_460995.1	100	336	9.63e-238	644
WP_000900312.1	NP_463399.3	99.7	336	4.43e-247	668
WP_000642447.1	NP_460526.1	100	336	3.27e-245	663
WP_000568508.1	NP_460851.1	100	336	7.38e-242	655
WP_000503098.1	NP_461813.1	100	336	1.15e-229	624
WP_000376865.1	NP_462617.1	100	336	7.17e-249	672
WP_000291723.1	NP_460032.1	100	336	2.50e-249	674
WP_000172704.1	NP_463286.1	100	336	1.02e-248	672
WP_000151047.1	NP_459356.1	100	336	2.61e-251	679
WP_001277880.1	NP_459584.1	100	335	2.68e-223	608
WP_000765279.1	NP_461093.1	100	335	3.95e-241	653
WP_000708653.1	NP_459542.1	100	335	3.68e-246	665
WP_000701247.1	NP_459029.1	100	335	7.12e-244	660
WP_000492926.1	NP_461081.1	75.2	335	3.80e-187	517
WP_000290692.1	NP_462535.1	100	335	2.98e-236	640
WP_000252197.1	NP_462021.1	100	335	5.01e-244	660
WP_000201080.1	NP_460514.1	100	335	1.75e-244	661
WP_000130437.1	NP_462189.1	99.7	335	1.56e-247	669
WP_000104231.1	NP_461997.1	99.7	335	3.68e-246	665
WP_000058857.1	NP_460702.1	100	335	5.61e-241	652
WP_000050806.1	NP_461170.1	100	335	2.19e-238	646
WP_010989081.1	NP_462596.1	100	334	2.02e-238	646
WP_001247395.1	NP_459035.1	99.7	334	2.20e-242	656
WP_001232417.1	NP_463225.1	100	334	4.01e-229	622
WP_001090890.1	NP_461459.1	100	334	6.23e-194	533
WP_000994696.1	NP_460701.1	100	334	4.14e-247	668
WP_000935340.1	NP_463001.1	100	334	2.92e-247	668
WP_000872453.1	NP_460171.1	100	334	2.14e-249	674
WP_000762406.1	NP_459123.1	100	334	1.89e-243	659
WP_000723876.1	NP_462287.1	100	334	2.08e-256	691
WP_000642793.1	NP_461087.1	100	334	1.81e-241	654
WP_000502811.1	NP_460929.1	100	334	9.76e-246	664
WP_000237031.1	NP_463325.1	100	334	7.16e-248	670
WP_000165562.1	NP_462384.1	100	334	1.14e-244	662
WP_000103041.1	NP_463329.1	100	334	3.81e-243	658
WP_000074605.1	NP_459358.1	100	334	1.29e-250	677
WP_000981826.1	NP_462957.1	100	333	3.72e-229	622
WP_000908622.1	NP_461032.1	100	333	1.19e-250	677
WP_000817059.1	NP_460340.1	100	333	2.48e-243	658
WP_000566344.1	NP_459911.1	100	333	4.29e-244	660
WP_000565569.1	NP_460426.1	100	333	1.01e-242	657
WP_000553395.1	NP_461313.1	100	333	6.71e-232	629
WP_000368558.1	NP_461256.1	100	333	2.19e-237	643
WP_001244065.1	NP_463341.1	100	332	4.44e-241	652
WP_001182237.1	NP_463108.1	100	332	5.47e-251	677
WP_001036943.1	NP_461135.1	100	332	3.65e-240	650
WP_000869012.1	NP_462568.1	100	332	3.04e-248	671
WP_000853764.1	NP_463276.1	100	332	1.76e-247	669
WP_000765569.1	NP_461360.2	100	332	2.64e-233	633
WP_000640293.1	NP_461347.1	100	332	1.63e-252	681
WP_000617687.1	NP_462137.1	100	332	2.91e-246	665
WP_000224491.1	NP_462785.1	100	332	2.20e-241	653
WP_001240360.1	NP_463362.1	100	245	1.06e-172	476
WP_001216622.1	NP_461737.1	100	331	5.06e-251	677
WP_001182588.1	NP_462558.1	100	331	1.56e-245	664
WP_000815462.1	NP_459764.1	99.7	331	1.84e-253	684
WP_000743436.1	NP_459796.1	100	331	1.80e-219	598
WP_000730239.1	NP_462444.1	100	331	4.79e-240	650
WP_000421309.1	NP_462187.1	100	331	6.90e-249	672
WP_000153505.1	NP_460256.1	100	331	3.02e-243	658
WP_000145244.1	NP_459264.1	100	331	2.84e-257	693
WP_000067735.1	NP_460923.1	100	331	1.76e-226	615
WP_001128868.1	NP_460653.1	100	330	4.31e-247	667
WP_000845121.1	NP_462776.1	100	330	8.69e-247	667
WP_000833320.1	NP_490576.1	100	330	6.71e-260	700
WP_000081498.1	NP_461845.1	100	330	5.94e-229	622
WP_000018226.1	NP_461038.1	100	330	3.29e-251	678
WP_010989099.1	NP_463349.1	100	329	3.27e-246	665
WP_001527061.1	NP_490513.1	100	329	3.61e-234	635
WP_001202279.1	NP_461183.1	100	329	2.14e-251	678
WP_001202277.1	NP_461183.1	97.3	329	6.34e-244	659
WP_001162094.1	NP_462319.1	100	329	1.87e-236	640
WP_000762206.1	NP_460606.1	100	329	2.37e-239	648
WP_000758711.1	NP_462944.1	100	329	2.30e-246	665
WP_000548370.1	NP_462158.1	100	329	5.35e-236	639
WP_000480067.1	NP_459583.1	100	329	1.04e-217	593
WP_000168180.1	NP_459780.1	100	329	2.06e-249	673
WP_000093011.1	NP_459096.1	99.7	329	7.93e-238	644
WP_001128180.1	NP_460906.1	100	328	2.10e-237	643
WP_001081721.1	NP_462064.1	100	328	9.51e-259	697
WP_000999249.1	NP_462876.1	100	328	2.82e-251	678
WP_000983110.1	NP_461363.1	97.6	328	1.63e-179	496
WP_000766336.1	NP_462573.1	100	328	3.34e-234	635
WP_000531161.1	NP_462147.1	100	328	9.13e-257	692
WP_000169350.1	NP_461156.1	100	328	5.02e-245	662
WP_000111027.1	NP_461486.1	100	328	1.00e-235	639
WP_000109360.1	NP_459564.1	100	328	6.37e-248	669
WP_000018617.1	NP_462225.1	100	328	3.49e-236	640
WP_001196509.1	NP_462529.1	100	327	2.27e-236	640
WP_000915326.1	NP_459113.1	100	327	3.66e-242	655
WP_000812819.1	NP_462935.1	100	327	1.87e-235	638
WP_000799367.1	NP_462084.1	100	327	2.96e-232	630
WP_000458893.1	NP_461240.1	100	327	1.26e-233	633
WP_000448745.1	NP_459168.1	100	327	2.37e-238	645
WP_000387373.1	NP_460615.1	100	327	1.09e-243	659
WP_000282119.1	NP_459744.1	100	327	4.39e-234	634
WP_000235551.1	NP_463110.1	100	327	3.09e-234	635
WP_000215261.1	NP_461024.1	100	327	9.32e-220	598
WP_000062941.1	NP_461561.1	100	327	1.21e-231	628
WP_000018570.1	NP_460303.1	100	327	1.22e-240	651
WP_001738297.1	NP_460649.1	100	326	1.22e-235	638
WP_001098984.1	NP_461679.1	100	326	6.46e-231	626
WP_001055649.1	NP_462015.1	100	326	1.27e-237	643
WP_000954984.1	NP_460306.1	100	326	6.92e-226	613
WP_000874172.1	NP_461964.1	100	326	6.02e-236	639
WP_000170589.1	NP_460569.1	100	326	5.30e-230	624
WP_000079130.1	NP_461593.1	100	326	1.61e-240	650
WP_010989080.1	NP_462502.1	100	325	1.14e-244	661
WP_000993096.1	NP_461715.3	100	325	1.00e-241	654
WP_000922736.1	NP_462224.1	100	325	2.79e-220	599
WP_000752138.1	NP_459414.1	100	325	2.30e-244	660
WP_000744413.1	NP_461712.1	100	325	1.22e-239	648
WP_000561681.1	NP_459960.1	100	325	5.81e-238	644
WP_000118515.1	NP_461264.1	100	325	3.36e-237	642
WP_000004794.1	NP_463208.1	100	325	7.07e-239	646
WP_001520270.1	NP_460223.1	100	324	5.38e-238	644
WP_001199859.1	NP_459416.1	100	324	7.96e-240	649
WP_001148246.1	NP_462286.1	100	324	2.98e-235	637
WP_000804674.1	NP_462547.1	100	324	6.73e-232	629
WP_000776233.1	NP_460672.1	100	324	3.63e-236	639
WP_000386494.1	NP_459800.1	100	324	2.38e-241	652
WP_000130724.1	NP_459367.1	100	324	4.74e-232	629
WP_000068811.1	NP_462974.1	100	324	5.87e-194	533
WP_000064272.1	NP_490543.1	99.7	324	8.95e-219	595
WP_000002559.1	NP_461517.1	100	324	2.12e-244	660
WP_001047354.1	NP_462215.1	100	323	1.86e-233	632
WP_001038951.1	NP_462450.1	99.7	323	1.41e-228	620
WP_000801786.1	NP_459485.1	100	323	2.22e-250	675
WP_000569041.1	NP_460863.1	100	323	3.69e-249	672
WP_000448401.1	NP_460846.1	100	323	2.49e-247	667
WP_000199033.1	NP_461754.1	100	323	9.62e-236	638
WP_000046629.1	NP_459403.1	100	323	7.79e-226	613
WP_000036904.1	NP_461365.1	100	323	4.90e-229	621
WP_001669316.1	NP_459913.1	100	322	8.97e-243	656
WP_001533476.1	NP_460026.1	100	322	1.45e-250	676
WP_001132983.1	NP_463434.1	100	322	1.08e-236	640
WP_001098833.1	NP_462138.1	100	322	5.92e-225	611
WP_000944192.1	NP_460383.1	100	322	4.65e-247	667
WP_000934949.1	NP_463212.1	100	322	4.60e-238	644
WP_000537407.1	NP_459934.1	100	322	4.41e-236	639
WP_000368454.1	NP_460273.1	100	322	3.38e-240	649
WP_000150521.1	NP_460786.1	100	322	3.57e-226	614
WP_001278200.1	NP_461759.3	99.7	308	8.51e-219	595
WP_001258061.1	NP_460639.1	100	321	1.78e-230	625
WP_001219664.1	NP_462294.1	100	321	8.95e-240	648
WP_001041701.1	NP_461053.1	100	321	6.57e-242	654
WP_001012658.1	NP_461088.1	100	321	4.97e-237	641
WP_000859023.1	NP_459328.1	100	321	7.67e-241	651
WP_000623290.1	NP_463261.1	100	321	1.53e-231	627
WP_000583298.1	NP_460651.1	100	321	8.47e-229	620
WP_000482967.1	NP_460185.1	100	321	2.87e-236	639
WP_000211345.1	NP_462782.1	100	321	1.29e-207	567
WP_000170380.1	NP_461344.1	100	321	1.09e-240	650
WP_000042640.1	NP_459625.1	100	321	6.57e-242	654
WP_001255561.1	NP_461248.1	100	320	1.32e-236	640
WP_001250078.1	NP_459484.1	100	320	4.28e-242	654
WP_001135518.1	NP_462606.1	100	320	8.89e-235	635
WP_001129814.1	NP_459789.1	100	320	1.58e-228	620
WP_000655752.1	NP_463012.1	100	320	3.62e-234	634
WP_000591793.1	NP_462943.1	100	320	1.32e-236	640
WP_000461381.1	NP_462744.1	100	320	3.88e-229	621
WP_001283048.1	NP_462954.1	100	319	6.95e-227	615
WP_001149066.1	NP_461451.1	100	319	5.32e-231	626
WP_001145561.1	NP_459947.1	100	319	1.48e-237	642
WP_001060729.1	NP_460354.1	100	319	3.39e-243	657
WP_001046438.1	NP_460294.1	100	319	6.76e-234	633
WP_000846319.1	NP_460157.1	100	319	2.83e-226	614
WP_000777903.1	NP_461734.1	100	319	4.08e-235	636
WP_000749366.1	NP_462747.1	100	319	6.56e-241	651
WP_000741630.1	NP_462755.1	100	319	1.10e-223	607
WP_000646499.1	NP_462947.1	100	319	3.12e-239	647
WP_000153648.1	NP_460979.1	100	319	2.90e-244	659
WP_000055753.1	NP_459237.1	100	319	1.25e-229	622
WP_014344408.1	NP_461995.3	100	318	1.43e-239	647
WP_001239449.1	NP_459439.1	100	318	1.79e-233	632
WP_001238988.1	NP_459586.1	100	318	1.84e-226	614
WP_000812017.1	NP_461573.1	100	318	9.53e-229	620
WP_000199637.1	NP_463145.1	100	318	8.75e-225	610
WP_000187839.1	NP_463389.1	100	318	8.88e-234	633
WP_001282817.1	NP_459626.1	100	317	1.31e-230	625
WP_001264604.1	NP_462612.1	100	317	7.97e-241	650
WP_001223033.1	NP_460155.1	100	317	1.18e-217	592
WP_001145543.1	NP_461866.1	100	317	7.65e-239	645
WP_001022089.1	NP_459166.1	100	317	2.84e-209	571
WP_000694477.1	NP_459643.1	100	317	5.02e-219	595
WP_000593016.1	NP_461282.1	100	317	5.32e-230	623
WP_000569786.1	NP_462849.1	100	317	1.12e-231	627
WP_000288154.1	NP_460163.1	100	317	2.53e-228	619
WP_000271423.1	NP_463075.1	100	317	1.83e-205	561
WP_000130175.1	NP_459012.1	100	317	3.59e-228	619
WP_000105452.1	NP_459856.1	100	317	7.55e-230	623
WP_001519667.1	NP_459917.1	100	316	4.33e-230	624
WP_001166422.1	NP_459054.1	100	316	7.82e-227	615
WP_001165740.1	NP_461835.1	100	316	5.50e-227	615
WP_001122927.1	NP_460561.1	99.7	316	5.58e-236	638
WP_001072448.1	NP_461408.1	100	316	1.21e-230	625
WP_001000734.1	NP_463221.1	100	316	1.16e-228	620
WP_000947139.1	NP_462837.1	100	316	2.15e-224	609
WP_000578692.1	NP_460153.1	100	316	2.51e-223	606
WP_000024779.1	NP_459153.1	100	316	8.73e-258	693
WP_000023069.1	NP_463013.1	100	316	4.22e-231	626
WP_001518537.1	NP_460736.1	100	315	2.42e-225	611
WP_001285165.1	NP_462311.1	100	315	1.17e-232	630
WP_001262138.1	NP_460620.1	100	315	1.73e-234	634
WP_001181297.1	NP_463315.1	100	315	8.81e-228	617
WP_001027807.1	NP_462164.1	100	315	1.30e-229	622
WP_000970302.1	NP_459302.1	100	315	4.07e-233	631
WP_000911555.1	NP_461113.1	100	315	7.12e-218	592
WP_000593248.1	NP_462011.1	100	315	2.45e-234	634
WP_000569166.1	NP_461108.1	100	315	2.16e-228	619
WP_000534902.1	NP_459019.1	99.7	315	4.01e-224	608
WP_000157776.1	NP_459833.1	100	315	1.10e-221	602
WP_001115420.1	NP_459120.1	100	314	2.18e-232	629
WP_000939597.1	NP_460848.3	100	314	4.94e-229	621
WP_000769294.1	NP_460438.1	100	314	5.41e-217	590
WP_000705151.1	NP_461030.1	100	314	1.12e-234	635
WP_000089674.1	NP_462197.1	100	314	2.09e-230	624
WP_001521319.1	NP_462824.1	100	313	4.32e-226	613
WP_001518251.1	NP_462909.1	100	313	6.59e-235	636
WP_001032189.1	NP_459081.1	100	313	9.44e-222	602
WP_001030503.1	NP_459824.1	100	313	3.43e-224	608
WP_000970444.1	NP_459125.1	100	313	4.68e-222	603
WP_000881652.1	NP_463060.1	100	313	1.01e-216	589
WP_000749540.1	NP_462665.1	100	313	5.60e-214	582
WP_000728917.1	NP_490541.1	100	313	1.18e-215	587
WP_000377772.1	NP_461335.1	99.7	313	1.05e-218	594
WP_000195682.1	NP_459767.1	100	313	1.26e-235	637
WP_001264832.1	NP_461119.1	100	312	2.54e-230	624
WP_001094910.1	NP_462159.1	100	312	1.06e-222	604
WP_000976562.1	NP_460082.1	100	312	7.27e-230	622
WP_000951251.1	NP_459738.1	100	312	4.51e-224	608
WP_000861586.1	NP_462269.1	100	312	8.02e-218	592
WP_000767311.1	NP_459050.1	100	312	4.71e-226	613
WP_000716007.1	NP_461336.1	100	312	5.17e-239	645
WP_000606288.1	NP_461272.1	100	312	2.24e-224	608
WP_000402556.1	NP_460106.1	100	312	1.94e-234	634
WP_000091249.1	NP_461150.1	100	312	8.49e-229	620
WP_001207419.1	NP_459653.1	100	311	7.85e-229	620
WP_001156208.1	NP_460613.1	100	311	1.41e-231	627
WP_001015871.1	NP_460319.1	100	311	6.19e-226	612
WP_000741798.1	NP_461931.1	100	311	1.40e-222	604
WP_000440523.1	NP_459474.1	100	311	6.25e-210	572
WP_000353754.1	NP_462745.3	99.7	289	6.80e-211	573
WP_000274378.1	NP_461703.1	100	311	1.60e-237	642
WP_000013055.1	NP_463320.1	100	311	1.25e-225	612
WP_001542329.1	NP_461327.1	100	310	7.04e-236	637
WP_001275968.1	NP_459803.1	99.4	310	2.74e-228	618
WP_000932050.1	NP_459698.1	100	310	1.36e-233	632
WP_000855134.1	NP_462275.1	100	310	4.63e-216	587
WP_000794981.1	NP_462570.1	100	310	7.34e-238	642
WP_000587771.1	NP_462610.1	100	310	3.21e-232	628
WP_000428751.1	NP_463326.1	100	310	2.33e-225	611
WP_000269523.1	NP_460392.1	100	310	8.57e-237	640
WP_000251707.1	NP_460292.1	100	310	3.40e-218	593
WP_000216297.1	NP_461833.1	100	310	7.48e-222	602
WP_000106992.1	NP_463162.1	100	310	4.38e-230	623
WP_001252816.1	NP_460960.1	100	309	3.33e-229	620
WP_001176887.1	NP_462239.1	100	309	2.65e-235	636
WP_001127703.1	NP_462912.1	100	309	2.18e-234	634
WP_001122767.1	NP_463047.1	100	309	7.93e-237	640
WP_000844728.1	NP_462784.1	100	309	5.84e-214	582
WP_000814362.1	NP_460636.1	100	309	1.58e-227	616
WP_000795653.1	NP_460879.1	100	309	3.29e-220	598
WP_000703632.1	NP_463070.1	100	309	2.74e-228	618
WP_000440300.1	NP_462277.1	100	309	7.52e-226	612
WP_000432699.1	NP_461796.1	100	309	1.77e-224	608
WP_000241685.1	NP_459008.1	100	309	2.01e-230	624
WP_000208528.1	NP_462794.1	100	309	1.21e-231	627
WP_000191343.1	NP_460164.1	100	309	3.15e-218	593
WP_000178733.1	NP_461707.1	100	309	7.00e-231	625
WP_000139639.1	NP_462971.1	100	309	9.42e-220	597
WP_000092490.1	NP_460431.1	100	309	9.16e-227	614
WP_000037583.1	NP_462513.1	100	309	2.52e-224	608
WP_000027730.1	NP_462914.1	100	309	4.73e-229	620
WP_001109831.1	NP_461359.1	100	308	1.97e-216	588
WP_001022463.1	NP_461510.1	100	308	1.57e-222	603
WP_000703614.1	NP_459551.1	100	308	1.20e-226	614
WP_000460169.1	NP_459509.1	100	308	1.25e-228	619
WP_000423362.1	NP_459677.1	99.7	308	2.29e-215	585
WP_000381075.1	NP_463256.1	100	308	3.70e-221	600
WP_000150619.1	NP_459177.1	100	308	5.04e-219	595
WP_000090081.1	NP_460485.1	100	308	4.90e-226	612
WP_000003007.1	NP_462464.1	100	308	8.21e-209	569
WP_001541637.1	NP_462701.1	100	307	5.13e-232	627
WP_001259729.1	NP_460140.1	99.7	307	1.92e-227	616
WP_000540889.1	NP_462047.1	100	307	1.09e-242	654
WP_000414259.1	NP_460584.1	100	307	1.28e-216	588
WP_000206958.1	NP_461839.1	100	307	5.35e-209	569
WP_000110572.1	NP_461771.1	100	307	1.01e-213	581
WP_012601329.1	NP_463285.3	100	306	8.55e-235	634
WP_001212264.1	NP_460941.1	100	306	3.64e-211	575
WP_001056404.1	NP_459814.1	100	306	1.46e-226	613
WP_000936064.1	NP_459827.1	100	306	1.51e-219	596
WP_000911097.1	NP_460704.1	100	306	8.21e-208	566
WP_000763905.1	NP_459135.1	100	306	5.25e-220	597
WP_000484423.1	NP_461342.1	100	306	9.58e-232	627
WP_000420603.1	NP_460085.1	100	306	6.95e-225	609
WP_000350272.1	NP_462692.1	100	306	2.83e-224	608
WP_000163973.1	NP_460126.1	100	306	8.91e-237	639
WP_000144831.1	NP_461859.1	99.7	306	1.91e-222	603
WP_000127283.1	NP_459056.1	100	306	2.43e-225	610
WP_000105550.1	NP_461994.1	100	306	3.34e-232	628
WP_085983315.1	NP_460940.1	99.7	303	9.19e-204	556
WP_001025919.1	NP_463004.1	100	305	2.93e-221	600
WP_000906146.1	NP_459496.1	100	305	2.17e-161	449
WP_000782504.1	NP_463097.1	100	305	1.67e-211	575
WP_000684022.1	NP_461508.1	100	305	1.39e-219	596
WP_000595487.1	NP_459139.1	100	305	7.83e-226	612
WP_000419093.1	NP_461255.1	100	305	1.84e-224	608
WP_000182930.1	NP_461782.1	100	305	1.77e-222	603
WP_000155869.1	NP_461110.1	100	305	2.12e-214	583
WP_000044409.1	NP_461901.1	100	305	2.93e-221	600
WP_001670736.1	NP_460487.1	100	304	2.64e-217	590
WP_001520582.1	NP_462167.1	100	304	8.11e-223	604
WP_001233446.1	NP_460818.1	100	304	8.94e-211	573
WP_000803316.1	NP_461014.1	100	304	7.78e-221	599
WP_000648534.1	NP_459254.1	100	304	1.33e-212	578
WP_000290512.1	NP_463386.1	100	304	4.50e-220	597
WP_000235945.1	NP_462411.1	100	304	1.20e-224	608
WP_000118383.1	NP_461308.1	100	304	6.13e-218	592
WP_000105593.1	NP_459327.1	100	304	1.80e-235	636
WP_000051601.1	NP_460756.1	100	304	4.89e-224	607
WP_001236024.1	NP_459828.1	100	303	1.26e-205	560
WP_001168551.1	NP_462556.1	100	303	6.49e-233	629
WP_001093886.1	NP_461375.1	100	303	1.69e-219	595
WP_000964305.1	NP_459387.1	100	303	1.14e-217	591
WP_000705816.1	NP_459429.1	100	303	5.12e-230	622
WP_000622326.1	NP_460981.1	100	303	6.70e-226	612
WP_000597928.1	NP_459928.1	100	303	9.80e-219	593
WP_000556777.1	NP_463363.1	100	303	2.44e-228	618
WP_000291338.1	NP_460190.1	100	303	2.96e-229	620
WP_000058734.1	NP_461812.1	100	303	7.82e-225	609
WP_010989018.1	NP_460512.1	100	302	1.13e-237	641
WP_001526121.1	NP_459657.1	99.7	302	5.62e-219	594
WP_001246033.1	NP_459779.1	100	302	1.38e-213	580
WP_001219263.1	NP_459388.1	99.7	302	1.83e-218	593
WP_001103238.1	NP_459068.1	100	302	5.47e-220	597
WP_000979653.1	NP_460703.1	100	302	9.99e-191	523
WP_000885513.1	NP_459756.1	99.7	302	1.68e-214	583
WP_000729450.1	NP_460711.1	100	302	9.07e-219	593
WP_000622342.1	NP_459614.1	100	302	1.55e-210	573
WP_000457024.1	NP_463151.1	100	302	5.31e-227	614
WP_000383509.1	NP_463370.1	100	302	3.30e-221	600
WP_000372384.1	NP_461856.1	100	302	4.55e-228	617
WP_000268332.1	NP_461636.1	99.0	302	8.20e-206	561
WP_000210995.1	NP_461598.1	100	302	3.23e-237	640
WP_000196890.1	NP_462878.1	100	302	5.53e-229	619
WP_000024658.1	NP_461125.1	100	302	1.10e-219	596
WP_014344400.1	NP_461786.1	99.7	302	1.62e-214	583
WP_001268200.1	NP_463175.1	100	301	5.66e-217	589
WP_001230572.1	NP_460713.1	100	301	3.32e-225	610
WP_000359201.1	NP_460635.1	100	301	7.81e-224	606
WP_000192193.1	NP_462433.1	100	301	2.24e-223	605
WP_000102232.1	NP_461515.1	100	301	1.45e-219	595
WP_001682335.1	NP_462664.1	100	300	2.51e-199	544
WP_001211193.1	NP_460453.1	100	300	1.83e-217	590
WP_001077320.1	NP_462942.1	100	300	1.68e-213	580
WP_001050870.1	NP_462636.1	100	300	1.34e-219	595
WP_000987751.1	NP_460477.1	100	300	6.73e-204	556
WP_000806681.1	NP_459268.1	100	300	1.36e-228	618
WP_000684361.1	NP_459852.1	100	300	8.69e-216	586
WP_000331361.1	NP_462916.1	100	300	6.77e-238	642
WP_000132874.1	NP_462834.1	100	300	5.46e-219	594
WP_000084690.1	NP_462530.1	100	300	2.30e-195	534
WP_000002497.1	NP_459598.1	100	300	1.23e-215	585
WP_001541751.1	NP_462078.1	100	299	4.27e-217	589
WP_001526875.1	NP_461579.1	100	299	1.02e-218	593
WP_001273389.1	NP_461084.1	100	299	4.51e-222	602
WP_001196257.1	NP_462848.1	100	299	3.41e-217	589
WP_001023662.1	NP_461041.1	100	299	1.11e-222	603
WP_001019577.1	NP_460447.1	100	299	5.66e-216	586
WP_000990048.1	NP_490502.1	99.7	299	5.49e-223	604
WP_000886607.1	NP_461016.1	99.7	299	4.27e-211	574
WP_000801350.1	NP_461386.1	100	299	5.58e-241	649
WP_000576947.1	NP_459821.1	100	299	6.22e-229	619
WP_000491118.1	NP_459915.1	100	299	9.89e-201	548
WP_000358042.1	NP_462508.1	100	299	3.87e-223	604
WP_000348074.1	NP_459418.1	100	299	3.01e-211	574
WP_000169761.1	NP_461242.1	100	299	3.08e-229	620
WP_000143399.1	NP_461034.1	100	299	9.11e-222	601
WP_000084583.1	NP_461381.1	100	299	3.87e-223	604
WP_000062872.1	NP_459045.1	100	299	3.05e-220	597
WP_000045349.1	NP_462265.1	100	299	7.49e-221	598
WP_001738007.1	NP_459190.3	99.7	298	1.18e-227	616
WP_001520529.1	NP_462904.3	100	298	6.11e-215	583
WP_001054589.1	NP_462734.1	100	298	2.32e-219	595
WP_001041026.1	NP_462149.1	100	298	1.96e-211	575
WP_000982663.1	NP_459611.1	100	298	4.88e-221	599
WP_000973916.1	NP_459705.1	100	298	5.93e-222	601
WP_000701506.1	NP_461708.1	100	298	1.41e-229	620
WP_000434302.1	NP_461960.1	100	298	3.54e-214	582
WP_000372335.1	NP_461392.1	100	298	6.84e-212	576
WP_000336602.1	NP_460081.1	100	298	1.85e-225	610
WP_000268253.1	NP_462903.1	99.7	298	9.71e-212	575
WP_000250717.1	NP_460402.1	100	298	6.93e-221	598
WP_001166274.1	NP_461292.1	100	297	9.49e-223	603
WP_001135135.1	NP_459150.1	100	297	3.98e-215	584
WP_001048530.1	NP_461506.1	100	297	1.31e-204	557
WP_001029671.1	NP_462249.1	99.7	297	4.46e-212	576
WP_001000510.1	NP_460345.1	100	297	2.08e-226	612
WP_000981469.1	NP_461043.1	100	297	6.33e-212	576
WP_000855337.1	NP_459527.1	100	297	3.82e-213	579
WP_000828345.1	NP_461980.1	100	297	1.69e-216	587
WP_000819369.1	NP_461968.1	100	297	1.71e-225	610
WP_000804282.1	NP_460540.1	100	297	4.51e-221	599
WP_000436889.1	NP_459964.1	100	297	1.07e-228	618
WP_000346691.1	NP_490531.1	100	297	4.65e-214	581
WP_001252085.1	NP_463092.1	100	296	1.13e-209	570
WP_001205357.1	NP_459198.1	100	296	1.25e-222	603
WP_001146150.1	NP_460652.1	100	296	1.09e-207	565
WP_001056260.1	NP_462783.1	100	296	4.74e-202	551
WP_000971352.1	NP_459435.1	100	296	6.11e-214	581
WP_000545327.1	NP_459836.1	100	296	3.53e-213	579
WP_000405925.1	NP_459743.3	99.3	283	9.14e-206	560
WP_000284836.1	NP_460321.1	100	296	3.57e-222	602
WP_000212197.1	NP_462754.1	100	296	1.72e-204	557
WP_000178106.1	NP_462161.1	100	296	2.19e-207	564
WP_000007508.1	NP_462986.1	100	296	9.83e-220	595
WP_014343890.1	NP_461905.3	100	295	4.27e-209	568
WP_001189401.1	NP_460492.1	100	295	1.45e-216	587
WP_001119554.1	NP_459809.1	100	295	1.26e-201	550
WP_000906312.1	NP_460880.1	100	295	6.23e-202	550
WP_000365798.1	NP_462799.1	100	295	8.37e-216	585
WP_000354963.1	NP_463135.1	100	295	4.32e-218	591
WP_000243999.1	NP_461788.1	100	295	2.50e-217	589
WP_000099303.1	NP_462457.1	100	295	1.01e-207	565
WP_000052224.1	NP_459363.1	100	295	6.50e-204	555
WP_000022915.1	NP_461142.1	100	295	9.77e-215	583
WP_000944714.1	NP_461217.3	100	294	1.09e-206	562
WP_000802069.1	NP_462194.1	100	294	1.06e-213	580
WP_000683955.1	NP_463297.1	100	294	1.07e-222	603
WP_000642611.1	NP_462296.1	100	294	8.07e-218	590
WP_000608662.1	NP_460255.1	100	294	1.11e-224	608
WP_000553526.1	NP_461128.1	100	294	4.87e-219	593
WP_000438890.1	NP_461355.1	100	294	3.39e-210	571
WP_000339080.1	NP_462840.1	100	294	2.38e-210	572
WP_000061599.1	NP_460528.1	100	294	3.90e-234	632
WP_000019032.1	NP_462072.1	100	294	1.23e-212	577
WP_001738692.1	NP_490498.3	100	293	3.66e-209	568
WP_001526281.1	NP_460275.1	99.7	293	2.99e-217	589
WP_001188274.1	NP_462581.1	100	293	1.99e-222	602
WP_001145849.1	NP_462293.1	100	293	1.11e-219	595
WP_001082981.1	NP_462637.1	100	293	1.69e-214	582
WP_000984498.1	NP_460800.1	100	293	2.17e-201	549
WP_000500442.1	NP_460680.1	100	293	1.99e-222	602
WP_000433674.1	NP_460099.1	100	293	3.50e-207	563
WP_000203799.1	NP_460530.3	100	274	1.47e-199	543
WP_024133852.1	NP_462401.3	99.7	292	4.31e-217	588
WP_001527000.1	NP_462891.1	100	292	2.53e-229	619
WP_001278615.1	NP_459659.1	100	292	7.97e-208	565
WP_001137806.1	NP_462048.1	100	292	1.03e-228	618
WP_001067421.1	NP_462902.1	100	292	1.96e-208	566
WP_001059155.1	NP_461613.1	100	292	2.70e-215	584
WP_000877721.1	NP_462188.3	100	292	5.21e-219	593
WP_000857529.1	NP_461040.1	100	292	6.63e-216	585
WP_000780210.1	NP_459326.1	100	292	1.92e-224	607
WP_000765810.1	NP_459514.1	100	292	2.78e-208	566
WP_000494020.1	NP_461424.1	100	292	7.42e-213	578
WP_000488349.1	NP_460690.1	100	292	4.67e-216	586
WP_000423170.1	NP_462036.1	100	292	5.38e-206	560
WP_000176719.1	NP_461223.1	100	292	5.01e-211	573
WP_000174944.1	NP_461482.1	100	292	4.17e-219	593
WP_000171724.1	NP_462995.1	100	292	8.41e-219	593
WP_000127125.1	NP_462729.1	100	292	1.28e-213	580
WP_014343944.1	NP_490506.1	99.7	291	1.12e-202	552
WP_001291233.1	NP_460678.1	100	291	6.59e-211	573
WP_001123045.1	NP_460061.1	100	291	2.41e-151	422
WP_000979702.1	NP_460831.1	100	291	1.55e-209	569
WP_000921674.1	NP_463180.1	99.7	291	1.05e-207	565
WP_000852705.1	NP_461377.1	100	291	1.05e-207	565
WP_000774147.1	NP_462959.1	100	291	3.26e-211	573
WP_000282794.1	NP_462893.3	100	291	1.16e-229	620
WP_000208976.1	NP_462246.1	100	291	1.43e-205	559
WP_000204645.1	NP_461919.1	100	291	4.18e-223	603
WP_000088556.1	NP_461687.1	100	291	5.04e-215	583
WP_000921427.1	NP_462907.1	100	290	2.93e-193	528
WP_000455249.1	NP_463099.1	100	290	4.29e-211	573
WP_000366538.1	NP_460483.1	100	290	5.44e-214	580
WP_000337636.1	NP_461776.1	100	290	4.86e-217	588
WP_001274690.1	NP_462367.1	100	289	2.60e-216	586
WP_001247803.1	NP_459065.1	99.7	289	5.80e-204	555
WP_001201692.1	NP_462842.1	100	289	2.42e-221	599
WP_001056720.1	NP_460844.1	100	289	9.22e-201	547
WP_000954611.1	NP_463058.1	100	289	4.45e-208	565
WP_000494714.1	NP_461069.1	100	289	2.50e-214	581
WP_000456774.1	NP_460634.1	100	289	2.60e-216	586
WP_000371685.1	NP_463442.1	100	289	8.10e-220	595
WP_000114631.1	NP_459724.1	100	289	1.49e-206	561
WP_000102881.1	NP_461385.1	100	289	5.56e-202	550
WP_000013529.1	NP_461200.1	100	289	2.60e-216	586
WP_001526166.1	NP_461003.1	99.7	288	6.41e-208	565
WP_000998789.1	NP_462090.1	100	288	4.51e-221	598
WP_000774852.1	NP_462055.1	100	288	2.24e-221	599
WP_000729167.1	NP_459537.1	99.7	288	7.11e-209	567
WP_000529613.1	NP_461370.1	100	288	4.80e-207	563
WP_000383490.1	NP_460325.1	100	288	7.41e-211	572
WP_000204362.1	NP_460875.1	100	288	1.43e-208	566
WP_001270766.1	NP_461937.1	99.7	287	1.68e-211	574
WP_001267523.1	NP_461421.1	100	287	1.29e-215	584
WP_001064938.1	NP_463421.1	100	287	2.11e-205	558
WP_000896506.1	NP_462765.1	100	287	1.12e-200	546
WP_000812288.1	NP_462176.1	100	287	1.00e-203	554
WP_000799391.1	NP_460195.1	100	287	2.17e-198	541
WP_000752021.1	NP_459408.1	100	287	3.60e-231	624
WP_000621352.1	NP_462635.1	100	287	1.46e-196	536
WP_000548308.1	NP_461146.1	100	287	4.26e-205	558
WP_000534681.1	NP_459942.1	100	287	4.08e-203	553
WP_000247788.1	NP_461462.1	100	287	2.20e-207	563
WP_001526325.1	NP_462668.3	100	286	2.85e-198	540
WP_001520441.1	NP_460405.1	100	286	3.71e-206	561
WP_001244031.1	NP_462576.1	100	286	1.62e-213	579
WP_001131801.1	NP_462679.1	100	286	5.84e-207	562
WP_001104336.1	NP_461784.1	100	286	1.08e-202	551
WP_000829968.1	NP_459171.1	100	286	3.71e-219	593
WP_000809973.1	NP_459927.1	100	286	1.24e-217	589
WP_000789732.1	NP_460413.1	100	286	1.28e-210	572
WP_000389833.1	NP_461983.1	100	286	3.19e-179	492
WP_000267686.1	NP_460290.1	100	286	1.64e-222	602
WP_000084180.1	NP_459460.1	100	286	1.14e-213	579
WP_000052716.1	NP_459422.1	100	286	1.39e-189	518
WP_001675468.1	NP_462900.3	100	285	3.84e-216	585
WP_001278062.1	NP_462658.4	100	285	6.92e-219	592
WP_001229227.1	NP_463196.1	100	285	1.42e-202	551
WP_001007166.1	NP_459589.1	100	285	6.38e-215	582
WP_000922422.1	NP_459227.1	100	285	2.20e-206	561
WP_000873909.1	NP_461148.1	100	285	5.87e-211	572
WP_000843751.1	NP_460254.1	100	285	2.05e-211	573
WP_000642539.1	NP_459949.1	100	285	5.63e-209	567
WP_000640013.1	NP_461249.1	100	285	2.32e-217	588
WP_000534700.1	NP_460456.1	100	285	2.11e-204	556
WP_000425488.1	NP_461139.2	100	285	2.07e-220	596
WP_000104129.1	NP_461657.1	79.3	285	4.34e-165	456
WP_001044098.1	NP_460296.1	100	284	1.62e-212	576
WP_000949525.1	NP_463248.1	100	284	7.72e-211	572
WP_000905344.1	NP_459186.1	100	284	7.63e-202	549
WP_000811046.1	NP_460728.1	100	284	4.11e-206	560
WP_000469985.1	NP_462166.1	100	284	1.67e-205	558
WP_000339633.1	NP_459555.1	100	284	7.41e-209	567
WP_000243749.1	NP_462233.1	100	284	8.64e-208	564
WP_000172039.1	NP_459152.1	100	284	2.89e-206	560
WP_000159621.1	NP_462469.1	100	284	2.45e-198	540
WP_000116058.1	NP_459499.1	100	284	4.93e-198	540
WP_000005803.1	NP_459566.1	100	284	1.08e-201	549
WP_001518647.1	NP_460788.1	100	283	2.02e-204	556
WP_000988246.1	NP_460735.1	100	283	8.69e-212	574
WP_000808106.1	NP_459222.1	100	283	3.59e-195	532
WP_000745468.1	NP_462645.1	100	283	2.82e-217	588
WP_000516978.1	NP_460076.1	100	283	1.15e-216	587
WP_000274596.1	NP_462997.1	100	283	7.14e-211	572
WP_000201805.1	NP_463010.1	100	283	1.49e-203	553
WP_001541181.1	NP_462788.3	100	282	8.64e-207	561
WP_001042092.1	NP_462895.1	99.6	282	3.01e-207	563
WP_000995703.1	NP_461507.1	100	282	5.52e-194	529
WP_000764711.1	NP_462206.1	100	282	3.94e-203	552
WP_000560616.1	NP_463262.1	100	282	6.71e-195	531
WP_000480208.1	NP_461785.1	100	282	4.16e-189	517
WP_000257211.1	NP_459093.1	100	282	2.23e-218	591
WP_000190263.1	NP_460232.1	100	282	5.66e-212	575
WP_000178065.1	NP_463397.1	100	278	8.96e-199	541
WP_000100474.1	NP_461888.1	100	282	1.24e-215	584
WP_000063377.1	NP_460747.1	100	282	1.14e-211	574
WP_000013294.1	NP_462930.1	99.6	282	1.19e-213	579
WP_001061629.1	NP_459857.1	100	281	1.46e-193	528
WP_000985572.1	NP_462731.1	100	281	3.80e-205	557
WP_000852387.1	NP_459109.1	100	281	9.82e-217	587
WP_000572196.1	NP_462456.1	100	281	2.17e-195	533
WP_000291392.1	NP_459033.1	100	281	1.37e-198	541
WP_000273696.1	NP_460628.1	100	281	1.03e-193	528
WP_000200329.1	NP_460541.1	100	281	1.39e-216	586
WP_000086829.1	NP_459742.1	100	281	4.48e-213	577
WP_000084285.1	NP_462968.1	100	281	2.39e-208	565
WP_000028429.1	NP_462501.1	100	281	3.16e-213	578
WP_001191156.1	NP_460715.1	100	280	4.28e-206	560
WP_001112898.1	NP_462035.1	99.6	280	1.35e-193	528
WP_000983393.1	NP_460281.1	100	280	3.52e-205	557
WP_000954235.1	NP_462497.1	100	280	2.30e-210	570
WP_000811366.1	NP_461684.1	100	280	9.46e-219	592
WP_000536990.1	NP_459164.1	100	280	8.03e-211	572
WP_000205695.1	NP_461060.1	100	280	6.88e-212	574
WP_000205241.1	NP_461468.1	100	280	2.80e-211	573
WP_000929675.1	NP_461397.1	100	279	7.13e-209	566
WP_000691870.1	NP_459206.1	100	279	2.49e-209	568
WP_001059744.1	NP_462918.1	100	278	1.49e-205	558
WP_000742132.1	NP_462387.1	100	278	3.82e-208	565
WP_000503692.1	NP_461941.1	96.5	288	1.01e-178	491
WP_000383271.1	NP_461935.1	100	278	3.98e-210	570
WP_000217112.1	NP_462929.1	100	278	1.97e-210	570
WP_000059074.1	NP_460700.1	100	278	1.72e-195	533
WP_001667936.1	NP_459710.1	100	277	1.96e-205	558
WP_001137620.1	NP_460110.1	100	277	2.75e-196	535
WP_001119759.1	NP_448816.1	99.3	277	1.55e-202	550
WP_001118363.1	NP_462165.1	100	277	1.22e-199	543
WP_000976924.1	NP_463288.1	100	277	1.50e-209	568
WP_000881745.1	NP_461378.1	100	277	9.87e-190	518
WP_000370992.1	NP_460314.1	100	277	2.46e-199	542
WP_000347310.1	NP_460731.1	100	277	2.49e-208	565
WP_000216273.1	NP_461649.1	89.5	277	2.13e-168	464
WP_000033840.1	NP_463278.1	100	277	1.03e-191	523
WP_001242915.1	NP_460626.1	100	276	3.23e-199	542
WP_001103265.1	NP_461283.1	100	276	9.37e-208	563
WP_000928699.1	NP_462426.1	100	276	5.65e-209	566
WP_000645852.1	NP_459908.1	99.6	276	1.81e-205	558
WP_000524317.1	NP_459505.1	100	276	1.54e-197	538
WP_000075728.1	NP_459136.1	100	276	1.18e-201	548
WP_001179685.1	NP_462926.1	100	275	2.59e-209	567
WP_001161781.1	NP_461670.1	100	275	5.86e-206	559
WP_000488548.1	NP_459492.1	100	275	5.55e-195	531
WP_000444735.1	NP_462098.1	100	275	3.68e-209	567
WP_000174981.1	NP_460276.1	100	275	3.12e-201	547
WP_000013100.1	NP_462080.1	100	275	3.53e-207	562
WP_001575119.1	NP_462563.1	100	274	3.00e-178	489
WP_001257342.1	NP_460178.1	100	274	3.03e-212	575
WP_001186673.1	NP_459218.1	100	274	3.00e-178	489
WP_001160671.1	NP_462832.3	100	274	1.13e-205	558
WP_000819114.1	NP_459533.1	100	274	9.37e-207	561
WP_000754712.1	NP_461015.1	100	274	2.69e-206	560
WP_000750535.1	NP_459267.1	100	274	4.83e-209	566
WP_000750428.1	NP_461325.1	100	274	9.76e-209	566
WP_000593433.1	NP_461523.1	100	274	1.39e-208	565
WP_000332219.1	NP_463284.1	100	274	1.33e-206	560
WP_000226434.1	NP_463052.1	100	274	3.23e-198	539
WP_010989100.1	NP_463352.1	100	273	1.68e-204	555
WP_001520344.1	NP_460395.1	100	272	4.04e-169	466
WP_001281933.1	NP_462120.3	100	273	2.74e-192	524
WP_001191856.1	NP_460191.1	100	273	3.95e-203	551
WP_001112113.1	NP_462599.1	100	273	1.48e-198	540
WP_001065397.1	NP_459095.1	99.6	273	1.00e-196	535
WP_000549642.1	NP_460444.1	100	273	1.28e-208	565
WP_000544031.1	NP_459069.1	100	273	3.59e-190	519
WP_000301869.1	NP_462341.1	100	273	6.29e-200	543
WP_000119390.1	NP_459301.1	100	273	3.41e-213	577
WP_000083153.1	NP_461783.1	100	273	7.05e-197	536
WP_010989064.1	NP_461674.1	100	272	5.64e-207	561
WP_000838227.1	NP_462357.1	100	255	1.66e-174	479
WP_000639226.1	NP_460860.1	100	272	3.69e-212	574
WP_000451193.1	NP_462305.1	100	272	5.82e-200	543
WP_000166709.1	NP_462758.1	100	272	9.66e-199	540
WP_000141265.1	NP_459511.1	100	272	2.55e-194	529
WP_000127031.1	NP_459763.1	100	272	1.49e-202	550
WP_000113030.1	NP_459453.1	100	272	8.02e-207	561
WP_000017587.1	NP_461484.1	100	272	7.15e-210	568
WP_001019386.1	NP_463296.1	100	271	7.89e-193	525
WP_000948794.1	NP_460937.1	100	271	7.42e-207	561
WP_000891805.1	NP_462578.1	100	271	1.38e-202	550
WP_000881552.1	NP_460965.1	100	271	3.79e-200	544
WP_000874215.1	NP_459249.1	100	271	3.91e-193	526
WP_000135632.1	NP_462770.1	100	271	1.17e-194	530
WP_000023547.1	NP_459844.1	100	271	2.11e-197	537
WP_001200595.1	NP_459099.1	100	270	6.52e-196	533
WP_000966645.1	NP_460224.1	100	270	9.66e-198	538
WP_000531566.1	NP_462223.1	100	270	3.77e-195	531
WP_000218459.1	NP_463331.1	100	270	4.27e-201	546
WP_000213959.1	NP_462852.1	100	270	3.13e-203	551
WP_000101047.1	NP_460771.1	100	270	4.05e-190	518
WP_000097497.1	NP_460984.3	100	233	1.07e-158	437
WP_000016626.1	NP_461310.1	100	270	6.32e-203	551
WP_001526311.1	NP_459427.1	100	269	1.54e-196	535
WP_001257065.1	NP_460729.1	100	269	5.55e-192	523
WP_001114508.1	NP_462626.1	100	269	4.29e-205	556
WP_000902280.1	NP_461765.1	100	269	9.78e-211	570
WP_000821191.1	NP_459526.1	100	269	5.01e-204	553
WP_000544894.1	NP_461463.2	100	269	1.71e-186	509
WP_000536012.1	NP_462615.1	100	269	3.12e-198	539
WP_000493569.1	NP_462379.1	100	269	9.31e-200	543
WP_000478660.1	NP_460168.1	100	269	3.25e-200	544
WP_000412195.1	NP_459381.1	100	269	1.46e-187	512
WP_000368599.1	NP_461324.1	100	269	9.87e-186	507
WP_000217910.1	NP_459819.1	100	269	2.67e-199	541
WP_000010923.1	NP_460791.1	100	269	6.83e-202	548
WP_000002010.1	NP_463281.1	100	269	1.33e-208	565
WP_010989071.1	NP_461953.1	100	268	2.03e-198	539
WP_001175242.1	NP_462169.1	100	268	4.40e-193	526
WP_001092580.1	NP_459609.1	100	268	2.05e-207	562
WP_000673954.1	NP_460268.1	100	268	3.40e-206	559
WP_000443030.1	NP_460686.1	100	268	2.44e-190	519
WP_000230462.1	NP_460654.1	100	268	1.47e-191	522
WP_000118615.1	NP_460574.1	100	268	1.43e-198	540
WP_000117748.1	NP_461906.1	100	268	1.54e-193	527
WP_001154025.1	NP_459966.1	100	267	4.12e-202	548
WP_000997656.1	NP_461402.1	100	267	8.57e-195	530
WP_000992941.1	NP_461231.1	100	267	1.94e-191	521
WP_000884795.1	NP_460078.1	100	267	6.29e-197	535
WP_000830110.1	NP_460886.1	99.6	267	1.00e-193	527
WP_000553467.1	NP_461481.1	100	267	8.22e-193	525
WP_000154871.1	NP_459253.1	99.6	267	5.55e-191	520
WP_000059693.1	NP_462905.1	100	267	1.07e-188	514
WP_001576357.1	NP_462000.3	100	266	2.34e-187	511
WP_001237059.1	NP_459669.1	100	266	1.28e-200	545
WP_001230968.1	NP_459256.1	100	259	1.55e-188	514
WP_001188957.1	NP_461090.1	100	266	5.36e-193	525
WP_001118843.1	NP_459211.1	100	266	1.79e-191	521
WP_001098498.1	NP_460599.1	100	266	5.19e-200	543
WP_000761635.1	NP_460907.1	100	266	4.05e-188	513
WP_000406918.1	NP_460787.1	100	266	8.99e-176	482
WP_000285338.1	NP_462847.1	100	266	2.47e-198	539
WP_000210449.1	NP_461875.1	100	266	6.26e-192	523
WP_000081340.1	NP_462567.1	100	266	3.93e-195	531
WP_001208013.1	NP_461871.1	99.6	265	9.01e-205	555
WP_001182156.1	NP_461091.1	100	265	1.71e-184	504
WP_001157204.1	NP_459197.1	100	265	2.99e-194	528
WP_001047631.1	NP_459997.1	100	265	9.31e-198	537
WP_000950207.1	NP_460225.1	100	265	3.95e-199	541
WP_000909791.1	NP_459421.1	100	265	1.20e-184	504
WP_000598920.1	NP_460951.1	100	265	2.78e-199	541
WP_000480277.1	NP_460172.1	100	265	1.48e-194	529
WP_000229825.1	NP_462621.1	100	265	1.38e-199	542
WP_000067973.1	NP_459945.3	100	265	8.85e-205	555
WP_001018214.1	NP_459220.1	100	264	8.61e-198	537
WP_001000023.1	NP_460982.1	100	264	4.10e-196	533
WP_000816247.1	NP_461918.1	100	264	3.03e-207	561
WP_000734276.1	NP_459170.1	100	264	2.47e-197	536
WP_000709784.1	NP_460970.1	100	264	1.32e-192	524
WP_000616953.1	NP_460934.1	100	264	5.92e-180	492
WP_000579793.1	NP_460245.1	100	264	7.08e-197	535
WP_000421859.1	NP_459491.1	100	264	1.05e-198	540
WP_000140620.1	NP_459582.1	100	264	1.08e-191	522
WP_001670738.1	NP_460577.1	100	263	1.17e-190	519
WP_001537507.1	NP_461608.1	100	263	1.07e-186	509
WP_001518759.1	NP_460501.1	100	263	1.54e-195	531
WP_001262195.1	NP_460798.1	100	263	6.48e-188	512
WP_001113970.1	NP_459713.1	100	263	2.29e-197	536
WP_001001975.1	NP_460971.1	100	263	1.73e-192	524
WP_000805487.1	NP_459187.1	100	263	3.91e-189	515
WP_000785072.1	NP_460079.1	100	263	4.38e-186	508
WP_000757452.1	NP_459161.1	100	263	4.80e-199	540
WP_000517460.1	NP_461380.1	100	263	2.43e-183	501
WP_000498965.1	NP_461809.1	100	263	7.57e-187	509
WP_000382926.1	NP_462250.1	100	263	1.25e-185	506
WP_001520560.1	NP_462104.1	100	262	9.84e-204	553
WP_001254137.1	NP_459284.1	100	262	6.88e-212	573
WP_001147410.1	NP_459758.1	100	262	2.85e-186	508
WP_001033407.1	NP_460210.1	99.6	262	6.44e-183	499
WP_000565950.1	NP_459233.1	100	262	1.33e-175	481
WP_000533527.1	NP_447557.1	100	262	2.71e-187	511
WP_000506505.1	NP_460659.1	100	262	2.97e-188	513
WP_000495780.1	NP_459623.1	100	262	8.18e-186	507
WP_000331539.1	NP_463409.1	100	262	5.19e-198	538
WP_000175803.1	NP_460230.1	100	262	1.43e-195	531
WP_000097552.1	NP_459735.1	100	262	7.23e-127	358
WP_001164192.1	NP_490521.1	88.5	243	8.55e-153	423
WP_000698598.1	NP_460520.1	100	261	3.79e-195	530
WP_000571508.1	NP_460850.1	100	261	8.34e-174	476
WP_000540981.1	NP_459521.1	100	261	1.01e-199	542
WP_000448638.1	NP_462693.1	100	261	3.49e-191	520
WP_000004385.1	NP_459075.1	100	261	1.94e-188	513
WP_000925786.1	NP_462222.1	100	260	5.92e-178	487
WP_000894170.1	NP_461234.1	100	260	2.09e-187	511
WP_000890027.1	NP_461885.1	100	260	4.27e-196	533
WP_000754423.1	NP_461297.1	100	260	2.97e-187	510
WP_000731868.1	NP_461296.1	100	260	7.01e-186	507
WP_000690718.1	NP_460369.1	100	260	3.99e-176	482
WP_000625851.1	NP_460150.1	100	260	9.54e-184	501
WP_000459635.1	NP_462861.3	100	260	4.27e-196	533
WP_000082169.1	NP_490521.1	100	260	9.95e-186	506
WP_001519713.1	NP_463423.1	100	259	2.22e-183	501
WP_001077372.1	NP_461756.1	100	259	1.08e-184	504
WP_001002130.1	NP_459498.1	100	259	5.25e-176	482
WP_000874732.1	NP_462395.1	100	259	9.30e-195	529
WP_000580299.1	NP_460193.1	100	259	5.03e-174	477
WP_000548082.1	NP_460056.1	100	259	1.31e-185	506
WP_000257554.1	NP_462860.1	100	259	3.31e-179	490
WP_000228865.1	NP_463396.1	100	259	4.13e-173	474
WP_000068764.1	NP_460386.1	100	259	8.84e-184	501
WP_001674846.1	NP_463405.1	100	258	8.00e-188	513
WP_001575262.1	NP_463002.3	100	258	4.73e-183	499
WP_001533245.1	NP_461470.3	100	258	1.16e-186	509
WP_001214710.1	NP_459750.1	100	258	3.73e-180	492
WP_000943591.1	NP_459513.1	100	258	5.40e-198	537
WP_000899563.1	NP_459965.1	100	258	1.13e-190	519
WP_000880125.1	NP_461022.1	100	258	3.23e-190	518
WP_000636696.1	NP_462593.1	100	258	3.89e-182	497
WP_000478578.1	NP_463304.1	100	258	8.18e-184	501
WP_001293591.1	NP_461293.1	100	257	2.35e-185	505
WP_001083896.1	NP_462175.1	100	257	1.20e-180	493
WP_000976553.1	NP_459281.1	100	257	8.93e-192	521
WP_000951419.1	NP_459760.1	99.6	257	2.17e-183	500
WP_000906175.1	NP_459010.1	100	257	6.49e-185	504
WP_000841654.1	NP_463366.1	100	257	6.76e-187	509
WP_000804536.1	NP_461758.1	100	257	2.17e-183	500
WP_000648784.1	NP_461037.1	100	257	5.00e-198	537
WP_000544929.1	NP_463172.1	100	257	2.39e-171	470
WP_000373966.1	NP_463035.1	100	257	1.74e-198	538
WP_000119016.1	NP_463420.1	100	257	1.00e-188	514
WP_000115874.1	NP_462105.1	100	257	7.33e-166	456
WP_000063118.1	NP_462753.1	100	257	1.04e-190	519
WP_000004870.1	NP_460974.1	100	257	1.59e-185	506
WP_001172802.1	NP_459500.1	100	256	2.55e-186	508
WP_001057715.1	NP_462162.1	100	256	2.55e-186	508
WP_000998823.1	NP_459707.1	100	256	9.96e-184	501
WP_000998146.1	NP_462412.1	100	256	8.61e-194	526
WP_000983414.1	NP_459178.1	99.6	256	9.55e-182	496
WP_000944073.1	NP_463029.1	100	256	1.07e-178	488
WP_000773246.1	NP_459681.1	100	256	2.37e-191	520
WP_000692185.1	NP_459080.1	100	256	1.25e-177	486
WP_000237715.1	NP_460558.1	100	256	3.00e-194	528
WP_000207232.1	NP_459257.1	99.6	256	2.44e-184	503
WP_001526990.1	NP_490530.1	100	255	2.87e-187	510
WP_001216339.1	NP_462962.1	100	255	9.49e-177	483
WP_001148368.1	NP_459110.1	99.6	255	2.87e-187	510
WP_000678254.1	NP_459169.1	100	255	2.96e-180	492
WP_000595626.1	NP_462512.1	100	255	1.42e-187	511
WP_000469804.1	NP_461604.1	100	255	1.22e-188	513
WP_000417097.1	NP_459605.1	100	255	2.23e-175	480
WP_000333387.1	NP_459309.1	100	255	3.14e-200	543
WP_000213760.1	NP_462128.1	100	255	3.79e-192	522
WP_000082083.1	NP_462462.1	100	255	4.57e-184	502
WP_000067419.1	NP_461768.1	100	255	2.56e-190	518
WP_000015789.1	NP_459306.1	100	255	6.55e-193	524
WP_001246548.1	NP_490550.1	100	254	2.77e-189	515
WP_001092547.1	NP_461008.1	99.6	254	3.10e-186	507
WP_001088049.1	NP_462961.1	100	254	6.52e-188	511
WP_001054236.1	NP_461498.1	100	254	4.73e-181	494
WP_000998688.1	NP_463343.1	100	254	1.47e-184	503
WP_000948651.1	NP_460669.1	100	254	2.47e-192	523
WP_000692106.1	NP_460320.1	98.8	254	5.93e-175	479
WP_000613185.1	NP_461840.1	100	254	2.41e-174	477
WP_000331771.1	NP_459156.1	100	254	6.92e-174	476
WP_001221538.1	NP_461848.1	100	253	7.34e-189	514
WP_001217074.1	NP_463160.1	100	253	9.61e-185	503
WP_001136890.1	NP_461836.1	98.1	258	1.03e-187	511
WP_001066509.1	NP_462449.1	100	253	3.38e-194	527
WP_000949370.1	NP_460592.1	100	253	3.49e-187	509
WP_000792312.1	NP_459954.1	100	253	7.48e-173	473
WP_000791534.1	NP_459039.1	100	253	2.48e-196	533
WP_000781488.1	NP_459334.1	100	253	8.23e-186	506
WP_000722926.1	NP_461358.1	100	253	7.39e-198	536
WP_000602490.1	NP_461934.1	100	253	3.75e-182	497
WP_000559310.1	NP_460676.1	100	253	1.22e-187	511
WP_000255006.1	NP_461364.1	100	253	8.93e-190	516
WP_000169608.1	NP_461116.1	100	253	5.56e-184	501
WP_000045169.1	NP_462853.1	100	253	3.60e-180	492
WP_001247039.1	NP_459331.1	99.6	252	4.94e-182	496
WP_001165134.1	NP_462494.1	100	252	1.26e-184	503
WP_000997753.1	NP_463031.1	100	252	5.36e-186	506
WP_000979146.1	NP_461250.1	100	252	2.03e-190	518
WP_000947413.1	NP_459226.1	100	252	3.77e-186	507
WP_000860225.1	NP_460324.1	100	252	4.18e-174	476
WP_000770981.1	NP_460293.1	100	252	1.13e-187	511
WP_000701830.1	NP_461993.1	100	252	5.69e-172	471
WP_000621238.1	NP_461792.1	100	252	3.33e-180	492
WP_000450103.1	NP_459841.1	100	252	7.62e-186	506
WP_000442738.1	NP_460283.1	100	252	1.54e-185	505
WP_000417898.1	NP_490500.1	100	252	3.37e-189	514
WP_000359655.1	NP_462385.1	100	252	7.31e-184	501
WP_000244329.1	NP_461954.1	100	252	7.22e-175	478
WP_000192039.1	NP_459791.1	100	252	5.40e-195	529
WP_000134791.1	NP_461942.1	99.6	252	6.52e-187	509
WP_001519360.1	NP_461892.3	100	250	6.50e-189	514
WP_001246659.1	NP_461787.1	100	251	1.27e-188	513
WP_001052775.1	NP_459259.1	100	251	5.61e-192	521
WP_000776787.1	NP_461334.1	100	251	3.24e-191	520
WP_000750761.1	NP_462945.1	100	251	1.80e-188	513
WP_000724553.1	NP_462434.1	100	251	2.64e-181	494
WP_000349278.1	NP_460149.1	100	251	9.50e-175	478
WP_000229009.1	NP_462855.1	100	251	2.75e-183	499
WP_000203014.1	NP_460849.3	100	251	5.14e-183	499
WP_000190678.1	NP_462748.1	100	251	2.02e-185	505
WP_000145522.1	NP_459590.1	100	251	2.96e-178	487
WP_000133618.1	NP_463242.1	100	251	1.03e-178	488
WP_000079909.1	NP_459774.1	100	251	8.57e-187	508
WP_001739021.1	NP_462253.1	100	250	1.44e-198	538
WP_001273026.1	NP_460904.1	100	250	7.86e-178	486
WP_001088593.1	NP_460663.1	100	250	1.85e-176	482
WP_000996125.1	NP_462521.1	100	250	1.26e-183	500
WP_000987334.1	NP_459202.1	100	250	5.76e-180	491
WP_000842434.1	NP_463184.1	100	250	2.88e-189	514
WP_000611914.1	NP_460619.3	100	250	4.77e-180	492
WP_000301556.1	NP_459751.1	100	250	1.60e-186	508
WP_000153143.1	NP_459666.1	100	250	4.59e-186	506
WP_001521753.1	NP_459832.3	100	249	4.62e-171	470
WP_001226854.1	NP_490581.1	100	249	7.05e-185	503
WP_000862874.1	NP_460374.1	100	249	8.49e-177	483
WP_000829280.1	NP_459822.1	100	249	2.26e-181	494
WP_000800010.1	NP_461560.1	100	249	9.22e-181	493
WP_000560303.1	NP_463241.1	100	249	7.05e-185	503
WP_000380259.1	NP_462669.1	100	249	1.71e-176	482
WP_000132758.1	NP_460013.1	99.6	249	1.71e-176	482
WP_000080602.1	NP_460308.1	99.6	249	3.22e-181	494
WP_001185770.1	NP_460864.1	100	248	9.56e-178	485
WP_000971954.1	NP_461533.1	100	248	4.01e-170	466
WP_000948902.1	NP_460336.1	100	248	7.86e-177	483
WP_000838671.1	NP_459807.1	100	248	9.56e-178	485
WP_000796299.1	NP_462965.1	94.0	248	4.68e-169	463
WP_000669854.1	NP_461981.1	100	248	4.48e-167	458
WP_000636564.1	NP_460471.1	100	248	4.23e-181	494
WP_000597126.1	NP_459599.1	99.6	248	1.04e-181	495
WP_000480132.1	NP_461056.1	99.6	248	1.32e-184	503
WP_000434062.1	NP_461089.1	100	248	4.23e-181	494
WP_000163762.1	NP_460252.1	100	248	2.20e-192	522
WP_000085114.1	NP_461861.1	100	248	1.22e-189	515
WP_000011576.1	NP_459963.1	100	248	3.48e-180	491
WP_010989014.1	NP_460158.1	100	247	7.58e-179	488
WP_010988985.1	NP_459816.1	100	247	3.64e-186	506
WP_001186146.1	NP_462666.1	100	247	1.64e-173	474
WP_000927523.1	NP_459567.1	100	247	8.03e-149	412
WP_000924456.1	NP_460497.1	100	247	8.63e-194	526
WP_000854956.1	NP_462684.1	100	247	8.85e-178	485
WP_000798844.1	NP_459696.1	100	247	8.58e-185	503
WP_000798504.1	NP_461944.1	100	247	4.76e-182	496
WP_000557442.1	NP_459144.1	99.6	247	8.85e-178	485
WP_000081378.1	NP_459339.1	100	247	2.76e-181	494
WP_000039997.1	NP_460962.1	100	247	2.51e-168	461
WP_000028507.1	NP_460693.1	100	247	8.23e-158	435
WP_000019609.1	NP_460862.1	100	247	1.94e-181	494
WP_001541566.1	NP_490536.1	100	246	2.95e-171	469
WP_001230719.1	NP_490566.1	100	246	3.90e-176	481
WP_001225658.1	NP_459310.1	100	246	9.66e-186	505
WP_001194239.1	NP_459703.1	100	246	1.04e-180	493
WP_000907242.1	NP_460856.1	100	246	1.30e-174	477
WP_000893398.1	NP_463265.1	100	246	3.37e-186	506
WP_000779263.1	NP_463308.2	100	246	1.12e-175	480
WP_000727896.1	NP_463215.3	100	246	9.97e-179	488
WP_000183621.1	NP_462819.1	100	246	1.80e-181	494
WP_000177629.1	NP_490593.1	100	246	2.98e-180	491
WP_000073548.1	NP_462454.1	100	246	1.01e-187	510
WP_000025498.1	NP_462823.1	100	246	6.26e-182	496
WP_000020930.1	NP_459656.1	100	246	5.54e-176	481
WP_015701343.1	NP_461527.1	99.5	199	1.63e-159	437
WP_001542125.1	NP_460666.1	100	245	2.84e-173	474
WP_001535430.1	NP_459298.1	100	237	3.14e-175	478
WP_001253410.1	NP_460932.1	100	245	3.41e-165	453
WP_000977979.1	NP_463089.1	100	245	8.50e-175	478
WP_000965730.1	NP_462088.1	100	245	2.27e-179	489
WP_000799924.1	NP_463402.1	100	245	2.18e-177	484
WP_000764336.1	NP_460968.3	100	245	8.15e-173	473
WP_000697187.1	NP_460346.1	100	245	7.97e-189	513
WP_000606351.1	NP_460021.1	100	245	3.39e-199	539
WP_000586409.1	NP_461021.1	100	245	5.13e-176	481
WP_000581933.1	NP_490558.1	100	245	9.23e-179	488
WP_000283643.1	NP_460107.1	100	245	5.17e-185	503
WP_000266008.1	NP_462717.1	100	245	1.42e-182	497
WP_000197660.1	NP_461594.1	100	245	7.91e-180	490
WP_000083343.1	NP_461577.1	100	245	4.25e-184	501
WP_001523928.1	NP_460350.1	100	244	2.64e-188	512
WP_001270592.1	NP_462890.1	100	244	2.45e-178	486
WP_001017909.1	NP_459699.1	100	244	7.02e-178	485
WP_001006010.1	NP_459336.1	100	244	5.23e-180	491
WP_000829509.1	NP_463206.1	100	244	5.19e-189	513
WP_000683247.1	NP_463369.1	100	244	2.45e-178	486
WP_000527859.1	NP_462074.1	100	244	7.13e-162	445
WP_000080404.1	NP_461867.1	100	244	1.60e-183	499
WP_000017421.1	NP_460754.1	100	244	2.74e-175	479
WP_000007236.1	NP_460165.1	100	244	6.38e-165	452
WP_001670675.1	NP_459262.1	100	243	3.61e-175	478
WP_001293274.1	NP_463230.1	100	243	8.50e-174	475
WP_001240418.1	NP_461105.1	100	243	8.58e-183	498
WP_001222489.1	NP_462010.3	100	243	4.56e-175	479
WP_001196340.1	NP_460594.1	100	243	1.60e-178	487
WP_001135039.1	NP_459032.1	100	243	1.13e-187	510
WP_001080048.1	NP_460435.1	100	243	3.09e-176	481
WP_000992639.1	NP_461592.1	100	243	6.82e-189	513
WP_000940032.1	NP_461480.1	100	243	1.47e-174	477
WP_000824855.1	NP_461107.1	100	243	3.01e-158	436
WP_000818972.1	NP_461513.1	100	243	1.92e-170	466
WP_000782438.1	NP_490587.1	100	243	2.31e-162	446
WP_000756589.1	NP_459866.1	99.6	243	3.76e-177	483
WP_000737538.1	NP_459863.1	100	243	4.58e-178	486
WP_000600161.1	NP_462260.1	100	243	7.91e-179	488
WP_000147036.1	NP_460744.1	100	243	6.55e-187	508
WP_000032793.1	NP_462001.1	100	243	3.76e-177	483
WP_001520573.1	NP_460696.1	100	242	2.69e-133	372
WP_001091009.1	NP_461218.1	100	242	2.19e-180	491
WP_000587738.1	NP_463061.1	100	242	8.97e-189	513
WP_000399380.1	NP_461514.1	100	242	4.75e-175	478
WP_000219126.1	NP_460638.1	100	242	1.27e-188	512
WP_000122327.1	NP_460355.1	99.2	242	4.41e-180	491
WP_000044652.1	NP_462236.1	100	242	3.34e-175	478
WP_000027186.1	NP_459867.1	100	242	3.34e-175	478
WP_001122242.1	NP_490528.1	100	241	2.36e-179	489
WP_000953646.1	NP_460972.1	100	241	4.92e-172	470
WP_000936657.1	NP_463406.1	100	241	1.79e-174	476
WP_000631369.1	NP_459654.1	100	241	1.53e-150	416
WP_000377800.1	NP_462752.1	100	241	1.21e-172	472
WP_000287416.1	NP_459768.1	100	241	4.58e-177	483
WP_000246886.1	NP_459221.1	100	241	4.22e-173	473
WP_000224567.1	NP_459223.1	100	241	1.65e-170	466
WP_000224104.1	NP_462229.1	100	241	6.99e-172	470
WP_001519915.1	NP_462949.1	100	240	1.17e-174	477
WP_001258122.1	NP_459545.1	100	240	3.59e-169	463
WP_001157166.1	NP_460903.1	100	240	1.27e-178	487
WP_000801238.1	NP_459260.1	100	240	2.03e-184	501
WP_000679398.1	NP_463072.1	100	240	5.22e-116	328
WP_000569093.1	NP_459805.1	100	240	4.56e-172	470
WP_000212284.1	NP_459530.1	100	240	7.33e-178	485
WP_000182072.1	NP_460811.1	100	240	5.55e-173	473
WP_000161707.1	NP_460811.1	69.7	238	1.49e-115	327
WP_000137854.1	NP_461076.1	100	240	2.86e-175	478
WP_000091471.1	NP_462356.1	100	240	2.64e-171	468
WP_001263761.1	NP_461372.1	100	239	1.48e-181	494
WP_001157751.1	NP_462405.1	100	239	1.04e-172	472
WP_001087453.1	NP_460909.1	100	239	3.72e-166	455
WP_000984838.1	NP_462023.1	100	239	3.88e-168	460
WP_000920081.1	NP_461129.1	100	239	2.54e-173	473
WP_000836268.1	NP_459425.1	100	239	1.22e-180	492
WP_000787603.1	NP_459304.1	100	239	1.17e-178	487
WP_000786895.1	NP_462025.1	100	239	7.35e-182	495
WP_000611307.1	NP_463168.1	100	239	5.57e-177	483
WP_000598637.1	NP_461103.1	100	239	2.85e-170	466
WP_000572568.1	NP_462503.1	100	239	4.05e-170	465
WP_000532745.1	NP_462190.1	100	239	7.66e-184	500
WP_000345368.1	NP_459737.1	100	239	2.73e-168	461
WP_000234826.1	NP_460761.1	100	239	2.02e-179	489
WP_000224870.1	NP_463426.1	100	239	2.97e-172	471
WP_000178095.1	NP_461157.1	100	239	8.52e-172	469
WP_001537859.1	NP_459720.1	100	238	4.25e-183	498
WP_001247078.1	NP_462634.1	100	238	7.26e-168	459
WP_001213560.1	NP_462835.1	100	238	2.36e-173	473
WP_001194359.1	NP_463454.1	100	238	1.22e-175	479
WP_001001677.1	NP_459865.1	100	238	2.96e-167	458
WP_000997195.1	NP_460589.1	100	238	1.59e-171	469
WP_000532937.1	NP_463358.3	99.6	238	2.22e-165	453
WP_000498586.1	NP_461078.1	100	238	1.08e-178	487
WP_001171630.1	NP_461422.1	100	237	2.65e-174	476
WP_001103477.1	NP_459015.1	100	237	3.06e-164	450
WP_001013552.1	NP_460969.1	100	237	1.79e-172	471
WP_000895635.1	NP_461923.1	100	237	6.63e-159	437
WP_000745625.1	NP_461959.1	100	237	1.08e-173	474
WP_000724435.1	NP_463114.1	100	237	4.97e-179	488
WP_000562009.1	NP_460310.1	99.6	237	2.34e-168	461
WP_000480794.1	NP_459376.1	100	237	7.36e-181	492
WP_000416114.1	NP_462461.1	100	237	4.73e-168	460
WP_000171963.1	NP_460633.1	100	237	9.16e-166	454
WP_001220944.1	NP_462056.1	100	236	4.96e-174	475
WP_000743122.1	NP_460461.3	100	235	2.74e-174	476
WP_000741650.1	NP_461851.1	100	236	4.24e-175	478
WP_000702849.1	NP_459708.1	100	236	1.31e-169	464
WP_000642330.1	NP_461898.1	100	236	3.91e-171	468
WP_000571667.1	NP_460718.1	100	236	1.47e-166	456
WP_000557304.1	NP_460454.1	100	236	7.80e-162	444
WP_000190524.1	NP_462548.1	100	236	7.26e-167	457
WP_001669181.1	NP_459647.1	100	235	1.61e-183	499
WP_001268403.1	NP_460655.1	100	179	5.81e-132	367
WP_001112032.1	NP_463429.1	100	235	5.76e-168	459
WP_000915965.1	NP_459111.1	100	235	2.25e-165	453
WP_000848625.1	NP_461932.1	100	235	1.79e-171	468
WP_000812765.1	NP_462833.1	100	235	3.62e-171	468
WP_000569771.1	NP_461294.1	100	235	1.12e-165	454
WP_000553271.1	NP_461989.1	100	235	5.14e-171	467
WP_000529073.1	NP_459786.1	100	235	8.66e-154	424
WP_000286122.1	NP_462009.1	100	235	7.30e-171	467
WP_000234466.1	NP_462031.1	100	235	2.82e-159	437
WP_000093986.1	NP_459247.1	100	235	9.64e-176	479
WP_000072527.1	NP_460770.1	100	235	1.65e-167	458
WP_000064163.1	NP_460924.1	100	235	1.08e-124	350
WP_001241650.1	NP_459931.1	100	234	2.03e-181	493
WP_001131148.1	NP_462787.1	100	234	6.76e-171	467
WP_001096676.1	NP_463019.1	100	234	1.06e-158	436
WP_000997812.1	NP_462016.1	100	234	7.27e-166	454
WP_000958064.1	NP_459576.1	100	234	6.23e-167	457
WP_000899412.1	NP_459192.1	100	234	6.76e-171	467
WP_000738617.1	NP_459025.1	100	234	1.00e-172	471
WP_000637070.1	NP_462542.1	100	234	6.28e-176	479
WP_000373611.1	NP_459785.1	100	234	4.33e-158	434
WP_000246065.1	NP_460022.1	100	234	5.97e-165	452
WP_000060025.1	NP_459968.1	100	234	7.27e-166	454
WP_061835882.1	NP_461431.1	99.6	233	3.56e-172	470
WP_001237610.1	NP_463381.1	99.6	233	6.37e-155	426
WP_001033714.1	NP_460188.1	100	233	5.53e-165	452
WP_000633547.1	NP_462150.1	100	233	1.13e-173	474
WP_000529945.1	NP_462338.1	100	233	3.34e-166	455
WP_000209831.1	NP_462864.1	100	233	8.89e-171	466
WP_000170621.1	NP_461122.1	100	233	7.07e-177	482
WP_001174897.1	NP_460151.1	100	232	1.08e-166	456
WP_001152689.1	NP_461528.1	100	232	3.79e-176	480
WP_001082123.1	NP_462540.1	100	232	2.17e-166	455
WP_001033731.1	NP_462940.1	100	232	2.65e-167	457
WP_001005988.1	NP_459748.1	100	232	1.48e-173	473
WP_000944282.1	NP_460835.1	100	232	3.24e-177	483
WP_000689821.1	NP_459212.1	100	232	3.76e-167	457
WP_000582809.1	NP_462616.1	100	232	3.76e-167	457
WP_000020450.1	NP_460147.1	100	232	6.42e-159	436
WP_000009904.1	NP_462762.1	100	232	4.71e-161	442
WP_001274930.1	NP_461922.1	100	231	2.45e-167	457
WP_001234836.1	NP_461166.1	100	231	5.59e-173	472
WP_001221014.1	NP_460776.1	100	231	1.72e-167	458
WP_001166296.1	NP_460538.1	100	231	5.36e-171	467
WP_001152415.1	NP_460020.1	100	231	6.80e-174	474
WP_000989296.1	NP_461127.1	100	231	1.57e-154	425
WP_000919233.1	NP_460449.1	100	231	1.85e-162	445
WP_000893169.1	NP_462577.1	100	231	1.67e-174	476
WP_000888683.1	NP_459106.1	100	231	5.82e-175	477
WP_000817201.1	NP_459451.1	100	231	9.66e-174	474
WP_000639789.1	NP_462445.1	100	231	4.98e-176	479
WP_000392694.1	NP_462663.1	100	231	2.63e-162	445
WP_000377041.1	NP_460944.1	100	231	4.41e-170	464
WP_000091673.1	NP_461201.1	100	231	1.13e-172	471
WP_001562512.1	NP_462724.1	100	230	9.24e-167	456
WP_001289628.1	NP_460417.1	100	230	9.13e-158	433
WP_001083925.1	NP_463040.1	100	230	1.61e-176	481
WP_001038510.1	NP_490508.1	100	230	9.24e-167	456
WP_000951049.1	NP_462136.1	100	230	9.62e-169	461
WP_000935025.1	NP_459540.1	100	230	4.72e-160	439
WP_000838828.1	NP_462896.1	100	230	1.38e-177	483
WP_000700610.1	NP_460103.1	100	230	1.27e-173	473
WP_000642866.1	NP_459951.1	100	230	1.03e-163	448
WP_000198318.1	NP_459405.1	100	230	2.54e-164	450
WP_000131318.1	NP_459730.1	100	230	1.58e-158	435
WP_001187047.1	NP_463444.1	100	229	2.86e-165	452
WP_001068438.1	NP_462643.1	100	229	4.95e-166	454
WP_001067096.1	NP_463137.1	100	229	1.57e-153	422
WP_000805851.1	NP_460370.1	100	229	7.03e-166	454
WP_000771454.1	NP_463149.1	100	229	5.15e-168	459
WP_000734706.1	NP_463431.1	100	229	3.59e-159	437
WP_000733867.1	NP_461403.1	100	229	2.75e-163	447
WP_000722276.1	NP_463430.1	100	229	1.57e-153	422
WP_000604026.1	NP_459761.1	100	229	1.03e-158	436
WP_000559232.1	NP_462937.3	100	229	1.52e-174	476
WP_000421792.1	NP_463055.1	100	229	8.91e-169	461
WP_000179978.1	NP_461582.1	100	229	5.19e-177	482
WP_000174317.1	NP_462730.1	100	229	1.31e-161	443
WP_000113921.1	NP_459392.1	100	229	5.37e-170	464
WP_000054441.1	NP_462247.1	100	229	5.32e-161	441
WP_001525490.1	NP_460029.1	100	228	2.67e-174	475
WP_001266769.1	NP_463456.1	99.6	228	9.94e-161	441
WP_001170771.1	NP_463249.1	100	228	1.55e-173	473
WP_001141973.1	NP_461550.1	96.9	228	1.12e-166	456
WP_001110783.1	NP_461550.1	99.6	228	2.20e-173	473
WP_001110598.1	NP_459502.1	100	228	4.05e-160	439
WP_000965498.1	NP_461295.1	100	228	1.58e-157	432
WP_000742554.1	NP_459027.1	99.6	228	1.11e-157	433
WP_000431401.1	NP_460802.1	100	228	2.47e-145	402
WP_000377406.1	NP_459057.1	100	228	5.99e-162	444
WP_000336297.1	NP_490561.1	100	228	1.17e-168	461
WP_000215563.1	NP_460470.1	100	228	3.77e-165	452
WP_000167222.1	NP_459775.1	100	228	3.10e-164	449
WP_000098329.1	NP_462014.1	100	228	2.65e-165	452
WP_000097253.1	NP_460624.1	100	228	9.63e-168	458
WP_001275362.1	NP_462039.1	100	227	2.36e-163	447
WP_001086408.1	NP_459181.1	100	227	4.42e-168	459
WP_000958732.1	NP_462413.1	100	227	2.19e-168	460
WP_000698773.1	NP_461095.1	100	227	6.22e-159	436
WP_000680512.1	NP_463450.1	100	227	1.00e-164	451
WP_000549457.1	NP_462590.1	100	227	1.51e-150	415
WP_000378721.1	NP_462932.3	100	227	7.38e-176	479
WP_000125006.1	NP_459955.1	100	227	4.20e-157	431
WP_000090290.1	NP_463234.3	100	227	2.28e-170	465
WP_000086147.1	NP_490548.1	85.0	227	6.90e-149	410
WP_001068341.1	NP_461516.1	100	226	8.52e-161	441
WP_000938191.1	NP_460060.1	100	226	8.25e-168	458
WP_000916654.1	NP_461790.1	100	226	2.65e-164	449
WP_000698205.1	NP_460069.3	100	226	5.89e-164	449
WP_000617106.1	NP_460539.1	100	226	1.95e-166	455
WP_000560166.1	NP_460595.1	100	226	1.30e-155	427
WP_000183639.1	NP_461585.1	100	226	1.37e-166	455
WP_000138788.1	NP_459618.1	100	226	6.00e-161	441
WP_000106461.1	NP_462660.1	100	226	8.18e-159	436
WP_000088645.1	NP_490548.1	100	226	7.36e-171	466
WP_000054243.1	NP_460101.1	100	226	1.04e-161	443
WP_014343872.1	NP_461276.3	100	225	5.79e-163	446
WP_001520421.1	NP_461990.1	100	225	2.19e-167	457
WP_001276437.1	NP_459385.1	100	225	4.70e-153	421
WP_001145156.1	NP_462814.3	99.5	182	5.22e-131	363
WP_001097241.1	NP_461552.1	100	225	1.09e-167	458
WP_000870686.1	NP_463415.3	100	225	1.60e-167	457
WP_000816284.1	NP_462386.1	100	225	8.23e-163	446
WP_000545594.1	NP_460717.1	100	225	1.00e-163	448
WP_000345576.1	NP_462109.1	100	225	5.60e-170	464
WP_000186054.1	NP_459687.1	100	225	6.03e-165	451
WP_000147137.1	NP_460966.1	100	225	9.60e-162	443
WP_000140195.1	NP_459497.1	100	225	1.42e-163	447
WP_000126152.1	NP_461720.1	100	225	6.49e-160	438
WP_000097893.1	NP_459926.1	100	225	1.47e-156	430
WP_001237934.1	NP_461711.1	100	224	2.98e-160	439
WP_001025255.1	NP_459797.1	99.6	224	2.18e-162	444
WP_000588691.1	NP_463365.1	100	224	6.06e-169	461
WP_000526016.1	NP_461811.1	100	224	7.22e-152	418
WP_000431550.1	NP_463407.3	100	224	2.45e-159	437
WP_000405048.1	NP_460986.1	100	224	1.12e-155	427
WP_000272794.1	NP_459655.1	100	224	1.40e-149	412
WP_000157037.1	NP_461306.1	100	224	7.94e-140	387
WP_000011201.1	NP_460376.1	100	224	1.42e-158	435
WP_001537766.1	NP_460201.1	100	223	1.65e-159	437
WP_001278030.1	NP_463144.1	100	223	1.23e-172	470
WP_001199961.1	NP_461872.1	100	223	9.69e-170	463
WP_000831528.1	NP_462102.1	100	223	1.06e-148	410
WP_000811635.1	NP_463452.1	100	223	9.62e-161	440
WP_000362359.1	NP_463037.1	100	223	1.13e-168	460
WP_000096230.1	NP_462108.1	100	223	1.37e-160	440
WP_000068750.1	NP_463373.3	100	223	5.64e-156	431
WP_001520508.1	NP_462399.1	100	222	1.49e-168	460
WP_001259025.1	NP_460566.1	100	222	1.54e-161	442
WP_001158238.1	NP_460905.1	100	222	3.59e-151	416
WP_001139611.1	NP_461138.1	100	222	7.02e-158	433
WP_000958575.1	NP_463132.1	100	222	2.88e-166	454
WP_000895397.1	NP_459864.1	100	222	4.19e-150	413
WP_000697899.1	NP_463157.1	100	222	3.11e-161	441
WP_000617729.1	NP_462471.1	100	222	3.63e-160	439
WP_000510996.1	NP_460648.1	100	222	7.12e-142	392
WP_000355342.1	NP_461469.1	100	222	1.80e-160	439
WP_000106848.1	NP_460288.1	100	222	6.02e-159	436
WP_001249412.1	NP_460207.1	100	221	1.42e-161	442
WP_001213882.1	NP_461153.1	100	221	1.04e-154	425
WP_001171579.1	NP_462267.1	100	221	1.41e-152	419
WP_001119592.1	NP_460547.1	100	221	2.09e-154	424
WP_000968968.1	NP_460481.1	100	221	6.99e-153	420
WP_000781520.1	NP_460894.1	100	221	2.89e-170	464
WP_000380129.1	NP_462629.1	100	221	6.50e-158	433
WP_000187489.1	NP_462480.1	100	221	5.13e-155	426
WP_000078081.1	NP_462751.1	100	221	3.12e-165	451
WP_001085725.1	NP_462299.1	100	220	1.08e-160	440
WP_000847719.1	NP_460051.1	100	220	1.17e-155	427
WP_000792788.1	NP_462978.1	100	220	6.32e-169	461
WP_000747548.1	NP_462546.1	100	220	8.51e-133	369
WP_000651591.1	NP_459176.1	100	220	4.27e-167	456
WP_000424866.1	NP_462990.1	100	220	3.90e-154	423
WP_000422143.1	NP_462140.1	100	220	7.03e-157	430
WP_000386728.1	NP_461269.1	100	220	2.47e-166	454
WP_000331468.1	NP_463260.1	100	220	1.37e-163	447
WP_000089527.1	NP_462575.1	100	220	2.98e-158	434
WP_001519895.1	NP_460768.1	100	219	8.95e-164	447
WP_001221574.1	NP_462092.1	100	219	6.79e-159	435
WP_001194082.1	NP_460144.1	100	219	4.22e-153	421
WP_001159076.1	NP_459806.1	100	219	3.33e-150	413
WP_001111056.1	NP_461391.1	100	219	8.17e-151	415
WP_000990028.1	NP_462718.1	100	219	3.57e-145	400
WP_000683586.1	NP_462922.1	100	219	3.62e-154	423
WP_000525196.1	NP_459100.1	100	219	4.44e-164	448
WP_000374050.1	NP_460059.1	100	219	1.19e-143	397
WP_000364318.1	NP_461309.1	100	219	4.05e-151	416
WP_000342247.1	NP_459507.1	100	219	6.33e-139	385
WP_000268441.1	NP_462077.1	100	219	1.53e-155	427
WP_000250289.1	NP_461965.1	100	219	2.97e-153	421
WP_000189741.1	NP_461979.1	100	219	1.21e-152	419
WP_000024706.1	NP_460837.1	100	219	1.72e-152	419
WP_001282334.1	NP_460411.1	100	218	1.01e-164	450
WP_001188373.1	NP_459697.1	100	218	9.30e-161	440
WP_001142899.1	NP_461319.1	100	218	1.73e-156	429
WP_000956930.1	NP_461991.1	100	218	3.35e-154	423
WP_000611323.1	NP_460900.1	100	218	2.75e-153	421
WP_000420452.1	NP_461828.1	100	218	8.63e-166	452
WP_000184708.1	NP_460259.1	100	218	2.58e-167	456
WP_000100258.1	NP_460834.1	100	218	2.89e-164	449
WP_000045657.1	NP_460527.1	100	218	4.42e-159	436
WP_001287486.1	NP_459250.1	100	217	6.10e-113	319
WP_001076978.1	NP_462110.1	100	217	1.08e-154	424
WP_000719822.1	NP_462237.1	100	217	5.36e-155	425
WP_000355879.1	NP_459570.1	100	217	3.93e-157	431
WP_000178592.1	NP_490503.1	100	217	1.74e-160	439
WP_000101755.1	NP_459472.1	100	217	2.18e-154	424
WP_000059178.1	NP_461647.1	100	217	2.01e-150	414
WP_001674874.1	NP_461820.1	100	216	4.43e-158	433
WP_001575489.1	NP_490527.1	100	216	1.48e-156	429
WP_001168374.1	NP_461574.1	100	216	4.14e-138	382
WP_001064598.1	NP_460723.1	100	216	3.60e-148	408
WP_001061919.1	NP_461212.1	100	216	3.22e-151	416
WP_000986176.1	NP_460809.1	100	216	9.36e-169	460
WP_000884990.1	NP_461207.1	100	216	2.04e-163	446
WP_000481517.1	NP_460113.1	100	216	1.80e-157	431
WP_000281486.1	NP_461860.1	100	216	1.80e-157	431
WP_000056761.1	NP_463247.1	100	216	1.80e-157	431
WP_001574476.1	NP_460229.3	100	215	3.26e-164	448
WP_001282267.1	NP_460397.1	100	215	6.07e-160	437
WP_001115498.1	NP_461189.1	100	215	3.34e-148	408
WP_001109471.1	NP_459972.1	100	215	2.04e-167	456
WP_000983441.1	NP_462129.1	100	215	2.65e-129	360
WP_000942363.1	NP_463441.1	100	215	1.95e-156	429
WP_000873047.1	NP_460139.1	100	215	6.02e-151	415
WP_000780893.1	NP_460136.1	100	215	3.01e-160	438
WP_000615840.1	NP_460707.1	100	215	3.34e-148	408
WP_000566563.1	NP_461291.1	100	215	1.14e-164	449
WP_000440819.1	NP_461894.1	100	215	5.59e-156	427
WP_000379677.1	NP_460452.1	100	215	5.31e-145	400
WP_000246126.1	NP_461526.1	100	215	3.11e-153	421
WP_000094453.1	NP_460593.1	100	215	1.63e-139	386
WP_000056367.1	NP_460384.1	100	215	1.85e-145	401
WP_001220237.1	NP_459483.1	100	214	3.36e-152	418
WP_000983586.1	NP_460872.1	100	214	2.54e-147	405
WP_000781183.1	NP_461121.1	100	214	1.38e-160	439
WP_000392128.1	NP_463305.1	100	214	5.06e-138	382
WP_000090067.1	NP_463433.2	100	214	2.09e-146	403
WP_000043010.1	NP_461290.1	100	214	2.03e-153	421
WP_001519653.1	NP_460203.1	99.5	213	1.07e-148	409
WP_001518902.1	NP_459637.1	100	213	4.45e-161	440
WP_000806167.1	NP_462633.1	100	213	9.29e-154	422
WP_000800497.1	NP_460841.1	100	213	2.45e-149	410
WP_000762776.1	NP_460239.1	100	213	3.66e-160	438
WP_000610820.1	NP_459342.1	100	213	5.41e-162	442
WP_000535399.1	NP_460170.1	100	213	1.00e-148	409
WP_000493971.1	NP_460389.1	100	213	9.29e-154	422
WP_000284009.1	NP_459627.3	100	191	8.10e-143	393
WP_000132082.1	NP_461067.1	100	213	1.09e-152	419
WP_001085592.1	NP_463236.1	100	212	4.62e-158	432
WP_001028593.1	NP_461435.1	100	212	2.57e-155	426
WP_000824798.1	NP_463088.3	99.5	211	3.69e-155	426
WP_000805728.1	NP_461487.1	100	212	3.65e-155	425
WP_000714799.1	NP_460691.1	100	212	2.29e-158	433
WP_000684804.1	NP_460889.1	100	212	6.57e-158	432
WP_000666335.1	NP_460356.1	100	212	1.05e-154	424
WP_000554823.1	NP_490578.1	100	212	1.17e-151	416
WP_000457190.1	NP_460236.1	100	212	2.55e-146	403
WP_000257298.1	NP_462252.1	100	212	2.57e-155	426
WP_000203581.1	NP_461668.1	100	197	7.93e-142	391
WP_000164359.1	NP_460177.1	100	212	1.28e-130	363
WP_000153635.1	NP_461837.1	99.5	212	1.33e-157	431
WP_000083126.1	NP_460094.1	100	212	2.27e-149	410
WP_000061088.1	NP_461693.1	100	212	7.12e-162	442
WP_000051472.1	NP_463269.1	100	212	1.28e-164	449
WP_001521094.1	NP_462181.1	100	211	9.34e-151	414
WP_001119448.1	NP_463257.1	100	211	1.80e-150	413
WP_001030315.1	NP_460416.1	99.5	211	2.38e-155	426
WP_000971958.1	NP_463006.3	100	211	1.78e-141	390
WP_000829025.1	NP_462915.1	100	211	6.82e-155	424
WP_000776032.1	NP_461682.1	100	211	3.35e-146	402
WP_000626863.1	NP_461982.1	100	211	2.19e-151	416
WP_000476475.1	NP_462220.1	100	211	3.64e-150	412
WP_000284648.1	NP_463032.1	100	211	3.49e-148	407
WP_000253558.1	NP_461504.1	100	211	2.58e-159	436
WP_000205990.1	NP_460183.1	100	211	1.04e-149	411
WP_001231952.1	NP_462100.1	100	210	1.18e-150	414
WP_001147134.1	NP_460542.1	100	210	2.20e-155	426
WP_000871995.1	NP_490575.1	100	210	3.26e-157	430
WP_000835265.1	NP_461947.1	100	210	2.19e-146	403
WP_000801273.1	NP_459544.1	100	210	4.60e-148	407
WP_000602196.1	NP_462235.1	100	210	5.63e-158	432
WP_000600616.1	NP_460576.1	100	210	1.22e-152	419
WP_000595421.1	NP_462721.1	100	210	1.95e-149	410
WP_000558988.1	NP_460978.1	100	210	2.89e-151	415
WP_000433131.1	NP_459360.1	100	210	5.59e-149	409
WP_000389233.1	NP_463122.1	100	210	2.52e-136	377
WP_000359500.1	NP_463066.1	100	210	2.37e-150	413
WP_000356709.1	NP_460992.1	100	210	6.80e-150	412
WP_000242758.1	NP_462369.1	100	210	2.47e-152	418
WP_000183327.1	NP_462881.1	100	210	9.28e-148	406
WP_000723776.1	NP_462268.1	100	209	4.58e-143	394
WP_000579838.1	NP_462344.1	100	209	6.30e-150	412
WP_000077436.1	NP_461464.1	100	209	8.69e-166	452
WP_000964735.1	NP_462476.1	100	208	2.89e-150	412
WP_000816143.1	NP_463171.1	100	208	4.14e-168	457
WP_000706208.1	NP_461433.1	100	208	1.08e-145	401
WP_000631907.1	NP_459839.1	100	208	2.05e-159	436
WP_000379343.1	NP_459325.1	100	208	2.58e-153	420
WP_000334547.1	NP_460027.1	100	208	3.03e-161	440
WP_000253545.1	NP_461847.1	100	208	1.43e-150	413
WP_000145974.1	NP_462208.1	100	208	3.94e-148	407
WP_001519938.1	NP_462772.3	100	207	8.00e-152	416
WP_000964234.1	NP_459210.1	100	207	4.78e-144	397
WP_000950242.1	NP_459369.1	100	207	1.55e-149	410
WP_000876693.1	NP_460088.1	100	207	5.19e-148	407
WP_000725364.1	NP_462877.1	100	207	3.13e-149	410
WP_000666689.1	NP_462988.1	100	207	1.50e-156	428
WP_000174484.1	NP_460734.1	100	207	1.23e-155	426
WP_000122257.1	NP_459444.1	100	207	5.40e-150	412
WP_000103975.1	NP_460935.1	99.5	207	2.47e-146	402
WP_000046969.1	NP_462640.1	100	207	5.19e-148	407
WP_001270913.1	NP_459145.1	100	206	2.56e-143	395
WP_000980080.1	NP_462844.1	100	206	3.38e-148	407
WP_000920822.1	NP_460418.1	100	206	1.82e-152	418
WP_000877512.1	NP_459103.1	100	206	9.31e-146	401
WP_000661875.1	NP_459846.1	100	206	2.38e-148	407
WP_000409190.1	NP_461456.1	100	206	1.36e-138	383
WP_000235161.1	NP_463258.3	100	206	1.54e-145	401
WP_000190927.1	NP_460352.3	100	206	1.09e-144	398
WP_000171739.1	NP_462113.1	100	206	8.31e-149	409
WP_000142528.1	NP_462845.1	100	206	1.48e-142	393
WP_000135226.1	NP_462320.1	100	206	1.80e-143	395
WP_000122635.1	NP_462936.1	100	206	5.65e-156	427
WP_000083232.1	NP_463147.1	100	206	1.73e-141	390
WP_000077250.1	NP_460679.1	100	206	3.67e-152	417
WP_000033440.1	NP_461169.1	100	206	1.96e-147	405
WP_001164756.1	NP_459596.1	100	205	1.62e-150	413
WP_000984806.1	NP_462655.1	100	205	1.38e-151	416
WP_000924334.1	NP_462638.1	100	205	7.62e-140	386
WP_000888541.1	NP_461197.1	100	205	1.97e-151	415
WP_000213069.1	NP_459941.1	100	205	1.34e-167	456
WP_000213064.1	NP_460457.1	100	205	9.42e-168	456
WP_000178963.1	NP_463417.1	100	205	1.07e-130	363
WP_000162405.1	NP_462264.1	100	205	2.49e-154	422
WP_000068097.1	NP_460709.1	100	205	1.55e-148	408
WP_001125344.1	NP_462118.1	100	204	6.57e-145	399
WP_001010574.1	NP_459501.1	100	204	2.13e-150	412
WP_001005901.1	NP_459884.1	93.1	204	7.36e-142	391
WP_000848069.1	NP_460820.1	100	204	4.81e-147	404
WP_000602086.1	NP_459312.1	100	204	3.02e-150	412
WP_000378902.1	NP_462870.1	100	204	1.61e-145	400
WP_000206561.1	NP_460455.1	100	204	3.41e-156	427
WP_000179833.1	NP_459437.1	100	204	9.02e-152	416
WP_001519746.1	NP_459937.1	100	203	9.72e-149	408
WP_001272784.1	NP_462122.1	100	203	1.09e-147	405
WP_001096552.1	NP_459996.1	100	203	5.30e-130	361
WP_001096546.1	NP_461554.1	99.0	203	1.25e-128	357
WP_000954848.1	NP_461023.1	100	203	7.71e-148	406
WP_000776974.1	NP_460755.1	100	203	4.84e-151	414
WP_000580335.1	NP_460852.1	100	203	2.78e-141	389
WP_010988984.1	NP_459787.1	100	202	7.14e-148	406
WP_001738110.1	NP_459842.1	100	202	1.10e-151	416
WP_001241924.1	NP_459635.1	100	202	1.39e-154	423
WP_001079164.1	NP_461773.1	100	202	1.68e-146	402
WP_000864857.1	NP_463361.1	100	202	8.00e-145	398
WP_000852664.1	NP_460496.1	100	202	1.14e-144	398
WP_000766684.1	NP_462584.1	100	202	2.57e-141	389
WP_000646079.1	NP_463102.1	100	202	1.55e-142	392
WP_001526208.1	NP_463064.1	100	201	8.37e-151	413
WP_001287923.1	NP_461610.1	100	201	1.14e-148	408
WP_001270441.1	NP_463082.1	99.5	201	3.84e-156	427
WP_001202375.1	NP_460046.1	100	201	4.47e-146	401
WP_001195023.1	NP_459481.1	100	201	1.50e-144	397
WP_001173663.1	NP_461854.1	100	201	1.56e-146	402
WP_001116086.1	NP_462856.1	100	201	5.85e-142	391
WP_001086808.1	NP_461635.1	97.5	201	3.41e-150	412
WP_000958833.1	NP_460976.1	100	201	2.21e-146	402
WP_000879248.1	NP_461238.1	100	201	2.21e-146	402
WP_000818267.1	NP_459115.1	100	201	2.05e-151	415
WP_000765727.1	NP_460414.1	100	201	6.61e-148	406
WP_000424395.1	NP_462343.1	100	201	5.17e-136	376
WP_000048924.1	NP_460601.1	100	201	1.96e-140	387
WP_001740084.1	NP_463357.1	100	200	3.82e-142	391
WP_001280671.1	NP_462373.1	100	200	3.69e-149	409
WP_001196084.1	NP_462507.1	100	200	3.66e-140	386
WP_000929805.1	NP_459995.1	100	200	6.87e-145	398
WP_000929790.1	NP_459995.1	99.0	200	1.62e-143	395
WP_000566905.1	NP_463356.1	100	200	8.70e-148	405
WP_000431778.1	NP_461198.1	100	200	1.29e-158	433
WP_000244731.1	NP_459397.1	100	200	5.45e-151	414
WP_000163371.1	NP_460623.1	100	200	2.21e-141	389
WP_015701331.1	NP_461633.1	65.9	208	3.85e-90	260
WP_001574876.1	NP_461791.1	100	199	2.70e-146	402
WP_001240053.1	NP_462288.1	100	199	2.49e-142	392
WP_001041823.1	NP_460400.1	100	199	3.28e-147	404
WP_000965695.1	NP_462906.1	100	199	4.66e-147	404
WP_000813882.1	NP_461274.1	100	199	1.44e-141	390
WP_000716748.1	NP_460854.1	100	199	1.76e-151	415
WP_000505804.1	NP_460287.3	100	199	2.60e-153	419
WP_001738699.1	NP_449149.1	99.5	198	3.27e-142	391
WP_001520956.1	NP_461977.1	100	182	3.31e-136	375
WP_001062899.1	NP_460092.1	100	198	1.62e-142	392
WP_000993803.1	NP_460745.1	100	198	1.14e-142	392
WP_000944156.1	NP_459547.1	100	198	7.17e-146	400
WP_000818607.1	NP_462632.1	100	198	9.30e-133	367
WP_000802242.1	NP_462963.1	100	198	4.80e-135	373
WP_000743277.1	NP_462473.1	100	198	1.45e-145	400
WP_000569412.1	NP_459235.1	100	198	9.01e-140	385
WP_000527897.1	NP_490568.1	99.5	198	4.84e-144	396
WP_000218280.1	NP_460567.1	100	198	3.70e-148	406
WP_000122861.1	NP_459074.1	100	198	7.11e-137	378
WP_001738208.1	NP_460231.1	100	197	4.14e-140	386
WP_001542298.1	NP_463173.1	100	197	5.77e-147	404
WP_001237182.1	NP_461842.1	100	197	8.35e-140	385
WP_001174769.1	NP_462019.1	100	197	1.02e-140	387
WP_000210306.1	NP_462281.1	100	197	7.69e-136	375
WP_001518875.1	NP_461611.1	100	196	2.10e-128	356
WP_001278856.1	NP_460677.1	100	196	8.06e-142	390
WP_001275806.1	NP_459428.1	100	196	3.83e-140	386
WP_001269947.1	NP_459639.1	100	196	3.25e-132	366
WP_001176284.1	NP_460670.1	100	196	8.39e-144	395
WP_001103591.1	NP_461020.3	100	196	9.05e-146	400
WP_000947460.1	NP_460226.1	100	196	2.14e-146	402
WP_000940092.1	NP_463038.1	100	196	3.42e-143	394
WP_000893481.1	NP_462179.1	100	196	3.83e-140	386
WP_000861341.1	NP_462359.1	100	196	2.10e-128	356
WP_000633676.1	NP_462689.1	100	196	1.28e-138	382
WP_000380372.1	NP_459013.1	100	196	5.44e-140	385
WP_000208473.1	NP_460632.1	100	196	5.90e-144	395
WP_000193201.1	NP_462587.1	100	196	2.90e-135	374
WP_000094422.1	NP_460363.1	100	196	3.39e-134	371
WP_001017057.1	NP_461114.1	100	195	6.14e-141	388
WP_000912957.1	NP_463201.1	100	195	5.47e-144	395
WP_000388323.1	NP_460366.1	100	195	1.87e-126	351
WP_000188414.1	NP_461580.1	100	195	1.14e-136	377
WP_001527038.1	NP_462749.3	100	194	2.70e-139	384
WP_001244638.1	NP_461946.3	100	194	1.64e-136	378
WP_001137605.1	NP_460159.1	100	194	1.40e-141	389
WP_001046887.1	NP_462874.1	100	194	2.61e-146	401
WP_000985595.1	NP_460739.3	99.5	194	1.93e-143	394
WP_000605987.1	NP_460881.3	100	194	1.19e-142	392
WP_000579804.1	NP_459689.1	100	194	1.68e-133	369
WP_000468204.1	NP_460138.1	100	194	8.11e-150	410
WP_001234783.1	NP_461066.1	100	193	1.57e-142	392
WP_001188414.1	NP_462543.1	100	193	1.07e-149	410
WP_001009858.1	NP_459398.1	100	193	1.30e-150	412
WP_000290594.1	NP_460775.1	100	193	5.70e-145	398
WP_000143167.1	NP_460025.1	100	193	1.29e-141	389
WP_000133179.1	NP_460422.1	100	193	1.13e-126	352
WP_000113609.1	NP_459572.1	100	193	2.31e-135	374
WP_000105725.1	NP_462097.1	99.5	193	9.85e-146	400
WP_000065416.1	NP_462094.1	100	193	4.88e-146	400
WP_000007301.1	NP_460394.1	99.5	193	6.66e-144	395
WP_001537832.1	NP_459441.3	100	192	7.21e-129	358
WP_001092597.1	NP_460421.1	100	192	1.45e-133	369
WP_001016236.1	NP_461009.1	100	192	1.11e-146	402
WP_000993750.1	NP_461638.1	98.4	192	4.88e-141	388
WP_000677089.1	NP_461536.1	100	192	4.14e-133	368
WP_000650985.1	NP_460975.1	100	192	5.70e-140	385
WP_000381544.1	NP_460781.1	100	192	4.50e-137	378
WP_000285376.1	NP_462484.1	100	192	3.85e-138	380
WP_000284051.1	NP_459308.1	100	192	1.06e-135	374
WP_000143154.1	NP_461522.1	100	192	4.88e-141	388
WP_000124001.1	NP_461988.1	100	192	3.85e-113	317
WP_000121043.1	NP_460534.1	100	192	5.70e-140	385
WP_000027236.1	NP_461975.3	100	192	1.06e-140	387
WP_001188509.1	NP_463186.1	100	191	1.24e-138	382
WP_001109079.1	NP_459664.1	100	191	2.22e-132	366
WP_001024311.1	NP_460580.1	100	191	1.84e-140	386
WP_000838976.1	NP_461382.1	100	191	1.58e-141	389
WP_000739886.1	NP_460128.1	100	191	8.76e-139	382
WP_000643280.1	NP_462180.1	100	191	2.29e-125	348
WP_000619387.1	NP_462414.1	100	191	4.34e-139	383
WP_000084037.1	NP_461412.1	100	191	1.45e-137	379
WP_000047845.1	NP_462227.1	100	191	6.64e-134	370
WP_000003307.1	NP_461575.1	100	191	6.64e-134	370
WP_001159786.1	NP_460129.1	100	190	2.33e-138	381
WP_001136822.1	NP_461155.3	100	190	1.70e-135	377
WP_001063609.1	NP_462306.1	100	190	4.89e-140	385
WP_000920478.1	NP_462375.1	100	190	4.33e-134	370
WP_000841604.1	NP_463427.1	100	190	5.48e-137	377
WP_000289054.1	NP_459620.1	100	190	1.46e-150	412
WP_000241015.1	NP_461158.1	100	190	1.76e-133	369
WP_000190912.1	NP_461699.1	100	190	2.51e-133	368
WP_000189061.1	NP_461425.3	99.5	190	1.15e-134	372
WP_001523476.1	NP_461115.1	100	189	5.99e-138	380
WP_000825682.1	NP_461298.1	100	189	3.43e-135	373
WP_000779803.1	NP_459461.1	100	189	8.02e-125	347
WP_000024794.1	NP_460865.1	100	189	8.47e-145	397
WP_001518359.1	NP_460790.1	100	188	3.35e-132	366
WP_001094848.1	NP_462017.1	100	188	1.44e-122	341
WP_001051726.1	NP_459252.1	100	188	5.96e-140	385
WP_000916144.1	NP_460859.1	100	188	2.00e-138	381
WP_000824704.1	NP_459701.1	100	188	5.96e-140	385
WP_000528527.1	NP_459014.1	100	188	8.76e-133	367
WP_000453194.1	NP_460011.1	100	188	4.87e-130	360
WP_000399768.1	NP_490565.1	99.5	188	2.31e-128	355
WP_000271296.1	NP_461746.1	100	188	4.03e-138	380
WP_000257282.1	NP_463198.1	100	188	1.16e-137	379
WP_000115065.1	NP_463143.3	100	188	8.04e-147	403
WP_000030034.1	NP_462226.1	99.5	188	1.84e-134	371
WP_001682344.1	NP_461683.1	100	187	9.79e-125	346
WP_001053171.1	NP_462012.1	100	187	2.95e-135	373
WP_001046799.1	NP_460617.1	100	187	1.58e-139	384
WP_000936329.1	NP_459151.1	99.5	187	8.83e-146	399
WP_000759136.1	NP_460039.1	100	187	1.07e-137	379
WP_000601880.1	NP_462372.1	100	187	7.84e-140	384
WP_000573333.1	NP_461753.1	100	187	3.07e-137	378
WP_000281877.1	NP_461188.1	100	187	5.52e-140	385
WP_000211410.1	NP_461551.1	99.5	187	1.40e-133	369
WP_000139307.1	NP_490594.1	100	187	2.92e-126	350
WP_000052802.1	NP_459600.1	100	187	1.85e-138	381
WP_000045725.1	NP_462397.3	100	187	1.20e-132	367
WP_000029150.1	NP_461916.1	100	187	2.25e-139	383
WP_001240331.1	NP_490535.1	100	186	1.40e-128	356
WP_001090554.1	NP_459200.1	100	186	8.70e-123	341
WP_001052198.1	NP_459788.1	100	186	4.88e-129	357
WP_000713057.1	NP_460135.1	100	186	8.44e-130	359
WP_000377438.1	NP_459602.1	100	186	5.29e-133	367
WP_000362180.1	NP_459558.1	100	186	3.06e-132	365
WP_000199997.1	NP_460462.1	100	186	1.41e-137	379
WP_000117946.1	NP_461863.1	100	186	1.92e-135	373
WP_010999940.1	NP_490507.1	100	185	1.85e-137	378
WP_001250381.1	NP_459604.1	100	185	1.36e-148	406
WP_001245277.1	NP_462481.1	100	185	2.06e-125	348
WP_001062625.1	NP_460625.1	99.5	185	3.08e-136	375
WP_001056986.1	NP_463448.1	100	185	1.11e-129	358
WP_000828296.1	NP_462713.1	100	185	6.21e-136	374
WP_000789471.1	NP_460215.1	100	185	1.35e-130	361
WP_000754800.1	NP_460887.1	100	185	1.41e-132	366
WP_000725062.1	NP_490501.1	100	185	1.35e-130	361
WP_000681030.1	NP_459538.3	100	185	2.81e-123	342
WP_000622423.1	NP_459224.1	100	185	8.07e-123	341
WP_000175305.1	NP_463266.1	100	185	1.41e-132	366
WP_000100106.1	NP_462040.1	100	185	6.73e-140	384
WP_001285640.1	NP_462303.1	100	184	8.73e-122	338
WP_001153603.1	NP_461055.1	100	184	4.21e-138	380
WP_001001883.1	NP_460108.1	100	184	4.92e-137	377
WP_000669770.1	NP_462228.1	100	184	1.78e-130	360
WP_000393522.1	NP_461262.1	100	184	8.37e-120	333
WP_000230215.1	NP_461288.1	100	184	1.12e-133	369
WP_000075772.1	NP_460999.1	100	184	4.90e-128	354
WP_001278792.1	NP_459467.1	100	183	1.65e-130	360
WP_001236063.1	NP_459612.1	100	183	8.50e-133	366
WP_001193591.1	NP_462221.1	100	183	2.25e-128	355
WP_001181565.1	NP_460307.1	100	183	1.86e-136	375
WP_001134566.1	NP_461503.1	100	183	1.86e-136	375
WP_000973708.1	NP_461039.1	100	183	1.03e-133	369
WP_000772458.1	NP_461289.1	100	183	1.03e-133	369
WP_000730794.1	NP_461328.1	100	183	1.79e-134	370
WP_000679040.1	NP_459067.1	100	183	1.12e-137	379
WP_000545754.1	NP_490522.1	100	183	7.84e-129	356
WP_000339313.1	NP_460262.1	100	183	4.92e-132	364
WP_000218080.1	NP_460908.1	100	183	4.56e-137	377
WP_000166287.1	NP_463298.1	100	183	8.79e-126	348
WP_000127350.1	NP_459478.1	100	183	6.99e-132	364
WP_000081820.1	NP_462362.1	100	183	9.97e-141	386
WP_001526945.1	NP_460375.1	100	182	1.04e-137	379
WP_001517951.1	NP_462923.1	100	182	5.41e-130	359
WP_001160192.1	NP_460898.1	100	182	2.17e-130	360
WP_001066345.1	NP_461323.1	100	182	5.78e-144	394
WP_000859419.1	NP_460055.1	100	182	8.20e-135	371
WP_000459612.1	NP_462859.1	100	182	6.34e-114	318
WP_000357052.1	NP_459971.1	100	182	1.59e-132	365
WP_000055840.1	NP_490583.1	100	182	2.75e-133	367
WP_000043266.1	NP_461605.1	100	182	1.16e-134	371
WP_071591236.1	NP_490524.1	99.4	181	4.86e-139	382
WP_001287521.1	NP_463017.1	100	181	8.52e-132	363
WP_001271546.1	NP_463214.1	100	181	1.26e-133	368
WP_001185319.1	NP_459244.1	100	181	1.04e-132	366
WP_001143507.1	NP_459535.1	100	181	6.76e-138	379
WP_001102153.1	NP_461545.2	100	181	2.25e-127	352
WP_001082039.1	NP_459030.1	100	181	1.04e-132	366
WP_001078791.1	NP_461764.1	100	181	3.76e-135	372
WP_000983569.1	NP_459383.1	100	181	1.16e-129	358
WP_000973145.1	NP_460963.1	100	181	1.47e-132	365
WP_000970374.1	NP_459741.1	100	181	6.00e-132	364
WP_000853952.1	NP_462872.1	100	181	2.65e-135	372
WP_000617985.1	NP_460235.1	100	181	1.30e-126	350
WP_000482239.1	NP_463451.1	100	181	2.16e-125	347
WP_000393233.1	NP_462429.1	100	181	3.91e-137	377
WP_000343990.1	NP_461887.1	100	181	5.14e-133	367
WP_000133994.1	NP_461955.1	100	181	6.76e-138	379
WP_001738610.1	NP_462827.1	100	180	2.85e-125	347
WP_001670658.1	NP_461236.1	100	180	3.88e-131	363
WP_001574431.1	NP_460300.3	99.3	144	1.78e-95	270
WP_001220671.1	NP_460033.1	100	180	3.63e-137	377
WP_001129708.1	NP_462307.1	100	180	5.46e-114	318
WP_000996817.1	NP_459270.1	100	180	8.17e-125	346
WP_000848395.1	NP_459682.1	100	180	1.79e-128	355
WP_000743357.1	NP_459026.1	100	180	2.94e-118	329
WP_000587943.1	NP_460180.1	100	180	4.41e-138	379
WP_000513122.1	NP_460488.1	100	180	2.18e-129	357
WP_000493767.1	NP_461769.1	100	180	2.25e-122	340
WP_000172747.1	NP_461263.1	100	180	1.93e-123	342
WP_001119682.1	NP_461374.1	100	179	3.35e-128	354
WP_001096724.1	NP_463057.1	100	179	2.15e-115	322
WP_001096206.1	NP_462332.1	100	179	1.66e-128	355
WP_001043449.1	NP_460182.1	100	179	2.51e-114	319
WP_000951395.1	NP_462394.1	100	179	1.79e-123	342
WP_000808682.1	NP_460694.1	100	179	5.55e-127	351
WP_000777532.1	NP_459182.1	100	179	3.46e-121	337
WP_000388997.1	NP_461697.1	100	179	5.15e-132	364
WP_000229304.1	NP_460570.1	100	179	1.48e-131	363
WP_000203944.1	NP_460118.1	100	179	9.59e-128	353
WP_000198484.1	NP_459409.1	100	179	1.47e-122	340
WP_000098578.1	NP_463403.1	100	179	1.17e-128	355
WP_000047149.1	NP_462551.1	100	179	4.07e-129	357
WP_001038506.1	NP_461948.1	100	178	3.23e-130	359
WP_001007106.1	NP_459278.1	100	178	1.54e-128	355
WP_000683342.1	NP_459175.1	100	178	4.23e-126	349
WP_000369555.1	NP_460564.1	100	178	1.17e-132	365
WP_000222158.1	NP_460289.1	100	178	2.75e-122	339
WP_000062035.1	NP_459335.1	100	178	1.52e-119	332
WP_001288957.1	NP_462767.1	100	177	2.74e-117	327
WP_001238397.1	NP_463203.1	99.4	177	1.04e-130	360
WP_001068132.1	NP_459021.1	100	177	3.00e-139	382
WP_001050882.1	NP_460825.1	100	177	5.30e-115	321
WP_000877926.1	NP_460019.1	100	177	3.92e-126	349
WP_000619606.1	NP_459539.1	100	177	1.42e-128	355
WP_000371784.1	NP_460005.1	100	177	1.41e-119	332
WP_000108342.1	NP_462443.1	100	177	1.00e-128	355
WP_000091939.1	NP_462329.1	100	177	4.58e-125	346
WP_001294181.1	NP_459193.1	99.4	176	6.80e-131	361
WP_001294027.1	NP_462191.1	100	176	7.36e-135	371
WP_001197952.1	NP_461101.1	100	176	2.02e-123	342
WP_001129320.1	NP_459205.1	100	176	1.00e-123	343
WP_001018621.1	NP_459679.1	100	176	2.11e-134	370
WP_000943475.1	NP_460763.1	100	176	3.50e-133	367
WP_000929982.1	NP_460220.1	100	176	8.27e-132	363
WP_000907671.1	NP_463368.3	100	176	5.18e-135	371
WP_000896756.1	NP_463345.1	100	176	2.66e-128	354
WP_000830686.1	NP_461096.1	100	176	3.49e-124	344
WP_000600709.1	NP_459090.1	100	176	5.39e-137	376
WP_000564481.1	NP_461921.1	100	176	3.00e-134	369
WP_000527273.1	NP_460598.1	100	176	3.50e-133	367
WP_000378431.1	NP_461739.1	100	176	2.99e-125	347
WP_000208240.1	NP_462973.1	100	176	5.79e-123	341
WP_000168322.1	NP_463121.1	100	176	1.17e-122	340
WP_000147832.1	NP_462704.1	100	176	7.07e-133	366
WP_000055079.1	NP_463275.1	100	176	2.28e-129	357
WP_001738050.1	NP_459476.1	100	171	2.29e-114	319
WP_001276120.1	NP_490554.1	64.2	179	1.50e-59	180
WP_001235357.1	NP_460474.1	100	175	2.28e-124	344
WP_001215679.1	NP_461177.1	100	175	8.27e-127	350
WP_001094307.1	NP_462034.1	100	175	6.30e-131	361
WP_000971655.1	NP_461826.1	100	175	2.88e-127	352
WP_000792957.1	NP_462537.1	100	175	3.37e-126	349
WP_000022009.1	NP_461724.1	100	175	1.87e-123	342
WP_001519917.1	NP_462541.1	100	174	4.34e-118	328
WP_001176621.1	NP_459734.1	100	174	9.26e-119	330
WP_000907494.1	NP_463077.1	100	174	3.25e-128	354
WP_000884721.1	NP_462186.1	100	174	3.50e-123	341
WP_000830238.1	NP_459341.1	99.4	174	3.95e-129	356
WP_010999942.1	NP_490516.1	100	173	6.55e-123	340
WP_001520581.1	NP_460212.1	100	173	2.12e-128	354
WP_001174492.1	NP_460160.1	100	173	1.32e-122	340
WP_001090597.1	NP_460987.1	100	173	1.22e-118	330
WP_001055885.1	NP_461961.1	100	173	1.14e-132	365
WP_000968384.1	NP_459286.1	100	173	1.01e-135	373
WP_000858988.1	NP_461829.1	100	173	2.19e-121	337
WP_000826819.1	NP_460403.1	100	173	9.69e-125	345
WP_000818621.1	NP_462390.1	100	173	1.22e-118	330
WP_000480483.1	NP_461677.1	100	173	2.87e-117	326
WP_000198608.1	NP_490520.1	100	173	4.28e-128	353
WP_000022509.1	NP_460855.1	100	173	1.22e-118	330
WP_010989016.1	NP_460248.1	100	172	8.29e-121	335
WP_001243232.1	NP_459031.1	100	172	2.38e-120	334
WP_001212379.1	NP_461601.1	100	172	6.07e-123	340
WP_000847540.1	NP_461318.1	100	172	6.84e-129	355
WP_000748205.1	NP_490510.1	100	172	6.28e-116	323
WP_000741240.1	NP_490554.1	100	172	6.03e-114	318
WP_000603405.1	NP_459543.1	100	172	1.43e-121	337
WP_000227928.1	NP_460041.1	100	172	2.90e-130	359
WP_000037599.1	NP_462182.1	100	172	1.43e-121	337
WP_010989085.1	NP_462873.1	100	171	1.33e-121	337
WP_001521476.1	NP_459831.1	100	171	1.61e-122	339
WP_001270724.1	NP_459868.1	100	171	1.01e-125	347
WP_001207652.1	NP_461628.1	100	171	2.29e-122	339
WP_001130194.1	NP_461743.1	100	171	2.90e-125	346
WP_001091413.1	NP_462934.1	100	171	1.43e-116	324
WP_001079995.1	NP_490570.1	100	171	3.81e-121	336
WP_000945036.1	NP_460618.1	100	171	3.53e-126	348
WP_000743292.1	NP_462883.1	100	171	2.15e-102	288
WP_000716763.1	NP_459810.1	100	171	5.63e-123	340
WP_000554311.1	NP_463440.1	100	171	9.72e-124	342
WP_000416272.1	NP_463106.1	100	171	1.01e-125	347
WP_000384396.1	NP_461475.1	100	171	3.51e-117	326
WP_000155373.1	NP_460549.1	100	171	9.01e-129	355
WP_000154063.1	NP_459415.1	100	171	1.75e-135	372
WP_010988970.1	NP_459297.1	100	170	1.55e-115	322
WP_001250313.1	NP_459203.1	100	170	4.12e-120	333
WP_001195556.1	NP_460071.1	100	170	9.01e-124	342
WP_000084604.1	NP_459781.1	100	170	5.01e-121	335
WP_001069920.1	NP_461643.3	98.8	169	4.14e-124	343
WP_000883911.1	NP_461663.1	65.1	169	3.23e-80	232
WP_000522253.1	NP_461368.1	100	169	3.02e-117	326
WP_000460863.1	NP_461663.1	94.7	169	7.97e-113	315
WP_000288732.1	NP_460045.1	100	169	1.05e-117	327
WP_000114987.1	NP_462310.1	100	169	3.52e-116	323
WP_000098736.1	NP_459529.1	100	169	8.65e-117	325
WP_001109977.1	NP_460689.1	100	168	8.02e-117	325
WP_000907530.1	NP_460089.1	100	168	2.13e-121	336
WP_000237776.1	NP_462127.1	100	168	5.45e-124	343
WP_000084401.1	NP_460640.1	100	168	6.86e-118	327
WP_001519110.1	NP_462069.1	100	167	3.50e-125	346
WP_001519079.1	NP_463333.1	100	167	2.40e-122	338
WP_001022822.1	NP_460688.1	100	167	8.60e-107	299
WP_000940121.1	NP_462327.1	100	167	1.01e-114	319
WP_000908562.1	NP_462185.1	100	167	2.06e-123	341
WP_000806401.1	NP_461173.3	100	167	4.15e-123	340
WP_000741710.1	NP_460888.1	99.4	167	5.23e-117	325
WP_000147295.1	NP_460877.1	100	167	9.74e-113	314
WP_000100805.1	NP_459808.1	100	167	4.30e-116	323
WP_001294864.1	NP_461749.1	100	166	1.76e-119	331
WP_001233463.1	NP_462941.1	100	166	6.84e-108	302
WP_000545038.1	NP_461267.1	100	166	2.71e-123	341
WP_000366112.1	NP_462251.1	100	166	3.39e-108	303
WP_000042739.1	NP_459052.1	100	166	2.23e-122	338
WP_001518229.1	NP_460803.1	100	165	3.04e-117	327
WP_001207203.1	NP_463020.1	100	165	2.12e-106	298
WP_000920611.1	NP_460891.1	100	165	9.45e-119	329
WP_000856775.1	NP_462008.1	100	165	1.24e-123	342
WP_000725267.1	NP_460018.1	100	165	7.77e-118	327
WP_000386309.1	NP_461807.1	100	165	9.45e-119	329
WP_000202966.1	NP_462135.1	100	165	4.00e-120	333
WP_000132239.1	NP_461751.1	100	165	1.69e-112	313
WP_000019219.1	NP_463098.1	100	165	1.15e-119	332
WP_000014333.1	NP_459140.3	100	142	1.36e-97	275
WP_010999946.1	NP_490586.1	100	164	2.61e-120	333
WP_001241346.1	NP_461479.1	100	164	4.87e-116	322
WP_001221960.1	NP_462061.1	100	164	6.38e-112	312
WP_000781589.1	NP_461205.1	100	164	1.51e-119	331
WP_000606266.1	NP_461390.1	100	164	7.45e-111	309
WP_000439335.1	NP_462068.1	100	164	4.49e-112	312
WP_000426135.1	NP_461277.1	100	164	6.41e-121	335
WP_000255991.1	NP_459531.1	100	164	2.24e-121	336
WP_000228469.1	NP_459935.1	100	164	6.92e-116	322
WP_000108007.1	NP_459266.1	100	164	6.16e-119	330
WP_001563086.1	NP_459122.1	100	163	1.98e-110	308
WP_001138913.1	NP_459430.3	100	163	5.99e-111	310
WP_001012956.1	NP_460993.1	100	163	2.06e-112	313
WP_000626099.1	NP_463183.1	100	163	1.64e-118	328
WP_000609332.1	NP_462232.1	100	163	2.51e-113	315
WP_000228070.1	NP_461204.1	100	163	6.68e-127	350
WP_001293638.1	NP_460507.1	100	162	3.71e-110	307
WP_001290288.1	NP_462447.1	99.4	162	3.19e-120	333
WP_001192410.1	NP_462862.1	100	162	1.25e-117	326
WP_001135407.1	NP_490537.1	100	162	1.25e-117	326
WP_000934315.1	NP_463034.1	100	162	3.73e-119	330
WP_000888725.1	NP_461059.1	100	162	4.35e-118	327
WP_000826193.1	NP_463332.1	100	162	2.72e-112	313
WP_000666051.1	NP_463323.1	100	162	1.29e-110	308
WP_000545421.1	NP_459340.1	99.4	162	4.02e-114	317
WP_000262102.1	NP_461305.1	100	162	1.57e-111	311
WP_000179403.1	NP_462282.1	100	161	4.67e-111	310
WP_000004953.1	NP_462060.1	100	162	2.24e-120	333
WP_001284295.1	NP_462670.1	100	161	2.34e-117	325
WP_001228998.1	NP_460274.1	100	161	2.72e-107	300
WP_001195800.1	NP_461329.1	100	161	9.90e-119	329
WP_001081550.1	NP_459275.1	100	161	7.84e-125	344
WP_001050825.1	NP_459885.1	93.8	161	2.05e-102	288
WP_000980418.1	NP_461624.1	100	161	2.80e-100	282
WP_000905606.1	NP_490523.1	100	161	3.17e-106	297
WP_000872918.1	NP_462970.1	100	161	6.44e-115	319
WP_000758966.1	NP_459230.1	100	161	4.15e-102	287
WP_000533909.1	NP_462552.1	100	161	2.73e-116	323
WP_000338754.1	NP_462046.1	100	161	9.15e-115	319
WP_000312802.1	NP_459274.1	100	161	1.71e-119	331
WP_000119443.1	NP_459277.1	100	161	4.04e-118	327
WP_000080894.1	NP_459782.1	100	161	2.52e-112	313
WP_000070056.1	NP_459684.1	100	161	3.07e-122	338
WP_001546652.1	NP_460109.1	99.4	160	2.46e-113	316
WP_001518569.1	NP_461618.1	100	160	1.47e-115	321
WP_001284387.1	NP_460991.3	98.8	160	7.52e-109	304
WP_001221827.1	NP_462085.1	100	160	3.19e-110	307
WP_000764664.1	NP_459510.1	100	160	9.55e-121	334
WP_000558928.1	NP_461798.1	100	160	1.71e-114	318
WP_001541990.1	NP_460004.1	100	159	8.15e-108	301
WP_001219245.1	NP_461850.1	100	159	1.12e-114	318
WP_001171890.1	NP_462625.1	100	159	6.47e-114	317
WP_001065324.1	NP_462661.1	100	159	1.56e-96	273
WP_001053618.1	NP_462715.1	100	159	7.56e-113	314
WP_001053617.1	NP_462715.1	99.4	159	1.78e-111	310
WP_000820751.1	NP_461404.1	100	159	1.65e-116	323
WP_000624381.1	NP_459092.1	99.4	159	2.09e-119	330
WP_000589087.1	NP_461572.1	100	159	4.04e-108	302
WP_000186618.1	NP_459490.1	100	159	1.47e-110	308
WP_000150773.1	NP_459188.1	100	159	1.65e-116	323
WP_001267291.1	NP_463191.3	99.4	158	5.18e-102	287
WP_001148008.1	NP_462210.1	100	158	9.56e-111	308
WP_000767419.1	NP_459770.1	100	158	7.01e-122	337
WP_000725075.1	NP_459204.1	100	158	3.34e-111	310
WP_000675530.1	NP_462347.1	100	158	2.85e-112	312
WP_000624814.1	NP_459853.1	100	158	5.76e-112	311
WP_001219015.1	NP_460952.1	100	157	1.71e-99	280
WP_001152234.1	NP_462683.1	100	157	1.12e-113	316
WP_001078820.1	NP_462566.1	100	157	4.07e-116	322
WP_001044884.1	NP_459645.1	100	157	4.57e-113	314
WP_000992496.1	NP_462393.1	100	157	3.91e-114	317
WP_000965538.1	NP_461996.1	100	157	1.86e-112	313
WP_000932335.1	NP_462595.1	100	157	4.95e-117	324
WP_000875811.1	NP_463443.1	100	157	2.97e-109	305
WP_000856693.1	NP_462406.1	100	157	3.91e-114	317
WP_000832313.1	NP_462571.1	100	157	2.85e-107	300
WP_000711029.1	NP_460364.1	100	157	4.76e-115	319
WP_000533542.1	NP_459812.1	100	157	2.09e-109	305
WP_000511329.1	NP_463404.1	100	157	1.53e-111	310
WP_000505788.1	NP_459858.1	100	157	9.56e-106	296
WP_000460663.1	NP_462308.1	100	157	2.65e-112	312
WP_000084476.1	NP_459660.1	100	157	9.23e-113	313
WP_014344446.1	NP_490559.1	99.4	156	1.26e-114	318
WP_001257852.1	NP_462270.1	100	156	1.79e-105	295
WP_001138042.1	NP_462351.1	100	156	7.29e-105	293
WP_001068686.1	NP_461426.1	100	156	6.77e-119	329
WP_001052212.1	NP_462768.1	100	156	1.59e-83	239
WP_001021372.1	NP_459412.1	100	156	3.47e-103	289
WP_000785978.1	NP_460942.1	100	156	2.27e-117	325
WP_000744675.1	NP_461917.1	100	156	7.92e-118	326
WP_000594176.1	NP_459568.1	99.4	156	8.51e-104	291
WP_000490265.1	NP_490546.1	100	156	9.62e-119	328
WP_000354626.1	NP_462289.1	100	156	1.72e-103	290
WP_000266939.1	NP_459300.1	100	156	1.48e-113	315
WP_000136181.1	NP_459466.1	100	156	1.00e-111	311
WP_000132989.1	NP_461766.1	99.4	156	1.54e-115	320
WP_001277136.1	NP_462841.3	100	155	1.28e-108	303
WP_001218118.1	NP_460218.1	100	155	3.63e-109	304
WP_000979905.1	NP_462245.1	100	155	8.91e-110	306
WP_000950413.1	NP_461102.1	100	155	1.80e-109	305
WP_000917872.1	NP_459261.1	100	155	6.28e-119	329
WP_000776107.1	NP_459633.1	100	155	3.50e-116	322
WP_000702452.1	NP_462554.1	100	155	8.25e-115	318
WP_000597179.1	NP_460408.1	100	155	3.18e-78	226
WP_000549562.1	NP_490572.1	100	155	1.53e-101	285
WP_000495848.1	NP_462346.1	100	155	2.56e-118	327
WP_000384326.1	NP_461006.1	100	155	3.64e-118	327
WP_000132169.1	NP_460928.1	100	155	8.15e-97	273
WP_000003370.1	NP_462601.1	100	155	1.32e-111	310
WP_001653911.1	NP_462657.1	100	154	1.27e-113	315
WP_001268859.1	NP_463312.1	100	154	8.59e-121	333
WP_001213256.1	NP_460309.1	100	154	3.24e-116	322
WP_001020583.1	NP_459349.1	100	154	4.78e-109	304
WP_000776531.1	NP_463246.1	100	154	2.88e-110	307
WP_000673534.1	NP_461646.1	100	154	2.19e-114	317
WP_000576056.1	NP_462569.1	100	154	3.64e-113	314
WP_000080445.1	NP_462171.1	100	154	1.08e-105	295
WP_001654330.1	NP_463364.1	100	153	6.05e-107	298
WP_001090314.1	NP_463401.1	100	153	6.26e-100	281
WP_000981983.1	NP_463218.1	100	153	3.95e-112	311
WP_000762342.1	NP_459976.1	100	153	4.09e-105	294
WP_000634729.1	NP_463395.1	100	153	3.50e-106	296
WP_000568155.1	NP_461254.1	100	153	1.55e-118	328
WP_000476067.1	NP_460205.1	100	153	1.27e-117	325
WP_000211979.1	NP_463372.1	100	153	5.82e-105	293
WP_000158074.1	NP_461774.1	100	153	1.13e-111	310
WP_000148570.1	NP_463319.1	100	153	1.61e-111	310
WP_001738611.1	NP_462839.1	100	152	7.07e-101	283
WP_001682412.1	NP_460714.1	100	152	3.65e-121	334
WP_001292018.1	NP_459314.1	100	152	1.28e-112	313
WP_000976078.1	NP_462631.1	100	151	4.64e-108	301
WP_000884594.1	NP_459455.1	99.3	152	1.68e-108	302
WP_000703137.1	NP_461100.1	100	152	1.17e-99	280
WP_000502119.1	NP_463176.1	100	152	1.18e-117	325
WP_000488294.1	NP_459124.1	100	152	1.18e-108	303
WP_000433018.1	NP_462775.1	100	152	3.25e-106	296
WP_000424187.1	NP_460050.1	100	152	1.28e-112	313
WP_000412686.1	NP_463131.1	100	152	1.74e-110	307
WP_000156280.1	NP_460789.1	100	152	5.94e-103	288
WP_000058276.1	NP_463408.1	100	152	5.61e-107	298
WP_001519547.1	NP_461938.1	100	151	4.80e-105	294
WP_001155232.1	NP_459191.1	100	151	1.49e-106	297
WP_000985653.1	NP_461590.1	100	151	2.30e-110	307
WP_000828129.1	NP_463041.1	100	151	4.97e-96	271
WP_000791655.1	NP_460114.1	100	151	2.57e-42	135
WP_000449433.1	NP_463080.1	100	151	3.66e-107	299
WP_000432207.1	NP_463118.1	100	151	1.89e-109	305
WP_000210741.1	NP_459232.1	100	151	7.70e-109	303
WP_000158137.1	NP_459382.1	100	151	2.58e-107	299
WP_000128242.1	NP_462082.1	100	151	8.65e-115	318
WP_000106617.1	NP_461278.1	100	151	4.82e-112	311
WP_000084331.1	NP_463063.1	100	151	1.38e-120	333
WP_015701345.1	NP_461548.1	99.3	150	1.18e-107	300
WP_001533543.1	NP_461547.3	100	150	1.43e-99	280
WP_001519640.1	NP_462685.1	100	150	4.83e-107	298
WP_000984586.1	NP_460003.1	100	150	1.44e-108	302
WP_000877172.1	NP_460043.1	100	150	9.00e-103	288
WP_000826277.1	NP_461001.1	100	150	1.01e-108	303
WP_000653693.1	NP_460857.1	100	150	2.91e-108	301
WP_000612175.1	NP_461789.1	100	150	2.69e-104	291
WP_000583461.1	NP_463328.1	100	150	1.28e-111	310
WP_000561177.1	NP_459495.1	100	150	4.13e-108	301
WP_000545202.1	NP_459784.1	100	150	1.82e-111	310
WP_000131699.1	NP_459678.1	100	150	3.14e-112	311
WP_000105461.1	NP_462201.3	100	140	3.42e-98	276
WP_001521629.1	NP_460602.1	100	149	1.24e-113	315
WP_001250362.1	NP_459034.1	100	149	1.75e-104	292
WP_001216659.1	NP_459569.1	100	149	7.14e-104	290
WP_001196059.1	NP_463255.1	100	149	1.82e-97	274
WP_001076571.1	NP_460550.1	100	149	5.21e-97	273
WP_000842932.1	NP_461383.1	100	149	1.44e-112	312
WP_000835182.1	NP_461199.1	100	149	1.02e-112	313
WP_000807739.1	NP_461884.1	100	149	1.97e-110	307
WP_000798705.1	NP_460000.1	100	149	5.51e-83	238
WP_000543533.1	NP_459410.1	100	149	2.13e-105	294
WP_000522406.1	NP_461721.1	100	149	2.49e-104	291
WP_000492669.1	NP_461726.1	100	149	4.14e-103	288
WP_000482224.1	NP_461062.1	100	149	6.36e-107	298
WP_000381610.1	NP_461822.1	100	149	8.04e-110	305
WP_000047269.1	NP_459053.1	100	149	8.69e-105	293
WP_001526444.1	NP_459273.3	99.1	110	4.17e-83	236
WP_001285703.1	NP_460767.3	100	148	1.79e-118	327
WP_001261222.1	NP_460048.1	100	148	3.15e-102	286
WP_001259011.1	NP_462910.3	100	148	3.28e-104	291
WP_001092436.1	NP_463414.1	100	148	1.39e-105	295
WP_000935097.1	NP_459291.1	100	148	3.69e-110	306
WP_000460698.1	NP_460246.2	100	148	4.14e-98	276
WP_000375832.1	NP_459288.1	100	148	4.32e-109	303
WP_000343940.1	NP_461639.1	93.2	148	5.41e-94	265
WP_000252550.1	NP_463317.1	100	148	6.63e-104	290
WP_001523689.1	NP_463336.3	100	147	7.32e-108	301
WP_001520714.1	NP_461814.1	100	147	3.49e-85	243
WP_001131299.1	NP_463153.1	100	147	6.91e-110	305
WP_000901812.1	NP_461286.1	100	147	5.26e-105	293
WP_000860682.1	NP_459022.1	100	147	1.69e-101	284
WP_000763722.1	NP_462774.1	100	147	1.57e-106	297
WP_000715092.1	NP_461821.1	100	147	1.15e-99	280
WP_000380404.1	NP_462183.1	100	147	3.42e-110	306
WP_000184198.1	NP_461904.1	100	147	3.04e-104	291
WP_000062993.1	NP_461270.1	100	147	8.73e-104	290
WP_000046981.1	NP_460926.1	100	147	2.31e-99	279
WP_000022213.1	NP_461176.1	100	147	2.82e-109	304
WP_000901960.1	NP_459183.1	100	146	1.51e-108	302
WP_000764553.1	NP_460407.3	100	146	2.14e-99	279
WP_000619902.1	NP_462544.1	100	146	2.15e-108	301
WP_000543922.1	NP_460073.1	100	146	5.48e-102	285
WP_000214061.1	NP_460423.1	100	146	8.74e-99	277
WP_000158347.1	NP_459036.1	99.3	146	3.05e-99	278
WP_001537508.1	NP_461617.1	100	145	6.79e-103	288
WP_001038573.1	NP_459534.1	100	145	2.14e-94	266
WP_000973242.1	NP_463046.1	99.3	145	6.43e-105	293
WP_000943619.1	NP_459292.1	100	145	2.94e-110	306
WP_000606458.1	NP_460575.1	100	145	9.87e-109	302
WP_000560974.1	NP_462908.1	100	145	8.78e-103	287
WP_000414989.1	NP_459149.1	100	145	7.51e-104	290
WP_000354865.1	NP_460578.1	100	145	9.87e-109	302
WP_000203998.1	NP_463413.1	100	145	6.43e-105	293
WP_010999943.1	NP_490557.1	100	144	1.25e-106	297
WP_001574835.1	NP_461713.3	100	144	9.90e-104	290
WP_001526214.1	NP_463152.3	100	144	5.91e-105	293
WP_001238917.1	NP_462325.1	100	144	2.14e-89	253
WP_001200150.1	NP_490551.1	100	144	3.45e-113	313
WP_001082296.1	NP_460611.1	100	144	1.77e-97	274
WP_000979963.1	NP_460368.1	100	144	1.20e-104	292
WP_000843434.1	NP_460480.1	100	144	2.08e-105	294
WP_000323565.1	NP_462492.1	100	144	1.64e-102	286
WP_000274533.1	NP_490552.1	100	144	5.96e-105	293
WP_001156179.1	NP_462603.1	100	143	1.21e-99	279
WP_001039965.1	NP_461640.1	97.2	143	8.48e-100	280
WP_000963846.1	NP_461461.1	100	143	8.83e-102	285
WP_000227044.1	NP_459282.1	100	143	4.04e-98	275
WP_000209813.1	NP_461730.1	100	143	1.52e-102	286
WP_000152297.1	NP_460522.1	100	143	8.48e-100	280
WP_001648763.1	NP_461642.1	100	142	6.98e-94	265
WP_001246919.1	NP_462708.3	100	142	2.44e-103	288
WP_001085926.1	NP_463018.1	100	142	1.03e-95	269
WP_000847559.1	NP_462255.1	100	142	2.97e-104	291
WP_000278499.1	NP_459606.1	100	142	1.31e-98	276
WP_000155237.1	NP_462964.1	100	142	3.61e-105	293
WP_000124676.1	NP_459731.1	100	142	1.21e-94	266
WP_000122606.1	NP_460884.1	100	142	3.60e-96	270
WP_001279499.1	NP_461745.1	100	141	2.97e-99	278
WP_001251476.1	NP_462073.1	100	141	1.93e-95	268
WP_001249900.1	NP_461237.1	100	141	9.59e-105	292
WP_001198939.1	NP_490551.1	72.9	144	1.08e-79	229
WP_001177632.1	NP_463228.1	100	141	1.21e-98	276
WP_000754695.1	NP_460917.1	100	134	1.36e-95	269
WP_000406008.1	NP_461384.3	100	141	9.41e-102	286
WP_000287113.1	NP_459837.1	100	141	6.74e-96	270
WP_000285586.1	NP_462316.1	100	140	2.35e-96	271
WP_000218569.1	NP_461987.1	100	141	1.53e-101	284
WP_000214106.1	NP_462671.1	100	141	4.23e-99	278
WP_000925627.1	NP_490545.1	100	140	1.17e-100	281
WP_000920845.1	NP_461897.1	100	140	3.92e-99	278
WP_000833405.1	NP_462099.1	100	140	6.02e-103	287
WP_000820693.1	NP_463394.1	100	140	3.23e-98	275
WP_000560527.1	NP_459245.1	100	140	1.29e-79	228
WP_000197547.1	NP_460142.1	100	140	4.23e-94	265
WP_001251971.1	NP_462763.1	100	139	1.13e-93	264
WP_001103147.1	NP_459105.1	100	139	4.78e-104	290
WP_001098732.1	NP_461584.1	100	139	4.97e-106	295
WP_000801129.1	NP_459413.1	100	139	6.78e-95	267
WP_000715944.1	NP_462780.1	100	139	1.67e-95	268
WP_000394196.1	NP_460949.1	100	139	8.58e-98	274
WP_000354408.1	NP_460813.1	100	139	4.78e-104	290
WP_001669236.1	NP_461082.1	100	138	1.43e-100	281
WP_001596567.1	NP_459285.1	100	138	2.89e-100	280
WP_001264073.1	NP_460111.1	100	138	2.28e-97	273
WP_001026760.1	NP_459494.1	100	138	1.18e-99	279
WP_000887043.1	NP_460145.1	100	138	5.18e-94	265
WP_000826041.1	NP_462453.1	100	138	5.92e-75	216
WP_000802644.1	NP_459086.1	100	138	5.38e-105	292
WP_000729468.1	NP_460339.1	100	138	6.81e-99	277
WP_000592132.1	NP_460267.1	100	138	3.51e-101	283
WP_000270393.1	NP_463115.1	100	138	6.30e-104	290
WP_000249606.1	NP_460367.1	100	138	1.37e-98	276
WP_000017096.1	NP_462013.1	100	138	2.37e-99	278
WP_000002940.1	NP_463330.1	100	138	8.94e-95	266
WP_001537782.1	NP_460052.1	100	137	1.48e-95	268
WP_001532742.1	NP_462709.3	100	137	1.74e-96	271
WP_001519539.1	NP_460257.1	100	137	2.18e-108	301
WP_001287383.1	NP_460710.1	100	137	1.37e-84	241
WP_001282115.1	NP_460930.1	100	137	1.38e-93	263
WP_000637965.1	NP_459591.1	100	137	5.62e-102	285
WP_000244756.1	NP_461962.1	100	137	2.68e-100	280
WP_000008119.1	NP_462314.1	100	137	1.61e-92	261
WP_001275401.1	NP_461732.1	100	136	1.82e-102	286
WP_001038966.1	NP_461563.1	100	136	1.89e-95	268
WP_000982749.1	NP_463091.1	100	136	6.84e-89	251
WP_000941208.1	NP_462337.1	100	136	7.40e-93	261
WP_000936444.1	NP_462070.1	100	136	9.73e-98	274
WP_000871970.1	NP_459792.1	100	136	1.49e-92	261
WP_000833188.1	NP_460070.1	100	136	1.38e-97	273
WP_000725242.1	NP_460607.1	100	136	6.33e-94	264
WP_000637930.1	NP_460331.1	100	136	6.85e-98	274
WP_000257347.1	NP_463136.1	100	136	5.85e-90	254
WP_000155978.1	NP_460494.1	100	136	9.73e-98	274
WP_000089748.1	NP_459608.1	100	136	4.64e-96	270
WP_000003726.1	NP_461767.1	100	136	1.97e-97	273
WP_010989091.1	NP_463051.1	100	135	5.44e-99	277
WP_001287102.1	NP_461632.1	86.4	132	2.20e-80	230
WP_001237787.1	NP_460398.1	100	135	2.22e-98	275
WP_001164066.1	NP_461816.1	100	135	1.28e-97	273
WP_001078532.1	NP_461915.1	100	135	5.03e-95	267
WP_000788200.1	NP_459305.1	100	135	4.65e-91	257
WP_000287764.1	NP_460914.1	100	135	2.69e-90	255
WP_001262581.1	NP_460746.1	100	134	2.40e-97	273
WP_001258094.1	NP_459016.1	100	134	2.14e-91	258
WP_001202315.1	NP_459248.1	100	134	1.56e-93	263
WP_001196448.1	NP_460146.1	100	134	2.05e-89	253
WP_001148919.1	NP_462368.1	100	134	3.69e-92	259
WP_001046240.1	NP_459729.1	100	134	3.16e-93	262
WP_000665657.1	NP_462071.1	100	134	5.04e-90	254
WP_000423344.1	NP_461841.1	100	134	7.45e-92	259
WP_000312604.1	NP_463231.1	100	134	3.04e-91	257
WP_000263340.1	NP_459717.1	100	129	8.27e-88	248
WP_000114955.1	NP_460692.1	100	134	4.66e-104	290
WP_001738217.1	NP_460358.1	100	133	2.61e-96	270
WP_001540100.1	NP_448047.1	100	133	1.83e-96	270
WP_001190057.1	NP_462485.1	100	133	6.15e-95	266
WP_001051100.1	NP_461725.1	100	133	3.16e-88	249
WP_001040199.1	NP_462198.1	100	133	1.34e-89	253
WP_000669690.1	NP_461546.1	100	133	5.92e-93	261
WP_000660723.1	NP_462400.1	100	133	1.10e-88	251
WP_000648136.1	NP_462392.1	100	133	7.77e-98	274
WP_000210317.1	NP_460695.1	100	133	1.76e-94	265
WP_000196702.1	NP_460012.1	100	133	1.06e-95	268
WP_000174696.1	NP_459316.1	100	133	9.81e-101	281
WP_000033885.1	NP_461534.1	100	133	4.50e-97	272
WP_001519074.1	NP_462257.1	100	132	3.67e-87	247
WP_001194543.1	NP_459450.1	100	132	3.18e-92	259
WP_000911336.1	NP_461950.1	100	132	1.99e-95	268
WP_000911322.1	NP_490590.1	100	132	1.99e-95	268
WP_000785626.1	NP_462144.1	100	132	3.85e-84	239
WP_000766837.1	NP_459330.1	100	132	2.72e-93	262
WP_000747896.1	NP_460560.1	100	132	2.24e-92	260
WP_000547737.1	NP_463235.1	100	132	5.49e-93	261
WP_000478859.1	NP_460014.1	100	132	6.17e-90	254
WP_000045719.1	NP_461126.1	100	132	1.43e-70	205
WP_001216673.1	NP_463252.1	100	131	6.96e-91	256
WP_000833307.1	NP_460112.1	100	131	3.73e-95	267
WP_000821066.1	NP_460095.1	100	131	1.35e-88	250
WP_000736056.1	NP_459142.1	100	131	4.71e-98	274
WP_000479607.1	NP_461532.1	100	131	8.13e-90	253
WP_000422882.1	NP_460812.1	100	131	1.07e-94	266
WP_000333324.1	NP_459073.1	100	131	1.03e-92	261
WP_000252975.1	NP_460861.1	100	131	7.24e-93	261
WP_000208749.1	NP_463205.1	100	131	2.16e-94	265
WP_000203913.1	NP_461900.1	100	131	1.41e-90	255
WP_000133444.1	NP_462938.1	100	131	7.82e-97	271
WP_000057285.1	NP_462178.1	100	131	4.53e-96	269
WP_001592732.1	NP_462146.1	100	130	1.76e-88	251
WP_001233619.1	NP_460869.1	100	130	8.48e-96	268
WP_001147852.1	NP_461800.1	100	130	1.93e-92	260
WP_000829815.1	NP_462254.1	100	130	5.11e-88	249
WP_000826514.1	NP_461353.1	100	130	3.20e-91	257
WP_000776348.1	NP_460475.1	100	130	7.85e-92	258
WP_000731552.1	NP_462091.1	100	130	6.44e-82	233
WP_000062611.1	NP_462330.1	100	130	2.08e-87	247
WP_001125556.1	NP_462830.1	100	129	2.64e-85	242
WP_001029758.1	NP_462321.1	100	129	5.13e-92	259
WP_000961284.1	NP_459462.1	99.2	129	7.29e-92	258
WP_000901088.1	NP_459240.1	100	129	1.41e-98	275
WP_000876817.1	NP_461140.1	100	129	1.65e-88	250
WP_000763861.1	NP_460873.1	100	129	9.57e-88	248
WP_000194089.1	NP_460509.1	100	129	2.35e-97	272
WP_000150667.1	NP_460730.1	100	129	1.36e-87	248
WP_000073211.1	NP_461970.1	100	129	4.74e-88	249
WP_001268010.1	NP_462355.1	100	128	9.24e-90	253
WP_001232231.1	NP_463300.1	100	128	7.03e-85	241
WP_001201297.1	NP_463263.1	100	128	1.12e-90	255
WP_000784380.1	NP_459739.1	100	128	1.42e-45	141
WP_000639596.1	NP_448379.1	100	128	3.77e-89	251
WP_000331704.1	NP_461477.1	100	128	3.22e-90	254
WP_000272193.1	NP_459216.1	100	128	1.79e-87	247
WP_000105164.1	NP_490574.1	100	128	2.18e-88	249
WP_000047544.1	NP_463318.1	100	128	2.98e-86	244
WP_001275691.1	NP_463016.1	100	127	3.49e-80	229
WP_001216370.1	NP_462318.1	100	127	1.13e-85	243
WP_000939753.1	NP_459622.1	100	127	8.58e-90	253
WP_000917516.1	NP_462141.1	100	127	5.81e-88	248
WP_000778873.1	NP_462466.1	100	127	7.34e-91	256
WP_000627811.1	NP_461581.1	100	127	4.09e-88	249
WP_000379146.1	NP_459276.1	100	127	1.04e-90	255
WP_000259651.1	NP_459830.1	100	127	4.09e-88	249
WP_000091194.1	NP_460479.4	100	127	3.87e-92	259
WP_000083294.1	NP_461537.1	100	127	1.22e-89	253
WP_014343841.1	NP_460532.3	100	126	6.53e-98	273
WP_001737361.1	NP_452851.1	100	126	4.79e-91	256
WP_001151546.1	NP_490560.1	100	126	3.00e-85	241
WP_001119849.1	NP_460077.1	100	126	1.43e-92	260
WP_001070479.1	NP_461831.1	100	126	1.43e-92	260
WP_000988938.1	NP_462045.1	100	126	3.50e-93	261
WP_000986043.1	NP_461512.1	100	126	6.55e-89	251
WP_000710730.1	NP_461373.2	100	98	1.20e-66	194
WP_000621526.1	NP_459185.1	100	126	1.88e-88	249
WP_000582675.1	NP_462032.1	100	126	1.15e-86	246
WP_000356594.1	NP_462838.1	100	126	2.67e-88	249
WP_000116685.1	NP_462771.1	100	126	2.77e-81	231
WP_001189860.1	NP_459477.1	100	125	1.68e-86	244
WP_000978276.1	NP_460931.3	100	125	1.55e-82	234
WP_000680850.1	NP_459848.1	100	125	1.88e-92	259
WP_000610894.1	NP_459094.1	100	125	2.20e-91	257
WP_000538694.1	NP_461245.1	100	125	3.01e-80	229
WP_000449089.1	NP_460381.1	100	125	4.24e-71	206
WP_072143007.1	NP_461562.1	98.4	124	3.02e-84	239
WP_001574095.1	NP_461562.1	100	124	1.10e-86	245
WP_001223304.1	NP_460382.1	100	124	2.39e-90	254
WP_001147546.1	NP_462042.1	100	124	4.13e-91	256
WP_001051266.1	NP_461315.1	100	124	8.33e-91	255
WP_000973738.1	NP_461678.1	100	124	4.13e-91	256
WP_000680322.1	NP_459449.1	100	124	1.33e-78	224
WP_000589563.1	NP_460176.1	100	124	2.69e-87	246
WP_000344807.1	NP_459469.1	100	124	3.02e-93	261
WP_000246815.1	NP_462352.1	100	124	6.60e-88	248
WP_000180050.1	NP_460124.1	100	124	2.30e-88	249
WP_000168393.1	NP_460832.1	100	124	6.35e-86	243
WP_000613954.1	NP_462334.1	100	123	8.37e-86	243
WP_000042853.1	NP_462475.1	100	123	4.02e-59	175
WP_010989045.1	NP_461182.1	100	122	1.91e-86	244
WP_001521773.1	NP_462459.1	100	122	5.26e-84	238
WP_000877297.1	NP_462142.1	100	122	8.98e-67	194
WP_000418970.1	NP_460334.1	100	122	4.32e-92	258
WP_000383702.1	NP_460378.1	100	122	4.32e-92	258
WP_000348999.1	NP_459571.1	100	122	3.15e-94	264
WP_000266515.1	NP_462317.1	100	122	4.16e-90	253
WP_000204899.1	NP_460915.1	100	122	2.93e-81	231
WP_000118256.1	NP_461317.1	100	122	4.48e-94	263
WP_000002902.1	NP_463101.1	100	122	4.33e-83	236
WP_000793035.1	NP_459404.1	100	121	3.05e-87	246
WP_000625651.1	NP_459126.1	100	121	9.48e-82	232
WP_000384139.1	NP_462148.1	100	121	1.24e-95	267
WP_000028882.1	NP_463021.1	100	121	4.31e-69	200
WP_010989084.1	NP_462828.1	100	120	1.91e-94	264
WP_001537781.1	NP_460083.1	99.2	120	5.28e-92	258
WP_001273051.1	NP_490563.1	99.2	120	3.72e-74	213
WP_001118902.1	NP_460086.1	100	120	8.47e-80	227
WP_001113454.1	NP_462705.1	100	120	6.20e-82	233
WP_000915523.1	NP_459552.1	100	120	1.58e-84	239
WP_000665687.1	NP_462589.1	100	120	7.82e-76	217
WP_000593182.1	NP_463071.1	100	120	8.81e-82	232
WP_000500278.1	NP_460442.1	100	120	6.70e-77	220
WP_000472034.1	NP_461352.1	100	120	1.58e-84	239
WP_000435389.1	NP_463302.1	100	120	1.85e-83	236
WP_000384308.1	NP_459165.1	100	120	8.14e-87	245
WP_000111553.1	NP_461755.1	100	120	1.20e-88	249
WP_000108313.1	NP_461870.1	100	120	6.42e-93	260
WP_001532068.1	NP_460175.1	100	119	5.98e-84	238
WP_001258724.1	NP_462676.1	100	119	2.63e-87	246
WP_001093501.1	NP_463068.1	100	119	1.41e-91	257
WP_000992449.1	NP_460486.1	100	119	1.35e-89	252
WP_000980452.1	NP_460328.1	100	119	2.08e-84	239
WP_000813834.1	NP_463007.1	100	119	6.99e-83	235
WP_000722978.1	NP_459344.1	100	119	3.60e-85	241
WP_000609649.1	NP_463204.1	99.2	119	1.25e-85	242
WP_000508938.1	NP_460646.1	100	119	3.20e-79	226
WP_000355776.1	NP_462121.3	100	119	8.45e-82	232
WP_000255198.1	NP_461757.1	100	119	6.99e-83	235
WP_000239725.1	NP_462740.1	100	119	2.85e-82	233
WP_000201486.1	NP_461538.1	100	119	2.74e-80	228
WP_000177406.1	NP_461637.1	95.8	119	9.19e-79	224
WP_000132648.1	NP_461430.1	100	119	1.16e-81	232
WP_010989065.1	NP_461675.1	100	118	4.57e-83	235
WP_001120249.1	NP_462506.1	100	118	1.42e-86	244
WP_000820704.1	NP_462354.1	100	118	1.59e-83	236
WP_000631921.1	NP_461417.1	100	118	1.26e-89	252
WP_000544461.1	NP_461775.1	100	118	1.42e-86	244
WP_000480218.1	NP_461876.3	100	118	1.66e-76	219
WP_000369839.1	NP_490547.1	100	118	1.26e-89	252
WP_000155666.1	NP_463116.1	100	118	3.22e-83	236
WP_000124850.1	NP_460302.1	100	118	2.75e-75	216
WP_000090780.1	NP_462322.1	100	118	2.86e-77	221
WP_001179794.1	NP_460725.1	100	117	4.08e-81	230
WP_001042119.1	NP_460838.1	100	117	4.08e-81	230
WP_000752579.1	NP_462826.1	100	117	2.99e-83	236
WP_000722368.1	NP_460830.1	100	117	1.95e-79	226
WP_000558210.1	NP_463195.3	100	117	4.25e-82	233
WP_000358956.1	NP_462328.1	100	117	2.99e-74	213
WP_000340935.1	NP_462559.1	100	117	1.48e-83	236
WP_000290522.1	NP_462996.1	100	117	5.58e-79	225
WP_001541541.1	NP_490525.1	100	116	1.95e-83	236
WP_001526811.1	NP_490504.1	100	116	1.13e-82	234
WP_001173080.1	NP_462952.1	100	88	8.69e-70	201
WP_000441103.1	NP_461000.1	100	116	1.05e-78	224
WP_000377961.1	NP_460989.1	100	116	7.06e-86	242
WP_000281305.1	NP_461727.1	100	116	3.50e-86	243
WP_001669174.1	NP_461823.1	100	115	3.13e-84	238
WP_001222527.1	NP_460243.1	100	115	3.66e-83	235
WP_000974818.1	NP_459406.1	100	115	2.78e-87	246
WP_000887832.1	NP_463188.1	100	115	8.31e-80	227
WP_000846613.1	NP_459172.1	100	115	3.01e-82	233
WP_000703964.1	NP_462706.1	100	115	9.35e-77	219
WP_000459883.1	NP_460280.1	100	115	1.09e-75	216
WP_000254356.1	NP_459718.1	100	115	1.74e-72	208
WP_000113629.1	NP_461559.1	100	115	3.39e-79	225
WP_000108176.1	NP_460396.1	100	115	3.01e-82	233
WP_000065257.1	NP_461603.1	100	115	4.63e-77	220
WP_000011260.1	NP_461540.1	100	115	2.38e-79	226
WP_010989089.1	NP_463025.1	100	114	4.28e-86	243
WP_001527046.1	NP_459883.1	100	114	3.53e-85	240
WP_001278668.1	NP_459209.3	100	114	5.35e-81	230
WP_001219167.1	NP_463272.1	100	114	5.20e-87	245
WP_001117947.1	NP_461781.1	100	114	3.53e-85	240
WP_001094639.1	NP_461164.1	100	114	1.18e-83	236
WP_000977725.1	NP_460216.1	100	114	6.11e-77	219
WP_000281185.1	NP_460591.1	100	114	9.03e-79	224
WP_000120776.1	NP_462651.1	100	114	7.39e-87	244
WP_000029550.1	NP_460778.1	100	114	9.38e-81	229
WP_000026889.1	NP_459020.1	100	114	1.75e-76	218
WP_001574029.1	NP_447100.1	100	113	3.04e-81	230
WP_001518146.1	NP_460882.1	100	113	1.80e-76	218
WP_001066440.1	NP_460463.1	100	113	7.76e-75	214
WP_001039301.1	NP_460277.1	100	113	4.31e-81	230
WP_000963476.1	NP_461660.1	85.8	113	1.63e-67	196
WP_000560824.1	NP_462798.1	100	113	2.40e-78	223
WP_000544945.1	NP_462059.1	100	113	6.61e-85	239
WP_000544773.1	NP_460491.1	100	113	1.50e-81	231
WP_000444724.1	NP_460063.1	100	113	8.71e-81	229
WP_000155631.1	NP_459573.1	100	113	3.15e-83	235
WP_000018967.1	NP_460764.1	100	113	1.33e-84	239
WP_010989052.1	NP_461531.1	100	112	1.34e-79	226
WP_001255103.1	NP_463301.1	100	112	1.84e-77	221
WP_001203445.1	NP_461615.1	100	112	9.10e-78	221
WP_000963466.1	NP_461660.1	65.5	113	4.14e-47	144
WP_000840996.1	NP_462789.1	100	112	5.93e-74	212
WP_000780341.1	NP_459458.1	100	112	2.94e-74	213
WP_000717694.1	NP_461496.1	100	112	2.61e-77	220
WP_000178449.1	NP_461595.1	100	112	3.05e-76	218
WP_000159242.1	NP_460612.1	100	112	2.83e-72	207
WP_000146593.1	NP_463117.1	100	112	5.70e-72	207
WP_010988980.1	NP_459702.1	100	111	7.23e-79	224
WP_001542166.1	NP_461083.1	100	111	3.45e-77	220
WP_001124466.1	NP_461473.1	100	111	1.84e-81	231
WP_001031445.1	NP_461405.1	100	111	9.89e-77	219
WP_000803229.1	NP_460890.1	100	111	1.77e-79	226
WP_000626193.1	NP_462491.1	100	111	2.15e-80	228
WP_000580685.1	NP_461244.1	100	111	1.16e-75	216
WP_000524877.1	NP_460436.1	99.1	111	1.16e-75	216
WP_000450405.1	NP_461004.1	100	111	3.07e-71	205
WP_000056482.1	NP_463154.1	100	111	5.49e-83	234
WP_014343883.1	NP_449164.1	100	110	3.18e-86	243
WP_011233029.1	NP_460785.1	100	110	7.48e-83	234
WP_001682427.1	NP_460897.1	100	110	1.36e-78	223
WP_001581211.1	NP_462710.1	100	110	3.31e-77	220
WP_001520547.1	NP_463382.1	100	110	2.17e-75	215
WP_001165471.1	NP_463185.1	100	110	3.74e-76	217
WP_000978296.1	NP_460017.1	100	110	2.52e-83	235
WP_000722261.1	NP_459673.1	100	110	3.60e-74	212
WP_000447529.1	NP_462339.1	100	110	1.41e-71	206
WP_000272680.1	NP_462204.1	100	110	6.73e-70	201
WP_000007628.1	NP_459401.1	100	110	3.47e-72	207
WP_010989009.1	NP_460015.1	100	109	5.78e-75	214
WP_001738968.1	NP_461443.1	100	109	2.64e-80	228
WP_001574216.1	NP_461549.1	100	109	8.53e-77	219
WP_001280776.1	NP_462806.1	100	109	2.54e-78	223
WP_001276011.1	NP_461976.1	100	109	6.50e-72	206
WP_001194344.1	NP_461387.1	100	109	1.36e-73	211
WP_001183821.1	NP_460443.1	100	109	3.48e-76	217
WP_001132086.1	NP_460410.1	100	109	7.29e-78	221
WP_001120499.1	NP_461180.1	100	109	9.20e-81	229
WP_001032161.1	NP_460521.1	100	109	1.31e-71	206
WP_000904446.1	NP_460058.1	100	109	1.21e-76	218
WP_000825957.1	NP_460206.1	100	109	7.02e-76	216
WP_000586836.1	NP_463240.1	100	109	2.76e-73	210
WP_000467098.1	NP_459480.1	100	109	4.95e-67	194
WP_000447369.1	NP_461529.1	100	109	1.59e-81	231
WP_000425069.1	NP_448158.1	100	109	1.04e-77	221
WP_000207016.1	NP_461886.1	100	109	8.86e-79	224
WP_000019878.1	NP_459436.1	100	109	1.94e-73	210
WP_010989001.1	NP_459946.1	100	108	2.87e-79	225
WP_001738219.1	NP_460362.1	100	108	1.00e-70	203
WP_001519557.1	NP_461728.1	100	108	1.19e-72	208
WP_001285199.1	NP_460665.1	100	108	5.37e-75	214
WP_001183702.1	NP_460228.1	90.7	108	1.12e-42	132
WP_001107574.1	NP_462024.1	100	108	2.36e-78	223
WP_000921389.1	NP_460464.1	100	108	6.78e-78	221
WP_000557256.1	NP_460116.1	100	108	1.43e-70	203
WP_000490091.1	NP_461348.1	100	108	4.39e-56	166
WP_000434523.1	NP_462427.1	100	108	1.42e-79	226
WP_000393302.1	NP_461824.1	100	108	1.13e-76	218
WP_000240837.1	NP_460895.1	100	108	1.87e-75	215
WP_000228158.1	NP_460958.1	100	108	1.66e-78	223
WP_000192003.1	NP_463439.1	100	108	1.80e-73	210
WP_000084814.1	NP_462378.1	100	108	5.79e-79	224
WP_001576436.1	NP_463024.1	100	107	2.57e-68	197
WP_001539227.1	NP_459322.1	100	107	5.18e-77	219
WP_001537530.1	NP_461853.3	100	107	1.33e-70	203
WP_001274847.1	NP_462677.1	100	107	5.62e-72	206
WP_001264473.1	NP_461588.1	100	107	3.79e-79	224
WP_001160725.1	NP_459907.1	100	107	3.38e-73	209
WP_001107908.1	NP_460009.1	100	107	2.78e-72	207
WP_000760345.1	NP_460603.1	100	107	4.11e-74	212
WP_000527676.1	NP_462921.1	100	107	1.67e-64	187
WP_000028952.1	NP_461476.1	100	107	4.26e-76	217
WP_000019483.1	NP_463130.1	100	107	2.11e-76	218
WP_000015983.1	NP_490553.1	100	107	1.96e-72	207
WP_010989012.1	NP_460062.1	100	106	4.13e-69	199
WP_000999930.1	NP_462829.1	100	106	2.11e-80	228
WP_000655399.1	NP_459861.1	100	106	3.96e-76	217
WP_000520789.1	NP_459921.1	100	106	8.00e-76	216
WP_000412161.1	NP_460278.1	100	106	1.50e-71	205
WP_000161258.1	NP_462993.1	100	106	7.13e-70	201
WP_000111254.1	NP_460117.1	100	106	1.14e-75	216
WP_000019286.1	NP_461914.1	100	106	9.36e-75	213
WP_010989004.1	NP_459998.1	100	105	4.47e-77	219
WP_001161670.1	NP_459634.1	100	105	1.69e-72	207
WP_000973433.1	NP_459442.1	100	105	3.54e-74	212
WP_000928379.1	NP_462184.3	100	105	1.10e-68	198
WP_000852810.1	NP_462980.1	100	105	1.76e-74	213
WP_000561983.1	NP_460053.1	100	105	1.19e-72	208
WP_000535852.1	NP_462797.1	100	105	5.89e-73	209
WP_000118469.1	NP_463202.1	100	105	8.72e-66	191
WP_223151143.1	NP_462813.1	100	74	2.90e-51	153
WP_001519453.1	NP_463253.1	100	104	1.98e-75	215
WP_000999621.1	NP_463139.1	100	104	1.24e-69	200
WP_000958587.1	NP_462095.1	100	104	3.29e-74	212
WP_000916602.1	NP_460295.1	100	104	1.77e-69	200
WP_000913428.1	NP_460644.1	100	104	6.65e-74	211
WP_000837534.1	NP_461092.1	100	104	2.13e-79	225
WP_000777266.1	NP_463081.1	100	104	5.93e-68	196
WP_000749515.1	NP_463453.1	100	104	4.51e-72	206
WP_000729185.1	NP_462333.1	100	104	2.51e-69	199
WP_000719036.1	NP_460921.1	100	104	9.48e-65	188
WP_000619478.1	NP_462924.1	100	104	1.45e-77	220
WP_000182479.1	NP_460221.1	100	104	6.40e-72	206
WP_000074657.1	NP_463210.1	100	104	1.34e-73	210
WP_001182976.1	NP_461966.1	100	103	1.77e-73	210
WP_001181005.1	NP_462345.1	100	103	6.70e-69	198
WP_000558166.1	NP_462911.1	100	103	5.28e-75	214
WP_000517480.1	NP_461852.1	100	103	3.45e-71	204
WP_000487126.1	NP_460242.1	100	103	5.28e-75	214
WP_000271396.1	NP_462214.1	100	103	2.00e-70	202
WP_000226489.1	NP_459546.1	100	103	1.20e-71	205
WP_000065108.1	NP_461558.1	100	103	1.16e-69	200
WP_000047690.1	NP_462364.1	100	103	3.06e-74	212
WP_000012129.1	NP_490564.1	100	103	1.15e-78	223
WP_010999945.1	NP_490577.1	100	102	1.03e-67	195
WP_010988969.1	NP_459293.1	100	102	1.59e-71	205
WP_001051875.1	NP_463222.1	100	102	5.75e-56	166
WP_000975516.1	NP_460460.1	100	102	1.72e-66	192
WP_000876301.1	NP_460668.1	100	102	2.86e-65	189
WP_000763139.1	NP_459373.1	100	102	1.41e-74	213
WP_001522308.1	NP_461253.3	100	101	5.07e-68	196
WP_001284251.1	NP_460084.1	100	101	4.07e-69	199
WP_001159863.1	NP_490518.1	100	101	2.45e-70	202
WP_001118932.1	NP_462331.3	100	101	1.66e-68	197
WP_000218358.1	NP_463245.1	100	101	7.03e-70	201
WP_000031219.1	NP_462143.1	100	101	4.41e-64	186
WP_000020431.1	NP_461793.1	100	101	1.08e-64	187
WP_014343939.1	NP_453693.1	100	100	5.80e-73	208
WP_001280960.1	NP_461627.1	98.0	100	9.68e-63	182
WP_000979451.1	NP_490511.1	100	100	1.87e-69	199
WP_000975187.1	NP_463303.1	100	100	5.18e-67	193
WP_000617546.1	NP_462342.1	100	100	1.43e-64	187
WP_000612687.1	NP_461261.1	100	100	4.61e-61	178
WP_000605588.1	NP_462557.1	99.0	100	2.66e-69	199
WP_000063142.1	NP_463388.1	100	100	7.36e-67	193
WP_010989025.1	NP_460658.1	100	99	3.65e-71	204
WP_010989011.1	NP_460028.1	100	99	6.30e-72	206
WP_001668146.1	NP_459985.1	100	99	3.12e-72	206
WP_001540882.1	NP_462005.1	100	99	2.20e-72	207
WP_001229266.1	NP_460305.1	100	99	9.72e-67	192
WP_001137722.1	NP_460609.1	100	99	8.96e-72	205
WP_000774239.1	NP_460010.1	100	99	7.10e-69	198
WP_000566825.1	NP_462111.3	100	99	8.07e-61	178
WP_000334904.1	NP_460495.1	100	99	2.48e-69	199
WP_000137432.1	NP_461723.1	100	99	8.00e-66	190
WP_000107430.1	NP_460945.1	100	99	4.60e-74	211
WP_000095496.1	NP_462145.1	100	99	2.04e-68	197
WP_001687482.1	NP_490515.1	100	98	1.50e-65	189
WP_000967605.1	NP_460697.1	100	98	9.04e-67	192
WP_000700679.1	NP_459615.1	100	98	7.44e-66	190
WP_000462905.1	NP_462295.1	100	98	2.13e-65	189
WP_000188843.1	NP_462219.1	100	98	1.56e-67	194
WP_001592995.1	NP_462209.3	100	97	4.25e-65	189
WP_001525604.1	NP_460769.1	100	97	3.11e-67	194
WP_001518648.1	NP_461858.1	100	97	1.28e-68	197
WP_001233881.1	NP_490582.1	100	97	5.69e-65	188
WP_001110452.1	NP_463182.1	100	97	3.18e-62	181
WP_000824217.1	NP_462673.1	100	97	7.18e-68	195
WP_000691461.1	NP_459064.1	100	97	2.61e-61	179
WP_000093362.1	NP_460317.1	100	97	6.86e-75	213
WP_000027827.1	NP_463193.1	100	97	7.79e-63	182
WP_000020893.1	NP_460143.1	100	97	1.46e-58	172
WP_254888479.1	NP_459447.1	98.9	90	7.34e-55	162
WP_014343823.1	NP_459993.1	99.0	96	2.33e-68	196
WP_010989092.1	NP_463062.1	100	96	6.93e-70	200
WP_001738619.1	NP_462960.3	100	96	1.49e-69	200
WP_001277201.1	NP_462018.1	100	96	6.43e-66	190
WP_001266176.1	NP_490519.1	100	96	1.70e-70	202
WP_001259137.1	NP_459850.1	100	96	2.00e-60	176
WP_001171826.1	NP_462694.1	100	96	1.35e-67	194
WP_001112990.1	NP_461616.1	100	96	1.25e-63	184
WP_000884778.1	NP_461174.1	100	96	3.31e-68	196
WP_000855692.1	NP_461825.1	100	96	8.47e-62	180
WP_000745961.1	NP_459087.1	100	96	2.08e-62	181
WP_000455790.1	NP_462549.1	100	96	3.07e-64	186
WP_000444713.1	NP_460372.1	100	75	5.73e-47	142
WP_000387716.1	NP_461400.1	100	96	2.43e-61	179
WP_000362050.1	NP_462913.3	100	84	6.37e-57	167
WP_000257723.1	NP_460839.1	100	96	8.47e-62	180
WP_000146127.1	NP_460291.1	100	96	2.62e-65	189
WP_001687450.1	NP_463347.1	100	95	8.82e-68	195
WP_001522340.1	NP_461399.3	100	95	9.63e-66	190
WP_001269916.1	NP_463179.3	100	95	2.85e-64	186
WP_001226442.1	NP_463083.1	100	95	3.34e-63	183
WP_001176589.1	NP_462231.1	100	95	8.50e-66	190
WP_001131963.1	NP_463387.1	100	95	1.25e-67	194
WP_001059119.1	NP_462066.1	100	95	3.87e-71	203
WP_001000660.1	NP_460795.1	100	95	1.04e-57	169
WP_000965886.1	NP_462553.1	100	95	9.94e-65	187
WP_000903400.1	NP_462353.1	100	95	4.92e-65	188
WP_000444168.1	NP_462216.1	100	95	4.37e-68	196
WP_000203736.1	NP_459083.1	100	95	6.68e-72	205
WP_000041396.1	NP_462682.1	100	95	1.36e-62	182
WP_001670787.1	NP_461570.1	100	94	4.93e-69	198
WP_001183618.1	NP_460983.1	100	94	4.78e-58	170
WP_000941952.1	NP_459386.1	100	94	2.65e-64	186
WP_000824294.1	NP_462172.1	100	94	4.58e-65	188
WP_000765363.1	NP_459160.1	100	94	2.75e-66	191
WP_000749979.1	NP_461676.1	100	94	5.77e-68	195
WP_000494192.1	NP_461168.1	100	94	5.36e-64	185
WP_000477658.1	NP_490493.1	100	94	7.90e-66	190
WP_000221343.1	NP_460510.1	100	94	2.65e-64	186
WP_000220578.1	NP_463311.1	100	94	7.90e-66	190
WP_000167332.1	NP_459957.1	100	94	1.94e-66	191
WP_000030904.1	NP_461332.1	100	94	1.08e-63	184
WP_001096806.1	NP_462801.1	100	93	5.17e-66	190
WP_001040938.1	NP_459680.1	100	93	2.49e-58	171
WP_000976132.1	NP_460572.1	100	93	4.98e-64	185
WP_000875305.1	NP_459728.1	100	93	3.11e-67	193
WP_000760404.1	NP_461097.1	100	93	1.38e-61	179
WP_000753212.1	NP_460967.1	100	93	1.64e-35	113
WP_000719058.1	NP_463128.1	100	93	3.38e-62	181
WP_000072884.1	NP_460057.1	100	93	5.36e-68	195
WP_001138115.1	NP_462340.1	100	92	2.78e-65	188
WP_001046864.1	NP_460258.1	100	92	2.68e-63	183
WP_000823878.1	NP_460738.1	100	92	1.38e-65	189
WP_001526148.1	NP_462419.1	100	91	5.43e-67	192
WP_001521305.1	NP_463250.1	100	91	1.39e-60	176
WP_001518964.1	NP_463239.1	100	91	5.04e-57	168
WP_001254681.1	NP_460266.1	100	91	1.45e-62	181
WP_001120770.1	NP_460587.1	100	91	8.07e-60	174
WP_001057755.1	NP_460990.1	100	91	4.50e-57	167
WP_000848026.1	NP_459361.1	100	91	4.86e-61	177
WP_000559749.1	NP_461322.1	100	91	8.38e-62	179
WP_000549824.1	NP_460994.1	100	91	3.29e-59	173
WP_000135058.1	NP_462641.1	100	91	4.50e-57	167
WP_000091706.1	NP_462027.1	100	91	6.35e-66	190
WP_001675688.1	NP_459329.1	100	90	1.02e-66	192
WP_001207628.1	NP_463059.1	100	90	2.08e-57	168
WP_001103887.1	NP_462273.1	100	90	1.63e-63	184
WP_001044509.1	NP_463039.1	100	90	2.08e-57	168
WP_000699818.1	NP_461285.1	100	90	1.77e-58	171
WP_000480529.1	NP_460217.1	100	90	4.47e-70	200
WP_000334871.1	NP_461777.1	100	90	1.98e-64	186
WP_000216797.1	NP_462234.1	100	90	2.15e-59	173
WP_000019953.1	NP_461940.1	100	90	1.25e-58	171
WP_010989096.1	NP_463177.1	100	89	3.33e-58	170
WP_000906757.1	NP_462474.3	100	89	4.88e-58	170
WP_000649858.1	NP_462875.1	100	89	1.46e-61	179
WP_000621026.1	NP_462678.1	100	89	3.46e-60	175
WP_000187355.1	NP_460933.1	100	89	5.14e-53	157
WP_000059465.1	NP_462196.1	100	89	4.74e-58	170
WP_010989095.1	NP_463167.1	100	88	1.65e-62	181
WP_001185666.1	NP_460772.1	100	88	5.16e-57	167
WP_000999982.1	NP_460385.1	100	88	8.25e-54	159
WP_000853277.1	NP_462272.1	100	88	5.35e-59	172
WP_000351186.1	NP_461963.1	100	88	4.92e-64	185
WP_000146330.1	NP_459802.1	100	88	1.41e-63	184
WP_001535993.1	NP_460214.1	100	87	3.11e-62	180
WP_001518655.1	NP_459048.1	100	87	2.58e-52	155
WP_001260058.1	NP_461203.1	100	87	3.38e-57	167
WP_000983260.1	NP_462793.3	100	86	2.70e-56	165
WP_000850547.1	NP_459628.1	100	87	1.22e-59	174
WP_000695693.1	NP_462271.1	100	87	9.33e-55	161
WP_000495513.1	NP_459849.1	100	87	7.90e-65	187
WP_014344008.1	NP_459986.1	98.8	86	1.61e-59	173
WP_001518423.1	NP_459378.3	100	86	2.18e-53	158
WP_001196290.1	NP_461511.1	100	86	8.92e-66	189
WP_000849089.1	NP_459801.1	100	86	1.63e-50	150
WP_000801415.1	NP_459464.1	100	86	9.71e-61	176
WP_000729713.1	NP_462420.1	100	86	2.13e-55	163
WP_000692254.1	NP_449260.1	100	86	1.01e-62	181
WP_000342503.1	NP_461810.1	100	86	7.71e-58	169
WP_000062330.1	NP_459242.1	100	86	4.63e-59	172
WP_001307474.1	NP_462741.1	100	85	8.00e-64	184
WP_001070571.1	NP_462304.1	100	85	1.56e-61	178
WP_001054380.1	NP_463360.1	100	85	7.17e-58	169
WP_000940593.1	NP_462213.1	100	85	5.05e-58	169
WP_000800159.1	NP_460184.1	100	85	3.30e-54	160
WP_000487600.1	NP_461366.1	100	85	4.69e-54	159
WP_000455132.1	NP_461246.1	100	85	2.69e-62	180
WP_001518349.1	NP_462218.1	100	84	1.20e-58	171
WP_000605645.1	NP_460621.1	100	84	2.96e-52	155
WP_000533921.1	NP_461221.1	100	84	4.31e-63	182
WP_000511323.1	NP_460753.1	100	84	1.46e-52	155
WP_000508972.1	NP_462858.1	100	84	1.65e-49	148
WP_000414441.1	NP_460132.3	100	84	8.40e-61	176
WP_000180114.1	NP_462263.1	100	84	5.97e-52	154
WP_000130101.1	NP_462335.1	100	84	8.10e-59	171
WP_001540858.1	NP_449411.1	100	83	4.53e-60	174
WP_001273795.1	NP_462602.1	100	83	3.73e-59	172
WP_000673492.1	NP_460241.1	100	83	1.64e-62	181
WP_000548616.1	NP_460674.1	100	83	1.25e-57	168
WP_223151184.1	NP_461641.1	98.8	82	9.73e-57	166
WP_001738030.1	NP_446753.1	100	82	1.03e-60	176
WP_001574409.1	NP_460373.1	100	82	4.26e-51	152
WP_001055577.1	NP_461802.1	100	82	1.32e-54	160
WP_000885424.1	NP_460511.1	100	82	3.23e-55	162
WP_000756314.1	NP_460445.3	98.8	82	2.91e-14	59.3
WP_000682497.1	NP_459574.1	100	82	1.80e-52	155
WP_000512149.1	NP_460240.1	100	82	3.78e-54	159
WP_000433423.1	NP_461316.1	100	82	2.36e-57	167
WP_000334887.1	NP_462058.1	100	82	2.36e-57	167
WP_000256453.1	NP_461606.1	100	82	3.23e-55	162
WP_000208089.1	NP_460233.1	98.8	82	4.42e-53	157
WP_000102529.1	NP_461664.1	66.7	81	3.90e-33	106
WP_000065276.1	NP_459981.1	100	82	7.02e-59	171
WP_010999944.1	NP_490569.1	100	81	2.48e-54	160
WP_001541054.1	NP_462479.1	100	81	2.66e-58	170
WP_001217763.1	NP_460133.1	100	81	1.23e-54	160
WP_001089088.1	NP_459746.1	100	81	8.02e-51	151
WP_000605187.1	NP_461130.1	100	81	1.09e-57	168
WP_000598596.1	NP_459783.3	100	81	1.58e-55	163
WP_000078115.1	NP_490495.1	100	81	4.71e-49	147
WP_000028870.1	NP_461731.1	100	81	1.32e-58	171
WP_001124944.1	NP_459419.1	100	80	7.47e-51	151
WP_000977510.1	NP_460285.1	98.8	80	1.34e-53	158
WP_000891414.1	NP_463109.1	100	80	2.83e-46	139
WP_000639889.1	NP_461341.1	100	80	9.06e-52	153
WP_000340018.1	NP_462291.1	100	80	3.65e-60	174
WP_000235228.1	NP_461794.1	100	80	1.14e-54	160
WP_000212724.1	NP_463310.1	100	80	9.06e-52	153
WP_000210202.1	NP_460361.1	100	80	4.33e-50	149
WP_000131520.1	NP_490555.1	100	80	2.57e-60	175
WP_001519323.1	NP_460401.1	100	79	7.75e-57	166
WP_001237031.1	NP_461569.1	100	79	2.51e-53	157
WP_001236777.1	NP_460797.1	100	79	1.46e-52	155
WP_001082332.1	NP_460341.1	100	79	4.21e-34	108
WP_001001154.1	NP_459061.1	100	79	2.00e-50	150
WP_000844541.1	NP_461369.1	100	79	3.70e-55	162
WP_000497451.1	NP_460211.1	100	79	1.24e-53	158
WP_000429386.1	NP_462769.1	100	79	5.52e-48	144
WP_000377238.1	NP_460892.1	100	79	1.77e-53	157
WP_000051370.1	NP_462969.1	100	79	8.49e-34	108
WP_024131108.1	NP_460807.1	100	78	9.02e-58	168
WP_014343875.1	NP_448901.1	100	78	4.04e-54	159
WP_001519051.1	NP_462628.1	100	78	5.53e-52	154
WP_001168019.1	NP_460631.3	100	78	3.83e-51	152
WP_001082307.1	NP_460342.1	100	78	1.13e-33	107
WP_000941876.1	NP_463411.1	100	78	1.64e-26	89.7
WP_000922170.1	NP_459557.1	100	78	4.08e-45	136
WP_000649755.1	NP_460406.1	100	78	6.96e-55	161
WP_000562964.1	NP_461844.1	100	78	2.61e-59	172
WP_000157589.1	NP_462410.1	100	78	4.18e-56	164
WP_000103754.1	NP_460166.1	100	78	1.26e-48	145
WP_001747289.1	NP_461501.1	100	77	1.04e-51	153
WP_001217669.1	NP_461556.1	98.7	77	6.25e-53	156
WP_001217665.1	NP_461556.1	100	77	1.53e-53	157
WP_001217569.1	NP_461654.1	88.3	77	5.44e-45	137
WP_000790504.1	NP_460919.1	100	77	1.86e-54	160
WP_000018720.1	NP_460551.1	100	77	3.37e-48	144
WP_000006024.1	NP_490555.1	68.6	70	1.39e-34	110
WP_001597849.1	NP_448018.1	100	76	4.97e-54	159
WP_001172089.1	NP_459085.1	100	76	2.59e-47	142
WP_001146392.1	NP_460726.1	100	76	5.82e-53	156
WP_000956438.1	NP_460562.1	100	76	7.98e-51	150
WP_000856224.1	NP_460833.1	100	76	4.63e-50	149
WP_000700635.1	NP_461410.1	100	76	5.15e-56	164
WP_001676655.1	NP_490562.1	98.7	75	3.00e-47	142
WP_001217832.1	NP_460123.1	100	75	1.61e-54	160
WP_001160955.1	NP_462408.1	100	75	1.50e-50	150
WP_001143125.1	NP_460091.1	100	75	5.23e-51	151
WP_001135904.1	NP_461171.1	100	75	9.83e-47	140
WP_000844798.1	NP_460936.1	100	75	2.50e-49	147
WP_000785514.1	NP_461658.1	68.0	75	1.07e-32	105
WP_000750393.1	NP_461902.1	100	75	1.06e-50	150
WP_000557549.1	NP_461951.1	100	75	3.14e-52	154
WP_000450265.1	NP_490591.1	100	75	2.20e-50	149
WP_000135199.1	NP_463254.2	100	75	6.13e-50	148
WP_001541209.1	NP_462882.1	100	74	1.35e-48	145
WP_001274953.1	NP_460647.1	100	74	1.58e-47	142
WP_000752587.1	NP_461658.1	63.9	72	2.32e-29	96.7
WP_000737127.1	NP_459343.1	100	74	7.54e-46	138
WP_000106483.1	NP_460902.1	100	74	3.74e-46	139
WP_001576552.1	NP_463181.1	100	73	2.63e-50	149
WP_001520924.1	NP_462460.1	100	73	7.72e-48	143
WP_001278699.1	NP_490571.1	100	73	1.35e-52	155
WP_001109588.1	NP_490549.1	100	73	1.85e-50	149
WP_001104881.1	NP_490549.1	60.3	73	2.76e-25	86.3
WP_000825645.1	NP_462302.1	100	73	7.56e-50	148
WP_000732362.1	NP_460544.1	100	73	1.79e-48	144
WP_000447499.1	NP_459920.1	100	73	4.71e-53	156
WP_000406466.1	NP_461453.1	100	73	3.43e-55	161
WP_001541675.1	NP_447008.1	100	72	1.55e-44	134
WP_001519708.1	NP_461361.3	100	72	3.13e-49	146
WP_001280991.1	NP_459468.1	100	72	4.08e-49	146
WP_001152701.1	NP_462358.1	100	72	7.67e-45	135
WP_001097607.1	NP_460645.1	100	72	1.37e-47	142
WP_001040187.1	NP_459929.1	100	72	5.80e-49	145
WP_000980498.1	NP_461622.1	100	72	7.83e-56	163
WP_000813641.1	NP_490517.1	100	72	5.60e-47	140
WP_000758662.1	NP_461924.1	100	72	5.60e-47	140
WP_000481166.1	NP_460664.1	100	72	8.66e-42	127
WP_000396006.1	NP_459579.1	100	72	5.51e-56	163
WP_001595136.1	NP_463178.1	100	71	5.22e-47	140
WP_001575654.1	NP_459303.1	100	71	1.67e-52	154
WP_001575565.1	NP_459049.1	100	71	6.56e-50	148
WP_001239243.1	NP_459374.1	100	71	1.37e-51	152
WP_001144069.1	NP_462124.1	100	71	4.85e-43	130
WP_000783049.1	NP_460478.1	100	71	1.09e-48	145
WP_000701821.1	NP_461671.1	100	71	1.05e-46	140
WP_000700023.1	NP_490580.1	100	71	1.19e-43	132
WP_000495700.1	NP_460523.1	100	71	3.67e-47	141
WP_000350226.1	NP_460371.1	100	71	8.68e-46	137
WP_000217946.1	NP_460424.3	100	71	7.68e-49	145
WP_000171565.1	NP_461644.1	100	71	1.82e-47	142
WP_001537306.1	NP_460213.1	100	70	1.23e-49	147
WP_000715284.1	NP_462977.1	100	70	7.68e-53	155
WP_000208509.1	NP_460947.1	100	70	7.16e-49	145
WP_000190278.1	NP_459536.1	100	70	3.42e-47	141
WP_000165779.1	NP_460353.1	100	70	6.67e-45	135
WP_000074110.1	NP_462716.1	100	70	3.60e-40	123
WP_000014594.1	NP_462550.1	100	70	1.02e-48	145
WP_000004313.1	NP_490505.1	100	70	1.40e-46	139
WP_001269716.1	NP_463074.1	100	69	9.49e-49	145
WP_001062678.1	NP_460793.1	100	69	5.50e-48	143
WP_001062558.1	NP_462588.1	100	69	5.31e-46	138
WP_001030592.1	NP_463105.1	100	69	4.83e-49	145
WP_000928927.1	NP_462112.1	100	69	3.30e-49	146
WP_000034826.1	NP_459621.1	100	69	7.82e-48	142
WP_011233063.1	NP_447756.1	100	68	2.97e-47	141
WP_001541376.1	NP_463251.1	100	68	4.95e-46	138
WP_000689229.1	NP_463267.3	100	68	3.13e-44	134
WP_000401437.1	NP_459693.1	100	68	1.52e-49	147
WP_001653202.1	NP_461187.1	100	67	1.02e-40	124
WP_000989267.1	NP_460469.1	100	67	1.09e-44	134
WP_000868182.1	NP_461645.1	97.0	67	1.13e-46	139
WP_000799903.1	NP_462831.1	100	67	9.32e-46	137
WP_000503938.1	NP_459624.1	100	67	8.38e-40	122
WP_000460616.1	NP_463390.1	100	67	4.95e-50	148
WP_000282616.1	NP_462522.1	100	67	1.13e-46	139
WP_000201415.1	NP_461543.1	100	67	1.28e-43	132
WP_000051840.1	NP_462276.1	100	67	6.33e-44	132
WP_014344379.1	NP_461521.1	100	65	2.34e-47	141
WP_010989029.1	NP_460822.1	100	66	5.41e-49	145
WP_001518678.1	NP_459243.1	98.5	66	5.54e-41	125
WP_001166831.1	NP_463030.1	100	66	2.82e-42	128
WP_001007735.1	NP_462360.1	100	66	1.82e-47	141
WP_000523621.1	NP_461472.1	100	66	6.33e-48	142
WP_000383839.1	NP_461419.1	100	66	1.05e-46	139
WP_001224073.1	NP_446754.1	100	65	9.17e-43	129
WP_001124225.1	NP_460301.1	100	65	6.45e-43	130
WP_001089290.1	NP_463226.1	100	65	1.30e-42	129
WP_000875314.1	NP_463079.1	100	65	3.87e-44	133
WP_000460619.1	NP_459593.1	100	65	5.91e-48	142
WP_001159470.1	NP_459350.1	100	64	4.09e-41	125
WP_000289082.1	NP_462348.1	100	64	1.26e-44	134
WP_229025371.1	NP_459357.3	100	63	3.50e-39	120
WP_001286419.1	NP_459143.1	100	63	8.26e-45	134
WP_001143163.1	NP_459384.1	100	63	1.67e-44	134
WP_000988321.1	NP_462524.1	100	63	1.06e-38	119
WP_000784063.1	NP_460604.1	100	63	4.31e-38	117
WP_000644742.1	NP_462336.1	100	63	1.70e-35	111
WP_000497441.1	NP_460030.1	100	63	3.81e-41	125
WP_000457836.1	NP_460808.1	100	63	3.61e-48	143
WP_000089115.1	NP_460312.1	100	63	1.33e-41	126
WP_000075924.1	NP_461441.1	100	63	1.10e-40	124
WP_001537749.1	NP_460332.1	100	62	4.19e-40	123
WP_001526923.1	NP_463027.1	100	62	1.10e-44	134
WP_001154443.1	NP_461655.1	90.0	60	2.64e-34	108
WP_000906486.1	NP_461747.1	100	61	2.55e-36	113
WP_000232161.1	NP_460939.3	100	61	2.02e-41	126
WP_000807642.1	NP_460473.1	100	60	1.03e-19	71.2
WP_000513733.1	NP_460238.1	100	60	1.04e-39	121
WP_000350061.1	NP_459962.1	100	60	3.76e-42	127
WP_010989024.1	NP_460657.1	100	59	4.11e-41	125
WP_001140434.1	NP_462326.1	100	59	1.90e-37	115
WP_000457328.1	NP_460779.1	100	59	4.50e-36	112
WP_001112763.1	NP_461230.1	100	58	4.50e-40	122
WP_001616936.1	NP_447236.1	100	57	6.10e-31	99.4
WP_001541267.1	NP_463014.1	100	57	5.77e-38	117
WP_001083582.1	NP_460765.1	100	57	1.09e-33	106
WP_000290727.1	NP_460161.1	100	57	2.36e-37	115
WP_001111006.1	NP_460065.1	100	56	4.45e-37	114
WP_000472323.1	NP_462383.1	100	56	1.88e-38	118
WP_001537784.1	NP_460040.1	100	55	4.16e-37	114
WP_001521109.1	NP_462374.1	100	55	3.31e-34	107
WP_001273663.1	NP_460093.1	100	55	2.40e-16	62.4
WP_001051798.1	NP_462627.1	100	55	1.15e-34	108
WP_000789530.1	NP_460824.1	100	55	2.06e-37	115
WP_000051161.1	NP_459475.1	100	55	9.18e-32	101
WP_001134856.1	NP_460810.1	100	54	1.86e-35	110
WP_000620015.1	NP_462297.1	100	54	2.64e-35	110
WP_000397917.1	NP_463380.1	100	54	3.20e-36	112
WP_000039324.1	NP_462151.1	100	54	8.01e-28	91.3
WP_014343862.1	NP_448416.1	100	53	4.82e-33	104
WP_000490276.1	NP_463418.1	100	53	4.45e-30	97.1
WP_000917564.1	NP_461565.1	96.2	52	2.23e-33	105
WP_000508175.1	NP_461722.1	100	52	2.31e-35	110
WP_000480735.1	NP_460819.1	100	52	1.03e-29	95.9
WP_000546186.1	NP_448360.1	100	51	7.52e-36	111
WP_001522276.1	NP_461271.1	100	50	1.61e-32	102
WP_000908464.1	NP_460234.1	100	49	1.24e-31	100
WP_000891513.1	NP_459759.1	100	49	9.58e-27	88.2
WP_001617856.1	NP_461553.1	81.6	38	4.91e-15	58.5
WP_000239598.1	NP_463200.1	100	48	3.02e-25	84.3
WP_001595639.1	NP_463379.1	100	47	2.27e-33	104
WP_001537930.1	NP_460794.1	100	47	6.11e-29	93.6
WP_000841559.1	NP_460524.1	100	47	3.55e-28	91.7
WP_000714547.1	NP_460796.1	100	47	3.79e-32	101
WP_001617922.1	NP_460815.3	100	46	1.16e-28	92.8
WP_001541509.1	NP_463455.1	100	46	1.54e-24	82.4
WP_001541415.1	NP_453732.1	100	46	4.88e-30	96.3
WP_001197749.1	NP_459465.1	100	46	5.72e-29	93.6
WP_000831330.1	NP_462739.1	100	46	9.22e-26	85.5
WP_000801757.1	NP_461553.1	100	46	2.83e-29	94.4
WP_001540598.1	NP_448898.1	100	45	3.11e-28	91.7
WP_001519950.1	NP_459712.1	100	45	8.42e-35	108
WP_001519337.1	NP_460766.1	100	45	1.49e-26	87.4
WP_001517957.1	NP_462467.1	100	44	1.69e-27	89.7
WP_000977687.1	NP_463199.3	100	44	3.90e-26	86.7
WP_001521652.1	NP_459700.1	100	43	1.35e-28	92.4
WP_000729109.1	NP_462003.1	100	43	1.31e-26	87.4
WP_001534733.1	NP_459999.1	100	41	9.50e-26	85.1
WP_001519564.1	NP_461154.1	100	40	1.19e-21	74.7
WP_000763316.1	NP_461626.1	97.4	39	4.01e-24	80.9
WP_001617301.1	NP_448342.1	100	38	2.19e-23	79.0
WP_000868187.1	NP_462323.1	100	38	1.80e-22	76.6
WP_010989093.1	NP_463104.1	100	37	6.10e-25	82.8
WP_001253282.1	NP_460130.1	100	37	6.69e-20	70.1
WP_000270278.1	NP_459727.1	100	37	8.38e-23	77.4
WP_000174813.1	NP_447525.1	100	36	2.19e-20	71.2
WP_001261696.1	NP_461106.1	100	35	2.34e-17	63.5
WP_000272241.1	NP_460247.1	100	35	4.03e-18	65.5
WP_001541281.1	NP_463056.1	100	33	7.46e-20	69.7
WP_000934834.1	NP_459354.1	100	33	7.21e-18	64.7
WP_000249504.1	NP_463321.1	100	33	2.21e-21	73.6
WP_001541152.1	NP_462696.1	100	32	5.42e-15	57.4
WP_001311244.1	NP_462791.1	100	32	1.56e-14	56.2
WP_001670793.1	NP_459692.1	100	29	8.88e-13	51.6
WP_000270301.1	NP_460750.1	100	29	7.84e-16	59.3
WP_000117642.1	NP_453107.1	100	29	4.97e-10	44.7
WP_001575587.1	NP_459119.1	100	28	6.32e-17	62.0
WP_001541552.1	NP_490497.1	100	25	3.65e-15	57.4
WP_001575544.1	NP_459006.1	100	21	8.83e-08	38.5
WP_010989056.1	NP_449055.1	100	15	2.94e-04	29.3
WP_010989026.1	NP_448140.1	100	14	7.57e-07	35.8
