STM0001	NP_459006.1	SL1344_0001
STM0002	NP_459007.1	SL1344_0002
STM0003	NP_459008.1	SL1344_0003
STM0004	NP_459009.1	SL1344_0004
STM0005	NP_459010.1	SL1344_0005
STM0006	NP_459011.1	SL1344_0006
STM0007	NP_459012.1	SL1344_0007
STM0008	NP_459013.1	SL1344_0008
STM0009	NP_459014.1	SL1344_0009
STM0010	NP_459015.1	SL1344_0010
STM0011	NP_459016.1	SL1344_0011
STM0012	NP_459017.1	SL1344_0012
STM0013	NP_459018.1	SL1344_0013
STM0014	NP_459019.1	SL1344_0014
STM0015	NP_459020.1	SL1344_0015
STM0016	NP_459021.1	SL1344_0016
STM0017	NP_459022.1	SL1344_0017
STM0018	NP_459023.1	SL1344_0018
STM0019	NP_459024.1	SL1344_0019
STM0020	NP_459025.1	SL1344_0020
STM0021	NP_459026.1	SL1344_0021
STM0022	NP_459027.1	SL1344_0022
STM0023	NP_459028.1	SL1344_0023
STM0024	NP_459029.1	SL1344_0024
STM0025	NP_459030.1	SL1344_0025
STM0026	NP_459031.1	SL1344_0026
STM0027	NP_459032.1	SL1344_0027
STM0028	NP_459033.1	SL1344_0028
STM0029	NP_459034.1	SL1344_0030
STM0030	NP_459035.1	SL1344_0031
STM0031	NP_459036.1	SL1344_0032
STM0032	NP_459037.1	SL1344_0033
STM0033	NP_459038.1	SL1344_0034
STM0034	NP_459039.1	SL1344_0035
STM0035	NP_459040.1	SL1344_0036
STM0036	NP_459041.1	SL1344_0037
STM0037	NP_459042.1	SL1344_0038
STM0038	NP_459043.1	SL1344_0039
STM0039	NP_459044.1	SL1344_0040
STM0040	NP_459045.1	SL1344_0041
STM0041	NP_459046.1	SL1344_0042
STM0042	NP_459047.1	SL1344_0043
STM0043	NP_459048.1	SL1344_0044
STM0044	NP_459049.1	SL1344_0045
STM0045	NP_459050.1	SL1344_0046
STM0046	NP_459051.1	SL1344_0047
STM0047	NP_459052.1	SL1344_0048
STM0048	NP_459053.1	SL1344_0049
STM0049	NP_459054.1	SL1344_0050
STM0050	NP_459055.1	SL1344_0051
STM0051	NP_459056.1	SL1344_0052
STM0052	NP_459057.1	SL1344_0053
STM0053	NP_459058.1	SL1344_0054
STM0054	NP_459059.1	SL1344_0745
STM0056	NP_459061.1	SL1344_0057
STM0057	NP_459062.1	SL1344_0058
STM0058	NP_459063.1	SL1344_0059
STM0059	NP_459064.1	SL1344_0060
STM0060	NP_459065.1	SL1344_0061
STM0061	NP_459066.1	SL1344_0062
STM0062	NP_459067.1	SL1344_0063
STM0063	NP_459068.1	SL1344_0064
STM0064	NP_459069.1	SL1344_0065
STM0066	NP_459071.1	SL1344_0067
STM0067	NP_459072.1	SL1344_0068
STM0068	NP_459073.1	SL1344_0069
STM0069	NP_459074.1	SL1344_0070
STM0070	NP_459075.1	SL1344_0071
STM0071	NP_459076.1	SL1344_0072
STM0073	NP_459078.1	SL1344_0074
STM0074	NP_459079.1	SL1344_0075
STM0075	NP_459080.1	SL1344_0076
STM0076	NP_459081.1	SL1344_0077
STM0077	NP_459082.1	SL1344_0078
STM0078	NP_459083.1	SL1344_0079
STM0079	NP_459084.1	SL1344_0080
STM0080	NP_459085.1	SL1344_0081
STM0081	NP_459086.1	SL1344_0082
STM0082	NP_459087.1	SL1344_0083
STM0084	NP_459089.1	SL1344_0084
STM0085	NP_459090.1	SL1344_0086
STM0086	NP_459091.1	SL1344_0087
STM0087	NP_459092.1	SL1344_0088
STM0088	NP_459093.1	SL1344_0089
STM0089	NP_459094.1	SL1344_0090
STM0090	NP_459095.1	SL1344_0091
STM0091	NP_459096.1	SL1344_0092
STM0092	NP_459097.1	SL1344_0093
STM0093	NP_459098.1	SL1344_0094
STM0094	NP_459099.1	SL1344_0095
STM0095	NP_459100.1	SL1344_0096
STM0096	NP_459101.1	SL1344_0097
STM0097	NP_459102.1	SL1344_0098
STM0098	NP_459103.1	SL1344_0099
STM0100	NP_459105.1	SL1344_0100
STM0101	NP_459106.1	SL1344_0101
STM0102	NP_459107.1	SL1344_0102
STM0103	NP_459108.1	SL1344_0103
STM0104	NP_459109.1	SL1344_0104
STM0105	NP_459110.1	SL1344_0105
STM0106	NP_459111.1	SL1344_0106
STM0107	NP_459112.1	SL1344_0107
STM0108	NP_459113.1	SL1344_0108
STM0109	NP_459114.1	SL1344_0109
STM0110	NP_459115.1	SL1344_0110
STM0111	NP_459116.1	SL1344_0111
STM0112	NP_459117.1	SL1344_0112
STM0113	NP_459118.1	SL1344_0113
STM0114	NP_459119.1	SL1344_0114
STM0115	NP_459120.1	SL1344_0115
STM0116	NP_459121.1	SL1344_0116
STM0117	NP_459122.1	SL1344_0117
STM0118	NP_459123.1	SL1344_0118
STM0119	NP_459124.1	SL1344_0119
STM0120	NP_459125.1	SL1344_0120
STM0121	NP_459126.1	SL1344_0121
STM0122	NP_459127.1	SL1344_0122
STM0123	NP_459128.1	SL1344_0123
STM0124	NP_459129.1	SL1344_0124
STM0125	NP_459130.1	SL1344_0125
STM0126	NP_459131.1	SL1344_0126
STM0127	NP_459132.1	SL1344_0127
STM0128	NP_459133.1	SL1344_0128
STM0129	NP_459134.1	SL1344_0129
STM0130	NP_459135.1	SL1344_0130
STM0131	NP_459136.1	SL1344_0131
STM0132	NP_459137.1	SL1344_0132
STM0133	NP_459138.1	SL1344_0133
STM0134	NP_459139.1	SL1344_0134
STM0135	NP_459140.3	SL1344_0135
STM0136	NP_459141.1	SL1344_0136
STM0137	NP_459142.1	SL1344_0137
STM0138	NP_459143.1	SL1344_0138
STM0139	NP_459144.1	SL1344_0139
STM0140	NP_459145.1	SL1344_0140
STM0141	NP_459146.1	SL1344_0141
STM0142	NP_459147.1	SL1344_0142
STM0143	NP_459148.1	SL1344_0143
STM0144	NP_459149.1	SL1344_0144
STM0145	NP_459150.1	SL1344_0145
STM0146	NP_459151.1	SL1344_0146
STM0147	NP_459152.1	SL1344_0147
STM0148	NP_459153.1	SL1344_0148
STM0149	NP_459154.1	SL1344_0149
STM0150	NP_459155.1	SL1344_0150
STM0151	NP_459156.1	SL1344_0151
STM0152	NP_459157.1	SL1344_0152
STM0153	NP_459158.2	SL1344_0153
STM0154	NP_459159.1	SL1344_0154
STM0155	NP_459160.1	SL1344_0155
STM0156	NP_459161.1	SL1344_0156
STM0158	NP_459163.1	SL1344_0159
STM0159	NP_459164.1	SL1344_0160
STM0160	NP_459165.1	SL1344_0161
STM0161	NP_459166.1	SL1344_0162
STM0162	NP_459167.1	SL1344_0163
STM0163	NP_459168.1	SL1344_0164
STM0164	NP_459169.1	SL1344_0165
STM0165	NP_459170.1	SL1344_0166
STM0166	NP_459171.1	SL1344_0167
STM0167	NP_459172.1	SL1344_0168
STM0168	NP_459173.1	SL1344_0169
STM0169	NP_459174.1	SL1344_0170
STM0170	NP_459175.1	SL1344_0171
STM0171	NP_459176.1	SL1344_0172
STM0172	NP_459177.1	SL1344_0173
STM0173	NP_459178.1	SL1344_0174
STM0174	NP_459179.1	SL1344_0175
STM0175	NP_459180.1	SL1344_0176
STM0176	NP_459181.1	SL1344_0177
STM0177	NP_459182.1	SL1344_0178
STM0178	NP_459183.1	SL1344_0179
STM0179	NP_459184.1	SL1344_0180
STM0180	NP_459185.1	SL1344_0181
STM0181	NP_459186.1	SL1344_0182
STM0182	NP_459187.1	SL1344_0183
STM0183	NP_459188.1	SL1344_0184
STM0184	NP_459189.1	SL1344_0185
STM0185	NP_459190.3	SL1344_0186
STM0186	NP_459191.1	SL1344_0187
STM0187	NP_459192.1	SL1344_0188
STM0188	NP_459193.1	SL1344_0189
STM0189	NP_459194.1	SL1344_0190
STM0190	NP_459195.1	SL1344_0191
STM0191	NP_459196.1	SL1344_0192
STM0192	NP_459197.1	SL1344_0193
STM0193	NP_459198.1	SL1344_0194
STM0194	NP_459199.1	SL1344_0195
STM0195	NP_459200.1	SL1344_0196
STM0196	NP_459201.1	SL1344_0197
STM0197	NP_459202.1	SL1344_0198
STM0198	NP_459203.1	SL1344_0199
STM0199	NP_459204.1	SL1344_0200
STM0200	NP_459205.1	SL1344_0201
STM0201	NP_459206.1	SL1344_0202
STM0202	NP_459207.1	SL1344_0203
STM0203	NP_459208.1	SL1344_0204
STM0204	NP_459209.3	SL1344_0205
STM0205	NP_459210.1	SL1344_0206
STM0206	NP_459211.1	SL1344_0207
STM0207	NP_459212.1	SL1344_0208
STM0208	NP_459213.1	SL1344_0209
STM0209	NP_459214.1	SL1344_0210
STM0210	NP_459215.1	SL1344_0211
STM0211	NP_459216.1	SL1344_0212
STM0212	NP_459217.1	SL1344_0213
STM0213	NP_459218.1	SL1344_0214
STM0214	NP_459219.1	SL1344_0215
STM0215	NP_459220.1	SL1344_0216
STM0216	NP_459221.1	SL1344_0217
STM0217	NP_459222.1	SL1344_0218
STM0218	NP_459223.1	SL1344_0219
STM0219	NP_459224.1	SL1344_0220
STM0220	NP_459225.1	SL1344_0221
STM0221	NP_459226.1	SL1344_0222
STM0222	NP_459227.1	SL1344_0223
STM0223	NP_459228.1	SL1344_0224
STM0224	NP_459229.1	SL1344_0225
STM0225	NP_459230.1	SL1344_0226
STM0226	NP_459231.1	SL1344_0227
STM0227	NP_459232.1	SL1344_0228
STM0228	NP_459233.1	SL1344_0229
STM0229	NP_459234.1	SL1344_0230
STM0230	NP_459235.1	SL1344_0231
STM0231	NP_459236.1	SL1344_0232
STM0232	NP_459237.1	SL1344_0233
STM0233	NP_459238.1	SL1344_0234
STM0234	NP_459239.1	SL1344_0235
STM0235	NP_459240.1	SL1344_0236
STM0236	NP_459241.1	SL1344_0237
STM0237	NP_459242.1	SL1344_0238
STM0238	NP_459243.1	SL1344_0239
STM0239	NP_459244.1	SL1344_0240
STM0240	NP_459245.1	SL1344_0241
STM0242	NP_459246.1	SL1344_0243
STM0243	NP_459247.1	SL1344_0244
STM0244	NP_459248.1	SL1344_0245
STM0245	NP_459249.1	SL1344_0246
STM0246	NP_459250.1	SL1344_0247
STM0247	NP_459251.1	SL1344_0248
STM0248	NP_459252.1	SL1344_0249
STM0255	NP_459253.1	SL1344_0250
STM0256	NP_459254.1	SL1344_0251
STM0257	NP_459255.1	SL1344_0252
STM0258	NP_459256.1	SL1344_0253
STM0259	NP_459257.1	SL1344_0254
STM0260	NP_459258.1	SL1344_0255
STM0261	NP_459259.1	SL1344_0256
STM0262	NP_459260.1	SL1344_0257
STM0263	NP_459261.1	SL1344_0258
STM0264	NP_459262.1	SL1344_0259
STM0266	NP_459263.1	SL1344_0260
STM0267	NP_459264.1	SL1344_0261
STM0268	NP_459265.1	SL1344_0262
STM0269	NP_459266.1	SL1344_0263
STM0270	NP_459267.1	SL1344_0264
STM0271	NP_459268.1	SL1344_0265
STM0272	NP_459269.1	SL1344_0266
STM0273	NP_459270.1	SL1344_0267
STM0274	NP_459271.1	SL1344_0268
STM0275	NP_459273.3	SL1344_0270
STM0276	NP_459274.1	SL1344_0271
STM0277	NP_459275.1	SL1344_0272
STM0278	NP_459276.1	SL1344_0273
STM0279	NP_459277.1	SL1344_0274
STM0280	NP_459278.1	SL1344_0275
STM0281	NP_459279.1	SL1344_0276
STM0282	NP_459280.1	SL1344_0277
STM0283	NP_459281.1	SL1344_0278
STM0284	NP_459282.1	SL1344_0279
STM0285	NP_459283.1	SL1344_0280
STM0286	NP_459284.1	SL1344_0281
STM0287	NP_459285.1	SL1344_0282
STM0288	NP_459286.1	SL1344_0283
STM0289	NP_459287.1	SL1344_0284
STM0290	NP_459288.1	SL1344_0285
STM0291	NP_459289.1	SL1344_0286
STM0293	NP_459291.1	SL1344_0288
STM0294	NP_459292.1	SL1344_0289
STM0295	NP_459293.1	SL1344_0291
STM0296	NP_446753.1	SL1344_0292
STM0297	NP_446754.1	SL1344_0293
STM0299	NP_459297.1	SL1344_0295
STM0300	NP_459298.1	SL1344_0296
STM0301	NP_459299.1	SL1344_0297
STM0302	NP_459300.1	SL1344_0298
STM0303	NP_459301.1	SL1344_0299
STM0304	NP_459302.1	SL1344_0300
STM0305	NP_459303.1	SL1344_0301
STM0306	NP_459304.1	SL1344_0302
STM0307	NP_459305.1	SL1344_0303
STM0308	NP_459306.1	SL1344_0304
STM0309	NP_459307.1	SL1344_0305
STM0310	NP_459308.1	SL1344_0306
STM0311	NP_459309.1	SL1344_0307
STM0312	NP_459310.1	SL1344_0308
STM0313	NP_459311.1	SL1344_0309
STM0315	NP_459312.1	SL1344_0311
STM0316	NP_459313.1	SL1344_0312
STM0317	NP_459314.1	SL1344_0313
STM0318	NP_459315.1	SL1344_0314
STM0319	NP_459316.1	SL1344_0315
STM0320	NP_459317.1	SL1344_0316
STM0321	NP_459318.1	SL1344_0317
STM0322	NP_459319.1	SL1344_0318
STM0327	NP_459322.1	SL1344_0322
STM0328	NP_459323.3	SL1344_0323
STM0330	NP_459325.1	SL1344_0325
STM0331	NP_459326.1	SL1344_0326
STM0332	NP_459327.1	SL1344_0327
STM0333	NP_459328.1	SL1344_0328
STM0334	NP_459329.1	SL1344_0329
STM0335	NP_459330.1	SL1344_0330
STM0336	NP_459331.1	SL1344_0331
STM0337	NP_459332.1	SL1344_0332
STM0338	NP_459333.1	SL1344_0333
STM0339	NP_459334.1	SL1344_0334
STM0340	NP_459335.1	SL1344_0335
STM0341	NP_459336.1	SL1344_0336
STM0343	NP_459338.1	SL1344_0338
STM0344	NP_459339.1	SL1344_0339
STM0345	NP_459340.1	SL1344_0340
STM0346	NP_459341.1	SL1344_0341
STM0347	NP_459342.1	SL1344_0342
STM0348	NP_459343.1	SL1344_0343
STM0349	NP_459344.1	SL1344_0344
STM0350	NP_459345.3	SL1344_0345
STM0351	NP_459346.1	SL1344_0346
STM0352	NP_459347.3	SL1344_0347
STM0353	NP_459348.1	SL1344_0348
STM0354	NP_459349.1	SL1344_0349
STM0355	NP_459350.1	SL1344_0350
STM0356	NP_459351.1	SL1344_0351
STM0357	NP_459352.1	SL1344_0352
STM0358	NP_459353.3	SL1344_0353
STM0359	NP_459354.1	SL1344_0354
STM0360	NP_459355.1	SL1344_0355
STM0361	NP_459356.1	SL1344_0356
STM0362	NP_459357.3	SL1344_0357
STM0363	NP_459358.1	SL1344_0358
STM0364	NP_459359.1	SL1344_0359
STM0365	NP_459360.1	SL1344_0360
STM0366	NP_459361.1	SL1344_0361
STM0367	NP_459362.1	SL1344_0362
STM0368	NP_459363.1	SL1344_0363
STM0369	NP_459364.1	SL1344_0364
STM0370	NP_459365.1	SL1344_0365
STM0371	NP_459366.1	SL1344_0366
STM0372	NP_459367.1	SL1344_0367
STM0373	NP_459368.1	SL1344_0368
STM0374	NP_459369.1	SL1344_0369
STM0375	NP_459370.3	SL1344_0370
STM0376	NP_459371.1	SL1344_0371
STM0377	NP_459372.1	SL1344_0372
STM0378	NP_459373.1	SL1344_0373
STM0379	NP_459374.1	SL1344_0374
STM0380	NP_459375.1	SL1344_0375
STM0381	NP_459376.1	SL1344_0376
STM0382	NP_459377.1	SL1344_0377
STM0383	NP_459378.3	SL1344_0378
STM0385	NP_459380.1	SL1344_0380
STM0386	NP_459381.1	SL1344_0381
STM0387	NP_459382.1	SL1344_0382
STM0388	NP_459383.1	SL1344_0383
STM0389	NP_459384.1	SL1344_0384
STM0390	NP_459385.1	SL1344_0385
STM0391	NP_459386.1	SL1344_0386
STM0392	NP_459387.1	SL1344_0387
STM0393	NP_459388.1	SL1344_0388
STM0394	NP_459389.1	SL1344_0389
STM0395	NP_459390.1	SL1344_0390
STM0396	NP_459391.1	SL1344_0391
STM0397	NP_459392.1	SL1344_0392
STM0398	NP_459393.1	SL1344_0393
STM0399	NP_459394.1	SL1344_0394
STM0400	NP_459395.1	SL1344_0395
STM0401	NP_459396.1	SL1344_0396
STM0402	NP_459397.1	SL1344_0397
STM0403	NP_459398.1	SL1344_0398
STM0404	NP_459399.1	SL1344_0399
STM0405	NP_459400.1	SL1344_0400
STM0406	NP_459401.1	SL1344_0401
STM0407	NP_459402.1	SL1344_0402
STM0408	NP_459403.1	SL1344_0403
STM0409	NP_459404.1	SL1344_0404
STM0410	NP_459405.1	SL1344_0405
STM0411	NP_459406.1	SL1344_0406
STM0413	NP_459408.1	SL1344_0407
STM0414	NP_459409.1	SL1344_0408
STM0415	NP_459410.1	SL1344_0409
STM0416	NP_459411.1	SL1344_0410
STM0417	NP_459412.1	SL1344_0411
STM0418	NP_459413.1	SL1344_0412
STM0419	NP_459414.1	SL1344_0413
STM0420	NP_459415.1	SL1344_0414
STM0421	NP_459416.1	SL1344_0415
STM0422	NP_459417.1	SL1344_0416
STM0423	NP_459418.1	SL1344_0417
STM0424	NP_459419.1	SL1344_0418
STM0425	NP_459420.1	SL1344_0419
STM0426	NP_459421.1	SL1344_0420
STM0427	NP_459422.1	SL1344_0421
STM0428	NP_459423.1	SL1344_0422
STM0429	NP_459424.1	SL1344_0423
STM0430	NP_459425.1	SL1344_0424
STM0431	NP_459426.1	SL1344_0425
STM0432	NP_459427.1	SL1344_0426
STM0433	NP_459428.1	SL1344_0427
STM0434	NP_459429.1	SL1344_0428
STM0435	NP_459430.3	SL1344_0429
STM0436	NP_459431.3	SL1344_0430
STM0437	NP_459433.1	SL1344_0431
STM0438	NP_459434.1	SL1344_0432
STM0439	NP_459435.1	SL1344_0433
STM0440	NP_459436.1	SL1344_0434
STM0441	NP_459437.1	SL1344_0435
STM0442	NP_459438.1	SL1344_0436
STM0443	NP_459439.1	SL1344_0437
STM0444	NP_459440.1	SL1344_0438
STM0445	NP_459441.3	SL1344_0439
STM0446	NP_459442.1	SL1344_0440
STM0447	NP_459443.1	SL1344_0441
STM0448	NP_459444.1	SL1344_0442
STM0449	NP_459445.1	SL1344_0443
STM0450	NP_459446.1	SL1344_0444
STM0451	NP_459447.1	SL1344_0445
STM0452	NP_459448.1	SL1344_0446
STM0453	NP_459449.1	SL1344_0447
STM0454	NP_459450.1	SL1344_0448
STM0455	NP_459451.1	SL1344_0449
STM0456	NP_459452.1	SL1344_0450
STM0457	NP_459453.1	SL1344_0451
STM0458	NP_459454.1	SL1344_0452
STM0459	NP_459455.1	SL1344_0453
STM0460	NP_459456.1	SL1344_0454
STM0461	NP_459457.1	SL1344_0455
STM0462	NP_459458.1	SL1344_0456
STM0463	NP_459459.1	SL1344_0457
STM0464	NP_459460.1	SL1344_0458
STM0465	NP_459461.1	SL1344_0459
STM0466	NP_459462.1	SL1344_0460
STM0468	NP_459463.1	SL1344_0461
STM0469	NP_459464.1	SL1344_0462
STM0470	NP_459465.1	SL1344_0463
STM0471	NP_459466.1	SL1344_0464
STM0472	NP_459467.1	SL1344_0465
STM0473	NP_459468.1	SL1344_0466
STM0474	NP_459469.1	SL1344_0467
STM0475	NP_459470.1	SL1344_0468
STM0476	NP_459471.1	SL1344_0469
STM0477	NP_459472.1	SL1344_0470
STM0478	NP_459473.1	SL1344_0471
STM0479	NP_459474.1	SL1344_0472
STM0480	NP_459475.1	SL1344_0473
STM0481	NP_459476.1	SL1344_0474
STM0483	NP_459478.1	SL1344_0476
STM0484	NP_459479.1	SL1344_0477
STM0485	NP_459480.1	SL1344_0478
STM0486	NP_459481.1	SL1344_0479
STM0487	NP_459482.3	SL1344_0480
STM0488	NP_459483.1	SL1344_0481
STM0489	NP_459484.1	SL1344_0482
STM0490	NP_459485.1	SL1344_0483
STM0491	NP_459486.1	SL1344_0484
STM0492	NP_459487.1	SL1344_0485
STM0493	NP_459488.1	SL1344_0486
STM0494	NP_459489.1	SL1344_0487
STM0495	NP_459490.1	SL1344_0488
STM0496	NP_459491.1	SL1344_0489
STM0497	NP_459492.1	SL1344_0490
STM0498	NP_459493.1	SL1344_0491
STM0499	NP_459494.1	SL1344_0492
STM0500	NP_459495.1	SL1344_0493
STM0501	NP_459496.1	SL1344_0494
STM0502	NP_459497.1	SL1344_0495
STM0503	NP_459498.1	SL1344_0496
STM0504	NP_459499.1	SL1344_0497
STM0505	NP_459500.1	SL1344_0498
STM0506	NP_459501.1	SL1344_0499
STM0507	NP_459502.1	SL1344_0500
STM0508	NP_459503.1	SL1344_0501
STM0509	NP_459504.1	SL1344_0502
STM0510	NP_459505.1	SL1344_0503
STM0511	NP_459506.1	SL1344_0504
STM0512	NP_459507.1	SL1344_0505
STM0513	NP_459508.1	SL1344_0506
STM0514	NP_459509.1	SL1344_0507
STM0515	NP_459510.1	SL1344_0508
STM0516	NP_459511.1	SL1344_0509
STM0517	NP_459512.1	SL1344_0510
STM0518	NP_459513.1	SL1344_0511
STM0519	NP_459514.1	SL1344_0512
STM0520	NP_459515.1	SL1344_0513
STM0522	NP_459517.1	SL1344_0515
STM0523	NP_459518.1	SL1344_0516
STM0524	NP_459519.1	SL1344_0517
STM0525	NP_459520.1	SL1344_0518
STM0526	NP_459521.1	SL1344_0519
STM0527	NP_459522.1	SL1344_0520
STM0528	NP_459523.1	SL1344_0521
STM0529	NP_459524.1	SL1344_0522
STM0530	NP_459525.1	SL1344_0523
STM0531	NP_459526.1	SL1344_0524
STM0532	NP_459527.1	SL1344_0525
STM0533	NP_459528.1	SL1344_0526
STM0534	NP_459529.1	SL1344_0527
STM0535	NP_459530.1	SL1344_0528
STM0536	NP_459531.1	SL1344_0529
STM0537	NP_459532.1	SL1344_0530
STM0538	NP_459533.1	SL1344_0531
STM0539	NP_459534.1	SL1344_0532
STM0540	NP_459535.1	SL1344_0533
STM0541	NP_459536.1	SL1344_0534
STM0542	NP_459537.1	SL1344_0535
STM0543	NP_459538.3	SL1344_0536
STM0544	NP_459539.1	SL1344_0537
STM0545	NP_459540.1	SL1344_0538
STM0546	NP_459541.1	SL1344_0539
STM0547	NP_459542.1	SL1344_0540
STM0548	NP_459543.1	SL1344_0541
STM0549	NP_459544.1	SL1344_0542
STM0550	NP_459545.1	SL1344_0543
STM0551	NP_459546.1	SL1344_0544
STM0552	NP_459547.1	SL1344_0545
STM0557	NP_459550.1	SL1344_0547
STM0558	NP_459551.1	SL1344_0548
STM0559	NP_459552.1	SL1344_0549
STM0563	NP_459555.1	SL1344_0551
STM0564	NP_459556.1	SL1344_0552
STM0565	NP_459557.1	SL1344_0553
STM0566	NP_459558.1	SL1344_0554
STM0567	NP_459559.1	SL1344_0555
STM0568	NP_459560.1	SL1344_0556
STM0569	NP_459561.1	SL1344_0557
STM0570	NP_459562.1	SL1344_0558
STM0571	NP_459563.1	SL1344_0559
STM0572	NP_459564.1	SL1344_0560
STM0573	NP_459565.1	SL1344_0561
STM0574	NP_459566.1	SL1344_0562
STM0575	NP_459567.1	SL1344_0563
STM0576	NP_459568.1	SL1344_0564
STM0577	NP_459569.1	SL1344_0565
STM0578	NP_459570.1	SL1344_0566
STM0579	NP_459571.1	SL1344_0567
STM0580	NP_459572.1	SL1344_0568
STM0581	NP_459573.1	SL1344_0569
STM0582	NP_459574.1	SL1344_0570
STM0583	NP_459575.1	SL1344_0571
STM0584	NP_459576.1	SL1344_0572
STM0585	NP_459577.1	SL1344_0573
STM0586	NP_459578.1	SL1344_0574
STM0587	NP_459579.1	SL1344_0575
STM0588	NP_459580.1	SL1344_0576
STM0589	NP_459581.1	SL1344_0577
STM0590	NP_459582.1	SL1344_0578
STM0591	NP_459583.1	SL1344_0579
STM0592	NP_459584.1	SL1344_0580
STM0593	NP_459585.1	SL1344_0581
STM0594	NP_459586.1	SL1344_0582
STM0595	NP_459587.1	SL1344_0583
STM0596	NP_459588.1	SL1344_0584
STM0597	NP_459589.1	SL1344_0585
STM0598	NP_459590.1	SL1344_0586
STM0599	NP_459591.1	SL1344_0587
STM0600	NP_459592.1	SL1344_0588
STM0601	NP_459593.1	SL1344_0589
STM0602	NP_459594.1	SL1344_0590
STM0603	NP_459595.1	SL1344_0591
STM0604	NP_459596.1	SL1344_0592
STM0605	NP_459597.1	SL1344_0593
STM0606	NP_459598.1	SL1344_0594
STM0607	NP_459599.1	SL1344_0595
STM0608	NP_459600.1	SL1344_0596
STM0609	NP_459601.1	SL1344_0597
STM0610	NP_459602.1	SL1344_0598
STM0611	NP_459603.1	SL1344_0599
STM0612	NP_459604.1	SL1344_0600
STM0613	NP_459605.1	SL1344_0601
STM0614	NP_459606.1	SL1344_0602
STM0615	NP_459607.1	SL1344_0603
STM0616	NP_459608.1	SL1344_0604
STM0617	NP_459609.1	SL1344_0605
STM0618	NP_459610.1	SL1344_0606
STM0619	NP_459611.1	SL1344_0607
STM0620	NP_459612.1	SL1344_0608
STM0621	NP_459613.1	SL1344_0609
STM0622	NP_459614.1	SL1344_0610
STM0623	NP_459615.1	SL1344_0611
STM0624	NP_459616.1	SL1344_0612
STM0625	NP_459617.1	SL1344_0613
STM0626	NP_459618.1	SL1344_0614
STM0627	NP_459619.1	SL1344_0615
STM0628	NP_459620.1	SL1344_0616
STM0629	NP_459621.1	SL1344_0617
STM0630	NP_459622.1	SL1344_0618
STM0631	NP_459623.1	SL1344_0619
STM0632	NP_459624.1	SL1344_0620
STM0633	NP_459625.1	SL1344_0621
STM0634	NP_459626.1	SL1344_0622
STM0635	NP_459627.3	SL1344_0623
STM0636	NP_459628.1	SL1344_0624
STM0637	NP_459629.1	SL1344_0625
STM0638	NP_459630.1	SL1344_0626
STM0639	NP_459631.1	SL1344_0627
STM0640	NP_459632.1	SL1344_0628
STM0641	NP_459633.1	SL1344_0629
STM0642	NP_459634.1	SL1344_0630
STM0643	NP_459635.1	SL1344_0631
STM0644	NP_459636.1	SL1344_0632
STM0645	NP_459637.1	SL1344_0633
STM0646	NP_459638.1	SL1344_0634
STM0647	NP_459639.1	SL1344_0635
STM0648	NP_459640.1	SL1344_0636
STM0649	NP_447100.1	SL1344_0637
STM0650	NP_447101.1	SL1344_0638
STM0651	NP_459643.1	SL1344_0639
STM0652	NP_459644.1	SL1344_0640
STM0653	NP_459645.1	SL1344_0641
STM0655	NP_459647.1	SL1344_0643
STM0656	NP_459648.1	SL1344_0644
STM0658	NP_459650.1	SL1344_0647
STM0659	NP_459651.1	SL1344_0648
STM0660	NP_459652.1	SL1344_0649
STM0661	NP_459653.1	SL1344_0650
STM0662	NP_459654.1	SL1344_0651
STM0663	NP_459655.1	SL1344_0652
STM0664	NP_459656.1	SL1344_0653
STM0665	NP_459657.1	SL1344_0654
STM0666	NP_459658.1	SL1344_0655
STM0667	NP_459659.1	SL1344_0656
STM0668	NP_459660.1	SL1344_0657
STM0669	NP_459661.3	SL1344_0658
STM0670	NP_459662.1	SL1344_0659
STM0671	NP_459663.1	SL1344_0660
STM0672	NP_459664.1	SL1344_0661
STM0680	NP_459665.1	SL1344_0662
STM0681	NP_459666.1	SL1344_0663
STM0682	NP_459667.1	SL1344_0664
STM0683	NP_459668.1	SL1344_0665
STM0684	NP_459669.1	SL1344_0666
STM0685	NP_459670.1	SL1344_0667
STM0686	NP_459671.1	SL1344_0668
STM0687	NP_459672.1	SL1344_0669
STM0688	NP_459673.1	SL1344_0670
STM0689	NP_459674.1	SL1344_0671
STM0690	NP_459675.1	SL1344_0672
STM0691	NP_459676.1	SL1344_0673
STM0692	NP_459677.1	SL1344_0674
STM0693	NP_459678.1	SL1344_0675
STM0694	NP_459679.1	SL1344_0676
STM0695	NP_459680.1	SL1344_0677
STM0696	NP_459681.1	SL1344_0678
STM0697	NP_459682.1	SL1344_0679
STM0698	NP_459683.1	SL1344_0680
STM0699	NP_459684.1	SL1344_0681
STM0700	NP_459685.1	SL1344_0682
STM0701	NP_459686.1	SL1344_0683
STM0702	NP_459687.1	SL1344_0684
STM0703	NP_459688.1	SL1344_0685
STM0704	NP_459689.1	SL1344_0686
STM0705	NP_459690.1	SL1344_0687
STM0706	NP_459691.1	SL1344_0688
STM0707	NP_459692.1	SL1344_0688A
STM0708	NP_459693.1	SL1344_0689
STM0709	NP_459694.1	SL1344_0690
STM0710	NP_459695.1	SL1344_0691
STM0711	NP_459696.1	SL1344_0692
STM0712	NP_459697.1	SL1344_0693
STM0713	NP_459698.1	SL1344_0694
STM0714	NP_459699.1	SL1344_0695
STM0715	NP_459700.1	SL1344_0696
STM0716	NP_459701.1	SL1344_0697
STM0717	NP_459702.1	SL1344_0698
STM0718	NP_459703.1	SL1344_0699
STM0720	NP_459705.1	SL1344_0702
STM0721	NP_459706.1	SL1344_0703
STM0722	NP_459707.1	SL1344_0704
STM0723	NP_459708.1	SL1344_0705
STM0724	NP_459709.1	SL1344_0706
STM0725	NP_459710.1	SL1344_0707
STM0726	NP_459711.1	SL1344_0708
STM0727	NP_459712.1	SL1344_0709
STM0728	NP_459713.1	SL1344_0710
STM0729	NP_459714.1	SL1344_0711
STM0730	NP_459715.1	SL1344_0712
STM0732	NP_459717.1	SL1344_0714
STM0733	NP_459718.1	SL1344_0715
STM0734	NP_459719.1	SL1344_0716
STM0735	NP_459720.1	SL1344_0717
STM0736	NP_459721.1	SL1344_0718
STM0737	NP_459722.1	SL1344_0719
STM0738	NP_459723.1	SL1344_0720
STM0739	NP_459724.1	SL1344_0721
STM0740	NP_459725.1	SL1344_0722
STM0741	NP_459726.1	SL1344_0723
STM0742	NP_459727.1	SL1344_0724
STM0743	NP_459728.1	SL1344_0725
STM0744	NP_459729.1	SL1344_0726
STM0745	NP_459730.1	SL1344_0727
STM0746	NP_459731.1	SL1344_0728
STM0747	NP_459732.1	SL1344_0729
STM0748	NP_459733.1	SL1344_0730
STM0749	NP_459734.1	SL1344_0731
STM0750	NP_459735.1	SL1344_0732
STM0756	NP_459736.1	SL1344_0733
STM0757	NP_459737.1	SL1344_0734
STM0758	NP_459738.1	SL1344_0735
STM0759	NP_459739.1	SL1344_0736
STM0760	NP_459740.1	SL1344_0737
STM0761	NP_459741.1	SL1344_0738
STM0762	NP_459742.1	SL1344_0739
STM0763	NP_459743.3	SL1344_0740
STM0764	NP_459744.1	SL1344_0741
STM0765	NP_459745.1	SL1344_0742
STM0766	NP_459746.1	SL1344_0743
STM0769	NP_459748.1	SL1344_0746
STM0770	NP_459749.1	SL1344_0747
STM0771	NP_459750.1	SL1344_0748
STM0772	NP_459751.1	SL1344_0749
STM0773	NP_459752.1	SL1344_0750
STM0774	NP_459753.1	SL1344_0751
STM0775	NP_459754.1	SL1344_0752
STM0776	NP_459755.1	SL1344_0753
STM0777	NP_459756.1	SL1344_0754
STM0778	NP_459757.1	SL1344_0755
STM0779	NP_459758.1	SL1344_0756
STM0780	NP_459759.1	SL1344_0757
STM0781	NP_459760.1	SL1344_0758
STM0782	NP_459761.1	SL1344_0759
STM0783	NP_459762.1	SL1344_0760
STM0784	NP_459763.1	SL1344_0761
STM0785	NP_459764.1	SL1344_0762
STM0786	NP_459765.1	SL1344_0763
STM0787	NP_459766.1	SL1344_0764
STM0788	NP_459767.1	SL1344_0765
STM0789	NP_459768.1	SL1344_0766
STM0791	NP_459769.1	SL1344_0768
STM0792	NP_459770.1	SL1344_0769
STM0793	NP_459771.1	SL1344_0770
STM0794	NP_459772.1	SL1344_0771
STM0795	NP_459773.1	SL1344_0772
STM0796	NP_459774.1	SL1344_0773
STM0797	NP_459775.1	SL1344_0774
STM0798	NP_459776.1	SL1344_0775
STM0800	NP_459778.1	SL1344_0776
STM0801	NP_459779.1	SL1344_0777
STM0802	NP_459780.1	SL1344_0778
STM0803	NP_459781.1	SL1344_0779
STM0804	NP_459782.1	SL1344_0780
STM0805	NP_459783.3	SL1344_0781
STM0806	NP_459784.1	SL1344_0782
STM0807	NP_459785.1	SL1344_0783
STM0808	NP_459786.1	SL1344_0784
STM0809	NP_459787.1	SL1344_0785
STM0810	NP_459788.1	SL1344_0786
STM0811	NP_459789.1	SL1344_0787
STM0812	NP_459790.1	SL1344_0788
STM0813	NP_459791.1	SL1344_0789
STM0814	NP_459792.1	SL1344_0790
STM0815	NP_459793.1	SL1344_0791
STM0816	NP_459794.1	SL1344_0792
STM0817	NP_459795.1	SL1344_0793
STM0818	NP_459796.1	SL1344_0794
STM0819	NP_459797.1	SL1344_0795
STM0820	NP_459798.1	SL1344_0796
STM0821	NP_459799.1	SL1344_0797
STM0822	NP_459800.1	SL1344_0798
STM0823	NP_459801.1	SL1344_0799
STM0825	NP_459802.1	SL1344_0800
STM0826	NP_459803.1	SL1344_0801
STM0827	NP_459804.1	SL1344_0802
STM0828	NP_459805.1	SL1344_0803
STM0829	NP_459806.1	SL1344_0804
STM0830	NP_459807.1	SL1344_0805
STM0831	NP_459808.1	SL1344_0806
STM0832	NP_459809.1	SL1344_0807
STM0833	NP_459810.1	SL1344_0808
STM0834	NP_459811.1	SL1344_0809
STM0835	NP_459812.1	SL1344_0810
STM0836	NP_459813.1	SL1344_0811
STM0837	NP_459814.1	SL1344_0812
STM0838	NP_459815.1	SL1344_0813
STM0839	NP_459816.1	SL1344_0814
STM0841	NP_459818.1	SL1344_0817
STM0842	NP_459819.1	SL1344_0818
STM0843	NP_459820.1	SL1344_0819
STM0844	NP_459821.1	SL1344_0820
STM0845	NP_459822.1	SL1344_0821
STM0846	NP_459823.3	SL1344_0822
STM0847	NP_459824.1	SL1344_0823
STM0848	NP_459825.1	SL1344_0824
STM0849	NP_459826.1	SL1344_0825
STM0850	NP_459827.1	SL1344_0826
STM0851	NP_459828.1	SL1344_0827
STM0852	NP_459829.1	SL1344_0828
STM0853	NP_459830.1	SL1344_0829
STM0854	NP_459831.1	SL1344_0830
STM0855	NP_459832.3	SL1344_0831
STM0856	NP_459833.1	SL1344_0832
STM0857	NP_459834.1	SL1344_0833
STM0858	NP_459835.1	SL1344_0834
STM0859	NP_459836.1	SL1344_0835
STM0860	NP_459837.1	SL1344_0836
STM0862	NP_459839.1	SL1344_0838
STM0863	NP_459840.1	SL1344_0839
STM0864	NP_459841.1	SL1344_0840
STM0865	NP_459842.1	SL1344_0841
STM0866	NP_459843.1	SL1344_0842
STM0867	NP_459844.1	SL1344_0843
STM0868	NP_459845.1	SL1344_0844
STM0869	NP_459846.1	SL1344_0845
STM0870	NP_459847.1	SL1344_0846
STM0871	NP_459848.1	SL1344_0847
STM0872	NP_459849.1	SL1344_0848
STM0873	NP_459850.1	SL1344_0849
STM0875	NP_459852.1	SL1344_0852
STM0876	NP_459853.1	SL1344_0853
STM0877	NP_459854.1	SL1344_0854
STM0878	NP_459855.1	SL1344_0855
STM0879	NP_459856.1	SL1344_0856
STM0880	NP_459857.1	SL1344_0857
STM0881	NP_459858.1	SL1344_0858
STM0882	NP_459859.1	SL1344_0859
STM0884	NP_459860.1	SL1344_0860
STM0885	NP_459861.1	SL1344_0861
STM0886	NP_459862.1	SL1344_0862
STM0887	NP_459863.1	SL1344_0863
STM0888	NP_459864.1	SL1344_0864
STM0889	NP_459865.1	SL1344_0865
STM0890	NP_459866.1	SL1344_0866
STM0891	NP_459867.1	SL1344_0867
STM0892	NP_459868.1	SL1344_0868
STM0906	NP_459883.1	SL1344_1957
STM0907	NP_459884.1	SL1344_1956
STM0908	NP_459885.1	SL1344_1955
STM0930	NP_459907.1	SL1344_0869
STM0931	NP_459908.1	SL1344_0870
STM0932	NP_459909.1	SL1344_0871
STM0933	NP_459910.1	SL1344_0872
STM0934	NP_459911.1	SL1344_0873
STM0935	NP_459912.1	SL1344_0874
STM0936	NP_459913.1	SL1344_0875
STM0937	NP_459914.1	SL1344_0876
STM0938	NP_459915.1	SL1344_0877
STM0939	NP_459916.2	SL1344_0878
STM0940	NP_459917.1	SL1344_0879
STM0941	NP_459918.1	SL1344_0880
STM0942	NP_459919.1	SL1344_0881
STM0943	NP_459920.1	SL1344_0882
STM0944	NP_459921.1	SL1344_0883
STM0945	NP_459922.1	SL1344_0884
STM0950	NP_459926.1	SL1344_0888
STM0951	NP_459927.1	SL1344_0889
STM0952	NP_459928.1	SL1344_0890
STM0953	NP_459929.1	SL1344_0891
STM0955	NP_459931.1	SL1344_0893
STM0956	NP_459932.1	SL1344_0894
STM0957	NP_459933.1	SL1344_0895
STM0958	NP_459934.1	SL1344_0896
STM0959	NP_459935.1	SL1344_0897
STM0960	NP_459936.1	SL1344_0898
STM0961	NP_459937.1	SL1344_0899
STM0962	NP_459938.1	SL1344_0900
STM0963	NP_459939.1	SL1344_0901
STM0964	NP_459940.1	SL1344_0902
STM0965	NP_459941.1	SL1344_0903
STM0966	NP_459942.1	SL1344_0904
STM0968	NP_459943.1	SL1344_0905
STM0969	NP_459944.1	SL1344_0906
STM0970	NP_459945.3	SL1344_0907
STM0971	NP_459946.1	SL1344_0908
STM0972	NP_459947.1	SL1344_0909
STM0973	NP_459948.1	SL1344_0910
STM0974	NP_459949.1	SL1344_0911
STM0975	NP_459950.1	SL1344_0912
STM0976	NP_459951.1	SL1344_0913
STM0977	NP_459952.1	SL1344_0914
STM0978	NP_459953.1	SL1344_0915
STM0979	NP_459954.1	SL1344_0916
STM0980	NP_459955.1	SL1344_0917
STM0981	NP_459956.1	SL1344_0918
STM0982	NP_459957.1	SL1344_0919
STM0983	NP_459958.1	SL1344_0920
STM0984	NP_459959.1	SL1344_0921
STM0985	NP_459960.1	SL1344_0922
STM0986	NP_459961.1	SL1344_0923
STM0987	NP_459962.1	SL1344_0924
STM0988	NP_459963.1	SL1344_0925
STM0989	NP_459964.1	SL1344_0926
STM0990	NP_459965.1	SL1344_0927
STM0991	NP_459966.1	SL1344_0928
STM0992	NP_459967.1	SL1344_0929
STM0993	NP_459968.1	SL1344_0930
STM0994	NP_459969.1	SL1344_0931
STM0995	NP_459970.1	SL1344_0932
STM0996	NP_459971.1	SL1344_0933
STM0997	NP_459972.1	SL1344_0934
STM0998	NP_459973.1	SL1344_0935
STM0999	NP_459974.1	SL1344_0936
STM1000	NP_459975.1	SL1344_0937
STM1001	NP_459976.1	SL1344_0938
STM1002	NP_459977.1	SL1344_0939
STM1003	NP_459978.1	SL1344_0940
STM1004	NP_459979.1	SL1344_0941
STM1005	NP_459980.1	SL1344_0942
STM1006	NP_459981.1	SL1344_0943
STM1008	NP_459983.3	SL1344_0945
STM1010	NP_459985.1	SL1344_0947
STM1011	NP_459986.1	SL1344_0949
STM1018	NP_459993.1	SL1344_0956
STM1020	NP_459995.1	SL1344_0958
STM1021	NP_459996.1	SL1344_0959
STM1022	NP_459997.1	SL1344_0961
STM1023	NP_459998.1	SL1344_0962
STM1024	NP_459999.1	SL1344_0963
STM1025	NP_460000.1	SL1344_0964
STM1028	NP_460003.1	SL1344_0966
STM1029	NP_460004.1	SL1344_0967
STM1030	NP_460005.1	SL1344_0968
STM1031	NP_460006.1	SL1344_0969
STM1032	NP_460007.1	SL1344_0971
STM1033	NP_460008.1	SL1344_0972
STM1034	NP_460009.1	SL1344_0973
STM1035	NP_460010.1	SL1344_0974
STM1036	NP_460011.1	SL1344_0975
STM1037	NP_460012.1	SL1344_0976
STM1038	NP_460013.1	SL1344_0977
STM1039	NP_460014.1	SL1344_0978
STM1040	NP_460015.1	SL1344_0979
STM1041	NP_460016.1	SL1344_0980
STM1042	NP_460017.1	SL1344_0981
STM1043	NP_460018.1	SL1344_0982
STM1044	NP_460019.1	SL1344_0983
STM1045	NP_460020.1	SL1344_0984
STM1046	NP_460021.1	SL1344_0985
STM1047	NP_460022.1	SL1344_0986
STM1049	NP_460024.1	SL1344_0988
STM1050	NP_460025.1	SL1344_0989
STM1051	NP_460026.1	SL1344_0991
STM1053	NP_460027.1	SL1344_0993
STM1054	NP_460028.1	SL1344_0994
STM1055	NP_460029.1	SL1344_0995
STM1056	NP_460030.1	SL1344_0996
STM1057	NP_460031.1	SL1344_0997
STM1058	NP_460032.1	SL1344_0998
STM1059	NP_460033.1	SL1344_0999
STM1060	NP_460034.1	SL1344_1000
STM1061	NP_460035.1	SL1344_1001
STM1062	NP_460036.1	SL1344_1002
STM1063	NP_460037.1	SL1344_1003
STM1064	NP_460038.1	SL1344_1004
STM1065	NP_460039.1	SL1344_1005
STM1066	NP_460040.1	SL1344_1006
STM1067	NP_460041.1	SL1344_1007
STM1068	NP_460042.1	SL1344_1008
STM1069	NP_460043.1	SL1344_1009
STM1070	NP_460044.1	SL1344_1010
STM1071	NP_460045.1	SL1344_1011
STM1072	NP_460046.1	SL1344_1012
STM1073	NP_460047.1	SL1344_1013
STM1074	NP_460048.1	SL1344_1014
STM1075	NP_460049.1	SL1344_1015
STM1076	NP_460050.1	SL1344_1016
STM1077	NP_460051.1	SL1344_1017
STM1078	NP_460052.1	SL1344_1018
STM1079	NP_460053.1	SL1344_1019
STM1080	NP_460054.1	SL1344_1020
STM1081	NP_460055.1	SL1344_1021
STM1082	NP_460056.1	SL1344_1022
STM1083	NP_460057.1	SL1344_1023
STM1084	NP_460058.1	SL1344_1024
STM1085	NP_460059.1	SL1344_1025
STM1087	NP_460060.1	SL1344_1026
STM1088	NP_460061.1	SL1344_1027
STM1089	NP_460062.1	SL1344_1028
STM1090	NP_460063.1	SL1344_1029
STM1091	NP_460064.1	SL1344_1030
STM1092	NP_460065.1	SL1344_1031
STM1093	NP_447525.1	SL1344_1032
STM1094	NP_460067.1	SL1344_1033
STM1095	NP_447527.1	SL1344_1034
STM1096	NP_460069.3	SL1344_1035
STM1097	NP_460070.1	SL1344_1036
STM1098	NP_460071.1	SL1344_1037
STM1099	NP_460072.1	SL1344_1038
STM1100	NP_460073.1	SL1344_1039
STM1101	NP_460074.1	SL1344_1040
STM1102	NP_460075.1	SL1344_1041
STM1103	NP_460076.1	SL1344_1042
STM1104	NP_460077.1	SL1344_1043
STM1105	NP_460078.1	SL1344_1044
STM1106	NP_460079.1	SL1344_1045
STM1107	NP_460080.1	SL1344_1046
STM1108	NP_460081.1	SL1344_1047
STM1109	NP_460082.1	SL1344_1048
STM1110	NP_460083.1	SL1344_1049
STM1111	NP_460084.1	SL1344_1050
STM1112	NP_460085.1	SL1344_1051
STM1113	NP_460086.1	SL1344_1052
STM1114	NP_460087.1	SL1344_1053
STM1115	NP_460088.1	SL1344_1054
STM1116	NP_460089.1	SL1344_1055
STM1117	NP_460090.1	SL1344_1056
STM1118	NP_460091.1	SL1344_1057
STM1119	NP_460092.1	SL1344_1058
STM1121	NP_460093.1	SL1344_1059
STM1122	NP_460094.1	SL1344_1060
STM1123	NP_460095.1	SL1344_1061
STM1124	NP_447555.1	SL1344_1062
STM1125	NP_460097.1	SL1344_1063
STM1126	NP_447557.1	SL1344_1064
STM1127	NP_460099.1	SL1344_1065
STM1128	NP_460100.1	SL1344_1066
STM1129	NP_460101.1	SL1344_1067
STM1130	NP_460102.1	SL1344_1068
STM1131	NP_460103.1	SL1344_1069
STM1132	NP_460104.1	SL1344_1070
STM1133	NP_460105.1	SL1344_1071
STM1135	NP_460106.1	SL1344_1072
STM1136	NP_460107.1	SL1344_1073
STM1137	NP_460108.1	SL1344_1074
STM1138	NP_460109.1	SL1344_1075
STM1139	NP_460110.1	SL1344_1076
STM1140	NP_460111.1	SL1344_1077
STM1141	NP_460112.1	SL1344_1078
STM1142	NP_460113.1	SL1344_1079
STM1143	NP_460114.1	SL1344_1080
STM1145	NP_460116.1	SL1344_1082
STM1146	NP_460117.1	SL1344_1083
STM1147	NP_460118.1	SL1344_1084
STM1148	NP_460119.3	SL1344_1085
STM1149	NP_460120.1	SL1344_1086
STM1150	NP_460121.1	SL1344_1087
STM1151	NP_460122.1	SL1344_1088
STM1152	NP_460123.1	SL1344_1089
STM1153	NP_460124.1	SL1344_1090
STM1154	NP_460125.1	SL1344_1091
STM1155	NP_460126.1	SL1344_1092
STM1156	NP_460127.1	SL1344_1093
STM1157	NP_460128.1	SL1344_1094
STM1158	NP_460129.1	SL1344_1095
STM1159	NP_460130.1	SL1344_1096
STM1160	NP_460131.1	SL1344_1097
STM1161	NP_460132.3	SL1344_1098
STM1162	NP_460133.1	SL1344_1099
STM1163	NP_460134.1	SL1344_1100
STM1164	NP_460135.1	SL1344_1101
STM1165	NP_460136.1	SL1344_1102
STM1166	NP_460137.1	SL1344_1103
STM1167	NP_460138.1	SL1344_1104
STM1168	NP_460139.1	SL1344_1105
STM1169	NP_460140.1	SL1344_1106
STM1170	NP_460141.1	SL1344_1107
STM1171	NP_460142.1	SL1344_1108
STM1172	NP_460143.1	SL1344_1109
STM1173	NP_460144.1	SL1344_1110
STM1174	NP_460145.1	SL1344_1111
STM1175	NP_460146.1	SL1344_1112
STM1176	NP_460147.1	SL1344_1113
STM1177	NP_460148.1	SL1344_1114
STM1178	NP_460149.1	SL1344_1115
STM1179	NP_460150.1	SL1344_1116
STM1180	NP_460151.1	SL1344_1117
STM1181	NP_460152.1	SL1344_1118
STM1182	NP_460153.1	SL1344_1119
STM1183	NP_460154.1	SL1344_1120
STM1184	NP_460155.1	SL1344_1121
STM1185	NP_460156.1	SL1344_1122
STM1187	NP_460157.1	SL1344_1123
STM1188	NP_460158.1	SL1344_1124
STM1189	NP_460159.1	SL1344_1126
STM1190	NP_460160.1	SL1344_1127
STM1191	NP_460161.1	SL1344_1128
STM1192	NP_460162.1	SL1344_1129
STM1193	NP_460163.1	SL1344_1130
STM1194	NP_460164.1	SL1344_1131
STM1195	NP_460165.1	SL1344_1132
STM1196	NP_460166.1	SL1344_1133
STM1197	NP_460167.1	SL1344_1134
STM1198	NP_460168.1	SL1344_1135
STM1199	NP_460169.1	SL1344_1136
STM1200	NP_460170.1	SL1344_1137
STM1201	NP_460171.1	SL1344_1138
STM1202	NP_460172.1	SL1344_1139
STM1203	NP_460173.1	SL1344_1140
STM1204	NP_460174.1	SL1344_1141
STM1205	NP_460175.1	SL1344_1142
STM1206	NP_460176.1	SL1344_1143
STM1207	NP_460177.1	SL1344_1144
STM1208	NP_460178.1	SL1344_1145
STM1209	NP_460179.1	SL1344_1146
STM1210	NP_460180.1	SL1344_1147
STM1211	NP_460181.1	SL1344_1148
STM1212	NP_460182.1	SL1344_1149
STM1213	NP_460183.1	SL1344_1150
STM1214	NP_460184.1	SL1344_1151
STM1215	NP_460185.1	SL1344_1152
STM1216	NP_460186.1	SL1344_1153
STM1217	NP_460187.3	SL1344_1154
STM1218	NP_460188.1	SL1344_1155
STM1219	NP_460189.1	SL1344_1156
STM1220	NP_460190.1	SL1344_1157
STM1221	NP_460191.1	SL1344_1158
STM1222	NP_460192.1	SL1344_1159
STM1223	NP_460193.1	SL1344_1160
STM1224	NP_460194.1	SL1344_1161
STM1225	NP_460195.1	SL1344_1162
STM1226	NP_460196.1	SL1344_1163
STM1227	NP_460197.1	SL1344_1164
STM1228	NP_460198.1	SL1344_1165
STM1229	NP_460199.1	SL1344_1167
STM1230	NP_460200.1	SL1344_1168
STM1231	NP_460201.1	SL1344_1169
STM1232	NP_460202.1	SL1344_1170
STM1233	NP_460203.1	SL1344_1171
STM1234	NP_460204.3	SL1344_1172
STM1235	NP_460205.1	SL1344_1173
STM1236	NP_460206.1	SL1344_1174
STM1237	NP_460207.1	SL1344_1175
STM1238	NP_460208.1	SL1344_1176
STM1239	NP_460209.1	SL1344_1177
STM1240	NP_460210.1	SL1344_1179
STM1241	NP_460211.1	SL1344_1180
STM1242	NP_460212.1	SL1344_1181
STM1243	NP_460213.1	SL1344_1182
STM1244	NP_460214.1	SL1344_1183
STM1246	NP_460215.1	SL1344_1184
STM1249	NP_460216.1	SL1344_1185
STM1250	NP_460217.1	SL1344_1186
STM1251	NP_460218.1	SL1344_1187
STM1252	NP_460219.1	SL1344_1188
STM1253	NP_460220.1	SL1344_1189
STM1254	NP_460221.1	SL1344_1190
STM1255	NP_460222.1	SL1344_1191
STM1256	NP_460223.1	SL1344_1192
STM1257	NP_460224.1	SL1344_1193
STM1258	NP_460225.1	SL1344_1194
STM1259	NP_460226.1	SL1344_1195
STM1260	NP_460227.1	SL1344_1196
STM1261	NP_460228.1	SL1344_1197
STM1263	NP_460229.3	SL1344_1198
STM1264	NP_460230.1	SL1344_1199
STM1265	NP_460231.1	SL1344_1200
STM1266	NP_460232.1	SL1344_1201
STM1267	NP_460233.1	SL1344_1202
STM1268	NP_460234.1	SL1344_1203
STM1269	NP_460235.1	SL1344_1204
STM1270	NP_460236.1	SL1344_1205
STM1272	NP_460238.1	SL1344_1207
STM1273	NP_460239.1	SL1344_1208
STM1274	NP_460240.1	SL1344_1210
STM1275	NP_460241.1	SL1344_1211
STM1276	NP_460242.1	SL1344_1212
STM1277	NP_460243.1	SL1344_1213
STM1278	NP_460244.1	SL1344_1214
STM1279	NP_460245.1	SL1344_1215
STM1280	NP_460246.2	SL1344_1216
STM1282	NP_460248.1	SL1344_1217
STM1283	NP_460249.1	SL1344_1218
STM1284	NP_460250.1	SL1344_1219
STM1285	NP_460251.1	SL1344_1220
STM1286	NP_460252.1	SL1344_1221
STM1287	NP_460253.1	SL1344_1222
STM1288	NP_460254.1	SL1344_1223
STM1289	NP_460255.1	SL1344_1224
STM1290	NP_460256.1	SL1344_1225
STM1291	NP_460257.1	SL1344_1226
STM1292	NP_460258.1	SL1344_1227
STM1293	NP_460259.1	SL1344_1228
STM1294	NP_460260.1	SL1344_1229
STM1295	NP_460261.1	SL1344_1230
STM1296	NP_460262.1	SL1344_1231
STM1297	NP_460263.1	SL1344_1232
STM1298	NP_460264.1	SL1344_1233
STM1299	NP_460265.1	SL1344_1234
STM1300	NP_460266.1	SL1344_1235
STM1301	NP_460267.1	SL1344_1236
STM1302	NP_460268.1	SL1344_1237
STM1303	NP_460269.1	SL1344_1238
STM1304	NP_460270.1	SL1344_1239
STM1305	NP_460271.1	SL1344_1240
STM1306	NP_460272.1	SL1344_1241
STM1307	NP_460273.1	SL1344_1242
STM1308	NP_460274.1	SL1344_1243
STM1309	NP_460275.1	SL1344_1244
STM1310	NP_460276.1	SL1344_1245
STM1311	NP_460277.1	SL1344_1246
STM1312	NP_460278.1	SL1344_1247
STM1313	NP_460279.1	SL1344_1248
STM1314	NP_460280.1	SL1344_1249
STM1315	NP_460281.1	SL1344_1250
STM1316	NP_460282.1	SL1344_1251
STM1317	NP_460283.1	SL1344_1252
STM1318	NP_460284.1	SL1344_1253
STM1319	NP_460285.1	SL1344_1254
STM1320	NP_460286.1	SL1344_1255
STM1321	NP_460287.3	SL1344_1256
STM1322	NP_460288.1	SL1344_1257
STM1323	NP_460289.1	SL1344_1258
STM1324	NP_460290.1	SL1344_1259
STM1325	NP_460291.1	SL1344_1260
STM1326	NP_460292.1	SL1344_1261
STM1327	NP_460293.1	SL1344_1262
STM1328	NP_460294.1	SL1344_1263
STM1329	NP_460295.1	SL1344_1264
STM1330	NP_460296.1	SL1344_1265
STM1331	NP_447756.1	SL1344_1330A
STM1332	NP_460298.1	SL1344_1266
STM1333	NP_460299.1	SL1344_1267
STM1334	NP_460300.3	SL1344_1268
STM1335	NP_460301.1	SL1344_1269
STM1336	NP_460302.1	SL1344_1270
STM1337	NP_460303.1	SL1344_1271
STM1338	NP_460304.1	SL1344_1272
STM1339	NP_460305.1	SL1344_1273
STM1340	NP_460306.1	SL1344_1274
STM1341	NP_460307.1	SL1344_1275
STM1342	NP_460308.1	SL1344_1276
STM1343	NP_460309.1	SL1344_1277
STM1344	NP_460310.1	SL1344_1278
STM1345	NP_460311.1	SL1344_1279
STM1346	NP_460312.1	SL1344_1280
STM1347	NP_460313.1	SL1344_1281
STM1348	NP_460314.1	SL1344_1282
STM1349	NP_460315.1	SL1344_1283
STM1350	NP_460316.1	SL1344_1284
STM1351	NP_460317.1	SL1344_1285
STM1352	NP_460318.1	SL1344_1286
STM1353	NP_460319.1	SL1344_1287
STM1354	NP_460320.1	SL1344_1288
STM1355	NP_460321.1	SL1344_1289
STM1356	NP_460322.1	SL1344_1290
STM1357	NP_460323.3	SL1344_1291
STM1358	NP_460324.1	SL1344_1292
STM1359	NP_460325.1	SL1344_1293
STM1361	NP_460327.1	SL1344_1296
STM1362	NP_460328.1	SL1344_1297
STM1364	NP_460329.1	SL1344_1298
STM1365	NP_460330.1	SL1344_1299
STM1366	NP_460331.1	SL1344_1300
STM1367	NP_460332.1	SL1344_1301
STM1368	NP_460333.1	SL1344_1302
STM1369	NP_460334.1	SL1344_1303
STM1370	NP_460335.1	SL1344_1304
STM1371	NP_460336.1	SL1344_1305
STM1372	NP_460337.1	SL1344_1306
STM1373	NP_460338.1	SL1344_1307
STM1374	NP_460339.1	SL1344_1308
STM1375	NP_460340.1	SL1344_1309
STM1376	NP_460341.1	SL1344_1310
STM1377	NP_460342.1	SL1344_1311
STM1378	NP_460343.1	SL1344_1312
STM1379	NP_460344.1	SL1344_1313
STM1380	NP_460345.1	SL1344_1314
STM1381	NP_460346.1	SL1344_1315
STM1382	NP_460347.1	SL1344_1316
STM1383	NP_460348.1	SL1344_1317
STM1384	NP_460349.1	SL1344_1318
STM1385	NP_460350.1	SL1344_1319
STM1386	NP_460351.1	SL1344_1320
STM1387	NP_460352.3	SL1344_1321
STM1388	NP_460353.1	SL1344_1322
STM1389	NP_460354.1	SL1344_1323
STM1390	NP_460355.1	SL1344_1324
STM1391	NP_460356.1	SL1344_1325
STM1392	NP_460357.1	SL1344_1326
STM1393	NP_460358.1	SL1344_1327
STM1394	NP_460359.1	SL1344_1328
STM1395	NP_460360.1	SL1344_1329
STM1396	NP_460361.1	SL1344_1330
STM1397	NP_460362.1	SL1344_1331
STM1398	NP_460363.1	SL1344_1332
STM1399	NP_460364.1	SL1344_1333
STM1400	NP_460365.1	SL1344_1334
STM1401	NP_460366.1	SL1344_1335
STM1402	NP_460367.1	SL1344_1336
STM1403	NP_460368.1	SL1344_1337
STM1404	NP_460369.1	SL1344_1338
STM1405	NP_460370.1	SL1344_1339
STM1406	NP_460371.1	SL1344_1340
STM1407	NP_460372.1	SL1344_1341
STM1408	NP_460373.1	SL1344_1342
STM1409	NP_460374.1	SL1344_1343
STM1410	NP_460375.1	SL1344_1344
STM1411	NP_460376.1	SL1344_1345
STM1412	NP_460377.1	SL1344_1346
STM1413	NP_460378.1	SL1344_1347
STM1414	NP_460379.1	SL1344_1348
STM1415	NP_460380.1	SL1344_1349
STM1416	NP_460381.1	SL1344_1350
STM1417	NP_460382.1	SL1344_1351
STM1418	NP_460383.1	SL1344_1352
STM1419	NP_460384.1	SL1344_1353
STM1420	NP_460385.1	SL1344_1354
STM1421	NP_460386.1	SL1344_1355
STM1422	NP_460387.1	SL1344_1356
STM1425	NP_460388.2	SL1344_1357
STM1426	NP_460389.1	SL1344_1358
STM1427	NP_460390.1	SL1344_1359
STM1428	NP_460391.1	SL1344_1360
STM1429	NP_460392.1	SL1344_1361
STM1430	NP_460393.1	SL1344_1362
STM1431	NP_460394.1	SL1344_1363
STM1432	NP_460395.1	SL1344_1364
STM1433	NP_460396.1	SL1344_1365
STM1434	NP_460397.1	SL1344_1366
STM1435	NP_460398.1	SL1344_1367
STM1436	NP_460399.1	SL1344_1368
STM1437	NP_460400.1	SL1344_1369
STM1438	NP_460401.1	SL1344_1370
STM1439	NP_460402.1	SL1344_1371
STM1440	NP_460403.1	SL1344_1372
STM1441	NP_460404.1	SL1344_1373
STM1442	NP_460405.1	SL1344_1374
STM1443	NP_460406.1	SL1344_1375
STM1444	NP_460407.3	SL1344_1376
STM1445	NP_460408.1	SL1344_1377
STM1446	NP_460409.1	SL1344_1378
STM1447	NP_460410.1	SL1344_1379
STM1448	NP_460411.1	SL1344_1380
STM1449	NP_460412.1	SL1344_1381
STM1450	NP_460413.1	SL1344_1382
STM1451	NP_460414.1	SL1344_1383
STM1452	NP_460415.1	SL1344_1384
STM1453	NP_460416.1	SL1344_1385
STM1454	NP_460417.1	SL1344_1386
STM1455	NP_460418.1	SL1344_1387
STM1456	NP_460419.1	SL1344_1388
STM1457	NP_460420.1	SL1344_1389
STM1458	NP_460421.1	SL1344_1390
STM1459	NP_460422.1	SL1344_1391
STM1460	NP_460423.1	SL1344_1392
STM1461	NP_460424.3	SL1344_1393
STM1462	NP_460425.3	SL1344_1394
STM1463	NP_460426.1	SL1344_1395
STM1466	NP_460427.1	SL1344_1396
STM1467	NP_460428.1	SL1344_1397
STM1468	NP_460429.2	SL1344_1398
STM1469	NP_460430.1	SL1344_1400
STM1470	NP_460431.1	SL1344_1401
STM1471	NP_460432.1	SL1344_1402
STM1472	NP_460433.1	SL1344_1403
STM1473	NP_460434.1	SL1344_1404
STM1475	NP_460435.1	SL1344_1405
STM1476	NP_460436.1	SL1344_1406
STM1477	NP_460437.1	SL1344_1407
STM1478	NP_460438.1	SL1344_1408
STM1479	NP_460439.1	SL1344_1409
STM1480	NP_460440.1	SL1344_1410
STM1481	NP_460441.1	SL1344_1411
STM1482	NP_460442.1	SL1344_1412
STM1483	NP_460443.1	SL1344_1413
STM1484	NP_460444.1	SL1344_1414
STM1485	NP_460445.3	SL1344_1415
STM1486	NP_460446.1	SL1344_1416
STM1487	NP_460447.1	SL1344_1417
STM1488	NP_460448.1	SL1344_1418
STM1489	NP_460449.1	SL1344_1419
STM1490	NP_460450.3	SL1344_1420
STM1491	NP_460451.1	SL1344_1421
STM1492	NP_460452.1	SL1344_1422
STM1493	NP_460453.1	SL1344_1423
STM1494	NP_460454.1	SL1344_1424
STM1495	NP_460455.1	SL1344_1425
STM1496	NP_460456.1	SL1344_1426
STM1497	NP_460457.1	SL1344_1427
STM1498	NP_460458.1	SL1344_1428
STM1499	NP_460459.1	SL1344_1429
STM1500	NP_460460.1	SL1344_1430
STM1501	NP_460461.3	SL1344_1431
STM1502	NP_460462.1	SL1344_1432
STM1503	NP_460463.1	SL1344_1433
STM1504	NP_460464.1	SL1344_1434
STM1505	NP_460465.1	SL1344_1435
STM1506	NP_460466.1	SL1344_1436
STM1508	NP_460468.1	SL1344_1438
STM1509	NP_460469.1	SL1344_1439
STM1510	NP_460470.1	SL1344_1440
STM1511	NP_460471.1	SL1344_1441
STM1512	NP_460472.1	SL1344_1442
STM1513	NP_460473.1	SL1344_1443
STM1514	NP_460474.1	SL1344_1444
STM1515	NP_460475.1	SL1344_1445
STM1516	NP_460476.1	SL1344_1446
STM1517	NP_460477.1	SL1344_1447
STM1518	NP_460478.1	SL1344_1448
STM1519	NP_460479.4	SL1344_1449
STM1520	NP_460480.1	SL1344_1450
STM1521	NP_460481.1	SL1344_1451
STM1522	NP_460482.1	SL1344_1452
STM1523	NP_460483.1	SL1344_1453
STM1524	NP_460484.1	SL1344_1454
STM1525	NP_460485.1	SL1344_1455
STM1526	NP_460486.1	SL1344_1456
STM1527	NP_460487.1	SL1344_1457
STM1528	NP_460488.1	SL1344_1458
STM1530	NP_460490.1	SL1344_1459
STM1531	NP_460491.1	SL1344_1460
STM1532	NP_460492.1	SL1344_1461
STM1533	NP_460493.1	SL1344_1462
STM1534	NP_460494.1	SL1344_1463
STM1535	NP_460495.1	SL1344_1464
STM1536	NP_460496.1	SL1344_1465
STM1537	NP_460497.1	SL1344_1466
STM1538	NP_460498.1	SL1344_1467
STM1539	NP_460499.1	SL1344_1468
STM1540	NP_460500.1	SL1344_1469
STM1541	NP_460501.1	SL1344_1470
STM1542	NP_460502.1	SL1344_1471
STM1543	NP_460503.1	SL1344_1472
STM1544	NP_460504.1	SL1344_1473
STM1545	NP_460505.1	SL1344_1474
STM1546	NP_460506.1	SL1344_1475
STM1547	NP_460507.1	SL1344_1476
STM1548	NP_460508.3	SL1344_1477
STM1549	NP_460509.1	SL1344_1478
STM1550	NP_460510.1	SL1344_1479
STM1551	NP_460511.1	SL1344_1480
STM1552	NP_460512.1	SL1344_1482
STM1554	NP_460513.1	SL1344_1484
STM1555	NP_460514.1	SL1344_1485
STM1556	NP_460515.1	SL1344_1486
STM1557	NP_460516.1	SL1344_1487
STM1558	NP_460517.1	SL1344_1488
STM1559	NP_460518.1	SL1344_1489
STM1560	NP_460519.1	SL1344_1490
STM1561	NP_460520.1	SL1344_1491
STM1562	NP_460521.1	SL1344_1492
STM1563	NP_460522.1	SL1344_1493
STM1564	NP_460523.1	SL1344_1494
STM1565	NP_460524.1	SL1344_1495
STM1566	NP_460525.1	SL1344_1496
STM1567	NP_460526.1	SL1344_1497
STM1568	NP_460527.1	SL1344_1498
STM1569	NP_460528.1	SL1344_1499
STM1570	NP_460529.1	SL1344_1500
STM1571	NP_460530.3	SL1344_1502
STM1572	NP_460531.1	SL1344_1503
STM1573	NP_460532.3	SL1344_1504
STM1574	NP_460533.1	SL1344_1505
STM1575	NP_460534.1	SL1344_1506
STM1576	NP_460535.1	SL1344_1507
STM1577	NP_460536.1	SL1344_1508
STM1578	NP_460537.1	SL1344_1509
STM1579	NP_460538.1	SL1344_1510
STM1580	NP_460539.1	SL1344_1511
STM1581	NP_460540.1	SL1344_1512
STM1582	NP_460541.1	SL1344_1513
STM1583	NP_460542.1	SL1344_1514
STM1584	NP_460543.1	SL1344_1515
STM1585	NP_460544.1	SL1344_1516
STM1586	NP_460545.1	SL1344_1517
STM1587	NP_460546.1	SL1344_1518
STM1588	NP_460547.1	SL1344_1519
STM1589	NP_460548.1	SL1344_1520
STM1590	NP_460549.1	SL1344_1521
STM1591	NP_460550.1	SL1344_1522
STM1592	NP_460551.1	SL1344_1523
STM1593	NP_460552.1	SL1344_1524
STM1594	NP_460553.1	SL1344_1525
STM1595	NP_460554.1	SL1344_1526
STM1597	NP_460556.3	SL1344_1528
STM1598	NP_460557.1	SL1344_1529
STM1599	NP_460558.1	SL1344_1530
STM1600	NP_448018.1	SL1344_1530A
STM1601	NP_460560.1	SL1344_1531
STM1602	NP_460561.1	SL1344_1532
STM1603	NP_460562.1	SL1344_1533
STM1604	NP_460563.1	SL1344_1534
STM1605	NP_460564.1	SL1344_1535
STM1606	NP_460565.1	SL1344_1536
STM1607	NP_460566.1	SL1344_1537
STM1608	NP_460567.1	SL1344_1538
STM1609	NP_460568.1	SL1344_1539
STM1610	NP_460569.1	SL1344_1540
STM1611	NP_460570.1	SL1344_1541
STM1612	NP_460571.1	SL1344_1542
STM1613	NP_460572.1	SL1344_1543
STM1614	NP_460573.1	SL1344_1544
STM1615	NP_460574.1	SL1344_1545
STM1616	NP_460575.1	SL1344_1546
STM1617	NP_460576.1	SL1344_1547
STM1618	NP_460577.1	SL1344_1548
STM1619	NP_460578.1	SL1344_1549
STM1620	NP_460579.1	SL1344_1550
STM1621	NP_460580.1	SL1344_1551
STM1622	NP_460581.1	SL1344_1552
STM1623	NP_460582.1	SL1344_1553
STM1624	NP_460583.1	SL1344_1554
STM1625	NP_460584.1	SL1344_1555
STM1626	NP_460585.2	SL1344_1556
STM1627	NP_460586.1	SL1344_1557
STM1628	NP_460587.1	SL1344_1558
STM1629	NP_448047.1	SL1344_1559
STM1630	NP_460589.1	SL1344_1560
STM1631	NP_460590.1	SL1344_1561
STM1632	NP_460591.1	SL1344_1562
STM1633	NP_460592.1	SL1344_1563
STM1634	NP_460593.1	SL1344_1564
STM1635	NP_460594.1	SL1344_1565
STM1636	NP_460595.1	SL1344_1566
STM1637	NP_460596.1	SL1344_1567
STM1639	NP_460598.1	SL1344_1569
STM1640	NP_460599.1	SL1344_1570
STM1641	NP_460600.3	SL1344_1571
STM1642	NP_460601.1	SL1344_1572
STM1643	NP_460602.1	SL1344_1573
STM1644	NP_460603.1	SL1344_1574
STM1645	NP_460604.1	SL1344_1575
STM1646	NP_460605.1	SL1344_1576
STM1647	NP_460606.1	SL1344_1577
STM1648	NP_460607.1	SL1344_1578
STM1650	NP_460609.1	SL1344_1580
STM1651	NP_460610.1	SL1344_1581
STM1652	NP_460611.1	SL1344_1582
STM1653	NP_460612.1	SL1344_1583
STM1654	NP_460613.1	SL1344_1585
STM1655	NP_460614.1	SL1344_1586
STM1656	NP_460615.1	SL1344_1587
STM1657	NP_460616.1	SL1344_1588
STM1658	NP_460617.1	SL1344_1589
STM1659	NP_460618.1	SL1344_1590
STM1660	NP_460619.3	SL1344_1591
STM1661	NP_460620.1	SL1344_1592
STM1662	NP_460621.1	SL1344_1593
STM1663	NP_460622.1	SL1344_1594
STM1664	NP_460623.1	SL1344_1595
STM1665	NP_460624.1	SL1344_1596
STM1667	NP_460625.1	SL1344_1597
STM1668	NP_460626.1	SL1344_1598
STM1669	NP_460627.1	SL1344_1599
STM1670	NP_460628.1	SL1344_1600
STM1672	NP_448089.1	SL1344_1602
STM1673	NP_460631.3	SL1344_1603
STM1674	NP_460632.1	SL1344_1604
STM1675	NP_460633.1	SL1344_1605
STM1676	NP_460634.1	SL1344_1606
STM1677	NP_460635.1	SL1344_1607
STM1678	NP_460636.1	SL1344_1608
STM1679	NP_460637.1	SL1344_1609
STM1680	NP_460638.1	SL1344_1610
STM1681	NP_460639.1	SL1344_1611
STM1682	NP_460640.1	SL1344_1612
STM1683	NP_460641.1	SL1344_1613
STM1684	NP_460642.1	SL1344_1614
STM1685	NP_460643.3	SL1344_1615
STM1686	NP_460644.1	SL1344_1616
STM1687	NP_460645.1	SL1344_1617
STM1688	NP_460646.1	SL1344_1618
STM1689	NP_460647.1	SL1344_1619
STM1690	NP_460648.1	SL1344_1620
STM1691	NP_460649.1	SL1344_1621
STM1692	NP_460650.1	SL1344_1622
STM1693	NP_460651.1	SL1344_1623
STM1694	NP_460652.1	SL1344_1624
STM1695	NP_460653.1	SL1344_1625
STM1696	NP_460654.1	SL1344_1626
STM1697	NP_460655.1	SL1344_1627
STM1698	NP_460656.1	SL1344_1628
STM1698A	NP_460657.1	SL1344_1629
STM1699	NP_460658.1	SL1344_1630
STM1700	NP_460659.1	SL1344_1631
STM1702	NP_460661.1	SL1344_1633
STM1703	NP_460662.1	SL1344_1634
STM1704	NP_460663.1	SL1344_1636
STM1705	NP_460664.1	SL1344_1637
STM1706	NP_460665.1	SL1344_1638
STM1707	NP_460666.1	SL1344_1639
STM1708	NP_460667.1	SL1344_1640
STM1709	NP_460668.1	SL1344_1641
STM1710	NP_460669.1	SL1344_1642
STM1711	NP_460670.1	SL1344_1643
STM1712	NP_460671.1	SL1344_1644
STM1713	NP_460672.1	SL1344_1645
STM1714	NP_460673.1	SL1344_1646
STM1715	NP_460674.1	SL1344_1647
STM1716	NP_460675.1	SL1344_1648
STM1717	NP_460676.1	SL1344_1649
STM1718	NP_460677.1	SL1344_1650
STM1719	NP_460678.1	SL1344_1651
STM1720	NP_460679.1	SL1344_1652
STM1721	NP_460680.1	SL1344_1653
STM1723	NP_460682.1	SL1344_1654
STM1724	NP_460683.1	SL1344_1655
STM1725	NP_460684.1	SL1344_1656
STM1726	NP_460685.1	SL1344_1657
STM1727	NP_460686.1	SL1344_1658
STM1729	NP_460688.1	SL1344_1660
STM1730	NP_460689.1	SL1344_1661
STM1731	NP_460690.1	SL1344_1662
STM1732	NP_460691.1	SL1344_1663
STM1733	NP_460692.1	SL1344_1664
STM1734	NP_460693.1	SL1344_1665
STM1735	NP_460694.1	SL1344_1666
STM1736	NP_460695.1	SL1344_1667
STM1737	NP_460696.1	SL1344_1668
STM1738	NP_460697.1	SL1344_1669
STM1739	NP_460698.1	SL1344_1670
STM1740	NP_448158.1	SL1344_1671
STM1741	NP_460700.1	SL1344_1672
STM1742	NP_460701.1	SL1344_1673
STM1743	NP_460702.1	SL1344_1674
STM1744	NP_460703.1	SL1344_1675
STM1745	NP_460704.1	SL1344_1676
STM1746	NP_460705.3	SL1344_1677
STM1748	NP_460707.1	SL1344_1679
STM1749	NP_460708.1	SL1344_1680
STM1750	NP_460709.1	SL1344_1681
STM1751	NP_460710.1	SL1344_1682
STM1752	NP_460711.1	SL1344_1683
STM1753	NP_460712.1	SL1344_1684
STM1754	NP_460713.1	SL1344_1685
STM1755	NP_460714.1	SL1344_1686
STM1756	NP_460715.1	SL1344_1687
STM1760	NP_460716.1	SL1344_1688
STM1761	NP_460717.1	SL1344_1689
STM1762	NP_460718.1	SL1344_1690
STM1763	NP_460719.1	SL1344_1691
STM1764	NP_460720.1	SL1344_1692
STM1765	NP_460721.1	SL1344_1693
STM1766	NP_460722.1	SL1344_1694
STM1767	NP_460723.1	SL1344_1695
STM1768	NP_460724.3	SL1344_1696
STM1769	NP_460725.1	SL1344_1697
STM1770	NP_460726.1	SL1344_1698
STM1771	NP_460727.1	SL1344_1699
STM1772	NP_460728.1	SL1344_1700
STM1773	NP_460729.1	SL1344_1701
STM1774	NP_460730.1	SL1344_1702
STM1775	NP_460731.1	SL1344_1703
STM1776	NP_460732.1	SL1344_1704
STM1777	NP_460733.1	SL1344_1705
STM1778	NP_460734.1	SL1344_1706
STM1779	NP_460735.1	SL1344_1707
STM1780	NP_460736.1	SL1344_1708
STM1781	NP_460737.3	SL1344_1709
STM1782	NP_460738.1	SL1344_1710
STM1783	NP_460739.3	SL1344_1711
STM1784	NP_460740.1	SL1344_1712
STM1785	NP_460741.1	SL1344_1713
STM1786	NP_460742.1	SL1344_1714
STM1787	NP_460743.1	SL1344_1715
STM1788	NP_460744.1	SL1344_1716
STM1789	NP_460745.1	SL1344_1717
STM1790	NP_460746.1	SL1344_1718
STM1791	NP_460747.1	SL1344_1719
STM1792	NP_460748.1	SL1344_1720
STM1793	NP_460749.1	SL1344_1721
STM1794	NP_460750.1	SL1344_1722
STM1795	NP_460751.1	SL1344_1723
STM1796	NP_460752.1	SL1344_1724
STM1797	NP_460753.1	SL1344_1725
STM1798	NP_460754.1	SL1344_1726
STM1799	NP_460755.1	SL1344_1727
STM1800	NP_460756.1	SL1344_1728
STM1802	NP_460758.1	SL1344_1730
STM1803	NP_460759.1	SL1344_1731
STM1804	NP_460760.3	SL1344_1732
STM1805	NP_460761.1	SL1344_1733
STM1806	NP_460762.1	SL1344_1734
STM1807	NP_460763.1	SL1344_1735
STM1808	NP_460764.1	SL1344_1736
STM1809	NP_460765.1	SL1344_1737
STM1810	NP_460766.1	SL1344_1738
STM1811	NP_460767.3	SL1344_1739
STM1812	NP_460768.1	SL1344_1740
STM1813	NP_460769.1	SL1344_1741
STM1814	NP_460770.1	SL1344_1742
STM1815	NP_460771.1	SL1344_1743
STM1816	NP_460772.1	SL1344_1744
STM1817	NP_460773.1	SL1344_1745
STM1818	NP_460774.1	SL1344_1747
STM1819	NP_460775.1	SL1344_1748
STM1820	NP_460776.1	SL1344_1749
STM1821	NP_460777.1	SL1344_1750
STM1822	NP_460778.1	SL1344_1751
STM1823	NP_460779.1	SL1344_1752
STM1824	NP_460780.1	SL1344_1753
STM1825	NP_460781.1	SL1344_1754
STM1826	NP_460782.1	SL1344_1755
STM1827	NP_460783.3	SL1344_1756
STM1828	NP_460784.2	SL1344_1757
STM1830	NP_460786.1	SL1344_1759
STM1831	NP_460787.1	SL1344_1760
STM1832	NP_460788.1	SL1344_1761
STM1833	NP_460789.1	SL1344_1762
STM1834	NP_460790.1	SL1344_1763
STM1835	NP_460791.1	SL1344_1764
STM1836	NP_460792.1	SL1344_1765
STM1837	NP_460793.1	SL1344_1766
STM1838	NP_460794.1	SL1344_1767
STM1839	NP_460795.1	SL1344_1768
STM1840	NP_460796.1	SL1344_1769
STM1841	NP_460797.1	SL1344_1770
STM1842	NP_460798.1	SL1344_1771
STM1843	NP_460799.1	SL1344_1772
STM1844	NP_460800.1	SL1344_1773
STM1845	NP_460801.1	SL1344_1774
STM1846	NP_460802.1	SL1344_1775
STM1847	NP_460803.1	SL1344_1776
STM1848	NP_460804.1	SL1344_1777
STM1849	NP_460805.1	SL1344_1778
STM1850	NP_460806.1	SL1344_1779
STM1851	NP_460807.1	SL1344_1780
STM1852	NP_460808.1	SL1344_1781
STM1853	NP_460809.1	SL1344_1782
STM1854	NP_460810.1	SL1344_1783
STM1855	NP_460811.1	SL1344_1784
STM1856	NP_460812.1	SL1344_1785
STM1857	NP_460813.1	SL1344_1787
STM1862	NP_460818.1	SL1344_1793
STM1863	NP_460819.1	SL1344_1794
STM1864	NP_460820.1	SL1344_1795
STM1867	NP_460822.1	SL1344_1799
STM1868A	NP_460824.1	SL1344_1802
STM1869	NP_460825.1	SL1344_1803
STM1873	NP_460830.1	SL1344_1807
STM1874	NP_460831.1	SL1344_1808
STM1875	NP_460832.1	SL1344_1809
STM1876	NP_460833.1	SL1344_1810
STM1877	NP_460834.1	SL1344_1811
STM1878	NP_460835.1	SL1344_1812
STM1879	NP_460836.1	SL1344_1813
STM1880	NP_460837.1	SL1344_1814
STM1881	NP_460838.1	SL1344_1815
STM1882	NP_460839.1	SL1344_1816
STM1883	NP_460840.1	SL1344_1817
STM1884	NP_460841.1	SL1344_1818
STM1885	NP_460842.1	SL1344_1819
STM1886	NP_460843.1	SL1344_1820
STM1887	NP_460844.1	SL1344_1821
STM1888	NP_460845.1	SL1344_1822
STM1889	NP_460846.1	SL1344_1823
STM1890	NP_460847.1	SL1344_1824
STM1891	NP_460848.3	SL1344_1825
STM1892	NP_460849.3	SL1344_1826
STM1893	NP_460850.1	SL1344_1827
STM1894	NP_460851.1	SL1344_1828
STM1895	NP_460852.1	SL1344_1829
STM1897	NP_460854.1	SL1344_1832
STM1898	NP_460855.1	SL1344_1833
STM1899	NP_460856.1	SL1344_1834
STM1900	NP_460857.1	SL1344_1835
STM1901	NP_460858.1	SL1344_1836
STM1902	NP_460859.1	SL1344_1837
STM1903	NP_460860.1	SL1344_1838
STM1904	NP_460861.1	SL1344_1839
STM1905	NP_460862.1	SL1344_1840
STM1906	NP_460863.1	SL1344_1841
STM1907	NP_460864.1	SL1344_1842
STM1908	NP_460865.1	SL1344_1843
STM1909	NP_460866.1	SL1344_1844
STM1910	NP_460867.1	SL1344_1845
STM1911	NP_460868.1	SL1344_1846
STM1912	NP_460869.1	SL1344_1847
STM1913	NP_460870.1	SL1344_1848
STM1914	NP_460871.1	SL1344_1849
STM1915	NP_460872.1	SL1344_1850
STM1916	NP_460873.1	SL1344_1851
STM1917	NP_460874.1	SL1344_1852
STM1918	NP_460875.1	SL1344_1853
STM1919	NP_460876.1	SL1344_1854
STM1920	NP_460877.1	SL1344_1855
STM1921	NP_460878.1	SL1344_1856
STM1922	NP_460879.1	SL1344_1857
STM1923	NP_460880.1	SL1344_1858
STM1924	NP_460881.3	SL1344_1859
STM1925	NP_460882.1	SL1344_1860
STM1927	NP_460884.1	SL1344_1861
STM1928	NP_460885.1	SL1344_1862
STM1929	NP_460886.1	SL1344_1863
STM1931	NP_460887.1	SL1344_1864
STM1932	NP_460888.1	SL1344_1865
STM1933	NP_460889.1	SL1344_1866
STM1934	NP_460890.1	SL1344_1867
STM1935	NP_460891.1	SL1344_1868
STM1936	NP_460892.1	SL1344_1869
STM1937	NP_460893.1	SL1344_1870
STM1938	NP_460894.1	SL1344_1871
STM1939	NP_460895.1	SL1344_1872
STM1940	NP_460896.1	SL1344_1873
STM1941	NP_460897.1	SL1344_1874
STM1945	NP_460898.1	SL1344_1875
STM1946	NP_460899.1	SL1344_1876
STM1947	NP_460900.1	SL1344_1877
STM1949	NP_460902.1	SL1344_1878
STM1950	NP_460903.1	SL1344_1879
STM1951	NP_460904.1	SL1344_1880
STM1952	NP_460905.1	SL1344_1881
STM1953	NP_460906.1	SL1344_1882
STM1954	NP_460907.1	SL1344_1883
STM1955	NP_460908.1	SL1344_1884
STM1956	NP_460909.1	SL1344_1885
STM1958	NP_460911.1	SL1344_1887
STM1959	NP_460912.1	SL1344_1888
STM1960	NP_460913.1	SL1344_1889
STM1961	NP_460914.1	SL1344_1890
STM1962	NP_460915.1	SL1344_1891
STM1963	NP_460916.1	SL1344_1892
STM1964	NP_460917.1	SL1344_1893
STM1965	NP_460918.3	SL1344_1894
STM1966	NP_460919.1	SL1344_1895
STM1967	NP_448379.1	SL1344_1896
STM1968	NP_460921.1	SL1344_1897
STM1969	NP_460922.1	SL1344_1898
STM1970	NP_460923.1	SL1344_1899
STM1971	NP_460924.1	SL1344_1900
STM1972	NP_460925.1	SL1344_1901
STM1973	NP_460926.1	SL1344_1902
STM1974	NP_460927.1	SL1344_1903
STM1975	NP_460928.1	SL1344_1904
STM1976	NP_460929.1	SL1344_1905
STM1977	NP_460930.1	SL1344_1906
STM1978	NP_460931.3	SL1344_1907
STM1979	NP_460932.1	SL1344_1908
STM1980	NP_460933.1	SL1344_1909
STM1981	NP_460934.1	SL1344_1910
STM1982	NP_460935.1	SL1344_1911
STM1984	NP_460936.1	SL1344_1913
STM1986	NP_460937.1	SL1344_1914
STM1987	NP_460938.1	SL1344_1915
STM1988	NP_460939.3	SL1344_1916
STM1989	NP_460940.1	SL1344_1917
STM1990	NP_460941.1	SL1344_1918
STM1991	NP_460942.1	SL1344_1919
STM1992	NP_460943.1	SL1344_1920
STM1993	NP_460944.1	SL1344_1921
STM1994	NP_460945.1	SL1344_1922
STM1995	NP_460946.1	SL1344_1923
STM1996	NP_460947.1	SL1344_1924
STM1997	NP_460948.1	SL1344_1925
STM1998	NP_460949.1	SL1344_1926
STM2001	NP_460951.1	SL1344_1977
STM2005	NP_460952.1	SL1344_1979
STM2007	NP_460954.1	SL1344_1982
STM2008	NP_460955.1	SL1344_1983
STM2009	NP_460956.1	SL1344_1986
STM2011	NP_460958.1	SL1344_1987
STM2013	NP_460959.1	SL1344_1990
STM2015	NP_460960.1	SL1344_1991
STM2016	NP_460961.1	SL1344_1992
STM2017	NP_460962.1	SL1344_1993
STM2018	NP_460963.1	SL1344_1994
STM2019	NP_460964.1	SL1344_1995
STM2020	NP_460965.1	SL1344_1996
STM2021	NP_460966.1	SL1344_1997
STM2022	NP_460967.1	SL1344_1998
STM2023	NP_460968.3	SL1344_1999
STM2024	NP_460969.1	SL1344_2000
STM2025	NP_460970.1	SL1344_2001
STM2026	NP_460971.1	SL1344_2002
STM2027	NP_460972.1	SL1344_2003
STM2028	NP_460973.1	SL1344_2004
STM2029	NP_460974.1	SL1344_2005
STM2030	NP_460975.1	SL1344_2006
STM2031	NP_460976.1	SL1344_2007
STM2032	NP_460977.1	SL1344_2008
STM2033	NP_460978.1	SL1344_2009
STM2034	NP_460979.1	SL1344_2010
STM2035	NP_460980.1	SL1344_2011
STM2036	NP_460981.1	SL1344_2012
STM2037	NP_460982.1	SL1344_2013
STM2038	NP_460983.1	SL1344_2014
STM2039	NP_460984.3	SL1344_2015
STM2040	NP_460985.1	SL1344_2016
STM2041	NP_460986.1	SL1344_2017
STM2042	NP_460987.1	SL1344_2018
STM2043	NP_460988.1	SL1344_2019
STM2044	NP_460989.1	SL1344_2020
STM2045	NP_460990.1	SL1344_2021
STM2046	NP_460991.3	SL1344_2022
STM2047	NP_460992.1	SL1344_2023
STM2048	NP_460993.1	SL1344_2024
STM2049	NP_460994.1	SL1344_2025
STM2050	NP_460995.1	SL1344_2026
STM2051	NP_460996.1	SL1344_2027
STM2052	NP_460997.1	SL1344_2028
STM2053	NP_460998.1	SL1344_2029
STM2054	NP_460999.1	SL1344_2030
STM2055	NP_461000.1	SL1344_2031
STM2056	NP_461001.1	SL1344_2032
STM2057	NP_461002.1	SL1344_2033
STM2058	NP_461003.1	SL1344_2034
STM2059	NP_461004.1	SL1344_2035
STM2060	NP_461005.1	SL1344_2036
STM2061	NP_461006.1	SL1344_2037
STM2062	NP_461007.1	SL1344_2038
STM2063	NP_461008.1	SL1344_2039
STM2064	NP_461009.1	SL1344_2040
STM2065	NP_461010.1	SL1344_2041
STM2066	NP_461011.1	SL1344_2043
STM2067	NP_461012.1	SL1344_2044
STM2068	NP_461013.1	SL1344_2045
STM2069	NP_461014.1	SL1344_2046
STM2070	NP_461015.1	SL1344_2047
STM2071	NP_461016.1	SL1344_2048
STM2072	NP_461017.1	SL1344_2049
STM2073	NP_461018.1	SL1344_2050
STM2074	NP_461019.1	SL1344_2051
STM2075	NP_461020.3	SL1344_2052
STM2076	NP_461021.1	SL1344_2053
STM2077	NP_461022.1	SL1344_2054
STM2078	NP_461023.1	SL1344_2055
STM2079	NP_461024.1	SL1344_2056
STM2080	NP_461025.1	SL1344_2057
STM2081	NP_461026.1	SL1344_2058
STM2082	NP_461027.1	SL1344_2059
STM2083	NP_461028.1	SL1344_2060
STM2084	NP_461029.1	SL1344_2061
STM2085	NP_461030.1	SL1344_2062
STM2086	NP_461031.1	SL1344_2063
STM2087	NP_461032.1	SL1344_2064
STM2088	NP_461033.1	SL1344_2065
STM2089	NP_461034.1	SL1344_2066
STM2090	NP_461035.1	SL1344_2067
STM2091	NP_461036.1	SL1344_2068
STM2092	NP_461037.1	SL1344_2069
STM2093	NP_461038.1	SL1344_2070
STM2094	NP_461039.1	SL1344_2071
STM2095	NP_461040.1	SL1344_2072
STM2096	NP_461041.1	SL1344_2073
STM2097	NP_461042.1	SL1344_2074
STM2098	NP_461043.1	SL1344_2075
STM2099	NP_461044.1	SL1344_2076
STM2100	NP_461045.1	SL1344_2077
STM2101	NP_461046.1	SL1344_2078
STM2102	NP_461047.1	SL1344_2079
STM2103	NP_461048.1	SL1344_2080
STM2104	NP_461049.1	SL1344_2081
STM2105	NP_461050.3	SL1344_2082
STM2106	NP_461051.1	SL1344_2083
STM2108	NP_461053.1	SL1344_2085
STM2109	NP_461054.1	SL1344_2086
STM2110	NP_461055.1	SL1344_2087
STM2111	NP_461056.1	SL1344_2088
STM2112	NP_461057.1	SL1344_2089
STM2113	NP_461058.1	SL1344_2090
STM2114	NP_461059.1	SL1344_2091
STM2115	NP_461060.1	SL1344_2092
STM2116	NP_461061.1	SL1344_2093
STM2117	NP_461062.1	SL1344_2094
STM2118	NP_461063.1	SL1344_2095
STM2119	NP_461064.1	SL1344_2096
STM2120	NP_461065.1	SL1344_2097
STM2121	NP_461066.1	SL1344_2098
STM2122	NP_461067.1	SL1344_2099
STM2123	NP_461068.1	SL1344_2100
STM2124	NP_461069.1	SL1344_2101
STM2125	NP_461070.1	SL1344_2102
STM2126	NP_461071.1	SL1344_2103
STM2127	NP_461072.1	SL1344_2104
STM2128	NP_461073.1	SL1344_2105
STM2129	NP_461074.1	SL1344_2106
STM2130	NP_461075.1	SL1344_2107
STM2131	NP_461076.1	SL1344_2108
STM2133	NP_461077.1	SL1344_2109
STM2134	NP_461078.1	SL1344_2110
STM2135	NP_461079.1	SL1344_2111
STM2136	NP_461080.1	SL1344_2112
STM2137	NP_461081.1	SL1344_2113
STM2138	NP_461082.1	SL1344_2114
STM2139	NP_461083.1	SL1344_2115
STM2140	NP_461084.1	SL1344_2117
STM2141	NP_461085.1	SL1344_2118
STM2142	NP_461086.1	SL1344_2119
STM2143	NP_461087.1	SL1344_2120
STM2144	NP_461088.1	SL1344_2121
STM2145	NP_461089.1	SL1344_2122
STM2146	NP_461090.1	SL1344_2123
STM2147	NP_461091.1	SL1344_2124
STM2148	NP_461092.1	SL1344_2125
STM2149	NP_461093.1	SL1344_2126
STM2150	NP_461094.1	SL1344_2127
STM2151	NP_461095.1	SL1344_2128
STM2152	NP_461096.1	SL1344_2129
STM2153	NP_461097.1	SL1344_2130
STM2154	NP_461098.1	SL1344_2131
STM2155	NP_461099.1	SL1344_2132
STM2156	NP_461100.1	SL1344_2133
STM2156A	NP_461101.1	SL1344_2134
STM2157	NP_461102.1	SL1344_2135
STM2158	NP_461103.1	SL1344_2136
STM2159	NP_461104.1	SL1344_2137
STM2160	NP_461105.1	SL1344_2138
STM2161	NP_461106.1	SL1344_2139
STM2162	NP_461107.1	SL1344_2140
STM2163	NP_461108.1	SL1344_2141
STM2164	NP_461109.1	SL1344_2142
STM2165	NP_461110.1	SL1344_2143
STM2166	NP_461111.1	SL1344_2144
STM2167	NP_461112.1	SL1344_2145
STM2168	NP_461113.1	SL1344_2146
STM2169	NP_461114.1	SL1344_2147
STM2170	NP_461115.1	SL1344_2148
STM2171	NP_461116.1	SL1344_2149
STM2172	NP_461117.1	SL1344_2150
STM2174	NP_461119.1	SL1344_2151
STM2175	NP_461120.1	SL1344_2152
STM2176	NP_461121.1	SL1344_2153
STM2177	NP_461122.1	SL1344_2154
STM2178	NP_461123.1	SL1344_2155
STM2179	NP_461124.1	SL1344_2156
STM2180	NP_461125.1	SL1344_2157
STM2181	NP_461126.1	SL1344_2158
STM2182	NP_461127.1	SL1344_2159
STM2183	NP_461128.1	SL1344_2160
STM2184	NP_461129.1	SL1344_2161
STM2185	NP_461130.1	SL1344_2162
STM2186	NP_461131.1	SL1344_2163
STM2187	NP_461132.1	SL1344_2164
STM2188	NP_461133.1	SL1344_2165
STM2189	NP_461134.1	SL1344_2166
STM2190	NP_461135.1	SL1344_2167
STM2191	NP_461136.1	SL1344_2168
STM2192	NP_461137.1	SL1344_2169
STM2193	NP_461138.1	SL1344_2170
STM2194	NP_461139.2	SL1344_2171
STM2195	NP_461140.1	SL1344_2172
STM2196	NP_461141.1	SL1344_2173
STM2197	NP_461142.1	SL1344_2174
STM2198	NP_461143.1	SL1344_2175
STM2199	NP_461144.1	SL1344_2176
STM2200	NP_461145.1	SL1344_2177
STM2201	NP_461146.1	SL1344_2178
STM2202	NP_461147.1	SL1344_2179
STM2203	NP_461148.1	SL1344_2180
STM2204	NP_461149.1	SL1344_2181
STM2205	NP_461150.1	SL1344_2182
STM2206	NP_461151.1	SL1344_2183
STM2207	NP_461152.1	SL1344_2184
STM2208	NP_461153.1	SL1344_2185
STM2209	NP_461154.1	SL1344_2186
STM2211	NP_461155.3	SL1344_2188
STM2212	NP_461156.1	SL1344_2189
STM2213	NP_461157.1	SL1344_2190
STM2214	NP_461158.1	SL1344_2191
STM2215	NP_461159.1	SL1344_2192
STM2216	NP_461160.1	SL1344_2193
STM2217	NP_461161.1	SL1344_2194
STM2218	NP_461162.1	SL1344_2195
STM2219	NP_461163.1	SL1344_2196
STM2220	NP_461164.1	SL1344_2197
STM2221	NP_461165.1	SL1344_2198
STM2222	NP_461166.1	SL1344_2199
STM2223	NP_461167.1	SL1344_2200
STM2224	NP_461168.1	SL1344_2201
STM2225	NP_461169.1	SL1344_2202
STM2226	NP_461170.1	SL1344_2203
STM2227	NP_461171.1	SL1344_2204
STM2228	NP_461172.1	SL1344_2205
STM2230	NP_461173.3	SL1344_2206
STM2231	NP_461174.1	SL1344_2207
STM2232	NP_461175.1	SL1344_2208
STM2233	NP_461176.1	SL1344_2209
STM2234	NP_461177.1	SL1344_2210
STM2235	NP_461178.1	SL1344_2211
STM2237	NP_461180.1	SL1344_2213
STM2238	NP_461181.1	SL1344_2214
STM2239	NP_461182.1	SL1344_2215
STM2240	NP_461183.1	SL1344_2216
STM2241	NP_461184.1	SL1344_2217
STM2244	NP_461187.1	SL1344_2220
STM2245	NP_461188.1	SL1344_2221
STM2246	NP_461189.1	SL1344_2222
STM2247	NP_461190.1	SL1344_2223
STM2254	NP_461197.1	SL1344_3785
STM2255	NP_461198.1	SL1344_2225
STM2256	NP_461199.1	SL1344_2226
STM2257	NP_461200.1	SL1344_2227
STM2258	NP_461201.1	SL1344_2228
STM2259	NP_461202.1	SL1344_2229
STM2260	NP_461203.1	SL1344_2230
STM2261	NP_461204.1	SL1344_2231
STM2262	NP_461205.1	SL1344_2232
STM2263	NP_461206.1	SL1344_2233
STM2264	NP_461207.1	SL1344_2234
STM2265	NP_461208.1	SL1344_2235
STM2266	NP_461209.1	SL1344_2236
STM2267	NP_461210.1	SL1344_2237
STM2269	NP_461211.1	SL1344_2238
STM2270	NP_461212.1	SL1344_2239
STM2271	NP_461213.1	SL1344_2240
STM2272	NP_461214.1	SL1344_2241
STM2273	NP_461215.1	SL1344_2242
STM2274	NP_461216.1	SL1344_2243
STM2275	NP_461217.3	SL1344_2244
STM2276	NP_461218.1	SL1344_2245
STM2277	NP_461219.1	SL1344_2246
STM2278	NP_461220.1	SL1344_2247
STM2279	NP_461221.1	SL1344_2248
STM2280	NP_461222.1	SL1344_2249
STM2281	NP_461223.1	SL1344_2250
STM2282	NP_461224.1	SL1344_2251
STM2283	NP_461225.1	SL1344_2252
STM2284	NP_461226.1	SL1344_2253
STM2285	NP_461227.1	SL1344_2254
STM2286	NP_461228.1	SL1344_2255
STM2287	NP_461229.3	SL1344_2256
STM2288	NP_461230.1	SL1344_2257
STM2289	NP_461231.1	SL1344_2258
STM2290	NP_461232.1	SL1344_2259
STM2291	NP_461233.1	SL1344_2260
STM2292	NP_461234.1	SL1344_2261
STM2293	NP_461235.1	SL1344_2262
STM2294	NP_461236.1	SL1344_2263
STM2295	NP_461237.1	SL1344_2264
STM2296	NP_461238.1	SL1344_2265
STM2297	NP_461239.3	SL1344_2266
STM2298	NP_461240.1	SL1344_2267
STM2299	NP_461241.1	SL1344_2268
STM2300	NP_461242.1	SL1344_2269
STM2301	NP_461243.1	SL1344_2270
STM2302	NP_461244.1	SL1344_2271
STM2303	NP_461245.1	SL1344_2272
STM2304	NP_461246.1	SL1344_2273
STM2305	NP_461247.1	SL1344_2274
STM2306	NP_461248.1	SL1344_2275
STM2307	NP_461249.1	SL1344_2276
STM2308	NP_461250.1	SL1344_2277
STM2309	NP_461251.1	SL1344_2278
STM2310	NP_461252.1	SL1344_2279
STM2311	NP_461253.3	SL1344_2280
STM2312	NP_461254.1	SL1344_2281
STM2313	NP_461255.1	SL1344_2282
STM2314	NP_461256.1	SL1344_2283
STM2315	NP_461257.1	SL1344_2284
STM2316	NP_461258.3	SL1344_2285
STM2317	NP_461259.1	SL1344_2286
STM2318	NP_461260.1	SL1344_2287
STM2319	NP_461261.1	SL1344_2288
STM2320	NP_461262.1	SL1344_2289
STM2321	NP_461263.1	SL1344_2290
STM2322	NP_461264.1	SL1344_2291
STM2323	NP_461265.3	SL1344_2292
STM2324	NP_461266.1	SL1344_2293
STM2325	NP_461267.1	SL1344_2294
STM2326	NP_461268.1	SL1344_2295
STM2327	NP_461269.1	SL1344_2296
STM2328	NP_461270.1	SL1344_2297
STM2329	NP_461271.1	SL1344_2298
STM2330	NP_461272.1	SL1344_2299
STM2331	NP_461273.1	SL1344_2300
STM2332	NP_461274.1	SL1344_2301
STM2333	NP_461275.1	SL1344_2302
STM2334	NP_461276.3	SL1344_2303
STM2335	NP_461277.1	SL1344_2304
STM2336	NP_461278.1	SL1344_2305
STM2337	NP_461279.1	SL1344_2306
STM2338	NP_461280.1	SL1344_2307
STM2339	NP_461281.1	SL1344_2308
STM2340	NP_461282.1	SL1344_2309
STM2341	NP_461283.1	SL1344_2310
STM2342	NP_461284.3	SL1344_2311
STM2343	NP_461285.1	SL1344_2312
STM2344	NP_461286.1	SL1344_2313
STM2345	NP_461287.1	SL1344_2314
STM2346	NP_461288.1	SL1344_2315
STM2347	NP_461289.1	SL1344_2316
STM2348	NP_461290.1	SL1344_2317
STM2349	NP_461291.1	SL1344_2318
STM2350	NP_461292.1	SL1344_2319
STM2351	NP_461293.1	SL1344_2320
STM2352	NP_461294.1	SL1344_2321
STM2353	NP_461295.1	SL1344_2322
STM2354	NP_461296.1	SL1344_2323
STM2355	NP_461297.1	SL1344_2324
STM2356	NP_461298.1	SL1344_2325
STM2357	NP_461299.1	SL1344_2326
STM2358	NP_461300.1	SL1344_2327
STM2359	NP_461301.1	SL1344_2328
STM2360	NP_461302.1	SL1344_2329
STM2361	NP_461303.1	SL1344_2330
STM2362	NP_461304.1	SL1344_2331
STM2363	NP_461305.1	SL1344_2332
STM2364	NP_461306.1	SL1344_2333
STM2365	NP_461307.1	SL1344_2334
STM2366	NP_461308.1	SL1344_2335
STM2367	NP_461309.1	SL1344_2336
STM2368	NP_461310.1	SL1344_2337
STM2369	NP_461311.1	SL1344_2338
STM2370	NP_461312.1	SL1344_2339
STM2371	NP_461313.1	SL1344_2340
STM2372	NP_461314.1	SL1344_2341
STM2373	NP_461315.1	SL1344_2342
STM2374	NP_461316.1	SL1344_2343
STM2375	NP_461317.1	SL1344_2344
STM2376	NP_461318.1	SL1344_2345
STM2377	NP_461319.1	SL1344_2346
STM2378	NP_461320.1	SL1344_2347
STM2379	NP_461321.3	SL1344_2348
STM2380	NP_461322.1	SL1344_2349
STM2381	NP_461323.1	SL1344_2350
STM2382	NP_461324.1	SL1344_2351
STM2383	NP_461325.1	SL1344_2352
STM2384	NP_461326.1	SL1344_2353
STM2385	NP_461327.1	SL1344_2354
STM2386	NP_461328.1	SL1344_2355
STM2387	NP_461329.1	SL1344_2356
STM2388	NP_461330.1	SL1344_2357
STM2389	NP_461331.2	SL1344_2358
STM2390	NP_461332.1	SL1344_2359
STM2391	NP_461333.1	SL1344_2360
STM2392	NP_461334.1	SL1344_2361
STM2393	NP_461335.1	SL1344_2362
STM2395	NP_461336.1	SL1344_2363
STM2396	NP_461337.1	SL1344_2364
STM2397	NP_461338.1	SL1344_2365
STM2398	NP_461339.1	SL1344_2366
STM2399	NP_461340.1	SL1344_2367
STM2400	NP_461341.1	SL1344_2368
STM2401	NP_461342.1	SL1344_2369
STM2402	NP_461343.1	SL1344_2370
STM2403	NP_461344.1	SL1344_2371
STM2404	NP_461345.1	SL1344_2372
STM2405	NP_461346.1	SL1344_2373
STM2406	NP_461347.1	SL1344_2374
STM2407	NP_461348.1	SL1344_2375
STM2408	NP_461349.1	SL1344_2376
STM2409	NP_461350.1	SL1344_2377
STM2410	NP_461351.1	SL1344_2378
STM2413	NP_461352.1	SL1344_2379
STM2414	NP_461353.1	SL1344_2380
STM2415	NP_461354.1	SL1344_2381
STM2420	NP_461355.1	SL1344_2382
STM2421	NP_461356.1	SL1344_2384
STM2422	NP_448816.1	SL1344_2385
STM2423	NP_461358.1	SL1344_2386
STM2424	NP_461359.1	SL1344_2387
STM2425	NP_461360.2	SL1344_2388
STM2426	NP_461361.3	SL1344_2389
STM2427	NP_461362.1	SL1344_2390
STM2428	NP_461363.1	SL1344_2391
STM2429	NP_461364.1	SL1344_2392
STM2430	NP_461365.1	SL1344_2393
STM2431	NP_461366.1	SL1344_2394
STM2432	NP_461367.1	SL1344_2395
STM2433	NP_461368.1	SL1344_2396
STM2434	NP_461369.1	SL1344_2397
STM2435	NP_461370.1	SL1344_2398
STM2436	NP_461371.1	SL1344_2399
STM2437	NP_461372.1	SL1344_2400
STM2438	NP_461373.2	SL1344_2401
STM2439	NP_461374.1	SL1344_2402
STM2440	NP_461375.1	SL1344_2403
STM2441	NP_461376.1	SL1344_2404
STM2442	NP_461377.1	SL1344_2405
STM2443	NP_461378.1	SL1344_2406
STM2444	NP_461379.1	SL1344_2407
STM2445	NP_461380.1	SL1344_2408
STM2446	NP_461381.1	SL1344_2409
STM2447	NP_461382.1	SL1344_2410
STM2448	NP_461383.1	SL1344_2411
STM2449	NP_461384.3	SL1344_2412
STM2450	NP_461385.1	SL1344_2413
STM2451	NP_461386.1	SL1344_2414
STM2452	NP_461387.1	SL1344_2415
STM2453	NP_461388.1	SL1344_2416
STM2454	NP_461389.1	SL1344_2417
STM2455	NP_461390.1	SL1344_2418
STM2456	NP_461391.1	SL1344_2419
STM2457	NP_461392.1	SL1344_2420
STM2458	NP_461393.1	SL1344_2421
STM2459	NP_461394.1	SL1344_2422
STM2460	NP_461395.1	SL1344_2423
STM2461	NP_461396.1	SL1344_2424
STM2462	NP_461397.1	SL1344_2425
STM2463	NP_461398.1	SL1344_2426
STM2464	NP_461399.3	SL1344_2427
STM2465	NP_461400.1	SL1344_2428
STM2466	NP_461401.1	SL1344_2429
STM2467	NP_461402.1	SL1344_2430
STM2468	NP_461403.1	SL1344_2431
STM2469	NP_461404.1	SL1344_2432
STM2470	NP_461405.1	SL1344_2433
STM2472	NP_461407.1	SL1344_2435
STM2473	NP_461408.1	SL1344_2436
STM2474	NP_461409.1	SL1344_2437
STM2475	NP_461410.1	SL1344_2438
STM2476	NP_461411.1	SL1344_2439
STM2477	NP_461412.1	SL1344_2440
STM2478	NP_461413.1	SL1344_2441
STM2479	NP_461414.1	SL1344_2442
STM2480	NP_461415.1	SL1344_2443
STM2481	NP_461416.1	SL1344_2444
STM2482	NP_461417.1	SL1344_2445
STM2483	NP_461418.1	SL1344_2446
STM2484	NP_461419.1	SL1344_2447
STM2485	NP_461420.1	SL1344_2448
STM2486	NP_461421.1	SL1344_2449
STM2487	NP_461422.1	SL1344_2450
STM2488	NP_461423.1	SL1344_2451
STM2489	NP_461424.1	SL1344_2452
STM2490	NP_461425.3	SL1344_2453
STM2491	NP_461426.1	SL1344_2454
STM2493	NP_461428.1	SL1344_2456
STM2494	NP_461429.1	SL1344_2457
STM2495	NP_461430.1	SL1344_2458
STM2496	NP_461431.1	SL1344_2459
STM2497	NP_461432.1	SL1344_2460
STM2498	NP_461433.1	SL1344_2461
STM2499	NP_461434.3	SL1344_2462
STM2500	NP_461435.1	SL1344_2463
STM2501	NP_461436.1	SL1344_2464
STM2502	NP_461437.1	SL1344_2465
STM2503	NP_461438.1	SL1344_2466
STM2506	NP_461441.1	SL1344_2468
STM2508	NP_461443.1	SL1344_2469
STM2510	NP_461445.1	SL1344_2471
STM2511	NP_461446.1	SL1344_2472
STM2512	NP_461447.1	SL1344_2473
STM2513	NP_461448.1	SL1344_2474
STM2515	NP_461450.1	SL1344_2477
STM2516	NP_461451.1	SL1344_2478
STM2517	NP_461452.1	SL1344_2479
STM2518	NP_461453.1	SL1344_2480
STM2519	NP_461454.1	SL1344_2481
STM2520	NP_461455.1	SL1344_2482
STM2521	NP_461456.1	SL1344_2483
STM2522	NP_461457.1	SL1344_2484
STM2523	NP_461458.1	SL1344_2485
STM2524	NP_461459.1	SL1344_2486
STM2525	NP_461460.1	SL1344_2487
STM2526	NP_461461.1	SL1344_2488
STM2527	NP_461462.1	SL1344_2489
STM2528	NP_461463.2	SL1344_2490
STM2529	NP_461464.1	SL1344_2491
STM2530	NP_461465.1	SL1344_2492
STM2531	NP_461466.1	SL1344_2493
STM2532	NP_461467.1	SL1344_2494
STM2533	NP_461468.1	SL1344_2495
STM2534	NP_461469.1	SL1344_2496
STM2535	NP_461470.3	SL1344_2497
STM2536	NP_461471.1	SL1344_2498
STM2537	NP_461472.1	SL1344_2499
STM2538	NP_461473.1	SL1344_2500
STM2539	NP_461474.1	SL1344_2501
STM2540	NP_461475.1	SL1344_2502
STM2541	NP_461476.1	SL1344_2503
STM2542	NP_461477.1	SL1344_2504
STM2543	NP_461478.1	SL1344_2505
STM2544	NP_461479.1	SL1344_2506
STM2545	NP_461480.1	SL1344_2507
STM2546	NP_461481.1	SL1344_2508
STM2547	NP_461482.1	SL1344_2509
STM2548	NP_461483.1	SL1344_2510
STM2549	NP_461484.1	SL1344_2511
STM2550	NP_461485.1	SL1344_2512
STM2551	NP_461486.1	SL1344_2513
STM2552	NP_461487.1	SL1344_2514
STM2553	NP_461488.1	SL1344_2515
STM2554	NP_461489.1	SL1344_2516
STM2555	NP_461490.1	SL1344_2517
STM2556	NP_461491.1	SL1344_2518
STM2557	NP_461492.1	SL1344_2519
STM2558	NP_461493.1	SL1344_2520
STM2559	NP_461494.1	SL1344_2521
STM2560	NP_461495.1	SL1344_2522
STM2561	NP_461496.1	SL1344_2523
STM2562	NP_461497.1	SL1344_2524
STM2563	NP_461498.1	SL1344_2525
STM2564	NP_461499.1	SL1344_2526
STM2565	NP_461500.1	SL1344_2527
STM2567	NP_461502.1	SL1344_2529
STM2568	NP_461503.1	SL1344_2530
STM2569	NP_461504.1	SL1344_2531
STM2570	NP_461505.1	SL1344_2532
STM2571	NP_461506.1	SL1344_2533
STM2572	NP_461507.1	SL1344_2534
STM2573	NP_461508.1	SL1344_2535
STM2574	NP_461509.1	SL1344_2536
STM2575	NP_461510.1	SL1344_2537
STM2576	NP_461511.1	SL1344_2538
STM2577	NP_461512.1	SL1344_2539
STM2578	NP_461513.1	SL1344_2540
STM2579	NP_461514.1	SL1344_2541
STM2580	NP_461515.1	SL1344_2542
STM2581	NP_461516.1	SL1344_2543
STM2582	NP_461517.1	SL1344_2544
STM2583	NP_461518.1	SL1344_2545
STM2584	NP_461519.1	SL1344_2546
STM2585A	NP_461521.1	SL1344_2549
STM2586	NP_461522.1	SL1344_2550
STM2587	NP_461523.1	SL1344_2551
STM2588	NP_461524.1	SL1344_2552
STM2589	NP_461525.2	SL1344_2553
STM2590	NP_461526.1	SL1344_2554
STM2591	NP_461527.1	SL1344_2555
STM2592	NP_461528.1	SL1344_2556
STM2593	NP_461529.1	SL1344_2557
STM2594	NP_461530.1	SL1344_2558
STM2595	NP_461531.1	SL1344_2559
STM2596	NP_461532.1	SL1344_2560
STM2597	NP_461533.1	SL1344_2561
STM2598	NP_461534.1	SL1344_2562
STM2599	NP_461535.1	SL1344_2563
STM2600	NP_461536.1	SL1344_2564
STM2601	NP_461537.1	SL1344_2565
STM2602	NP_461538.1	SL1344_2566
STM2603	NP_461539.1	SL1344_2567
STM2604	NP_461540.1	SL1344_2568
STM2605	NP_461541.1	SL1344_2569
STM2606	NP_461542.1	SL1344_2570
STM2607	NP_461543.1	SL1344_2571
STM2608	NP_461544.1	SL1344_2572
STM2609	NP_461545.2	SL1344_2573
STM2610	NP_461546.1	SL1344_2574
STM2611	NP_461547.3	SL1344_2575
STM2612	NP_461548.1	SL1344_2576
STM2614	NP_461550.1	SL1344_2577
STM2616	NP_461551.1	SL1344_2578
STM2617	NP_461552.1	SL1344_2579
STM2618	NP_461553.1	SL1344_2580
STM2619	NP_461554.1	SL1344_2581
STM2621	NP_461556.1	SL1344_0957
STM2623	NP_461558.1	SL1344_0955
STM2624	NP_461559.1	SL1344_0954
STM2625	NP_461560.1	SL1344_0953
STM2626	NP_461561.1	SL1344_0952
STM2627	NP_461562.1	SL1344_0951
STM2628	NP_461563.1	SL1344_0950
STM2630	NP_461565.1	SL1344_0948
STM2632	NP_461567.1	SL1344_0946
STM2634	NP_461569.1	SL1344_2598
STM2635	NP_461570.1	SL1344_2599
STM2636	NP_461571.1	SL1344_2600
STM2637	NP_461572.1	SL1344_2601
STM2638	NP_461573.1	SL1344_2602
STM2639	NP_461574.1	SL1344_2603
STM2640	NP_461575.1	SL1344_2604
STM2641	NP_461576.1	SL1344_2605
STM2642	NP_461577.1	SL1344_2606
STM2643	NP_461578.1	SL1344_2607
STM2644	NP_461579.1	SL1344_2608
STM2645	NP_461580.1	SL1344_2609
STM2646	NP_461581.1	SL1344_2610
STM2647	NP_461582.1	SL1344_2611
STM2648	NP_461583.1	SL1344_2612
STM2649	NP_461584.1	SL1344_2613
STM2650	NP_461585.1	SL1344_2614
STM2651	NP_461586.1	SL1344_2615
STM2652	NP_461587.1	SL1344_2616
STM2653	NP_461588.1	SL1344_2617
STM2654	NP_461589.1	SL1344_2618
STM2655	NP_461590.1	SL1344_2619
STM2660	NP_461591.1	SL1344_2620
STM2661	NP_461592.1	SL1344_2621
STM2662	NP_461593.1	SL1344_2622
STM2663	NP_461594.1	SL1344_2623
STM2665	NP_461595.1	SL1344_2624
STM2667	NP_461597.1	SL1344_2625
STM2668	NP_461598.1	SL1344_2626
STM2669	NP_461599.1	SL1344_2627
STM2670	NP_461600.1	SL1344_2628
STM2671	NP_461601.1	SL1344_2629
STM2672	NP_461602.1	SL1344_2630
STM2673	NP_461603.1	SL1344_2646
STM2674	NP_461604.1	SL1344_2647
STM2675	NP_461605.1	SL1344_2648
STM2676	NP_461606.1	SL1344_2649
STM2677	NP_461607.1	SL1344_2650
STM2678	NP_461608.1	SL1344_2651
STM2679	NP_461609.3	SL1344_2652
STM2680	NP_461610.1	SL1344_2653
STM2681	NP_461611.1	SL1344_2654
STM2683	NP_461613.1	SL1344_2655
STM2684	NP_461614.1	SL1344_2656
STM2685	NP_461615.1	SL1344_2657
STM2686	NP_461616.1	SL1344_2658
STM2687	NP_461617.1	SL1344_2659
STM2688	NP_461618.1	SL1344_2660
STM2690	NP_461619.1	SL1344_2662
STM2691	NP_461620.1	SL1344_2663
STM2692	NP_461621.1	SL1344_2664
STM2694	NP_461622.1	SL1344_2665
STM2695	NP_461623.1	SL1344_2666
STM2696	NP_461624.1	SL1344_2667
STM2697	NP_461625.1	SL1344_2668
STM2698	NP_461626.1	SL1344_2669
STM2699	NP_461627.1	SL1344_2670
STM2700	NP_461628.1	SL1344_2671
STM2701	NP_461629.1	SL1344_2672
STM2704	NP_461632.1	SL1344_2675
STM2705	NP_461633.1	SL1344_1929
STM2706	NP_461634.1	SL1344_2676
STM2707	NP_461635.1	SL1344_2677
STM2708	NP_461636.1	SL1344_2678
STM2709	NP_461637.1	SL1344_2679
STM2710	NP_461638.1	SL1344_2680
STM2711	NP_461639.1	SL1344_2681
STM2712	NP_461640.1	SL1344_2682
STM2713	NP_461641.1	SL1344_2683
STM2714	NP_461642.1	SL1344_2684
STM2715	NP_461643.3	SL1344_2686
STM2716	NP_461644.1	SL1344_2687
STM2717	NP_461645.1	SL1344_2688
STM2718	NP_461646.1	SL1344_2689
STM2719	NP_461647.1	SL1344_2690
STM2720	NP_461648.1	SL1344_2691
STM2721	NP_461649.1	SL1344_2692
STM2722	NP_461650.1	SL1344_2693
STM2723	NP_461651.1	SL1344_2694
STM2727	NP_461654.1	SL1344_2699
STM2728	NP_461655.1	SL1344_2700
STM2730	NP_461657.1	SL1344_2702
STM2731	NP_461658.1	SL1344_2703
STM2733	NP_461660.1	SL1344_2704
STM2736	NP_461663.1	SL1344_2706
STM2737	NP_461664.1	SL1344_2707
STM2739	NP_461666.1	SL1344_2709
STM2741	NP_461668.1	SL1344_2725
STM2742	NP_461669.1	SL1344_2726
STM2743	NP_461670.1	SL1344_2727
STM2744	NP_461671.1	SL1344_2728
STM2745	NP_461672.1	SL1344_2729
STM2746	NP_461673.1	SL1344_2730
STM2747	NP_461674.1	SL1344_2731
STM2748	NP_461675.1	SL1344_2732
STM2749	NP_461676.1	SL1344_2733
STM2750	NP_461677.1	SL1344_2734
STM2751	NP_461678.1	SL1344_2735
STM2752	NP_461679.1	SL1344_2736
STM2753	NP_461680.1	SL1344_2737
STM2754	NP_461681.1	SL1344_2738
STM2755	NP_461682.1	SL1344_2739
STM2756	NP_461683.1	SL1344_2740
STM2757	NP_461684.1	SL1344_2741
STM2758	NP_461685.1	SL1344_2742
STM2759	NP_461686.1	SL1344_2743
STM2760	NP_461687.1	SL1344_2744
STM2761	NP_461688.1	SL1344_2745
STM2762	NP_461689.1	SL1344_2746
STM2763	NP_449149.1	SL1344_2747
STM2766	NP_461693.1	SL1344_2751
STM2767	NP_461694.1	SL1344_2752
STM2769	NP_461696.1	SL1344_2754
STM2770	NP_461697.1	SL1344_2755
STM2771	NP_461698.1	SL1344_2756
STM2772	NP_461699.1	SL1344_2757
STM2773	NP_461700.1	SL1344_2758
STM2774	NP_461701.1	SL1344_2759
STM2775	NP_461702.1	SL1344_2760
STM2776	NP_461703.1	SL1344_2761
STM2777	NP_461704.3	SL1344_2762
STM2780	NP_461706.1	SL1344_2763
STM2781	NP_461707.1	SL1344_2764
STM2782	NP_461708.1	SL1344_2765
STM2783	NP_461709.1	SL1344_2767
STM2784	NP_461710.1	SL1344_2768
STM2785	NP_461711.1	SL1344_2769
STM2786	NP_461712.1	SL1344_2770
STM2787	NP_461713.3	SL1344_2771
STM2788	NP_461714.1	SL1344_2772
STM2789	NP_461715.3	SL1344_2773
STM2790	NP_461716.1	SL1344_2774
STM2791	NP_461717.1	SL1344_2775
STM2792	NP_461718.1	SL1344_2776
STM2793	NP_461719.1	SL1344_2777
STM2794	NP_461720.1	SL1344_2778
STM2795	NP_461721.1	SL1344_2779
STM2796	NP_461722.1	SL1344_2780
STM2797	NP_461723.1	SL1344_2781
STM2798	NP_461724.1	SL1344_2782
STM2799	NP_461725.1	SL1344_2783
STM2800	NP_461726.1	SL1344_2784
STM2801	NP_461727.1	SL1344_2785
STM2802	NP_461728.1	SL1344_2786
STM2803	NP_461729.1	SL1344_2787
STM2804	NP_461730.1	SL1344_2788
STM2805	NP_461731.1	SL1344_2790
STM2806	NP_461732.1	SL1344_2791
STM2807	NP_461733.1	SL1344_2792
STM2808	NP_461734.1	SL1344_2793
STM2809	NP_461735.1	SL1344_2794
STM2810	NP_461736.1	SL1344_2795
STM2811	NP_461737.1	SL1344_2796
STM2812	NP_461738.1	SL1344_2797
STM2813	NP_461739.1	SL1344_2798
STM2814	NP_461740.1	SL1344_2799
STM2815	NP_461741.1	SL1344_2800
STM2816	NP_461742.1	SL1344_2801
STM2817	NP_461743.1	SL1344_2802
STM2818	NP_461744.1	SL1344_2803
STM2819	NP_461745.1	SL1344_2804
STM2820	NP_461746.1	SL1344_2805
STM2826	NP_461747.1	SL1344_2806
STM2827	NP_461748.1	SL1344_2807
STM2828	NP_461749.1	SL1344_2808
STM2829	NP_461750.1	SL1344_2809
STM2830	NP_461751.1	SL1344_2810
STM2831	NP_461752.1	SL1344_2811
STM2832	NP_461753.1	SL1344_2812
STM2833	NP_461754.1	SL1344_2813
STM2834	NP_461755.1	SL1344_2814
STM2835	NP_461756.1	SL1344_2815
STM2836	NP_461757.1	SL1344_2816
STM2837	NP_461758.1	SL1344_2817
STM2838	NP_461759.3	SL1344_2818
STM2839	NP_461760.1	SL1344_2819
STM2840	NP_461761.1	SL1344_2820
STM2841	NP_461762.1	SL1344_2821
STM2842	NP_461763.1	SL1344_2822
STM2843	NP_461764.1	SL1344_2823
STM2844	NP_461765.1	SL1344_2824
STM2845	NP_461766.1	SL1344_2825
STM2846	NP_461767.1	SL1344_2826
STM2847	NP_461768.1	SL1344_2827
STM2848	NP_461769.1	SL1344_2828
STM2849	NP_461770.1	SL1344_2829
STM2850	NP_461771.1	SL1344_2830
STM2851	NP_461772.2	SL1344_2831
STM2852	NP_461773.1	SL1344_2832
STM2853	NP_461774.1	SL1344_2833
STM2854	NP_461775.1	SL1344_2834
STM2855	NP_461776.1	SL1344_2835
STM2856	NP_461777.1	SL1344_2836
STM2857	NP_461778.2	SL1344_2837
STM2858	NP_461779.3	SL1344_2838
STM2859	NP_461780.1	SL1344_2839
STM2860	NP_461781.1	SL1344_2840
STM2861	NP_461782.1	SL1344_2841
STM2862	NP_461783.1	SL1344_2842
STM2863	NP_461784.1	SL1344_2843
STM2864	NP_461785.1	SL1344_2844
STM2865	NP_461786.1	SL1344_2845
STM2866	NP_461787.1	SL1344_2846
STM2867	NP_461788.1	SL1344_2847
STM2868	NP_461789.1	SL1344_2848
STM2869	NP_461790.1	SL1344_2849
STM2870	NP_461791.1	SL1344_2850
STM2871	NP_461792.1	SL1344_2851
STM2872	NP_461793.1	SL1344_2852
STM2873	NP_461794.1	SL1344_2853
STM2874	NP_461795.1	SL1344_2854
STM2875	NP_461796.1	SL1344_2855
STM2876	NP_461797.1	SL1344_2856
STM2877	NP_461798.1	SL1344_2857
STM2878	NP_461799.1	SL1344_2858
STM2879	NP_461800.1	SL1344_2859
STM2881	NP_461802.1	SL1344_2860
STM2882	NP_461803.1	SL1344_2861
STM2883	NP_461804.1	SL1344_2862
STM2884	NP_461805.1	SL1344_2863
STM2885	NP_461806.1	SL1344_2864
STM2886	NP_461807.1	SL1344_2865
STM2887	NP_461808.1	SL1344_2866
STM2888	NP_461809.1	SL1344_2867
STM2889	NP_461810.1	SL1344_2868
STM2890	NP_461811.1	SL1344_2869
STM2891	NP_461812.1	SL1344_2870
STM2892	NP_461813.1	SL1344_2871
STM2893	NP_461814.1	SL1344_2872
STM2894	NP_461815.1	SL1344_2873
STM2895	NP_461816.1	SL1344_2874
STM2896	NP_461817.1	SL1344_2875
STM2897	NP_461818.1	SL1344_2876
STM2898	NP_461819.1	SL1344_2877
STM2899	NP_461820.1	SL1344_2878
STM2900	NP_461821.1	SL1344_2879
STM2901	NP_461822.1	SL1344_2880
STM2902	NP_461823.1	SL1344_2881
STM2903	NP_461824.1	SL1344_2882
STM2904	NP_461825.1	SL1344_2884
STM2905	NP_461826.1	SL1344_2885
STM2907	NP_461828.1	SL1344_2886
STM2908	NP_461829.1	SL1344_2887
STM2909	NP_461830.1	SL1344_2888
STM2910	NP_461831.1	SL1344_2889
STM2911	NP_461832.1	SL1344_2890
STM2912	NP_461833.1	SL1344_2891
STM2913	NP_461834.1	SL1344_2892
STM2914	NP_461835.1	SL1344_2893
STM2915	NP_461836.1	SL1344_2894
STM2916	NP_461837.1	SL1344_2895
STM2917	NP_461838.1	SL1344_2896
STM2918	NP_461839.1	SL1344_2897
STM2919	NP_461840.1	SL1344_2898
STM2920	NP_461841.1	SL1344_2899
STM2921	NP_461842.1	SL1344_2900
STM2922	NP_461843.1	SL1344_2901
STM2923	NP_461844.1	SL1344_2902
STM2924	NP_461845.1	SL1344_2903
STM2925	NP_461846.1	SL1344_2904
STM2926	NP_461847.1	SL1344_2905
STM2927	NP_461848.1	SL1344_2906
STM2928	NP_461849.1	SL1344_2907
STM2929	NP_461850.1	SL1344_2908
STM2930	NP_461851.1	SL1344_2909
STM2931	NP_461852.1	SL1344_2910
STM2932	NP_461853.3	SL1344_2911
STM2933	NP_461854.1	SL1344_2912
STM2934	NP_461855.1	SL1344_2913
STM2935	NP_461856.1	SL1344_2914
STM2936	NP_461857.1	SL1344_2915
STM2937	NP_461858.1	SL1344_2916
STM2938	NP_461859.1	SL1344_2917
STM2939	NP_461860.1	SL1344_2918
STM2940	NP_461861.1	SL1344_2919
STM2941	NP_461862.1	SL1344_2920
STM2942	NP_461863.1	SL1344_2921
STM2943	NP_461864.1	SL1344_2922
STM2944	NP_461865.1	SL1344_2923
STM2945	NP_461866.1	SL1344_2924
STM2946	NP_461867.1	SL1344_2925
STM2947	NP_461868.1	SL1344_2926
STM2948	NP_461869.1	SL1344_2927
STM2949	NP_461870.1	SL1344_2928
STM2950	NP_461871.1	SL1344_2929
STM2951	NP_461872.1	SL1344_2930
STM2952	NP_461873.1	SL1344_2931
STM2953	NP_461874.1	SL1344_2932
STM2954	NP_461875.1	SL1344_2933
STM2955	NP_461876.3	SL1344_2936
STM2956	NP_461877.1	SL1344_2937
STM2957	NP_461878.1	SL1344_2938
STM2958	NP_461879.1	SL1344_2939
STM2959	NP_461880.1	SL1344_2940
STM2960	NP_461881.1	SL1344_2941
STM2961	NP_461882.1	SL1344_2942
STM2962	NP_461883.1	SL1344_2943
STM2963	NP_461884.1	SL1344_2944
STM2964	NP_461885.1	SL1344_2945
STM2965	NP_461886.1	SL1344_2946
STM2967	NP_461887.1	SL1344_2947
STM2968	NP_461888.1	SL1344_2948
STM2969	NP_461889.1	SL1344_2949
STM2970	NP_461890.1	SL1344_2950
STM2971	NP_461891.2	SL1344_2951
STM2972	NP_461892.3	SL1344_2952
STM2973	NP_461893.1	SL1344_2953
STM2974	NP_461894.1	SL1344_2954
STM2976	NP_461895.1	SL1344_2956
STM2977	NP_461896.1	SL1344_2957
STM2978	NP_461897.1	SL1344_2958
STM2979	NP_461898.1	SL1344_2959
STM2980	NP_461899.1	SL1344_2960
STM2981	NP_461900.1	SL1344_2961
STM2982	NP_461901.1	SL1344_2962
STM2983	NP_461902.1	SL1344_2963
STM2984	NP_461903.1	SL1344_2964
STM2985	NP_461904.1	SL1344_2965
STM2986	NP_461905.3	SL1344_2966
STM2987	NP_461906.1	SL1344_2967
STM2988	NP_461907.1	SL1344_2968
STM2991	NP_461908.1	SL1344_2969
STM2992	NP_461909.1	SL1344_2970
STM2993	NP_461910.1	SL1344_2971
STM2994	NP_461911.1	SL1344_2972
STM2995	NP_461912.1	SL1344_2973
STM2996	NP_461913.2	SL1344_2974
STM2997	NP_461914.1	SL1344_2975
STM2998	NP_461915.1	SL1344_2976
STM2999	NP_461916.1	SL1344_2977
STM3000	NP_461917.1	SL1344_2978
STM3001	NP_461918.1	SL1344_2979
STM3002	NP_461919.1	SL1344_2980
STM3003	NP_461920.1	SL1344_2981
STM3004	NP_461921.1	SL1344_2982
STM3005	NP_461922.1	SL1344_2983
STM3006	NP_461923.1	SL1344_2984
STM3007	NP_461924.1	SL1344_2985
STM3008	NP_461925.1	SL1344_2986
STM3009	NP_461926.1	SL1344_2987
STM3010	NP_461927.1	SL1344_2988
STM3011	NP_461928.1	SL1344_2989
STM3012	NP_461929.1	SL1344_2990
STM3013	NP_461930.1	SL1344_2991
STM3014	NP_461931.1	SL1344_2992
STM3015	NP_461932.1	SL1344_2993
STM3016	NP_461933.1	SL1344_2994
STM3017	NP_461934.1	SL1344_2995
STM3018	NP_461935.1	SL1344_2996
STM3019	NP_461936.1	SL1344_2997
STM3020	NP_461937.1	SL1344_2998
STM3021	NP_461938.1	SL1344_2999
STM3022	NP_461939.1	SL1344_3000
STM3023	NP_461940.1	SL1344_3001
STM3024	NP_461941.1	SL1344_3002
STM3025	NP_461942.1	SL1344_3003
STM3026	NP_461943.1	SL1344_3005
STM3027	NP_461944.1	SL1344_3006
STM3028	NP_461945.1	SL1344_3007
STM3029	NP_461946.3	SL1344_3008
STM3030	NP_461947.1	SL1344_3009
STM3031	NP_461948.1	SL1344_3010
STM3033	NP_461950.1	SL1344_3011
STM3034	NP_461951.1	SL1344_3012
STM3036	NP_461953.1	SL1344_3013
STM3038	NP_461954.1	SL1344_3014
STM3039	NP_461955.1	SL1344_3015
STM3040	NP_461956.1	SL1344_3016
STM3041	NP_461957.3	SL1344_3017
STM3042	NP_461958.1	SL1344_3018
STM3043	NP_461959.1	SL1344_3019
STM3044	NP_461960.1	SL1344_3020
STM3045	NP_461961.1	SL1344_3021
STM3046	NP_461962.1	SL1344_3022
STM3047	NP_461963.1	SL1344_3023
STM3048	NP_461964.1	SL1344_3024
STM3049	NP_461965.1	SL1344_3025
STM3050	NP_461966.1	SL1344_3026
STM3051	NP_461967.1	SL1344_3027
STM3052	NP_461968.1	SL1344_3028
STM3053	NP_461969.1	SL1344_3029
STM3054	NP_461970.1	SL1344_3030
STM3055	NP_461971.1	SL1344_3031
STM3056	NP_461972.1	SL1344_3032
STM3057	NP_461973.2	SL1344_3033
STM3058	NP_461974.1	SL1344_3034
STM3059	NP_461975.3	SL1344_3035
STM3060	NP_461976.1	SL1344_3036
STM3061	NP_461977.1	SL1344_3037
STM3062	NP_461978.1	SL1344_3038
STM3063	NP_461979.1	SL1344_3039
STM3064	NP_461980.1	SL1344_3040
STM3065	NP_461981.1	SL1344_3041
STM3066	NP_461982.1	SL1344_3042
STM3067	NP_461983.1	SL1344_3043
STM3068	NP_461984.1	SL1344_3044
STM3069	NP_461985.1	SL1344_3045
STM3070	NP_461986.1	SL1344_3046
STM3071	NP_461987.1	SL1344_3047
STM3072	NP_461988.1	SL1344_3048
STM3073	NP_461989.1	SL1344_3049
STM3074	NP_461990.1	SL1344_3050
STM3075	NP_461991.1	SL1344_3051
STM3076	NP_461992.1	SL1344_3052
STM3077	NP_461993.1	SL1344_3053
STM3078	NP_461994.1	SL1344_3054
STM3079	NP_461995.3	SL1344_3055
STM3080	NP_461996.1	SL1344_3056
STM3081	NP_461997.1	SL1344_3057
STM3082	NP_461998.1	SL1344_3058
STM3083	NP_461999.1	SL1344_3059
STM3084	NP_462000.3	SL1344_3060
STM3085	NP_462001.1	SL1344_3061
STM3086	NP_462002.1	SL1344_3062
STM3087	NP_462003.1	SL1344_3063
STM3089	NP_462005.1	SL1344_3064
STM3090	NP_462006.1	SL1344_3065
STM3091	NP_462007.1	SL1344_3066
STM3092	NP_462008.1	SL1344_3067
STM3093	NP_462009.1	SL1344_3068
STM3094	NP_462010.3	SL1344_3069
STM3095	NP_462011.1	SL1344_3070
STM3096	NP_462012.1	SL1344_3071
STM3097	NP_462013.1	SL1344_3072
STM3098	NP_462014.1	SL1344_3073
STM3099	NP_462015.1	SL1344_3074
STM3100	NP_462016.1	SL1344_3075
STM3101	NP_462017.1	SL1344_3076
STM3102	NP_462018.1	SL1344_3077
STM3103	NP_462019.1	SL1344_3078
STM3104	NP_462020.1	SL1344_3079
STM3105	NP_462021.1	SL1344_3080
STM3106	NP_462022.1	SL1344_3081
STM3107	NP_462023.1	SL1344_3082
STM3108	NP_462024.1	SL1344_3083
STM3109	NP_462025.1	SL1344_3084
STM3110	NP_462026.1	SL1344_3085
STM3111	NP_462027.1	SL1344_3086
STM3112	NP_462028.1	SL1344_3087
STM3113	NP_462029.1	SL1344_3088
STM3114	NP_462030.1	SL1344_3089
STM3115	NP_462031.1	SL1344_3090
STM3117	NP_462032.1	SL1344_3091
STM3118	NP_462033.1	SL1344_3092
STM3119	NP_462034.1	SL1344_3093
STM3120	NP_462035.1	SL1344_3094
STM3121	NP_462036.1	SL1344_3095
STM3122	NP_462037.1	SL1344_3096
STM3123	NP_462038.1	SL1344_3097
STM3124	NP_462039.1	SL1344_3098
STM3125	NP_462040.1	SL1344_3099
STM3126	NP_462041.1	SL1344_3100
STM3127	NP_462042.1	SL1344_3101
STM3128	NP_462043.1	SL1344_3102
STM3129	NP_462044.1	SL1344_3103
STM3130	NP_462045.1	SL1344_3104
STM3131	NP_462046.1	SL1344_3105
STM3132	NP_462047.1	SL1344_3106
STM3133	NP_462048.1	SL1344_3107
STM3134	NP_462049.1	SL1344_3108
STM3135	NP_462050.1	SL1344_3109
STM3136	NP_462051.1	SL1344_3110
STM3137	NP_462052.1	SL1344_3111
STM3138	NP_462053.1	SL1344_3112
STM3139	NP_462054.1	SL1344_3113
STM3140	NP_462055.1	SL1344_3114
STM3141	NP_462056.1	SL1344_3115
STM3142	NP_462057.1	SL1344_3116
STM3143	NP_462058.1	SL1344_3117
STM3144	NP_462059.1	SL1344_3118
STM3145	NP_462060.1	SL1344_3119
STM3146	NP_462061.1	SL1344_3120
STM3147	NP_462062.1	SL1344_3121
STM3148	NP_462063.1	SL1344_3122
STM3149	NP_462064.1	SL1344_3123
STM3150	NP_462065.1	SL1344_3124
STM3151	NP_462066.1	SL1344_3125
STM3152	NP_462067.1	SL1344_3126
STM3153	NP_462068.1	SL1344_3127
STM3154	NP_462069.1	SL1344_3128
STM3155	NP_462070.1	SL1344_3129
STM3156	NP_462071.1	SL1344_3130
STM3157	NP_462072.1	SL1344_3131
STM3158	NP_462073.1	SL1344_3132
STM3159	NP_462074.1	SL1344_3133
STM3161	NP_462076.1	SL1344_3135
STM3162	NP_462077.1	SL1344_3136
STM3163	NP_462078.1	SL1344_3137
STM3164	NP_462079.1	SL1344_3138
STM3165	NP_462080.1	SL1344_3139
STM3167	NP_462082.1	SL1344_3141
STM3168	NP_462083.1	SL1344_3142
STM3169	NP_462084.1	SL1344_3143
STM3170	NP_462085.1	SL1344_3144
STM3171	NP_462086.1	SL1344_3145
STM3172	NP_462087.1	SL1344_3146
STM3173	NP_462088.1	SL1344_3147
STM3174	NP_462089.1	SL1344_3148
STM3175	NP_462090.1	SL1344_3149
STM3176	NP_462091.1	SL1344_3150
STM3177	NP_462092.1	SL1344_3151
STM3178	NP_462093.1	SL1344_3152
STM3179	NP_462094.1	SL1344_3153
STM3180	NP_462095.1	SL1344_3154
STM3181	NP_462096.1	SL1344_3155
STM3182	NP_462097.1	SL1344_3156
STM3183	NP_462098.1	SL1344_3157
STM3184	NP_462099.1	SL1344_3158
STM3185	NP_462100.1	SL1344_3159
STM3186	NP_462101.3	SL1344_3160
STM3187	NP_462102.1	SL1344_3161
STM3188	NP_462103.1	SL1344_3162
STM3189	NP_462104.1	SL1344_3163
STM3190	NP_462105.1	SL1344_3164
STM3193	NP_462108.1	SL1344_3166
STM3194	NP_462109.1	SL1344_3167
STM3195	NP_462110.1	SL1344_3168
STM3196	NP_462111.3	SL1344_3169
STM3197	NP_462112.1	SL1344_3170
STM3198	NP_462113.1	SL1344_3171
STM3199	NP_462114.1	SL1344_3172
STM3200	NP_462115.1	SL1344_3173
STM3201	NP_462116.1	SL1344_3174
STM3202	NP_462117.1	SL1344_3175
STM3203	NP_462118.1	SL1344_3176
STM3204	NP_462119.1	SL1344_3177
STM3205	NP_462120.3	SL1344_3178
STM3206	NP_462121.3	SL1344_3179
STM3207	NP_462122.1	SL1344_3180
STM3208	NP_462123.1	SL1344_3182
STM3209	NP_462124.1	SL1344_3183
STM3210	NP_462125.1	SL1344_3184
STM3211	NP_462126.3	SL1344_3185
STM3212	NP_462127.1	SL1344_3186
STM3214	NP_462128.1	SL1344_3187
STM3215	NP_462129.1	SL1344_3188
STM3216	NP_462130.1	SL1344_3189
STM3217	NP_462131.1	SL1344_3190
STM3218	NP_462132.3	SL1344_3191
STM3219	NP_462133.1	SL1344_3192
STM3220	NP_462134.1	SL1344_3193
STM3221	NP_462135.1	SL1344_3194
STM3222	NP_462136.1	SL1344_3195
STM3223	NP_462137.1	SL1344_3196
STM3224	NP_462138.1	SL1344_3197
STM3225	NP_462139.1	SL1344_3198
STM3226	NP_462140.1	SL1344_3199
STM3227	NP_462141.1	SL1344_3200
STM3228	NP_462142.1	SL1344_3201
STM3230	NP_462144.1	SL1344_3202
STM3231	NP_462145.1	SL1344_3203
STM3232	NP_462146.1	SL1344_3204
STM3233	NP_462147.1	SL1344_3205
STM3234	NP_462148.1	SL1344_3206
STM3235	NP_462149.1	SL1344_3207
STM3236	NP_462150.1	SL1344_3208
STM3237	NP_462151.1	SL1344_3209
STM3238	NP_462152.1	SL1344_3210
STM3239	NP_462153.1	SL1344_3211
STM3240	NP_462154.1	SL1344_3212
STM3241	NP_462155.1	SL1344_3213
STM3242	NP_462156.1	SL1344_3214
STM3243	NP_462157.1	SL1344_3215
STM3244	NP_462158.1	SL1344_3216
STM3245	NP_462159.1	SL1344_3217
STM3247	NP_462160.1	SL1344_3220
STM3248	NP_462161.1	SL1344_3221
STM3249	NP_462162.1	SL1344_3222
STM3250	NP_462163.1	SL1344_3223
STM3251	NP_462164.1	SL1344_3224
STM3252	NP_462165.1	SL1344_3225
STM3253	NP_462166.1	SL1344_3226
STM3254	NP_462167.1	SL1344_3227
STM3255	NP_462168.1	SL1344_3228
STM3256	NP_462169.1	SL1344_3229
STM3257	NP_462170.1	SL1344_3230
STM3258	NP_462171.1	SL1344_3231
STM3259	NP_462172.1	SL1344_3232
STM3260	NP_462173.1	SL1344_3233
STM3261	NP_462174.1	SL1344_3234
STM3262	NP_462175.1	SL1344_3235
STM3263	NP_462176.1	SL1344_3236
STM3264	NP_462177.1	SL1344_3237
STM3265	NP_462178.1	SL1344_3238
STM3266	NP_462179.1	SL1344_3239
STM3267	NP_462180.1	SL1344_3240
STM3268	NP_462181.1	SL1344_3241
STM3269	NP_462182.1	SL1344_3242
STM3270	NP_462183.1	SL1344_3243
STM3271	NP_462184.3	SL1344_3244
STM3272	NP_462185.1	SL1344_3245
STM3273	NP_462186.1	SL1344_3246
STM3274	NP_462187.1	SL1344_3247
STM3275	NP_462188.3	SL1344_3248
STM3276	NP_462189.1	SL1344_3249
STM3277	NP_462190.1	SL1344_3250
STM3278	NP_462191.1	SL1344_3251
STM3279	NP_462192.1	SL1344_3252
STM3280	NP_462193.3	SL1344_3253
STM3281	NP_462194.1	SL1344_3254
STM3282	NP_462195.1	SL1344_3255
STM3283	NP_462196.1	SL1344_3256
STM3284	NP_462197.1	SL1344_3257
STM3285	NP_462198.1	SL1344_3258
STM3286	NP_462199.1	SL1344_3259
STM3287	NP_462200.1	SL1344_3260
STM3288	NP_462201.3	SL1344_3261
STM3290	NP_462202.3	SL1344_3262
STM3291	NP_462203.1	SL1344_3263
STM3293	NP_462204.1	SL1344_3264
STM3294	NP_462205.1	SL1344_3265
STM3295	NP_462206.1	SL1344_3266
STM3296	NP_462207.1	SL1344_3268
STM3297	NP_462208.1	SL1344_3269
STM3298	NP_462209.3	SL1344_3270
STM3299	NP_462210.1	SL1344_3271
STM3300	NP_462211.1	SL1344_3272
STM3301	NP_462212.1	SL1344_3273
STM3303	NP_462213.1	SL1344_3275
STM3304	NP_462214.1	SL1344_3276
STM3305	NP_462215.1	SL1344_3277
STM3306	NP_462216.1	SL1344_3278
STM3307	NP_462217.1	SL1344_3279
STM3308	NP_462218.1	SL1344_3280
STM3309	NP_462219.1	SL1344_3281
STM3310	NP_462220.1	SL1344_3282
STM3311	NP_462221.1	SL1344_3283
STM3312	NP_462222.1	SL1344_3284
STM3313	NP_462223.1	SL1344_3285
STM3314	NP_462224.1	SL1344_3286
STM3315	NP_462225.1	SL1344_3287
STM3316	NP_462226.1	SL1344_3288
STM3317	NP_462227.1	SL1344_3289
STM3318	NP_462228.1	SL1344_3290
STM3319	NP_462229.1	SL1344_3291
STM3320	NP_462230.1	SL1344_3292
STM3321	NP_462231.1	SL1344_3293
STM3322	NP_462232.1	SL1344_3294
STM3323	NP_462233.1	SL1344_3295
STM3324	NP_462234.1	SL1344_3296
STM3325	NP_462235.1	SL1344_3297
STM3326	NP_462236.1	SL1344_3298
STM3327	NP_462237.1	SL1344_3299
STM3328	NP_462238.1	SL1344_3300
STM3329	NP_462239.1	SL1344_3301
STM3330	NP_462240.1	SL1344_3302
STM3331	NP_462241.1	SL1344_3303
STM3332	NP_462242.1	SL1344_3304
STM3333	NP_462243.1	SL1344_3305
STM3334	NP_462244.1	SL1344_3306
STM3335	NP_462245.1	SL1344_3307
STM3336	NP_462246.1	SL1344_3308
STM3337	NP_462247.1	SL1344_3309
STM3338	NP_462248.1	SL1344_3310
STM3339	NP_462249.1	SL1344_3311
STM3340	NP_462250.1	SL1344_3312
STM3341	NP_462251.1	SL1344_3313
STM3342	NP_462252.1	SL1344_3314
STM3343	NP_462253.1	SL1344_3315
STM3344	NP_462254.1	SL1344_3316
STM3345	NP_462255.1	SL1344_3317
STM3346	NP_462256.1	SL1344_3318
STM3347	NP_462257.1	SL1344_3319
STM3348	NP_462258.1	SL1344_3320
STM3349	NP_462259.1	SL1344_3321
STM3350	NP_462260.1	SL1344_3322
STM3352	NP_462262.1	SL1344_0056
STM3353	NP_462263.1	SL1344_3325
STM3354	NP_462264.1	SL1344_3326
STM3355	NP_462265.1	SL1344_3327
STM3356	NP_462266.1	SL1344_3328
STM3357	NP_462267.1	SL1344_3329
STM3358	NP_462268.1	SL1344_3330
STM3359	NP_462269.1	SL1344_3331
STM3360	NP_462270.1	SL1344_3332
STM3361	NP_462271.1	SL1344_3333
STM3362	NP_462272.1	SL1344_3334
STM3363	NP_462273.1	SL1344_3335
STM3364	NP_462274.1	SL1344_3336
STM3365	NP_462275.1	SL1344_3337
STM3366	NP_462276.1	SL1344_3338
STM3367	NP_462277.1	SL1344_3339
STM3368	NP_462278.1	SL1344_3340
STM3369	NP_462279.1	SL1344_3341
STM3370	NP_462280.1	SL1344_3342
STM3371	NP_462281.1	SL1344_3343
STM3372	NP_462282.1	SL1344_3344
STM3373	NP_462283.1	SL1344_3345
STM3374	NP_462284.1	SL1344_3346
STM3375	NP_462285.1	SL1344_3348
STM3376	NP_462286.1	SL1344_3349
STM3377	NP_462287.1	SL1344_3350
STM3378	NP_462288.1	SL1344_3351
STM3379	NP_462289.1	SL1344_3352
STM3380	NP_462290.1	SL1344_3353
STM3381	NP_462291.1	SL1344_3354
STM3382	NP_462292.1	SL1344_3355
STM3383	NP_462293.1	SL1344_3356
STM3384	NP_462294.1	SL1344_3357
STM3385	NP_462295.1	SL1344_3358
STM3386	NP_462296.1	SL1344_3359
STM3387	NP_462297.1	SL1344_3360
STM3388	NP_462298.1	SL1344_3361
STM3389	NP_462299.1	SL1344_3362
STM3390	NP_462300.1	SL1344_3363
STM3391	NP_462301.1	SL1344_3364
STM3392	NP_462302.1	SL1344_3365
STM3399	NP_462303.1	SL1344_3366
STM3400	NP_462304.1	SL1344_3367
STM3401	NP_462305.1	SL1344_3368
STM3402	NP_462306.1	SL1344_3369
STM3403	NP_462307.1	SL1344_3370
STM3404	NP_462308.1	SL1344_3371
STM3405	NP_462309.1	SL1344_3372
STM3406	NP_462310.1	SL1344_3373
STM3407	NP_462311.1	SL1344_3374
STM3408	NP_462312.1	SL1344_3375
STM3409	NP_462313.1	SL1344_3376
STM3410	NP_462314.1	SL1344_3377
STM3412	NP_462316.1	SL1344_3379
STM3413	NP_462317.1	SL1344_3380
STM3414	NP_462318.1	SL1344_3381
STM3415	NP_462319.1	SL1344_3382
STM3416	NP_462320.1	SL1344_3383
STM3417	NP_462321.1	SL1344_3384
STM3418	NP_462322.1	SL1344_3385
STM3419	NP_462323.1	SL1344_3386
STM3420	NP_462324.1	SL1344_3387
STM3421	NP_462325.1	SL1344_3388
STM3422	NP_462326.1	SL1344_3389
STM3423	NP_462327.1	SL1344_3390
STM3424	NP_462328.1	SL1344_3391
STM3425	NP_462329.1	SL1344_3392
STM3426	NP_462330.1	SL1344_3393
STM3427	NP_462331.3	SL1344_3394
STM3428	NP_462332.1	SL1344_3395
STM3429	NP_462333.1	SL1344_3396
STM3430	NP_462334.1	SL1344_3397
STM3431	NP_462335.1	SL1344_3398
STM3432	NP_462336.1	SL1344_3399
STM3433	NP_462337.1	SL1344_3400
STM3434	NP_462338.1	SL1344_3401
STM3435	NP_462339.1	SL1344_3402
STM3436	NP_462340.1	SL1344_3403
STM3437	NP_462341.1	SL1344_3404
STM3438	NP_462342.1	SL1344_3405
STM3439	NP_462343.1	SL1344_3406
STM3440	NP_462344.1	SL1344_3407
STM3441	NP_462345.1	SL1344_3408
STM3442	NP_462346.1	SL1344_3409
STM3443	NP_462347.1	SL1344_3410
STM3444	NP_462348.1	SL1344_3411
STM3446	NP_462350.1	SL1344_3413
STM3447	NP_462351.1	SL1344_3414
STM3448	NP_462352.1	SL1344_3415
STM3449	NP_462353.1	SL1344_3416
STM3450	NP_462354.1	SL1344_3417
STM3451	NP_462355.1	SL1344_3418
STM3452	NP_462356.1	SL1344_3419
STM3453	NP_462357.1	SL1344_3420
STM3454	NP_462358.1	SL1344_3421
STM3455	NP_462359.1	SL1344_3422
STM3456	NP_462360.1	SL1344_3423
STM3457	NP_462361.1	SL1344_3424
STM3458	NP_462362.1	SL1344_3425
STM3459	NP_462363.1	SL1344_3426
STM3461	NP_462364.1	SL1344_3428
STM3462	NP_462365.1	SL1344_3429
STM3464	NP_462367.1	SL1344_3431
STM3465	NP_462368.1	SL1344_3432
STM3466	NP_462369.1	SL1344_3433
STM3467	NP_462370.1	SL1344_3434
STM3468	NP_462371.1	SL1344_3435
STM3469	NP_462372.1	SL1344_3436
STM3470	NP_462373.1	SL1344_3437
STM3471	NP_462374.1	SL1344_3438
STM3472	NP_462375.1	SL1344_3439
STM3473	NP_462376.1	SL1344_3440
STM3474	NP_462377.1	SL1344_3441
STM3475	NP_462378.1	SL1344_3442
STM3476	NP_462379.1	SL1344_3443
STM3477	NP_462380.1	SL1344_3444
STM3478	NP_462381.1	SL1344_3445
STM3480	NP_462383.1	SL1344_3447
STM3481	NP_462384.1	SL1344_3448
STM3482	NP_462385.1	SL1344_3449
STM3483	NP_462386.1	SL1344_3450
STM3484	NP_462387.1	SL1344_3451
STM3485	NP_462388.1	SL1344_3452
STM3486	NP_462389.1	SL1344_3453
STM3487	NP_462390.1	SL1344_3454
STM3488	NP_462391.1	SL1344_3455
STM3489	NP_462392.1	SL1344_3456
STM3490	NP_462393.1	SL1344_3457
STM3491	NP_462394.1	SL1344_3458
STM3492	NP_462395.1	SL1344_3459
STM3493	NP_462396.3	SL1344_3460
STM3494	NP_462397.3	SL1344_3461
STM3495	NP_462398.1	SL1344_3462
STM3496	NP_462399.1	SL1344_3463
STM3497	NP_462400.1	SL1344_3464
STM3498	NP_462401.3	SL1344_3465
STM3499	NP_462402.1	SL1344_3466
STM3500	NP_462403.2	SL1344_3467
STM3501	NP_462404.1	SL1344_3468
STM3502	NP_462405.1	SL1344_3469
STM3503	NP_462406.1	SL1344_3470
STM3504	NP_462407.3	SL1344_3471
STM3505	NP_462408.1	SL1344_3472
STM3506	NP_462409.1	SL1344_3473
STM3507	NP_462410.1	SL1344_3474
STM3508	NP_462411.1	SL1344_3475
STM3509	NP_462412.1	SL1344_3476
STM3510	NP_462413.1	SL1344_3477
STM3511	NP_462414.1	SL1344_3478
STM3512	NP_462415.1	SL1344_3479
STM3513	NP_462416.1	SL1344_3480
STM3514	NP_462417.1	SL1344_3481
STM3515	NP_462418.1	SL1344_3482
STM3516	NP_462419.1	SL1344_3483
STM3517	NP_462420.1	SL1344_3484
STM3518	NP_462421.1	SL1344_3485
STM3519	NP_462422.1	SL1344_3486
STM3521	NP_462423.1	SL1344_3487
STM3522	NP_462424.1	SL1344_3488
STM3524	NP_462426.1	SL1344_3491
STM3525	NP_462427.1	SL1344_3492
STM3526	NP_462428.1	SL1344_3493
STM3527	NP_462429.1	SL1344_3494
STM3528	NP_462430.1	SL1344_3495
STM3529	NP_462431.1	SL1344_3496
STM3531	NP_462432.1	SL1344_3498
STM3532	NP_462433.1	SL1344_3499
STM3533	NP_462434.1	SL1344_3500
STM3534	NP_462435.1	SL1344_3501
STM3535	NP_462436.1	SL1344_3502
STM3536	NP_462437.1	SL1344_3503
STM3537	NP_462438.1	SL1344_3504
STM3538	NP_462439.1	SL1344_3505
STM3539	NP_462440.1	SL1344_3506
STM3541	NP_462442.1	SL1344_3507
STM3542	NP_462443.1	SL1344_3508
STM3543	NP_462444.1	SL1344_3509
STM3544	NP_462445.1	SL1344_3510
STM3545	NP_462446.1	SL1344_3511
STM3546	NP_462447.1	SL1344_3512
STM3547	NP_462448.3	SL1344_3513
STM3548	NP_462449.1	SL1344_3514
STM3549	NP_462450.1	SL1344_3515
STM3550	NP_462451.1	SL1344_3516
STM3551	NP_462452.1	SL1344_3517
STM3552	NP_462453.1	SL1344_3518
STM3553	NP_462454.1	SL1344_3519
STM3554	NP_462455.1	SL1344_3520
STM3555	NP_462456.1	SL1344_3521
STM3556	NP_462457.1	SL1344_3522
STM3557	NP_462458.1	SL1344_3523
STM3558	NP_462459.1	SL1344_3524
STM3559	NP_462460.1	SL1344_3525
STM3560	NP_462461.1	SL1344_3526
STM3561	NP_462462.1	SL1344_3527
STM3562	NP_462463.1	SL1344_3528
STM3563	NP_462464.1	SL1344_3529
STM3564	NP_462465.1	SL1344_3530
STM3565	NP_462466.1	SL1344_3531
STM3567	NP_462468.1	SL1344_3532
STM3568	NP_462469.1	SL1344_3533
STM3569	NP_462470.1	SL1344_3534
STM3570	NP_462471.1	SL1344_3535
STM3571	NP_462472.1	SL1344_3536
STM3572	NP_462473.1	SL1344_3537
STM3573	NP_462474.3	SL1344_3538
STM3574	NP_462475.1	SL1344_3539
STM3575	NP_462476.1	SL1344_3540
STM3576	NP_462477.1	SL1344_3541
STM3577	NP_462478.1	SL1344_3542
STM3578	NP_462479.1	SL1344_3543
STM3579	NP_462480.1	SL1344_3544
STM3580	NP_462481.1	SL1344_3545
STM3581	NP_462482.3	SL1344_3546
STM3582	NP_462483.1	SL1344_3547
STM3583	NP_462484.1	SL1344_3548
STM3584	NP_462485.1	SL1344_3549
STM3585	NP_462486.1	SL1344_3550
STM3586	NP_462487.3	SL1344_3551
STM3587	NP_462488.1	SL1344_3552
STM3588	NP_462489.1	SL1344_3553
STM3589	NP_462490.1	SL1344_3554
STM3590	NP_462491.1	SL1344_3555
STM3591	NP_462492.1	SL1344_3556
STM3592	NP_462493.1	SL1344_3557
STM3593	NP_462494.1	SL1344_3558
STM3594	NP_462495.1	SL1344_3559
STM3595	NP_462496.1	SL1344_3560
STM3596	NP_462497.1	SL1344_3561
STM3597	NP_462498.1	SL1344_3562
STM3598	NP_462499.1	SL1344_3563
STM3599	NP_462500.1	SL1344_3564
STM3600	NP_462501.1	SL1344_3565
STM3601	NP_462502.1	SL1344_3566
STM3602	NP_462503.1	SL1344_3567
STM3603	NP_462504.1	SL1344_3568
STM3604	NP_462505.1	SL1344_3569
STM3605	NP_462506.1	SL1344_3570
STM3606	NP_462507.1	SL1344_3571
STM3607	NP_462508.1	SL1344_3572
STM3608	NP_462509.1	SL1344_3573
STM3609	NP_462510.1	SL1344_3574
STM3610	NP_462511.1	SL1344_3575
STM3611	NP_462512.1	SL1344_3576
STM3612	NP_462513.1	SL1344_3577
STM3613	NP_462514.1	SL1344_3578
STM3614	NP_462515.1	SL1344_3579
STM3615	NP_462516.3	SL1344_3580
STM3616	NP_462517.1	SL1344_3581
STM3617	NP_462518.1	SL1344_3582
STM3618	NP_462519.1	SL1344_3583
STM3619	NP_462520.1	SL1344_3584
STM3620	NP_462521.1	SL1344_3585
STM3621	NP_462522.1	SL1344_3586
STM3622	NP_462523.1	SL1344_3587
STM3623	NP_462524.1	SL1344_3588
STM3624	NP_462525.1	SL1344_3589
STM3625	NP_462527.1	SL1344_3591
STM3626	NP_462528.1	SL1344_3592
STM3627	NP_462529.1	SL1344_3593
STM3628	NP_462530.1	SL1344_3594
STM3629	NP_462531.1	SL1344_3595
STM3630	NP_462532.1	SL1344_3596
STM3631	NP_462533.1	SL1344_3597
STM3632	NP_462534.1	SL1344_3598
STM3633	NP_462535.1	SL1344_3599
STM3635	NP_462536.1	SL1344_3600
STM3636	NP_462537.1	SL1344_3601
STM3638	NP_462539.1	SL1344_3604
STM3639	NP_462540.1	SL1344_3605
STM3640	NP_462541.1	SL1344_3606
STM3641	NP_462542.1	SL1344_3607
STM3642	NP_462543.1	SL1344_3608
STM3643	NP_462544.1	SL1344_3609
STM3644	NP_462545.1	SL1344_3610
STM3645	NP_462546.1	SL1344_3611
STM3646	NP_462547.1	SL1344_3612
STM3647	NP_462548.1	SL1344_3613
STM3648	NP_462549.1	SL1344_3614
STM3649	NP_462550.1	SL1344_3615
STM3650	NP_462551.1	SL1344_3616
STM3651	NP_462552.1	SL1344_3617
STM3652	NP_462553.1	SL1344_3618
STM3653	NP_462554.1	SL1344_3619
STM3655	NP_462555.1	SL1344_3620
STM3656	NP_462556.1	SL1344_3621
STM3657	NP_462557.1	SL1344_3622
STM3658	NP_462558.1	SL1344_3623
STM3659	NP_462559.1	SL1344_3624
STM3660	NP_462560.1	SL1344_3625
STM3661	NP_462561.1	SL1344_3626
STM3662	NP_462562.1	SL1344_3627
STM3663	NP_462563.1	SL1344_3628
STM3664	NP_462564.1	SL1344_3629
STM3665	NP_462565.1	SL1344_3630
STM3666	NP_462566.1	SL1344_3631
STM3667	NP_462567.1	SL1344_3632
STM3668	NP_462568.1	SL1344_3633
STM3669	NP_462569.1	SL1344_3634
STM3670	NP_462570.1	SL1344_3635
STM3671	NP_462571.1	SL1344_3636
STM3672	NP_462572.1	SL1344_3637
STM3673	NP_462573.1	SL1344_3638
STM3674	NP_462574.1	SL1344_3639
STM3675	NP_462575.1	SL1344_3640
STM3676	NP_462576.1	SL1344_3641
STM3677	NP_462577.1	SL1344_3642
STM3678	NP_462578.1	SL1344_3643
STM3679	NP_462579.1	SL1344_3644
STM3680	NP_462580.1	SL1344_3645
STM3681	NP_462581.1	SL1344_3646
STM3682	NP_462582.1	SL1344_3647
STM3683	NP_462583.1	SL1344_3648
STM3684	NP_462584.1	SL1344_3649
STM3685	NP_462585.1	SL1344_3650
STM3686	NP_462586.1	SL1344_3651
STM3687	NP_462587.1	SL1344_3652
STM3688	NP_462588.1	SL1344_3653
STM3689	NP_462589.1	SL1344_3654
STM3690	NP_462590.1	SL1344_3655
STM3691	NP_462591.1	SL1344_3656
STM3692	NP_462592.1	SL1344_3657
STM3693	NP_462593.1	SL1344_3658
STM3694	NP_462594.1	SL1344_3659
STM3695	NP_462595.1	SL1344_3660
STM3696	NP_462596.1	SL1344_3661
STM3697	NP_462597.1	SL1344_3662
STM3699	NP_462599.1	SL1344_3665
STM3700	NP_462600.1	SL1344_3666
STM3701	NP_462601.1	SL1344_3667
STM3702	NP_462602.1	SL1344_3668
STM3703	NP_462603.1	SL1344_3669
STM3704	NP_462604.1	SL1344_3670
STM3705	NP_462605.1	SL1344_3671
STM3706	NP_462606.1	SL1344_3672
STM3707	NP_462607.1	SL1344_3673
STM3708	NP_462608.1	SL1344_3674
STM3709	NP_462609.1	SL1344_3675
STM3710	NP_462610.1	SL1344_3676
STM3711	NP_462611.1	SL1344_3677
STM3712	NP_462612.1	SL1344_3678
STM3713	NP_462613.1	SL1344_3679
STM3714	NP_462614.1	SL1344_3680
STM3715	NP_462615.1	SL1344_3681
STM3716	NP_462616.1	SL1344_3682
STM3717	NP_462617.1	SL1344_3683
STM3718	NP_462618.1	SL1344_3684
STM3719	NP_462619.1	SL1344_3685
STM3721	NP_462621.1	SL1344_3687
STM3722	NP_462622.1	SL1344_3688
STM3723	NP_462623.1	SL1344_3689
STM3724	NP_462624.1	SL1344_3690
STM3725	NP_462625.1	SL1344_3691
STM3726	NP_462626.1	SL1344_3692
STM3727	NP_462627.1	SL1344_3693
STM3728	NP_462628.1	SL1344_3694
STM3729	NP_462629.1	SL1344_3695
STM3730	NP_462630.3	SL1344_3696
STM3731	NP_462631.1	SL1344_3697
STM3732	NP_462632.1	SL1344_3698
STM3733	NP_462633.1	SL1344_3699
STM3734	NP_462634.1	SL1344_3700
STM3735	NP_462635.1	SL1344_3701
STM3736	NP_462636.1	SL1344_3702
STM3737	NP_462637.1	SL1344_3703
STM3738	NP_462638.1	SL1344_3704
STM3739	NP_462639.1	SL1344_3705
STM3740	NP_462640.1	SL1344_3706
STM3741	NP_462641.1	SL1344_3707
STM3742	NP_462642.1	SL1344_3708
STM3743	NP_462643.1	SL1344_3709
STM3744	NP_462644.1	SL1344_3710
STM3745	NP_462645.1	SL1344_3711
STM3746	NP_462646.1	SL1344_3712
STM3747	NP_462647.1	SL1344_3713
STM3748	NP_462648.1	SL1344_3714
STM3749	NP_462649.1	SL1344_3715
STM3750	NP_462650.1	SL1344_3716
STM3752	NP_462651.1	SL1344_3717
STM3753	NP_462652.1	SL1344_3718
STM3755	NP_462654.1	SL1344_3720
STM3756	NP_462655.1	SL1344_3722
STM3757	NP_462656.1	SL1344_3723
STM3758	NP_462657.1	SL1344_3724
STM3759	NP_462658.4	SL1344_3725
STM3761	NP_462660.1	SL1344_3726
STM3762	NP_462661.1	SL1344_3727
STM3763	NP_462662.1	SL1344_3728
STM3764	NP_462663.1	SL1344_3729
STM3765	NP_462664.1	SL1344_3730
STM3766	NP_462665.1	SL1344_3731
STM3767	NP_462666.1	SL1344_3732
STM3768	NP_462667.1	SL1344_3733
STM3769	NP_462668.3	SL1344_3734
STM3770	NP_462669.1	SL1344_3735
STM3771	NP_462670.1	SL1344_3736
STM3772	NP_462671.1	SL1344_3737
STM3773	NP_462672.1	SL1344_3738
STM3774	NP_462673.1	SL1344_3739
STM3775	NP_462674.1	SL1344_3740
STM3777	NP_462676.1	SL1344_3743
STM3778	NP_462677.1	SL1344_3744
STM3779	NP_462678.1	SL1344_3745
STM3780	NP_462679.1	SL1344_3746
STM3781	NP_462680.1	SL1344_3747
STM3782	NP_462681.1	SL1344_3748
STM3783	NP_462682.1	SL1344_3749
STM3784	NP_462683.1	SL1344_3750
STM3785	NP_462684.1	SL1344_3751
STM3786	NP_462685.1	SL1344_3752
STM3787	NP_462686.1	SL1344_3753
STM3788	NP_462687.1	SL1344_3754
STM3789	NP_462688.1	SL1344_3755
STM3790	NP_462689.1	SL1344_3756
STM3791	NP_462690.1	SL1344_3757
STM3792	NP_462691.1	SL1344_3758
STM3793	NP_462692.1	SL1344_3759
STM3794	NP_462693.1	SL1344_3760
STM3795	NP_462694.1	SL1344_3761
STM3796	NP_462695.1	SL1344_3762
STM3797	NP_462696.1	SL1344_3763
STM3798	NP_462699.1	SL1344_3766
STM3799	NP_462700.1	SL1344_3767
STM3800	NP_462701.1	SL1344_3768
STM3801	NP_462702.1	SL1344_3769
STM3802	NP_462703.1	SL1344_3770
STM3803	NP_462704.1	SL1344_3771
STM3804	NP_462705.1	SL1344_3772
STM3805	NP_462706.1	SL1344_3773
STM3807	NP_462707.1	SL1344_3774
STM3808	NP_462708.3	SL1344_3775
STM3809	NP_462709.3	SL1344_3776
STM3810	NP_462710.1	SL1344_3777
STM3811	NP_462711.1	SL1344_3778
STM3812	NP_462712.1	SL1344_3779
STM3813	NP_462713.1	SL1344_3780
STM3814	NP_462714.1	SL1344_3781
STM3815	NP_462715.1	SL1344_2223C
STM3816	NP_462716.1	SL1344_3782A
STM3817	NP_462717.1	SL1344_3783
STM3818	NP_462718.1	SL1344_3784
STM3820	NP_462720.1	SL1344_3786
STM3821	NP_462721.1	SL1344_3787
STM3822	NP_462722.1	SL1344_3788
STM3823	NP_462723.1	SL1344_3789
STM3824	NP_462724.1	SL1344_3790
STM3825	NP_462725.1	SL1344_3791
STM3826	NP_462726.1	SL1344_3792
STM3827	NP_462727.1	SL1344_3793
STM3828	NP_462728.1	SL1344_3794
STM3829	NP_462729.1	SL1344_3796
STM3830	NP_462730.1	SL1344_3797
STM3831	NP_462731.1	SL1344_3798
STM3832	NP_462732.1	SL1344_3799
STM3833	NP_462733.1	SL1344_3800
STM3834	NP_462734.1	SL1344_3801
STM3835	NP_462735.1	SL1344_3802
STM3836	NP_462736.1	SL1344_3803
STM3837	NP_462737.1	SL1344_3804
STM3838	NP_462738.1	SL1344_3805
STM3839	NP_462739.1	SL1344_3806
STM3840	NP_462740.1	SL1344_3807
STM3841	NP_462741.1	SL1344_3808
STM3842	NP_462742.1	SL1344_3809
STM3843	NP_462743.1	SL1344_3810
STM3845	NP_462744.1	SL1344_3812
STM3846	NP_462745.3	SL1344_3813
STM3847	NP_462746.1	SL1344_3814
STM3848	NP_462747.1	SL1344_3815
STM3849	NP_462748.1	SL1344_3816
STM3850	NP_462749.3	SL1344_3817
STM3851	NP_462750.3	SL1344_3818
STM3852	NP_462751.1	SL1344_3819
STM3853	NP_462752.1	SL1344_3820
STM3854	NP_462753.1	SL1344_3821
STM3855	NP_462754.1	SL1344_3822
STM3856	NP_462755.1	SL1344_3823
STM3857	NP_462756.1	SL1344_3824
STM3858	NP_462757.1	SL1344_3825
STM3859	NP_462758.1	SL1344_3826
STM3860	NP_462759.1	SL1344_3827
STM3861	NP_462760.1	SL1344_3828
STM3862	NP_462761.1	SL1344_3829
STM3863	NP_462762.1	SL1344_3830
STM3864	NP_462763.1	SL1344_3831
STM3865	NP_462764.1	SL1344_3832
STM3866	NP_462765.1	SL1344_3833
STM3867	NP_462766.1	SL1344_3834
STM3868	NP_462767.1	SL1344_3835
STM3869	NP_462768.1	SL1344_3836
STM3870	NP_462769.1	SL1344_3837
STM3871	NP_462770.1	SL1344_3838
STM3872	NP_462771.1	SL1344_3839
STM3873	NP_462772.3	SL1344_3840
STM3874	NP_462773.1	SL1344_3841
STM3875	NP_462774.1	SL1344_3842
STM3876	NP_462775.1	SL1344_3843
STM3877	NP_462776.1	SL1344_3844
STM3878	NP_462777.3	SL1344_3845
STM3879	NP_462778.1	SL1344_3846
STM3880	NP_462779.1	SL1344_3847
STM3881	NP_462780.1	SL1344_3848
STM3882	NP_462781.1	SL1344_3849
STM3883	NP_462782.1	SL1344_3850
STM3884	NP_462783.1	SL1344_3851
STM3885	NP_462784.1	SL1344_3852
STM3886	NP_462785.1	SL1344_3853
STM3888	NP_462787.1	SL1344_3857
STM3897	NP_462788.3	SL1344_3858
STM3898	NP_462789.1	SL1344_3859
STM3899	NP_462790.1	SL1344_3860
STM3901	NP_462792.1	SL1344_3861
STM3902	NP_462793.3	SL1344_3862
STM3903	NP_462794.1	SL1344_3863
STM3904	NP_462795.1	SL1344_3864
STM3905	NP_462796.1	SL1344_3865
STM3906	NP_462797.1	SL1344_3866
STM3907	NP_462798.1	SL1344_3867
STM3908	NP_462799.1	SL1344_3868
STM3909	NP_462800.1	SL1344_3869
STM3910	NP_462801.1	SL1344_3870
STM3912	NP_462803.1	SL1344_3872
STM3913	NP_462804.1	SL1344_3873
STM3914	NP_462805.1	SL1344_3874
STM3915	NP_462806.1	SL1344_3875
STM3917	NP_462807.1	SL1344_3876
STM3918	NP_462808.1	SL1344_3877
STM3919	NP_462809.1	SL1344_3878
STM3920	NP_462810.1	SL1344_3879
STM3921	NP_462811.1	SL1344_3880
STM3922	NP_462812.1	SL1344_3881
STM3923	NP_462813.1	SL1344_3882
STM3924	NP_462814.3	SL1344_3883
STM3925	NP_462815.1	SL1344_3884
STM3926	NP_462816.1	SL1344_3885
STM3927	NP_462817.1	SL1344_3886
STM3928	NP_462818.1	SL1344_3887
STM3929	NP_462819.1	SL1344_3888
STM3930	NP_462820.1	SL1344_3889
STM3935	NP_462821.1	SL1344_3890
STM3936	NP_462822.1	SL1344_3891
STM3937	NP_462823.1	SL1344_3892
STM3938	NP_462824.1	SL1344_3893
STM3939	NP_462825.1	SL1344_3894
STM3940	NP_462826.1	SL1344_3895
STM3941	NP_462827.1	SL1344_3896
STM3942	NP_462828.1	SL1344_3897
STM3943	NP_462829.1	SL1344_3898
STM3944	NP_462830.1	SL1344_3899
STM3946	NP_462831.1	SL1344_3900
STM3947	NP_462832.3	SL1344_3901
STM3948	NP_462833.1	SL1344_3902
STM3949	NP_462834.1	SL1344_3903
STM3950	NP_462835.1	SL1344_3904
STM3951	NP_462836.1	SL1344_3905
STM3952	NP_462837.1	SL1344_3906
STM3953	NP_462838.1	SL1344_3907
STM3954	NP_462839.1	SL1344_3908
STM3955	NP_462840.1	SL1344_3909
STM3956	NP_462841.3	SL1344_3910
STM3957	NP_462842.1	SL1344_3911
STM3958	NP_462843.1	SL1344_3912
STM3959	NP_462844.1	SL1344_3913
STM3960	NP_462845.1	SL1344_3914
STM3961	NP_462846.1	SL1344_3915
STM3962	NP_462847.1	SL1344_3916
STM3963	NP_462848.1	SL1344_3917
STM3964	NP_462849.1	SL1344_3918
STM3965	NP_462850.1	SL1344_3919
STM3966	NP_462851.1	SL1344_3920
STM3967	NP_462852.1	SL1344_3921
STM3968	NP_462853.1	SL1344_3922
STM3969	NP_462854.1	SL1344_3923
STM3970	NP_462855.1	SL1344_3924
STM3971	NP_462856.1	SL1344_3925
STM3972	NP_462857.1	SL1344_3926
STM3973	NP_462858.1	SL1344_3927
STM3974	NP_462859.1	SL1344_3928
STM3975	NP_462860.1	SL1344_3929
STM3976	NP_462861.3	SL1344_3930
STM3977	NP_462862.1	SL1344_3931
STM3978	NP_462863.1	SL1344_3932
STM3979	NP_462864.1	SL1344_3933
STM3982	NP_462867.1	SL1344_3935
STM3983	NP_462868.1	SL1344_3936
STM3984	NP_462869.1	SL1344_3937
STM3985	NP_462870.1	SL1344_3938
STM3986	NP_462871.1	SL1344_3939
STM3987	NP_462872.1	SL1344_3940
STM3993	NP_462873.1	SL1344_3941
STM3994	NP_462874.1	SL1344_3942
STM3995	NP_462875.1	SL1344_3943
STM3996	NP_462876.1	SL1344_3944
STM3997	NP_462877.1	SL1344_3945
STM3998	NP_462878.1	SL1344_3946
STM3999	NP_462879.1	SL1344_3947
STM4001	NP_462881.1	SL1344_3948
STM4003	NP_462883.1	SL1344_3950
STM4004	NP_462884.1	SL1344_3951
STM4005	NP_462885.1	SL1344_3952
STM4006	NP_462886.1	SL1344_3953
STM4007	NP_462887.1	SL1344_3954
STM4009	NP_462889.1	SL1344_3955
STM4010	NP_462890.1	SL1344_3956
STM4011	NP_462891.1	SL1344_3957
STM4012	NP_462892.1	SL1344_3958
STM4013	NP_462893.3	SL1344_3959
STM4014	NP_462894.3	SL1344_3960
STM4015	NP_462895.1	SL1344_3961
STM4016	NP_462896.1	SL1344_3962
STM4017	NP_462897.1	SL1344_3963
STM4018	NP_462898.1	SL1344_3964
STM4019	NP_462899.1	SL1344_3965
STM4020	NP_462900.3	SL1344_3966
STM4021	NP_462901.1	SL1344_3967
STM4022	NP_462902.1	SL1344_3968
STM4023	NP_462903.1	SL1344_3969
STM4024	NP_462904.3	SL1344_3970
STM4025	NP_462905.1	SL1344_3971
STM4026	NP_462906.1	SL1344_3972
STM4027	NP_462907.1	SL1344_3973
STM4028	NP_462908.1	SL1344_3974
STM4029	NP_462909.1	SL1344_3975
STM4030	NP_462910.3	SL1344_3976
STM4031	NP_462911.1	SL1344_3977
STM4032	NP_462912.1	SL1344_3978
STM4033	NP_462913.3	SL1344_3980
STM4034	NP_462914.1	SL1344_3981
STM4035	NP_462915.1	SL1344_3982
STM4036	NP_462916.1	SL1344_3983
STM4037	NP_462917.1	SL1344_3984
STM4038	NP_462918.1	SL1344_3986
STM4039	NP_462919.1	SL1344_3987
STM4040	NP_462920.3	SL1344_3988
STM4041	NP_462921.1	SL1344_3989
STM4042	NP_462922.1	SL1344_3990
STM4042A	NP_462923.1	SL1344_3991
STM4043	NP_462924.1	SL1344_3992
STM4044	NP_462925.1	SL1344_3993
STM4045	NP_462926.1	SL1344_3994
STM4046	NP_462927.1	SL1344_3995
STM4047	NP_462928.1	SL1344_3996
STM4048	NP_462929.1	SL1344_3997
STM4049	NP_462930.1	SL1344_3998
STM4050	NP_462931.1	SL1344_3999
STM4051	NP_462932.3	SL1344_4000
STM4052	NP_462933.1	SL1344_4001
STM4053	NP_462934.1	SL1344_4002
STM4054	NP_462935.1	SL1344_4003
STM4055	NP_462936.1	SL1344_4004
STM4056	NP_462937.3	SL1344_4005
STM4057	NP_462938.1	SL1344_4006
STM4058	NP_462939.1	SL1344_4007
STM4059	NP_462940.1	SL1344_4008
STM4060	NP_462941.1	SL1344_4009
STM4061	NP_462942.1	SL1344_4010
STM4062	NP_462943.1	SL1344_4011
STM4063	NP_462944.1	SL1344_4012
STM4064	NP_462945.1	SL1344_4013
STM4065	NP_462946.1	SL1344_4014
STM4066	NP_462947.1	SL1344_4015
STM4067	NP_462948.1	SL1344_4016
STM4068	NP_462949.1	SL1344_4017
STM4071	NP_462952.1	SL1344_4020
STM4072	NP_462953.1	SL1344_4021
STM4073	NP_462954.1	SL1344_4022
STM4074	NP_462955.1	SL1344_4023
STM4075	NP_462956.1	SL1344_4024
STM4076	NP_462957.1	SL1344_4025
STM4077	NP_462958.1	SL1344_4026
STM4078	NP_462959.1	SL1344_4027
STM4079	NP_462960.3	SL1344_4028
STM4080	NP_462961.1	SL1344_4029
STM4081	NP_462962.1	SL1344_4030
STM4082	NP_462963.1	SL1344_4031
STM4083	NP_462964.1	SL1344_4032
STM4084	NP_462965.1	SL1344_4033
STM4085	NP_462966.1	SL1344_4034
STM4086	NP_462967.1	SL1344_4035
STM4087	NP_462968.1	SL1344_4036
STM4088	NP_462969.1	SL1344_4037
STM4089	NP_462970.1	SL1344_4038
STM4090	NP_462971.1	SL1344_4039
STM4091	NP_462972.1	SL1344_4040
STM4092	NP_462973.1	SL1344_4041
STM4093	NP_462974.1	SL1344_4042
STM4094	NP_462975.1	SL1344_4043
STM4095	NP_462976.1	SL1344_4044
STM4096	NP_462977.1	SL1344_4045
STM4097	NP_462978.1	SL1344_4046
STM4098	NP_462979.1	SL1344_4047
STM4099	NP_462980.1	SL1344_4048
STM4100	NP_462981.1	SL1344_4049
STM4101	NP_462982.1	SL1344_4050
STM4103	NP_462984.1	SL1344_4053
STM4104	NP_462985.1	SL1344_4054
STM4105	NP_462986.1	SL1344_4055
STM4106	NP_462987.1	SL1344_4056
STM4107	NP_462988.1	SL1344_4057
STM4108	NP_462989.1	SL1344_4058
STM4109	NP_462990.1	SL1344_4059
STM4110	NP_462991.1	SL1344_4060
STM4112	NP_462992.1	SL1344_4061
STM4113	NP_462993.1	SL1344_4062
STM4114	NP_462994.1	SL1344_4063
STM4115	NP_462995.1	SL1344_4064
STM4116	NP_462996.1	SL1344_4065
STM4117	NP_462997.1	SL1344_4066
STM4118	NP_462998.1	SL1344_4068
STM4119	NP_462999.1	SL1344_4069
STM4120	NP_463000.1	SL1344_4070
STM4121	NP_463001.1	SL1344_4071
STM4122	NP_463002.3	SL1344_4072
STM4123	NP_463003.1	SL1344_4073
STM4125	NP_463004.1	SL1344_4074
STM4126	NP_463005.1	SL1344_4075
STM4127	NP_463006.3	SL1344_4076
STM4128	NP_463007.1	SL1344_4077
STM4129	NP_463008.1	SL1344_4078
STM4130	NP_463009.1	SL1344_4079
STM4131	NP_463010.1	SL1344_4080
STM4137	NP_463011.1	SL1344_4081
STM4138	NP_463012.1	SL1344_4082
STM4139	NP_463013.1	SL1344_4083
STM4141	NP_463014.1	SL1344_4084
STM4146	NP_463015.1	SL1344_4085
STM4147	NP_463016.1	SL1344_4086
STM4148	NP_463017.1	SL1344_4087
STM4149	NP_463018.1	SL1344_4088
STM4150	NP_463019.1	SL1344_4089
STM4151	NP_463020.1	SL1344_4090
STM4152	NP_463021.1	SL1344_4091
STM4153	NP_463022.1	SL1344_4092
STM4154	NP_463023.1	SL1344_4093
STM4155	NP_463024.1	SL1344_4094
STM4156	NP_463025.1	SL1344_4095
STM4157	NP_463026.1	SL1344_4096
STM4158	NP_463027.1	SL1344_4097
STM4159	NP_463028.1	SL1344_4098
STM4160	NP_463029.1	SL1344_4099
STM4161	NP_463030.1	SL1344_4100
STM4162	NP_463031.1	SL1344_4101
STM4163	NP_463032.1	SL1344_4102
STM4164	NP_463033.1	SL1344_4103
STM4165	NP_463034.1	SL1344_4104
STM4166	NP_463035.1	SL1344_4105
STM4167	NP_463036.2	SL1344_4106
STM4168	NP_463037.1	SL1344_4107
STM4169	NP_463038.1	SL1344_4108
STM4170	NP_463039.1	SL1344_4109
STM4171	NP_463040.1	SL1344_4110
STM4172	NP_463041.1	SL1344_4111
STM4173	NP_463042.1	SL1344_4112
STM4174	NP_463043.1	SL1344_4113
STM4175	NP_463044.1	SL1344_4114
STM4176	NP_463045.1	SL1344_4115
STM4181	NP_463046.1	SL1344_4116
STM4182	NP_463047.1	SL1344_4117
STM4183	NP_463048.1	SL1344_4118
STM4184	NP_463049.1	SL1344_4119
STM4185	NP_463050.1	SL1344_4120
STM4186	NP_463051.1	SL1344_4121
STM4187	NP_463052.1	SL1344_4122
STM4188	NP_463053.3	SL1344_4123
STM4189	NP_463054.1	SL1344_4124
STM4190	NP_463055.1	SL1344_4125
STM4191	NP_463056.1	SL1344_4126
STM4192	NP_463057.1	SL1344_4127
STM4193	NP_463058.1	SL1344_4128
STM4194	NP_463059.1	SL1344_4129
STM4195	NP_463060.1	SL1344_4130
STM4196	NP_463061.1	SL1344_4131
STM4197	NP_463062.1	SL1344_4132
STM4198	NP_463063.1	SL1344_4133
STM4199	NP_463064.1	SL1344_4134
STM4200	NP_463065.1	SL1344_4135
STM4201	NP_463066.1	SL1344_4136
STM4202	NP_463067.1	SL1344_4137
STM4203	NP_463068.1	SL1344_4138
STM4204	NP_463069.1	SL1344_4139
STM4205	NP_463070.1	SL1344_4140
STM4206	NP_463071.1	SL1344_4141
STM4207	NP_463072.1	SL1344_4142
STM4208	NP_463073.1	SL1344_4143
STM4209	NP_463074.1	SL1344_4144
STM4210	NP_463075.1	SL1344_4145
STM4211	NP_463076.1	SL1344_4146
STM4212	NP_463077.1	SL1344_4148
STM4213	NP_463078.1	SL1344_4149
STM4214	NP_463079.1	SL1344_4150
STM4215	NP_463080.1	SL1344_4151
STM4216	NP_463081.1	SL1344_4152
STM4217	NP_463082.1	SL1344_4153
STM4218	NP_463083.1	SL1344_4154
STM4220	NP_463085.1	SL1344_4156
STM4221	NP_463086.1	SL1344_4157
STM4223	NP_463088.3	SL1344_4159
STM4224	NP_463089.1	SL1344_4160
STM4225	NP_463090.1	SL1344_4161
STM4226	NP_463091.1	SL1344_4162
STM4227	NP_463092.1	SL1344_4163
STM4228	NP_463093.1	SL1344_4164
STM4229	NP_463094.3	SL1344_4166
STM4230	NP_463095.1	SL1344_4167
STM4231	NP_463096.1	SL1344_4168
STM4232	NP_463097.1	SL1344_4169
STM4233	NP_463098.1	SL1344_4170
STM4234	NP_463099.1	SL1344_4171
STM4235	NP_463100.1	SL1344_4172
STM4236	NP_463101.1	SL1344_4173
STM4237	NP_463102.1	SL1344_4174
STM4238	NP_463103.1	SL1344_4175
STM4240	NP_463105.1	SL1344_4176
STM4241	NP_463106.1	SL1344_4177
STM4242	NP_463107.1	SL1344_4178
STM4243	NP_463108.1	SL1344_4179
STM4244	NP_463109.1	SL1344_4180
STM4245	NP_463110.1	SL1344_4181
STM4246	NP_463111.1	SL1344_4182
STM4247	NP_463112.1	SL1344_4183
STM4248	NP_463113.1	SL1344_4184
STM4249	NP_463114.1	SL1344_4185
STM4250	NP_463115.1	SL1344_4186
STM4251	NP_463116.1	SL1344_4187
STM4252	NP_463117.1	SL1344_4188
STM4253	NP_463118.1	SL1344_4189
STM4254	NP_463119.1	SL1344_4190
STM4256	NP_463121.1	SL1344_4192
STM4257	NP_463122.1	SL1344_4193
STM4258	NP_463123.1	SL1344_4194
STM4259	NP_463124.1	SL1344_4195
STM4260	NP_463125.1	SL1344_4196
STM4261	NP_463126.1	SL1344_4197
STM4262	NP_463127.1	SL1344_4198
STM4263	NP_463128.1	SL1344_4199
STM4264	NP_463129.1	SL1344_4200
STM4265	NP_463130.1	SL1344_4201
STM4266	NP_463131.1	SL1344_4202
STM4267	NP_463132.1	SL1344_4203
STM4268	NP_463133.1	SL1344_4204
STM4269	NP_463134.1	SL1344_4205
STM4270	NP_463135.1	SL1344_4206
STM4271	NP_463136.1	SL1344_4207
STM4272	NP_463137.1	SL1344_4208
STM4273	NP_463138.1	SL1344_4209
STM4274	NP_463139.1	SL1344_4210
STM4275	NP_463140.1	SL1344_4211
STM4277	NP_463142.1	SL1344_4213
STM4278	NP_463143.3	SL1344_4214
STM4279	NP_463144.1	SL1344_4215
STM4280	NP_463145.1	SL1344_4216
STM4281	NP_463146.1	SL1344_4217
STM4282	NP_463147.1	SL1344_4218
STM4283	NP_463148.1	SL1344_4219
STM4284	NP_463149.1	SL1344_4220
STM4285	NP_463150.1	SL1344_4221
STM4286	NP_463151.1	SL1344_4223
STM4287	NP_463152.3	SL1344_4224
STM4288	NP_463153.1	SL1344_4225
STM4289	NP_463154.1	SL1344_4226
STM4290	NP_463155.1	SL1344_4227
STM4291	NP_463156.1	SL1344_4228
STM4292	NP_463157.1	SL1344_4229
STM4293	NP_463158.1	SL1344_4230
STM4294	NP_463159.1	SL1344_4231
STM4295	NP_463160.1	SL1344_4232
STM4296	NP_463161.1	SL1344_4233
STM4297	NP_463162.1	SL1344_4234
STM4298	NP_463163.1	SL1344_4235
STM4299	NP_463164.1	SL1344_4236
STM4300	NP_463165.1	SL1344_4237
STM4301	NP_463166.1	SL1344_4238
STM4302	NP_463167.1	SL1344_4239
STM4303	NP_463168.1	SL1344_4240
STM4304	NP_463169.1	SL1344_4241
STM4305	NP_463170.3	SL1344_4242
STM4306	NP_463171.1	SL1344_4243
STM4307	NP_463172.1	SL1344_4244
STM4308	NP_463173.1	SL1344_4245
STM4309	NP_463174.1	SL1344_4246
STM4310	NP_463175.1	SL1344_4247
STM4311	NP_463176.1	SL1344_3446
STM4312	NP_463177.1	SL1344_4248
STM4313	NP_463178.1	SL1344_4249
STM4314	NP_463179.3	SL1344_4250
STM4315	NP_463180.1	SL1344_4251
STM4316	NP_463181.1	SL1344_4252
STM4317	NP_463182.1	SL1344_4253
STM4318	NP_463183.1	SL1344_4254
STM4319	NP_463184.1	SL1344_4255
STM4320	NP_463185.1	SL1344_4258
STM4322	NP_463186.1	SL1344_4259
STM4323	NP_463187.1	SL1344_4260
STM4324	NP_463188.1	SL1344_4261
STM4325	NP_463189.1	SL1344_4262
STM4326	NP_463190.1	SL1344_4263
STM4327	NP_463191.3	SL1344_4264
STM4328	NP_463192.1	SL1344_4265
STM4329	NP_463193.1	SL1344_4266
STM4330	NP_463194.1	SL1344_4267
STM4331	NP_463195.3	SL1344_4268
STM4332	NP_463196.1	SL1344_4269
STM4333	NP_463197.1	SL1344_4270
STM4334	NP_463198.1	SL1344_4271
STM4335	NP_463199.3	SL1344_4272
STM4336	NP_463200.1	SL1344_4273
STM4337	NP_463201.1	SL1344_4274
STM4338	NP_463202.1	SL1344_4275
STM4339	NP_463203.1	SL1344_4276
STM4340	NP_463204.1	SL1344_4277
STM4341	NP_463205.1	SL1344_4278
STM4342	NP_463206.1	SL1344_4279
STM4343	NP_463207.1	SL1344_4280
STM4344	NP_463208.1	SL1344_4281
STM4345	NP_463209.1	SL1344_4282
STM4346	NP_463210.1	SL1344_4283
STM4347	NP_463211.1	SL1344_4284
STM4348	NP_463212.1	SL1344_4285
STM4349	NP_463213.3	SL1344_4286
STM4350	NP_463214.1	SL1344_4287
STM4351	NP_463215.3	SL1344_4288
STM4355	NP_463216.3	SL1344_4289
STM4356	NP_463217.1	SL1344_4290
STM4357	NP_463218.1	SL1344_4291
STM4358	NP_463219.1	SL1344_4292
STM4359	NP_463220.1	SL1344_4293
STM4360	NP_463221.1	SL1344_4294
STM4361	NP_463222.1	SL1344_4295
STM4362	NP_463223.1	SL1344_4296
STM4363	NP_463224.1	SL1344_4297
STM4364	NP_463225.1	SL1344_4298
STM4366	NP_463227.1	SL1344_4299
STM4367	NP_463228.1	SL1344_4300
STM4368	NP_463229.1	SL1344_4301
STM4369	NP_463230.1	SL1344_4302
STM4370	NP_463231.1	SL1344_4303
STM4372	NP_463233.1	SL1344_4305
STM4373	NP_463234.3	SL1344_4306
STM4374	NP_463235.1	SL1344_4307
STM4375	NP_463236.1	SL1344_4308
STM4376	NP_463237.1	SL1344_4309
STM4377	NP_463238.3	SL1344_4310
STM4378	NP_463239.1	SL1344_4311
STM4379	NP_463240.1	SL1344_4312
STM4380	NP_463241.1	SL1344_4313
STM4381	NP_463242.1	SL1344_4314
STM4382	NP_463243.1	SL1344_4315
STM4383	NP_463244.3	SL1344_4316
STM4384	NP_463245.1	SL1344_4317
STM4385	NP_463246.1	SL1344_4318
STM4386	NP_463247.1	SL1344_4319
STM4387	NP_463248.1	SL1344_4320
STM4388	NP_463249.1	SL1344_4321
STM4389	NP_463250.1	SL1344_4322
STM4390	NP_463251.1	SL1344_4323
STM4391	NP_463252.1	SL1344_4324
STM4392	NP_463253.1	SL1344_4325
STM4393	NP_463254.2	SL1344_4326
STM4394	NP_463255.1	SL1344_4327
STM4395	NP_463256.1	SL1344_4328
STM4396	NP_463257.1	SL1344_4329
STM4397	NP_463258.3	SL1344_4330
STM4398	NP_463259.1	SL1344_4331
STM4399	NP_463260.1	SL1344_4332
STM4400	NP_463261.1	SL1344_4333
STM4401	NP_463262.1	SL1344_4334
STM4402	NP_463263.1	SL1344_4335
STM4403	NP_463264.1	SL1344_4336
STM4404	NP_463265.1	SL1344_4337
STM4405	NP_463266.1	SL1344_4338
STM4406	NP_463267.3	SL1344_4339
STM4407	NP_463268.1	SL1344_4340
STM4408	NP_463269.1	SL1344_4341
STM4409	NP_463270.1	SL1344_4342
STM4410	NP_463271.1	SL1344_4343
STM4411	NP_463272.1	SL1344_4344
STM4412	NP_463273.1	SL1344_4345
STM4413	NP_463274.1	SL1344_4346
STM4414	NP_463275.1	SL1344_4347
STM4415	NP_463276.1	SL1344_4348
STM4416	NP_463277.1	SL1344_4349
STM4417	NP_463278.1	SL1344_4350
STM4418	NP_463279.1	SL1344_4351
STM4419	NP_463280.1	SL1344_4352
STM4420	NP_463281.1	SL1344_4353
STM4421	NP_463282.1	SL1344_4354
STM4422	NP_453693.1	SL1344_4354A
STM4423	NP_463284.1	SL1344_4355
STM4424	NP_463285.3	SL1344_4356
STM4425	NP_463286.1	SL1344_4357
STM4426	NP_463287.1	SL1344_4358
STM4427	NP_463288.1	SL1344_4359
STM4428	NP_463289.1	SL1344_4360
STM4430	NP_453701.1	SL1344_4361
STM4431	NP_453702.1	SL1344_4362
STM4433	NP_463294.1	SL1344_4363
STM4434	NP_463295.1	SL1344_4364
STM4435	NP_463296.1	SL1344_4365
STM4436	NP_463297.1	SL1344_4366
STM4437	NP_463298.1	SL1344_4367
STM4438	NP_463299.1	SL1344_4368
STM4439	NP_463300.1	SL1344_4369
STM4440	NP_463301.1	SL1344_4370
STM4441	NP_463302.1	SL1344_4371
STM4442	NP_463303.1	SL1344_4372
STM4443	NP_463304.1	SL1344_4373
STM4444	NP_463305.1	SL1344_4374
STM4445	NP_463306.1	SL1344_4375
STM4446	NP_463307.1	SL1344_4376
STM4447	NP_463308.2	SL1344_4377
STM4448	NP_463309.1	SL1344_4378
STM4449	NP_463310.1	SL1344_4379
STM4450	NP_463311.1	SL1344_4380
STM4451	NP_463312.1	SL1344_4381
STM4452	NP_463313.1	SL1344_4382
STM4453	NP_463314.1	SL1344_4384
STM4455	NP_463315.1	SL1344_4386
STM4456	NP_463316.1	SL1344_4387
STM4457	NP_463317.1	SL1344_4388
STM4458	NP_463318.1	SL1344_4389
STM4459	NP_463319.1	SL1344_4390
STM4460	NP_463320.1	SL1344_4391
STM4461	NP_463321.1	SL1344_4392
STM4463	NP_463323.1	SL1344_4393
STM4464	NP_463324.1	SL1344_4394
STM4465	NP_463325.1	SL1344_4395
STM4466	NP_463326.1	SL1344_4396
STM4467	NP_463327.1	SL1344_4397
STM4468	NP_463328.1	SL1344_4398
STM4469	NP_463329.1	SL1344_4399
STM4470	NP_463330.1	SL1344_4400
STM4471	NP_463331.1	SL1344_4401
STM4472	NP_463332.1	SL1344_4402
STM4473	NP_463333.1	SL1344_4403
STM4474	NP_463334.1	SL1344_4404
STM4475	NP_463335.1	SL1344_4405
STM4476	NP_463336.3	SL1344_4406
STM4477	NP_463337.1	SL1344_4407
STM4479	NP_463339.1	SL1344_4409
STM4480	NP_463340.1	SL1344_4410
STM4481	NP_463341.1	SL1344_4411
STM4482	NP_463342.1	SL1344_4412
STM4483	NP_463343.1	SL1344_4413
STM4484	NP_463344.1	SL1344_4414
STM4485	NP_463345.1	SL1344_4415
STM4486	NP_463346.1	SL1344_4416
STM4488	NP_463347.1	SL1344_4417
STM4489	NP_463348.1	SL1344_4418
STM4490	NP_463349.1	SL1344_4419
STM4491	NP_463350.1	SL1344_4420
STM4492	NP_463351.1	SL1344_4421
STM4493	NP_463352.1	SL1344_4422
STM4494	NP_463353.1	SL1344_4423
STM4495	NP_463354.1	SL1344_4424
STM4496	NP_463355.1	SL1344_4425
STM4497	NP_463356.1	SL1344_4426
STM4498	NP_463357.1	SL1344_4427
STM4499	NP_463358.3	SL1344_4429
STM4500	NP_463359.1	SL1344_4430
STM4501	NP_463360.1	SL1344_4431
STM4502	NP_463361.1	SL1344_4432
STM4503	NP_463362.1	SL1344_4433
STM4504	NP_463363.1	SL1344_4434
STM4505	NP_463364.1	SL1344_4435
STM4506	NP_463365.1	SL1344_4436
STM4507	NP_463366.1	SL1344_4437
STM4508	NP_463367.1	SL1344_4438
STM4509	NP_463368.3	SL1344_4440
STM4510	NP_463369.1	SL1344_4441
STM4511	NP_463370.1	SL1344_4442
STM4512	NP_463371.1	SL1344_4443
STM4513	NP_463372.1	SL1344_4444
STM4514	NP_463373.3	SL1344_4445
STM4515	NP_463374.1	SL1344_4446
STM4516	NP_463375.1	SL1344_4447
STM4517	NP_463376.1	SL1344_4448
STM4519	NP_463378.1	SL1344_4450
STM4520	NP_463379.1	SL1344_4451
STM4521	NP_463380.1	SL1344_4452
STM4522	NP_463381.1	SL1344_4453
STM4523	NP_463382.1	SL1344_4454
STM4524	NP_463383.1	SL1344_4455
STM4525	NP_463384.1	SL1344_4456
STM4526	NP_463385.1	SL1344_4457
STM4527	NP_463386.1	SL1344_4458
STM4528	NP_463387.1	SL1344_4459
STM4529	NP_463388.1	SL1344_4460
STM4530	NP_463389.1	SL1344_4461
STM4531	NP_463390.1	SL1344_4462
STM4532	NP_463391.1	SL1344_4463
STM4533	NP_463392.1	SL1344_4464
STM4534	NP_463393.1	SL1344_4465
STM4535	NP_463394.1	SL1344_4466
STM4536	NP_463395.1	SL1344_4467
STM4537	NP_463396.1	SL1344_4468
STM4538	NP_463397.1	SL1344_4469
STM4539	NP_463398.1	SL1344_4470
STM4540	NP_463399.3	SL1344_4471
STM4541	NP_463400.3	SL1344_4472
STM4542	NP_463401.1	SL1344_4473
STM4543	NP_463402.1	SL1344_4474
STM4544	NP_463403.1	SL1344_4475
STM4545	NP_463404.1	SL1344_4476
STM4546	NP_463405.1	SL1344_4477
STM4547	NP_463406.1	SL1344_4478
STM4548	NP_463407.3	SL1344_4479
STM4549	NP_463408.1	SL1344_4480
STM4550	NP_463409.1	SL1344_4481
STM4551	NP_463410.1	SL1344_4482
STM4552	NP_463411.1	SL1344_4483
STM4556	NP_463412.1	SL1344_4484
STM4557	NP_463413.1	SL1344_4485
STM4558	NP_463414.1	SL1344_4486
STM4559	NP_463415.3	SL1344_4487
STM4560	NP_463416.1	SL1344_4488
STM4561	NP_463417.1	SL1344_4489
STM4563	NP_463419.1	SL1344_4490
STM4564	NP_463420.1	SL1344_4491
STM4565	NP_463421.1	SL1344_4492
STM4566	NP_463422.1	SL1344_4493
STM4567	NP_463423.1	SL1344_4494
STM4568	NP_463424.1	SL1344_4495
STM4569	NP_463425.1	SL1344_4496
STM4570	NP_463426.1	SL1344_4497
STM4571	NP_463427.1	SL1344_4498
STM4572	NP_463428.1	SL1344_4499
STM4573	NP_463429.1	SL1344_4500
STM4574	NP_463430.1	SL1344_4501
STM4575	NP_463431.1	SL1344_4502
STM4576	NP_463432.1	SL1344_4503
STM4577	NP_463433.2	SL1344_4504
STM4578	NP_463434.1	SL1344_4505
STM4579	NP_463435.1	SL1344_4506
STM4580	NP_463436.5	SL1344_4507
STM4581	NP_463437.1	SL1344_4508
STM4582	NP_463438.3	SL1344_4509
STM4583	NP_463439.1	SL1344_4510
STM4584	NP_463440.1	SL1344_4511
STM4585	NP_463441.1	SL1344_4512
STM4586	NP_463442.1	SL1344_4513
STM4587	NP_463443.1	SL1344_4514
STM4588	NP_463444.1	SL1344_4515
STM4589	NP_463445.1	SL1344_4516
STM4590	NP_463446.1	SL1344_4517
STM4591	NP_463447.1	SL1344_4518
STM4592	NP_463448.1	SL1344_4519
STM4593	NP_463449.1	SL1344_4520
STM4594	NP_463450.1	SL1344_4521
STM4595	NP_463451.1	SL1344_4522
STM4596	NP_463452.1	SL1344_4523
STM4598	NP_463454.1	SL1344_4525
STM4599	NP_463455.1	SL1344_4526
STM4600	NP_463456.1	SL1344_4527
PSLT001	NP_490493.1	SL1344_P1_0104
PSLT003	NP_490495.1	SL1344_P1_0102
PSLT005	NP_490497.1	SL1344_P1_0100
PSLT006	NP_490498.3	SL1344_P1_0099
PSLT008	NP_490500.1	SL1344_P1_0097
PSLT009	NP_490501.1	SL1344_P1_0096
PSLT010	NP_490502.1	SL1344_P1_0095
PSLT011	NP_490503.1	SL1344_P1_0094
PSLT012	NP_490504.1	SL1344_P1_0093
PSLT013	NP_490505.1	SL1344_P1_0092
PSLT014	NP_490506.1	SL1344_P1_0091
PSLT015	NP_490507.1	SL1344_P1_0090
PSLT016	NP_490508.1	SL1344_P1_0089
PSLT017	NP_490509.1	SL1344_P1_0088
PSLT018	NP_490510.1	SL1344_P1_0087
PSLT019	NP_490511.1	SL1344_P1_0086
PSLT023	NP_490513.1	SL1344_P1_0084
PSLT025	NP_490515.1	SL1344_P1_0082
PSLT026	NP_490516.1	SL1344_P1_0081
PSLT027	NP_490517.1	SL1344_P1_0080
PSLT028	NP_490518.1	SL1344_P1_0079
PSLT029	NP_490519.1	SL1344_P1_0078
PSLT030	NP_490520.1	SL1344_P1_0077
PSLT031	NP_490521.1	SL1344_P1_0076
PSLT032	NP_490522.1	SL1344_P1_0075
PSLT033	NP_490523.1	SL1344_P1_0074
PSLT034	NP_490524.1	SL1344_P1_0073
PSLT035	NP_490525.1	SL1344_P1_0072
PSLT037	NP_490527.1	SL1344_P1_0070
PSLT038	NP_490528.1	SL1344_P1_0069
PSLT039	NP_490529.1	SL1344_P1_0068
PSLT040	NP_490530.1	SL1344_P1_0067
PSLT041	NP_490531.1	SL1344_P1_0066
PSLT042	NP_490532.1	SL1344_P1_0065
PSLT043	NP_490533.1	SL1344_P1_0064
PSLT044	NP_490534.1	SL1344_P1_0063
PSLT045	NP_490535.1	SL1344_P1_0062
PSLT046	NP_490536.1	SL1344_P1_0061
PSLT047	NP_490537.1	SL1344_P1_0060
PSLT048	NP_490538.1	SL1344_P1_0059
PSLT051	NP_490541.1	SL1344_P1_0056
PSLT052	NP_490542.1	SL1344_P1_0055
PSLT053	NP_490543.1	SL1344_P1_0054
PSLT054	NP_490544.1	SL1344_P1_0053
PSLT055	NP_490545.1	SL1344_P1_0052
PSLT056	NP_490546.1	SL1344_P1_0051
PSLT057	NP_490547.1	SL1344_P1_0050
PSLT059	NP_490548.1	SL1344_P1_0049
PSLT060	NP_490549.1	SL1344_P1_0048
PSLT061	NP_490550.1	SL1344_P1_0045
PSLT062	NP_490551.1	SL1344_P1_0044
PSLT063	NP_490552.1	SL1344_P1_0043
PSLT064	NP_490553.1	SL1344_P1_0042
PSLT066	NP_490554.1	SL1344_P1_0041
PSLT067	NP_490555.1	SL1344_P1_0040
PSLT068	NP_490556.1	SL1344_P1_0039
PSLT069	NP_490557.1	SL1344_P1_0038
PSLT070	NP_490558.1	SL1344_P1_0037
PSLT072	NP_490559.1	SL1344_P1_0036
PSLT073	NP_490560.1	SL1344_P1_0035
PSLT075	NP_490561.1	SL1344_P1_0034
PSLT076	NP_490562.1	SL1344_P1_0033
PSLT077	NP_490563.1	SL1344_P1_0032
PSLT078	NP_490564.1	SL1344_P1_0031
PSLT079	NP_490565.1	SL1344_P1_0030
PSLT080	NP_490566.1	SL1344_P1_0029
PSLT081	NP_490567.1	SL1344_P1_0028
PSLT082	NP_490568.1	SL1344_P1_0027
PSLT083	NP_490569.1	SL1344_P1_0026
PSLT084	NP_490570.1	SL1344_P1_0025
PSLT085	NP_490571.1	SL1344_P1_0024
PSLT087	NP_490572.1	SL1344_P1_0023
PSLT088	NP_490573.1	SL1344_P1_0022
PSLT089	NP_490574.1	SL1344_P1_0021
PSLT091	NP_490575.1	SL1344_P1_0020
PSLT092	NP_490576.1	SL1344_P1_0019
PSLT093	NP_490577.1	SL1344_P1_0018
PSLT094	NP_490578.1	SL1344_P1_0017
PSLT095	NP_490579.1	SL1344_P1_0016
PSLT096	NP_490580.1	SL1344_P1_0015
PSLT097	NP_490581.1	SL1344_P1_0014
PSLT098	NP_490582.1	SL1344_P1_0013
PSLT099	NP_490583.1	SL1344_P1_0012
PSLT100	NP_490584.1	SL1344_P1_0011
PSLT101	NP_490585.1	SL1344_P1_0010
PSLT102	NP_490586.1	SL1344_P1_0009
PSLT103	NP_490587.1	SL1344_P1_0008
PSLT104	NP_490588.1	SL1344_P1_0007
PSLT108	NP_490592.1	SL1344_P1_0003
PSLT110	NP_490593.1	SL1344_P1_0002
PSLT111	NP_490594.1	SL1344_P1_0001
