WP_407475001.1	WP_010951556.1	PP_0168
WP_010952042.1	WP_010952042.1	PP_0806
WP_010954996.1	WP_010954996.1	PP_4243
WP_049587176.1	WP_049587176.1	PP_2561
WP_010954974.1	WP_010954974.1	PP_4219
WP_010954975.1	WP_010954975.1	PP_4220
WP_010954527.1	WP_010954527.1	PP_3691
WP_010954976.1	WP_010954976.1	PP_4221
WP_049587717.1	WP_049587717.1	PP_3490
WP_010955504.1	WP_010955504.1	PP_4924
WP_010955758.1	WP_010955758.1	PP_5242
WP_010955557.1	WP_010955557.1	PP_4988
WP_010951843.1	WP_010951843.1	PP_0570
WP_010952909.1	WP_010952909.1	PP_1882
WP_061405628.1	WP_061405628.1	PP_2566
WP_049586685.1	WP_049586685.1	PP_2080
WP_049587265.1	WP_049587265.1	PP_1780
WP_010953259.1	WP_010953259.1	PP_2287
WP_049588300.1	WP_049588300.1	PP_5060
WP_010954874.1	WP_010954874.1	PP_4085
WP_010952549.1	WP_010952549.1	PP_1449
WP_232014111.1	WP_232014111.1	PP_5009
WP_010953350.1	WP_010953350.1	PP_2395
WP_010955622.1	WP_010955622.1	PP_5076
WP_010953194.1	WP_010953194.1	PP_2212
WP_010953349.1	WP_010953349.1	PP_2394
WP_010952244.1	WP_010952244.1	PP_1072
WP_010952234.1	WP_010952234.1	PP_1061
WP_010951774.1	WP_010951774.1	PP_0448
WP_010953328.1	WP_010953328.1	PP_2369
WP_010954001.1	WP_010954001.1	PP_3108
WP_003255495.1	WP_003255495.1	PP_0447
WP_049587242.1	WP_049587242.1	PP_1703
WP_010955523.1	WP_010955523.1	PP_4947
WP_010955220.1	WP_010955220.1	PP_4546
WP_010952214.1	WP_010952214.1	PP_1037
WP_049586911.1	WP_049586911.1	PP_1887
WP_010951929.1	WP_010951929.1	PP_0672
WP_010952136.1	WP_010952136.1	PP_0938
WP_010953989.1	WP_010953989.1	PP_3091
WP_010954366.1	WP_010954366.1	PP_3507
WP_010951734.1	WP_010951734.1	PP_0386
WP_010953333.1	WP_010953333.1	PP_2375
WP_010955328.1	WP_010955328.1	PP_4673
WP_010953796.1	WP_010953796.1	PP_2893
WP_010953033.1	WP_010953033.1	PP_2024
WP_049586696.1	WP_049586696.1	PP_2100
WP_010954863.1	WP_010954863.1	PP_4071
WP_010953547.1	WP_010953547.1	PP_2627
WP_010954765.1	WP_010954765.1	PP_3948
WP_407475003.1	WP_010952683.1	PP_1606
WP_010953558.1	WP_010953558.1	PP_2638
WP_010955021.1	WP_010955021.1	PP_4276
WP_010955329.1	WP_010955329.1	PP_4674
WP_010952747.1	WP_010952747.1	PP_1695
WP_010954592.1	WP_010954592.1	PP_3761
WP_010953136.1	WP_010953136.1	PP_2148
WP_010952823.1	WP_010952823.1	PP_1786
WP_010954069.1	WP_010954069.1	PP_3184
WP_010954853.1	WP_010954853.1	PP_4059
WP_061405610.1	WP_061405610.1	PP_2146
WP_010955614.1	WP_010955614.1	PP_5067
WP_010955118.1	WP_010955118.1	PP_4410
WP_049586794.1	WP_049586794.1	PP_1983
WP_010954281.1	WP_010954281.1	PP_3413
WP_010952930.1	WP_010952930.1	PP_1905
WP_010953961.1	WP_010953961.1	PP_3062
WP_049586814.1	WP_049586814.1	PP_1937
WP_049587069.1	WP_049587069.1	PP_4623
WP_010955363.1	WP_010955363.1	PP_4723
WP_003253849.1	WP_003253849.1	PP_3426
WP_010951454.1	WP_010951454.1	PP_0043
WP_010955867.1	WP_010955867.1	PP_5387
WP_010952493.1	WP_010952493.1	PP_1385
WP_010952232.1	WP_010952232.1	PP_1058
WP_010953363.1	WP_010953363.1	PP_2410
WP_010954322.1	WP_010954322.1	PP_3456
WP_010953727.1	WP_010953727.1	PP_2818
WP_010954435.1	WP_010954435.1	PP_3583
WP_049587130.1	WP_049587130.1	PP_3584
WP_010954181.1	WP_010954181.1	PP_3302
WP_010953067.1	WP_010953067.1	PP_2065
WP_010954011.1	WP_010954011.1	PP_3119
WP_061405561.1	WP_061405561.1	PP_0489
WP_010952608.1	WP_010952608.1	PP_1517
WP_010955701.1	WP_010955701.1	PP_5173
WP_010954237.1	WP_010954237.1	PP_3361
WP_010952110.1	WP_010952110.1	PP_0906
WP_010955182.1	WP_010955182.1	PP_4493
WP_010951683.1	WP_010951683.1	PP_0325
WP_023082813.1	WP_023082813.1	PP_2964
WP_010952663.1	WP_010952663.1	PP_1579
WP_407475005.1	WP_010953532.1	PP_2612
WP_407474999.1	WP_010954460.1	PP_3616
WP_010955345.1	WP_010955345.1	PP_4695
WP_010955353.1	WP_010955353.1	PP_4704
WP_010952957.1	WP_010952957.1	PP_1936
WP_010951694.1	WP_010951694.1	PP_0340
WP_049588229.1	WP_049588229.1	PP_4154
WP_010953206.1	WP_010953206.1	PP_2230
WP_049586915.1	WP_049586915.1	PP_1886
WP_010953170.1	WP_010953170.1	PP_2185
WP_010952332.1	WP_010952332.1	PP_1179
WP_010955717.1	WP_010955717.1	PP_5192
WP_049586210.1	WP_049586210.1	PP_2782
WP_010955744.1	WP_010955744.1	PP_5222
WP_003255089.1	WP_003255089.1	PP_0988
WP_010952029.1	WP_010952029.1	PP_0793
WP_010952303.1	WP_010952303.1	PP_1145
WP_010952166.1	WP_010952166.1	PP_0977
WP_010951778.1	WP_010951778.1	PP_0483
WP_049588208.1	WP_049588208.1	PP_4234
WP_010954951.1	WP_010954951.1	PP_4189
WP_010951942.1	WP_010951942.1	PP_0693
WP_010951869.1	WP_010951869.1	PP_0603
WP_049587154.1	WP_049587154.1	PP_0404
WP_010955373.1	WP_010955373.1	PP_4737
WP_010951700.1	WP_010951700.1	PP_0348
WP_010954848.1	WP_010954848.1	PP_4053
WP_049587857.1	WP_049587857.1	PP_3316
WP_010955433.1	WP_010955433.1	PP_4824
WP_010953490.1	WP_010953490.1	PP_2563
WP_010952805.1	WP_010952805.1	PP_1767
WP_010952710.1	WP_010952710.1	PP_1650
WP_010951521.1	WP_010951521.1	PP_0123
WP_010953110.1	WP_010953110.1	PP_2112
WP_010953007.1	WP_010953007.1	PP_1993
WP_010952460.1	WP_010952460.1	PP_1345
WP_010955731.1	WP_010955731.1	PP_5207
WP_010952008.1	WP_010952008.1	PP_0767
WP_049586286.1	WP_049586286.1	PP_2645
WP_010954902.1	WP_010954902.1	PP_4124
WP_049586780.1	WP_049586780.1	PP_4330
WP_010952673.1	WP_010952673.1	PP_1589
WP_232014123.1	WP_232014123.1	PP_4089
WP_010951692.1	WP_010951692.1	PP_0337
WP_407473308.1	WP_049586683.1	PP_2076
WP_010954260.1	WP_010954260.1	PP_3388
WP_010953026.1	WP_010953026.1	PP_2017
WP_010954928.1	WP_010954928.1	PP_4158
WP_010954794.1	WP_010954794.1	PP_3982
WP_010951693.1	WP_010951693.1	PP_0339
WP_010952355.1	WP_010952355.1	PP_1202
WP_010952597.1	WP_010952597.1	PP_1505
WP_010955172.1	WP_010955172.1	PP_4474
WP_010953697.1	WP_010953697.1	PP_2787
WP_010953555.1	WP_010953555.1	PP_2635
WP_010953302.1	WP_010953302.1	PP_2339
WP_003248770.1	WP_003248770.1	PP_2139
WP_010955412.1	WP_010955412.1	PP_4794
WP_049587822.1	WP_049587822.1	PP_3130
WP_049586082.1	WP_049586082.1	PP_3095
WP_049586529.1	WP_049586529.1	PP_3692
WP_010952613.1	WP_010952613.1	PP_1526
WP_049588480.1	WP_049588480.1	PP_1006
WP_010953299.1	WP_010953299.1	PP_2336
WP_010952311.1	WP_010952311.1	PP_1154
WP_010955584.1	WP_010955584.1	PP_5025
WP_010955474.1	WP_010955474.1	PP_4880
WP_010952693.1	WP_010952693.1	PP_1626
WP_010951887.1	WP_010951887.1	PP_0625
WP_049586426.1	WP_049586426.1	PP_0860
WP_010952756.1	WP_010952756.1	PP_1705
WP_110771734.1	WP_110771734.1	PP_2266
WP_010954239.1	WP_010954239.1	PP_3364
WP_003249965.1	WP_003249965.1	PP_4712
WP_010955397.1	WP_010955397.1	PP_4772
WP_010953985.1	WP_010953985.1	PP_3087
WP_049587564.1	WP_049587564.1	PP_2316
WP_049587178.1	WP_049587178.1	PP_2565
WP_010954811.1	WP_010954811.1	PP_4004
WP_010954142.1	WP_010954142.1	PP_3260
WP_010953988.1	WP_010953988.1	PP_3090
WP_010952916.1	WP_010952916.1	PP_1889
WP_049587906.1	WP_049587906.1	PP_3202
WP_010952610.1	WP_010952610.1	PP_1520
WP_010953968.1	WP_010953968.1	PP_3069
WP_049588199.1	WP_049588199.1	PP_4261
WP_049587268.1	WP_049587268.1	PP_1793
WP_010952911.1	WP_010952911.1	PP_1884
WP_010954569.1	WP_010954569.1	PP_3734
WP_049587260.1	WP_049587260.1	PP_1761
WP_370688787.1	WP_370688787.1	PP_5084
WP_010955596.1	WP_010955596.1	PP_5041
WP_010952266.1	WP_010952266.1	PP_1103
WP_010952920.1	WP_010952920.1	PP_1893
WP_010952661.1	WP_010952661.1	PP_1577
WP_010952271.1	WP_010952271.1	PP_1108
WP_010954972.1	WP_010954972.1	PP_4217
WP_004575710.1	WP_004575710.1	PP_0680
WP_010951927.1	WP_010951927.1	PP_0669
WP_010951702.1	WP_010951702.1	PP_0350
WP_010952829.1	WP_010952829.1	PP_1792
WP_010952078.1	WP_010952078.1	PP_0867
WP_049587505.1	WP_049587505.1	PP_2193
WP_003253152.1	WP_003253152.1	PP_0013
WP_049586093.1	WP_049586093.1	PP_3084
WP_010954422.1	WP_010954422.1	PP_3569
WP_010952543.1	WP_010952543.1	PP_1443
WP_049588104.1	WP_049588104.1	PP_0160
WP_010953721.1	WP_010953721.1	PP_2812
WP_049586377.1	WP_049586377.1	PP_0707
WP_010952544.1	WP_010952544.1	PP_1444
WP_010954428.1	WP_010954428.1	PP_3575
WP_010953097.1	WP_010953097.1	PP_2097
WP_010955024.1	WP_010955024.1	PP_4279
WP_010951858.1	WP_010951858.1	PP_0586
WP_010953272.1	WP_010953272.1	PP_2302
WP_010955383.1	WP_010955383.1	PP_4755
WP_010955270.1	WP_010955270.1	PP_4606
WP_010953314.1	WP_010953314.1	PP_2354
WP_010951748.1	WP_010951748.1	PP_0409
WP_010953410.1	WP_010953410.1	PP_2470
WP_049586703.1	WP_049586703.1	PP_2019
WP_003248638.1	WP_003248638.1	PP_2082
WP_010955694.1	WP_010955694.1	PP_5164
WP_010955376.1	WP_010955376.1	PP_4740
WP_010954246.1	WP_010954246.1	PP_3373
WP_010953348.1	WP_010953348.1	PP_2393
WP_010952679.1	WP_010952679.1	PP_1599
WP_010952903.1	WP_010952903.1	PP_1875
WP_010952912.1	WP_010952912.1	PP_1885
WP_010951845.1	WP_010951845.1	PP_0572
WP_010951627.1	WP_010951627.1	PP_0256
WP_010955264.1	WP_010955264.1	PP_4596
WP_010955019.1	WP_010955019.1	PP_4274
WP_049588059.1	WP_049588059.1	PP_0245
WP_010955277.1	WP_010955277.1	PP_4613
WP_010955335.1	WP_010955335.1	PP_4683
WP_049587922.1	WP_049587922.1	PP_3182
WP_010954844.1	WP_010954844.1	PP_4049
WP_049586158.1	WP_049586158.1	PP_2901
WP_010955471.1	WP_010955471.1	PP_4872
WP_010953334.1	WP_010953334.1	PP_2376
WP_010951867.1	WP_010951867.1	PP_0599
WP_010951730.1	WP_010951730.1	PP_0381
WP_049587582.1	WP_049587582.1	PP_2362
WP_010951641.1	WP_010951641.1	PP_0272
WP_049586427.1	WP_049586427.1	PP_0861
WP_010952511.1	WP_010952511.1	PP_1403
WP_049588393.1	WP_049588393.1	PP_5328
WP_010952585.1	WP_010952585.1	PP_1492
WP_049586289.1	WP_049586289.1	PP_2636
WP_003249020.1	WP_003249020.1	PP_5145
WP_010954812.1	WP_010954812.1	PP_4008
WP_010952302.1	WP_010952302.1	PP_1144
WP_049586177.1	WP_049586177.1	PP_2839
WP_049587334.1	WP_049587334.1	PP_1306
WP_010955494.1	WP_010955494.1	PP_4912
WP_010952718.1	WP_010952718.1	PP_1661
WP_010954507.1	WP_010954507.1	PP_3668
WP_010954464.1	WP_010954464.1	PP_3622
WP_010955675.1	WP_010955675.1	PP_5139
WP_010954684.1	WP_010954684.1	PP_3857
WP_010954563.1	WP_010954563.1	PP_3728
WP_049588234.1	WP_049588234.1	PP_4140
WP_049587576.1	WP_049587576.1	PP_2356
WP_010951655.1	WP_010951655.1	PP_0287
WP_049588332.1	WP_049588332.1	PP_5217
WP_010955068.1	WP_010955068.1	PP_4338
WP_010952715.1	WP_010952715.1	PP_1656
WP_049588134.1	WP_049588134.1	PP_2590
WP_049588528.1	WP_049588528.1	PP_1126
WP_010953218.1	WP_010953218.1	PP_2242
WP_049587679.1	WP_049587679.1	PP_3397
WP_010954815.1	WP_010954815.1	PP_4012
WP_177410793.1	WP_010953256.1	PP_2284
WP_010955632.1	WP_010955632.1	PP_5088
WP_010954189.1	WP_010954189.1	PP_3310
WP_010952924.1	WP_010952924.1	PP_1897
WP_010954852.1	WP_010954852.1	PP_4058
WP_010953937.1	WP_010953937.1	PP_3038
WP_049587303.1	WP_049587303.1	PP_1770
WP_010954198.1	WP_010954198.1	PP_3319
WP_010953758.1	WP_010953758.1	PP_2852
WP_010953415.1	WP_010953415.1	PP_2478
WP_010953096.1	WP_010953096.1	PP_2096
WP_010952907.1	WP_010952907.1	PP_1880
WP_010953258.1	WP_010953258.1	PP_2286
WP_372487152.1	WP_372487152.1	PP_3950
WP_049587020.1	WP_049587020.1	PP_4514
WP_010955837.1	WP_010955837.1	PP_5352
WP_010954514.1	WP_010954514.1	PP_3677
WP_003256021.1	WP_003256021.1	PP_3620
WP_010955529.1	WP_010955529.1	PP_4954
WP_010954492.1	WP_010954492.1	PP_3651
WP_010954258.1	WP_010954258.1	PP_3386
WP_010951816.1	WP_010951816.1	PP_0535
WP_010951708.1	WP_010951708.1	PP_0356
WP_003251716.1	WP_003251716.1	PP_1264
WP_010954314.1	WP_010954314.1	PP_3448
WP_010953534.1	WP_010953534.1	PP_2614
WP_010952040.1	WP_010952040.1	PP_0804
WP_049586400.1	WP_049586400.1	PP_0788
WP_003256004.1	WP_003256004.1	PP_0167
WP_049587844.1	WP_049587844.1	PP_3330
WP_010954850.1	WP_010954850.1	PP_4055
WP_010955612.1	WP_010955612.1	PP_5065
WP_049587301.1	WP_049587301.1	PP_1728
WP_010955199.1	WP_010955199.1	PP_4516
WP_010953127.1	WP_010953127.1	PP_2136
WP_003255490.1	WP_003255490.1	PP_0451
WP_049587476.1	WP_049587476.1	PP_4927
WP_003254889.1	WP_003254889.1	PP_1125
WP_010951514.1	WP_010951514.1	PP_0115
WP_049587294.1	WP_049587294.1	PP_1847
WP_014861625.1	WP_014861625.1	PP_3612
WP_010955072.1	WP_010955072.1	PP_4344
WP_010954043.1	WP_010954043.1	PP_3155
WP_049587667.1	WP_049587667.1	PP_2420
WP_010955534.1	WP_010955534.1	PP_4959
WP_010953058.1	WP_010953058.1	PP_2052
WP_010954559.1	WP_010954559.1	PP_3724
WP_010954937.1	WP_010954937.1	PP_4171
WP_010954893.1	WP_010954893.1	PP_4111
WP_010954513.1	WP_010954513.1	PP_3676
WP_010955800.1	WP_010955800.1	PP_5302
WP_010952250.1	WP_010952250.1	PP_1080
WP_010955356.1	WP_010955356.1	PP_4708
WP_010954204.1	WP_010954204.1	PP_3325
WP_049588422.1	WP_049588422.1	PP_0096
WP_010954433.1	WP_010954433.1	PP_3581
WP_010952014.1	WP_010952014.1	PP_0774
WP_010951564.1	WP_010951564.1	PP_0176
WP_010954533.1	WP_010954533.1	PP_3697
WP_010954373.1	WP_010954373.1	PP_3515
WP_164721827.1	WP_164721827.1	PP_1719
WP_010955805.1	WP_010955805.1	PP_5310
WP_049588343.1	WP_049588343.1	PP_5236
WP_010955327.1	WP_010955327.1	PP_4672
WP_010955014.1	WP_010955014.1	PP_4269
WP_010952218.1	WP_010952218.1	PP_1043
WP_010954910.1	WP_010954910.1	PP_4137
WP_010954847.1	WP_010954847.1	PP_4052
WP_010951637.1	WP_010951637.1	PP_0267
WP_010955462.1	WP_010955462.1	PP_4857
WP_010955445.1	WP_010955445.1	PP_4838
WP_010954402.1	WP_010954402.1	PP_3546
WP_010953820.1	WP_010953820.1	PP_2918
WP_004577217.1	WP_004577217.1	PP_4641
WP_079732531.1	WP_079732531.1	PP_3430
WP_010955097.1	WP_010955097.1	PP_4378
WP_003255697.1	WP_003255697.1	PP_0310
WP_010952869.1	WP_010952869.1	PP_1838
WP_049588226.1	WP_049588226.1	PP_4160
WP_010954151.1	WP_010954151.1	PP_3270
WP_010951468.1	WP_010951468.1	PP_0060
WP_049587549.1	WP_049587549.1	PP_2273
WP_020192983.1	WP_020192983.1	PP_0914
WP_010954216.1	WP_010954216.1	PP_3340
WP_010954799.1	WP_010954799.1	PP_3988
WP_010955252.1	WP_010955252.1	PP_4583
WP_010955098.1	WP_010955098.1	PP_4381
WP_010952546.1	WP_010952546.1	PP_1446
WP_232014157.1	WP_232014157.1	PP_2774
WP_010952262.1	WP_010952262.1	PP_1097
WP_049586633.1	WP_049586633.1	PP_2008
WP_010953941.1	WP_010953941.1	PP_3042
WP_010952318.1	WP_010952318.1	PP_1163
WP_004576153.1	WP_004576153.1	PP_4753
WP_010952465.1	WP_010952465.1	PP_1350
WP_010954771.1	WP_010954771.1	PP_3955
WP_232014163.1	WP_232014163.1	PP_4989
WP_049588255.1	WP_049588255.1	PP_4060
WP_049586803.1	WP_049586803.1	PP_1962
WP_010952047.1	WP_010952047.1	PP_0813
WP_049587192.1	WP_049587192.1	PP_0546
WP_010952992.1	WP_010952992.1	PP_1974
WP_049586917.1	WP_049586917.1	PP_1881
WP_014860664.1	WP_014860664.1	PP_1805
WP_010955860.1	WP_010955860.1	PP_5380
WP_003253537.1	WP_003253537.1	PP_5264
WP_010955214.1	WP_010955214.1	PP_4535
WP_004577525.1	WP_004577525.1	PP_3497
WP_010955539.1	WP_010955539.1	PP_4965
WP_010951452.1	WP_010951452.1	PP_0041
WP_010952665.1	WP_010952665.1	PP_1581
WP_010955403.1	WP_010955403.1	PP_4781
WP_010955057.1	WP_010955057.1	PP_4322
WP_010952307.1	WP_010952307.1	PP_1150
WP_010955767.1	WP_010955767.1	PP_5252
WP_010951735.1	WP_010951735.1	PP_0388
WP_049587715.1	WP_049587715.1	PP_5606
WP_010954773.1	WP_010954773.1	PP_3957
WP_061405675.1	WP_061405675.1	PP_3849
WP_126404377.1	WP_126404377.1	PP_1963
WP_010954965.1	WP_010954965.1	PP_4210
WP_010952791.1	WP_010952791.1	PP_1751
WP_010954821.1	WP_010954821.1	PP_4019
WP_010953051.1	WP_010953051.1	PP_2045
WP_010951836.1	WP_010951836.1	PP_0562
WP_010951610.1	WP_010951610.1	PP_0229
WP_003254525.1	WP_003254525.1	PP_4487
WP_016497347.1	WP_016497347.1	PP_0014
WP_010954692.1	WP_010954692.1	PP_3865
WP_010951543.1	WP_010951543.1	PP_0149
WP_010954859.1	WP_010954859.1	PP_4067
WP_010953970.1	WP_010953970.1	PP_3071
WP_010953774.1	WP_010953774.1	PP_2869
WP_010953699.1	WP_010953699.1	PP_2790
WP_010951673.1	WP_010951673.1	PP_0311
WP_079732564.1	WP_010951554.1	PP_0165
WP_049588034.1	WP_049588034.1	PP_0180
WP_010951706.1	WP_010951706.1	PP_0354
WP_010951524.1	WP_010951524.1	PP_0129
WP_010955351.1	WP_010955351.1	PP_4702
WP_049586504.1	WP_049586504.1	PP_3680
WP_010954939.1	WP_010954939.1	PP_4173
WP_010953977.1	WP_010953977.1	PP_3078
WP_003248759.1	WP_003248759.1	PP_2131
WP_049587524.1	WP_049587524.1	PP_2130
WP_010955366.1	WP_010955366.1	PP_4727
WP_010953409.1	WP_010953409.1	PP_2465
WP_010951786.1	WP_010951786.1	PP_0494
WP_003255563.1	WP_003255563.1	PP_0397
WP_010955314.1	WP_010955314.1	PP_4658
WP_010951430.1	WP_010951430.1	PP_0016
WP_010951840.1	WP_010951840.1	PP_0567
WP_049587821.1	WP_049587821.1	PP_3150
WP_010954332.1	WP_010954332.1	PP_3467
WP_010952353.1	WP_010952353.1	PP_1200
WP_010951580.1	WP_010951580.1	PP_0196
WP_232014114.1	WP_232014114.1	PP_5405
WP_003250790.1	WP_003250790.1	PP_2554
WP_019438135.1	WP_019438135.1	PP_1067
WP_012053749.1	WP_012053749.1	PP_4718
WP_010955497.1	WP_010955497.1	PP_4915
WP_010954944.1	WP_010954944.1	PP_4179
WP_003251801.1	WP_003251801.1	PP_1304
WP_049586276.1	WP_049586276.1	PP_2664
WP_010955484.1	WP_010955484.1	PP_4896
WP_010954574.1	WP_010954574.1	PP_3741
WP_010953593.1	WP_010953593.1	PP_2674
WP_010951809.1	WP_010951809.1	PP_0527
WP_010951600.1	WP_010951600.1	PP_0218
WP_049588470.1	WP_049588470.1	PP_0004
WP_010955422.1	WP_010955422.1	PP_4807
WP_010953311.1	WP_010953311.1	PP_2351
WP_010951755.1	WP_010951755.1	PP_0418
WP_049588487.1	WP_049588487.1	PP_1033
WP_010952006.1	WP_010952006.1	PP_0765
WP_049587830.1	WP_049587830.1	PP_3356
WP_010955550.1	WP_010955550.1	PP_4980
WP_010955502.1	WP_010955502.1	PP_4922
WP_049587237.1	WP_049587237.1	PP_1700
WP_010953273.1	WP_010953273.1	PP_2304
WP_010954341.1	WP_010954341.1	PP_3478
WP_010952066.1	WP_010952066.1	PP_0846
WP_010952061.1	WP_010952061.1	PP_0835
WP_049588356.1	WP_049588356.1	PP_5266
WP_010955553.1	WP_010955553.1	PP_4983
WP_010952383.1	WP_010952383.1	PP_1246
WP_010953999.1	WP_010953999.1	PP_3106
WP_049586656.1	WP_049586656.1	PP_2042
WP_049586363.1	WP_049586363.1	PP_0678
WP_028697022.1	WP_028697022.1	PP_2628
WP_010954903.1	WP_010954903.1	PP_4129
WP_010951832.1	WP_010951832.1	PP_0557
WP_197686808.1	WP_197686808.1	PP_4453
WP_010953153.1	WP_010953153.1	PP_2167
WP_003255578.1	WP_003255578.1	PP_0387
WP_049588005.1	WP_049588005.1	PP_0525
WP_010955664.1	WP_010955664.1	PP_5128
WP_010951726.1	WP_010951726.1	PP_0375
WP_061405570.1	WP_061405570.1	PP_0731
WP_010955884.1	WP_010955884.1	PP_5409
WP_010954917.1	WP_010954917.1	PP_4147
WP_010955217.1	WP_010955217.1	PP_4542
WP_010952800.1	WP_010952800.1	PP_1760
WP_010954916.1	WP_010954916.1	PP_4146
WP_010954753.1	WP_010954753.1	PP_3931
WP_010953928.1	WP_010953928.1	PP_3029
WP_003255057.1	WP_003255057.1	PP_1010
WP_010954883.1	WP_010954883.1	PP_4098
WP_010955599.1	WP_010955599.1	PP_5044
WP_010953993.1	WP_010953993.1	PP_3097
WP_010952444.1	WP_010952444.1	PP_1325
WP_010953844.1	WP_010953844.1	PP_2944
WP_010951634.1	WP_010951634.1	PP_0264
WP_049588162.1	WP_049588162.1	PP_2238
WP_049587525.1	WP_049587525.1	PP_2240
WP_010955513.1	WP_010955513.1	PP_4935
WP_010954707.1	WP_010954707.1	PP_3881
WP_003253282.1	WP_003253282.1	PP_5346
WP_049586916.1	WP_049586916.1	PP_1883
WP_010952563.1	WP_010952563.1	PP_1467
WP_010951720.1	WP_010951720.1	PP_0368
WP_010955524.1	WP_010955524.1	PP_4948
WP_010952535.1	WP_010952535.1	PP_1431
WP_049588264.1	WP_049588264.1	PP_4041
WP_010953518.1	WP_010953518.1	PP_2596
WP_010954392.1	WP_010954392.1	PP_3535
WP_010955761.1	WP_010955761.1	PP_5246
WP_010953598.1	WP_010953598.1	PP_2679
WP_010952790.1	WP_010952790.1	PP_1750
WP_010954255.1	WP_010954255.1	PP_3383
WP_010954900.1	WP_010954900.1	PP_4121
WP_010951527.1	WP_010951527.1	PP_0132
WP_010955090.1	WP_010955090.1	PP_4369
WP_010951722.1	WP_010951722.1	PP_0370
WP_049586662.1	WP_049586662.1	PP_2048
WP_010955038.1	WP_010955038.1	PP_4297
WP_004575741.1	WP_004575741.1	PP_1213
WP_010951835.1	WP_010951835.1	PP_0561
WP_003254213.1	WP_003254213.1	PP_4191
WP_010954409.1	WP_010954409.1	PP_3554
WP_010954868.1	WP_010954868.1	PP_4077
WP_010953541.1	WP_010953541.1	PP_2621
WP_010955151.1	WP_010955151.1	PP_4448
WP_010953115.1	WP_010953115.1	PP_2119
WP_010955840.1	WP_010955840.1	PP_5355
WP_049588131.1	WP_049588131.1	PP_2595
WP_010952510.1	WP_010952510.1	PP_1402
WP_003249431.1	WP_003249431.1	PP_4944
WP_010954230.1	WP_010954230.1	PP_3354
WP_010953503.1	WP_010953503.1	PP_2579
WP_049587530.1	WP_049587530.1	PP_2259
WP_162490564.1	WP_162490564.1	PP_1331
WP_010954470.1	WP_010954470.1	PP_3628
WP_010954372.1	WP_010954372.1	PP_3514
WP_003252632.1	WP_003252632.1	PP_1749
WP_049586316.1	WP_049586316.1	PP_2892
WP_010955613.1	WP_010955613.1	PP_5066
WP_010954846.1	WP_010954846.1	PP_4051
WP_010952031.1	WP_010952031.1	PP_0795
WP_202814911.1	WP_202814911.1	PP_5026
WP_003250232.1	WP_003250232.1	PP_2264
WP_049588495.1	WP_049588495.1	PP_1046
WP_010955633.1	WP_010955633.1	PP_5089
WP_010953487.1	WP_010953487.1	PP_2560
WP_049587704.1	WP_049587704.1	PP_3466
WP_049587194.1	WP_049587194.1	PP_0551
WP_010953528.1	WP_010953528.1	PP_2607
WP_010955378.1	WP_010955378.1	PP_4742
WP_010951587.1	WP_010951587.1	PP_0203
WP_010955672.1	WP_010955672.1	PP_5136
WP_010955332.1	WP_010955332.1	PP_4680
WP_010951589.1	WP_010951589.1	PP_0205
WP_370688773.1	WP_370688773.1	PP_2205
WP_010951970.1	WP_010951970.1	PP_0725
WP_010953037.1	WP_010953037.1	PP_2028
WP_010952348.1	WP_010952348.1	PP_1195
WP_010955236.1	WP_010955236.1	PP_4565
WP_010954988.1	WP_010954988.1	PP_4235
WP_010952358.1	WP_010952358.1	PP_1205
WP_010953522.1	WP_010953522.1	PP_2600
WP_010951966.1	WP_010951966.1	PP_0718
WP_079732495.1	WP_079732495.1	PP_1563
WP_010954894.1	WP_010954894.1	PP_4113
WP_010952570.1	WP_010952570.1	PP_1477
WP_010952515.1	WP_010952515.1	PP_1407
WP_010955854.1	WP_010955854.1	PP_5374
WP_010953832.1	WP_010953832.1	PP_2932
WP_010953806.1	WP_010953806.1	PP_2904
WP_010953753.1	WP_010953753.1	PP_2845
WP_010955540.1	WP_010955540.1	PP_4968
WP_010955611.1	WP_010955611.1	PP_5064
WP_010955435.1	WP_010955435.1	PP_4826
WP_010955223.1	WP_010955223.1	PP_4549
WP_003298414.1	WP_003298414.1	PP_0024
WP_049586262.1	WP_049586262.1	PP_2691
WP_010954929.1	WP_010954929.1	PP_4161
WP_010955086.1	WP_010955086.1	PP_4363
WP_010952281.1	WP_010952281.1	PP_1118
WP_010955224.1	WP_010955224.1	PP_4550
WP_010954324.1	WP_010954324.1	PP_3458
WP_010953527.1	WP_010953527.1	PP_2605
WP_010953264.1	WP_010953264.1	PP_2293
WP_010953234.1	WP_010953234.1	PP_2258
WP_049587377.1	WP_049587377.1	PP_1450
WP_010955568.1	WP_010955568.1	PP_5005
WP_010954959.1	WP_010954959.1	PP_4203
WP_010954856.1	WP_010954856.1	PP_4063
WP_010952521.1	WP_010952521.1	PP_1414
WP_010952004.1	WP_010952004.1	PP_0763
WP_010951732.1	WP_010951732.1	PP_0383
WP_010951425.1	WP_010951425.1	PP_0006
WP_010955566.1	WP_010955566.1	PP_5003
WP_010953205.1	WP_010953205.1	PP_2228
WP_010953495.1	WP_010953495.1	PP_2569
WP_003252673.1	WP_003252673.1	PP_1772
WP_049587710.1	WP_049587710.1	PP_3483
WP_010955716.1	WP_010955716.1	PP_5190
WP_010955368.1	WP_010955368.1	PP_4729
WP_010952204.1	WP_010952204.1	PP_1025
WP_004577162.1	WP_004577162.1	PP_5033
WP_049587908.1	WP_049587908.1	PP_3200
WP_049586268.1	WP_049586268.1	PP_2683
WP_010955372.1	WP_010955372.1	PP_4735
WP_010953092.1	WP_010953092.1	PP_2091
WP_010955776.1	WP_010955776.1	PP_5263
WP_010955315.1	WP_010955315.1	PP_4659
WP_010951931.1	WP_010951931.1	PP_0674
WP_010951638.1	WP_010951638.1	PP_0269
WP_049587202.1	WP_049587202.1	PP_0573
WP_010955350.1	WP_010955350.1	PP_4701
WP_010954228.1	WP_010954228.1	PP_3352
WP_010952844.1	WP_010952844.1	PP_1808
WP_010952787.1	WP_010952787.1	PP_1743
WP_010954738.1	WP_010954738.1	PP_3912
WP_010954401.1	WP_010954401.1	PP_3545
WP_010951656.1	WP_010951656.1	PP_0288
WP_010954971.1	WP_010954971.1	PP_4216
WP_010954518.1	WP_010954518.1	PP_3681
WP_010953706.1	WP_010953706.1	PP_2797
WP_010952268.1	WP_010952268.1	PP_1105
WP_010951539.1	WP_010951539.1	PP_0145
WP_010955402.1	WP_010955402.1	PP_4780
WP_010953329.1	WP_010953329.1	PP_2371
WP_010953747.1	WP_010953747.1	PP_2838
WP_049588436.1	WP_049588436.1	PP_0056
WP_049587516.1	WP_049587516.1	PP_2213
WP_049587427.1	WP_049587427.1	PP_1587
WP_010953704.1	WP_010953704.1	PP_2795
WP_049586629.1	WP_049586629.1	PP_2006
WP_004576806.1	WP_004576806.1	PP_3365
WP_049588491.1	WP_049588491.1	PP_1044
WP_010953501.1	WP_010953501.1	PP_2577
WP_010953260.1	WP_010953260.1	PP_2288
WP_010952474.1	WP_010952474.1	PP_1361
WP_003255652.1	WP_003255652.1	PP_0338
WP_010955260.1	WP_010955260.1	PP_4592
WP_010954431.1	WP_010954431.1	PP_3578
WP_010953654.1	WP_010953654.1	PP_2741
WP_010952502.1	WP_010952502.1	PP_1394
WP_010952387.1	WP_010952387.1	PP_1251
WP_110771795.1	WP_110771795.1	PP_1949
WP_010953036.1	WP_010953036.1	PP_2027
WP_003252329.1	WP_003252329.1	PP_1610
WP_020192192.1	WP_020192192.1	PP_2643
WP_010953925.1	WP_010953925.1	PP_3026
WP_010952093.1	WP_010952093.1	PP_0885
WP_049587492.1	WP_049587492.1	PP_5013
WP_010955720.1	WP_010955720.1	PP_5195
WP_010954967.1	WP_010954967.1	PP_4212
WP_010954408.1	WP_010954408.1	PP_3553
WP_010952581.1	WP_010952581.1	PP_1488
WP_020191871.1	WP_020191871.1	PP_2823
WP_010954309.1	WP_010954309.1	PP_3443
WP_010954107.1	WP_010954107.1	PP_3223
WP_010954104.1	WP_010954104.1	PP_3220
WP_010953827.1	WP_010953827.1	PP_2925
WP_010952233.1	WP_010952233.1	PP_1060
WP_010951466.1	WP_010951466.1	PP_0057
WP_172830966.1	WP_172830966.1	PP_5327
WP_010954887.1	WP_010954887.1	PP_4103
WP_010954295.1	WP_010954295.1	PP_3429
WP_010953552.1	WP_010953552.1	PP_2632
WP_010952393.1	WP_010952393.1	PP_1259
WP_172835036.1	WP_172835036.1	PP_0882
WP_049586549.1	WP_049586549.1	PP_3723
WP_010954858.1	WP_010954858.1	PP_4065
WP_010952335.1	WP_010952335.1	PP_1182
WP_010952294.1	WP_010952294.1	PP_1134
WP_003249687.1	WP_003249687.1	PP_4822
WP_003247330.1	WP_003247330.1	PP_0768
WP_049587543.1	WP_049587543.1	PP_2270
WP_010954920.1	WP_010954920.1	PP_4150
WP_010952828.1	WP_010952828.1	PP_1791
WP_010952532.1	WP_010952532.1	PP_1426
WP_019437393.1	WP_019437393.1	PP_0131
WP_010955882.1	WP_010955882.1	PP_5407
WP_010955766.1	WP_010955766.1	PP_5251
WP_010955659.1	WP_010955659.1	PP_5122
WP_049588057.1	WP_049588057.1	PP_0243
WP_010952092.1	WP_010952092.1	PP_0884
WP_010955788.1	WP_010955788.1	PP_5283
WP_010955623.1	WP_010955623.1	PP_5077
WP_010951506.1	WP_010951506.1	PP_0104
WP_051122558.1	WP_010953720.1	PP_2811
WP_010954301.1	WP_010954301.1	PP_3435
WP_010953836.1	WP_010953836.1	PP_2936
WP_003248481.1	WP_003248481.1	PP_0872
WP_049588074.1	WP_049588074.1	PP_0300
WP_010955161.1	WP_010955161.1	PP_4458
WP_010954447.1	WP_010954447.1	PP_3602
WP_010953856.1	WP_010953856.1	PP_2956
WP_010953508.1	WP_010953508.1	PP_2585
WP_049587057.1	WP_049587057.1	PP_4610
WP_010952390.1	WP_010952390.1	PP_1256
WP_010952209.1	WP_010952209.1	PP_1032
WP_010954218.1	WP_010954218.1	PP_3342
WP_010953251.1	WP_010953251.1	PP_2279
WP_049587605.1	WP_049587605.1	PP_2413
WP_010954303.1	WP_010954303.1	PP_3437
WP_010954126.1	WP_010954126.1	PP_3242
WP_010951740.1	WP_010951740.1	PP_0395
WP_049587725.1	WP_049587725.1	PP_5602
WP_049587257.1	WP_049587257.1	PP_1740
WP_010955475.1	WP_010955475.1	PP_4882
WP_010955204.1	WP_010955204.1	PP_4521
WP_010953109.1	WP_010953109.1	PP_2111
WP_010951481.1	WP_010951481.1	PP_0075
WP_003254454.1	WP_003254454.1	PP_4380
WP_049586956.1	WP_049586956.1	PP_4684
WP_010953390.1	WP_010953390.1	PP_2440
WP_079732532.1	WP_079732532.1	PP_3446
WP_019437210.1	WP_019437210.1	PP_2184
WP_010955180.1	WP_010955180.1	PP_4489
WP_010954845.1	WP_010954845.1	PP_4050
WP_003251754.1	WP_003251754.1	PP_1283
WP_010955059.1	WP_010955059.1	PP_4328
WP_010952043.1	WP_010952043.1	PP_0807
WP_049587670.1	WP_049587670.1	PP_2455
WP_010955784.1	WP_010955784.1	PP_5276
WP_010954618.1	WP_010954618.1	PP_3788
WP_010954446.1	WP_010954446.1	PP_3601
WP_010953608.1	WP_010953608.1	PP_2692
WP_033725201.1	WP_033725201.1	PP_2038
WP_010952469.1	WP_010952469.1	PP_1355
WP_010955887.1	WP_010955887.1	PP_5415
WP_049588397.1	WP_049588397.1	PP_5297
WP_010953743.1	WP_010953743.1	PP_2834
WP_010952401.1	WP_010952401.1	PP_1271
WP_020190708.1	WP_020190708.1	PP_1073
WP_010954017.1	WP_010954017.1	PP_3127
WP_010953671.1	WP_010953671.1	PP_2759
WP_004577288.1	WP_004577288.1	PP_0601
WP_010955606.1	WP_010955606.1	PP_5056
WP_010955488.1	WP_010955488.1	PP_4906
WP_010955146.1	WP_010955146.1	PP_5396
WP_010954780.1	WP_010954780.1	PP_3964
WP_010954362.1	WP_010954362.1	PP_4439
WP_010953296.1	WP_010953296.1	PP_2331
WP_004575310.1	WP_004575310.1	PP_3548
WP_020191557.1	WP_020191557.1	PP_0101
WP_010955589.1	WP_010955589.1	PP_5032
WP_010955047.1	WP_010955047.1	PP_4309
WP_010954904.1	WP_010954904.1	PP_4130
WP_010954007.1	WP_010954007.1	PP_3985
WP_010951895.1	WP_010951895.1	PP_4745
WP_010955831.1	WP_010955831.1	PP_5342
WP_010952395.1	WP_010952395.1	PP_1263
WP_010955322.1	WP_010955322.1	PP_4667
WP_010954020.1	WP_010954020.1	PP_3131
WP_010953714.1	WP_010953714.1	PP_2805
WP_010953646.1	WP_010953646.1	PP_2732
WP_003255232.1	WP_003255232.1	PP_0897
WP_010954061.1	WP_010954061.1	PP_3175
WP_010953599.1	WP_010953599.1	PP_2680
WP_010951822.1	WP_010951822.1	PP_0545
WP_010951427.1	WP_010951427.1	PP_0010
WP_010955409.1	WP_010955409.1	PP_4790
WP_010955302.1	WP_010955302.1	PP_4643
WP_010954161.1	WP_010954161.1	PP_3282
WP_010951483.1	WP_010951483.1	PP_0077
WP_049586675.1	WP_049586675.1	PP_2067
WP_010955682.1	WP_010955682.1	PP_5149
WP_010952523.1	WP_010952523.1	PP_1416
WP_010951963.1	WP_010951963.1	PP_0715
WP_010952373.1	WP_010952373.1	PP_1230
WP_010951993.1	WP_010951993.1	PP_0751
WP_003255078.1	WP_003255078.1	PP_0997
WP_010954837.1	WP_010954837.1	PP_4042
WP_003247207.1	WP_003247207.1	PP_2000
WP_010955738.1	WP_010955738.1	PP_5216
WP_010954829.1	WP_010954829.1	PP_4031
WP_010953816.1	WP_010953816.1	PP_2914
WP_010952588.1	WP_010952588.1	PP_1496
WP_003248356.1	WP_003248356.1	PP_3099
WP_024765054.1	WP_024765054.1	PP_2487
WP_010954578.1	WP_010954578.1	PP_3745
WP_010954534.1	WP_010954534.1	PP_3698
WP_010952247.1	WP_010952247.1	PP_1075
WP_010951957.1	WP_010951957.1	PP_0709
WP_010955785.1	WP_010955785.1	PP_5278
WP_010954328.1	WP_010954328.1	PP_3463
WP_010954288.1	WP_010954288.1	PP_3420
WP_010953943.1	WP_010953943.1	PP_3044
WP_010953511.1	WP_060489779.1	PP_2589
WP_010952792.1	WP_010952792.1	PP_1752
WP_010952169.1	WP_010952169.1	PP_0980
WP_003255276.1	WP_003255276.1	PP_0597
WP_003255133.1	WP_003255133.1	PP_0952
WP_003252922.1	WP_003252922.1	PP_0154
WP_232014088.1	WP_232014088.1	PP_1879
WP_172402858.1	WP_172402858.1	PP_1975
WP_061405662.1	WP_061405662.1	PP_3486
WP_010955755.1	WP_010955755.1	PP_5239
WP_010955650.1	WP_010955650.1	PP_5113
WP_010954833.1	WP_010954833.1	PP_4035
WP_010954434.1	WP_010954434.1	PP_3582
WP_010953562.1	WP_010953562.1	PP_2642
WP_010953543.1	WP_010953543.1	PP_2623
WP_010952034.1	WP_010952034.1	PP_0798
WP_003253547.1	WP_003253547.1	PP_5258
WP_061405677.1	WP_061405677.1	PP_3852
WP_049587439.1	WP_049587439.1	PP_1332
WP_049586719.1	WP_049586719.1	PP_4842
WP_010955299.1	WP_010955299.1	PP_4638
WP_010954695.1	WP_010954695.1	PP_3869
WP_010955649.1	WP_010955649.1	PP_5111
WP_010953301.1	WP_010953301.1	PP_2338
WP_010954488.1	WP_010954488.1	PP_3646
WP_010952995.1	WP_010952995.1	PP_1977
WP_010952518.1	WP_010952518.1	PP_1411
WP_010951754.1	WP_010951754.1	PP_0417
WP_003251762.1	WP_003251762.1	PP_1287
WP_003249963.1	WP_003249963.1	PP_4713
WP_010955522.1	WP_010955522.1	PP_4946
WP_010953278.1	WP_010953278.1	PP_2310
WP_010952413.1	WP_010952413.1	PP_1284
WP_049587930.1	WP_049587930.1	PP_3331
WP_049586534.1	WP_049586534.1	PP_3699
WP_010955093.1	WP_010955093.1	PP_4373
WP_010952483.1	WP_010952483.1	PP_1372
WP_010955866.1	WP_010955866.1	PP_5386
WP_010955130.1	WP_010955130.1	PP_4422
WP_003251935.1	WP_003251935.1	PP_1373
WP_003249182.1	WP_003249182.1	PP_5063
WP_010955377.1	WP_010955377.1	PP_4741
WP_010954905.1	WP_010954905.1	PP_4131
WP_010953625.1	WP_010953625.1	PP_2709
WP_010952201.1	WP_010952201.1	PP_1022
WP_003255025.1	WP_003255025.1	PP_1031
WP_010954864.1	WP_010954864.1	PP_4072
WP_010954022.1	WP_010954022.1	PP_3133
WP_003253663.1	WP_003253663.1	PP_5213
WP_010955401.1	WP_010955401.1	PP_4779
WP_010955175.1	WP_010955175.1	PP_4478
WP_010954515.1	WP_010954515.1	PP_3678
WP_010953546.1	WP_010953546.1	PP_2626
WP_010953137.1	WP_010953137.1	PP_2149
WP_010952071.1	WP_010952071.1	PP_0857
WP_049588303.1	WP_049588303.1	PP_5068
WP_020193355.1	WP_020193355.1	PP_1036
WP_010955492.1	WP_010955492.1	PP_4910
WP_010952409.1	WP_010952409.1	PP_1280
WP_010952135.1	WP_010952135.1	PP_0937
WP_049586694.1	WP_049586694.1	PP_2098
WP_010955192.1	WP_010955192.1	PP_4507
WP_010955023.1	WP_010955023.1	PP_4278
WP_010954769.1	WP_010954769.1	PP_3953
WP_010952731.1	WP_010952731.1	PP_1677
WP_010952492.1	WP_010952492.1	PP_1384
WP_010952403.1	WP_010952403.1	PP_1273
WP_010952195.1	WP_010952195.1	PP_1013
WP_010951444.1	WP_010951444.1	PP_0033
WP_003251912.1	WP_003251912.1	PP_1362
WP_003251742.1	WP_003251742.1	PP_1277
WP_003249221.1	WP_003249221.1	PP_5045
WP_049587863.1	WP_049587863.1	PP_3299
WP_010954289.1	WP_010954289.1	PP_3421
WP_010953762.1	WP_010953762.1	PP_2856
WP_010952496.1	WP_010952496.1	PP_1388
WP_010952131.1	WP_010952131.1	PP_0931
WP_049588498.1	WP_049588498.1	PP_1047
WP_010954233.1	WP_010954233.1	PP_3357
WP_010952455.1	WP_010952455.1	PP_1338
WP_003255355.1	WP_003255355.1	PP_0544
WP_049587681.1	WP_049587681.1	PP_3399
WP_010955853.1	WP_010955853.1	PP_5372
WP_010954661.1	WP_010954661.1	PP_3834
WP_010954376.1	WP_010954376.1	PP_3518
WP_010952130.1	WP_010952130.1	PP_0930
WP_049588236.1	WP_049588236.1	PP_4112
WP_049587479.1	WP_049587479.1	PP_4949
WP_010955346.1	WP_010955346.1	PP_4696
WP_010953610.1	WP_010953610.1	PP_2694
WP_010952831.1	WP_010952831.1	PP_1794
WP_010952813.1	WP_010952813.1	PP_1776
WP_010952422.1	WP_010952422.1	PP_1295
WP_010951984.1	WP_010951984.1	PP_0739
WP_010951788.1	WP_010951788.1	PP_0496
WP_010951699.1	WP_010951699.1	PP_0347
WP_010951596.1	WP_010951596.1	PP_0213
WP_003254500.1	WP_003254500.1	PP_4471
WP_003254284.1	WP_003254284.1	PP_4255
WP_003254223.1	WP_003254223.1	PP_4197
WP_003253271.1	WP_003253271.1	PP_5351
WP_049588388.1	WP_049588388.1	PP_5364
WP_049588266.1	WP_049588266.1	PP_4036
WP_010952411.1	WP_010952411.1	PP_1282
WP_010952138.1	WP_010952138.1	PP_0940
WP_010951918.1	WP_010951918.1	PP_0660
WP_010951777.1	WP_010951777.1	PP_0481
WP_010955601.1	WP_010955601.1	PP_5048
WP_010955379.1	WP_010955379.1	PP_4743
WP_010955309.1	WP_010955309.1	PP_4651
WP_010954949.1	WP_010954949.1	PP_4187
WP_010952952.1	WP_010952952.1	PP_1931
WP_010952374.1	WP_010952374.1	PP_1232
WP_010952041.1	WP_010952041.1	PP_0805
WP_003252919.1	WP_003252919.1	PP_0155
WP_049587327.1	WP_049587327.1	PP_1285
WP_010955503.1	WP_010955503.1	PP_4923
WP_010954583.1	WP_010954583.1	PP_3750
WP_010953002.1	WP_010953002.1	PP_1985
WP_010952812.1	WP_010952812.1	PP_1775
WP_010952477.1	WP_010952477.1	PP_1365
WP_162490574.1	WP_162490574.1	PP_5275
WP_010955657.1	WP_010955657.1	PP_5120
WP_010955485.1	WP_010955485.1	PP_4897
WP_010955117.1	WP_010955117.1	PP_4409
WP_010954915.1	WP_010954915.1	PP_4145
WP_010954326.1	WP_010954326.1	PP_3461
WP_010954094.1	WP_010954094.1	PP_3209
WP_010951956.1	WP_010951956.1	PP_0708
WP_049586925.1	WP_049586925.1	PP_1948
WP_010955770.1	WP_010955770.1	PP_5256
WP_010954287.1	WP_010954287.1	PP_3419
WP_010952187.1	WP_010952187.1	PP_1002
WP_010952114.1	WP_010952114.1	PP_0910
WP_010951785.1	WP_010951785.1	PP_0493
WP_003255067.1	WP_003255067.1	PP_1003
WP_003249408.1	WP_003249408.1	PP_4951
WP_049587745.1	WP_049587745.1	PP_3932
WP_029380744.1	WP_029380744.1	PP_5338
WP_010953710.1	WP_010953710.1	PP_2801
WP_010953472.1	WP_010953472.1	PP_2542
WP_010952574.1	WP_010952574.1	PP_1481
WP_003254280.1	WP_003254280.1	PP_4250
WP_138868007.1	WP_010952386.1	PP_1624
WP_138868000.1	WP_010951893.1	PP_3868
WP_010954031.1	WP_010954031.1	PP_3142
WP_010953719.1	WP_010953719.1	PP_2810
WP_010952877.1	WP_010952877.1	PP_3820
WP_003255509.1	WP_003255509.1	PP_0435
WP_003249449.1	WP_003249449.1	PP_4934
WP_079732510.1	WP_079732510.1	PP_2069
WP_010955506.1	WP_010955506.1	PP_4926
WP_010955183.1	WP_010955183.1	PP_4495
WP_010954010.1	WP_010954010.1	PP_3118
WP_010951923.1	WP_010951923.1	PP_0665
WP_010951566.1	WP_010951566.1	PP_0179
WP_010951441.1	WP_010951441.1	PP_0030
WP_004576289.1	WP_004576289.1	PP_3124
WP_003254987.1	WP_003254987.1	PP_1059
WP_003249156.1	WP_003249156.1	PP_5075
WP_010955008.1	WP_010955008.1	PP_4259
WP_010954611.1	WP_010954611.1	PP_3781
WP_010954293.1	WP_010954293.1	PP_3427
WP_010952834.1	WP_010952834.1	PP_1798
WP_003254349.1	WP_003254349.1	PP_4301
WP_003253279.1	WP_003253279.1	PP_5347
WP_010954966.1	WP_010954966.1	PP_4211
WP_010954554.1	WP_010954554.1	PP_3718
WP_010954495.1	WP_010954495.1	PP_3655
WP_010953480.1	WP_010953480.1	PP_2552
WP_004575400.1	WP_004575400.1	PP_2543
WP_021783768.1	WP_021783768.1	PP_4976
WP_010954400.1	WP_010954400.1	PP_3544
WP_010953658.1	WP_010953658.1	PP_2746
WP_010953605.1	WP_010953605.1	PP_2688
WP_010953435.1	WP_010953435.1	PP_2501
WP_010952565.1	WP_010952565.1	PP_1471
WP_010951879.1	WP_010951879.1	PP_0613
WP_110771814.1	WP_110771814.1	PP_5384
WP_049586433.1	WP_049586433.1	PP_0875
WP_010955554.1	WP_010955554.1	PP_4984
WP_010955447.1	WP_010955447.1	PP_4840
WP_010954562.1	WP_010954562.1	PP_3727
WP_010954407.1	WP_010954407.1	PP_3552
WP_010953280.1	WP_010953280.1	PP_2312
WP_010951633.1	WP_010951633.1	PP_0263
WP_010951591.1	WP_010951591.1	PP_0207
WP_010951538.1	WP_010951538.1	PP_0144
WP_003249219.1	WP_003249219.1	PP_5046
WP_370688748.1	WP_370688748.1	PP_1430
WP_051122585.1	WP_051122585.1	PP_4048
WP_049586196.1	WP_049586196.1	PP_2819
WP_049586148.1	WP_049586148.1	PP_2945
WP_010955806.1	WP_010955806.1	PP_5311
WP_010955588.1	WP_010955588.1	PP_5031
WP_010955518.1	WP_010955518.1	PP_4941
WP_010954483.1	WP_010954483.1	PP_3641
WP_010954399.1	WP_010954399.1	PP_3543
WP_049588211.1	WP_049588211.1	PP_4223
WP_010955849.1	WP_010955849.1	PP_5366
WP_010951904.1	WP_010951904.1	PP_0646
WP_223296393.1	WP_223296393.1	PP_0049
WP_049588320.1	WP_049588320.1	PP_5154
WP_029886623.1	WP_029886623.1	PP_4429
WP_010955472.1	WP_010955472.1	PP_4873
WP_010954719.1	WP_010954719.1	PP_3893
WP_110771776.1	WP_110771776.1	PP_1712
WP_049588037.1	WP_049588037.1	PP_0184
WP_010955773.1	WP_010955773.1	PP_5260
WP_010955159.1	WP_010955159.1	PP_4456
WP_010953139.1	WP_010953139.1	PP_2151
WP_010952795.1	WP_010952795.1	PP_1755
WP_010951821.1	WP_010951821.1	PP_0543
WP_010951779.1	WP_010951779.1	PP_0484
WP_003251772.1	WP_003251772.1	PP_1291
WP_010955669.1	WP_010955669.1	PP_5133
WP_010955667.1	WP_010955667.1	PP_5131
WP_010955384.1	WP_010955384.1	PP_4756
WP_010955129.1	WP_010955129.1	PP_4421
WP_010954807.1	WP_010954807.1	PP_3999
WP_010954226.1	WP_010954226.1	PP_3350
WP_010953973.1	WP_010953973.1	PP_3074
WP_010953813.1	WP_010953813.1	PP_2911
WP_010953808.1	WP_010953808.1	PP_2906
WP_010953478.1	WP_010953478.1	PP_2549
WP_010487163.1	WP_010487163.1	PP_2488
WP_010955775.1	WP_010955775.1	PP_5262
WP_010951920.1	WP_010951920.1	PP_0662
WP_010954040.1	WP_010954040.1	PP_3151
WP_010953737.1	WP_010953737.1	PP_2828
WP_010953249.1	WP_010953249.1	PP_2277
WP_010951910.1	WP_010951910.1	PP_0652
WP_010951653.1	WP_010951653.1	PP_0284
WP_010951604.1	WP_010951604.1	PP_0222
WP_049588137.1	WP_049588137.1	PP_2586
WP_049586101.1	WP_049586101.1	PP_3075
WP_020192246.1	WP_020192246.1	PP_0486
WP_010955798.1	WP_010955798.1	PP_5299
WP_010955347.1	WP_010955347.1	PP_4697
WP_010955116.1	WP_010955116.1	PP_4407
WP_010955013.1	WP_010955013.1	PP_4264
WP_010954889.1	WP_010954889.1	PP_4106
WP_010953848.1	WP_010953848.1	PP_2948
WP_010953807.1	WP_010953807.1	PP_2905
WP_010952539.1	WP_010952539.1	PP_1437
WP_003250846.1	WP_003250846.1	PP_2588
WP_049587365.1	WP_049587365.1	PP_1421
WP_020193354.1	WP_020193354.1	PP_1034
WP_010955206.1	WP_010955206.1	PP_4524
WP_010955113.1	WP_010955113.1	PP_4404
WP_010954802.1	WP_010954802.1	PP_3992
WP_010953708.1	WP_010953708.1	PP_2799
WP_010952206.1	WP_010952206.1	PP_1027
WP_010952091.1	WP_010952091.1	PP_0883
WP_049586460.1	WP_049586460.1	PP_0944
WP_010955711.1	WP_010955711.1	PP_5184
WP_010954033.1	WP_010954033.1	PP_3144
WP_010954021.1	WP_010954021.1	PP_3132
WP_010952712.1	WP_010952712.1	PP_1652
WP_010952174.1	WP_010952174.1	PP_0987
WP_010951662.1	WP_010951662.1	PP_0297
WP_003253197.1	WP_003253197.1	PP_5413
WP_003252139.1	WP_003252139.1	PP_1461
WP_162490567.1	WP_162490567.1	PP_1694
WP_049588139.1	WP_049588139.1	PP_2584
WP_010953481.1	WP_010953481.1	PP_2553
WP_010951472.1	WP_010951472.1	PP_0065
WP_003256095.1	WP_003256095.1	PP_3662
WP_010955653.1	WP_010955653.1	PP_5116
WP_010954819.1	WP_010954819.1	PP_4016
WP_010953842.1	WP_010953842.1	PP_2942
WP_010951424.1	WP_010951424.1	PP_0005
WP_003251626.1	WP_003251626.1	PP_4644
WP_051122564.1	WP_051122564.1	PP_5590
WP_010955885.1	WP_010955885.1	PP_5411
WP_010955713.1	WP_010955713.1	PP_5187
WP_010955446.1	WP_010955446.1	PP_4839
WP_010954834.1	WP_010954834.1	PP_4037
WP_010954170.1	WP_010954170.1	PP_3291
WP_010954115.1	WP_010954115.1	PP_3231
WP_010953717.1	WP_010953717.1	PP_2808
WP_010952451.1	WP_010952451.1	PP_1333
WP_010951639.1	WP_010951639.1	PP_0270
WP_049588316.1	WP_049588316.1	PP_5134
WP_010955592.1	WP_010955592.1	PP_5036
WP_010955221.1	WP_010955221.1	PP_4547
WP_010954387.1	WP_010954387.1	PP_3529
WP_010953630.1	WP_010953630.1	PP_2714
WP_010952007.1	WP_010952007.1	PP_0766
WP_003247701.1	WP_003247701.1	PP_3600
WP_012051553.1	WP_012051553.1	PP_4532
WP_010955709.1	WP_010955709.1	PP_5182
WP_010954901.1	WP_010954901.1	PP_4123
WP_010954774.1	WP_010954774.1	PP_3958
WP_010952814.1	WP_010952814.1	PP_1777
WP_003255172.1	WP_003255172.1	PP_0927
WP_172830945.1	WP_172830945.1	PP_0166
WP_010955710.1	WP_010955710.1	PP_5183
WP_010955202.1	WP_010955202.1	PP_4519
WP_010955095.1	WP_010955095.1	PP_4376
WP_010954037.1	WP_010954037.1	PP_3148
WP_010953166.1	WP_010953166.1	PP_2180
WP_010952714.1	WP_010952714.1	PP_1655
WP_004374325.1	WP_004374325.1	PP_3161
WP_049586188.1	WP_049586188.1	PP_2829
WP_010955430.1	WP_010955430.1	PP_4819
WP_010955091.1	WP_010955091.1	PP_4371
WP_010955088.1	WP_010955088.1	PP_4366
WP_010955033.1	WP_010955033.1	PP_4290
WP_010954648.1	WP_010954648.1	PP_3819
WP_010951837.1	WP_010951837.1	PP_0563
WP_004575476.1	WP_004575476.1	PP_5112
WP_003255333.1	WP_003255333.1	PP_0558
WP_049587451.1	WP_049587451.1	PP_1598
WP_049587208.1	WP_049587208.1	PP_0581
WP_049586612.1	WP_049586612.1	PP_4758
WP_010955167.1	WP_010955167.1	PP_4465
WP_010954498.1	WP_010954498.1	PP_3658
WP_010954285.1	WP_010954285.1	PP_3417
WP_010953483.1	WP_010953483.1	PP_2556
WP_010953144.1	WP_010953144.1	PP_2157
WP_010952487.1	WP_010952487.1	PP_1379
WP_010952372.1	WP_010952372.1	PP_1229
WP_049586229.1	WP_049586229.1	PP_2754
WP_010955174.1	WP_010955174.1	PP_4477
WP_010955029.1	WP_010955029.1	PP_4284
WP_010952434.1	WP_010952434.1	PP_1311
WP_010951824.1	WP_010951824.1	PP_0547
WP_029615326.1	WP_029615326.1	PP_1335
WP_014589820.1	WP_014589820.1	PP_0942
WP_010955879.1	WP_010955879.1	PP_5404
WP_010955385.1	WP_010955385.1	PP_4757
WP_010953164.1	WP_010953164.1	PP_2178
WP_010952895.1	WP_010952895.1	PP_1866
WP_010952484.1	WP_010952484.1	PP_1376
WP_010952340.1	WP_010952340.1	PP_1187
WP_010951866.1	WP_010951866.1	PP_0596
WP_010951584.1	WP_010951584.1	PP_0200
WP_010951528.1	WP_010951528.1	PP_0133
WP_049588212.1	WP_049588212.1	PP_4213
WP_010954472.1	WP_010954472.1	PP_3630
WP_010954465.1	WP_010954465.1	PP_3623
WP_010954079.1	WP_010954079.1	PP_3194
WP_010953991.1	WP_010953991.1	PP_3093
WP_010953571.1	WP_010953571.1	PP_2651
WP_010952199.1	WP_010952199.1	PP_1019
WP_003253422.1	WP_003253422.1	PP_0046
WP_003249308.1	WP_003249308.1	PP_5001
WP_010955814.1	WP_010955814.1	PP_5322
WP_010955358.1	WP_010955358.1	PP_4716
WP_010955190.1	WP_010955190.1	PP_4505
WP_010955032.1	WP_010955032.1	PP_4289
WP_010954615.1	WP_010954615.1	PP_3785
WP_010954573.1	WP_010954573.1	PP_3740
WP_010953663.1	WP_010953663.1	PP_2751
WP_010953486.1	WP_010953486.1	PP_2559
WP_010953294.1	WP_010953294.1	PP_2329
WP_010952761.1	WP_010952761.1	PP_1710
WP_010952716.1	WP_010952716.1	PP_1659
WP_010952272.1	WP_010952272.1	PP_1109
WP_003247498.1	WP_003247498.1	PP_0675
WP_232014161.1	WP_232014161.1	PP_4952
WP_010953537.1	WP_010953537.1	PP_2617
WP_010953364.1	WP_010953364.1	PP_2411
WP_010951842.1	WP_010951842.1	PP_0569
WP_003251351.1	WP_003251351.1	PP_4080
WP_079732496.1	WP_079732496.1	PP_1565
WP_049587511.1	WP_049587511.1	PP_2206
WP_010955724.1	WP_010955724.1	PP_5200
WP_010955108.1	WP_010955108.1	PP_4398
WP_010954626.1	WP_010954626.1	PP_3796
WP_010954505.1	WP_010954505.1	PP_3666
WP_010953664.1	WP_010953664.1	PP_2752
WP_010952545.1	WP_010952545.1	PP_1445
WP_010952509.1	WP_010952509.1	PP_1401
WP_010952035.1	WP_010952035.1	PP_0799
WP_010951614.1	WP_010951614.1	PP_0234
WP_010955751.1	WP_010955751.1	PP_5233
WP_010955437.1	WP_010955437.1	PP_4829
WP_010955392.1	WP_010955392.1	PP_4766
WP_010954133.1	WP_010954133.1	PP_3251
WP_010953711.1	WP_010953711.1	PP_2802
WP_010953101.1	WP_010953101.1	PP_2102
WP_010952117.1	WP_010952117.1	PP_0913
WP_010951776.1	WP_010951776.1	PP_0474
WP_004576169.1	WP_004576169.1	PP_1197
WP_051122576.1	WP_051122576.1	PP_3707
WP_049587173.1	WP_049587173.1	PP_2558
WP_010954503.1	WP_010954503.1	PP_3664
WP_010954268.1	WP_010954268.1	PP_3396
WP_010954052.1	WP_010954052.1	PP_3165
WP_010953828.1	WP_010953828.1	PP_2926
WP_010953496.1	WP_010953496.1	PP_3586
WP_010952293.1	WP_010952293.1	PP_4791
WP_010951814.1	WP_010951814.1	PP_0533
WP_010951531.1	WP_010951531.1	PP_0137
WP_003253234.1	WP_003253234.1	PP_5370
WP_012052802.1	WP_012052802.1	PP_2604
WP_010954961.1	WP_010954961.1	PP_4206
WP_010954897.1	WP_010954897.1	PP_4116
WP_010954809.1	WP_010954809.1	PP_4002
WP_010954787.1	WP_010954787.1	PP_3972
WP_010954363.1	WP_010954363.1	PP_3503
WP_010953681.1	WP_010953681.1	PP_2770
WP_010952833.1	WP_010952833.1	PP_1797
WP_010952156.1	WP_010952156.1	PP_0966
WP_010955102.1	WP_010955102.1	PP_4388
WP_010954979.1	WP_010954979.1	PP_4224
WP_010954526.1	WP_010954526.1	PP_3690
WP_010954062.1	WP_010954062.1	PP_3176
WP_010952980.1	WP_010952980.1	PP_1960
WP_010952341.1	WP_010952341.1	PP_1188
WP_049586493.1	WP_049586493.1	PP_3656
WP_010955526.1	WP_010955526.1	PP_4950
WP_010954426.1	WP_010954426.1	PP_3573
WP_010954411.1	WP_010954411.1	PP_3556
WP_010954158.1	WP_010954158.1	PP_3279
WP_010954102.1	WP_010954102.1	PP_3218
WP_010953308.1	WP_010953308.1	PP_2348
WP_010952508.1	WP_010952508.1	PP_1400
WP_010951743.1	WP_010951743.1	PP_0403
WP_003255784.1	WP_003255784.1	PP_0268
WP_049587616.1	WP_049587616.1	PP_5521
WP_010955607.1	WP_010955607.1	PP_5057
WP_010955425.1	WP_010955425.1	PP_4813
WP_010955414.1	WP_010955414.1	PP_4798
WP_010954263.1	WP_010954263.1	PP_3391
WP_010953477.1	WP_010953477.1	PP_2548
WP_010952417.1	WP_010952417.1	PP_1288
WP_004576741.1	WP_004576741.1	PP_5058
WP_049587776.1	WP_049587776.1	PP_3877
WP_049586184.1	WP_049586184.1	PP_2831
WP_014753846.1	WP_014753846.1	PP_2299
WP_010954948.1	WP_010954948.1	PP_4184
WP_010954329.1	WP_010954329.1	PP_3464
WP_003255819.1	WP_003255819.1	PP_0247
WP_003251108.1	WP_003251108.1	PP_3940
WP_049586658.1	WP_049586658.1	PP_2043
WP_049586647.1	WP_049586647.1	PP_2033
WP_049586445.1	WP_049586445.1	PP_0902
WP_010953231.1	WP_010953231.1	PP_2255
WP_010951975.1	WP_010951975.1	PP_0730
WP_010951473.1	WP_010951473.1	PP_0066
WP_049586707.1	WP_049586707.1	PP_2056
WP_049586623.1	WP_049586623.1	PP_1997
WP_010955813.1	WP_010955813.1	PP_5321
WP_010955382.1	WP_010955382.1	PP_4752
WP_010955222.1	WP_010955222.1	PP_4548
WP_010955071.1	WP_010955071.1	PP_4343
WP_010954647.1	WP_010954647.1	PP_3818
WP_010954436.1	WP_010954436.1	PP_3585
WP_010951541.1	WP_010951541.1	PP_0147
WP_009395904.1	WP_009395904.1	PP_0037
WP_010955780.1	WP_010955780.1	PP_5270
WP_010955026.1	WP_010955026.1	PP_4281
WP_010953061.1	WP_010953061.1	PP_2057
WP_003252157.1	WP_003252157.1	PP_1470
WP_049586711.1	WP_049586711.1	PP_4865
WP_049586256.1	WP_049586256.1	PP_2703
WP_049586186.1	WP_049586186.1	PP_2830
WP_049586180.1	WP_049586180.1	PP_2837
WP_010955652.1	WP_010955652.1	PP_5115
WP_010955283.1	WP_010955283.1	PP_4621
WP_010955212.1	WP_010955212.1	PP_4533
WP_010954319.1	WP_010954319.1	PP_3453
WP_010952894.1	WP_010952894.1	PP_4318
WP_010952296.1	WP_010952296.1	PP_1136
WP_003249534.1	WP_003249534.1	PP_4893
WP_020190937.1	WP_020190937.1	PP_3082
WP_010955142.1	WP_010955142.1	PP_4434
WP_010954715.1	WP_010954715.1	PP_3889
WP_010953691.1	WP_010953691.1	PP_2780
WP_010952782.1	WP_010952782.1	PP_1738
WP_010952558.1	WP_010952558.1	PP_1458
WP_003253723.1	WP_003253723.1	PP_5185
WP_010955432.1	WP_010955432.1	PP_4823
WP_010955311.1	WP_010955311.1	PP_4653
WP_010954035.1	WP_010954035.1	PP_3146
WP_010952727.1	WP_010952727.1	PP_1673
WP_003247549.1	WP_003247549.1	PP_0626
WP_197686807.1	WP_197686807.1	PP_4433
WP_049587700.1	WP_049587700.1	PP_5603
WP_010955781.1	WP_010955781.1	PP_5273
WP_010955282.1	WP_010955282.1	PP_4620
WP_010955163.1	WP_010955163.1	PP_4461
WP_010954761.1	WP_010954761.1	PP_3939
WP_010954458.1	WP_010954458.1	PP_3613
WP_010954250.1	WP_010954250.1	PP_3377
WP_010954182.1	WP_010954182.1	PP_3303
WP_010952354.1	WP_010952354.1	PP_1201
WP_010951677.1	WP_010951677.1	PP_0315
WP_010951460.1	WP_010951460.1	PP_0051
WP_003249542.1	WP_003249542.1	PP_4889
WP_269471999.1	WP_049587496.1	PP_5043
WP_049587419.1	WP_049587419.1	PP_1555
WP_049586560.1	WP_049586560.1	PP_3764
WP_010955821.1	WP_010955821.1	PP_5330
WP_010954822.1	WP_010954822.1	PP_4020
WP_010952777.1	WP_010952777.1	PP_1730
WP_010952526.1	WP_010952526.1	PP_1419
WP_010952486.1	WP_010952486.1	PP_1378
WP_003254218.1	WP_003254218.1	PP_4194
WP_003252333.1	WP_003252333.1	PP_1612
WP_003248516.1	WP_003248516.1	PP_0854
WP_003247449.1	WP_003247449.1	PP_0695
WP_010955771.1	WP_010955771.1	PP_5257
WP_010955247.1	WP_010955247.1	PP_4578
WP_010954969.1	WP_010954969.1	PP_4214
WP_010953357.1	WP_010953357.1	PP_2402
WP_010952197.1	WP_010952197.1	PP_1015
WP_049587847.1	WP_049587847.1	PP_3329
WP_049587145.1	WP_049587145.1	PP_0369
WP_010955501.1	WP_010955501.1	PP_4921
WP_010955406.1	WP_010955406.1	PP_4784
WP_010954832.1	WP_010954832.1	PP_4034
WP_010954132.1	WP_010954132.1	PP_3250
WP_010953696.1	WP_010953696.1	PP_2785
WP_010953633.1	WP_010953633.1	PP_2717
WP_010952950.1	WP_010952950.1	PP_1929
WP_010952684.1	WP_010952684.1	PP_1608
WP_003250557.1	WP_003250557.1	PP_2448
WP_003250242.1	WP_003250242.1	PP_2301
WP_049586471.1	WP_049586471.1	PP_0970
WP_010954808.1	WP_010954808.1	PP_4000
WP_010954262.1	WP_010954262.1	PP_3390
WP_010953759.1	WP_010953759.1	PP_2853
WP_010952322.1	WP_010952322.1	PP_1167
WP_010951724.1	WP_010951724.1	PP_0372
WP_003247731.1	WP_003247731.1	PP_3589
WP_230678104.1	WP_010952238.1	PP_1066
WP_010953458.1	WP_010953458.1	PP_2528
WP_010952964.1	WP_010952964.1	PP_1944
WP_010951977.1	WP_010951977.1	PP_0732
WP_010951880.1	WP_010951880.1	PP_0614
WP_010951855.1	WP_010951855.1	PP_0582
WP_003255866.1	WP_003255866.1	PP_0214
WP_003252215.1	WP_003252215.1	PP_1499
WP_049586217.1	WP_049586217.1	PP_2778
WP_010954835.1	WP_010954835.1	PP_4038
WP_010953590.1	WP_010953590.1	PP_2671
WP_010952750.1	WP_010952750.1	PP_1698
WP_010952583.1	WP_010952583.1	PP_1490
WP_003254348.1	WP_003254348.1	PP_4300
WP_110771825.1	WP_110771825.1	PP_3959
WP_012051477.1	WP_012051477.1	PP_1222
WP_010955564.1	WP_010955564.1	PP_4999
WP_010955508.1	WP_010955508.1	PP_4928
WP_010955455.1	WP_010955455.1	PP_4849
WP_010955325.1	WP_010955325.1	PP_4670
WP_010955112.1	WP_010955112.1	PP_4403
WP_010954705.1	WP_010954705.1	PP_3879
WP_010951917.1	WP_010951917.1	PP_0659
WP_010951456.1	WP_010951456.1	PP_0045
WP_004576854.1	WP_004576854.1	PP_4811
WP_003255564.1	WP_003255564.1	PP_0396
WP_049587124.1	WP_049587124.1	PP_3570
WP_010951462.1	WP_010951462.1	PP_0053
WP_004575488.1	WP_004575488.1	PP_5085
WP_010955085.1	WP_010955085.1	PP_4361
WP_010954072.1	WP_010954072.1	PP_3187
WP_010952742.1	WP_010952742.1	PP_1689
WP_010952359.1	WP_010952359.1	PP_1206
WP_010951795.1	WP_010951795.1	PP_0506
WP_003255119.1	WP_003255119.1	PP_0964
WP_003249642.1	WP_003249642.1	PP_4841
WP_003247369.1	WP_003247369.1	PP_0745
WP_049588293.1	WP_049588293.1	PP_3371
WP_049586237.1	WP_049586237.1	PP_2734
WP_010955765.1	WP_010955765.1	PP_5250
WP_010955626.1	WP_010955626.1	PP_5080
WP_010954691.1	WP_010954691.1	PP_3864
WP_010953452.1	WP_010953452.1	PP_2518
WP_003251867.1	WP_003251867.1	PP_1341
WP_010952280.1	WP_010952280.1	PP_1117
WP_010951597.1	WP_010951597.1	PP_0215
WP_003253661.1	WP_003253661.1	PP_5214
WP_049587422.1	WP_049587422.1	PP_1567
WP_014589781.1	WP_014589781.1	PP_0887
WP_010954814.1	WP_010954814.1	PP_4011
WP_010953894.1	WP_010953894.1	PP_2994
WP_010952491.1	WP_010952491.1	PP_1383
WP_010952298.1	WP_010952298.1	PP_1139
WP_049587601.1	WP_049587601.1	PP_2408
WP_049586654.1	WP_049586654.1	PP_2040
WP_049586551.1	WP_049586551.1	PP_3739
WP_010955865.1	WP_010955865.1	PP_5385
WP_010953724.1	WP_010953724.1	PP_2815
WP_010953709.1	WP_010953709.1	PP_2800
WP_010953062.1	WP_010953062.1	PP_2058
WP_010952186.1	WP_010952186.1	PP_1001
WP_003255681.1	WP_003255681.1	PP_0322
WP_003247505.1	WP_003247505.1	PP_0671
WP_010955150.1	WP_010955150.1	PP_4447
WP_010954890.1	WP_010954890.1	PP_4108
WP_010954055.1	WP_010954055.1	PP_3168
WP_010953812.1	WP_010953812.1	PP_2910
WP_010953141.1	WP_010953141.1	PP_2154
WP_010952196.1	WP_010952196.1	PP_1014
WP_010951455.1	WP_010951455.1	PP_0044
WP_003255680.1	WP_003255680.1	PP_0323
WP_003254823.1	WP_003254823.1	PP_1177
WP_061405682.1	WP_061405682.1	PP_5651
WP_049587672.1	WP_049587672.1	PP_3382
WP_010955746.1	WP_010955746.1	PP_5227
WP_010955075.1	WP_010955075.1	PP_4347
WP_010953650.1	WP_010953650.1	PP_2736
WP_010953118.1	WP_010953118.1	PP_2124
WP_010952389.1	WP_010952389.1	PP_1255
WP_010951751.1	WP_010951751.1	PP_0413
WP_010954442.1	WP_010954442.1	PP_3596
WP_010952938.1	WP_010952938.1	PP_1916
WP_010952468.1	WP_010952468.1	PP_1354
WP_003254615.1	WP_003254615.1	PP_4544
WP_003248123.1	WP_003248123.1	PP_2928
WP_049587832.1	WP_049587832.1	PP_3355
WP_010955109.1	WP_010955109.1	PP_4399
WP_010954225.1	WP_010954225.1	PP_3349
WP_010954074.1	WP_010954074.1	PP_3189
WP_010953143.1	WP_010953143.1	PP_2156
WP_010951606.1	WP_010951606.1	PP_0224
WP_003253847.1	WP_003253847.1	PP_3425
WP_049587004.1	WP_049587004.1	PP_4553
WP_010955391.1	WP_010955391.1	PP_4765
WP_010954183.1	WP_010954183.1	PP_3304
WP_010953674.1	WP_010953674.1	PP_2762
WP_010953053.1	WP_010953053.1	PP_2047
WP_010953034.1	WP_010953034.1	PP_2025
WP_010952327.1	WP_010952327.1	PP_1173
WP_010951574.1	WP_010951574.1	PP_0189
WP_230849516.1	WP_230849516.1	PP_5371
WP_049586850.1	WP_049586850.1	PP_1918
WP_010955546.1	WP_010955546.1	PP_4974
WP_010954580.1	WP_010954580.1	PP_3747
WP_010952975.1	WP_010952975.1	PP_1955
WP_003254504.1	WP_003254504.1	PP_4473
WP_049588082.1	WP_049588082.1	PP_0312
WP_049587875.1	WP_049587875.1	PP_3271
WP_049587585.1	WP_049587585.1	PP_2366
WP_049586227.1	WP_049586227.1	PP_2755
WP_010955110.1	WP_010955110.1	PP_4401
WP_010953901.1	WP_010953901.1	PP_3001
WP_010953451.1	WP_010953451.1	PP_2517
WP_010953079.1	WP_010953079.1	PP_2077
WP_010953018.1	WP_010953018.1	PP_2007
WP_049587623.1	WP_049587623.1	PP_2437
WP_010954558.1	WP_010954558.1	PP_3722
WP_010951532.1	WP_010951532.1	PP_0138
WP_003248995.1	WP_003248995.1	PP_5155
WP_010954589.1	WP_010954589.1	PP_3758
WP_010953567.1	WP_010953567.1	PP_2647
WP_003248742.1	WP_003248742.1	PP_2123
WP_003247460.1	WP_003247460.1	PP_0690
WP_010954950.1	WP_010954950.1	PP_4188
WP_010954925.1	WP_010954925.1	PP_4155
WP_307877337.1	WP_307877337.1	PP_3700
WP_049587641.1	WP_049587641.1	PP_2479
WP_020191325.1	WP_020191325.1	PP_2924
WP_010955310.1	WP_010955310.1	PP_4652
WP_010955178.1	WP_010955178.1	PP_4481
WP_010954940.1	WP_010954940.1	PP_4175
WP_010954532.1	WP_010954532.1	PP_3696
WP_010954159.1	WP_010954159.1	PP_3280
WP_010952941.1	WP_010952941.1	PP_1920
WP_010951548.1	WP_010951548.1	PP_0159
WP_164721831.1	WP_164721831.1	PP_5197
WP_049587918.1	WP_049587918.1	PP_3188
WP_049587591.1	WP_049587591.1	PP_2382
WP_049586649.1	WP_049586649.1	PP_2034
WP_010955092.1	WP_010955092.1	PP_4372
WP_010953745.1	WP_010953745.1	PP_2836
WP_010952816.1	WP_010952816.1	PP_1779
WP_010952461.1	WP_010952461.1	PP_1346
WP_010951489.1	WP_010951489.1	PP_0083
WP_003254941.1	WP_003254941.1	PP_1088
WP_088171445.1	WP_088171445.1	PP_2977
WP_019437570.1	WP_019437570.1	PP_4909
WP_014754346.1	WP_014754346.1	PP_5469
WP_010954452.1	WP_010954452.1	PP_3607
WP_010953362.1	WP_010953362.1	PP_2409
WP_010953094.1	WP_010953094.1	PP_2094
WP_010953043.1	WP_010953043.1	PP_2035
WP_010952453.1	WP_010952453.1	PP_1336
WP_010951949.1	WP_010951949.1	PP_0701
WP_003248541.1	WP_003248541.1	PP_0842
WP_158286185.1	WP_158286185.1	PP_3789
WP_049586692.1	WP_049586692.1	PP_2092
WP_049586211.1	WP_049586211.1	PP_2781
WP_010955790.1	WP_010955790.1	PP_5285
WP_010955438.1	WP_010955438.1	PP_4830
WP_010955296.1	WP_010955296.1	PP_4635
WP_010954987.1	WP_010954987.1	PP_4232
WP_010954506.1	WP_010954506.1	PP_3667
WP_010953393.1	WP_010953393.1	PP_2443
WP_010953012.1	WP_010953012.1	PP_2001
WP_010952900.1	WP_010952900.1	PP_1872
WP_010952438.1	WP_010952438.1	PP_1318
WP_010952275.1	WP_010952275.1	PP_1112
WP_049587973.1	WP_049587973.1	PP_5467
WP_010955844.1	WP_010955844.1	PP_5361
WP_010955254.1	WP_010955254.1	PP_4586
WP_010954777.1	WP_010954777.1	PP_3961
WP_010954616.1	WP_010954616.1	PP_3786
WP_010953417.1	WP_010953417.1	PP_2480
WP_010953105.1	WP_010953105.1	PP_2106
WP_010952049.1	WP_010952049.1	PP_0817
WP_010951891.1	WP_010951891.1	PP_0633
WP_172835047.1	WP_172835047.1	PP_1377
WP_049586710.1	WP_049586710.1	PP_4868
WP_049586161.1	WP_049586161.1	PP_2885
WP_049586103.1	WP_049586103.1	PP_3067
WP_010955587.1	WP_010955587.1	PP_5030
WP_010954478.1	WP_010954478.1	PP_3636
WP_010952615.1	WP_010952615.1	PP_1529
WP_010952559.1	WP_010952559.1	PP_1459
WP_010952182.1	WP_010952182.1	PP_0996
WP_010951792.1	WP_010951792.1	PP_0503
WP_010951648.1	WP_010951648.1	PP_0279
WP_049587225.1	WP_049587225.1	PP_1684
WP_010955181.1	WP_010955181.1	PP_4492
WP_010954993.1	WP_010954993.1	PP_4240
WP_010954785.1	WP_010954785.1	PP_3970
WP_010954145.1	WP_010954145.1	PP_3264
WP_010954028.1	WP_010954028.1	PP_3139
WP_010953772.1	WP_010953772.1	PP_2867
WP_010953347.1	WP_010953347.1	PP_2392
WP_010952223.1	WP_010952223.1	PP_1048
WP_010951883.1	WP_010951883.1	PP_0619
WP_049587802.1	WP_049587802.1	PP_3167
WP_049587621.1	WP_049587621.1	PP_2428
WP_049587526.1	WP_049587526.1	PP_2241
WP_010955723.1	WP_010955723.1	PP_5199
WP_010954420.1	WP_010954420.1	PP_3566
WP_010952569.1	WP_010952569.1	PP_1475
WP_010951769.1	WP_010951769.1	PP_0436
WP_003255673.1	WP_003255673.1	PP_0328
WP_049586786.1	WP_049586786.1	PP_4320
WP_010955663.1	WP_010955663.1	PP_5127
WP_010954584.1	WP_010954584.1	PP_3751
WP_010952990.1	WP_010952990.1	PP_1972
WP_010952672.1	WP_010952672.1	PP_1588
WP_010952431.1	WP_010952431.1	PP_1308
WP_010951961.1	WP_010951961.1	PP_0713
WP_003251871.1	WP_003251871.1	PP_1342
WP_003247729.1	WP_003247729.1	PP_3590
WP_049586275.1	WP_049586275.1	PP_5538
WP_010955049.1	WP_010955049.1	PP_4311
WP_010954627.1	WP_010954627.1	PP_3797
WP_010954404.1	WP_010954404.1	PP_3549
WP_010953835.1	WP_010953835.1	PP_2935
WP_010953450.1	WP_010953450.1	PP_2516
WP_010953196.1	WP_010953196.1	PP_2215
WP_010952292.1	WP_010952292.1	PP_1132
WP_010951775.1	WP_010951775.1	PP_0452
WP_003255489.1	WP_003255489.1	PP_0440
WP_049587690.1	WP_049587690.1	PP_3424
WP_049587431.1	WP_049587431.1	PP_1597
WP_049587286.1	WP_049587286.1	PP_1820
WP_023048454.1	WP_023048454.1	PP_4432
WP_010954557.1	WP_010954557.1	PP_3721
WP_010954265.1	WP_010954265.1	PP_3393
WP_010954088.1	WP_010954088.1	PP_3203
WP_010953300.1	WP_010953300.1	PP_2337
WP_010952016.1	WP_010952016.1	PP_0778
WP_010951974.1	WP_010951974.1	PP_0729
WP_003253228.1	WP_003253228.1	PP_5373
WP_003249375.1	WP_003249375.1	PP_4967
WP_232014165.1	WP_232014165.1	PP_5072
WP_010955481.1	WP_010955481.1	PP_4890
WP_010954438.1	WP_010954438.1	PP_3588
WP_010954394.1	WP_010954394.1	PP_3537
WP_010954029.1	WP_010954029.1	PP_3140
WP_010953683.1	WP_010953683.1	PP_2772
WP_010953581.1	WP_010953581.1	PP_2662
WP_010952881.1	WP_010952881.1	PP_1850
WP_049588386.1	WP_049588386.1	PP_5365
WP_049586505.1	WP_049586505.1	PP_3683
WP_049586468.1	WP_049586468.1	PP_0968
WP_010954586.1	WP_010954586.1	PP_3754
WP_010954241.1	WP_010954241.1	PP_3368
WP_010953620.1	WP_010953620.1	PP_2704
WP_010953057.1	WP_010953057.1	PP_2051
WP_010952789.1	WP_010952789.1	PP_1748
WP_010952039.1	WP_010952039.1	PP_0803
WP_010951898.1	WP_010951898.1	PP_0640
WP_010951599.1	WP_010951599.1	PP_0217
WP_049588088.1	WP_049588088.1	PP_0223
WP_049587694.1	WP_049587694.1	PP_3445
WP_010955528.1	WP_010955528.1	PP_4953
WP_010955262.1	WP_010955262.1	PP_4594
WP_010953749.1	WP_010953749.1	PP_2840
WP_010953151.1	WP_010953151.1	PP_2165
WP_010952557.1	WP_010952557.1	PP_1457
WP_010951547.1	WP_010951547.1	PP_0158
WP_003255285.1	WP_003255285.1	PP_0589
WP_003249536.1	WP_003249536.1	PP_4892
WP_010955297.1	WP_010955297.1	PP_4636
WP_010955243.1	WP_010955243.1	PP_4574
WP_010954964.1	WP_010954964.1	PP_4209
WP_010952970.1	WP_010952970.1	PP_1950
WP_010952748.1	WP_010952748.1	PP_1696
WP_010952425.1	WP_010952425.1	PP_1298
WP_010952044.1	WP_010952044.1	PP_0808
WP_010951660.1	WP_010951660.1	PP_0294
WP_010955643.1	WP_010955643.1	PP_5101
WP_010955514.1	WP_010955514.1	PP_4936
WP_010955510.1	WP_010955510.1	PP_4931
WP_010954895.1	WP_010954895.1	PP_4114
WP_010954321.1	WP_010954321.1	PP_3455
WP_010953997.1	WP_010953997.1	PP_3103
WP_010953465.1	WP_010953465.1	PP_2535
WP_010953128.1	WP_010953128.1	PP_2137
WP_049587587.1	WP_049587587.1	PP_2367
WP_010955343.1	WP_010955343.1	PP_4692
WP_010955208.1	WP_010955208.1	PP_4526
WP_010954541.1	WP_010954541.1	PP_3705
WP_010953702.1	WP_010953702.1	PP_2793
WP_010951715.1	WP_010951715.1	PP_0363
WP_162490559.1	WP_162490559.1	PP_0756
WP_010951973.1	WP_010951973.1	PP_0728
WP_049586791.1	WP_049586791.1	PP_4348
WP_014590368.1	WP_014590368.1	PP_4017
WP_010953958.1	WP_010953958.1	PP_3059
WP_010953046.1	WP_010953046.1	PP_2039
WP_010952974.1	WP_010952974.1	PP_1954
WP_010952415.1	WP_010952415.1	PP_1286
WP_003254205.1	WP_003254205.1	PP_4186
WP_110771811.1	WP_110771811.1	PP_4420
WP_010955537.1	WP_010955537.1	PP_4963
WP_010955078.1	WP_010955078.1	PP_4350
WP_010953944.1	WP_010953944.1	PP_3045
WP_010953582.1	WP_010953582.1	PP_2663
WP_010953455.1	WP_010953455.1	PP_2525
WP_010953055.1	WP_010953055.1	PP_2049
WP_010952942.1	WP_010952942.1	PP_1921
WP_004576476.1	WP_004576476.1	PP_2682
WP_003251317.1	WP_003251317.1	PP_4064
WP_003248498.1	WP_003248498.1	PP_0864
WP_061405631.1	WP_061405631.1	PP_5539
WP_049587610.1	WP_049587610.1	PP_2419
WP_049587150.1	WP_049587150.1	PP_0376
WP_049587126.1	WP_049587126.1	PP_3571
WP_014592300.1	WP_014592300.1	PP_1301
WP_010955418.1	WP_010955418.1	PP_4803
WP_010954662.1	WP_010954662.1	PP_3835
WP_010954560.1	WP_010954560.1	PP_3725
WP_010952979.1	WP_010952979.1	PP_1959
WP_010952794.1	WP_010952794.1	PP_1754
WP_049587323.1	WP_049587323.1	PP_1279
WP_049586450.1	WP_049586450.1	PP_0907
WP_049586199.1	WP_049586199.1	PP_2803
WP_020191688.1	WP_020191688.1	PP_3195
WP_010955851.1	WP_010955851.1	PP_5368
WP_010954261.1	WP_010954261.1	PP_3389
WP_010953427.1	WP_010953427.1	PP_2492
WP_010952098.1	WP_010952098.1	PP_0892
WP_010952079.1	WP_010952079.1	PP_0868
WP_010951950.1	WP_010951950.1	PP_0702
WP_049587669.1	WP_049587669.1	PP_2435
WP_010955099.1	WP_010955099.1	PP_4382
WP_010954307.1	WP_010954307.1	PP_3441
WP_010953309.1	WP_010953309.1	PP_2349
WP_010952863.1	WP_010952863.1	PP_1831
WP_010952494.1	WP_010952494.1	PP_1386
WP_010952314.1	WP_010952314.1	PP_1159
WP_003255047.1	WP_003255047.1	PP_1018
WP_049587483.1	WP_049587483.1	PP_4971
WP_049587392.1	WP_049587392.1	PP_1486
WP_010954614.1	WP_010954614.1	PP_3784
WP_010954531.1	WP_010954531.1	PP_3695
WP_010954355.1	WP_010954355.1	PP_3492
WP_004574734.1	WP_004574734.1	PP_1525
WP_010955808.1	WP_010955808.1	PP_5314
WP_010954763.1	WP_010954763.1	PP_3944
WP_010954646.1	WP_010954646.1	PP_3817
WP_010954605.1	WP_010954605.1	PP_3775
WP_010953323.1	WP_010953323.1	PP_2364
WP_010952780.1	WP_010952780.1	PP_1736
WP_003255833.1	WP_003255833.1	PP_0238
WP_003248511.1	WP_003248511.1	PP_0858
WP_049586676.1	WP_049586676.1	PP_2068
WP_049586495.1	WP_049586495.1	PP_3663
WP_010953181.1	WP_010953181.1	PP_2198
WP_010952288.1	WP_010952288.1	PP_1127
WP_010952067.1	WP_010952067.1	PP_0850
WP_003249907.1	WP_003249907.1	PP_4736
WP_010955712.1	WP_010955712.1	PP_5186
WP_010955706.1	WP_010955706.1	PP_5179
WP_010955079.1	WP_010955079.1	PP_4352
WP_010953781.1	WP_010953781.1	PP_2876
WP_010953570.1	WP_010953570.1	PP_2650
WP_010953113.1	WP_010953113.1	PP_2117
WP_010952847.1	WP_010952847.1	PP_1811
WP_010952837.1	WP_010952837.1	PP_1801
WP_004576298.1	WP_004576298.1	PP_0856
WP_010955639.1	WP_010955639.1	PP_5097
WP_010954064.1	WP_010954064.1	PP_3178
WP_003253511.1	WP_003253511.1	PP_5277
WP_010955364.1	WP_010955364.1	PP_4724
WP_010953222.1	WP_010953222.1	PP_2246
WP_003249588.1	WP_003249588.1	PP_4867
WP_049587900.1	WP_049587900.1	PP_3226
WP_049586198.1	WP_049586198.1	PP_2817
WP_010955259.1	WP_010955259.1	PP_4591
WP_010953868.1	WP_010953868.1	PP_2968
WP_010952888.1	WP_010952888.1	PP_1857
WP_010951536.1	WP_010951536.1	PP_0142
WP_079732511.1	WP_079732511.1	PP_2075
WP_049588007.1	WP_049588007.1	PP_0514
WP_010955520.1	WP_010955520.1	PP_4943
WP_010953677.1	WP_010953677.1	PP_2766
WP_010953618.1	WP_010953618.1	PP_2702
WP_010953030.1	WP_010953030.1	PP_2021
WP_049587329.1	WP_049587329.1	PP_1290
WP_049587010.1	WP_049587010.1	PP_4543
WP_049586415.1	WP_049586415.1	PP_0818
WP_010955365.1	WP_010955365.1	PP_4726
WP_010955160.1	WP_010955160.1	PP_4457
WP_010953197.1	WP_010953197.1	PP_2216
WP_010952682.1	WP_010952682.1	PP_1604
WP_010951505.1	WP_010951505.1	PP_0103
WP_003250313.1	WP_003250313.1	PP_2335
WP_010955306.1	WP_010955306.1	PP_4648
WP_010954817.1	WP_010954817.1	PP_4014
WP_010954236.1	WP_010954236.1	PP_3360
WP_010954084.1	WP_010954084.1	PP_3199
WP_010953422.1	WP_010953422.1	PP_2486
WP_010953176.1	WP_010953176.1	PP_2192
WP_010951696.1	WP_010951696.1	PP_0343
WP_003255547.1	WP_003255547.1	PP_0411
WP_049587969.1	WP_049587969.1	PP_3844
WP_049587008.1	WP_049587008.1	PP_4545
WP_020191551.1	WP_020191551.1	PP_0156
WP_014859935.1	WP_014859935.1	PP_3459
WP_010955149.1	WP_010955149.1	PP_4446
WP_010954642.1	WP_010954642.1	PP_3813
WP_010954551.1	WP_010954551.1	PP_3715
WP_010952481.1	WP_010952481.1	PP_1370
WP_010952376.1	WP_010952376.1	PP_1238
WP_010952173.1	WP_010952173.1	PP_0986
WP_010954783.1	WP_010954783.1	PP_3968
WP_010954306.1	WP_010954306.1	PP_3440
WP_010953213.1	WP_010953213.1	PP_2237
WP_010953016.1	WP_010953016.1	PP_2005
WP_010952697.1	WP_010952697.1	PP_1631
WP_010952368.1	WP_010952368.1	PP_1221
WP_003247458.1	WP_003247458.1	PP_0691
WP_079732500.1	WP_079732500.1	PP_1682
WP_049587815.1	WP_049587815.1	PP_5587
WP_049586287.1	WP_049586287.1	PP_2637
WP_010952299.1	WP_010952299.1	PP_1141
WP_010952267.1	WP_010952267.1	PP_1104
WP_004575655.1	WP_004575655.1	PP_0982
WP_003248558.1	WP_003248558.1	PP_0833
WP_014592131.1	WP_014592131.1	PP_1616
WP_010955732.1	WP_010955732.1	PP_5208
WP_010955067.1	WP_010955067.1	PP_4337
WP_010952052.1	WP_010952052.1	PP_0822
WP_010951701.1	WP_010951701.1	PP_0349
WP_003247195.1	WP_003247195.1	PP_1989
WP_049587273.1	WP_049587273.1	PP_1802
WP_010954690.1	WP_010954690.1	PP_3863
WP_010954672.1	WP_010954672.1	PP_3845
WP_010952248.1	WP_010952248.1	PP_1078
WP_010952070.1	WP_010952070.1	PP_0853
WP_010951602.1	WP_010951602.1	PP_0220
WP_004575771.1	WP_004575771.1	PP_4383
WP_010954135.1	WP_010954135.1	PP_3253
WP_010953191.1	WP_010953191.1	PP_2209
WP_010953182.1	WP_010953182.1	PP_2199
WP_010952616.1	WP_010952616.1	PP_1532
WP_010952571.1	WP_010952571.1	PP_1478
WP_010952519.1	WP_010952519.1	PP_1412
WP_010951828.1	WP_010951828.1	PP_0553
WP_010951739.1	WP_010951739.1	PP_0394
WP_010951663.1	WP_010951663.1	PP_0298
WP_010951636.1	WP_010951636.1	PP_0266
WP_049587325.1	WP_049587325.1	PP_1281
WP_010955830.1	WP_010955830.1	PP_5341
WP_010954555.1	WP_010954555.1	PP_3719
WP_010954180.1	WP_010954180.1	PP_3301
WP_010953682.1	WP_010953682.1	PP_2771
WP_003253156.1	WP_003253156.1	PP_0011
WP_003253154.1	WP_003253154.1	PP_0012
WP_003249727.1	WP_003249727.1	PP_4806
WP_049588084.1	WP_049588084.1	PP_0316
WP_049588039.1	WP_049588039.1	PP_0188
WP_049586712.1	WP_049586712.1	PP_4860
WP_010955122.1	WP_010955122.1	PP_4415
WP_010954103.1	WP_010954103.1	PP_3219
WP_010953424.1	WP_010953424.1	PP_2489
WP_010952822.1	WP_010952822.1	PP_1785
WP_010952607.1	WP_010952607.1	PP_1516
WP_003247414.1	WP_003247414.1	PP_0719
WP_049587925.1	WP_049587925.1	PP_3177
WP_024717547.1	WP_024717547.1	PP_3024
WP_010955708.1	WP_010955708.1	PP_5181
WP_010955624.1	WP_010955624.1	PP_5078
WP_010954669.1	WP_010954669.1	PP_3842
WP_010954059.1	WP_010954059.1	PP_3173
WP_010953237.1	WP_010953237.1	PP_2261
WP_010953066.1	WP_010953066.1	PP_2064
WP_010952426.1	WP_010952426.1	PP_1299
WP_010952112.1	WP_010952112.1	PP_0908
WP_010951964.1	WP_010951964.1	PP_0716
WP_010951962.1	WP_010951962.1	PP_0714
WP_010951878.1	WP_010951878.1	PP_0612
WP_010951475.1	WP_010951475.1	PP_0069
WP_004573968.1	WP_004573968.1	PP_4459
WP_003248125.1	WP_003248125.1	PP_2929
WP_061405587.1	WP_061405587.1	PP_1495
WP_010955707.1	WP_010955707.1	PP_5180
WP_010955439.1	WP_010955439.1	PP_4831
WP_010953857.1	WP_010953857.1	PP_2957
WP_010953236.1	WP_010953236.1	PP_2260
WP_010952915.1	WP_010952915.1	PP_1888
WP_010952435.1	WP_010952435.1	PP_1312
WP_010952263.1	WP_010952263.1	PP_1098
WP_003252669.1	WP_003252669.1	PP_1769
WP_020191476.1	WP_020191476.1	PP_4938
WP_010954657.1	WP_010954657.1	PP_3830
WP_010954318.1	WP_010954318.1	PP_3452
WP_010953676.1	WP_010953676.1	PP_2765
WP_010952388.1	WP_010952388.1	PP_1254
WP_010951767.1	WP_010951767.1	PP_0434
WP_003255398.1	WP_003255398.1	PP_0516
WP_003252803.1	WP_003252803.1	PP_1830
WP_010955703.1	WP_010955703.1	PP_5175
WP_010955665.1	WP_010955665.1	PP_5129
WP_010954585.1	WP_010954585.1	PP_3753
WP_010954036.1	WP_010954036.1	PP_3147
WP_010953400.1	WP_010953400.1	PP_2453
WP_010952818.1	WP_010952818.1	PP_1781
WP_010955600.1	WP_010955600.1	PP_5047
WP_010955154.1	WP_010955154.1	PP_4451
WP_010954654.1	WP_010954654.1	PP_3827
WP_010953986.1	WP_010953986.1	PP_3088
WP_010953447.1	WP_010953447.1	PP_2513
WP_010952806.1	WP_010952806.1	PP_1768
WP_004575991.1	WP_004575991.1	PP_4654
WP_049587561.1	WP_049587561.1	PP_2297
WP_049587252.1	WP_049587252.1	PP_1718
WP_010955825.1	WP_010955825.1	PP_5335
WP_010955719.1	WP_010955719.1	PP_5194
WP_010953343.1	WP_010953343.1	PP_2387
WP_010952946.1	WP_010952946.1	PP_1925
WP_010951978.1	WP_010951978.1	PP_0733
WP_003251852.1	WP_003251852.1	PP_1334
WP_003247194.1	WP_003247194.1	PP_1988
WP_407475004.1	WP_004573881.1	PP_2344
WP_049588384.1	WP_049588384.1	PP_5379
WP_049587507.1	WP_049587507.1	PP_2195
WP_049586439.1	WP_049586439.1	PP_0889
WP_010955449.1	WP_010955449.1	PP_4843
WP_010954056.1	WP_010954056.1	PP_3169
WP_010953059.1	WP_010953059.1	PP_2055
WP_010952825.1	WP_010952825.1	PP_1788
WP_010952454.1	WP_010952454.1	PP_1337
WP_010952083.1	WP_010952083.1	PP_0873
WP_010951510.1	WP_010951510.1	PP_0109
WP_232014116.1	WP_232014116.1	PP_1053
WP_049588425.1	WP_049588425.1	PP_0093
WP_049588257.1	WP_049588257.1	PP_4057
WP_049587487.1	WP_049587487.1	PP_4978
WP_014591663.1	WP_014591663.1	PP_2324
WP_010954299.1	WP_010954299.1	PP_3433
WP_010954154.1	WP_010954154.1	PP_3274
WP_010953330.1	WP_010953330.1	PP_2372
WP_010953038.1	WP_010953038.1	PP_2029
WP_010952804.1	WP_010952804.1	PP_1766
WP_010952666.1	WP_010952666.1	PP_1582
WP_049587038.1	WP_049587038.1	PP_4452
WP_010955779.1	WP_010955779.1	PP_5269
WP_010955242.1	WP_010955242.1	PP_4572
WP_010954918.1	WP_010954918.1	PP_4148
WP_010954354.1	WP_010954354.1	PP_3491
WP_010952723.1	WP_010952723.1	PP_1667
WP_010952312.1	WP_010952312.1	PP_1155
WP_049587571.1	WP_049587571.1	PP_2352
WP_003254744.1	WP_003254744.1	PP_1234
WP_003248350.1	WP_003248350.1	PP_3096
WP_049588159.1	WP_049588159.1	PP_1627
WP_049587200.1	WP_049587200.1	PP_0564
WP_010955702.1	WP_010955702.1	PP_5174
WP_010954749.1	WP_010954749.1	PP_3925
WP_010954571.1	WP_010954571.1	PP_3736
WP_010952722.1	WP_010952722.1	PP_1666
WP_010951654.1	WP_010951654.1	PP_0286
WP_003254539.1	WP_003254539.1	PP_4496
WP_003252365.1	WP_003252365.1	PP_1629
WP_003247913.1	WP_003247913.1	PP_3508
WP_232014146.1	WP_232014146.1	PP_0552
WP_010955621.1	WP_010955621.1	PP_5074
WP_010955535.1	WP_010955535.1	PP_4960
WP_010955486.1	WP_010955486.1	PP_4900
WP_010954480.1	WP_010954480.1	PP_3638
WP_010953662.1	WP_010953662.1	PP_2750
WP_010953389.1	WP_010953389.1	PP_2438
WP_010953224.1	WP_010953224.1	PP_2248
WP_010953190.1	WP_010953190.1	PP_2207
WP_010953111.1	WP_010953111.1	PP_2113
WP_010952774.1	WP_010952774.1	PP_1726
WP_010952113.1	WP_010952113.1	PP_0909
WP_049587435.1	WP_049587435.1	PP_1272
WP_010955193.1	WP_010955193.1	PP_4508
WP_010954501.1	WP_010954501.1	PP_3661
WP_010954086.1	WP_010954086.1	PP_3201
WP_010953978.1	WP_010953978.1	PP_3080
WP_010952171.1	WP_010952171.1	PP_0983
WP_162490561.1	WP_162490561.1	PP_1203
WP_049587927.1	WP_049587927.1	PP_3348
WP_049586209.1	WP_049586209.1	PP_2791
WP_049586182.1	WP_049586182.1	PP_2835
WP_012051588.1	WP_012051588.1	PP_4402
WP_010955673.1	WP_010955673.1	PP_5137
WP_010955538.1	WP_010955538.1	PP_4964
WP_010955074.1	WP_010955074.1	PP_4346
WP_010954568.1	WP_010954568.1	PP_3733
WP_010953976.1	WP_010953976.1	PP_3077
WP_010952689.1	WP_010952689.1	PP_1619
WP_010951714.1	WP_010951714.1	PP_0362
WP_010951689.1	WP_010951689.1	PP_0334
WP_010951502.1	WP_010951502.1	PP_0099
WP_003255648.1	WP_003255648.1	PP_0342
WP_003254747.1	WP_003254747.1	PP_1231
WP_003252437.1	WP_003252437.1	PP_1665
WP_049586797.1	WP_049586797.1	PP_1976
WP_010955666.1	WP_010955666.1	PP_5130
WP_010952732.1	WP_010952732.1	PP_1679
WP_010952522.1	WP_010952522.1	PP_1415
WP_010951831.1	WP_010951831.1	PP_0556
WP_003252312.1	WP_003252312.1	PP_1601
WP_010954930.1	WP_010954930.1	PP_4162
WP_010954635.1	WP_010954635.1	PP_3805
WP_010954579.1	WP_010954579.1	PP_3746
WP_010954390.1	WP_010954390.1	PP_3533
WP_010953791.1	WP_010953791.1	PP_2887
WP_010953524.1	WP_010953524.1	PP_2602
WP_010953379.1	WP_010953379.1	PP_2426
WP_010951954.1	WP_010951954.1	PP_0706
WP_004577272.1	WP_004577272.1	PP_3945
WP_010954746.1	WP_010954746.1	PP_3920
WP_010953886.1	WP_010953886.1	PP_2986
WP_010953228.1	WP_010953228.1	PP_2252
WP_010952123.1	WP_010952123.1	PP_0920
WP_010952060.1	WP_010952060.1	PP_0832
WP_010951756.1	WP_010951756.1	PP_0421
WP_010951695.1	WP_010951695.1	PP_0341
WP_373929355.1	WP_370688783.1	PP_2257
WP_049586219.1	WP_049586219.1	PP_2775
WP_010954800.1	WP_010954800.1	PP_3989
WP_010953834.1	WP_010953834.1	PP_2934
WP_010953829.1	WP_010953829.1	PP_2927
WP_010952253.1	WP_010952253.1	PP_1086
WP_010952157.1	WP_010952157.1	PP_0967
WP_003254766.1	WP_003254766.1	PP_1217
WP_049586164.1	WP_049586164.1	PP_2870
WP_010955829.1	WP_010955829.1	PP_5340
WP_010954687.1	WP_010954687.1	PP_3860
WP_010954141.1	WP_010954141.1	PP_3259
WP_010953964.1	WP_010953964.1	PP_3065
WP_010952128.1	WP_010952128.1	PP_0928
WP_010951922.1	WP_010951922.1	PP_0664
WP_126404352.1	WP_126404352.1	PP_3536
WP_049587660.1	WP_049587660.1	PP_2305
WP_049586637.1	WP_049586637.1	PP_2018
WP_010955487.1	WP_010955487.1	PP_4904
WP_010954486.1	WP_010954486.1	PP_3644
WP_010954066.1	WP_010954066.1	PP_3180
WP_010953015.1	WP_010953015.1	PP_2004
WP_010952437.1	WP_010952437.1	PP_1314
WP_010951760.1	WP_010951760.1	PP_0426
WP_010951681.1	WP_010951681.1	PP_0321
WP_023082810.1	WP_023082810.1	PP_2971
WP_010954544.1	WP_010954544.1	PP_3708
WP_010953439.1	WP_010953439.1	PP_2505
WP_003255163.1	WP_003255163.1	PP_0933
WP_003249749.1	WP_003249749.1	PP_4796
WP_049587590.1	WP_049587590.1	PP_2377
WP_010953614.1	WP_010953614.1	PP_2698
WP_010953413.1	WP_010953413.1	PP_2476
WP_010953090.1	WP_010953090.1	PP_2089
WP_010952053.1	WP_010952053.1	PP_0823
WP_010951765.1	WP_010951765.1	PP_0432
WP_010951750.1	WP_010951750.1	PP_0412
WP_004574732.1	WP_004574732.1	PP_1530
WP_014860658.1	WP_014860658.1	PP_1799
WP_014591398.1	WP_014591398.1	PP_2656
WP_010952577.1	WP_010952577.1	PP_1484
WP_003249512.1	WP_003249512.1	PP_4903
WP_049588052.1	WP_049588052.1	PP_0216
WP_010955176.1	WP_010955176.1	PP_4479
WP_010954098.1	WP_010954098.1	PP_3213
WP_010953670.1	WP_010953670.1	PP_2758
WP_010952424.1	WP_010952424.1	PP_1297
WP_407473298.1	WP_010951736.1	PP_0390
WP_049588100.1	WP_049588100.1	PP_3591
WP_049587834.1	WP_049587834.1	PP_3353
WP_049586580.1	WP_049586580.1	PP_3659
WP_010955671.1	WP_010955671.1	PP_5135
WP_010955647.1	WP_010955647.1	PP_5109
WP_010954935.1	WP_010954935.1	PP_4169
WP_010954643.1	WP_010954643.1	PP_3814
WP_010954097.1	WP_010954097.1	PP_3212
WP_010951537.1	WP_010951537.1	PP_0143
WP_010951450.1	WP_010951450.1	PP_0039
WP_049586635.1	WP_049586635.1	PP_2011
WP_028700032.1	WP_028700032.1	PP_5392
WP_010954658.1	WP_010954658.1	PP_3831
WP_010953736.1	WP_010953736.1	PP_2827
WP_010953404.1	WP_010953404.1	PP_2457
WP_010953193.1	WP_010953193.1	PP_2211
WP_010953095.1	WP_010953095.1	PP_2095
WP_010951965.1	WP_010951965.1	PP_0717
WP_010951829.1	WP_010951829.1	PP_0554
WP_049586861.1	WP_049586861.1	PP_1904
WP_010955279.1	WP_010955279.1	PP_4617
WP_010955177.1	WP_010955177.1	PP_4480
WP_010954919.1	WP_010954919.1	PP_4149
WP_010954747.1	WP_010954747.1	PP_3922
WP_010954641.1	WP_010954641.1	PP_3812
WP_010954369.1	WP_010954369.1	PP_3511
WP_010954283.1	WP_010954283.1	PP_3415
WP_010954253.1	WP_010954253.1	PP_3380
WP_010951744.1	WP_010951744.1	PP_0405
WP_010951558.1	WP_010951558.1	PP_0170
WP_003254434.1	WP_003254434.1	PP_4368
WP_003247567.1	WP_003247567.1	PP_0617
WP_003247556.1	WP_003247556.1	PP_0622
WP_049587606.1	WP_049587606.1	PP_2417
WP_010954869.1	WP_010954869.1	PP_4078
WP_010954413.1	WP_010954413.1	PP_3558
WP_010953975.1	WP_010953975.1	PP_3076
WP_010953540.1	WP_010953540.1	PP_2620
WP_010952269.1	WP_010952269.1	PP_1106
WP_010951989.1	WP_010951989.1	PP_0744
WP_003250674.1	WP_003250674.1	PP_2469
WP_003250043.1	WP_003250043.1	PP_4678
WP_003249742.1	WP_003249742.1	PP_4800
WP_003248396.1	WP_003248396.1	PP_3104
WP_061405596.1	WP_061405596.1	PP_5482
WP_049588464.1	WP_049588464.1	PP_5400
WP_049586963.1	WP_049586963.1	PP_4676
WP_014590234.1	WP_014590234.1	PP_4245
WP_010955431.1	WP_010955431.1	PP_4820
WP_010954365.1	WP_010954365.1	PP_3506
WP_010952586.1	WP_010952586.1	PP_1493
WP_003249550.1	WP_003249550.1	PP_4881
WP_049587609.1	WP_049587609.1	PP_2418
WP_049587343.1	WP_049587343.1	PP_1357
WP_014592536.1	WP_014592536.1	PP_4805
WP_010955595.1	WP_010955595.1	PP_5040
WP_010955388.1	WP_010955388.1	PP_4760
WP_010954666.1	WP_010954666.1	PP_3839
WP_010954060.1	WP_010954060.1	PP_3174
WP_010954050.1	WP_010954050.1	PP_3163
WP_010953155.1	WP_010953155.1	PP_2169
WP_010952935.1	WP_010952935.1	PP_1912
WP_010952824.1	WP_010952824.1	PP_1787
WP_010952514.1	WP_010952514.1	PP_1406
WP_010952185.1	WP_010952185.1	PP_1000
WP_003255257.1	WP_003255257.1	PP_0881
WP_049588325.1	WP_049588325.1	PP_5171
WP_019751089.1	WP_019751089.1	PP_3665
WP_014592570.1	WP_014592570.1	PP_4850
WP_010955308.1	WP_010955308.1	PP_4650
WP_010955173.1	WP_010955173.1	PP_4475
WP_010954941.1	WP_010954941.1	PP_4176
WP_010954525.1	WP_010954525.1	PP_3689
WP_010954410.1	WP_010954410.1	PP_3555
WP_010954384.1	WP_010954384.1	PP_3526
WP_010953853.1	WP_010953853.1	PP_2953
WP_010952163.1	WP_010952163.1	PP_0973
WP_010952069.1	WP_010952069.1	PP_0852
WP_003253013.1	WP_003253013.1	PP_0114
WP_003252351.1	WP_003252351.1	PP_1623
WP_003251440.1	WP_003251440.1	PP_4125
WP_126404343.1	WP_126404343.1	PP_3977
WP_049587811.1	WP_049587811.1	PP_3138
WP_029615556.1	WP_029615556.1	PP_1494
WP_010953429.1	WP_010953429.1	PP_2495
WP_010953006.1	WP_010953006.1	PP_1992
WP_010952840.1	WP_010952840.1	PP_1804
WP_010951493.1	WP_010951493.1	PP_0088
WP_003254695.1	WP_003254695.1	PP_4597
WP_003249311.1	WP_003249311.1	PP_4998
WP_049588306.1	WP_049588306.1	PP_5081
WP_049587632.1	WP_049587632.1	PP_2460
WP_049586866.1	WP_049586866.1	PP_1900
WP_010955419.1	WP_010955419.1	PP_4804
WP_010954805.1	WP_010954805.1	PP_3997
WP_010954188.1	WP_010954188.1	PP_3309
WP_010953862.1	WP_010953862.1	PP_2962
WP_010953782.1	WP_010953782.1	PP_2877
WP_010952852.1	WP_010952852.1	PP_1816
WP_010952192.1	WP_010952192.1	PP_1009
WP_004575832.1	WP_004575832.1	PP_5196
WP_003255452.1	WP_003255452.1	PP_0479
WP_172835038.1	WP_172835038.1	PP_2145
WP_079732569.1	WP_079732569.1	PP_0495
WP_049588310.1	WP_049588310.1	PP_5093
WP_049586140.1	WP_049586140.1	PP_2988
WP_010955820.1	WP_010955820.1	PP_5329
WP_010955407.1	WP_010955407.1	PP_4787
WP_010955114.1	WP_010955114.1	PP_4405
WP_010955044.1	WP_010955044.1	PP_4305
WP_010953882.1	WP_010953882.1	PP_2982
WP_010953843.1	WP_010953843.1	PP_2943
WP_010953184.1	WP_010953184.1	PP_2201
WP_010953138.1	WP_010953138.1	PP_2150
WP_010952002.1	WP_010952002.1	PP_0761
WP_010951747.1	WP_010951747.1	PP_0408
WP_049588505.1	WP_049588505.1	PP_1064
WP_010955131.1	WP_010955131.1	PP_4423
WP_010954243.1	WP_010954243.1	PP_3370
WP_010953946.1	WP_010953946.1	PP_3047
WP_010953463.1	WP_010953463.1	PP_2533
WP_010953461.1	WP_010953461.1	PP_2531
WP_010953403.1	WP_010953403.1	PP_2456
WP_010952028.1	WP_010952028.1	PP_0792
WP_003248655.1	WP_003248655.1	PP_2085
WP_232014143.1	WP_232014143.1	PP_3322
WP_049588349.1	WP_049588349.1	PP_5241
WP_049587768.1	WP_049587768.1	PP_5643
WP_020191297.1	WP_020191297.1	PP_5339
WP_010955654.1	WP_010955654.1	PP_5117
WP_010955139.1	WP_010955139.1	PP_4431
WP_010955138.1	WP_010955138.1	PP_4430
WP_010954090.1	WP_010954090.1	PP_3205
WP_010953210.1	WP_010953210.1	PP_2234
WP_010953084.1	WP_010953084.1	PP_2083
WP_010952730.1	WP_010952730.1	PP_1676
WP_010952479.1	WP_010952479.1	PP_1368
WP_010952121.1	WP_010952121.1	PP_0918
WP_003255162.1	WP_079732573.1	PP_0934
WP_003249377.1	WP_003249377.1	PP_4966
WP_049588155.1	WP_049588155.1	PP_1649
WP_049587916.1	WP_049587916.1	PP_3191
WP_049586231.1	WP_049586231.1	PP_2745
WP_014591457.1	WP_014591457.1	PP_2591
WP_010954157.1	WP_010954157.1	PP_3278
WP_010953680.1	WP_010953680.1	PP_2769
WP_010953588.1	WP_010953588.1	PP_2669
WP_010952981.1	WP_010952981.1	PP_1961
WP_010952967.1	WP_010952967.1	PP_1947
WP_010952932.1	WP_010952932.1	PP_1908
WP_010952771.1	WP_010952771.1	PP_1722
WP_010952315.1	WP_010952315.1	PP_1160
WP_003255557.1	WP_003255557.1	PP_0402
WP_003248965.1	WP_003248965.1	PP_5168
WP_049587466.1	WP_049587466.1	PP_4914
WP_010955760.1	WP_010955760.1	PP_5245
WP_010954789.1	WP_010954789.1	PP_3974
WP_010954123.1	WP_010954123.1	PP_3239
WP_010954091.1	WP_010954091.1	PP_3206
WP_010953673.1	WP_010953673.1	PP_2761
WP_010953609.1	WP_010953609.1	PP_2693
WP_010952985.1	WP_010952985.1	PP_1966
WP_010951987.1	WP_010951987.1	PP_0742
WP_162490572.1	WP_162490572.1	PP_4688
WP_049586257.1	WP_049586257.1	PP_2699
WP_010954977.1	WP_010954977.1	PP_4222
WP_010954838.1	WP_010954838.1	PP_4043
WP_010954184.1	WP_010954184.1	PP_3305
WP_010954068.1	WP_010954068.1	PP_3183
WP_010953421.1	WP_010953421.1	PP_2485
WP_010951445.1	WP_010951445.1	PP_0034
WP_079732525.1	WP_079732525.1	PP_3181
WP_049587186.1	WP_049587186.1	PP_0531
WP_020191881.1	WP_020191881.1	PP_3528
WP_010955271.1	WP_010955271.1	PP_4607
WP_010954623.1	WP_010954623.1	PP_3793
WP_010954058.1	WP_010954058.1	PP_3171
WP_010953953.1	WP_010953953.1	PP_3054
WP_010953295.1	WP_010953295.1	PP_2330
WP_010952525.1	WP_010952525.1	PP_1418
WP_004576734.1	WP_004576734.1	PP_4482
WP_049588531.1	WP_049588531.1	PP_1128
WP_049587087.1	WP_049587087.1	PP_4639
WP_049586224.1	WP_049586224.1	PP_2760
WP_010955734.1	WP_010955734.1	PP_5210
WP_010955007.1	WP_010955007.1	PP_4258
WP_010954418.1	WP_010954418.1	PP_3564
WP_010954026.1	WP_010954026.1	PP_3137
WP_010953811.1	WP_010953811.1	PP_2909
WP_010953288.1	WP_010953288.1	PP_2320
WP_010951830.1	WP_010951830.1	PP_0555
WP_010951478.1	WP_010951478.1	PP_0072
WP_003255700.1	WP_003255700.1	PP_0308
WP_049587141.1	WP_049587141.1	PP_0359
WP_010955241.1	WP_010955241.1	PP_4571
WP_010954451.1	WP_010954451.1	PP_3606
WP_010953815.1	WP_010953815.1	PP_2913
WP_010953293.1	WP_010953293.1	PP_2327
WP_010952793.1	WP_010952793.1	PP_1753
WP_010952394.1	WP_010952394.1	PP_1261
WP_010952149.1	WP_010952149.1	PP_0957
WP_010955842.1	WP_010955842.1	PP_5359
WP_010955677.1	WP_010955677.1	PP_5141
WP_010955483.1	WP_010955483.1	PP_4895
WP_010955477.1	WP_010955477.1	PP_4885
WP_010954986.1	WP_010954986.1	PP_4231
WP_010954704.1	WP_010954704.1	PP_3878
WP_010953881.1	WP_010953881.1	PP_2981
WP_010953824.1	WP_010953824.1	PP_2922
WP_010953742.1	WP_010953742.1	PP_2833
WP_010953669.1	WP_010953669.1	PP_2757
WP_010953659.1	WP_010953659.1	PP_2747
WP_010953322.1	WP_010953322.1	PP_2363
WP_010953024.1	WP_010953024.1	PP_2013
WP_010952998.1	WP_010952998.1	PP_1981
WP_010952874.1	WP_010952874.1	PP_1843
WP_010952839.1	WP_010952839.1	PP_1803
WP_010952323.1	WP_010952323.1	PP_1169
WP_010952260.1	WP_010952260.1	PP_1095
WP_003255840.1	WP_003255840.1	PP_0233
WP_003249260.1	WP_003249260.1	PP_5028
WP_049586799.1	WP_049586799.1	PP_1969
WP_031299399.1	WP_031299399.1	PP_2496
WP_028699792.1	WP_028699792.1	PP_2473
WP_010955736.1	WP_010955736.1	PP_5212
WP_010955512.1	WP_010955512.1	PP_4933
WP_010953418.1	WP_010953418.1	PP_2482
WP_010953254.1	WP_010953254.1	PP_2282
WP_010952976.1	WP_010952976.1	PP_1956
WP_010952605.1	WP_010952605.1	PP_1514
WP_010952089.1	WP_010952089.1	PP_0879
WP_010952088.1	WP_010952088.1	PP_0878
WP_010951986.1	WP_010951986.1	PP_0741
WP_010951940.1	WP_010951940.1	PP_0687
WP_010951802.1	WP_010951802.1	PP_0519
WP_010951447.1	WP_010951447.1	PP_0036
WP_004574212.1	WP_004574212.1	PP_2657
WP_003254418.1	WP_003254418.1	PP_4358
WP_010954248.1	WP_010954248.1	PP_3375
WP_010954112.1	WP_010954112.1	PP_3228
WP_010954018.1	WP_010954018.1	PP_3129
WP_010952533.1	WP_010952533.1	PP_1429
WP_010952217.1	WP_010952217.1	PP_1042
WP_010952003.1	WP_010952003.1	PP_0762
WP_010951926.1	WP_010951926.1	PP_0668
WP_010951808.1	WP_010951808.1	PP_5290
WP_010951667.1	WP_010951667.1	PP_0302
WP_010951615.1	WP_010951615.1	PP_0237
WP_010951594.1	WP_010951594.1	PP_0210
WP_004576768.1	WP_004576768.1	PP_2196
WP_049588123.1	WP_049588123.1	PP_0623
WP_049586482.1	WP_049586482.1	PP_0866
WP_049586091.1	WP_049586091.1	PP_3085
WP_041166852.1	WP_041166852.1	PP_1007
WP_010955881.1	WP_010955881.1	PP_5406
WP_010955834.1	WP_010955834.1	PP_5348
WP_010955803.1	WP_010955803.1	PP_5306
WP_010955582.1	WP_010955582.1	PP_5023
WP_010954841.1	WP_010954841.1	PP_4046
WP_010954249.1	WP_010954249.1	PP_3376
WP_010953722.1	WP_010953722.1	PP_2813
WP_010952962.1	WP_010952962.1	PP_1942
WP_010952769.1	WP_010952769.1	PP_1720
WP_003252801.1	WP_003252801.1	PP_1829
WP_003247318.1	WP_003247318.1	PP_0786
WP_049587789.1	WP_049587789.1	PP_3998
WP_010955730.1	WP_010955730.1	PP_5206
WP_010955454.1	WP_010955454.1	PP_4848
WP_010954831.1	WP_010954831.1	PP_4033
WP_010954798.1	WP_010954798.1	PP_3987
WP_010954542.1	WP_010954542.1	PP_3706
WP_010953656.1	WP_010953656.1	PP_2744
WP_010953401.1	WP_010953401.1	PP_2454
WP_010952370.1	WP_010952370.1	PP_1227
WP_010952193.1	WP_010952193.1	PP_1011
WP_010951770.1	WP_010951770.1	PP_0437
WP_010951429.1	WP_010951429.1	PP_0015
WP_003247242.1	WP_003247242.1	PP_2032
WP_049586857.1	WP_049586857.1	PP_1906
WP_049586375.1	WP_049586375.1	PP_0703
WP_010955232.1	WP_010955232.1	PP_4560
WP_010954973.1	WP_010954973.1	PP_4218
WP_010954842.1	WP_010954842.1	PP_4047
WP_010954374.1	WP_010954374.1	PP_3516
WP_010954113.1	WP_010954113.1	PP_3229
WP_010954047.1	WP_010954047.1	PP_3159
WP_010954024.1	WP_010954024.1	PP_3135
WP_010952540.1	WP_010952540.1	PP_1440
WP_010952456.1	WP_010952456.1	PP_1339
WP_010951763.1	WP_010951763.1	PP_0430
WP_010951703.1	WP_010951703.1	PP_0351
WP_010951550.1	WP_010951550.1	PP_0161
WP_003249439.1	WP_003249439.1	PP_4940
WP_049587888.1	WP_049587888.1	PP_3252
WP_014589989.1	WP_014589989.1	PP_1204
WP_010955561.1	WP_010955561.1	PP_4993
WP_010954144.1	WP_010954144.1	PP_3263
WP_010952977.1	WP_010952977.1	PP_1957
WP_010952891.1	WP_010952891.1	PP_1861
WP_010952165.1	WP_010952165.1	PP_0976
WP_010951928.1	WP_010951928.1	PP_0670
WP_049588164.1	WP_049588164.1	PP_2231
WP_041166556.1	WP_041166556.1	PP_4523
WP_031299400.1	WP_031299400.1	PP_2494
WP_010955323.1	WP_010955323.1	PP_4668
WP_010954770.1	WP_010954770.1	PP_3954
WP_010954572.1	WP_010954572.1	PP_3737
WP_010954251.1	WP_010954251.1	PP_3378
WP_010954106.1	WP_010954106.1	PP_3222
WP_010952758.1	WP_010952758.1	PP_1707
WP_010951868.1	WP_010951868.1	PP_0602
WP_003255436.1	WP_003255436.1	PP_0490
WP_003254074.1	WP_003254074.1	PP_2687
WP_003252998.1	WP_003252998.1	PP_0121
WP_049587275.1	WP_049587275.1	PP_1806
WP_011953245.1	WP_011953245.1	PP_0305
WP_010954075.1	WP_010954075.1	PP_3190
WP_010953898.1	WP_010953898.1	PP_2998
WP_010953741.1	WP_010953741.1	PP_2832
WP_010953292.1	WP_010953292.1	PP_2325
WP_010952447.1	WP_010952447.1	PP_1329
WP_010952391.1	WP_010952391.1	PP_1257
WP_010952030.1	WP_010952030.1	PP_0794
WP_010951872.1	WP_010951872.1	PP_0606
WP_010951862.1	WP_010951862.1	PP_0591
WP_010951661.1	WP_010951661.1	PP_0296
WP_003253126.1	WP_003253126.1	PP_0061
WP_003252323.1	WP_003252323.1	PP_1607
WP_003251712.1	WP_003251712.1	PP_1262
WP_049588076.1	WP_049588076.1	PP_0304
WP_049587854.1	WP_049587854.1	PP_3324
WP_020193144.1	WP_020193144.1	PP_2031
WP_010955225.1	WP_010955225.1	PP_4551
WP_010954429.1	WP_010954429.1	PP_3576
WP_010954109.1	WP_010954109.1	PP_3225
WP_010954093.1	WP_010954093.1	PP_3208
WP_010953479.1	WP_010953479.1	PP_2551
WP_010952463.1	WP_010952463.1	PP_1348
WP_003247253.1	WP_003247253.1	PP_2041
WP_049588514.1	WP_049588514.1	PP_1087
WP_049586457.1	WP_049586457.1	PP_0926
WP_010955158.1	WP_010955158.1	PP_4455
WP_010955004.1	WP_010955004.1	PP_4253
WP_010954475.1	WP_010954475.1	PP_3633
WP_010954219.1	WP_010954219.1	PP_3343
WP_010954082.1	WP_010954082.1	PP_3197
WP_010954032.1	WP_010954032.1	PP_3143
WP_010953569.1	WP_010953569.1	PP_2649
WP_010953516.1	WP_010953516.1	PP_2594
WP_010953515.1	WP_010953515.1	PP_2593
WP_010952530.1	WP_010952530.1	PP_1423
WP_003255895.1	WP_003255895.1	PP_0186
WP_003248605.1	WP_003248605.1	PP_0812
WP_003247410.1	WP_003247410.1	PP_0722
WP_020192209.1	WP_020192209.1	PP_1836
WP_010955415.1	WP_010955415.1	PP_4799
WP_010955054.1	WP_010955054.1	PP_4316
WP_010954101.1	WP_010954101.1	PP_3217
WP_010954081.1	WP_010954081.1	PP_3196
WP_010953617.1	WP_010953617.1	PP_2701
WP_010952936.1	WP_010952936.1	PP_1913
WP_010952884.1	WP_010952884.1	PP_1853
WP_010951534.1	WP_010951534.1	PP_0140
WP_049587079.1	WP_049587079.1	PP_4630
WP_010955240.1	WP_010955240.1	PP_4570
WP_010954613.1	WP_010954613.1	PP_3783
WP_010954549.1	WP_010954549.1	PP_3713
WP_010952779.1	WP_010952779.1	PP_1735
WP_003248753.1	WP_003248753.1	PP_2128
WP_010955257.1	WP_010955257.1	PP_4589
WP_010954609.1	WP_010954609.1	PP_3779
WP_010954356.1	WP_010954356.1	PP_3493
WP_010952922.1	WP_010952922.1	PP_1895
WP_010952798.1	WP_010952798.1	PP_1758
WP_010952764.1	WP_010952764.1	PP_1713
WP_010951790.1	WP_010951790.1	PP_0501
WP_010951474.1	WP_010951474.1	PP_0067
WP_003255846.1	WP_003255846.1	PP_0228
WP_110771845.1	WP_110771845.1	PP_3160
WP_049586352.1	WP_049586352.1	PP_0654
WP_010955104.1	WP_010955104.1	PP_4393
WP_010954958.1	WP_010954958.1	PP_4201
WP_010954266.1	WP_010954266.1	PP_3394
WP_010953612.1	WP_010953612.1	PP_2696
WP_010952762.1	WP_010952762.1	PP_1711
WP_010952741.1	WP_010952741.1	PP_1688
WP_010952184.1	WP_010952184.1	PP_0999
WP_003254453.1	WP_003254453.1	PP_4379
WP_370688785.1	WP_370688785.1	PP_4306
WP_110771793.1	WP_110771793.1	PP_1952
WP_061405558.1	WP_061405558.1	PP_5444
WP_051122560.1	WP_051122560.1	PP_2991
WP_049588323.1	WP_049588323.1	PP_5161
WP_047605320.1	WP_047605320.1	PP_0492
WP_010955774.1	WP_010955774.1	PP_5261
WP_010955276.1	WP_010955276.1	PP_4612
WP_010955209.1	WP_010955209.1	PP_4527
WP_010955162.1	WP_010955162.1	PP_4460
WP_010955030.1	WP_010955030.1	PP_4286
WP_010954624.1	WP_010954624.1	PP_3794
WP_010954169.1	WP_010954169.1	PP_3290
WP_010954167.1	WP_010954167.1	PP_3288
WP_010953494.1	WP_010953494.1	PP_2567
WP_010953469.1	WP_010953469.1	PP_2539
WP_010953436.1	WP_010953436.1	PP_2502
WP_010953387.1	WP_010953387.1	PP_2436
WP_010953154.1	WP_010953154.1	PP_2168
WP_010952392.1	WP_010952392.1	PP_1258
WP_009685150.1	WP_009685150.1	PP_0880
WP_003253362.1	WP_003253362.1	PP_5309
WP_003252379.1	WP_003252379.1	PP_1637
WP_049588430.1	WP_049588430.1	PP_0076
WP_049586372.1	WP_049586372.1	PP_0700
WP_049586296.1	WP_049586296.1	PP_2613
WP_010955046.1	WP_010955046.1	PP_4307
WP_010954165.1	WP_010954165.1	PP_3286
WP_010953687.1	WP_010953687.1	PP_2776
WP_010953597.1	WP_010953597.1	PP_2678
WP_010953383.1	WP_010953383.1	PP_2431
WP_010953076.1	WP_010953076.1	PP_2074
WP_010953052.1	WP_010953052.1	PP_2046
WP_010952592.1	WP_010952592.1	PP_1500
WP_010952321.1	WP_010952321.1	PP_1166
WP_010951723.1	WP_010951723.1	PP_0371
WP_010951684.1	WP_010951684.1	PP_0329
WP_010951435.1	WP_010951435.1	PP_0021
WP_008097482.1	WP_008097482.1	PP_1140
WP_003254610.1	WP_003254610.1	PP_4539
WP_010955684.1	WP_010955684.1	PP_5152
WP_010954482.1	WP_010954482.1	PP_3640
WP_010954450.1	WP_010954450.1	PP_3605
WP_010953346.1	WP_010953346.1	PP_2390
WP_010952625.1	WP_010952625.1	PP_1541
WP_010952503.1	WP_010952503.1	PP_1395
WP_010952436.1	WP_010952436.1	PP_1313
WP_010952249.1	WP_010952249.1	PP_1079
WP_010952104.1	WP_010952104.1	PP_0899
WP_004576856.1	WP_004576856.1	PP_4767
WP_003253736.1	WP_003253736.1	PP_5178
WP_003252510.1	WP_003252510.1	PP_1702
WP_407475000.1	WP_010955244.1	PP_4575
WP_049588510.1	WP_049588510.1	PP_1071
WP_049587881.1	WP_049587881.1	PP_3266
WP_049587120.1	WP_049587120.1	PP_3561
WP_049586945.1	WP_049586945.1	PP_4710
WP_010955826.1	WP_010955826.1	PP_5337
WP_010954644.1	WP_010954644.1	PP_3815
WP_010954617.1	WP_010954617.1	PP_3787
WP_010953830.1	WP_010953830.1	PP_2930
WP_010953821.1	WP_010953821.1	PP_2919
WP_010952466.1	WP_010952466.1	PP_1351
WP_010951946.1	WP_010951946.1	PP_0698
WP_010951546.1	WP_010951546.1	PP_0157
WP_003255278.1	WP_003255278.1	PP_0595
WP_003254981.1	WP_003254981.1	PP_1063
WP_003251799.1	WP_003251799.1	PP_1303
WP_049586819.1	WP_049586819.1	PP_5491
WP_049586774.1	WP_049586774.1	PP_5673
WP_049586325.1	WP_049586325.1	PP_2779
WP_010955035.1	WP_010955035.1	PP_4294
WP_010954650.1	WP_010954650.1	PP_3822
WP_010954606.1	WP_010954606.1	PP_3776
WP_010954053.1	WP_010954053.1	PP_3166
WP_010953735.1	WP_010953735.1	PP_2826
WP_004576004.1	WP_004576004.1	PP_4764
WP_003253931.1	WP_003253931.1	PP_2841
WP_003249590.1	WP_003249590.1	PP_4866
WP_049587890.1	WP_049587890.1	PP_3249
WP_049587677.1	WP_049587677.1	PP_3395
WP_049586430.1	WP_049586430.1	PP_0870
WP_010955764.1	WP_010955764.1	PP_5249
WP_010955248.1	WP_010955248.1	PP_4579
WP_010954445.1	WP_010954445.1	PP_3599
WP_010954057.1	WP_010954057.1	PP_3170
WP_010953855.1	WP_010953855.1	PP_2955
WP_010953499.1	WP_010953499.1	PP_2574
WP_010952576.1	WP_010952576.1	PP_1483
WP_010951729.1	WP_010951729.1	PP_0379
WP_010951479.1	WP_010951479.1	PP_0073
WP_003251873.1	WP_003251873.1	PP_1343
WP_049588245.1	WP_049588245.1	PP_4090
WP_049588102.1	WP_049588102.1	PP_3608
WP_049587220.1	WP_049587220.1	PP_1675
WP_049587085.1	WP_049587085.1	PP_4634
WP_049586086.1	WP_049586086.1	PP_5561
WP_010955855.1	WP_010955855.1	PP_5375
WP_010954105.1	WP_010954105.1	PP_3221
WP_010953707.1	WP_010953707.1	PP_2798
WP_010953405.1	WP_010953405.1	PP_2458
WP_010952860.1	WP_010952860.1	PP_1827
WP_010952499.1	WP_010952499.1	PP_1391
WP_010952062.1	WP_010952062.1	PP_0836
WP_010951519.1	WP_010951519.1	PP_0120
WP_003255050.1	WP_003255050.1	PP_1016
WP_049587744.1	WP_049587744.1	PP_3934
WP_049587072.1	WP_049587072.1	PP_4624
WP_010955562.1	WP_010955562.1	PP_4994
WP_010955166.1	WP_010955166.1	PP_4464
WP_010954970.1	WP_010954970.1	PP_4215
WP_010954926.1	WP_010954926.1	PP_4156
WP_010954508.1	WP_010954508.1	PP_3669
WP_010954421.1	WP_010954421.1	PP_3567
WP_010954013.1	WP_010954013.1	PP_3121
WP_010953378.1	WP_010953378.1	PP_2425
WP_010953080.1	WP_010953080.1	PP_2078
WP_010952400.1	WP_010952400.1	PP_1270
WP_010951988.1	WP_010951988.1	PP_0743
WP_010951438.1	WP_010951438.1	PP_0026
WP_004575216.1	WP_004575216.1	PP_5289
WP_003255817.1	WP_003255817.1	PP_0248
WP_020193177.1	WP_020193177.1	PP_1434
WP_010955683.1	WP_010955683.1	PP_5151
WP_010955268.1	WP_010955268.1	PP_4604
WP_010955169.1	WP_010955169.1	PP_4467
WP_010954631.1	WP_010954631.1	PP_3801
WP_010952821.1	WP_010952821.1	PP_1784
WP_010952276.1	WP_010952276.1	PP_1113
WP_003253907.1	WP_003253907.1	PP_2865
WP_049587807.1	WP_049587807.1	PP_3149
WP_010955749.1	WP_010955749.1	PP_5230
WP_010955618.1	WP_010955618.1	PP_5071
WP_010955265.1	WP_010955265.1	PP_4598
WP_010954633.1	WP_010954633.1	PP_3803
WP_010954396.1	WP_010954396.1	PP_3540
WP_010954065.1	WP_010954065.1	PP_3179
WP_010953897.1	WP_010953897.1	PP_2997
WP_010953464.1	WP_010953464.1	PP_2534
WP_010953376.1	WP_010953376.1	PP_2423
WP_010952713.1	WP_010952713.1	PP_1654
WP_010952038.1	WP_010952038.1	PP_0802
WP_010951985.1	WP_010951985.1	PP_0740
WP_010951624.1	WP_010951624.1	PP_0252
WP_010951557.1	WP_010951557.1	PP_0169
WP_010951485.1	WP_010951485.1	PP_0079
WP_020192587.1	WP_020192587.1	PP_2127
WP_010955822.1	WP_010955822.1	PP_5332
WP_010955815.1	WP_010955815.1	PP_5323
WP_010955519.1	WP_010955519.1	PP_4942
WP_010955316.1	WP_010955316.1	PP_4660
WP_010955063.1	WP_010955063.1	PP_4333
WP_010954461.1	WP_010954461.1	PP_3617
WP_010952836.1	WP_010952836.1	PP_1800
WP_010952687.1	WP_010952687.1	PP_1615
WP_010952319.1	WP_010952319.1	PP_1164
WP_010952313.1	WP_010952313.1	PP_1156
WP_010951490.1	WP_010951490.1	PP_0084
WP_003252154.1	WP_003252154.1	PP_1468
WP_003251398.1	WP_003251398.1	PP_4107
WP_049588192.1	WP_049588192.1	PP_4275
WP_049588127.1	WP_049588127.1	PP_2611
WP_049587514.1	WP_049587514.1	PP_2176
WP_049586462.1	WP_049586462.1	PP_0947
WP_049586418.1	WP_049586418.1	PP_0828
WP_010955705.1	WP_010955705.1	PP_5177
WP_010955207.1	WP_010955207.1	PP_4525
WP_010955040.1	WP_010955040.1	PP_4299
WP_010954462.1	WP_010954462.1	PP_3618
WP_010954375.1	WP_010954375.1	PP_3517
WP_010954129.1	WP_010954129.1	PP_3247
WP_010953814.1	WP_010953814.1	PP_2912
WP_010953577.1	WP_010953577.1	PP_2658
WP_010953020.1	WP_010953020.1	PP_2009
WP_010951813.1	WP_010951813.1	PP_0532
WP_010951511.1	WP_010951511.1	PP_0110
WP_004574892.1	WP_004574892.1	PP_1996
WP_003254585.1	WP_003254585.1	PP_4522
WP_003250547.1	WP_003250547.1	PP_2444
WP_003247268.1	WP_003247268.1	PP_2054
WP_049586715.1	WP_049586715.1	PP_4854
WP_010955816.1	WP_010955816.1	PP_5324
WP_010955772.1	WP_010955772.1	PP_5259
WP_010955195.1	WP_010955195.1	PP_4512
WP_010954938.1	WP_010954938.1	PP_4172
WP_010954173.1	WP_010954173.1	PP_3294
WP_010954121.1	WP_010954121.1	PP_3237
WP_010954111.1	WP_010954111.1	PP_3227
WP_010954044.1	WP_010954044.1	PP_3156
WP_010953852.1	WP_010953852.1	PP_2952
WP_010953298.1	WP_010953298.1	PP_2334
WP_010953178.1	WP_010953178.1	PP_2194
WP_010952120.1	WP_010952120.1	PP_0917
WP_004575206.1	WP_004575206.1	PP_5318
WP_003249460.1	WP_003249460.1	PP_4929
WP_003247220.1	WP_003247220.1	PP_2012
WP_049586972.1	WP_049586972.1	PP_4694
WP_049586259.1	WP_049586259.1	PP_2695
WP_049586156.1	WP_049586156.1	PP_2921
WP_010955321.1	WP_010955321.1	PP_4666
WP_010955266.1	WP_010955266.1	PP_4601
WP_010954500.1	WP_010954500.1	PP_3660
WP_010954302.1	WP_010954302.1	PP_3436
WP_010954273.1	WP_010954273.1	PP_3403
WP_010953716.1	WP_010953716.1	PP_2807
WP_010953653.1	WP_010953653.1	PP_2740
WP_010953215.1	WP_010953215.1	PP_2239
WP_010953119.1	WP_010953119.1	PP_2125
WP_010953044.1	WP_010953044.1	PP_2036
WP_010953025.1	WP_010953025.1	PP_2014
WP_010952899.1	WP_010952899.1	PP_1871
WP_010952516.1	WP_010952516.1	PP_1408
WP_010952301.1	WP_010952301.1	PP_1143
WP_010952126.1	WP_010952126.1	PP_0925
WP_010951810.1	WP_010951810.1	PP_0528
WP_010951710.1	WP_010951710.1	PP_0358
WP_010951687.1	WP_010951687.1	PP_0332
WP_010951507.1	WP_010951507.1	PP_0106
WP_010951470.1	WP_010951470.1	PP_0063
WP_010951464.1	WP_010951464.1	PP_0055
WP_003254739.1	WP_003254739.1	PP_1237
WP_003248596.1	WP_003248596.1	PP_0816
WP_003247104.1	WP_003247104.1	PP_1876
WP_172835035.1	WP_172835035.1	PP_0658
WP_049587096.1	WP_049587096.1	PP_4657
WP_049586701.1	WP_049586701.1	PP_2110
WP_010955341.1	WP_010955341.1	PP_4689
WP_010955338.1	WP_010955338.1	PP_4686
WP_010954640.1	WP_010954640.1	PP_3811
WP_010953187.1	WP_010953187.1	PP_2204
WP_010951919.1	WP_010951919.1	PP_0661
WP_010951668.1	WP_010951668.1	PP_0303
WP_010951461.1	WP_010951461.1	PP_0052
WP_003255419.1	WP_003255419.1	PP_0500
WP_003254537.1	WP_003254537.1	PP_4494
WP_003254203.1	WP_003254203.1	PP_4185
WP_003253899.1	WP_003253899.1	PP_2872
WP_051122553.1	WP_051122553.1	PP_5536
WP_049587270.1	WP_049587270.1	PP_1795
WP_010955629.1	WP_010955629.1	PP_5083
WP_010955459.1	WP_010955459.1	PP_4853
WP_010955320.1	WP_010955320.1	PP_4664
WP_010955289.1	WP_010955289.1	PP_4627
WP_010954391.1	WP_010954391.1	PP_3534
WP_010953679.1	WP_010953679.1	PP_2768
WP_010953661.1	WP_010953661.1	PP_2749
WP_010952997.1	WP_010952997.1	PP_1979
WP_010952820.1	WP_010952820.1	PP_1783
WP_010952324.1	WP_010952324.1	PP_1170
WP_004374921.1	WP_004374921.1	PP_3366
WP_003254651.1	WP_003254651.1	PP_4568
WP_232014133.1	WP_232014133.1	PP_3694
WP_079732587.1	WP_079732587.1	PP_3619
WP_049587673.1	WP_049587673.1	PP_3387
WP_049587296.1	WP_049587296.1	PP_5479
WP_010955429.1	WP_010955429.1	PP_4818
WP_010955077.1	WP_010955077.1	PP_4349
WP_010954509.1	WP_010954509.1	PP_3670
WP_010954474.1	WP_010954474.1	PP_3632
WP_010954395.1	WP_010954395.1	PP_3538
WP_010953955.1	WP_010953955.1	PP_3056
WP_010953861.1	WP_010953861.1	PP_2961
WP_010953226.1	WP_010953226.1	PP_2250
WP_010953001.1	WP_010953001.1	PP_1984
WP_010952207.1	WP_010952207.1	PP_1028
WP_197686810.1	WP_197686810.1	PP_4463
WP_051122586.1	WP_051122586.1	PP_4081
WP_049588187.1	WP_049588187.1	PP_4302
WP_049586330.1	WP_049586330.1	PP_2648
WP_049586273.1	WP_049586273.1	PP_2676
WP_010955466.1	WP_010955466.1	PP_4864
WP_010955269.1	WP_010955269.1	PP_4605
WP_010955237.1	WP_010955237.1	PP_4566
WP_010953981.1	WP_010953981.1	PP_3083
WP_010953713.1	WP_010953713.1	PP_2804
WP_010952965.1	WP_010952965.1	PP_1945
WP_010952568.1	WP_010952568.1	PP_1474
WP_010952501.1	WP_010952501.1	PP_1393
WP_010951565.1	WP_010951565.1	PP_0178
WP_003254607.1	WP_003254607.1	PP_4537
WP_003251938.1	WP_003251938.1	PP_1375
WP_049587849.1	WP_049587849.1	PP_5599
WP_012052078.1	WP_012052078.1	PP_3592
WP_010955698.1	WP_010955698.1	PP_5169
WP_010955399.1	WP_010955399.1	PP_4774
WP_010955168.1	WP_010955168.1	PP_4466
WP_010955157.1	WP_010955157.1	PP_4454
WP_010954552.1	WP_010954552.1	PP_3716
WP_010954379.1	WP_010954379.1	PP_3521
WP_010954274.1	WP_010954274.1	PP_3404
WP_010952102.1	WP_010952102.1	PP_0896
WP_010951799.1	WP_010951799.1	PP_0510
WP_004575195.1	WP_004575195.1	PP_5357
WP_003253385.1	WP_003253385.1	PP_5300
WP_003253185.1	WP_003253185.1	PP_0001
WP_051122557.1	WP_010953536.1	PP_2616
WP_049586455.1	WP_049586455.1	PP_0919
WP_016497350.1	WP_016497350.1	PP_0020
WP_010955889.1	WP_010955889.1	PP_5419
WP_010955674.1	WP_010955674.1	PP_5138
WP_010955389.1	WP_010955389.1	PP_4762
WP_010955352.1	WP_010955352.1	PP_4703
WP_010953723.1	WP_010953723.1	PP_2814
WP_010953476.1	WP_010953476.1	PP_2547
WP_010952600.1	WP_010952600.1	PP_1509
WP_010952457.1	WP_010952457.1	PP_1340
WP_010952320.1	WP_010952320.1	PP_1165
WP_010952309.1	WP_010952309.1	PP_1152
WP_003251963.1	WP_003251963.1	PP_1389
WP_003249538.1	WP_003249538.1	PP_4891
WP_051122524.1	WP_051122524.1	PP_1539
WP_049587533.1	WP_049587533.1	PP_2262
WP_010953849.1	WP_010953849.1	PP_2949
WP_010953559.1	WP_010953559.1	PP_2639
WP_010953310.1	WP_010953310.1	PP_2350
WP_010951890.1	WP_010951890.1	PP_0632
WP_004576191.1	WP_004576191.1	PP_0399
WP_004374302.1	WP_004374302.1	PP_3152
WP_003253273.1	WP_003253273.1	PP_5350
WP_197686814.1	WP_197686814.1	PP_1943
WP_061405691.1	WP_061405691.1	PP_5666
WP_061405576.1	WP_061405576.1	PP_1021
WP_049588220.1	WP_049588220.1	PP_4177
WP_010955794.1	WP_010955794.1	PP_5295
WP_010955490.1	WP_010955490.1	PP_4908
WP_010955349.1	WP_010955349.1	PP_4700
WP_010954634.1	WP_010954634.1	PP_3804
WP_010954130.1	WP_010954130.1	PP_3248
WP_010953484.1	WP_010953484.1	PP_2557
WP_010953192.1	WP_010953192.1	PP_2210
WP_010953172.1	WP_010953172.1	PP_2187
WP_010952674.1	WP_010952674.1	PP_1592
WP_010951560.1	WP_010951560.1	PP_0172
WP_010951559.1	WP_010951559.1	PP_0171
WP_003249565.1	WP_003249565.1	PP_4875
WP_003247790.1	WP_003247790.1	PP_3560
WP_014754042.1	WP_014754042.1	PP_1994
WP_010955235.1	WP_010955235.1	PP_4564
WP_010955187.1	WP_010955187.1	PP_4500
WP_010952396.1	WP_010952396.1	PP_1266
WP_010951968.1	WP_010951968.1	PP_0723
WP_003254727.1	WP_003254727.1	PP_1245
WP_003253195.1	WP_003253195.1	PP_5414
WP_003252589.1	WP_003252589.1	PP_1741
WP_003249520.1	WP_003249520.1	PP_4899
WP_003247565.1	WP_003247565.1	PP_0618
WP_049588177.1	WP_049588177.1	PP_1622
WP_010955802.1	WP_010955802.1	PP_5305
WP_010955450.1	WP_010955450.1	PP_4844
WP_010955065.1	WP_010955065.1	PP_4335
WP_010953825.1	WP_010953825.1	PP_2923
WP_010953639.1	WP_010953639.1	PP_2723
WP_003255675.1	WP_003255675.1	PP_0327
WP_110771809.1	WP_110771809.1	PP_4408
WP_010955838.1	WP_010955838.1	PP_5353
WP_010955655.1	WP_010955655.1	PP_5118
WP_010955442.1	WP_010955442.1	PP_4834
WP_010955136.1	WP_010955136.1	PP_4428
WP_010954371.1	WP_010954371.1	PP_3513
WP_010952635.1	WP_010952635.1	PP_1551
WP_010952145.1	WP_010952145.1	PP_0949
WP_010952054.1	WP_010952054.1	PP_0824
WP_003255044.1	WP_003255044.1	PP_1020
WP_003252985.1	WP_003252985.1	PP_0128
WP_003252340.1	WP_003252340.1	PP_1617
WP_003252057.1	WP_003252057.1	PP_1432
WP_003251491.1	WP_003251491.1	PP_4164
WP_003250234.1	WP_003250234.1	PP_2265
WP_003249083.1	WP_003249083.1	PP_5108
WP_010955567.1	WP_010955567.1	PP_5004
WP_010955359.1	WP_010955359.1	PP_4717
WP_010954417.1	WP_010954417.1	PP_3563
WP_010954242.1	WP_010954242.1	PP_3369
WP_010952633.1	WP_010952633.1	PP_1549
WP_010952137.1	WP_010952137.1	PP_0939
WP_010951853.1	WP_010951853.1	PP_0580
WP_010951593.1	WP_010951593.1	PP_0209
WP_003254959.1	WP_003254959.1	PP_1076
WP_003252879.1	WP_003252879.1	PP_1863
WP_003251921.1	WP_003251921.1	PP_1367
WP_003250045.1	WP_003250045.1	PP_4677
WP_003249507.1	WP_003249507.1	PP_4905
WP_172830946.1	WP_172830946.1	PP_0295
WP_049587118.1	WP_049587118.1	PP_3559
WP_010954587.1	WP_010954587.1	PP_3755
WP_010954336.1	WP_010954336.1	PP_3472
WP_010954305.1	WP_010954305.1	PP_3439
WP_010954257.1	WP_010954257.1	PP_3385
WP_010954096.1	WP_010954096.1	PP_3211
WP_010953360.1	WP_010953360.1	PP_2406
WP_010952943.1	WP_010952943.1	PP_1922
WP_010952023.1	WP_010952023.1	PP_0787
WP_049588011.1	WP_049588011.1	PP_0498
WP_049587485.1	WP_049587485.1	PP_4977
WP_010955025.1	WP_010955025.1	PP_4280
WP_010954220.1	WP_010954220.1	PP_3344
WP_010953962.1	WP_010953962.1	PP_3063
WP_010952685.1	WP_010952685.1	PP_1611
WP_010952198.1	WP_010952198.1	PP_1017
WP_003254799.1	WP_003254799.1	PP_1194
WP_003254658.1	WP_003254658.1	PP_4573
WP_003250425.1	WP_003250425.1	PP_2383
WP_049588358.1	WP_049588358.1	PP_5728
WP_049586547.1	WP_049586547.1	PP_3717
WP_023464844.1	WP_023464844.1	PP_5526
WP_010953833.1	WP_010953833.1	PP_2933
WP_010953510.1	WP_010953510.1	PP_2587
WP_010952843.1	WP_010952843.1	PP_1807
WP_010951432.1	WP_010951432.1	PP_0018
WP_003251892.1	WP_003251892.1	PP_1353
WP_197686811.1	WP_197686811.1	PP_1953
WP_049588375.1	WP_049588375.1	PP_5395
WP_049587503.1	WP_049587503.1	PP_2173
WP_010954649.1	WP_010954649.1	PP_3821
WP_010954607.1	WP_010954607.1	PP_3777
WP_010954317.1	WP_010954317.1	PP_3451
WP_010952772.1	WP_010952772.1	PP_1724
WP_010951612.1	WP_010951612.1	PP_0231
WP_003249762.1	WP_003249762.1	PP_4789
WP_049586602.1	WP_049586602.1	PP_4775
WP_010955521.1	WP_010955521.1	PP_4945
WP_010955234.1	WP_010955234.1	PP_4563
WP_010954989.1	WP_010954989.1	PP_4236
WP_003253956.1	WP_003253956.1	PP_2786
WP_003247865.1	WP_003247865.1	PP_3530
WP_049587235.1	WP_049587235.1	PP_1699
WP_049586616.1	WP_049586616.1	PP_4748
WP_020193431.1	WP_020193431.1	PP_3645
WP_010955545.1	WP_010955545.1	PP_4973
WP_010955284.1	WP_010955284.1	PP_4622
WP_010953751.1	WP_010953751.1	PP_2842
WP_010953678.1	WP_010953678.1	PP_2767
WP_010953353.1	WP_010953353.1	PP_2398
WP_010952178.1	WP_010952178.1	PP_0992
WP_010951757.1	WP_010951757.1	PP_0422
WP_010951611.1	WP_010951611.1	PP_0230
WP_003254408.1	WP_003254408.1	PP_4342
WP_003253327.1	WP_003253327.1	PP_5326
WP_003252422.1	WP_003252422.1	PP_1657
WP_049588339.1	WP_049588339.1	PP_5228
WP_049586319.1	WP_049586319.1	PP_2862
WP_010955696.1	WP_010955696.1	PP_5166
WP_010954827.1	WP_010954827.1	PP_4029
WP_010954823.1	WP_010954823.1	PP_4021
WP_010954234.1	WP_010954234.1	PP_3358
WP_010953147.1	WP_010953147.1	PP_2160
WP_010952601.1	WP_010952601.1	PP_1510
WP_010952026.1	WP_010952026.1	PP_0790
WP_010951979.1	WP_010951979.1	PP_0734
WP_010951628.1	WP_010951628.1	PP_0257
WP_003250518.1	WP_003250518.1	PP_2430
WP_003247225.1	WP_003247225.1	PP_2016
WP_010955469.1	WP_010955469.1	PP_4869
WP_010952971.1	WP_010952971.1	PP_1951
WP_010952205.1	WP_010952205.1	PP_1026
WP_004576350.1	WP_004576350.1	PP_0826
WP_004575768.1	WP_004575768.1	PP_4392
WP_003255542.1	WP_003255542.1	PP_0414
WP_003250077.1	WP_003250077.1	PP_2208
WP_049586627.1	WP_049586627.1	PP_2003
WP_049586564.1	WP_049586564.1	PP_3772
WP_010955298.1	WP_010955298.1	PP_4637
WP_010954510.1	WP_010954510.1	PP_3671
WP_010953425.1	WP_010953425.1	PP_2490
WP_010953088.1	WP_010953088.1	PP_2087
WP_010953074.1	WP_010953074.1	PP_2072
WP_010952702.1	WP_010952702.1	PP_1641
WP_010952086.1	WP_010952086.1	PP_0876
WP_010951480.1	WP_010951480.1	PP_0074
WP_003255483.1	WP_003255483.1	PP_0457
WP_049588308.1	WP_049588308.1	PP_5086
WP_049587817.1	WP_049587817.1	PP_3120
WP_049586355.1	WP_049586355.1	PP_0657
WP_010955043.1	WP_010955043.1	PP_4304
WP_010954957.1	WP_010954957.1	PP_4200
WP_010954598.1	WP_010954598.1	PP_3768
WP_010954591.1	WP_010954591.1	PP_3760
WP_010954479.1	WP_010954479.1	PP_3637
WP_010954222.1	WP_010954222.1	PP_3346
WP_010954137.1	WP_010954137.1	PP_3255
WP_010951914.1	WP_010951914.1	PP_0656
WP_010951529.1	WP_010951529.1	PP_0134
WP_003251085.1	WP_003251085.1	PP_3927
WP_003248200.1	WP_003248200.1	PP_2960
WP_172835041.1	WP_172835041.1	PP_5126
WP_049588437.1	WP_049588437.1	PP_0054
WP_049588063.1	WP_049588063.1	PP_0261
WP_049586508.1	WP_049586508.1	PP_5611
WP_049586394.1	WP_049586394.1	PP_0759
WP_049586338.1	WP_049586338.1	PP_5449
WP_010955768.1	WP_010955768.1	PP_5253
WP_010955699.1	WP_010955699.1	PP_5170
WP_010955638.1	WP_010955638.1	PP_5095
WP_010953902.1	WP_010953902.1	PP_3002
WP_010953573.1	WP_010953573.1	PP_2653
WP_010953083.1	WP_010953083.1	PP_2081
WP_010951820.1	WP_010951820.1	PP_0542
WP_010951753.1	WP_010951753.1	PP_0416
WP_010951717.1	WP_010951717.1	PP_0365
WP_003248548.1	WP_003248548.1	PP_0838
WP_010954673.1	WP_010954673.1	PP_3846
WP_010953525.1	WP_010953525.1	PP_2603
WP_010952939.1	WP_010952939.1	PP_1917
WP_010952676.1	WP_010952676.1	PP_1596
WP_010951960.1	WP_010951960.1	PP_0712
WP_010951819.1	WP_010951819.1	PP_0539
WP_003251320.1	WP_003251320.1	PP_4066
WP_049587416.1	WP_049587416.1	PP_1552
WP_020193699.1	WP_020193699.1	PP_4030
WP_010955661.1	WP_010955661.1	PP_5125
WP_010955511.1	WP_010955511.1	PP_4932
WP_010955215.1	WP_010955215.1	PP_4540
WP_010954955.1	WP_010954955.1	PP_4198
WP_010953954.1	WP_010953954.1	PP_3055
WP_010953793.1	WP_010953793.1	PP_2890
WP_010952404.1	WP_010952404.1	PP_1274
WP_010951806.1	WP_010951806.1	PP_0524
WP_010951617.1	WP_010951617.1	PP_0240
WP_003252574.1	WP_003252574.1	PP_1733
WP_003252259.1	WP_003252259.1	PP_1524
WP_003249091.1	WP_003249091.1	PP_5104
WP_162490563.1	WP_162490563.1	PP_1527
WP_014592195.1	WP_014592195.1	PP_1460
WP_010955489.1	WP_010955489.1	PP_4907
WP_010954645.1	WP_010954645.1	PP_3816
WP_010954444.1	WP_010954444.1	PP_3598
WP_010953921.1	WP_010953921.1	PP_3022
WP_010953649.1	WP_010953649.1	PP_2735
WP_010953529.1	WP_010953529.1	PP_2608
WP_010952788.1	WP_010952788.1	PP_1745
WP_010952150.1	WP_010952150.1	PP_0958
WP_010952055.1	WP_010952055.1	PP_0825
WP_010951488.1	WP_010951488.1	PP_0082
WP_004576155.1	WP_004576155.1	PP_4751
WP_003255426.1	WP_003255426.1	PP_0497
WP_049587468.1	WP_049587468.1	PP_4925
WP_049586840.1	WP_049586840.1	PP_5484
WP_028698136.1	WP_028698136.1	PP_1422
WP_010955678.1	WP_010955678.1	PP_5142
WP_010955280.1	WP_010955280.1	PP_4618
WP_010955015.1	WP_010955015.1	PP_4270
WP_010954762.1	WP_010954762.1	PP_3943
WP_010954620.1	WP_010954620.1	PP_3790
WP_010954298.1	WP_010954298.1	PP_3432
WP_010954099.1	WP_010954099.1	PP_3214
WP_010953627.1	WP_010953627.1	PP_2711
WP_010952575.1	WP_010952575.1	PP_1482
WP_010952325.1	WP_010952325.1	PP_1171
WP_010951697.1	WP_010951697.1	PP_0344
WP_004576287.1	WP_004576287.1	PP_3128
WP_003254754.1	WP_003254754.1	PP_1224
WP_003252558.1	WP_003252558.1	PP_1725
WP_049586134.1	WP_049586134.1	PP_2992
WP_010955586.1	WP_010955586.1	PP_5029
WP_010954685.1	WP_010954685.1	PP_3858
WP_010953929.1	WP_010953929.1	PP_3030
WP_010953327.1	WP_010953327.1	PP_2368
WP_010953122.1	WP_010953122.1	PP_2129
WP_010952984.1	WP_010952984.1	PP_1964
WP_003255558.1	WP_003255558.1	PP_0401
WP_003249933.1	WP_003249933.1	PP_4725
WP_020192962.1	WP_020192962.1	PP_3016
WP_010955499.1	WP_010955499.1	PP_4917
WP_010955334.1	WP_010955334.1	PP_4682
WP_010954999.1	WP_010954999.1	PP_4246
WP_010952872.1	WP_010952872.1	PP_1841
WP_010951603.1	WP_010951603.1	PP_0221
WP_003250228.1	WP_003250228.1	PP_2263
WP_003249992.1	WP_003249992.1	PP_4699
WP_026031986.1	WP_026031986.1	PP_5024
WP_020192840.1	WP_020192840.1	PP_0959
WP_010955404.1	WP_010955404.1	PP_4782
WP_010954870.1	WP_010954870.1	PP_4079
WP_010954674.1	WP_010954674.1	PP_3847
WP_010954335.1	WP_010954335.1	PP_3471
WP_010954166.1	WP_010954166.1	PP_3287
WP_010953623.1	WP_010953623.1	PP_2707
WP_010953538.1	WP_010953538.1	PP_2618
WP_010953279.1	WP_010953279.1	PP_2311
WP_010953276.1	WP_010953276.1	PP_2308
WP_010951981.1	WP_010951981.1	PP_0736
WP_010951616.1	WP_010951616.1	PP_0239
WP_003254566.1	WP_003254566.1	PP_4510
WP_230065380.1	WP_014592287.1	PP_1326
WP_049588031.1	WP_049588031.1	PP_0174
WP_049587738.1	WP_049587738.1	PP_3962
WP_010954931.1	WP_010954931.1	PP_4163
WP_010954608.1	WP_010954608.1	PP_3778
WP_010954561.1	WP_010954561.1	PP_3726
WP_010954539.1	WP_010954539.1	PP_3703
WP_010954108.1	WP_010954108.1	PP_3224
WP_010953889.1	WP_010953889.1	PP_2989
WP_010952815.1	WP_010952815.1	PP_1778
WP_010951731.1	WP_010951731.1	PP_0382
WP_010951623.1	WP_010951623.1	PP_0251
WP_010951608.1	WP_010951608.1	PP_0227
WP_003252553.1	WP_003252553.1	PP_1723
WP_003251297.1	WP_003251297.1	PP_4056
WP_061405692.1	WP_061405692.1	PP_5667
WP_010955089.1	WP_010955089.1	PP_4367
WP_010954162.1	WP_010954162.1	PP_3283
WP_010954045.1	WP_010954045.1	PP_3157
WP_010953586.1	WP_010953586.1	PP_2667
WP_010952594.1	WP_010952594.1	PP_1502
WP_010952488.1	WP_010952488.1	PP_1380
WP_010952072.1	WP_010952072.1	PP_0859
WP_010951535.1	WP_010951535.1	PP_0141
WP_004576834.1	WP_004576834.1	PP_1184
WP_003253182.1	WP_003253182.1	PP_0002
WP_049588223.1	WP_049588223.1	PP_4165
WP_049586842.1	WP_049586842.1	PP_1923
WP_010955877.1	WP_010955877.1	PP_5402
WP_010955577.1	WP_010955577.1	PP_5018
WP_010955549.1	WP_010955549.1	PP_4979
WP_010955458.1	WP_010955458.1	PP_4852
WP_010955069.1	WP_010955069.1	PP_4339
WP_010955064.1	WP_010955064.1	PP_4334
WP_010955053.1	WP_010955053.1	PP_4315
WP_010954466.1	WP_010954466.1	PP_3624
WP_010953369.1	WP_010953369.1	PP_2416
WP_010953345.1	WP_010953345.1	PP_2389
WP_010952966.1	WP_010952966.1	PP_1946
WP_010952274.1	WP_010952274.1	PP_1111
WP_010952125.1	WP_010952125.1	PP_0923
WP_010951613.1	WP_010951613.1	PP_0232
WP_010951525.1	WP_010951525.1	PP_0130
WP_003254528.1	WP_003254528.1	PP_4490
WP_049588015.1	WP_049588015.1	PP_0487
WP_049587771.1	WP_049587771.1	PP_3894
WP_049586369.1	WP_049586369.1	PP_0696
WP_010955695.1	WP_010955695.1	PP_5165
WP_010955570.1	WP_010955570.1	PP_5007
WP_010955100.1	WP_010955100.1	PP_4385
WP_010953572.1	WP_010953572.1	PP_2652
WP_010953220.1	WP_010953220.1	PP_2244
WP_010952802.1	WP_010952802.1	PP_1762
WP_010952064.1	WP_010952064.1	PP_0840
WP_010951467.1	WP_010951467.1	PP_0058
WP_003254524.1	WP_003254524.1	PP_4486
WP_003254337.1	WP_003254337.1	PP_4291
WP_003254117.1	WP_003254117.1	PP_2659
WP_049588297.1	WP_049588297.1	PP_4602
WP_010955858.1	WP_010955858.1	PP_5378
WP_010955039.1	WP_010955039.1	PP_4298
WP_010954564.1	WP_010954564.1	PP_3729
WP_010954443.1	WP_010954443.1	PP_3597
WP_010954092.1	WP_010954092.1	PP_3207
WP_010952986.1	WP_010952986.1	PP_1967
WP_010952861.1	WP_010952861.1	PP_1828
WP_010951762.1	WP_010951762.1	PP_0429
WP_010951592.1	WP_010951592.1	PP_0208
WP_010951516.1	WP_010951516.1	PP_0117
WP_003254339.1	WP_003254339.1	PP_4293
WP_003252286.1	WP_003252286.1	PP_1590
WP_003249024.1	WP_003249024.1	PP_5143
WP_003247249.1	WP_003247249.1	PP_2037
WP_235436908.1	WP_232014086.1	PP_5501
WP_049587708.1	WP_049587708.1	PP_3482
WP_010954914.1	WP_010954914.1	PP_4144
WP_010954252.1	WP_010954252.1	PP_3379
WP_010953604.1	WP_010953604.1	PP_2686
WP_010953275.1	WP_010953275.1	PP_2307
WP_010953253.1	WP_010953253.1	PP_2281
WP_010952923.1	WP_010952923.1	PP_1896
WP_010952439.1	WP_010952439.1	PP_1319
WP_010952418.1	WP_010952418.1	PP_1289
WP_010951856.1	WP_010951856.1	PP_0583
WP_003253401.1	WP_003253401.1	PP_5292
WP_003252381.1	WP_003252381.1	PP_1638
WP_049587603.1	WP_049587603.1	PP_2412
WP_049587580.1	WP_049587580.1	PP_2361
WP_019438830.1	WP_019438830.1	PP_2545
WP_010955304.1	WP_010955304.1	PP_4646
WP_010955246.1	WP_010955246.1	PP_4577
WP_010955080.1	WP_010955080.1	PP_4353
WP_010953523.1	WP_010953523.1	PP_2601
WP_010953514.1	WP_010953514.1	PP_2592
WP_010953470.1	WP_010953470.1	PP_2540
WP_010953449.1	WP_010953449.1	PP_2515
WP_010952681.1	WP_010952681.1	PP_1603
WP_010952604.1	WP_010952604.1	PP_1513
WP_010952027.1	WP_010952027.1	PP_0791
WP_010951847.1	WP_010951847.1	PP_0574
WP_003253204.1	WP_003253204.1	PP_5410
WP_010955617.1	WP_010955617.1	PP_5070
WP_010955517.1	WP_010955517.1	PP_4939
WP_010955250.1	WP_010955250.1	PP_4581
WP_010954825.1	WP_010954825.1	PP_4027
WP_010954163.1	WP_010954163.1	PP_3284
WP_010954146.1	WP_010954146.1	PP_3265
WP_010953665.1	WP_010953665.1	PP_2753
WP_010953324.1	WP_010953324.1	PP_2365
WP_010953165.1	WP_010953165.1	PP_2179
WP_010953013.1	WP_010953013.1	PP_2002
WP_010952177.1	WP_010952177.1	PP_0991
WP_010951652.1	WP_010951652.1	PP_0283
WP_010951517.1	WP_010951517.1	PP_0118
WP_003251461.1	WP_003251461.1	PP_4143
WP_003250095.1	WP_003250095.1	PP_2217
WP_232014131.1	WP_232014131.1	PP_5622
WP_110771718.1	WP_110771718.1	PP_2748
WP_049588412.1	WP_049588412.1	PP_0146
WP_049588163.1	WP_049588163.1	PP_2236
WP_010954221.1	WP_010954221.1	PP_3345
WP_010953972.1	WP_010953972.1	PP_3073
WP_010953643.1	WP_010953643.1	PP_2727
WP_010953530.1	WP_010953530.1	PP_2609
WP_010952075.1	WP_010952075.1	PP_0863
WP_010951675.1	WP_010951675.1	PP_0313
WP_010951512.1	WP_010951512.1	PP_0112
WP_004576729.1	WP_004576729.1	PP_5011
WP_003255729.1	WP_003255729.1	PP_0293
WP_003253329.1	WP_003253329.1	PP_5325
WP_049587023.1	WP_049587023.1	PP_4497
WP_049586920.1	WP_049586920.1	PP_1869
WP_010955797.1	WP_010955797.1	PP_5298
WP_010955371.1	WP_010955371.1	PP_4734
WP_010955339.1	WP_010955339.1	PP_4687
WP_010955194.1	WP_010955194.1	PP_4511
WP_010955133.1	WP_010955133.1	PP_4425
WP_010955058.1	WP_010955058.1	PP_4325
WP_010953703.1	WP_010953703.1	PP_2794
WP_010952905.1	WP_010952905.1	PP_1878
WP_010952297.1	WP_010952297.1	PP_1138
WP_010952056.1	WP_010952056.1	PP_0827
WP_010951746.1	WP_010951746.1	PP_0407
WP_010951572.1	WP_010951572.1	PP_0187
WP_003251082.1	WP_003251082.1	PP_3926
WP_003250091.1	WP_003250091.1	PP_2214
WP_003249191.1	WP_003249191.1	PP_5059
WP_172835031.1	WP_172835031.1	PP_4115
WP_049587348.1	WP_049587348.1	PP_1369
WP_049587162.1	WP_049587162.1	PP_2527
WP_049586553.1	WP_049586553.1	PP_3744
WP_010955319.1	WP_010955319.1	PP_4663
WP_010955179.1	WP_010955179.1	PP_4483
WP_010954683.1	WP_010954683.1	PP_3856
WP_010954455.1	WP_010954455.1	PP_3610
WP_010953695.1	WP_010953695.1	PP_2784
WP_010953004.1	WP_010953004.1	PP_1987
WP_010952928.1	WP_010952928.1	PP_1902
WP_010951884.1	WP_010951884.1	PP_0620
WP_010951712.1	WP_010951712.1	PP_0360
WP_003251792.1	WP_003251792.1	PP_1300
WP_003249597.1	WP_003249597.1	PP_4862
WP_172835033.1	WP_172835033.1	PP_0164
WP_049587255.1	WP_049587255.1	PP_1734
WP_049586424.1	WP_049586424.1	PP_0851
WP_019436701.1	WP_019436701.1	PP_2677
WP_010955410.1	WP_010955410.1	PP_4792
WP_010954755.1	WP_010954755.1	PP_3933
WP_010954051.1	WP_010954051.1	PP_3164
WP_010952231.1	WP_010952231.1	PP_1056
WP_010952216.1	WP_010952216.1	PP_1039
WP_010951782.1	WP_010951782.1	PP_0488
WP_003252780.1	WP_003252780.1	PP_1817
WP_010955395.1	WP_010955395.1	PP_4770
WP_010954990.1	WP_010954990.1	PP_4237
WP_010954912.1	WP_010954912.1	PP_4141
WP_010954655.1	WP_010954655.1	PP_3828
WP_010954156.1	WP_010954156.1	PP_3276
WP_010953822.1	WP_010953822.1	PP_2920
WP_010952759.1	WP_010952759.1	PP_1708
WP_010952428.1	WP_010952428.1	PP_1302
WP_010952377.1	WP_010952377.1	PP_1239
WP_010951607.1	WP_010951607.1	PP_0225
WP_126404371.1	WP_126404371.1	PP_2292
WP_110771770.1	WP_110771770.1	PP_5399
WP_010955028.1	WP_010955028.1	PP_4283
WP_010954477.1	WP_010954477.1	PP_3635
WP_010954140.1	WP_010954140.1	PP_3258
WP_010953776.1	WP_010953776.1	PP_2871
WP_010952896.1	WP_010952896.1	PP_1867
WP_010952675.1	WP_010952675.1	PP_1595
WP_010952246.1	WP_010952246.1	PP_1074
WP_010952208.1	WP_010952208.1	PP_1029
WP_010951980.1	WP_010951980.1	PP_0735
WP_004576300.1	WP_004576300.1	PP_0839
WP_003255592.1	WP_003255592.1	PP_0378
WP_003255175.1	WP_003255175.1	PP_0924
WP_003254415.1	WP_003254415.1	PP_4355
WP_003249956.1	WP_003249956.1	PP_4715
WP_061405618.1	WP_061405618.1	PP_2276
WP_049588043.1	WP_049588043.1	PP_0199
WP_049586910.1	WP_049586910.1	PP_1890
WP_012051593.1	WP_012051593.1	PP_4394
WP_010955691.1	WP_010955691.1	PP_5160
WP_010954490.1	WP_010954490.1	PP_3649
WP_010954441.1	WP_010954441.1	PP_3593
WP_010954279.1	WP_010954279.1	PP_3410
WP_010954030.1	WP_010954030.1	PP_3141
WP_010953792.1	WP_010953792.1	PP_2889
WP_010953760.1	WP_010953760.1	PP_2854
WP_010953651.1	WP_010953651.1	PP_2737
WP_010952765.1	WP_010952765.1	PP_1714
WP_010952622.1	WP_010952622.1	PP_1538
WP_010951882.1	WP_010951882.1	PP_0616
WP_010951651.1	WP_010951651.1	PP_0282
WP_003255640.1	WP_003255640.1	PP_0346
WP_003252146.1	WP_003252146.1	PP_1464
WP_003251112.1	WP_003251112.1	PP_3942
WP_003250551.1	WP_003250551.1	PP_2445
WP_061405598.1	WP_061405598.1	PP_1932
WP_049587988.1	WP_049587988.1	PP_1196
WP_049586080.1	WP_049586080.1	PP_5562
WP_010954947.1	WP_010954947.1	PP_4183
WP_010954594.1	WP_010954594.1	PP_3763
WP_010952892.1	WP_010952892.1	PP_1862
WP_010952883.1	WP_010952883.1	PP_1852
WP_010952690.1	WP_010952690.1	PP_1620
WP_010951851.1	WP_010951851.1	PP_0578
WP_010951771.1	WP_010951771.1	PP_0438
WP_010951588.1	WP_010951588.1	PP_0204
WP_003254232.1	WP_003254232.1	PP_4202
WP_003247694.1	WP_003247694.1	PP_3603
WP_010955679.1	WP_010955679.1	PP_5144
WP_010955473.1	WP_010955473.1	PP_4879
WP_010954632.1	WP_010954632.1	PP_3802
WP_010954567.1	WP_010954567.1	PP_3732
WP_010954403.1	WP_010954403.1	PP_3547
WP_010952781.1	WP_010952781.1	PP_1737
WP_010952242.1	WP_010952242.1	PP_1070
WP_003254770.1	WP_003254770.1	PP_1214
WP_003249476.1	WP_003249476.1	PP_4920
WP_049588204.1	WP_049588204.1	PP_5668
WP_049587384.1	WP_049587384.1	PP_1469
WP_010955107.1	WP_010955107.1	PP_4397
WP_010953918.1	WP_010953918.1	PP_3019
WP_010952853.1	WP_010952853.1	PP_1818
WP_010952541.1	WP_010952541.1	PP_1441
WP_010951804.1	WP_010951804.1	PP_0521
WP_010951571.1	WP_010951571.1	PP_0185
WP_003252294.1	WP_003252294.1	PP_1593
WP_162490571.1	WP_162490571.1	PP_4498
WP_010955101.1	WP_010955101.1	PP_4386
WP_010955066.1	WP_010955066.1	PP_4336
WP_010955042.1	WP_010955042.1	PP_4303
WP_010954256.1	WP_010954256.1	PP_3384
WP_010953956.1	WP_010953956.1	PP_3057
WP_010953587.1	WP_010953587.1	PP_2668
WP_010953091.1	WP_010953091.1	PP_2090
WP_010951894.1	WP_010951894.1	PP_0636
WP_010951886.1	WP_010951886.1	PP_0624
WP_003255821.1	WP_003255821.1	PP_0246
WP_003254406.1	WP_003254406.1	PP_4341
WP_003252656.1	WP_003252656.1	PP_1763
WP_003250463.1	WP_003250463.1	PP_2403
WP_003247160.1	WP_003247160.1	PP_1914
WP_049588418.1	WP_049588418.1	PP_0107
WP_049586672.1	WP_049586672.1	PP_2066
WP_010955530.1	WP_010955530.1	PP_4955
WP_010955293.1	WP_010955293.1	PP_4632
WP_010953694.1	WP_010953694.1	PP_2783
WP_003255731.1	WP_003255731.1	PP_0292
WP_003252287.1	WP_003252287.1	PP_1591
WP_049588508.1	WP_049588508.1	PP_1068
WP_049586407.1	WP_049586407.1	PP_0800
WP_010955581.1	WP_010955581.1	PP_5022
WP_010953395.1	WP_010953395.1	PP_2447
WP_010952873.1	WP_010952873.1	PP_1842
WP_010951698.1	WP_010951698.1	PP_0345
WP_003254301.1	WP_003254301.1	PP_4265
WP_003250299.1	WP_003250299.1	PP_2328
WP_110771847.1	WP_110771847.1	PP_5589
WP_079732589.1	WP_079732589.1	PP_4022
WP_049587345.1	WP_049587345.1	PP_1358
WP_049586741.1	WP_049586741.1	PP_4827
WP_020189988.1	WP_020189988.1	PP_1697
WP_019751653.1	WP_019751653.1	PP_3158
WP_010955804.1	WP_010955804.1	PP_5308
WP_010955801.1	WP_010955801.1	PP_5304
WP_010954117.1	WP_010954117.1	PP_3233
WP_010953932.1	WP_010953932.1	PP_3033
WP_010953786.1	WP_010953786.1	PP_2881
WP_010953437.1	WP_010953437.1	PP_2503
WP_010953305.1	WP_010953305.1	PP_2343
WP_010951716.1	WP_010951716.1	PP_0364
WP_010951713.1	WP_010951713.1	PP_0361
WP_019436941.1	WP_019436941.1	PP_3657
WP_014862030.1	WP_014862030.1	PP_3210
WP_010955048.1	WP_010955048.1	PP_4310
WP_010953757.1	WP_010953757.1	PP_2851
WP_010952105.1	WP_010952105.1	PP_0900
WP_010952022.1	WP_010952022.1	PP_0785
WP_232014115.1	WP_232014115.1	PP_0331
WP_049587897.1	WP_049587897.1	PP_5591
WP_010954943.1	WP_010954943.1	PP_4178
WP_010953919.1	WP_010953919.1	PP_3020
WP_010952194.1	WP_010952194.1	PP_1012
WP_010952146.1	WP_010952146.1	PP_0953
WP_010951971.1	WP_010951971.1	PP_0726
WP_246745495.1	WP_246745495.1	PP_1436
WP_014860997.1	WP_014860997.1	PP_1681
WP_010954205.1	WP_010954205.1	PP_3326
WP_010953804.1	WP_010953804.1	PP_2902
WP_010953603.1	WP_010953603.1	PP_2685
WP_010953468.1	WP_010953468.1	PP_2538
WP_004576638.1	WP_004576638.1	PP_3094
WP_004575478.1	WP_004575478.1	PP_5103
WP_003253397.1	WP_003253397.1	PP_5294
WP_246745721.1	WP_246745721.1	PP_4263
WP_049588526.1	WP_049588526.1	PP_1122
WP_049588153.1	WP_049588153.1	PP_1651
WP_010955555.1	WP_010955555.1	PP_4985
WP_010955440.1	WP_010955440.1	PP_4832
WP_010954637.1	WP_010954637.1	PP_3807
WP_010954378.1	WP_010954378.1	PP_3520
WP_010951640.1	WP_010951640.1	PP_0271
WP_009682255.1	WP_009682255.1	PP_4656
WP_003253046.1	WP_003253046.1	PP_0100
WP_003247720.1	WP_003247720.1	PP_3594
WP_003247328.1	WP_003247328.1	PP_0773
WP_010954565.1	WP_010954565.1	PP_3730
WP_010953990.1	WP_010953990.1	PP_3092
WP_010953448.1	WP_010953448.1	PP_2514
WP_010953441.1	WP_010953441.1	PP_2507
WP_010951897.1	WP_010951897.1	PP_0639
WP_004576969.1	WP_004576969.1	PP_4863
WP_004576852.1	WP_004576852.1	PP_4815
WP_003255248.1	WP_003255248.1	PP_0886
WP_003250308.1	WP_003250308.1	PP_2333
WP_003248799.1	WP_003248799.1	PP_2152
WP_172835037.1	WP_172835037.1	PP_1110
WP_049588484.1	WP_049588484.1	PP_1023
WP_049586838.1	WP_049586838.1	PP_1927
WP_010952875.1	WP_010952875.1	PP_1844
WP_010951861.1	WP_010951861.1	PP_0590
WP_004575787.1	WP_004575787.1	PP_4691
WP_004575404.1	WP_004575404.1	PP_2550
WP_004374444.1	WP_004374444.1	PP_3244
WP_003256147.1	WP_003256147.1	PP_3738
WP_003252562.1	WP_003252562.1	PP_1727
WP_003248483.1	WP_003248483.1	PP_0871
WP_172830964.1	WP_172830964.1	PP_5035
WP_019437569.1	WP_019437569.1	PP_4911
WP_010955748.1	WP_010955748.1	PP_5229
WP_010954748.1	WP_010954748.1	PP_3923
WP_010953072.1	WP_010953072.1	PP_2070
WP_010952760.1	WP_010952760.1	PP_1709
WP_010952720.1	WP_010952720.1	PP_1663
WP_010952344.1	WP_010952344.1	PP_1191
WP_010952279.1	WP_010952279.1	PP_1116
WP_010951796.1	WP_010951796.1	PP_0507
WP_010951705.1	WP_010951705.1	PP_0353
WP_003254733.1	WP_003254733.1	PP_1240
WP_003252373.1	WP_003252373.1	PP_1634
WP_003247716.1	WP_003247716.1	PP_3595
WP_049588121.1	WP_049588121.1	PP_0629
WP_049587090.1	WP_049587090.1	PP_4647
WP_010955578.1	WP_010955578.1	PP_5019
WP_010953554.1	WP_010953554.1	PP_2634
WP_010953149.1	WP_010953149.1	PP_2163
WP_010953132.1	WP_010953132.1	PP_2144
WP_010952686.1	WP_010952686.1	PP_1614
WP_010951515.1	WP_010951515.1	PP_0116
WP_003252443.1	WP_003252443.1	PP_1668
WP_003251215.1	WP_003251215.1	PP_4006
WP_003247452.1	WP_003247452.1	PP_0694
WP_019437363.1	WP_019437363.1	PP_1497
WP_010954860.1	WP_010954860.1	PP_4068
WP_010953161.1	WP_010953161.1	PP_2175
WP_010951758.1	WP_010951758.1	PP_0423
WP_003254212.1	WP_003254212.1	PP_4190
WP_049588202.1	WP_049588202.1	PP_5669
WP_049587189.1	WP_049587189.1	PP_0537
WP_049586610.1	WP_049586610.1	PP_4759
WP_019437505.1	WP_019437505.1	PP_3454
WP_014590556.1	WP_014590556.1	PP_3720
WP_010954245.1	WP_010954245.1	PP_3372
WP_010953817.1	WP_010953817.1	PP_2915
WP_010953631.1	WP_010953631.1	PP_2715
WP_010952851.1	WP_010952851.1	PP_1815
WP_010952650.1	WP_010952650.1	PP_1566
WP_010952336.1	WP_010952336.1	PP_1183
WP_003254879.1	WP_003254879.1	PP_1137
WP_003254468.1	WP_003254468.1	PP_4389
WP_049586448.1	WP_049586448.1	PP_0904
WP_014590205.1	WP_014590205.1	PP_4282
WP_010955451.1	WP_010955451.1	PP_4845
WP_010953491.1	WP_010953491.1	PP_2564
WP_010953230.1	WP_010953230.1	PP_2254
WP_010952334.1	WP_010952334.1	PP_1181
WP_010951983.1	WP_010951983.1	PP_0738
WP_004574211.1	WP_004574211.1	PP_2660
WP_004374230.1	WP_004374230.1	PP_3122
WP_003254520.1	WP_003254520.1	PP_4484
WP_003252662.1	WP_003252662.1	PP_1765
WP_003249122.1	WP_003249122.1	PP_5090
WP_003248379.1	WP_003248379.1	PP_5568
WP_049587593.1	WP_049587593.1	PP_2386
WP_049586776.1	WP_049586776.1	PP_4345
WP_049586264.1	WP_049586264.1	PP_2690
WP_010955750.1	WP_010955750.1	PP_5231
WP_010954927.1	WP_010954927.1	PP_4157
WP_010954888.1	WP_010954888.1	PP_4104
WP_010954768.1	WP_010954768.1	PP_3951
WP_010953998.1	WP_010953998.1	PP_3105
WP_010953810.1	WP_010953810.1	PP_2908
WP_010953354.1	WP_010953354.1	PP_2399
WP_010952827.1	WP_010952827.1	PP_1790
WP_010952367.1	WP_010952367.1	PP_1219
WP_010952304.1	WP_010952304.1	PP_1146
WP_010951881.1	WP_010951881.1	PP_0615
WP_003255499.1	WP_003255499.1	PP_0444
WP_003254461.1	WP_003254461.1	PP_4384
WP_049587994.1	WP_049587994.1	PP_1189
WP_049587358.1	WP_049587358.1	PP_1409
WP_049586130.1	WP_049586130.1	PP_3005
WP_020193117.1	WP_020193117.1	PP_0306
WP_010955423.1	WP_010955423.1	PP_4810
WP_010955001.1	WP_010955001.1	PP_4249
WP_010954358.1	WP_010954358.1	PP_3495
WP_010954114.1	WP_010954114.1	PP_3230
WP_010953642.1	WP_010953642.1	PP_2726
WP_010953398.1	WP_010953398.1	PP_2451
WP_010953341.1	WP_010953341.1	PP_2385
WP_010952520.1	WP_010952520.1	PP_1413
WP_010952284.1	WP_010952284.1	PP_1121
WP_010952009.1	WP_010952009.1	PP_0769
WP_010951815.1	WP_010951815.1	PP_0534
WP_010951650.1	WP_010951650.1	PP_0281
WP_049586728.1	WP_049586728.1	PP_5715
WP_010952876.1	WP_010952876.1	PP_1845
WP_010952602.1	WP_010952602.1	PP_1511
WP_010951649.1	WP_010951649.1	PP_0280
WP_010951552.1	WP_010951552.1	PP_0163
WP_003254523.1	WP_003254523.1	PP_4485
WP_003253341.1	WP_003253341.1	PP_5320
WP_003252059.1	WP_003252059.1	PP_1433
WP_049587686.1	WP_049587686.1	PP_3408
WP_049586992.1	WP_049586992.1	PP_4576
WP_049586607.1	WP_049586607.1	PP_5712
WP_020190494.1	WP_020190494.1	PP_3634
WP_010955637.1	WP_010955637.1	PP_5094
WP_010955287.1	WP_010955287.1	PP_4625
WP_010954791.1	WP_010954791.1	PP_3976
WP_010954297.1	WP_010954297.1	PP_3431
WP_010953285.1	WP_010953285.1	PP_2317
WP_010952609.1	WP_010952609.1	PP_1518
WP_010951863.1	WP_010951863.1	PP_0592
WP_003255481.1	WP_003255481.1	PP_0460
WP_172830932.1	WP_172830932.1	PP_2155
WP_126404332.1	WP_126404332.1	PP_5689
WP_126404318.1	WP_126404318.1	PP_0019
WP_049587477.1	WP_049587477.1	PP_5718
WP_049587306.1	WP_049587306.1	PP_1810
WP_049586726.1	WP_049586726.1	PP_5716
WP_010954980.1	WP_010954980.1	PP_4225
WP_010954385.1	WP_010954385.1	PP_3527
WP_010952826.1	WP_010952826.1	PP_1789
WP_010952537.1	WP_010952537.1	PP_1435
WP_010951793.1	WP_010951793.1	PP_0504
WP_003255215.1	WP_003255215.1	PP_0901
WP_126404341.1	WP_126404341.1	PP_3983
WP_051122575.1	WP_051122575.1	PP_5623
WP_010955789.1	WP_010955789.1	PP_5284
WP_010954656.1	WP_010954656.1	PP_3829
WP_010953809.1	WP_010953809.1	PP_2907
WP_010953761.1	WP_010953761.1	PP_2855
WP_010953733.1	WP_010953733.1	PP_2824
WP_010953626.1	WP_010953626.1	PP_2710
WP_010953624.1	WP_010953624.1	PP_2708
WP_010953240.1	WP_010953240.1	PP_2267
WP_010953145.1	WP_010953145.1	PP_2158
WP_010952580.1	WP_010952580.1	PP_1487
WP_010952107.1	WP_010952107.1	PP_0903
WP_010951718.1	WP_010951718.1	PP_0366
WP_003255037.1	WP_003255037.1	PP_1024
WP_003251213.1	WP_003251213.1	PP_4005
WP_003248502.1	WP_003248502.1	PP_0862
WP_049588241.1	WP_049588241.1	PP_4096
WP_049587809.1	WP_049587809.1	PP_3145
WP_049587756.1	WP_049587756.1	PP_3913
WP_049587702.1	WP_049587702.1	PP_5604
WP_010955863.1	WP_010955863.1	PP_5383
WP_010954425.1	WP_010954425.1	PP_3572
WP_010953426.1	WP_010953426.1	PP_2491
WP_010952339.1	WP_010952339.1	PP_1186
WP_003254551.1	WP_003254551.1	PP_4503
WP_003252672.1	WP_003252672.1	PP_1771
WP_003251429.1	WP_003251429.1	PP_4120
WP_049588168.1	WP_049588168.1	PP_1135
WP_049586315.1	WP_049586315.1	PP_2931
WP_010954604.1	WP_010954604.1	PP_3774
WP_010953754.1	WP_010953754.1	PP_2848
WP_010952931.1	WP_010952931.1	PP_1907
WP_010952598.1	WP_010952598.1	PP_1507
WP_010952369.1	WP_076403786.1	PP_1226
WP_003255539.1	WP_003255539.1	PP_0415
WP_003253457.1	WP_003253457.1	PP_0029
WP_003253420.1	WP_003253420.1	PP_0047
WP_003252070.1	WP_003252070.1	PP_1438
WP_003249004.1	WP_003249004.1	PP_5150
WP_010955833.1	WP_010955833.1	PP_5345
WP_010954713.1	WP_010954713.1	PP_3887
WP_010952803.1	WP_010952803.1	PP_1764
WP_010952703.1	WP_010952703.1	PP_1642
WP_010952527.1	WP_010952527.1	PP_1420
WP_010952241.1	WP_010952241.1	PP_1069
WP_010951745.1	WP_010951745.1	PP_0406
WP_010951513.1	WP_010951513.1	PP_0113
WP_003251184.1	WP_003251184.1	PP_3990
WP_003249079.1	WP_003249079.1	PP_5110
WP_049587171.1	WP_049587171.1	PP_2555
WP_010955424.1	WP_010955424.1	PP_4812
WP_010953307.1	WP_010953307.1	PP_2347
WP_010953229.1	WP_010953229.1	PP_2253
WP_010951691.1	WP_010951691.1	PP_0336
WP_003255849.1	WP_003255849.1	PP_0226
WP_003254382.1	WP_003254382.1	PP_4326
WP_049587920.1	WP_049587920.1	PP_3186
WP_049587394.1	WP_049587394.1	PP_1491
WP_049586149.1	WP_049586149.1	PP_2941
WP_010955685.1	WP_010955685.1	PP_5153
WP_010955656.1	WP_010955656.1	PP_5119
WP_010955164.1	WP_010955164.1	PP_4462
WP_010954570.1	WP_010954570.1	PP_3735
WP_010954350.1	WP_010954350.1	PP_3487
WP_010953584.1	WP_010953584.1	PP_2665
WP_003255399.1	WP_003255399.1	PP_0515
WP_172835032.1	WP_172835032.1	PP_4118
WP_049588502.1	WP_049588502.1	PP_1055
WP_012051106.1	WP_012051106.1	PP_0594
WP_010955050.1	WP_010955050.1	PP_4312
WP_010953948.1	WP_010953948.1	PP_3049
WP_010953629.1	WP_010953629.1	PP_2713
WP_010951630.1	WP_010951630.1	PP_0259
WP_010951569.1	WP_010951569.1	PP_0183
WP_049588334.1	WP_049588334.1	PP_5220
WP_049586824.1	WP_049586824.1	PP_5488
WP_020190949.1	WP_020190949.1	PP_0598
WP_010955869.1	WP_010955869.1	PP_5389
WP_010955022.1	WP_010955022.1	PP_4277
WP_010954240.1	WP_010954240.1	PP_3367
WP_010954138.1	WP_010954138.1	PP_3256
WP_010953592.1	WP_010953592.1	PP_2673
WP_010953120.1	WP_010953120.1	PP_2126
WP_004576157.1	WP_004576157.1	PP_4749
WP_049588460.1	WP_049588460.1	PP_5740
WP_049588009.1	WP_049588009.1	PP_0511
WP_049586731.1	WP_049586731.1	PP_5714
WP_014859113.1	WP_014859113.1	PP_5719
WP_010955680.1	WP_010955680.1	PP_5147
WP_010955396.1	WP_010955396.1	PP_4771
WP_010955135.1	WP_010955135.1	PP_4427
WP_010955134.1	WP_010955134.1	PP_4426
WP_010954351.1	WP_010954351.1	PP_3488
WP_010954014.1	WP_010954014.1	PP_3123
WP_010953454.1	WP_010953454.1	PP_2524
WP_010952423.1	WP_010952423.1	PP_1296
WP_010951783.1	WP_010951783.1	PP_0491
WP_051122543.1	WP_051122543.1	PP_5497
WP_010953384.1	WP_010953384.1	PP_2432
WP_010952770.1	WP_010952770.1	PP_1721
WP_010952721.1	WP_010952721.1	PP_1664
WP_010952080.1	WP_010952080.1	PP_0869
WP_172835029.1	WP_172835029.1	PP_2625
WP_049588330.1	WP_049588330.1	PP_5211
WP_049588099.1	WP_049588099.1	PP_5607
WP_049587967.1	WP_049587967.1	PP_3823
WP_010954473.1	WP_010954473.1	PP_3631
WP_010952898.1	WP_010952898.1	PP_1870
WP_010952728.1	WP_010952728.1	PP_1674
WP_010952699.1	WP_010952699.1	PP_1635
WP_010952265.1	WP_010952265.1	PP_1102
WP_010952159.1	WP_010952159.1	PP_0969
WP_010951811.1	WP_010951811.1	PP_0530
WP_010951498.1	WP_010951498.1	PP_0094
WP_004576713.1	WP_004576713.1	PP_2891
WP_004575467.1	WP_004575467.1	PP_1506
WP_003253179.1	WP_003253179.1	PP_0003
WP_079732584.1	WP_079732584.1	PP_2809
WP_049586421.1	WP_049586421.1	PP_0831
WP_010954722.1	WP_010954722.1	PP_3896
WP_010954271.1	WP_010954271.1	PP_3400
WP_010954070.1	WP_010954070.1	PP_3185
WP_010953392.1	WP_010953392.1	PP_2442
WP_010952290.1	WP_010952290.1	PP_1129
WP_010952153.1	WP_010952153.1	PP_0961
WP_010951761.1	WP_010951761.1	PP_0427
WP_004576152.1	WP_004576152.1	PP_4754
WP_003255361.1	WP_003255361.1	PP_0540
WP_003254753.1	WP_003254753.1	PP_1225
WP_003251744.1	WP_003251744.1	PP_1278
WP_003249738.1	WP_003249738.1	PP_4801
WP_003247748.1	WP_003247748.1	PP_3579
WP_049587039.1	WP_049587039.1	PP_5687
WP_049586923.1	WP_049586923.1	PP_1958
WP_011005888.1	WP_011005888.1	PP_2983
WP_010955740.1	WP_010955740.1	PP_5218
WP_010954686.1	WP_010954686.1	PP_3859
WP_010954566.1	WP_010954566.1	PP_3731
WP_010954171.1	WP_010954171.1	PP_3292
WP_010953798.1	WP_010953798.1	PP_2895
WP_010953010.1	WP_010953010.1	PP_1998
WP_010953003.1	WP_010953003.1	PP_1986
WP_010952012.1	WP_010952012.1	PP_0772
WP_010951875.1	WP_010951875.1	PP_0609
WP_010951825.1	WP_010951825.1	PP_0550
WP_010951759.1	WP_010951759.1	PP_0424
WP_010951601.1	WP_010951601.1	PP_0219
WP_232014145.1	WP_232014145.1	PP_0314
WP_014861534.1	WP_014861534.1	PP_5426
WP_010955876.1	WP_010955876.1	PP_5401
WP_010955381.1	WP_010955381.1	PP_4750
WP_010954467.1	WP_010954467.1	PP_3625
WP_010954348.1	WP_010954348.1	PP_3485
WP_010953628.1	WP_010953628.1	PP_2712
WP_010952606.1	WP_010952606.1	PP_1515
WP_010952181.1	WP_010952181.1	PP_0995
WP_003259400.1	WP_003259400.1	PP_2300
WP_003253405.1	WP_003253405.1	PP_5291
WP_003251131.1	WP_003251131.1	PP_3952
WP_003251109.1	WP_003251109.1	PP_3941
WP_003248514.1	WP_003248514.1	PP_0855
WP_049588040.1	WP_049588040.1	PP_0192
WP_049587217.1	WP_049587217.1	PP_1669
WP_011953077.1	WP_011953077.1	PP_5421
WP_010954766.1	WP_010954766.1	PP_3949
WP_010953591.1	WP_010953591.1	PP_2672
WP_010952257.1	WP_010952257.1	PP_1092
WP_010951658.1	WP_010951658.1	PP_0290
WP_003255871.1	WP_003255871.1	PP_5433
WP_003255836.1	WP_003255836.1	PP_0235
WP_003252348.1	WP_003252348.1	PP_1621
WP_003251380.1	WP_003251380.1	PP_4099
WP_003247366.1	WP_003247366.1	PP_0746
WP_049587205.1	WP_049587205.1	PP_0577
WP_026031862.1	WP_026031862.1	PP_1898
WP_019436776.1	WP_019436776.1	PP_1731
WP_010952548.1	WP_010952548.1	PP_1448
WP_010952433.1	WP_010952433.1	PP_1310
WP_010952155.1	WP_010952155.1	PP_0965
WP_010951533.1	WP_010951533.1	PP_0139
WP_003255486.1	WP_003255486.1	PP_0454
WP_003249603.1	WP_003249603.1	PP_4859
WP_003247170.1	WP_003247170.1	PP_1968
WP_172830947.1	WP_172830947.1	PP_0410
WP_110771797.1	WP_110771797.1	PP_1934
WP_049588366.1	WP_049588366.1	PP_5159
WP_049587258.1	WP_049587258.1	PP_1759
WP_049586600.1	WP_049586600.1	PP_4778
WP_010955281.1	WP_010955281.1	PP_4619
WP_010954865.1	WP_010954865.1	PP_4073
WP_010954493.1	WP_010954493.1	PP_3652
WP_010954406.1	WP_010954406.1	PP_3551
WP_010952495.1	WP_010952495.1	PP_1387
WP_010952462.1	WP_010952462.1	PP_1347
WP_010951618.1	WP_010951618.1	PP_0242
WP_010951582.1	WP_010951582.1	PP_0198
WP_010951523.1	WP_010951523.1	PP_0127
WP_010951522.1	WP_010951522.1	PP_0124
WP_003255677.1	WP_003255677.1	PP_0326
WP_003254385.1	WP_003254385.1	PP_4327
WP_003253019.1	WP_003253019.1	PP_0111
WP_061405680.1	WP_061405680.1	PP_5641
WP_049587040.1	WP_049587040.1	PP_5686
WP_014590089.1	WP_014590089.1	PP_4499
WP_010955832.1	WP_010955832.1	PP_5343
WP_010955763.1	WP_010955763.1	PP_5248
WP_010954275.1	WP_010954275.1	PP_3405
WP_010953818.1	WP_010953818.1	PP_2916
WP_010952317.1	WP_010952317.1	PP_1162
WP_003255348.1	WP_003255348.1	PP_0548
WP_003253552.1	WP_003253552.1	PP_5255
WP_003247546.1	WP_003247546.1	PP_0628
WP_010955843.1	WP_010955843.1	PP_5360
WP_010955153.1	WP_010955153.1	PP_4450
WP_010954984.1	WP_010954984.1	PP_4229
WP_010954818.1	WP_010954818.1	PP_4015
WP_010954621.1	WP_010954621.1	PP_3791
WP_010954575.1	WP_010954575.1	PP_3742
WP_010953344.1	WP_010953344.1	PP_2388
WP_010951953.1	WP_010951953.1	PP_0705
WP_003253573.1	WP_003253573.1	PP_5243
WP_003249670.1	WP_003249670.1	PP_4828
WP_049588113.1	WP_049588113.1	PP_5745
WP_010955635.1	WP_010955635.1	PP_5092
WP_010955574.1	WP_010955574.1	PP_5012
WP_010955405.1	WP_010955405.1	PP_4783
WP_010953755.1	WP_010953755.1	PP_2849
WP_010953466.1	WP_010953466.1	PP_2536
WP_010952921.1	WP_010952921.1	PP_1894
WP_010952440.1	WP_010952440.1	PP_1320
WP_010952048.1	WP_010952048.1	PP_0814
WP_010952020.1	WP_010952020.1	PP_0782
WP_010951690.1	WP_010951690.1	PP_0335
WP_004575721.1	WP_004575721.1	PP_0631
WP_003254939.1	WP_003254939.1	PP_1090
WP_003252319.1	WP_003252319.1	PP_1605
WP_003251209.1	WP_003251209.1	PP_4003
WP_003249947.1	WP_003249947.1	PP_4719
WP_010955795.1	WP_010955795.1	PP_5296
WP_010953924.1	WP_010953924.1	PP_3025
WP_010953008.1	WP_010953008.1	PP_1995
WP_010952603.1	WP_010952603.1	PP_1512
WP_010952000.1	WP_010952000.1	PP_0758
WP_010951959.1	WP_010951959.1	PP_0711
WP_010487132.1	WP_010487132.1	PP_2474
WP_004374214.1	WP_004374214.1	PP_3117
WP_003255453.1	WP_003255453.1	PP_0478
WP_003249106.1	WP_003249106.1	PP_5098
WP_079732512.1	WP_079732512.1	PP_2171
WP_049588209.1	WP_049588209.1	PP_5664
WP_049587971.1	WP_049587971.1	PP_1248
WP_049587819.1	WP_049587819.1	PP_3116
WP_049587077.1	WP_049587077.1	PP_5702
WP_020193116.1	WP_020193116.1	PP_5442
WP_010955556.1	WP_010955556.1	PP_4986
WP_010954983.1	WP_010954983.1	PP_4228
WP_010954238.1	WP_010954238.1	PP_3363
WP_010953356.1	WP_010953356.1	PP_2401
WP_010953173.1	WP_010953173.1	PP_2188
WP_010952512.1	WP_010952512.1	PP_1404
WP_010951969.1	WP_010951969.1	PP_0724
WP_010951486.1	WP_010951486.1	PP_0080
WP_003255389.1	WP_003255389.1	PP_0522
WP_003254768.1	WP_003254768.1	PP_1216
WP_003252989.1	WP_003252989.1	PP_0126
WP_003249478.1	WP_003249478.1	PP_4919
WP_003248700.1	WP_003248700.1	PP_2101
WP_003247482.1	WP_003247482.1	PP_0684
WP_003247320.1	WP_003247320.1	PP_0784
WP_049586266.1	WP_049586266.1	PP_2684
WP_010955569.1	WP_010955569.1	PP_5006
WP_010954494.1	WP_010954494.1	PP_3653
WP_010954280.1	WP_010954280.1	PP_3412
WP_010954179.1	WP_010954179.1	PP_3300
WP_010953920.1	WP_010953920.1	PP_3021
WP_010953787.1	WP_010953787.1	PP_2882
WP_010952500.1	WP_010952500.1	PP_1392
WP_010951947.1	WP_010951947.1	PP_0699
WP_010951900.1	WP_010951900.1	PP_0642
WP_049588130.1	WP_049588130.1	PP_2597
WP_049587121.1	WP_049587121.1	PP_3562
WP_049586510.1	WP_049586510.1	PP_5612
WP_014589823.1	WP_014589823.1	PP_0946
WP_010955393.1	WP_010955393.1	PP_4768
WP_010955036.1	WP_010955036.1	PP_4295
WP_010954419.1	WP_010954419.1	PP_3565
WP_010953940.1	WP_010953940.1	PP_3041
WP_010953771.1	WP_010953771.1	PP_2866
WP_010952252.1	WP_010952252.1	PP_1085
WP_010952134.1	WP_010952134.1	PP_0936
WP_003252448.1	WP_003252448.1	PP_1672
WP_003249516.1	WP_003249516.1	PP_4901
WP_029615442.1	WP_029615442.1	PP_3134
WP_010955727.1	WP_010955727.1	PP_5203
WP_010955006.1	WP_010955006.1	PP_4256
WP_010955002.1	WP_010955002.1	PP_4251
WP_010954100.1	WP_010954100.1	PP_3216
WP_010953131.1	WP_010953131.1	PP_2143
WP_003250418.1	WP_003250418.1	PP_2379
WP_003249484.1	WP_003249484.1	PP_4916
WP_010955413.1	WP_010955413.1	PP_4795
WP_010955312.1	WP_010955312.1	PP_4655
WP_010954776.1	WP_010954776.1	PP_3960
WP_010954077.1	WP_010954077.1	PP_3192
WP_010953286.1	WP_010953286.1	PP_2318
WP_010952988.1	WP_010952988.1	PP_1970
WP_010952506.1	WP_010952506.1	PP_1398
WP_010952338.1	WP_010952338.1	PP_1185
WP_003252400.1	WP_003252400.1	PP_1644
WP_003249444.1	WP_003249444.1	PP_4937
WP_010955651.1	WP_010955651.1	PP_5114
WP_010953950.1	WP_010953950.1	PP_3051
WP_010952961.1	WP_010952961.1	PP_1941
WP_010952856.1	WP_010952856.1	PP_1821
WP_010952259.1	WP_010952259.1	PP_1094
WP_010951972.1	WP_010951972.1	PP_0727
WP_003255485.1	WP_003255485.1	PP_0455
WP_003254945.1	WP_003254945.1	PP_1084
WP_003254304.1	WP_003254304.1	PP_4267
WP_049586756.1	WP_049586756.1	PP_5674
WP_010955203.1	WP_010955203.1	PP_4520
WP_010954388.1	WP_010954388.1	PP_3531
WP_010954164.1	WP_010954164.1	PP_3285
WP_010954139.1	WP_010954139.1	PP_3257
WP_010953773.1	WP_010953773.1	PP_2868
WP_010953580.1	WP_010953580.1	PP_2661
WP_010953419.1	WP_010953419.1	PP_2483
WP_010952553.1	WP_010952553.1	PP_1453
WP_003255185.1	WP_003255185.1	PP_0916
WP_003254608.1	WP_003254608.1	PP_4538
WP_003252385.1	WP_003252385.1	PP_1640
WP_010955642.1	WP_010955642.1	PP_5100
WP_010955594.1	WP_010955594.1	PP_5039
WP_010955434.1	WP_010955434.1	PP_4825
WP_003256068.1	WP_003256068.1	PP_5609
WP_003255187.1	WP_003255187.1	PP_0915
WP_049587981.1	WP_049587981.1	PP_1209
WP_049587778.1	WP_049587778.1	PP_3871
WP_049587030.1	WP_049587030.1	PP_4469
WP_049586642.1	WP_049586642.1	PP_2023
WP_049586382.1	WP_049586382.1	PP_0721
WP_012053657.1	WP_012053657.1	PP_1323
WP_010955330.1	WP_010955330.1	PP_4675
WP_010955256.1	WP_010955256.1	PP_4588
WP_010955188.1	WP_010955188.1	PP_4501
WP_010954290.1	WP_010954290.1	PP_3422
WP_010953784.1	WP_010953784.1	PP_2879
WP_010953655.1	WP_010953655.1	PP_2743
WP_010953412.1	WP_010953412.1	PP_2475
WP_010953221.1	WP_010953221.1	PP_2245
WP_010952189.1	WP_010952189.1	PP_1005
WP_003255835.1	WP_003255835.1	PP_0236
WP_003255736.1	WP_003255736.1	PP_0289
WP_003255531.1	WP_003255531.1	PP_0420
WP_003251823.1	WP_003251823.1	PP_1317
WP_080985565.1	WP_080985565.1	PP_2062
WP_049587100.1	WP_049587100.1	PP_4661
WP_049586736.1	WP_049586736.1	PP_4814
WP_010954364.1	WP_010954364.1	PP_3505
WP_010953505.1	WP_010953505.1	PP_2582
WP_010952227.1	WP_010952227.1	PP_1052
WP_010952101.1	WP_010952101.1	PP_0895
WP_003252796.1	WP_003252796.1	PP_1826
WP_003252050.1	WP_003252050.1	PP_1428
WP_003249853.1	WP_003249853.1	PP_4761
WP_003249110.1	WP_003249110.1	PP_5096
WP_012052320.1	WP_012052320.1	PP_3254
WP_010955470.1	WP_010955470.1	PP_4871
WP_010955200.1	WP_010955200.1	PP_4517
WP_010953255.1	WP_010953255.1	PP_2283
WP_010951581.1	WP_010951581.1	PP_0197
WP_010951442.1	WP_010951442.1	PP_0031
WP_079732494.1	WP_079732494.1	PP_1542
WP_049586067.1	WP_049586067.1	PP_5575
WP_010953382.1	WP_010953382.1	PP_2429
WP_010953266.1	WP_010953266.1	PP_2295
WP_010953140.1	WP_010953140.1	PP_2153
WP_010952180.1	WP_010952180.1	PP_0994
WP_010952124.1	WP_010952124.1	PP_0922
WP_010951995.1	WP_010951995.1	PP_0753
WP_010951864.1	WP_010951864.1	PP_0593
WP_003250416.1	WP_003250416.1	PP_2378
WP_003247413.1	WP_003247413.1	PP_0720
WP_003247342.1	WP_003247342.1	PP_0760
WP_061405709.1	WP_061405709.1	PP_5710
WP_010955697.1	WP_010955697.1	PP_5167
WP_010954588.1	WP_010954588.1	PP_3756
WP_010954456.1	WP_010954456.1	PP_3611
WP_010954304.1	WP_010954304.1	PP_3438
WP_010953715.1	WP_010953715.1	PP_2806
WP_010953183.1	WP_010953183.1	PP_2200
WP_010952097.1	WP_010952097.1	PP_0891
WP_010951797.1	WP_010951797.1	PP_0508
WP_010951509.1	WP_010951509.1	PP_0108
WP_003252049.1	WP_003252049.1	PP_1427
WP_049586855.1	WP_049586855.1	PP_1909
WP_049586441.1	WP_049586441.1	PP_0893
WP_010955120.1	WP_010955120.1	PP_4412
WP_010953763.1	WP_010953763.1	PP_2857
WP_010952442.1	WP_010952442.1	PP_1322
WP_003253953.1	WP_003253953.1	PP_2789
WP_003249350.1	WP_003249350.1	PP_4981
WP_049588372.1	WP_049588372.1	PP_5737
WP_049588087.1	WP_049588087.1	PP_0330
WP_049587840.1	WP_049587840.1	PP_3335
WP_049586371.1	WP_049586371.1	PP_5455
WP_010955272.1	WP_010955272.1	PP_4608
WP_010954922.1	WP_010954922.1	PP_4152
WP_010954590.1	WP_010954590.1	PP_3759
WP_010954323.1	WP_010954323.1	PP_3457
WP_003248677.1	WP_003248677.1	PP_2093
WP_049587903.1	WP_049587903.1	PP_3204
WP_047933947.1	WP_047933947.1	PP_5742
WP_010955593.1	WP_010955593.1	PP_5037
WP_010955590.1	WP_010955590.1	PP_5034
WP_010954122.1	WP_010954122.1	PP_3238
WP_010953135.1	WP_010953135.1	PP_2147
WP_010952147.1	WP_010952147.1	PP_0955
WP_010952025.1	WP_010952025.1	PP_0789
WP_003253535.1	WP_003253535.1	PP_5265
WP_061405672.1	WP_061405672.1	PP_5629
WP_061405665.1	WP_061405665.1	PP_5613
WP_049587612.1	WP_049587612.1	PP_2421
WP_014591568.1	WP_014591568.1	PP_2449
WP_010955693.1	WP_010955693.1	PP_5162
WP_010954630.1	WP_010954630.1	PP_3800
WP_010954116.1	WP_010954116.1	PP_3232
WP_010953765.1	WP_010953765.1	PP_2859
WP_010953688.1	WP_010953688.1	PP_2777
WP_010953539.1	WP_010953539.1	PP_2619
WP_010951849.1	WP_010951849.1	PP_0576
WP_010951737.1	WP_010951737.1	PP_0391
WP_003252871.1	WP_003252871.1	PP_1858
WP_003250813.1	WP_003250813.1	PP_2572
WP_003249850.1	WP_003249850.1	PP_4763
WP_003249318.1	WP_003249318.1	PP_4995
WP_049587766.1	WP_049587766.1	PP_5644
WP_049586821.1	WP_049586821.1	PP_5490
WP_010955326.1	WP_010955326.1	PP_4671
WP_010954985.1	WP_010954985.1	PP_4230
WP_010953851.1	WP_049586147.1	PP_2951
WP_010953766.1	WP_010953766.1	PP_2860
WP_010953725.1	WP_010953725.1	PP_2816
WP_010952733.1	WP_010952733.1	PP_1680
WP_010952464.1	WP_010952464.1	PP_1349
WP_004575846.1	WP_004575846.1	PP_5163
WP_003255794.1	WP_003255794.1	PP_0260
WP_003254920.1	WP_003254920.1	PP_1100
WP_003253035.1	WP_003253035.1	PP_0105
WP_003248665.1	WP_003248665.1	PP_2088
WP_010954491.1	WP_010954491.1	PP_3650
WP_010954343.1	WP_010954343.1	PP_3480
WP_010953785.1	WP_010953785.1	PP_2880
WP_010953148.1	WP_010953148.1	PP_2162
WP_003250537.1	WP_003250537.1	PP_2439
WP_003250134.1	WP_003250134.1	PP_2232
WP_003248588.1	WP_003248588.1	PP_0820
WP_049587895.1	WP_049587895.1	PP_3234
WP_049586107.1	WP_049586107.1	PP_5556
WP_029615376.1	WP_029615376.1	PP_3639
WP_020193441.1	WP_020193441.1	PP_1971
WP_010955292.1	WP_010955292.1	PP_4631
WP_010954882.1	WP_010954882.1	PP_4097
WP_010953585.1	WP_010953585.1	PP_2666
WP_010953446.1	WP_010953446.1	PP_2512
WP_010953257.1	WP_010953257.1	PP_2285
WP_010952945.1	WP_010952945.1	PP_1924
WP_010952859.1	WP_010952859.1	PP_1824
WP_004576525.1	WP_004576525.1	PP_2764
WP_003255912.1	WP_003255912.1	PP_0173
WP_003255244.1	WP_003255244.1	PP_0888
WP_003254741.1	WP_003254741.1	PP_1236
WP_003251456.1	WP_003251456.1	PP_4138
WP_232014083.1	WP_232014083.1	PP_2272
WP_010955810.1	WP_010955810.1	PP_5317
WP_010955367.1	WP_010955367.1	PP_4728
WP_010955216.1	WP_010955216.1	PP_4541
WP_010955191.1	WP_010955191.1	PP_4506
WP_010954016.1	WP_010954016.1	PP_3126
WP_010953729.1	WP_010953729.1	PP_2820
WP_010953011.1	WP_010953011.1	PP_1999
WP_010951990.1	WP_010951990.1	PP_0747
WP_010951476.1	WP_010951476.1	PP_0070
WP_003255027.1	WP_003255027.1	PP_1030
WP_003252296.1	WP_003252296.1	PP_1594
WP_003251480.1	WP_003251480.1	PP_4159
WP_110771757.1	WP_110771757.1	PP_3688
WP_010955725.1	WP_010955725.1	PP_5201
WP_010955559.1	WP_010955559.1	PP_4990
WP_010953797.1	WP_010953797.1	PP_2894
WP_010953471.1	WP_010953471.1	PP_2541
WP_010953167.1	WP_010953167.1	PP_2181
WP_010953163.1	WP_010953163.1	PP_2177
WP_010952551.1	WP_010952551.1	PP_1451
WP_003255582.1	WP_003255582.1	PP_0385
WP_049587999.1	WP_049587999.1	PP_1161
WP_049587879.1	WP_049587879.1	PP_3267
WP_049587760.1	WP_049587760.1	PP_3910
WP_049587595.1	WP_049587595.1	PP_2396
WP_049587226.1	WP_049587226.1	PP_1686
WP_049586846.1	WP_049586846.1	PP_5483
WP_049586097.1	WP_049586097.1	PP_3081
WP_012052879.1	WP_012052879.1	PP_2466
WP_010955552.1	WP_010955552.1	PP_4982
WP_010955000.1	WP_010955000.1	PP_4247
WP_010954636.1	WP_010954636.1	PP_3806
WP_010953965.1	WP_010953965.1	PP_3066
WP_010952552.1	WP_010952552.1	PP_1452
WP_010951469.1	WP_010951469.1	PP_0062
WP_003248365.1	WP_003248365.1	PP_5563
WP_049586502.1	WP_049586502.1	PP_5610
WP_010955119.1	WP_010955119.1	PP_4411
WP_010954168.1	WP_010954168.1	PP_3289
WP_010953906.1	WP_010953906.1	PP_3006
WP_010953209.1	WP_010953209.1	PP_2233
WP_010952819.1	WP_010952819.1	PP_1782
WP_010952590.1	WP_010952590.1	PP_1498
WP_010952261.1	WP_010952261.1	PP_1096
WP_010487172.1	WP_010487172.1	PP_2493
WP_009683910.1	WP_009683910.1	PP_4266
WP_004575263.1	WP_004575263.1	PP_0095
WP_003253526.1	WP_003253526.1	PP_5268
WP_003251442.1	WP_003251442.1	PP_4126
WP_020192755.1	WP_020192755.1	PP_0355
WP_010954830.1	WP_010954830.1	PP_4032
WP_010953885.1	WP_010953885.1	PP_2985
WP_010953377.1	WP_010953377.1	PP_2424
WP_010953021.1	WP_010953021.1	PP_2010
WP_010952627.1	WP_010952627.1	PP_1543
WP_010951635.1	WP_010951635.1	PP_0265
WP_004576914.1	WP_004576914.1	PP_4785
WP_003255446.1	WP_003255446.1	PP_0485
WP_003254989.1	WP_003254989.1	PP_1057
WP_003253925.1	WP_003253925.1	PP_2847
WP_003252789.1	WP_003252789.1	PP_1823
WP_003248033.1	WP_003248033.1	PP_2884
WP_010954344.1	WP_010954344.1	PP_3481
WP_010954015.1	WP_010954015.1	PP_3125
WP_010953895.1	WP_010953895.1	PP_2995
WP_010952063.1	WP_010952063.1	PP_0837
WP_003252169.1	WP_003252169.1	PP_1476
WP_003249514.1	WP_003249514.1	PP_4902
WP_049587527.1	WP_049587527.1	PP_2243
WP_049586301.1	WP_049586301.1	PP_3100
WP_049586245.1	WP_049586245.1	PP_2725
WP_014589735.1	WP_014589735.1	PP_5460
WP_010954681.1	WP_010954681.1	PP_3854
WP_010954284.1	WP_010954284.1	PP_3416
WP_010953117.1	WP_010953117.1	PP_2122
WP_010952996.1	WP_010952996.1	PP_1978
WP_010952918.1	WP_010952918.1	PP_1891
WP_003255474.1	WP_003255474.1	PP_0466
WP_003252424.1	WP_003252424.1	PP_1658
WP_049586242.1	WP_049586242.1	PP_2729
WP_010955628.1	WP_010955628.1	PP_5082
WP_010955369.1	WP_010955369.1	PP_4731
WP_010955231.1	WP_010955231.1	PP_4559
WP_010955056.1	WP_010955056.1	PP_4321
WP_010953317.1	WP_010953317.1	PP_2358
WP_010953297.1	WP_010953297.1	PP_2332
WP_010952864.1	WP_010952864.1	PP_1832
WP_010951925.1	WP_010951925.1	PP_0667
WP_003254265.1	WP_003254265.1	PP_4233
WP_003254010.1	WP_003254010.1	PP_2730
WP_003253191.1	WP_003253191.1	PP_5416
WP_003252144.1	WP_003252144.1	PP_1463
WP_049586526.1	WP_049586526.1	PP_5620
WP_019437656.1	WP_019437656.1	PP_3484
WP_012054120.1	WP_012054120.1	PP_5333
WP_010954628.1	WP_010954628.1	PP_3798
WP_010954155.1	WP_010954155.1	PP_3275
WP_010953790.1	WP_010953790.1	PP_2886
WP_010953318.1	WP_010953318.1	PP_2359
WP_010952725.1	WP_010952725.1	PP_1670
WP_010951839.1	WP_010951839.1	PP_0565
WP_003255501.1	WP_003255501.1	PP_0442
WP_003255469.1	WP_003255469.1	PP_0469
WP_049587950.1	WP_049587950.1	PP_5638
WP_049586062.1	WP_049586062.1	PP_5578
WP_010955009.1	WP_010955009.1	PP_4260
WP_010954997.1	WP_010954997.1	PP_4244
WP_010954176.1	WP_010954176.1	PP_3297
WP_010953949.1	WP_010953949.1	PP_3050
WP_010953502.1	WP_010953502.1	PP_2578
WP_010952867.1	WP_010952867.1	PP_1835
WP_004576962.1	WP_004576962.1	PP_4856
WP_003255698.1	WP_003255698.1	PP_0309
WP_003249309.1	WP_003249309.1	PP_5000
WP_049587577.1	WP_049587577.1	PP_2357
WP_020191115.1	WP_020191115.1	PP_3475
WP_012269855.1	WP_012269855.1	PP_5423
WP_010955846.1	WP_010955846.1	PP_5363
WP_010955115.1	WP_010955115.1	PP_4406
WP_010954597.1	WP_010954597.1	PP_3766
WP_010954187.1	WP_010954187.1	PP_3308
WP_010953907.1	WP_010953907.1	PP_3007
WP_010953146.1	WP_010953146.1	PP_2159
WP_010952934.1	WP_010952934.1	PP_1910
WP_003255365.1	WP_003255365.1	PP_0538
WP_003254832.1	WP_003254832.1	PP_1168
WP_003253129.1	WP_003253129.1	PP_0059
WP_061405639.1	WP_061405639.1	PP_5551
WP_049588516.1	WP_049588516.1	PP_1093
WP_010954264.1	WP_010954264.1	PP_3392
WP_010954025.1	WP_010954025.1	PP_3136
WP_010953640.1	WP_010953640.1	PP_2724
WP_010952866.1	WP_010952866.1	PP_1834
WP_010952796.1	WP_010952796.1	PP_1756
WP_010952554.1	WP_010952554.1	PP_1454
WP_010952490.1	WP_010952490.1	PP_1382
WP_010952366.1	WP_010952366.1	PP_1215
WP_010952148.1	WP_010952148.1	PP_0956
WP_003255131.1	WP_003255131.1	PP_0954
WP_020193020.1	WP_020193020.1	PP_3154
WP_010955249.1	WP_010955249.1	PP_4580
WP_010952065.1	WP_010952065.1	PP_0845
WP_004577197.1	WP_004577197.1	PP_2888
WP_003255152.1	WP_003255152.1	PP_0941
WP_003252463.1	WP_003252463.1	PP_1678
WP_049587643.1	WP_049587643.1	PP_5531
WP_049586603.1	WP_049586603.1	PP_5713
WP_049586116.1	WP_049586116.1	PP_5555
WP_049586088.1	WP_049586088.1	PP_3089
WP_020192124.1	WP_020192124.1	PP_3609
WP_010955625.1	WP_010955625.1	PP_5079
WP_010955495.1	WP_010955495.1	PP_4913
WP_010954397.1	WP_010954397.1	PP_3541
WP_010953859.1	WP_010953859.1	PP_2959
WP_010951709.1	WP_010951709.1	PP_0357
WP_010951704.1	WP_010951704.1	PP_0352
WP_003254698.1	WP_003254698.1	PP_4600
WP_003249313.1	WP_003249313.1	PP_4997
WP_003247385.1	WP_003247385.1	PP_0737
WP_172835030.1	WP_172835030.1	PP_3875
WP_049587599.1	WP_049587599.1	PP_2405
WP_010955668.1	WP_010955668.1	PP_5132
WP_010955452.1	WP_010955452.1	PP_4846
WP_010955031.1	WP_010955031.1	PP_4287
WP_010954872.1	WP_010954872.1	PP_4082
WP_010954862.1	WP_010954862.1	PP_4070
WP_010954699.1	WP_010954699.1	PP_3873
WP_010953535.1	WP_010953535.1	PP_2615
WP_010951952.1	WP_010951952.1	PP_0704
WP_003251509.1	WP_003251509.1	PP_4174
WP_003248857.1	WP_003248857.1	PP_2182
WP_003248773.1	WP_003248773.1	PP_2140
WP_003247609.1	WP_003247609.1	PP_0604
WP_020191397.1	WP_020191397.1	PP_0505
WP_010955275.1	WP_010955275.1	PP_4611
WP_010954430.1	WP_010954430.1	PP_3577
WP_003255059.1	WP_003255059.1	PP_1008
WP_049587522.1	WP_049587522.1	PP_5503
WP_049586913.1	WP_049586913.1	PP_5480
WP_049586258.1	WP_049586258.1	PP_2697
WP_010954127.1	WP_010954127.1	PP_3243
WP_010953959.1	WP_010953959.1	PP_3060
WP_010951738.1	WP_010951738.1	PP_0393
WP_049587706.1	WP_049587706.1	PP_5605
WP_010953984.1	WP_010953984.1	PP_3086
WP_010952582.1	WP_010952582.1	PP_1489
WP_010951575.1	WP_010951575.1	PP_0190
WP_003253111.1	WP_003253111.1	PP_0068
WP_003248609.1	WP_003248609.1	PP_0809
WP_049588107.1	WP_049588107.1	PP_0162
WP_049587859.1	WP_049587859.1	PP_3312
WP_010955689.1	WP_010955689.1	PP_5158
WP_010954866.1	WP_010954866.1	PP_4074
WP_010954177.1	WP_010954177.1	PP_3298
WP_010953544.1	WP_010953544.1	PP_2624
WP_010953319.1	WP_010953319.1	PP_2360
WP_010953261.1	WP_010953261.1	PP_2289
WP_010952947.1	WP_010952947.1	PP_1926
WP_010951803.1	WP_010951803.1	PP_0520
WP_003254333.1	WP_003254333.1	PP_4288
WP_003253926.1	WP_003253926.1	PP_2846
WP_003252311.1	WP_003252311.1	PP_1600
WP_010954689.1	WP_010954689.1	PP_3862
WP_010954437.1	WP_010954437.1	PP_3587
WP_010954125.1	WP_010954125.1	PP_3241
WP_010953916.1	WP_010953916.1	PP_3017
WP_010953805.1	WP_010953805.1	PP_2903
WP_010953616.1	WP_010953616.1	PP_2700
WP_010952668.1	WP_010952668.1	PP_1584
WP_010951688.1	WP_010951688.1	PP_0333
WP_003255497.1	WP_003255497.1	PP_0445
WP_003255465.1	WP_003255465.1	PP_0471
WP_003255393.1	WP_003255393.1	PP_0518
WP_003254755.1	WP_003254755.1	PP_1223
WP_003251444.1	WP_003251444.1	PP_4127
WP_003249394.1	WP_003249394.1	PP_4958
WP_049586822.1	WP_049586822.1	PP_5489
WP_010955251.1	WP_010955251.1	PP_4582
WP_010955083.1	WP_010955083.1	PP_4359
WP_010951933.1	WP_010951933.1	PP_0676
WP_003251433.1	WP_003251433.1	PP_4122
WP_003251394.1	WP_003251394.1	PP_4105
WP_003250486.1	WP_003250486.1	PP_2415
WP_003250295.1	WP_003250295.1	PP_2326
WP_049586831.1	WP_049586831.1	PP_5485
WP_010954548.1	WP_010954548.1	PP_3712
WP_010953039.1	WP_010953039.1	PP_2030
WP_010952701.1	WP_010952701.1	PP_1639
WP_010952283.1	WP_010952283.1	PP_1120
WP_003250391.1	WP_003250391.1	PP_2370
WP_049588141.1	WP_049588141.1	PP_2583
WP_049587597.1	WP_049587597.1	PP_2397
WP_049587214.1	WP_049587214.1	PP_1660
WP_049587103.1	WP_049587103.1	PP_4669
WP_010955170.1	WP_010955170.1	PP_4468
WP_010953644.1	WP_010953644.1	PP_2728
WP_010953085.1	WP_010953085.1	PP_2084
WP_003253304.1	WP_003253304.1	PP_5336
WP_003250040.1	WP_003250040.1	PP_4679
WP_003248542.1	WP_003248542.1	PP_0841
WP_049588370.1	WP_049588370.1	PP_5738
WP_049588270.1	WP_049588270.1	PP_4272
WP_049587457.1	WP_049587457.1	PP_4886
WP_010955754.1	WP_010955754.1	PP_5238
WP_010955688.1	WP_010955688.1	PP_5157
WP_010953647.1	WP_010953647.1	PP_2733
WP_010953355.1	WP_010953355.1	PP_2400
WP_010953283.1	WP_010953283.1	PP_2315
WP_010953204.1	WP_010953204.1	PP_2227
WP_010952902.1	WP_010952902.1	PP_1874
WP_003255161.1	WP_003255161.1	PP_0935
WP_003255094.1	WP_003255094.1	PP_0984
WP_003253520.1	WP_003253520.1	PP_5271
WP_003247492.1	WP_003247492.1	PP_0679
WP_003247486.1	WP_003247486.1	PP_0682
WP_061405684.1	WP_061405684.1	PP_5652
WP_049587645.1	WP_049587645.1	PP_2506
WP_049587164.1	WP_049587164.1	PP_2532
WP_010955660.1	WP_010955660.1	PP_5123
WP_010955658.1	WP_010955658.1	PP_5121
WP_010955227.1	WP_010955227.1	PP_4554
WP_010954879.1	WP_010954879.1	PP_4094
WP_010954489.1	WP_010954489.1	PP_3647
WP_010954485.1	WP_010954485.1	PP_3643
WP_010954049.1	WP_010954049.1	PP_3162
WP_010953489.1	WP_010953489.1	PP_2562
WP_010952655.1	WP_010952655.1	PP_1571
WP_010952152.1	WP_010952152.1	PP_0960
WP_003254485.1	WP_003254485.1	PP_4400
WP_003253263.1	WP_003253263.1	PP_5356
WP_003253002.1	WP_003253002.1	PP_0119
WP_003251890.1	WP_003251890.1	PP_1352
WP_003249653.1	WP_003249653.1	PP_4836
WP_003249206.1	WP_003249206.1	PP_5053
WP_003248496.1	WP_003248496.1	PP_0865
WP_003247325.1	WP_003247325.1	PP_0776
WP_232014084.1	WP_232014084.1	PP_2268
WP_162490568.1	WP_162490568.1	PP_2340
WP_049587403.1	WP_049587403.1	PP_1535
WP_049586451.1	WP_049586451.1	PP_0912
WP_010955722.1	WP_010955722.1	PP_5198
WP_010953337.1	WP_010953337.1	PP_2380
WP_010953168.1	WP_010953168.1	PP_2183
WP_010953152.1	WP_010953152.1	PP_2166
WP_010952695.1	WP_010952695.1	PP_1628
WP_010952255.1	WP_010952255.1	PP_1089
WP_010951873.1	WP_010951873.1	PP_0607
WP_010951626.1	WP_010951626.1	PP_0255
WP_004575870.1	WP_004575870.1	PP_0777
WP_003252489.1	WP_003252489.1	PP_1690
WP_003251519.1	WP_003251519.1	PP_4180
WP_003249914.1	WP_003249914.1	PP_4733
WP_003248355.1	WP_003248355.1	PP_3098
WP_003247105.1	WP_003247105.1	PP_1877
WP_049588524.1	WP_049588524.1	PP_1119
WP_049586060.1	WP_049586060.1	PP_5579
WP_012051365.1	WP_012051365.1	PP_1035
WP_010955394.1	WP_010955394.1	PP_4769
WP_010955348.1	WP_010955348.1	PP_4698
WP_010954962.1	WP_010954962.1	PP_4207
WP_010954471.1	WP_010954471.1	PP_3629
WP_010954340.1	WP_010954340.1	PP_3477
WP_010954310.1	WP_010954310.1	PP_3444
WP_010954276.1	WP_010954276.1	PP_3406
WP_010953971.1	WP_010953971.1	PP_3072
WP_010953890.1	WP_010953890.1	PP_2990
WP_010953884.1	WP_010953884.1	PP_2984
WP_010953367.1	WP_010953367.1	PP_2414
WP_010953175.1	WP_010953175.1	PP_2191
WP_010952662.1	WP_010952662.1	PP_1578
WP_010952058.1	WP_010952058.1	PP_0830
WP_010951579.1	WP_010951579.1	PP_0195
WP_003254393.1	WP_003254393.1	PP_4332
WP_003251803.1	WP_003251803.1	PP_1307
WP_003249017.1	WP_003249017.1	PP_5146
WP_049586064.1	WP_049586064.1	PP_5576
WP_024717413.1	WP_024717413.1	PP_4722
WP_020190010.1	WP_020190010.1	PP_5435
WP_014589713.1	WP_014589713.1	PP_0797
WP_010955687.1	WP_010955687.1	PP_5156
WP_010954963.1	WP_010954963.1	PP_4208
WP_010954945.1	WP_010954945.1	PP_4181
WP_010953850.1	WP_010953850.1	PP_2950
WP_010953130.1	WP_010953130.1	PP_2142
WP_010952653.1	WP_010952653.1	PP_1569
WP_010952161.1	WP_010952161.1	PP_0971
WP_003255395.1	WP_003255395.1	PP_0517
WP_003254376.1	WP_003254376.1	PP_5748
WP_003251120.1	WP_003251120.1	PP_3946
WP_003249795.1	WP_003249795.1	PP_4776
WP_049586314.1	WP_049586314.1	PP_2938
WP_020191309.1	WP_020191309.1	PP_1115
WP_010955408.1	WP_010955408.1	PP_4788
WP_010954764.1	WP_010954764.1	PP_3947
WP_010954405.1	WP_010954405.1	PP_3550
WP_010953500.1	WP_010953500.1	PP_2575
WP_010953456.1	WP_010953456.1	PP_2526
WP_010952375.1	WP_010952375.1	PP_1235
WP_010952363.1	WP_010952363.1	PP_1210
WP_010951991.1	WP_010951991.1	PP_0748
WP_004575922.1	WP_004575922.1	PP_0274
WP_003254948.1	WP_003254948.1	PP_1082
WP_003252342.1	WP_003252342.1	PP_1618
WP_003249523.1	WP_003249523.1	PP_4898
WP_003249336.1	WP_003249336.1	PP_4987
WP_049586835.1	WP_049586835.1	PP_1928
WP_049586807.1	WP_049586807.1	PP_5494
WP_049586520.1	WP_049586520.1	PP_5618
WP_019751835.1	WP_019751835.1	PP_3525
WP_014591718.1	WP_014591718.1	PP_2223
WP_010955888.1	WP_010955888.1	PP_5417
WP_010955714.1	WP_010955714.1	PP_5188
WP_010955253.1	WP_010955253.1	PP_4585
WP_010954235.1	WP_010954235.1	PP_3359
WP_010954194.1	WP_010954194.1	PP_3315
WP_010953632.1	WP_010953632.1	PP_2716
WP_010952885.1	WP_010952885.1	PP_1854
WP_010952696.1	WP_010952696.1	PP_1630
WP_010952658.1	WP_010952658.1	PP_1574
WP_010951848.1	WP_010951848.1	PP_0575
WP_010951817.1	WP_010951817.1	PP_0536
WP_010951666.1	WP_010951666.1	PP_0301
WP_010951530.1	WP_010951530.1	PP_0136
WP_003255887.1	WP_003255887.1	PP_0191
WP_003254957.1	WP_003254957.1	PP_1077
WP_003254624.1	WP_003254624.1	PP_4552
WP_003251775.1	WP_003251775.1	PP_1292
WP_003251685.1	WP_003251685.1	PP_4615
WP_003247361.1	WP_003247361.1	PP_0749
WP_003246741.1	WP_003246741.1	PP_0450
WP_049588231.1	WP_049588231.1	PP_4151
WP_049586299.1	WP_049586299.1	PP_5582
WP_029615633.1	WP_029615633.1	PP_4357
WP_014589844.1	WP_014589844.1	PP_0990
WP_010955132.1	WP_010955132.1	PP_4424
WP_010955106.1	WP_010955106.1	PP_4396
WP_010952556.1	WP_010952556.1	PP_1456
WP_010952397.1	WP_010952397.1	PP_1267
WP_004374446.1	WP_004374446.1	PP_3246
WP_003249722.1	WP_003249722.1	PP_4808
WP_003248404.1	WP_003248404.1	PP_3107
WP_049587885.1	WP_049587885.1	PP_3261
WP_010953638.1	WP_010953638.1	PP_2722
WP_010952706.1	WP_010952706.1	PP_1646
WP_010952405.1	WP_010952405.1	PP_1275
WP_010952286.1	WP_010952286.1	PP_1124
WP_010951876.1	WP_010951876.1	PP_0610
WP_009684613.1	WP_009684613.1	PP_1131
WP_004575950.1	WP_004575950.1	PP_1903
WP_003255449.1	WP_003255449.1	PP_0482
WP_003255402.1	WP_003255402.1	PP_0513
WP_003255137.1	WP_003255137.1	PP_0950
WP_049587015.1	WP_049587015.1	PP_5696
WP_049586986.1	WP_049586986.1	PP_4595
WP_049586545.1	WP_049586545.1	PP_5626
WP_010954790.1	WP_010954790.1	PP_3975
WP_010954546.1	WP_010954546.1	PP_3710
WP_010953957.1	WP_010953957.1	PP_3058
WP_010953594.1	WP_010953594.1	PP_2675
WP_010953414.1	WP_010953414.1	PP_2477
WP_010952473.1	WP_010952473.1	PP_1359
WP_010952343.1	WP_010952343.1	PP_1190
WP_010952141.1	WP_010952141.1	PP_0945
WP_010951941.1	WP_010951941.1	PP_0692
WP_010951833.1	WP_010951833.1	PP_0559
WP_010951733.1	WP_010951733.1	PP_0384
WP_003250360.1	WP_003250360.1	PP_2355
WP_003249209.1	WP_003249209.1	PP_5052
WP_049588045.1	WP_049588045.1	PP_0201
WP_049587655.1	WP_049587655.1	PP_5535
WP_049587482.1	WP_049587482.1	PP_4970
WP_049587364.1	WP_049587364.1	PP_1417
WP_049586995.1	WP_049586995.1	PP_4567
WP_049586159.1	WP_049586159.1	PP_2898
WP_010954934.1	WP_010954934.1	PP_4167
WP_010954733.1	WP_010954733.1	PP_3907
WP_010953896.1	WP_010953896.1	PP_2996
WP_010953560.1	WP_010953560.1	PP_2640
WP_010952629.1	WP_010952629.1	PP_1545
WP_010952531.1	WP_010952531.1	PP_1425
WP_003255360.1	WP_003255360.1	PP_0541
WP_003249960.1	WP_003249960.1	PP_4714
WP_051122574.1	WP_051122574.1	PP_5614
WP_049587991.1	WP_049587991.1	PP_1192
WP_010955857.1	WP_010955857.1	PP_5377
WP_010955791.1	WP_010955791.1	PP_5286
WP_010955428.1	WP_010955428.1	PP_4817
WP_010954193.1	WP_010954193.1	PP_3314
WP_010953900.1	WP_010953900.1	PP_3000
WP_010952890.1	WP_010952890.1	PP_1860
WP_010952664.1	WP_010952664.1	PP_1580
WP_010951945.1	WP_010951945.1	PP_0697
WP_010951906.1	WP_010951906.1	PP_0648
WP_010951841.1	WP_010951841.1	PP_0568
WP_010951834.1	WP_010951834.1	PP_0560
WP_010951632.1	WP_010951632.1	PP_0262
WP_004575120.1	WP_004575120.1	PP_1328
WP_003256023.1	WP_003256023.1	PP_3621
WP_003254379.1	WP_003254379.1	PP_4323
WP_003251875.1	WP_003251875.1	PP_1344
WP_003251656.1	WP_003251656.1	PP_4628
WP_003247276.1	WP_003247276.1	PP_2060
WP_049587459.1	WP_049587459.1	PP_4887
WP_049587318.1	WP_049587318.1	PP_1276
WP_014592810.1	WP_014592810.1	PP_5221
WP_010955531.1	WP_010955531.1	PP_4956
WP_010955087.1	WP_010955087.1	PP_4365
WP_010953056.1	WP_010953056.1	PP_2050
WP_010951563.1	WP_010951563.1	PP_0175
WP_003256079.1	WP_003256079.1	PP_3654
WP_003254764.1	WP_003254764.1	PP_1218
WP_003254760.1	WP_003254760.1	PP_1220
WP_003249480.1	WP_003249480.1	PP_4918
WP_049587361.1	WP_049587361.1	PP_5470
WP_014590031.1	WP_014590031.1	PP_4587
WP_012053750.1	WP_012053750.1	PP_4721
WP_010955729.1	WP_010955729.1	PP_5205
WP_010953242.1	WP_010953242.1	PP_2269
WP_010951909.1	WP_010951909.1	PP_0651
WP_003250525.1	WP_003250525.1	PP_2433
WP_003250469.1	WP_003250469.1	PP_2407
WP_003249580.1	WP_003249580.1	PP_4870
WP_061405699.1	WP_061405699.1	PP_5691
WP_029615462.1	WP_029615462.1	PP_2739
WP_020191400.1	WP_020191400.1	PP_0512
WP_010954625.1	WP_010954625.1	PP_3795
WP_010952421.1	WP_010952421.1	PP_1294
WP_010952399.1	WP_010952399.1	PP_1269
WP_003253286.1	WP_003253286.1	PP_5344
WP_003251460.1	WP_003251460.1	PP_4142
WP_003250009.1	WP_003250009.1	PP_4693
WP_003249568.1	WP_003249568.1	PP_4874
WP_049587911.1	WP_049587911.1	PP_3193
WP_049587424.1	WP_049587424.1	PP_1583
WP_049586679.1	WP_049586679.1	PP_2073
WP_020190213.1	WP_020190213.1	PP_2987
WP_019437397.1	WP_019437397.1	PP_1982
WP_014589364.1	WP_014589364.1	PP_5439
WP_010955676.1	WP_010955676.1	PP_5140
WP_010954885.1	WP_010954885.1	PP_4101
WP_010954041.1	WP_010954041.1	PP_3153
WP_010953158.1	WP_010953158.1	PP_2172
WP_010951791.1	WP_010951791.1	PP_0502
WP_003254469.1	WP_003254469.1	PP_4390
WP_049587553.1	WP_049587553.1	PP_5513
WP_010955037.1	WP_010955037.1	PP_4296
WP_010954816.1	WP_010954816.1	PP_4013
WP_010954160.1	WP_010954160.1	PP_3281
WP_010953124.1	WP_010953124.1	PP_2132
WP_010951629.1	WP_010951629.1	PP_0258
WP_010951625.1	WP_010951625.1	PP_0254
WP_004374903.1	WP_004374903.1	PP_3362
WP_003252314.1	WP_003252314.1	PP_1602
WP_049588519.1	WP_049588519.1	PP_5464
WP_049587866.1	WP_049587866.1	PP_3295
WP_049586805.1	WP_049586805.1	PP_5495
WP_049586722.1	WP_049586722.1	PP_4833
WP_010955603.1	WP_010955603.1	PP_5051
WP_010955198.1	WP_010955198.1	PP_4515
WP_010953903.1	WP_010953903.1	PP_3003
WP_010953764.1	WP_010953764.1	PP_2858
WP_010953281.1	WP_010953281.1	PP_2313
WP_010953185.1	WP_010953185.1	PP_2202
WP_010952766.1	WP_010952766.1	PP_1715
WP_010952708.1	WP_010952708.1	PP_1648
WP_010952632.1	WP_010952632.1	PP_1548
WP_010952432.1	WP_010952432.1	PP_1309
WP_010951921.1	WP_010951921.1	PP_0663
WP_010951871.1	WP_010951871.1	PP_0605
WP_010951586.1	WP_010951586.1	PP_0202
WP_003254357.1	WP_003254357.1	PP_4308
WP_003250527.1	WP_003250527.1	PP_2434
WP_003249262.1	WP_003249262.1	PP_5027
WP_003248762.1	WP_003248762.1	PP_2133
WP_060489058.1	WP_060489058.1	PP_5722
WP_049587864.1	WP_049587864.1	PP_3296
WP_049587855.1	WP_049587855.1	PP_3321
WP_010955641.1	WP_010955641.1	PP_5099
WP_010955616.1	WP_010955616.1	PP_5069
WP_010955081.1	WP_010955081.1	PP_4356
WP_010954953.1	WP_010954953.1	PP_4196
WP_010952926.1	WP_010952926.1	PP_1899
WP_003255461.1	WP_003255461.1	PP_0473
WP_003254997.1	WP_003254997.1	PP_1049
WP_003249916.1	WP_003249916.1	PP_4732
WP_003247186.1	WP_003247186.1	PP_1980
WP_049588119.1	WP_049588119.1	PP_5447
WP_010955444.1	WP_010955444.1	PP_4837
WP_010954873.1	WP_010954873.1	PP_4084
WP_010954313.1	WP_010954313.1	PP_3447
WP_010953107.1	WP_010953107.1	PP_2108
WP_010952225.1	WP_010952225.1	PP_1050
WP_003255500.1	WP_003255500.1	PP_0443
WP_003251830.1	WP_003251830.1	PP_1321
WP_061405710.1	WP_061405710.1	PP_5711
WP_049587773.1	WP_049587773.1	PP_3890
WP_049587108.1	WP_049587108.1	PP_3512
WP_010955290.1	WP_010955290.1	PP_4629
WP_010953879.1	WP_010953879.1	PP_2979
WP_010953227.1	WP_010953227.1	PP_2251
WP_010953186.1	WP_010953186.1	PP_2203
WP_010952889.1	WP_010952889.1	PP_1859
WP_010952168.1	WP_010952168.1	PP_0979
WP_003253367.1	WP_003253367.1	PP_5307
WP_003251819.1	WP_003251819.1	PP_1315
WP_003251237.1	WP_003251237.1	PP_4018
WP_003247665.1	WP_003247665.1	PP_3614
WP_049588238.1	WP_049588238.1	PP_5658
WP_014589472.1	WP_014589472.1	PP_0439
WP_012052184.1	WP_012052184.1	PP_3423
WP_010955681.1	WP_010955681.1	PP_5148
WP_010955563.1	WP_010955563.1	PP_4996
WP_010955229.1	WP_010955229.1	PP_4556
WP_010954172.1	WP_010954172.1	PP_3293
WP_010953574.1	WP_010953574.1	PP_2654
WP_010953397.1	WP_010953397.1	PP_2450
WP_010951764.1	WP_010951764.1	PP_0431
WP_003253070.1	WP_003253070.1	PP_0089
WP_003249557.1	WP_003249557.1	PP_4877
WP_003248526.1	WP_003248526.1	PP_0849
WP_126404397.1	WP_126404397.1	PP_5734
WP_049588493.1	WP_049588493.1	PP_1045
WP_010954389.1	WP_010954389.1	PP_3532
WP_010954380.1	WP_010954380.1	PP_3522
WP_010952638.1	WP_010952638.1	PP_1554
WP_004376171.1	WP_004376171.1	PP_0425
WP_003254001.1	WP_003254001.1	PP_2738
WP_049587386.1	WP_049587386.1	PP_5471
WP_049587229.1	WP_049587229.1	PP_1692
WP_014592516.1	WP_014592516.1	PP_4773
WP_010955886.1	WP_010955886.1	PP_5412
WP_010955634.1	WP_010955634.1	PP_5091
WP_010955571.1	WP_010955571.1	PP_5008
WP_010955303.1	WP_010955303.1	PP_4645
WP_010955018.1	WP_010955018.1	PP_4273
WP_010953837.1	WP_010953837.1	PP_2937
WP_010952360.1	WP_010952360.1	PP_1207
WP_010951805.1	WP_010951805.1	PP_0523
WP_010951446.1	WP_010951446.1	PP_0035
WP_009685825.1	WP_009685825.1	PP_4809
WP_003252372.1	WP_003252372.1	PP_1633
WP_003250810.1	WP_003250810.1	PP_2568
WP_371321092.1	WP_004576370.1	PP_0249
WP_061405685.1	WP_061405685.1	PP_5654
WP_049588079.1	WP_049588079.1	PP_0307
WP_049587883.1	WP_049587883.1	PP_5595
WP_014590706.1	WP_014590706.1	PP_3574
WP_010955189.1	WP_010955189.1	PP_4504
WP_010954772.1	WP_010954772.1	PP_3956
WP_010954217.1	WP_010954217.1	PP_3341
WP_003254373.1	WP_003254373.1	PP_4319
WP_232014082.1	WP_232014082.1	PP_2294
WP_049587557.1	WP_049587557.1	PP_5514
WP_049586170.1	WP_049586170.1	PP_2863
WP_010955605.1	WP_010955605.1	PP_5055
WP_010955354.1	WP_010955354.1	PP_4705
WP_010954723.1	WP_010954723.1	PP_3897
WP_010954664.1	WP_010954664.1	PP_3837
WP_010954206.1	WP_010954206.1	PP_3328
WP_010953846.1	WP_010953846.1	PP_2946
WP_010953445.1	WP_010953445.1	PP_2511
WP_010952704.1	WP_010952704.1	PP_1643
WP_010952235.1	WP_010952235.1	PP_1062
WP_010952188.1	WP_010952188.1	PP_1004
WP_010951496.1	WP_010951496.1	PP_0092
WP_010951495.1	WP_010951495.1	PP_0091
WP_003255479.1	WP_003255479.1	PP_0461
WP_003252223.1	WP_003252223.1	PP_1503
WP_003251427.1	WP_003251427.1	PP_4119
WP_003247970.1	WP_003247970.1	PP_3473
WP_049587546.1	WP_049587546.1	PP_5509
WP_010955103.1	WP_010955103.1	PP_4391
WP_010954867.1	WP_010954867.1	PP_4076
WP_010953542.1	WP_010953542.1	PP_2622
WP_010952919.1	WP_010952919.1	PP_1892
WP_010951907.1	WP_010951907.1	PP_0649
WP_010951892.1	WP_010951892.1	PP_0634
WP_004576995.1	WP_004576995.1	PP_0585
WP_003253652.1	WP_003253652.1	PP_5223
WP_003252266.1	WP_003252266.1	PP_1528
WP_010955890.1	WP_010955890.1	PP_5420
WP_010955839.1	WP_010955839.1	PP_5354
WP_010954215.1	WP_010954215.1	PP_3339
WP_010952562.1	WP_010952562.1	PP_1466
WP_010951459.1	WP_010951459.1	PP_0050
WP_004577113.1	WP_004577113.1	PP_4314
WP_049587000.1	WP_049587000.1	PP_4558
WP_049586516.1	WP_049586516.1	PP_5616
WP_033723760.1	WP_033723760.1	PP_5267
WP_017148090.1	WP_017148090.1	PP_0673
WP_014592116.1	WP_014592116.1	PP_1647
WP_010953730.1	WP_010953730.1	PP_2821
WP_010952736.1	WP_010952736.1	PP_1683
WP_003253671.1	WP_003253671.1	PP_5209
WP_003253166.1	WP_003253166.1	PP_0008
WP_003250099.1	WP_003250099.1	PP_2220
WP_003249922.1	WP_003249922.1	PP_4730
WP_003249225.1	WP_003249225.1	PP_5042
WP_153428583.1	WP_153428583.1	PP_5424
WP_049588409.1	WP_049588409.1	PP_0148
WP_049587734.1	WP_049587734.1	PP_3967
WP_049586753.1	WP_049586753.1	PP_5676
WP_012051310.1	WP_012051310.1	PP_0943
WP_010955560.1	WP_010955560.1	PP_4992
WP_010954639.1	WP_010954639.1	PP_3810
WP_010954337.1	WP_010954337.1	PP_3474
WP_003255812.1	WP_003255812.1	PP_0250
WP_003254235.1	WP_003254235.1	PP_4204
WP_003249362.1	WP_003249362.1	PP_4975
WP_061405669.1	WP_061405669.1	PP_5624
WP_020193781.1	WP_020193781.1	PP_5706
WP_010954581.1	WP_010954581.1	PP_3748
WP_010954149.1	WP_010954149.1	PP_3268
WP_010953899.1	WP_010953899.1	PP_2999
WP_010952886.1	WP_010952886.1	PP_1855
WP_010952100.1	WP_010952100.1	PP_0894
WP_003253317.1	WP_003253317.1	PP_5331
WP_003252249.1	WP_003252249.1	PP_1519
WP_003250646.1	WP_003250646.1	PP_2459
WP_003249967.1	WP_003249967.1	PP_4711
WP_003247847.1	WP_003247847.1	PP_3539
WP_014590069.1	WP_014590069.1	PP_4528
WP_010955062.1	WP_010955062.1	PP_4331
WP_010952901.1	WP_010952901.1	PP_1873
WP_003254447.1	WP_003254447.1	PP_4375
WP_061405700.1	WP_061405700.1	PP_5692
WP_049587373.1	WP_049587373.1	PP_1442
WP_049586826.1	WP_049586826.1	PP_5487
WP_049586816.1	WP_049586816.1	PP_5492
WP_010955541.1	WP_010955541.1	PP_4969
WP_010954752.1	WP_010954752.1	PP_3930
WP_010954742.1	WP_010954742.1	PP_3916
WP_010953160.1	WP_010953160.1	PP_2174
WP_010952489.1	WP_010952489.1	PP_1381
WP_003255471.1	WP_003255471.1	PP_0468
WP_003253259.1	WP_003253259.1	PP_5358
WP_003251821.1	WP_003251821.1	PP_1316
WP_003251188.1	WP_003251188.1	PP_3993
WP_003249284.1	WP_003249284.1	PP_5014
WP_126404334.1	WP_126404334.1	PP_5680
WP_049587845.1	WP_049587845.1	PP_5600
WP_049587839.1	WP_049587839.1	PP_3336
WP_049587628.1	WP_049587628.1	PP_5523
WP_049586379.1	WP_049586379.1	PP_0710
WP_010955443.1	WP_010955443.1	PP_4835
WP_010954884.1	WP_010954884.1	PP_4100
WP_010951905.1	WP_010951905.1	PP_0647
WP_010951877.1	WP_010951877.1	PP_0611
WP_003256073.1	WP_003256073.1	PP_3648
WP_003255454.1	WP_003255454.1	PP_0477
WP_232014129.1	WP_232014129.1	PP_3752
WP_031297681.1	WP_031297681.1	PP_2973
WP_020190465.1	WP_020190465.1	PP_3409
WP_014861457.1	WP_014861457.1	PP_0821
WP_010955544.1	WP_010955544.1	PP_4972
WP_010955288.1	WP_010955288.1	PP_4626
WP_010954886.1	WP_010954886.1	PP_4102
WP_010954688.1	WP_010954688.1	PP_3861
WP_010953854.1	WP_010953854.1	PP_2954
WP_010953668.1	WP_010953668.1	PP_2756
WP_010953073.1	WP_010953073.1	PP_2071
WP_010953050.1	WP_010953050.1	PP_2044
WP_010952628.1	WP_010952628.1	PP_1544
WP_010952229.1	WP_010952229.1	PP_1054
WP_010952115.1	WP_010952115.1	PP_0911
WP_010951859.1	WP_010951859.1	PP_0587
WP_008091902.1	WP_008091902.1	PP_4193
WP_003255451.1	WP_003255451.1	PP_0480
WP_003251914.1	WP_003251914.1	PP_1363
WP_003250815.1	WP_003250815.1	PP_2573
WP_003248539.1	WP_003248539.1	PP_0843
WP_049587761.1	WP_049587761.1	PP_3905
WP_049587034.1	WP_049587034.1	PP_5690
WP_010955718.1	WP_010955718.1	PP_5193
WP_010954740.1	WP_010954740.1	PP_3914
WP_010954737.1	WP_010954737.1	PP_3911
WP_010954247.1	WP_010954247.1	PP_3374
WP_010952646.1	WP_010952646.1	PP_1562
WP_010952620.1	WP_010952620.1	PP_1536
WP_010952175.1	WP_010952175.1	PP_0989
WP_010951620.1	WP_010951620.1	PP_0244
WP_003253954.1	WP_003253954.1	PP_2788
WP_003248590.1	WP_003248590.1	PP_0819
WP_049587928.1	WP_049587928.1	PP_3333
WP_049587423.1	WP_049587423.1	PP_5475
WP_010955845.1	WP_010955845.1	PP_5362
WP_010954186.1	WP_010954186.1	PP_3307
WP_010953799.1	WP_010953799.1	PP_2896
WP_010953211.1	WP_010953211.1	PP_2235
WP_010952880.1	WP_010952880.1	PP_1849
WP_009684531.1	WP_009684531.1	PP_5303
WP_004577524.1	WP_004577524.1	PP_3496
WP_003255559.1	WP_003255559.1	PP_0400
WP_003254641.1	WP_003254641.1	PP_4562
WP_020193613.1	WP_020193613.1	PP_3337
WP_020192194.1	WP_020192194.1	PP_2646
WP_010955576.1	WP_010955576.1	PP_5017
WP_010955565.1	WP_010955565.1	PP_5002
WP_010954907.1	WP_010954907.1	PP_4133
WP_010954367.1	WP_010954367.1	PP_3509
WP_010953223.1	WP_010953223.1	PP_2247
WP_010952612.1	WP_010952612.1	PP_1523
WP_010952478.1	WP_010952478.1	PP_1366
WP_003256176.1	WP_003256176.1	PP_3757
WP_049587455.1	WP_049587455.1	PP_5717
WP_010955807.1	WP_010955807.1	PP_5312
WP_010955070.1	WP_010955070.1	PP_4340
WP_010954933.1	WP_010954933.1	PP_4166
WP_010954700.1	WP_010954700.1	PP_3874
WP_010953802.1	WP_010953802.1	PP_2900
WP_010953103.1	WP_010953103.1	PP_2104
WP_010952129.1	WP_010952129.1	PP_0929
WP_003251205.1	WP_003251205.1	PP_4001
WP_003247965.1	WP_003247965.1	PP_3476
WP_020190123.1	WP_020190123.1	PP_5319
WP_020190054.1	WP_020190054.1	PP_1324
WP_010955645.1	WP_010955645.1	PP_5106
WP_010954668.1	WP_010954668.1	PP_3841
WP_010954192.1	WP_010954192.1	PP_3313
WP_010953475.1	WP_010953475.1	PP_2546
WP_010952857.1	WP_010952857.1	PP_1822
WP_003255492.1	WP_003255492.1	PP_0449
WP_003255318.1	WP_003255318.1	PP_0566
WP_003254676.1	WP_003254676.1	PP_4584
WP_003254071.1	WP_003254071.1	PP_2689
WP_003253236.1	WP_003253236.1	PP_5369
WP_049588499.1	WP_049588499.1	PP_1051
WP_049588478.1	WP_049588478.1	PP_0998
WP_010955756.1	WP_010955756.1	PP_5240
WP_010953909.1	WP_010953909.1	PP_3010
WP_010953277.1	WP_010953277.1	PP_2309
WP_010953198.1	WP_010953198.1	PP_2219
WP_010952656.1	WP_010952656.1	PP_1572
WP_010952645.1	WP_010952645.1	PP_1561
WP_010951773.1	WP_010951773.1	PP_0441
WP_003254214.1	WP_003254214.1	PP_4192
WP_003253399.1	WP_003253399.1	PP_5293
WP_003252539.1	WP_003252539.1	PP_1717
WP_002555479.1	WP_002555479.1	PP_0464
WP_014592050.1	WP_014592050.1	PP_1739
WP_014591145.1	WP_014591145.1	PP_2947
WP_010955201.1	WP_010955201.1	PP_4518
WP_010954529.1	WP_010954529.1	PP_3693
WP_010952700.1	WP_010952700.1	PP_1636
WP_010952167.1	WP_010952167.1	PP_0978
WP_003255496.1	WP_003255496.1	PP_0446
WP_003250107.1	WP_003250107.1	PP_2225
WP_003249327.1	WP_003249327.1	PP_4991
WP_049586734.1	WP_049586734.1	PP_4816
WP_029615590.1	WP_029615590.1	PP_4642
WP_020192890.1	WP_020192890.1	PP_5244
WP_010954908.1	WP_010954908.1	PP_4134
WP_010953938.1	WP_010953938.1	PP_3039
WP_010953865.1	WP_010953865.1	PP_2965
WP_010952757.1	WP_010952757.1	PP_1706
WP_003251220.1	WP_003251220.1	PP_4009
WP_232014075.1	WP_232014075.1	PP_5558
WP_049586353.1	WP_049586353.1	PP_5454
WP_047605158.1	WP_047605158.1	PP_2864
WP_012053641.1	WP_012053641.1	PP_1364
WP_010955862.1	WP_010955862.1	PP_5382
WP_010955786.1	WP_010955786.1	PP_5279
WP_010954803.1	WP_010954803.1	PP_3994
WP_010954596.1	WP_010954596.1	PP_3765
WP_010954545.1	WP_010954545.1	PP_3709
WP_010954368.1	WP_010954368.1	PP_3510
WP_010954006.1	WP_010954006.1	PP_3986
WP_010953913.1	WP_010953913.1	PP_3014
WP_010953870.1	WP_010953870.1	PP_2970
WP_010951431.1	WP_010951431.1	PP_0017
WP_009687920.1	WP_009687920.1	PP_4746
WP_003253997.1	WP_003253997.1	PP_2742
WP_003250915.1	WP_003250915.1	PP_3824
WP_049586833.1	WP_049586833.1	PP_1930
WP_010953701.1	WP_010953701.1	PP_2792
WP_010953267.1	WP_010953267.1	PP_2296
WP_010951896.1	WP_010951896.1	PP_4024
WP_004576188.1	WP_004576188.1	PP_0392
WP_003255457.1	WP_003255457.1	PP_0476
WP_003254532.1	WP_003254532.1	PP_4491
WP_003251273.1	WP_003251273.1	PP_4040
WP_003250681.1	WP_003250681.1	PP_2472
WP_003250671.1	WP_003250671.1	PP_2468
WP_003250327.1	WP_003250327.1	PP_2341
WP_003247495.1	WP_003247495.1	PP_0677
WP_020192899.1	WP_020192899.1	PP_2079
WP_020190994.1	WP_020190994.1	PP_5724
WP_010955143.1	WP_010955143.1	PP_4435
WP_010954956.1	WP_010954956.1	PP_4199
WP_010954660.1	WP_010954660.1	PP_3833
WP_010954599.1	WP_010954599.1	PP_3769
WP_010952705.1	WP_010952705.1	PP_1645
WP_010952470.1	WP_010952470.1	PP_1356
WP_003254328.1	WP_003254328.1	PP_4285
WP_003253518.1	WP_003253518.1	PP_5272
WP_012051882.1	WP_012051882.1	PP_5648
WP_011953105.1	WP_011953105.1	PP_0027
WP_010954734.1	WP_010954734.1	PP_3908
WP_010954593.1	WP_010954593.1	PP_3762
WP_010952378.1	WP_010952378.1	PP_1241
WP_003255511.1	WP_003255511.1	PP_0433
WP_003255467.1	WP_003255467.1	PP_0470
WP_003252148.1	WP_003252148.1	PP_1465
WP_003249976.1	WP_003249976.1	PP_4707
WP_003247774.1	WP_003247774.1	PP_3568
WP_049587942.1	WP_049587942.1	PP_3867
WP_049587910.1	WP_049587910.1	PP_3198
WP_014859120.1	WP_014859120.1	PP_5073
WP_014592331.1	WP_014592331.1	PP_5700
WP_010954909.1	WP_010954909.1	PP_4135
WP_010953945.1	WP_010953945.1	PP_3046
WP_010953939.1	WP_010953939.1	PP_3040
WP_010953634.1	WP_010953634.1	PP_2718
WP_010952011.1	WP_010952011.1	PP_0771
WP_004577674.1	WP_004577674.1	PP_4362
WP_003252272.1	WP_003252272.1	PP_1531
WP_003251499.1	WP_003251499.1	PP_4168
WP_049587614.1	WP_049587614.1	PP_2422
WP_021785939.1	WP_021785939.1	PP_1504
WP_010955342.1	WP_010955342.1	PP_4690
WP_010955228.1	WP_010955228.1	PP_4555
WP_010955096.1	WP_010955096.1	PP_4377
WP_010951798.1	WP_010951798.1	PP_0509
WP_003251579.1	WP_003251579.1	PP_4665
WP_003250128.1	WP_003250128.1	PP_2229
WP_003248695.1	WP_003248695.1	PP_2099
WP_079732548.1	WP_079732548.1	PP_5681
WP_049587764.1	WP_049587764.1	PP_3899
WP_049586473.1	WP_049586473.1	PP_0972
WP_014592347.1	WP_014592347.1	PP_5703
WP_010955868.1	WP_010955868.1	PP_5388
WP_010952654.1	WP_010952654.1	PP_1570
WP_010952642.1	WP_010952642.1	PP_1558
WP_010952084.1	WP_010952084.1	PP_0874
WP_010951939.1	WP_010951939.1	PP_0686
WP_003255921.1	WP_003255921.1	PP_5431
WP_003249613.1	WP_003249613.1	PP_4855
WP_003248531.1	WP_003248531.1	PP_0847
WP_020191710.1	WP_020191710.1	PP_1153
WP_012051955.1	WP_012051955.1	PP_3749
WP_010955060.1	WP_010955060.1	PP_4329
WP_010955051.1	WP_010955051.1	PP_4313
WP_010951936.1	WP_010951936.1	PP_0681
WP_004577645.1	WP_004577645.1	PP_1716
WP_004574290.1	WP_004574290.1	PP_2481
WP_003255518.1	WP_003255518.1	PP_0428
WP_002555808.1	WP_002555808.1	PP_5234
WP_371920080.1	WP_371920080.1	PP_2391
WP_010955145.1	WP_010955145.1	PP_5397
WP_010954804.1	WP_010954804.1	PP_3996
WP_010952251.1	WP_010952251.1	PP_1081
WP_010952237.1	WP_010952237.1	PP_1065
WP_010951682.1	WP_010951682.1	PP_0324
WP_004575513.1	WP_004575513.1	PP_4438
WP_003254716.1	WP_003254716.1	PP_1253
WP_003254305.1	WP_003254305.1	PP_4268
WP_003249283.1	WP_003249283.1	PP_5015
WP_003248556.1	WP_003248556.1	PP_0834
WP_061405621.1	WP_061405621.1	PP_5517
WP_049586359.1	WP_049586359.1	PP_0666
WP_020189868.1	WP_020189868.1	PP_0081
WP_010955856.1	WP_010955856.1	PP_5376
WP_010952871.1	WP_010952871.1	PP_1840
WP_010952572.1	WP_010952572.1	PP_1479
WP_010951742.1	WP_010951742.1	PP_0398
WP_004577390.1	WP_004577390.1	PP_4930
WP_004575827.1	WP_004575827.1	PP_5225
WP_003254438.1	WP_003254438.1	PP_4370
WP_003253895.1	WP_003253895.1	PP_2875
WP_003250034.1	WP_003250034.1	PP_4681
WP_003248599.1	WP_003248599.1	PP_0815
WP_003103908.1	WP_003103908.1	PP_0459
WP_232014127.1	WP_232014127.1	PP_5630
WP_061405633.1	WP_061405633.1	PP_5541
WP_049588097.1	WP_049588097.1	PP_5608
WP_049587282.1	WP_049587282.1	PP_1813
WP_020189844.1	WP_020189844.1	PP_1211
WP_010953431.1	WP_010953431.1	PP_2497
WP_010953102.1	WP_010953102.1	PP_2103
WP_010952305.1	WP_010952305.1	PP_1147
WP_004576614.1	WP_004576614.1	PP_4961
WP_003253660.1	WP_003253660.1	PP_5215
WP_003253643.1	WP_003253643.1	PP_5232
WP_019751834.1	WP_019751834.1	PP_3523
WP_014859917.1	WP_014859917.1	PP_1268
WP_010955273.1	WP_010955273.1	PP_4609
WP_010954779.1	WP_010954779.1	PP_3963
WP_010953952.1	WP_010953952.1	PP_3053
WP_010952593.1	WP_010952593.1	PP_1501
WP_010951440.1	WP_010951440.1	PP_0028
WP_003254499.1	WP_003254499.1	PP_4470
WP_003249769.1	WP_003249769.1	PP_4786
WP_003249095.1	WP_003249095.1	PP_5102
WP_049586565.1	WP_049586565.1	PP_3773
WP_014589231.1	WP_014589231.1	PP_0085
WP_010955126.1	WP_010955126.1	PP_4418
WP_010954741.1	WP_010954741.1	PP_3915
WP_010954710.1	WP_010954710.1	PP_3884
WP_010954516.1	WP_010954516.1	PP_3679
WP_010953705.1	WP_010953705.1	PP_2796
WP_010952660.1	WP_010952660.1	PP_1576
WP_010952643.1	WP_010952643.1	PP_1559
WP_010951645.1	WP_010951645.1	PP_0276
WP_010951457.1	WP_010951457.1	PP_0048
WP_004375838.1	WP_004375838.1	PP_3460
WP_003253432.1	WP_003253432.1	PP_0042
WP_003252355.1	WP_003252355.1	PP_1625
WP_003248536.1	WP_003248536.1	PP_0844
WP_061405590.1	WP_061405590.1	PP_5744
WP_049587634.1	WP_049587634.1	PP_2462
WP_024088022.1	WP_024088022.1	PP_5550
WP_010955726.1	WP_010955726.1	PP_5202
WP_010955144.1	WP_010955144.1	PP_5398
WP_010954714.1	WP_010954714.1	PP_3888
WP_010954709.1	WP_010954709.1	PP_3883
WP_010954629.1	WP_010954629.1	PP_3799
WP_010954361.1	WP_010954361.1	PP_4437
WP_010953778.1	WP_010953778.1	PP_2873
WP_010952640.1	WP_010952640.1	PP_1556
WP_004577080.1	WP_004577080.1	PP_1825
WP_003252932.1	WP_003252932.1	PP_0150
WP_003250862.1	WP_003250862.1	PP_2606
WP_003249693.1	WP_003249693.1	PP_4821
WP_003248878.1	WP_003248878.1	PP_2189
WP_061405729.1	WP_061405729.1	PP_5732
WP_049587747.1	WP_049587747.1	PP_3917
WP_049587420.1	WP_049587420.1	PP_1557
WP_014589278.1	WP_014589278.1	PP_0152
WP_010954576.1	WP_010954576.1	PP_3743
WP_010954469.1	WP_010954469.1	PP_3627
WP_010953930.1	WP_010953930.1	PP_3031
WP_010953752.1	WP_010953752.1	PP_2844
WP_010953180.1	WP_010953180.1	PP_2197
WP_010952753.1	WP_010952753.1	PP_1701
WP_010952618.1	WP_010952618.1	PP_1534
WP_003251077.1	WP_003251077.1	PP_3924
WP_172835044.1	WP_172835044.1	PP_0071
WP_049587984.1	WP_049587984.1	PP_1199
WP_049586562.1	WP_049586562.1	PP_3771
WP_049586280.1	WP_049586280.1	PP_5537
WP_049586114.1	WP_049586114.1	PP_3048
WP_012051530.1	WP_012051530.1	PP_5698
WP_010955411.1	WP_010955411.1	PP_4793
WP_010955318.1	WP_010955318.1	PP_4662
WP_010953927.1	WP_010953927.1	PP_3028
WP_010953340.1	WP_010953340.1	PP_2384
WP_010953232.1	WP_010953232.1	PP_2256
WP_010953104.1	WP_010953104.1	PP_2105
WP_010951471.1	WP_010951471.1	PP_0064
WP_003255476.1	WP_003255476.1	PP_0465
WP_003254479.1	WP_003254479.1	PP_4395
WP_003253711.1	WP_003253711.1	PP_5191
WP_003252914.1	WP_003252914.1	PP_5747
WP_003250344.1	WP_003250344.1	PP_2346
WP_232014126.1	WP_010954784.1	PP_3969
WP_061405666.1	WP_061405666.1	PP_5615
WP_049588172.1	WP_049588172.1	PP_1142
WP_049586118.1	WP_049586118.1	PP_5552
WP_049586073.1	WP_049586073.1	PP_5571
WP_021781735.1	WP_021781735.1	PP_0801
WP_010953779.1	WP_010953779.1	PP_2874
WP_010952786.1	WP_010952786.1	PP_1742
WP_010952215.1	WP_010952215.1	PP_1038
WP_003254563.1	WP_003254563.1	PP_4509
WP_003186070.1	WP_003186070.1	PP_0453
WP_235436916.1	WP_235436916.1	PP_3882
WP_197686809.1	WP_197686809.1	PP_5688
WP_079732561.1	WP_079732561.1	PP_5403
WP_049586152.1	WP_049586152.1	PP_2939
WP_020193757.1	WP_020193757.1	PP_5254
WP_019438490.1	WP_019438490.1	PP_3011
WP_010953306.1	WP_010953306.1	PP_2345
WP_010953282.1	WP_010953282.1	PP_2314
WP_010953108.1	WP_010953108.1	PP_2109
WP_004374508.1	WP_004374508.1	PP_3273
WP_003255135.1	WP_003255135.1	PP_0951
WP_003251446.1	WP_003251446.1	PP_4128
WP_003249945.1	WP_003249945.1	PP_4720
WP_221036211.1	WP_221036211.1	PP_5546
WP_049587058.1	WP_049587058.1	PP_5699
WP_014589631.1	WP_014589631.1	PP_0683
WP_012052881.1	WP_012052881.1	PP_5525
WP_010955715.1	WP_010955715.1	PP_5189
WP_010955453.1	WP_010955453.1	PP_4847
WP_010953420.1	WP_010953420.1	PP_2484
WP_010951899.1	WP_010951899.1	PP_0641
WP_003255472.1	WP_003255472.1	PP_0467
WP_003255298.1	WP_003255298.1	PP_0579
WP_003254426.1	WP_003254426.1	PP_4364
WP_003254009.1	WP_003254009.1	PP_2731
WP_049587688.1	WP_049587688.1	PP_3418
WP_049587425.1	WP_049587425.1	PP_5476
WP_010955355.1	WP_010955355.1	PP_4706
WP_010954891.1	WP_010954891.1	PP_4109
WP_010952810.1	WP_010952810.1	PP_1773
WP_010952154.1	WP_010952154.1	PP_0962
WP_010952015.1	WP_010952015.1	PP_0775
WP_010951568.1	WP_010951568.1	PP_0182
WP_010487168.1	WP_010487168.1	PP_5529
WP_003255684.1	WP_003255684.1	PP_0319
WP_003255178.1	WP_003255178.1	PP_0921
WP_003253929.1	WP_003253929.1	PP_2843
WP_003252992.1	WP_003252992.1	PP_0125
WP_003250918.1	WP_003250918.1	PP_3825
WP_003250754.1	WP_003250754.1	PP_2537
WP_003250679.1	WP_003250679.1	PP_2471
WP_049587754.1	WP_049587754.1	PP_5645
WP_020190960.1	WP_020190960.1	PP_2298
WP_010954861.1	WP_010954861.1	PP_4069
WP_010954670.1	WP_010954670.1	PP_3843
WP_010953788.1	WP_010953788.1	PP_2883
WP_010953150.1	WP_010953150.1	PP_2164
WP_010952669.1	WP_010952669.1	PP_1585
WP_003255484.1	WP_003255484.1	PP_0456
WP_003254549.1	WP_003254549.1	PP_4502
WP_003253355.1	WP_003253355.1	PP_5313
WP_061405588.1	WP_061405588.1	PP_1540
WP_049587943.1	WP_049587943.1	PP_3866
WP_049587144.1	WP_049587144.1	PP_0367
WP_010955532.1	WP_010955532.1	PP_4957
WP_010955294.1	WP_010955294.1	PP_4633
WP_010954960.1	WP_010954960.1	PP_4205
WP_010954717.1	WP_010954717.1	PP_3891
WP_010953996.1	WP_010953996.1	PP_3102
WP_010953960.1	WP_010953960.1	PP_3061
WP_010952797.1	WP_010952797.1	PP_1757
WP_010952637.1	WP_010952637.1	PP_1553
WP_010952096.1	WP_010952096.1	PP_0890
WP_004577437.1	WP_004577437.1	PP_2053
WP_003251193.1	WP_003251193.1	PP_3995
WP_003248566.1	WP_003248566.1	PP_0829
WP_232014089.1	WP_232014089.1	PP_5477
WP_079732506.1	WP_079732506.1	PP_5493
WP_051122595.1	WP_051122595.1	PP_5697
WP_049588352.1	WP_049588352.1	PP_5247
WP_049587959.1	WP_049587959.1	PP_5637
WP_049586660.1	WP_049586660.1	PP_5499
WP_010955258.1	WP_010955258.1	PP_4590
WP_010955094.1	WP_010955094.1	PP_4374
WP_010953434.1	WP_010953434.1	PP_2500
WP_010952504.1	WP_010952504.1	PP_1396
WP_010952448.1	WP_010952448.1	PP_1330
WP_010951544.1	WP_010951544.1	PP_0151
WP_004577004.1	WP_004577004.1	PP_0571
WP_003256229.1	WP_003256229.1	PP_5632
WP_003251905.1	WP_003251905.1	PP_1360
WP_061405670.1	WP_061405670.1	PP_5625
WP_049588414.1	WP_049588414.1	PP_5428
WP_049588314.1	WP_049588314.1	PP_5720
WP_049586749.1	WP_049586749.1	PP_5678
WP_049586638.1	WP_049586638.1	PP_2020
WP_026031873.1	WP_026031873.1	PP_4614
WP_014592161.1	WP_014592161.1	PP_1508
WP_014591666.1	WP_014591666.1	PP_2319
WP_010955374.1	WP_010955374.1	PP_4738
WP_010954750.1	WP_010954750.1	PP_3928
WP_010954550.1	WP_010954550.1	PP_3714
WP_010954210.1	WP_010954210.1	PP_3332
WP_003255013.1	WP_003255013.1	PP_1040
WP_003254508.1	WP_003254508.1	PP_4476
WP_003247360.1	WP_003247360.1	PP_0750
WP_049587986.1	WP_049587986.1	PP_1198
WP_049586812.1	WP_049586812.1	PP_1938
WP_010953908.1	WP_010953908.1	PP_3008
WP_010953869.1	WP_010953869.1	PP_2969
WP_010953262.1	WP_010953262.1	PP_2291
WP_010952179.1	WP_010952179.1	PP_0993
WP_010951520.1	WP_010951520.1	PP_0122
WP_003255347.1	WP_003255347.1	PP_0549
WP_003255165.1	WP_003255165.1	PP_0932
WP_003253801.1	WP_003253801.1	PP_3401
WP_049588094.1	WP_049588094.1	PP_3615
WP_041167313.1	WP_041167313.1	PP_3032
WP_010953840.1	WP_010953840.1	PP_2940
WP_003254278.1	WP_003254278.1	PP_4248
WP_061405586.1	WP_061405586.1	PP_1473
WP_049586827.1	WP_049586827.1	PP_1935
WP_014591706.1	WP_014591706.1	PP_5504
WP_010955196.1	WP_010955196.1	PP_4513
WP_010951595.1	WP_010951595.1	PP_0211
WP_010951500.1	WP_010951500.1	PP_0097
WP_004576849.1	WP_004576849.1	PP_1613
WP_004374528.1	WP_004374528.1	PP_3277
WP_003255106.1	WP_003255106.1	PP_0975
WP_003250290.1	WP_003250290.1	PP_2323
WP_003248318.1	WP_003248318.1	PP_3079
WP_049587751.1	WP_049587751.1	PP_5646
WP_019436943.1	WP_019436943.1	PP_0770
WP_010955337.1	WP_010955337.1	PP_4685
WP_010955211.1	WP_010955211.1	PP_4530
WP_010954735.1	WP_010954735.1	PP_3909
WP_010953203.1	WP_010953203.1	PP_2226
WP_010952670.1	WP_010952670.1	PP_1586
WP_003250254.1	WP_003250254.1	PP_2306
WP_003247625.1	WP_003247625.1	PP_0600
WP_061405724.1	WP_061405724.1	PP_5727
WP_049588194.1	WP_049588194.1	PP_5670
WP_020193848.1	WP_020193848.1	PP_5478
WP_020191344.1	WP_020191344.1	PP_3836
WP_010955870.1	WP_010955870.1	PP_5390
WP_010955417.1	WP_010955417.1	PP_4802
WP_010953969.1	WP_010953969.1	PP_3070
WP_010953358.1	WP_010953358.1	PP_2404
WP_010951728.1	WP_010951728.1	PP_0377
WP_003255482.1	WP_003255482.1	PP_0458
WP_003254892.1	WP_003254892.1	PP_1123
WP_003249289.1	WP_003249289.1	PP_5010
WP_049587750.1	WP_049587750.1	PP_5647
WP_049586574.1	WP_049586574.1	PP_5628
WP_019437947.1	WP_019437947.1	PP_5661
WP_012051485.1	WP_012051485.1	PP_1242
WP_010955575.1	WP_010955575.1	PP_5016
WP_010953600.1	WP_010953600.1	PP_2681
WP_010953433.1	WP_010953433.1	PP_2499
WP_010953087.1	WP_010953087.1	PP_2086
WP_010952144.1	WP_010952144.1	PP_0948
WP_003255742.1	WP_003255742.1	PP_0285
WP_003254599.1	WP_003254599.1	PP_4531
WP_003252809.1	WP_003252809.1	PP_1833
WP_003250246.1	WP_003250246.1	PP_2303
WP_003250230.1	WP_003250230.1	PP_5505
WP_061405701.1	WP_061405701.1	PP_5693
WP_019471426.1	WP_019471426.1	PP_5695
WP_010954732.1	WP_010954732.1	PP_3906
WP_010953951.1	WP_010953951.1	PP_3052
WP_010952630.1	WP_010952630.1	PP_1546
WP_004374494.1	WP_004374494.1	PP_5596
WP_003254414.1	WP_003254414.1	PP_4354
WP_003249971.1	WP_003249971.1	PP_4709
WP_407475002.1	WP_010952505.1	PP_1397
WP_232014136.1	WP_232014136.1	PP_3684
WP_010954813.1	WP_010954813.1	PP_4010
WP_010953035.1	WP_010953035.1	PP_2026
WP_003255478.1	WP_003255478.1	PP_0463
WP_003253640.1	WP_003253640.1	PP_5235
WP_003247923.1	WP_003247923.1	PP_3504
WP_049587647.1	WP_049587647.1	PP_5532
WP_010954906.1	WP_010954906.1	PP_4132
WP_010953933.1	WP_010953933.1	PP_3034
WP_010952429.1	WP_010952429.1	PP_1305
WP_003260859.1	WP_003260859.1	PP_1774
WP_003253383.1	WP_003253383.1	PP_5301
WP_003251679.1	WP_003251679.1	PP_4616
WP_003249898.1	WP_003249898.1	PP_5707
WP_003248880.1	WP_003248880.1	PP_2190
WP_003248815.1	WP_003248815.1	PP_2161
WP_049587683.1	WP_049587683.1	PP_3402
WP_049587228.1	WP_049587228.1	PP_1687
WP_020192887.1	WP_020192887.1	PP_5457
WP_012051192.1	WP_012051192.1	PP_0755
WP_010954796.1	WP_010954796.1	PP_3984
WP_010954727.1	WP_010954727.1	PP_3901
WP_010954712.1	WP_010954712.1	PP_3886
WP_010954357.1	WP_010954357.1	PP_3494
WP_010951659.1	WP_010951659.1	PP_0291
WP_003249532.1	WP_003249532.1	PP_4894
WP_003247746.1	WP_003247746.1	PP_3580
WP_003247224.1	WP_003247224.1	PP_2015
WP_049588262.1	WP_049588262.1	PP_4045
WP_049588003.1	WP_049588003.1	PP_1244
WP_049587405.1	WP_049587405.1	PP_5472
WP_020189883.1	WP_020189883.1	PP_5542
WP_010953904.1	WP_010953904.1	PP_3004
WP_003254632.1	WP_003254632.1	PP_4557
WP_003254043.1	WP_003254043.1	PP_2705
WP_003250871.1	WP_003250871.1	PP_2610
WP_003247464.1	WP_003247464.1	PP_0689
WP_003097235.1	WP_003097235.1	PP_5418
WP_023464843.1	WP_023464843.1	PP_5527
WP_010955152.1	WP_010955152.1	PP_4449
WP_010954952.1	WP_010954952.1	PP_4195
WP_010953858.1	WP_010953858.1	PP_2958
WP_010952573.1	WP_010952573.1	PP_1480
WP_004576871.1	WP_004576871.1	PP_4529
WP_003254526.1	WP_003254526.1	PP_4488
WP_003252572.1	WP_003252572.1	PP_1732
WP_003252043.1	WP_003252043.1	PP_1424
WP_003249234.1	WP_003249234.1	PP_5038
WP_003249204.1	WP_003249204.1	PP_5054
WP_049587893.1	WP_049587893.1	PP_5592
WP_010955536.1	WP_010955536.1	PP_4962
WP_010954377.1	WP_010954377.1	PP_3519
WP_010954120.1	WP_010954120.1	PP_3236
WP_003252142.1	WP_003252142.1	PP_1462
WP_003250288.1	WP_003250288.1	PP_2322
WP_003249063.1	WP_003249063.1	PP_5124
WP_003248769.1	WP_003248769.1	PP_2138
WP_110771832.1	WP_110771832.1	PP_3876
WP_010955465.1	WP_010955465.1	PP_4861
WP_010954726.1	WP_010954726.1	PP_3900
WP_010951646.1	WP_010951646.1	PP_0277
WP_003251454.1	WP_003251454.1	PP_4136
WP_003247275.1	WP_003247275.1	PP_2059
WP_049587960.1	WP_049587960.1	PP_3850
WP_010955824.1	WP_010955824.1	PP_5334
WP_010954745.1	WP_010954745.1	PP_3919
WP_010953432.1	WP_010953432.1	PP_2498
WP_010951938.1	WP_010951938.1	PP_0685
WP_010951590.1	WP_010951590.1	PP_0206
WP_010951426.1	WP_010951426.1	PP_0007
WP_003255900.1	WP_003255900.1	PP_0181
WP_003251777.1	WP_003251777.1	PP_1293
WP_051122507.1	WP_051122507.1	PP_0645
WP_049587650.1	WP_049587650.1	PP_5533
WP_049587560.1	WP_049587560.1	PP_5515
WP_049586524.1	WP_049586524.1	PP_5619
WP_020193386.1	WP_020193386.1	PP_5520
WP_020190423.1	WP_020190423.1	PP_5432
WP_010955375.1	WP_010955375.1	PP_4739
WP_010955213.1	WP_010955213.1	PP_4534
WP_010953917.1	WP_010953917.1	PP_3018
WP_010953622.1	WP_010953622.1	PP_2706
WP_010953399.1	WP_010953399.1	PP_2452
WP_010952617.1	WP_010952617.1	PP_1533
WP_004574300.1	WP_004574300.1	PP_5528
WP_003256190.1	WP_003256190.1	PP_3767
WP_003255380.1	WP_003255380.1	PP_0529
WP_003253822.1	WP_003253822.1	PP_3411
WP_003248727.1	WP_003248727.1	PP_2116
WP_049587630.1	WP_049587630.1	PP_5524
WP_010954612.1	WP_010954612.1	PP_3782
WP_010954398.1	WP_010954398.1	PP_3542
WP_010953106.1	WP_010953106.1	PP_2107
WP_003255121.1	WP_003255121.1	PP_0963
WP_003254745.1	WP_003254745.1	PP_1233
WP_061405577.1	WP_061405577.1	PP_5462
WP_049587963.1	WP_049587963.1	PP_5635
WP_049587043.1	WP_049587043.1	PP_5683
WP_020192211.1	WP_020192211.1	PP_1839
WP_010955261.1	WP_010955261.1	PP_4593
WP_010954724.1	WP_010954724.1	PP_3898
WP_010953880.1	WP_010953880.1	PP_2980
WP_010952937.1	WP_010952937.1	PP_1915
WP_009682604.1	WP_009682604.1	PP_2290
WP_003253504.1	WP_003253504.1	PP_5282
WP_049586388.1	WP_049586388.1	PP_5456
WP_020191563.1	WP_020191563.1	PP_0090
WP_014860076.1	WP_014860076.1	PP_1130
WP_010954786.1	WP_010954786.1	PP_3971
WP_010953575.1	WP_010953575.1	PP_2655
WP_010952109.1	WP_010952109.1	PP_0905
WP_003255011.1	WP_003255011.1	PP_1041
WP_003248777.1	WP_003248777.1	PP_2141
WP_049587726.1	WP_049587726.1	PP_3468
WP_014589594.1	WP_014589594.1	PP_0621
WP_003255686.1	WP_003255686.1	PP_0318
WP_003253515.1	WP_003253515.1	PP_5274
WP_003249563.1	WP_003249563.1	PP_4876
WP_061405652.1	WP_061405652.1	PP_5580
WP_028692660.1	WP_028692660.1	PP_5508
WP_019439077.1	WP_019439077.1	PP_5440
WP_014755271.1	WP_014755271.1	PP_5453
WP_004575803.1	WP_004575803.1	PP_1747
WP_003254918.1	WP_003254918.1	PP_1101
WP_003250422.1	WP_003250422.1	PP_2381
WP_049587957.1	WP_049587957.1	PP_3851
WP_049586754.1	WP_049586754.1	PP_5675
WP_049586405.1	WP_049586405.1	PP_5458
WP_010954682.1	WP_010954682.1	PP_3855
WP_010952743.1	WP_010952743.1	PP_1691
WP_010952652.1	WP_010952652.1	PP_1568
WP_010951451.1	WP_010951451.1	PP_0040
WP_004576227.1	WP_004576227.1	PP_3262
WP_003253651.1	WP_003253651.1	PP_5224
WP_232014092.1	WP_232014092.1	PP_1537
WP_049588427.1	WP_049588427.1	PP_0087
WP_049586403.1	WP_049586403.1	PP_0796
WP_012053596.1	WP_012053596.1	PP_1447
WP_010952365.1	WP_010952365.1	PP_1212
WP_010951443.1	WP_010951443.1	PP_0032
WP_003256222.1	WP_003256222.1	PP_3808
WP_003248738.1	WP_003248738.1	PP_2121
WP_079732549.1	WP_079732549.1	PP_5684
WP_061405728.1	WP_061405728.1	PP_5730
WP_049587299.1	WP_049587299.1	PP_1864
WP_049586751.1	WP_049586751.1	PP_5677
WP_049586518.1	WP_049586518.1	PP_5617
WP_010955745.1	WP_010955745.1	PP_5226
WP_010954911.1	WP_010954911.1	PP_4139
WP_010953936.1	WP_010953936.1	PP_3037
WP_010953553.1	WP_010953553.1	PP_2633
WP_003254947.1	WP_003254947.1	PP_1083
WP_002553999.1	WP_002553999.1	PP_4007
WP_010955011.1	WP_010955011.1	PP_4262
WP_010951644.1	WP_332879980.1	PP_0275
WP_009682626.1	WP_009682626.1	PP_2274
WP_004573790.1	WP_004573790.1	PP_2374
WP_003255829.1	WP_003255829.1	PP_0241
WP_003255575.1	WP_003255575.1	PP_0389
WP_003253076.1	WP_003253076.1	PP_0086
WP_003252924.1	WP_003252924.1	PP_0153
WP_003249127.1	WP_003249127.1	PP_5087
WP_003248687.1	WP_003248687.1	PP_5502
WP_061405625.1	WP_061405625.1	PP_5530
WP_051122565.1	WP_051122565.1	PP_3320
WP_049587360.1	WP_049587360.1	PP_1410
WP_010954721.1	WP_010954721.1	PP_3895
WP_010953202.1	WP_010953202.1	PP_2224
WP_003255905.1	WP_003255905.1	PP_0177
WP_003250656.1	WP_003250656.1	PP_2463
WP_003250649.1	WP_003250649.1	PP_2461
WP_126404336.1	WP_126404336.1	PP_5665
WP_049587877.1	WP_049587877.1	PP_3269
WP_049587762.1	WP_049587762.1	PP_3903
WP_020193312.1	WP_020193312.1	PP_1632
WP_014589840.1	WP_014589840.1	PP_0985
WP_010953438.1	WP_010953438.1	PP_2504
WP_010953247.1	WP_010953247.1	PP_2275
WP_003254922.1	WP_003254922.1	PP_1099
WP_003252255.1	WP_003252255.1	PP_1522
WP_020191128.1	WP_020191128.1	PP_5549
WP_014860378.1	WP_014860378.1	PP_0273
WP_010954718.1	WP_010954718.1	PP_3892
WP_010953963.1	WP_010953963.1	PP_3064
WP_010953942.1	WP_010953942.1	PP_3043
WP_010952361.1	WP_010952361.1	PP_1208
WP_010952308.1	WP_010952308.1	PP_1151
WP_003250934.1	WP_003250934.1	PP_3840
WP_003247353.1	WP_003247353.1	PP_0754
WP_061405647.1	WP_061405647.1	PP_5569
WP_020190325.1	WP_020190325.1	PP_5729
WP_010954696.1	WP_010954696.1	PP_3870
WP_010953171.1	WP_010953171.1	PP_2186
WP_003253030.1	WP_003253030.1	PP_5427
WP_003252072.1	WP_003252072.1	PP_1439
WP_003249787.1	WP_003249787.1	PP_4777
WP_049586539.1	WP_049586539.1	PP_3704
WP_049586128.1	WP_049586128.1	PP_3013
WP_010954468.1	WP_010954468.1	PP_3626
WP_010951889.1	WP_010951889.1	PP_0630
WP_004575963.1	WP_004575963.1	PP_5393
WP_003253106.1	WP_003253106.1	PP_5425
WP_003251937.1	WP_003251937.1	PP_1374
WP_003251718.1	WP_003251718.1	PP_1265
WP_003249090.1	WP_003249090.1	PP_5105
WP_003248529.1	WP_003248529.1	PP_0848
WP_126404369.1	WP_126404369.1	PP_5516
WP_049587889.1	WP_049587889.1	PP_5594
WP_010955055.1	WP_010955055.1	PP_4317
WP_010954659.1	WP_010954659.1	PP_3832
WP_010953112.1	WP_010953112.1	PP_2115
WP_010952277.1	WP_010952277.1	PP_1114
WP_010951860.1	WP_010951860.1	PP_0588
WP_003251633.1	WP_003251633.1	PP_4640
WP_061405616.1	WP_061405616.1	PP_5510
WP_049587548.1	WP_049587548.1	PP_5511
WP_049587410.1	WP_049587410.1	PP_5474
WP_020193510.1	WP_020193510.1	PP_5671
WP_020191346.1	WP_020191346.1	PP_5634
WP_012271507.1	WP_012271507.1	PP_2222
WP_010955003.1	WP_010955003.1	PP_4252
WP_010953250.1	WP_010953250.1	PP_2278
WP_003250667.1	WP_003250667.1	PP_2467
WP_162490565.1	WP_162490565.1	PP_1455
WP_061405679.1	WP_061405679.1	PP_5640
WP_003254720.1	WP_003254720.1	PP_1249
WP_003254464.1	WP_003254464.1	PP_4387
WP_003254287.1	WP_003254287.1	PP_4257
WP_003252818.1	WP_003252818.1	PP_1837
WP_002555481.1	WP_002555481.1	PP_0462
WP_371920085.1	WP_371920085.1	PP_5682
WP_010954706.1	WP_010954706.1	PP_3880
WP_003254503.1	WP_003254503.1	PP_4472
WP_003253897.1	WP_003253897.1	PP_5540
WP_003250541.1	WP_003250541.1	PP_2441
WP_003248064.1	WP_003248064.1	PP_2899
WP_049587743.1	WP_049587743.1	PP_3938
WP_019750253.1	WP_019750253.1	PP_5443
WP_010953551.1	WP_010953551.1	PP_2631
WP_010951999.1	WP_010951999.1	PP_0757
WP_004577263.1	WP_004577263.1	PP_3929
WP_003247142.1	WP_003247142.1	PP_1901
WP_049586345.1	WP_049586345.1	PP_5452
WP_029886233.1	WP_029886233.1	PP_5721
WP_010954600.1	WP_010954600.1	PP_3770
WP_010954522.1	WP_010954522.1	PP_3685
WP_010952644.1	WP_010952644.1	PP_1560
WP_010951901.1	WP_010951901.1	PP_0643
WP_003252431.1	WP_003252431.1	PP_1662
WP_003248957.1	WP_003248957.1	PP_5172
WP_003247154.1	WP_003247154.1	PP_1911
WP_049587653.1	WP_049587653.1	PP_2510
WP_049587168.1	WP_049587168.1	PP_2544
WP_010955233.1	WP_010955233.1	PP_4561
WP_010955016.1	WP_010955016.1	PP_4271
WP_004575804.1	WP_004575804.1	PP_1746
WP_154070656.1	WP_154070656.1	PP_5507
WP_010952634.1	WP_010952634.1	PP_1550
WP_010952256.1	WP_010952256.1	PP_1091
WP_004374238.1	WP_004374238.1	PP_5586
WP_003255463.1	WP_003255463.1	PP_0472
WP_003254380.1	WP_003254380.1	PP_4324
WP_003250005.1	WP_003250005.1	PP_5704
WP_003247232.1	WP_003247232.1	PP_5496
WP_008091951.1	WP_008091951.1	PP_0627
WP_003250553.1	WP_003250553.1	PP_2446
WP_003248731.1	WP_003248731.1	PP_2118
WP_061405658.1	WP_061405658.1	PP_5597
WP_012051910.1	WP_012051910.1	PP_5633
WP_164721823.1	WP_164721823.1	PP_4044
WP_010954308.1	WP_010954308.1	PP_3442
WP_010952850.1	WP_010952850.1	PP_1814
WP_003253349.1	WP_003253349.1	PP_5315
WP_003252566.1	WP_003252566.1	PP_1729
WP_010954124.1	WP_010954124.1	PP_3240
WP_010952648.1	WP_010952648.1	PP_1564
WP_003249747.1	WP_003249747.1	PP_4797
WP_003254864.1	WP_003254864.1	PP_1148
WP_003252966.1	WP_003252966.1	PP_0135
WP_010953684.1	WP_010953684.1	PP_2773
WP_003177654.1	WP_003177654.1	PP_0373
WP_162490562.1	WP_162490562.1	PP_1575
WP_010955307.1	WP_010955307.1	PP_4649
WP_004575417.1	WP_004575417.1	PP_2580
WP_003253507.1	WP_003253507.1	PP_5281
WP_003252624.1	WP_003252624.1	PP_1744
WP_061405686.1	WP_079732544.1	PP_5655
WP_061405635.1	WP_061405635.1	PP_5543
WP_010952328.1	WP_010952328.1	PP_1174
WP_003253163.1	WP_003253163.1	PP_0009
WP_003254821.1	WP_003254821.1	PP_1178
WP_003254533.1	WP_003254533.1	PP_5694
WP_003253468.1	WP_003253468.1	PP_0023
WP_010952738.1	WP_010952738.1	PP_1685
WP_003254862.1	WP_003254862.1	PP_1149
WP_002555468.1	WP_002555468.1	PP_0475
WP_003251485.1	WP_003251485.1	PP_5660
