WP_010951556.1	WP_407475001.1	91.4	9482	0.0	15826
WP_010952042.1	WP_010952042.1	100	6310	0.0	11428
WP_010954996.1	WP_010954996.1	100	4317	0.0	8551
WP_049587176.1	WP_049587176.1	100	3608	0.0	6064
WP_010954974.1	WP_010954974.1	100	3470	0.0	6832
WP_010954975.1	WP_010954975.1	100	2628	0.0	5115
WP_010954527.1	WP_010954527.1	100	2207	0.0	4223
WP_010954976.1	WP_010954976.1	100	2174	0.0	4227
WP_049587717.1	WP_049587717.1	100	1947	0.0	3894
WP_010955504.1	WP_010955504.1	100	1805	0.0	3237
WP_010955758.1	WP_010955758.1	100	1682	0.0	3267
WP_010955557.1	WP_010955557.1	100	1646	0.0	3159
WP_010951843.1	WP_010951843.1	100	1633	0.0	3189
WP_010952909.1	WP_010952909.1	100	1632	0.0	3180
WP_061405628.1	WP_061405628.1	100	1629	0.0	3190
WP_049586685.1	WP_049586685.1	100	1621	0.0	3154
WP_049587265.1	WP_049587265.1	100	1603	0.0	3101
WP_010953259.1	WP_010953259.1	100	1569	0.0	3124
WP_049588300.1	WP_049588300.1	100	1561	0.0	3010
WP_010954874.1	WP_010954874.1	100	1530	0.0	2557
WP_010952549.1	WP_010952549.1	100	1508	0.0	2825
WP_232014111.1	WP_232014111.1	100	1497	0.0	2893
WP_010953350.1	WP_010953350.1	100	1497	0.0	2940
WP_010955622.1	WP_010955622.1	100	1481	0.0	2885
WP_010953194.1	WP_010953194.1	100	1481	0.0	2841
WP_010953349.1	WP_010953349.1	100	1473	0.0	2866
WP_010952244.1	WP_010952244.1	100	1439	0.0	2830
WP_010952234.1	WP_010952234.1	100	1434	0.0	2818
WP_010951774.1	WP_010951774.1	100	1399	0.0	2708
WP_010953328.1	WP_010953328.1	100	1395	0.0	2662
WP_010954001.1	WP_010954001.1	100	1385	0.0	2383
WP_003255495.1	WP_003255495.1	100	1357	0.0	2653
WP_049587242.1	WP_049587242.1	100	1341	0.0	2682
WP_010955523.1	WP_010955523.1	100	1317	0.0	2570
WP_010955220.1	WP_010955220.1	100	1301	0.0	2534
WP_010952214.1	WP_010952214.1	100	1299	0.0	2584
WP_049586911.1	WP_049586911.1	100	1289	0.0	2609
WP_010951929.1	WP_010951929.1	100	1276	0.0	2497
WP_010952136.1	WP_010952136.1	100	1273	0.0	2524
WP_010953989.1	WP_010953989.1	100	1267	0.0	2399
WP_010954366.1	WP_010954366.1	100	1253	0.0	2533
WP_010951734.1	WP_010951734.1	100	1247	0.0	2465
WP_010953333.1	WP_010953333.1	100	1235	0.0	2459
WP_010955328.1	WP_010955328.1	100	1224	0.0	2451
WP_010953796.1	WP_010953796.1	100	1224	0.0	2379
WP_010953033.1	WP_010953033.1	100	1214	0.0	2115
WP_049586696.1	WP_049586696.1	100	1209	0.0	2311
WP_010954863.1	WP_010954863.1	100	1208	0.0	2371
WP_010953547.1	WP_010953547.1	100	1206	0.0	2369
WP_010954765.1	WP_010954765.1	100	1187	0.0	2367
WP_010952683.1	WP_407475003.1	99.9	1174	0.0	2329
WP_010953558.1	WP_010953558.1	100	1172	0.0	2200
WP_010955021.1	WP_010955021.1	100	1162	0.0	1823
WP_010955329.1	WP_010955329.1	100	1160	0.0	2331
WP_010952747.1	WP_010952747.1	100	1159	0.0	2216
WP_010954592.1	WP_010954592.1	100	1155	0.0	2037
WP_010953136.1	WP_010953136.1	100	1149	0.0	2230
WP_010952823.1	WP_010952823.1	100	1147	0.0	2277
WP_010954069.1	WP_010954069.1	100	1131	0.0	2259
WP_010954853.1	WP_010954853.1	100	1106	0.0	2217
WP_061405610.1	WP_061405610.1	100	1105	0.0	2227
WP_010955614.1	WP_010955614.1	100	1102	0.0	1942
WP_010955118.1	WP_010955118.1	100	1099	0.0	2221
WP_049586794.1	WP_049586794.1	100	1098	0.0	2175
WP_010954281.1	WP_010954281.1	100	1093	0.0	2081
WP_010952930.1	WP_010952930.1	100	1091	0.0	1308
WP_010953961.1	WP_010953961.1	100	1089	0.0	1887
WP_049586814.1	WP_049586814.1	100	1085	0.0	2177
WP_049587069.1	WP_049587069.1	100	1074	0.0	2091
WP_010955363.1	WP_010955363.1	100	1073	0.0	2108
WP_003253849.1	WP_003253849.1	100	1059	0.0	1995
WP_010951454.1	WP_010951454.1	100	1053	0.0	1977
WP_010955867.1	WP_010955867.1	100	1052	0.0	2018
WP_010952493.1	WP_010952493.1	100	1050	0.0	1981
WP_010952232.1	WP_010952232.1	100	1049	0.0	2069
WP_010953363.1	WP_010953363.1	100	1048	0.0	1954
WP_010954322.1	WP_010954322.1	100	1042	0.0	1934
WP_010953727.1	WP_010953727.1	100	1042	0.0	1948
WP_010954435.1	WP_010954435.1	100	1035	0.0	1921
WP_049587130.1	WP_049587130.1	100	1032	0.0	1892
WP_010954181.1	WP_010954181.1	100	1030	0.0	1951
WP_010953067.1	WP_010953067.1	100	1027	0.0	1895
WP_010954011.1	WP_010954011.1	100	1026	0.0	2038
WP_061405561.1	WP_061405561.1	100	1022	0.0	2130
WP_010952608.1	WP_010952608.1	100	1021	0.0	1933
WP_010955701.1	WP_010955701.1	100	1017	0.0	1937
WP_010954237.1	WP_010954237.1	100	1015	0.0	2041
WP_010952110.1	WP_010952110.1	100	1014	0.0	1893
WP_010955182.1	WP_010955182.1	100	1006	0.0	2033
WP_010951683.1	WP_010951683.1	100	1004	0.0	2023
WP_023082813.1	WP_023082813.1	100	1001	0.0	1989
WP_010952663.1	WP_010952663.1	100	999	0.0	1958
WP_010954460.1	WP_407474999.1	99.9	996	0.0	1953
WP_010953532.1	WP_407475005.1	99.7	996	0.0	1952
WP_010955345.1	WP_010955345.1	100	991	0.0	1914
WP_010955353.1	WP_010955353.1	100	978	0.0	1883
WP_010952957.1	WP_010952957.1	100	978	0.0	1928
WP_010951694.1	WP_010951694.1	100	977	0.0	1905
WP_049588229.1	WP_049588229.1	100	976	0.0	1973
WP_010953206.1	WP_010953206.1	100	971	0.0	1801
WP_049586915.1	WP_049586915.1	100	963	0.0	1913
WP_010953170.1	WP_010953170.1	100	960	0.0	1941
WP_010952332.1	WP_010952332.1	100	959	0.0	1892
WP_010955717.1	WP_010955717.1	100	957	0.0	1916
WP_049586210.1	WP_049586210.1	100	956	0.0	1876
WP_010955744.1	WP_010955744.1	100	951	0.0	1885
WP_003255089.1	WP_003255089.1	100	951	0.0	1882
WP_010952029.1	WP_010952029.1	100	950	0.0	1768
WP_010952303.1	WP_010952303.1	100	948	0.0	1862
WP_010952166.1	WP_010952166.1	100	948	0.0	1894
WP_010951778.1	WP_010951778.1	100	944	0.0	1878
WP_049588208.1	WP_049588208.1	100	943	0.0	1929
WP_010954951.1	WP_010954951.1	100	943	0.0	1901
WP_010951942.1	WP_010951942.1	100	943	0.0	1792
WP_010951869.1	WP_010951869.1	100	943	0.0	1940
WP_049587154.1	WP_049587154.1	100	940	0.0	1929
WP_010955373.1	WP_010955373.1	100	936	0.0	1863
WP_010951700.1	WP_010951700.1	100	928	0.0	1867
WP_010954848.1	WP_010954848.1	100	924	0.0	1845
WP_049587857.1	WP_049587857.1	100	923	0.0	1717
WP_010955433.1	WP_010955433.1	100	923	0.0	1772
WP_010953490.1	WP_010953490.1	100	923	0.0	1799
WP_010952805.1	WP_010952805.1	100	923	0.0	1588
WP_010952710.1	WP_010952710.1	100	917	0.0	1756
WP_010951521.1	WP_010951521.1	100	915	0.0	1743
WP_010953110.1	WP_010953110.1	100	913	0.0	1825
WP_010953007.1	WP_010953007.1	100	911	0.0	1514
WP_010952460.1	WP_010952460.1	100	911	0.0	1758
WP_010955731.1	WP_010955731.1	100	906	0.0	1746
WP_010952008.1	WP_010952008.1	100	905	0.0	1785
WP_049586286.1	WP_049586286.1	100	904	0.0	1738
WP_010954902.1	WP_010954902.1	100	904	0.0	1794
WP_049586780.1	WP_049586780.1	100	903	0.0	1834
WP_010952673.1	WP_010952673.1	100	900	0.0	1793
WP_232014123.1	WP_232014123.1	100	897	0.0	1414
WP_010951692.1	WP_010951692.1	100	896	0.0	1754
WP_049586683.1	WP_407473308.1	99.8	890	0.0	1711
WP_010954260.1	WP_010954260.1	100	890	0.0	1717
WP_010953026.1	WP_010953026.1	100	885	0.0	1760
WP_010954928.1	WP_010954928.1	100	884	0.0	1682
WP_010954794.1	WP_010954794.1	100	881	0.0	1715
WP_010951693.1	WP_010951693.1	100	881	0.0	1796
WP_010952355.1	WP_010952355.1	100	880	0.0	1652
WP_010952597.1	WP_010952597.1	100	875	0.0	1704
WP_010955172.1	WP_010955172.1	100	874	0.0	1690
WP_010953697.1	WP_010953697.1	100	869	0.0	1640
WP_010953555.1	WP_010953555.1	100	869	0.0	1736
WP_010953302.1	WP_010953302.1	100	869	0.0	1723
WP_003248770.1	WP_003248770.1	100	869	0.0	1734
WP_010955412.1	WP_010955412.1	100	868	0.0	1772
WP_049587822.1	WP_049587822.1	100	866	0.0	1774
WP_049586082.1	WP_049586082.1	100	865	0.0	1644
WP_049586529.1	WP_049586529.1	100	864	0.0	1656
WP_010952613.1	WP_010952613.1	100	863	0.0	1721
WP_049588480.1	WP_049588480.1	100	862	0.0	1741
WP_010953299.1	WP_010953299.1	100	862	0.0	1719
WP_010952311.1	WP_010952311.1	100	861	0.0	1702
WP_010955584.1	WP_010955584.1	100	857	0.0	1714
WP_010955474.1	WP_010955474.1	100	857	0.0	1672
WP_010952693.1	WP_010952693.1	100	857	0.0	1668
WP_010951887.1	WP_010951887.1	100	854	0.0	1584
WP_049586426.1	WP_049586426.1	100	850	0.0	1701
WP_010952756.1	WP_010952756.1	100	850	0.0	1687
WP_110771734.1	WP_110771734.1	100	848	0.0	1691
WP_010954239.1	WP_010954239.1	100	847	0.0	1660
WP_003249965.1	WP_003249965.1	100	846	0.0	1443
WP_010955397.1	WP_010955397.1	100	842	0.0	1608
WP_010953985.1	WP_010953985.1	100	838	0.0	1644
WP_049587564.1	WP_049587564.1	100	835	0.0	1542
WP_049587178.1	WP_049587178.1	100	834	0.0	1622
WP_010954811.1	WP_010954811.1	100	834	0.0	1581
WP_010954142.1	WP_010954142.1	100	833	0.0	1679
WP_010953988.1	WP_010953988.1	100	831	0.0	1647
WP_010952916.1	WP_010952916.1	100	831	0.0	1641
WP_049587906.1	WP_049587906.1	100	829	0.0	1575
WP_010952610.1	WP_010952610.1	100	828	0.0	1629
WP_010953968.1	WP_010953968.1	100	825	0.0	1286
WP_049588199.1	WP_049588199.1	100	824	0.0	1616
WP_049587268.1	WP_049587268.1	100	822	0.0	1635
WP_010952911.1	WP_010952911.1	100	821	0.0	1645
WP_010954569.1	WP_010954569.1	100	819	0.0	1536
WP_049587260.1	WP_049587260.1	100	818	0.0	1617
WP_370688787.1	WP_370688787.1	100	816	0.0	1603
WP_010955596.1	WP_010955596.1	100	816	0.0	1637
WP_010952266.1	WP_010952266.1	100	816	0.0	1587
WP_010952920.1	WP_010952920.1	100	815	0.0	1620
WP_010952661.1	WP_010952661.1	100	813	0.0	1458
WP_010952271.1	WP_010952271.1	100	813	0.0	1617
WP_010954972.1	WP_010954972.1	100	812	0.0	1623
WP_004575710.1	WP_004575710.1	100	812	0.0	1561
WP_010951927.1	WP_010951927.1	100	810	0.0	1611
WP_010951702.1	WP_010951702.1	100	810	0.0	1601
WP_010952829.1	WP_010952829.1	100	809	0.0	1632
WP_010952078.1	WP_010952078.1	100	809	0.0	1628
WP_049587505.1	WP_049587505.1	100	808	0.0	1604
WP_003253152.1	WP_003253152.1	100	806	0.0	1584
WP_049586093.1	WP_049586093.1	100	805	0.0	1582
WP_010954422.1	WP_010954422.1	100	805	0.0	1605
WP_010952543.1	WP_010952543.1	100	805	0.0	1582
WP_049588104.1	WP_049588104.1	100	804	0.0	1598
WP_010953721.1	WP_010953721.1	100	804	0.0	1492
WP_049586377.1	WP_049586377.1	100	803	0.0	1463
WP_010952544.1	WP_010952544.1	100	803	0.0	1635
WP_010954428.1	WP_010954428.1	100	801	0.0	1592
WP_010953097.1	WP_010953097.1	100	800	0.0	1535
WP_010955024.1	WP_010955024.1	100	799	0.0	1588
WP_010951858.1	WP_010951858.1	100	799	0.0	1484
WP_010953272.1	WP_010953272.1	100	798	0.0	1513
WP_010955383.1	WP_010955383.1	100	797	0.0	1575
WP_010955270.1	WP_010955270.1	100	796	0.0	1576
WP_010953314.1	WP_010953314.1	100	795	0.0	1526
WP_010951748.1	WP_010951748.1	100	795	0.0	1558
WP_010953410.1	WP_010953410.1	100	793	0.0	1553
WP_049586703.1	WP_049586703.1	100	791	0.0	1520
WP_003248638.1	WP_003248638.1	100	791	0.0	1548
WP_010955694.1	WP_010955694.1	100	788	0.0	1595
WP_010955376.1	WP_010955376.1	100	787	0.0	1595
WP_010954246.1	WP_010954246.1	100	787	0.0	1542
WP_010953348.1	WP_010953348.1	100	786	0.0	1585
WP_010952679.1	WP_010952679.1	100	786	0.0	1534
WP_010952903.1	WP_010952903.1	100	785	0.0	1502
WP_010952912.1	WP_010952912.1	100	784	0.0	1551
WP_010951845.1	WP_010951845.1	100	784	0.0	1556
WP_010953256.1	WP_177410793.1	100	739	0.0	1461
WP_010951627.1	WP_010951627.1	100	781	0.0	1608
WP_010955264.1	WP_010955264.1	100	776	0.0	1576
WP_010955019.1	WP_010955019.1	100	776	0.0	1494
WP_049588059.1	WP_049588059.1	100	774	0.0	1484
WP_010955277.1	WP_010955277.1	100	774	0.0	1548
WP_010955335.1	WP_010955335.1	100	773	0.0	1540
WP_049587922.1	WP_049587922.1	100	771	0.0	1483
WP_010954844.1	WP_010954844.1	100	771	0.0	1451
WP_049586158.1	WP_049586158.1	100	770	0.0	1508
WP_010955471.1	WP_010955471.1	100	766	0.0	1560
WP_010953334.1	WP_010953334.1	100	766	0.0	1584
WP_010951867.1	WP_010951867.1	100	766	0.0	1503
WP_010951730.1	WP_010951730.1	100	766	0.0	1533
WP_049587582.1	WP_049587582.1	100	765	0.0	1518
WP_010951641.1	WP_010951641.1	100	765	0.0	1531
WP_049586427.1	WP_049586427.1	100	763	0.0	1509
WP_010952511.1	WP_010952511.1	100	763	0.0	1489
WP_049588393.1	WP_049588393.1	100	762	0.0	1476
WP_010952585.1	WP_010952585.1	100	762	0.0	1404
WP_049586289.1	WP_049586289.1	100	761	0.0	1469
WP_003249020.1	WP_003249020.1	100	759	0.0	1469
WP_010954812.1	WP_010954812.1	100	756	0.0	1451
WP_010952302.1	WP_010952302.1	100	754	0.0	1474
WP_049586177.1	WP_049586177.1	100	753	0.0	1486
WP_049587334.1	WP_049587334.1	100	752	0.0	1410
WP_010955494.1	WP_010955494.1	100	752	0.0	1465
WP_010952718.1	WP_010952718.1	100	752	0.0	1520
WP_010954507.1	WP_010954507.1	100	751	0.0	1532
WP_010954464.1	WP_010954464.1	100	751	0.0	1485
WP_010955675.1	WP_010955675.1	100	750	0.0	1366
WP_010954684.1	WP_010954684.1	100	750	0.0	1472
WP_010954563.1	WP_010954563.1	100	750	0.0	1413
WP_049588234.1	WP_049588234.1	100	749	0.0	1494
WP_049587576.1	WP_049587576.1	100	748	0.0	1496
WP_010951655.1	WP_010951655.1	100	748	0.0	1395
WP_049588332.1	WP_049588332.1	100	747	0.0	1417
WP_010955068.1	WP_010955068.1	100	747	0.0	1165
WP_010952715.1	WP_010952715.1	100	746	0.0	1483
WP_049588134.1	WP_049588134.1	100	745	0.0	1483
WP_049588528.1	WP_049588528.1	100	744	0.0	1518
WP_010953218.1	WP_010953218.1	100	744	0.0	1486
WP_049587679.1	WP_049587679.1	100	743	0.0	1408
WP_010954815.1	WP_010954815.1	100	741	0.0	1438
WP_010955632.1	WP_010955632.1	100	739	0.0	1471
WP_010954189.1	WP_010954189.1	100	738	0.0	1444
WP_010952924.1	WP_010952924.1	100	737	0.0	1367
WP_010954852.1	WP_010954852.1	100	736	0.0	1571
WP_010953937.1	WP_010953937.1	100	736	0.0	1505
WP_049587303.1	WP_049587303.1	100	735	0.0	1427
WP_010954198.1	WP_010954198.1	100	733	0.0	1452
WP_010953758.1	WP_010953758.1	100	733	0.0	1490
WP_010953415.1	WP_010953415.1	100	730	0.0	1426
WP_010953096.1	WP_010953096.1	100	730	0.0	1462
WP_010952907.1	WP_010952907.1	100	730	0.0	1400
WP_010953258.1	WP_010953258.1	100	729	0.0	1400
WP_372487152.1	WP_372487152.1	100	728	0.0	1399
WP_049587020.1	WP_049587020.1	100	728	0.0	1426
WP_010955837.1	WP_010955837.1	100	728	0.0	1421
WP_010954514.1	WP_010954514.1	100	728	0.0	1470
WP_003256021.1	WP_003256021.1	100	728	0.0	1472
WP_010955529.1	WP_010955529.1	100	727	0.0	1393
WP_010954492.1	WP_010954492.1	100	727	0.0	1441
WP_010954258.1	WP_010954258.1	100	725	0.0	1249
WP_010951816.1	WP_010951816.1	100	725	0.0	1452
WP_010951708.1	WP_010951708.1	100	725	0.0	1435
WP_003251716.1	WP_003251716.1	100	725	0.0	1414
WP_010954314.1	WP_010954314.1	100	724	0.0	1368
WP_010953534.1	WP_010953534.1	100	722	0.0	1270
WP_010952040.1	WP_010952040.1	100	722	0.0	1358
WP_049586400.1	WP_049586400.1	100	719	0.0	1360
WP_003256004.1	WP_003256004.1	100	718	0.0	1356
WP_049587844.1	WP_049587844.1	100	717	0.0	1432
WP_010954850.1	WP_010954850.1	100	717	0.0	1506
WP_010955612.1	WP_010955612.1	100	716	0.0	1419
WP_049587301.1	WP_049587301.1	100	715	0.0	1363
WP_010955199.1	WP_010955199.1	100	715	0.0	1402
WP_010953127.1	WP_010953127.1	100	715	0.0	1385
WP_003255490.1	WP_003255490.1	100	715	0.0	1405
WP_049587476.1	WP_049587476.1	100	714	0.0	1347
WP_003254889.1	WP_003254889.1	100	714	0.0	1419
WP_010951514.1	WP_010951514.1	100	711	0.0	1407
WP_049587294.1	WP_049587294.1	100	710	0.0	1424
WP_014861625.1	WP_014861625.1	100	710	0.0	1394
WP_010955072.1	WP_010955072.1	100	709	0.0	1306
WP_010954043.1	WP_010954043.1	100	709	0.0	1436
WP_049587667.1	WP_049587667.1	100	708	0.0	1425
WP_010955534.1	WP_010955534.1	100	708	0.0	1380
WP_010953058.1	WP_010953058.1	100	707	0.0	1376
WP_010954559.1	WP_010954559.1	100	705	0.0	1352
WP_010954937.1	WP_010954937.1	100	704	0.0	1419
WP_010954893.1	WP_010954893.1	100	703	0.0	1390
WP_010954513.1	WP_010954513.1	100	703	0.0	1407
WP_010955800.1	WP_010955800.1	100	702	0.0	1373
WP_010952250.1	WP_010952250.1	100	702	0.0	1409
WP_010955356.1	WP_010955356.1	100	701	0.0	1342
WP_010954204.1	WP_010954204.1	100	696	0.0	1376
WP_049588422.1	WP_049588422.1	100	695	0.0	1387
WP_010954433.1	WP_010954433.1	100	695	0.0	1336
WP_010952014.1	WP_010952014.1	100	695	0.0	1327
WP_010951564.1	WP_010951564.1	100	695	0.0	1353
WP_010954533.1	WP_010954533.1	100	694	0.0	1344
WP_010954373.1	WP_010954373.1	100	694	0.0	1384
WP_164721827.1	WP_164721827.1	100	693	0.0	1332
WP_010955805.1	WP_010955805.1	100	692	0.0	1350
WP_049588343.1	WP_049588343.1	100	691	0.0	1393
WP_010955327.1	WP_010955327.1	100	691	0.0	1358
WP_010955014.1	WP_010955014.1	100	691	0.0	1251
WP_010952218.1	WP_010952218.1	100	691	0.0	1395
WP_010954910.1	WP_010954910.1	100	690	0.0	1415
WP_010954847.1	WP_010954847.1	100	689	0.0	1384
WP_010951637.1	WP_010951637.1	100	689	0.0	1373
WP_010955462.1	WP_010955462.1	100	688	0.0	1353
WP_010955445.1	WP_010955445.1	100	688	0.0	1397
WP_010954402.1	WP_010954402.1	100	688	0.0	1325
WP_010953820.1	WP_010953820.1	100	688	0.0	1378
WP_004577217.1	WP_004577217.1	100	688	0.0	1327
WP_079732531.1	WP_079732531.1	100	687	0.0	1385
WP_010955097.1	WP_010955097.1	100	687	0.0	1182
WP_003255697.1	WP_003255697.1	100	686	0.0	1393
WP_010952869.1	WP_010952869.1	100	685	0.0	1379
WP_049588226.1	WP_049588226.1	100	684	0.0	1261
WP_010954151.1	WP_010954151.1	100	684	0.0	1345
WP_010951468.1	WP_010951468.1	100	684	0.0	1317
WP_049587549.1	WP_049587549.1	100	683	0.0	1390
WP_020192983.1	WP_020192983.1	100	683	0.0	1316
WP_010954216.1	WP_010954216.1	100	683	0.0	1391
WP_010954799.1	WP_010954799.1	100	682	0.0	1314
WP_010955252.1	WP_010955252.1	100	680	0.0	1378
WP_010955098.1	WP_010955098.1	100	680	0.0	1221
WP_010952546.1	WP_010952546.1	100	680	0.0	1329
WP_232014157.1	WP_232014157.1	100	679	0.0	1273
WP_010952262.1	WP_010952262.1	100	679	0.0	1363
WP_049586633.1	WP_049586633.1	100	678	0.0	1338
WP_010953941.1	WP_010953941.1	100	630	0.0	1308
WP_010952318.1	WP_010952318.1	100	678	0.0	1351
WP_004576153.1	WP_004576153.1	100	678	0.0	1370
WP_010952465.1	WP_010952465.1	100	676	0.0	1294
WP_010954771.1	WP_010954771.1	100	675	0.0	1298
WP_232014163.1	WP_232014163.1	100	674	0.0	1153
WP_049588255.1	WP_049588255.1	100	672	0.0	1415
WP_049586803.1	WP_049586803.1	100	672	0.0	1337
WP_010952047.1	WP_010952047.1	100	672	0.0	1351
WP_049587192.1	WP_049587192.1	100	671	0.0	1332
WP_010952992.1	WP_010952992.1	100	671	0.0	1281
WP_049586917.1	WP_049586917.1	100	669	0.0	1355
WP_014860664.1	WP_014860664.1	100	669	0.0	1300
WP_010955860.1	WP_010955860.1	100	669	0.0	1111
WP_003253537.1	WP_003253537.1	100	669	0.0	1329
WP_010955214.1	WP_010955214.1	100	667	0.0	1319
WP_004577525.1	WP_004577525.1	100	666	0.0	1330
WP_010955539.1	WP_010955539.1	100	665	0.0	1343
WP_010951452.1	WP_010951452.1	100	665	0.0	1236
WP_010952665.1	WP_010952665.1	100	663	0.0	1371
WP_010955403.1	WP_010955403.1	100	662	0.0	1282
WP_010955057.1	WP_010955057.1	100	662	0.0	1303
WP_010952307.1	WP_010952307.1	100	662	0.0	1277
WP_010955767.1	WP_010955767.1	100	660	0.0	1335
WP_010951735.1	WP_010951735.1	100	660	0.0	1313
WP_049587715.1	WP_049587715.1	100	658	0.0	1167
WP_010954773.1	WP_010954773.1	100	657	0.0	1289
WP_061405675.1	WP_061405675.1	100	656	0.0	890
WP_126404377.1	WP_126404377.1	100	654	0.0	1348
WP_010954965.1	WP_010954965.1	100	654	0.0	1235
WP_010952791.1	WP_010952791.1	100	654	0.0	1328
WP_010954821.1	WP_010954821.1	100	653	0.0	1297
WP_010953051.1	WP_010953051.1	100	653	0.0	1289
WP_010951836.1	WP_010951836.1	100	653	0.0	1132
WP_010951610.1	WP_010951610.1	100	653	0.0	1297
WP_003254525.1	WP_003254525.1	100	653	0.0	1340
WP_016497347.1	WP_016497347.1	100	652	0.0	1290
WP_010954692.1	WP_010954692.1	100	651	0.0	1082
WP_010951543.1	WP_010951543.1	100	651	0.0	1278
WP_010954859.1	WP_010954859.1	100	650	0.0	1260
WP_010953970.1	WP_010953970.1	100	650	0.0	1332
WP_010953774.1	WP_010953774.1	100	650	0.0	1292
WP_010953699.1	WP_010953699.1	100	650	0.0	1239
WP_010951673.1	WP_010951673.1	100	650	0.0	1314
WP_010951554.1	WP_079732564.1	99.8	648	0.0	1244
WP_049588034.1	WP_049588034.1	100	647	0.0	1221
WP_010951706.1	WP_010951706.1	100	645	0.0	1271
WP_010951524.1	WP_010951524.1	100	645	0.0	1174
WP_010955351.1	WP_010955351.1	100	644	0.0	1326
WP_049586504.1	WP_049586504.1	100	643	0.0	1291
WP_010954939.1	WP_010954939.1	100	643	0.0	1223
WP_010953977.1	WP_010953977.1	100	642	0.0	1319
WP_003248759.1	WP_003248759.1	100	642	0.0	1227
WP_049587524.1	WP_049587524.1	100	641	0.0	1294
WP_010955366.1	WP_010955366.1	100	641	0.0	1206
WP_010953409.1	WP_010953409.1	100	640	0.0	1295
WP_010951786.1	WP_010951786.1	100	640	0.0	1222
WP_003255563.1	WP_003255563.1	100	640	0.0	1259
WP_010955314.1	WP_010955314.1	100	639	0.0	937
WP_010951430.1	WP_010951430.1	100	638	0.0	1295
WP_010951840.1	WP_010951840.1	100	637	0.0	1262
WP_049587821.1	WP_049587821.1	100	636	0.0	1270
WP_010954332.1	WP_010954332.1	100	636	0.0	1242
WP_010952353.1	WP_010952353.1	100	636	0.0	1236
WP_010951580.1	WP_010951580.1	100	636	0.0	1216
WP_232014114.1	WP_232014114.1	100	635	0.0	1285
WP_003250790.1	WP_003250790.1	100	635	0.0	1271
WP_019438135.1	WP_019438135.1	100	634	0.0	1216
WP_012053749.1	WP_012053749.1	100	634	0.0	1240
WP_010955497.1	WP_010955497.1	100	634	0.0	1266
WP_010954944.1	WP_010954944.1	100	634	0.0	1236
WP_003251801.1	WP_003251801.1	100	633	0.0	1239
WP_049586276.1	WP_049586276.1	100	632	0.0	1142
WP_010955484.1	WP_010955484.1	100	632	0.0	1203
WP_010954574.1	WP_010954574.1	100	631	0.0	1271
WP_010953593.1	WP_010953593.1	100	631	0.0	1293
WP_010951809.1	WP_010951809.1	100	631	0.0	1232
WP_010951600.1	WP_010951600.1	100	631	0.0	1230
WP_049588470.1	WP_049588470.1	100	630	0.0	1250
WP_010955422.1	WP_010955422.1	100	629	0.0	1251
WP_010953311.1	WP_010953311.1	100	629	0.0	1283
WP_010951755.1	WP_010951755.1	100	629	0.0	1256
WP_049588487.1	WP_049588487.1	100	628	0.0	1220
WP_010952006.1	WP_010952006.1	100	628	0.0	1260
WP_049587830.1	WP_049587830.1	100	627	0.0	1258
WP_010955550.1	WP_010955550.1	100	626	0.0	1033
WP_010955502.1	WP_010955502.1	100	626	0.0	1267
WP_049587237.1	WP_049587237.1	100	625	0.0	1222
WP_010953273.1	WP_010953273.1	100	623	0.0	1142
WP_010954341.1	WP_010954341.1	100	621	0.0	1182
WP_010952066.1	WP_010952066.1	100	620	0.0	1171
WP_010952061.1	WP_010952061.1	100	620	0.0	1168
WP_049588356.1	WP_049588356.1	100	619	0.0	1223
WP_010955553.1	WP_010955553.1	100	619	0.0	1034
WP_010952383.1	WP_010952383.1	100	619	0.0	1053
WP_010953999.1	WP_010953999.1	100	618	0.0	1229
WP_049586656.1	WP_049586656.1	100	617	0.0	1239
WP_049586363.1	WP_049586363.1	100	617	0.0	1248
WP_028697022.1	WP_028697022.1	100	617	0.0	1185
WP_010954903.1	WP_010954903.1	100	617	0.0	1190
WP_010951832.1	WP_010951832.1	100	617	0.0	1214
WP_197686808.1	WP_197686808.1	100	616	0.0	1191
WP_010953153.1	WP_010953153.1	100	616	0.0	1275
WP_003255578.1	WP_003255578.1	100	616	0.0	1117
WP_049588005.1	WP_049588005.1	100	613	0.0	1217
WP_010955664.1	WP_010955664.1	100	613	0.0	1201
WP_010951726.1	WP_010951726.1	100	612	0.0	1266
WP_061405570.1	WP_061405570.1	100	611	0.0	1129
WP_010955884.1	WP_010955884.1	100	611	0.0	1179
WP_010954917.1	WP_010954917.1	100	611	0.0	1256
WP_010955217.1	WP_010955217.1	100	610	0.0	1169
WP_010952800.1	WP_010952800.1	100	610	0.0	1169
WP_010954916.1	WP_010954916.1	100	609	0.0	1251
WP_010954753.1	WP_010954753.1	100	609	0.0	1127
WP_010953928.1	WP_010953928.1	100	609	0.0	1222
WP_003255057.1	WP_003255057.1	100	608	0.0	1203
WP_010954883.1	WP_010954883.1	100	607	0.0	1187
WP_010955599.1	WP_010955599.1	100	606	0.0	1188
WP_010953993.1	WP_010953993.1	100	606	0.0	1206
WP_010952444.1	WP_010952444.1	100	605	0.0	1132
WP_010953844.1	WP_010953844.1	100	604	0.0	1148
WP_010951634.1	WP_010951634.1	100	604	0.0	1162
WP_049588162.1	WP_049588162.1	100	602	0.0	1209
WP_049587525.1	WP_049587525.1	100	602	0.0	1167
WP_010955513.1	WP_010955513.1	100	602	0.0	1139
WP_010954707.1	WP_010954707.1	100	602	0.0	1216
WP_003253282.1	WP_003253282.1	100	602	0.0	1176
WP_049586916.1	WP_049586916.1	100	601	0.0	1206
WP_010952563.1	WP_010952563.1	100	601	0.0	1155
WP_010951720.1	WP_010951720.1	100	601	0.0	1217
WP_010955524.1	WP_010955524.1	100	600	0.0	1221
WP_010952535.1	WP_010952535.1	100	599	0.0	1165
WP_049588264.1	WP_049588264.1	100	598	0.0	1239
WP_010953518.1	WP_010953518.1	100	597	0.0	1098
WP_010954392.1	WP_010954392.1	100	596	0.0	1155
WP_010955761.1	WP_010955761.1	100	595	0.0	1082
WP_010953598.1	WP_010953598.1	100	595	0.0	1238
WP_010952790.1	WP_010952790.1	100	595	0.0	1219
WP_010954255.1	WP_010954255.1	100	594	0.0	1222
WP_010954900.1	WP_010954900.1	100	593	0.0	1220
WP_010951527.1	WP_010951527.1	100	593	0.0	1134
WP_010955090.1	WP_010955090.1	100	592	0.0	1118
WP_010951722.1	WP_010951722.1	100	592	0.0	1170
WP_049586662.1	WP_049586662.1	100	591	0.0	1163
WP_010955038.1	WP_010955038.1	100	591	0.0	1174
WP_004575741.1	WP_004575741.1	100	591	0.0	1177
WP_010951835.1	WP_010951835.1	100	590	0.0	1128
WP_003254213.1	WP_003254213.1	100	590	0.0	1170
WP_010954409.1	WP_010954409.1	100	589	0.0	1155
WP_010954868.1	WP_010954868.1	100	588	0.0	1180
WP_010953541.1	WP_010953541.1	100	588	0.0	1192
WP_010955151.1	WP_010955151.1	100	587	0.0	1144
WP_010953115.1	WP_010953115.1	100	587	0.0	1086
WP_010955840.1	WP_010955840.1	100	586	0.0	1022
WP_049588131.1	WP_049588131.1	100	585	0.0	1105
WP_010952510.1	WP_010952510.1	100	585	0.0	1113
WP_003249431.1	WP_003249431.1	100	585	0.0	1200
WP_010954230.1	WP_010954230.1	100	584	0.0	1145
WP_010953503.1	WP_010953503.1	100	584	0.0	1159
WP_049587530.1	WP_049587530.1	100	582	0.0	1143
WP_162490564.1	WP_162490564.1	100	581	0.0	1140
WP_010954470.1	WP_010954470.1	100	581	0.0	1119
WP_010954372.1	WP_010954372.1	100	581	0.0	1189
WP_003252632.1	WP_003252632.1	100	581	0.0	1167
WP_049586316.1	WP_049586316.1	100	580	0.0	1181
WP_010955613.1	WP_010955613.1	100	580	0.0	1104
WP_010954846.1	WP_010954846.1	100	580	0.0	1222
WP_010952031.1	WP_010952031.1	100	580	0.0	984
WP_202814911.1	WP_202814911.1	100	579	0.0	1085
WP_003250232.1	WP_003250232.1	100	579	0.0	1194
WP_049588495.1	WP_049588495.1	100	578	0.0	1100
WP_010955633.1	WP_010955633.1	100	578	0.0	1132
WP_010953487.1	WP_010953487.1	100	578	0.0	1095
WP_049587704.1	WP_049587704.1	100	577	0.0	1085
WP_049587194.1	WP_049587194.1	100	577	9.26e-227	637
WP_010953528.1	WP_010953528.1	100	577	0.0	1153
WP_010955378.1	WP_010955378.1	100	576	0.0	1113
WP_010951587.1	WP_010951587.1	100	576	0.0	1140
WP_010955672.1	WP_010955672.1	100	574	0.0	1038
WP_010955332.1	WP_010955332.1	100	574	0.0	1147
WP_010951589.1	WP_010951589.1	100	574	0.0	1163
WP_370688773.1	WP_370688773.1	100	573	0.0	1136
WP_010951970.1	WP_010951970.1	100	573	0.0	1048
WP_010953037.1	WP_010953037.1	100	572	0.0	1030
WP_010952348.1	WP_010952348.1	100	458	7.66e-255	707
WP_010955236.1	WP_010955236.1	100	571	0.0	1160
WP_010954988.1	WP_010954988.1	100	571	0.0	1115
WP_010952358.1	WP_010952358.1	100	571	0.0	1122
WP_010953522.1	WP_010953522.1	100	570	0.0	1168
WP_010951966.1	WP_010951966.1	100	570	0.0	1091
WP_079732495.1	WP_079732495.1	100	569	0.0	1155
WP_010954894.1	WP_010954894.1	100	569	0.0	1118
WP_010952570.1	WP_010952570.1	100	569	0.0	1115
WP_010952515.1	WP_010952515.1	100	568	0.0	1071
WP_010955854.1	WP_010955854.1	100	567	0.0	1081
WP_010953832.1	WP_010953832.1	100	567	0.0	1095
WP_010953806.1	WP_010953806.1	100	567	0.0	1186
WP_010953753.1	WP_010953753.1	100	567	0.0	1139
WP_010955540.1	WP_010955540.1	100	566	0.0	1154
WP_010955611.1	WP_010955611.1	100	565	0.0	1161
WP_010955435.1	WP_010955435.1	100	565	0.0	1087
WP_010955223.1	WP_010955223.1	100	565	0.0	1125
WP_003298414.1	WP_003298414.1	100	565	0.0	1117
WP_049586262.1	WP_049586262.1	100	564	0.0	1122
WP_010954929.1	WP_010954929.1	100	564	0.0	1086
WP_010955086.1	WP_010955086.1	100	563	0.0	1106
WP_010952281.1	WP_010952281.1	100	563	0.0	1113
WP_010955224.1	WP_010955224.1	100	562	0.0	1142
WP_010954324.1	WP_010954324.1	100	562	0.0	1144
WP_010953527.1	WP_010953527.1	100	562	0.0	1148
WP_010953264.1	WP_010953264.1	100	562	0.0	1137
WP_010953234.1	WP_010953234.1	100	562	0.0	1120
WP_049587377.1	WP_049587377.1	100	560	0.0	1122
WP_010955568.1	WP_010955568.1	100	560	0.0	1145
WP_010954959.1	WP_010954959.1	100	560	0.0	1147
WP_010954856.1	WP_010954856.1	100	560	0.0	1141
WP_010952521.1	WP_010952521.1	100	560	0.0	1105
WP_010952004.1	WP_010952004.1	100	560	0.0	1129
WP_010951732.1	WP_010951732.1	100	560	0.0	1172
WP_010951425.1	WP_010951425.1	100	560	0.0	1108
WP_010955566.1	WP_010955566.1	100	559	0.0	1138
WP_010953205.1	WP_010953205.1	100	559	0.0	1045
WP_010953495.1	WP_010953495.1	100	558	0.0	1076
WP_003252673.1	WP_003252673.1	100	558	0.0	1069
WP_049587710.1	WP_049587710.1	100	557	0.0	1090
WP_010955716.1	WP_010955716.1	100	557	0.0	1082
WP_010955368.1	WP_010955368.1	100	557	0.0	1051
WP_010952204.1	WP_010952204.1	100	557	0.0	1108
WP_004577162.1	WP_004577162.1	100	557	0.0	1128
WP_049587908.1	WP_049587908.1	100	556	0.0	1123
WP_049586268.1	WP_049586268.1	100	556	0.0	1069
WP_010955372.1	WP_010955372.1	100	556	0.0	1065
WP_010953092.1	WP_010953092.1	100	556	0.0	1112
WP_010955776.1	WP_010955776.1	100	555	0.0	1090
WP_010955315.1	WP_010955315.1	100	555	0.0	1100
WP_010951931.1	WP_010951931.1	100	555	0.0	1076
WP_010951638.1	WP_010951638.1	100	555	0.0	1101
WP_049587202.1	WP_049587202.1	100	554	0.0	1095
WP_010955350.1	WP_010955350.1	100	554	0.0	1114
WP_010954228.1	WP_010954228.1	100	554	0.0	1124
WP_010952844.1	WP_010952844.1	100	554	0.0	1075
WP_010952787.1	WP_010952787.1	100	554	0.0	1043
WP_010954738.1	WP_010954738.1	100	553	0.0	1141
WP_010954401.1	WP_010954401.1	100	553	0.0	1066
WP_010951656.1	WP_010951656.1	100	553	0.0	1110
WP_010954971.1	WP_010954971.1	100	552	0.0	1070
WP_010954518.1	WP_010954518.1	100	552	0.0	1104
WP_010953706.1	WP_010953706.1	100	552	0.0	1024
WP_010952268.1	WP_010952268.1	100	552	0.0	1107
WP_010951539.1	WP_010951539.1	100	552	0.0	992
WP_010955402.1	WP_010955402.1	100	550	0.0	1115
WP_010953329.1	WP_010953329.1	100	550	0.0	1103
WP_010953747.1	WP_010953747.1	100	549	0.0	1105
WP_049588436.1	WP_049588436.1	100	548	0.0	1125
WP_049587516.1	WP_049587516.1	100	548	0.0	1112
WP_049587427.1	WP_049587427.1	100	548	0.0	1018
WP_010953720.1	WP_051122558.1	100	528	0.0	1091
WP_010953704.1	WP_010953704.1	100	548	0.0	1090
WP_049586629.1	WP_049586629.1	100	547	0.0	963
WP_004576806.1	WP_004576806.1	100	547	0.0	1088
WP_049588491.1	WP_049588491.1	100	546	0.0	1088
WP_010953501.1	WP_010953501.1	100	546	0.0	1056
WP_010953260.1	WP_010953260.1	100	546	0.0	997
WP_010952474.1	WP_010952474.1	100	546	0.0	991
WP_003255652.1	WP_003255652.1	100	546	2.31e-302	826
WP_010955260.1	WP_010955260.1	100	545	0.0	1092
WP_010954431.1	WP_010954431.1	100	545	0.0	1078
WP_010953654.1	WP_010953654.1	100	545	0.0	1055
WP_010952502.1	WP_010952502.1	100	545	0.0	1043
WP_010952387.1	WP_010952387.1	100	545	0.0	1091
WP_110771795.1	WP_110771795.1	100	544	0.0	1097
WP_010953036.1	WP_010953036.1	100	543	0.0	1051
WP_003252329.1	WP_003252329.1	100	542	0.0	1082
WP_020192192.1	WP_020192192.1	100	541	0.0	961
WP_010953925.1	WP_010953925.1	100	541	0.0	1061
WP_010952093.1	WP_010952093.1	100	541	0.0	1096
WP_049587492.1	WP_049587492.1	100	540	0.0	1061
WP_010955720.1	WP_010955720.1	100	540	0.0	1026
WP_010954967.1	WP_010954967.1	100	540	0.0	1151
WP_010954408.1	WP_010954408.1	100	540	0.0	1108
WP_010952581.1	WP_010952581.1	100	540	1.97e-286	785
WP_020191871.1	WP_020191871.1	100	539	0.0	944
WP_010954309.1	WP_010954309.1	100	539	0.0	1074
WP_010954107.1	WP_010954107.1	100	539	0.0	1080
WP_010954104.1	WP_010954104.1	100	539	0.0	1016
WP_010953827.1	WP_010953827.1	100	539	0.0	1072
WP_010952233.1	WP_010952233.1	100	539	0.0	1079
WP_010951466.1	WP_010951466.1	100	539	0.0	1011
WP_172830966.1	WP_172830966.1	100	538	0.0	1035
WP_010954887.1	WP_010954887.1	100	538	0.0	1028
WP_010954295.1	WP_010954295.1	100	538	0.0	1049
WP_010953552.1	WP_010953552.1	100	537	0.0	1015
WP_010952393.1	WP_010952393.1	100	537	0.0	1056
WP_172835036.1	WP_172835036.1	100	536	0.0	1086
WP_049586549.1	WP_049586549.1	100	535	0.0	1066
WP_010954858.1	WP_010954858.1	100	535	0.0	1061
WP_010952335.1	WP_010952335.1	100	535	0.0	1032
WP_010952294.1	WP_010952294.1	100	535	0.0	1063
WP_003249687.1	WP_003249687.1	100	535	0.0	1041
WP_003247330.1	WP_003247330.1	100	535	0.0	963
WP_049587543.1	WP_049587543.1	100	534	0.0	1076
WP_010954920.1	WP_010954920.1	100	534	0.0	1030
WP_010952828.1	WP_010952828.1	100	534	0.0	1080
WP_010952532.1	WP_010952532.1	100	534	0.0	1082
WP_019437393.1	WP_019437393.1	100	532	0.0	1033
WP_010955882.1	WP_010955882.1	100	532	0.0	1074
WP_010955766.1	WP_010955766.1	100	532	0.0	989
WP_010955659.1	WP_010955659.1	100	532	0.0	1088
WP_049588057.1	WP_049588057.1	100	530	0.0	1048
WP_010952092.1	WP_010952092.1	100	530	0.0	1073
WP_010955788.1	WP_010955788.1	100	529	0.0	1048
WP_010955623.1	WP_010955623.1	100	529	0.0	923
WP_010951506.1	WP_010951506.1	100	529	0.0	1068
WP_010954301.1	WP_010954301.1	100	528	0.0	1061
WP_010953836.1	WP_010953836.1	100	528	0.0	1030
WP_003248481.1	WP_003248481.1	100	527	0.0	1060
WP_049588074.1	WP_049588074.1	100	526	0.0	1032
WP_010955161.1	WP_010955161.1	100	526	0.0	1027
WP_010954447.1	WP_010954447.1	100	526	0.0	994
WP_010953856.1	WP_010953856.1	100	526	0.0	1041
WP_010953508.1	WP_010953508.1	100	526	0.0	1015
WP_049587057.1	WP_049587057.1	100	525	0.0	1061
WP_010952390.1	WP_010952390.1	100	525	0.0	1001
WP_010952209.1	WP_010952209.1	100	525	0.0	1059
WP_010954218.1	WP_010954218.1	100	524	0.0	1031
WP_010953251.1	WP_010953251.1	100	524	0.0	991
WP_049587605.1	WP_049587605.1	100	523	0.0	1006
WP_010954303.1	WP_010954303.1	100	523	0.0	983
WP_010954126.1	WP_010954126.1	100	522	0.0	1016
WP_010951740.1	WP_010951740.1	100	522	0.0	1076
WP_049587725.1	WP_049587725.1	100	521	0.0	1050
WP_049587257.1	WP_049587257.1	100	521	0.0	1036
WP_010955475.1	WP_010955475.1	100	521	0.0	964
WP_010955204.1	WP_010955204.1	100	521	3.40e-310	843
WP_010953109.1	WP_010953109.1	100	521	5.90e-311	845
WP_010951481.1	WP_010951481.1	100	521	0.0	964
WP_003254454.1	WP_003254454.1	100	521	0.0	959
WP_049586956.1	WP_049586956.1	100	520	0.0	1014
WP_010953390.1	WP_010953390.1	100	520	0.0	997
WP_079732532.1	WP_079732532.1	100	519	0.0	1026
WP_019437210.1	WP_019437210.1	100	519	0.0	1016
WP_010955180.1	WP_010955180.1	100	519	0.0	1026
WP_010954845.1	WP_010954845.1	100	519	0.0	1069
WP_003251754.1	WP_003251754.1	100	519	0.0	1030
WP_010955059.1	WP_010955059.1	100	518	0.0	955
WP_010952043.1	WP_010952043.1	100	518	0.0	1000
WP_049587670.1	WP_049587670.1	100	517	0.0	978
WP_010955784.1	WP_010955784.1	100	517	0.0	1028
WP_010954618.1	WP_010954618.1	100	517	0.0	1035
WP_010954446.1	WP_010954446.1	100	517	0.0	1030
WP_010953608.1	WP_010953608.1	100	516	0.0	999
WP_033725201.1	WP_033725201.1	100	515	0.0	1001
WP_010952469.1	WP_010952469.1	100	515	0.0	964
WP_010955887.1	WP_010955887.1	100	514	0.0	978
WP_049588397.1	WP_049588397.1	100	513	0.0	995
WP_010953743.1	WP_010953743.1	100	513	0.0	1003
WP_010952401.1	WP_010952401.1	100	513	0.0	991
WP_020190708.1	WP_020190708.1	100	512	0.0	1023
WP_010954017.1	WP_010954017.1	100	512	0.0	923
WP_010953671.1	WP_010953671.1	100	512	0.0	969
WP_004577288.1	WP_004577288.1	100	512	0.0	964
WP_010955606.1	WP_010955606.1	100	511	0.0	999
WP_010955488.1	WP_010955488.1	100	511	0.0	1002
WP_010955146.1	WP_010955146.1	100	511	0.0	1014
WP_010954780.1	WP_010954780.1	100	511	0.0	1016
WP_010954362.1	WP_010954362.1	100	511	0.0	1020
WP_010953296.1	WP_010953296.1	100	511	0.0	963
WP_004575310.1	WP_004575310.1	100	511	0.0	1001
WP_020191557.1	WP_020191557.1	100	510	0.0	945
WP_010955589.1	WP_010955589.1	100	510	0.0	968
WP_010955047.1	WP_010955047.1	100	510	0.0	1000
WP_010954904.1	WP_010954904.1	100	510	0.0	986
WP_010954877.1	WP_010951895.1	99.6	510	0.0	1022
WP_010954007.1	WP_010954007.1	100	510	0.0	1030
WP_010951895.1	WP_010951895.1	100	510	0.0	1026
WP_010955831.1	WP_010955831.1	100	509	0.0	981
WP_010952395.1	WP_010952395.1	100	509	0.0	979
WP_010955322.1	WP_010955322.1	100	508	0.0	975
WP_010954020.1	WP_010954020.1	100	508	0.0	958
WP_010953714.1	WP_010953714.1	100	508	0.0	1051
WP_010953646.1	WP_010953646.1	100	508	0.0	1061
WP_003255232.1	WP_003255232.1	100	507	0.0	1006
WP_010954061.1	WP_010954061.1	100	506	0.0	1021
WP_010953599.1	WP_010953599.1	100	506	0.0	1011
WP_010951822.1	WP_010951822.1	100	506	0.0	1014
WP_010951427.1	WP_010951427.1	100	506	0.0	954
WP_010955409.1	WP_010955409.1	100	505	0.0	1028
WP_010955302.1	WP_010955302.1	100	505	0.0	944
WP_010954161.1	WP_010954161.1	100	505	0.0	963
WP_010951483.1	WP_010951483.1	100	505	0.0	1050
WP_049586675.1	WP_049586675.1	100	504	0.0	952
WP_010955682.1	WP_010955682.1	100	504	0.0	1005
WP_010952523.1	WP_010952523.1	100	504	0.0	937
WP_010951963.1	WP_010951963.1	100	504	0.0	964
WP_010952373.1	WP_010952373.1	100	502	0.0	957
WP_010951993.1	WP_010951993.1	100	502	0.0	983
WP_003255078.1	WP_003255078.1	100	502	0.0	973
WP_010954837.1	WP_010954837.1	100	501	0.0	1022
WP_003247207.1	WP_003247207.1	100	501	0.0	993
WP_010955738.1	WP_010955738.1	100	500	0.0	995
WP_010954829.1	WP_010954829.1	100	500	0.0	944
WP_010953816.1	WP_010953816.1	100	500	0.0	959
WP_010952588.1	WP_010952588.1	100	500	0.0	983
WP_003248356.1	WP_003248356.1	100	500	0.0	992
WP_024765054.1	WP_024765054.1	100	499	0.0	984
WP_010954578.1	WP_010954578.1	100	499	0.0	993
WP_010954534.1	WP_010954534.1	100	499	0.0	963
WP_010952247.1	WP_010952247.1	100	499	0.0	1009
WP_010951957.1	WP_010951957.1	100	499	0.0	979
WP_060489779.1	WP_010953511.1	99.8	497	0.0	977
WP_010955785.1	WP_010955785.1	100	497	0.0	980
WP_010954328.1	WP_010954328.1	100	497	0.0	983
WP_010954288.1	WP_010954288.1	100	497	0.0	964
WP_010953943.1	WP_010953943.1	100	497	0.0	1003
WP_010952792.1	WP_010952792.1	100	497	0.0	1003
WP_010952169.1	WP_010952169.1	100	497	0.0	964
WP_003255276.1	WP_003255276.1	100	497	0.0	984
WP_003255133.1	WP_003255133.1	100	497	0.0	949
WP_003252922.1	WP_003252922.1	100	497	0.0	966
WP_232014088.1	WP_232014088.1	100	496	0.0	1003
WP_172402858.1	WP_172402858.1	100	496	0.0	964
WP_061405662.1	WP_061405662.1	100	496	0.0	956
WP_010955755.1	WP_010955755.1	100	496	0.0	974
WP_010955650.1	WP_010955650.1	100	496	0.0	944
WP_010954833.1	WP_010954833.1	100	496	0.0	979
WP_010954434.1	WP_010954434.1	100	496	0.0	902
WP_010953562.1	WP_010953562.1	100	496	0.0	965
WP_010953543.1	WP_010953543.1	100	496	0.0	991
WP_010952034.1	WP_010952034.1	100	496	0.0	975
WP_003253547.1	WP_003253547.1	100	496	0.0	966
WP_061405677.1	WP_061405677.1	100	495	0.0	1036
WP_049587439.1	WP_049587439.1	100	495	0.0	969
WP_049586719.1	WP_049586719.1	100	495	0.0	899
WP_010955299.1	WP_010955299.1	100	495	0.0	1011
WP_010954695.1	WP_010954695.1	100	495	0.0	952
WP_010955649.1	WP_010955649.1	100	494	1.07e-297	810
WP_010953301.1	WP_010953301.1	100	494	0.0	983
WP_010954488.1	WP_010954488.1	100	493	0.0	955
WP_010952995.1	WP_010952995.1	100	493	0.0	1001
WP_010952518.1	WP_010952518.1	100	493	0.0	959
WP_010951754.1	WP_010951754.1	100	493	0.0	977
WP_003251762.1	WP_003251762.1	100	493	0.0	969
WP_003249963.1	WP_003249963.1	100	493	0.0	871
WP_010955522.1	WP_010955522.1	100	492	0.0	935
WP_010953278.1	WP_010953278.1	100	492	4.94e-309	838
WP_010952413.1	WP_010952413.1	100	492	0.0	1009
WP_049587930.1	WP_049587930.1	100	491	0.0	998
WP_049586534.1	WP_049586534.1	100	491	3.03e-314	851
WP_010955093.1	WP_010955093.1	100	491	0.0	957
WP_010952483.1	WP_010952483.1	100	491	0.0	899
WP_010955866.1	WP_010955866.1	100	490	0.0	944
WP_010955130.1	WP_010955130.1	100	490	0.0	975
WP_003251935.1	WP_003251935.1	100	490	0.0	945
WP_003249182.1	WP_003249182.1	100	490	0.0	957
WP_010955377.1	WP_010955377.1	100	489	0.0	1001
WP_010954905.1	WP_010954905.1	100	489	0.0	895
WP_010953625.1	WP_010953625.1	100	489	0.0	956
WP_010952201.1	WP_010952201.1	100	489	0.0	985
WP_003255025.1	WP_003255025.1	100	489	0.0	917
WP_010954864.1	WP_010954864.1	100	488	0.0	949
WP_010954022.1	WP_010954022.1	100	488	0.0	979
WP_003253663.1	WP_003253663.1	100	488	0.0	1008
WP_010955401.1	WP_010955401.1	100	487	0.0	977
WP_010955175.1	WP_010955175.1	100	487	0.0	947
WP_010954515.1	WP_010954515.1	100	487	0.0	981
WP_010953546.1	WP_010953546.1	100	487	0.0	947
WP_010953137.1	WP_010953137.1	100	487	0.0	951
WP_010952071.1	WP_010952071.1	100	487	0.0	946
WP_049588303.1	WP_049588303.1	100	486	0.0	980
WP_020193355.1	WP_020193355.1	100	485	0.0	972
WP_010955492.1	WP_010955492.1	100	485	3.01e-311	843
WP_010952409.1	WP_010952409.1	100	485	0.0	981
WP_010952135.1	WP_010952135.1	100	485	0.0	936
WP_049586694.1	WP_049586694.1	100	484	0.0	951
WP_010955192.1	WP_010955192.1	100	484	0.0	947
WP_010955023.1	WP_010955023.1	100	484	0.0	967
WP_010954769.1	WP_010954769.1	100	484	0.0	938
WP_010952731.1	WP_010952731.1	100	484	0.0	947
WP_010952492.1	WP_010952492.1	100	484	0.0	913
WP_010952403.1	WP_010952403.1	100	484	0.0	897
WP_010952195.1	WP_010952195.1	100	484	0.0	925
WP_010951444.1	WP_010951444.1	100	484	0.0	984
WP_003251912.1	WP_003251912.1	100	484	0.0	934
WP_003251742.1	WP_003251742.1	100	484	0.0	966
WP_003249221.1	WP_003249221.1	100	484	0.0	966
WP_049587863.1	WP_049587863.1	100	483	0.0	885
WP_010954289.1	WP_010954289.1	100	483	0.0	915
WP_010953762.1	WP_010953762.1	100	483	1.61e-154	446
WP_010952496.1	WP_010952496.1	100	483	0.0	913
WP_010952131.1	WP_010952131.1	100	483	0.0	947
WP_049588498.1	WP_049588498.1	100	482	0.0	922
WP_010954233.1	WP_010954233.1	100	482	0.0	908
WP_010952455.1	WP_010952455.1	100	482	0.0	941
WP_003255355.1	WP_003255355.1	100	482	0.0	917
WP_049587681.1	WP_049587681.1	100	440	1.40e-94	292
WP_010955853.1	WP_010955853.1	100	481	0.0	945
WP_010954661.1	WP_010954661.1	100	481	0.0	924
WP_010954376.1	WP_010954376.1	100	481	0.0	884
WP_010952130.1	WP_010952130.1	100	481	0.0	938
WP_049588236.1	WP_049588236.1	100	480	0.0	902
WP_049587479.1	WP_049587479.1	100	480	0.0	956
WP_010955346.1	WP_010955346.1	100	480	0.0	905
WP_010953610.1	WP_010953610.1	100	480	0.0	945
WP_010952831.1	WP_010952831.1	100	480	9.60e-287	781
WP_010952813.1	WP_010952813.1	100	480	0.0	959
WP_010952422.1	WP_010952422.1	100	480	0.0	882
WP_010951984.1	WP_010951984.1	100	480	0.0	1000
WP_010951788.1	WP_010951788.1	100	480	0.0	912
WP_010951699.1	WP_010951699.1	100	480	0.0	961
WP_010951596.1	WP_010951596.1	100	480	0.0	926
WP_003254500.1	WP_003254500.1	100	480	0.0	891
WP_003254284.1	WP_003254284.1	100	480	0.0	983
WP_003254223.1	WP_003254223.1	100	480	0.0	946
WP_003253271.1	WP_003253271.1	100	480	0.0	972
WP_049588388.1	WP_049588388.1	100	479	0.0	955
WP_049588266.1	WP_049588266.1	100	479	0.0	985
WP_010952411.1	WP_010952411.1	100	479	0.0	971
WP_010952138.1	WP_010952138.1	100	479	0.0	922
WP_010951918.1	WP_010951918.1	100	479	0.0	880
WP_010951777.1	WP_010951777.1	100	479	0.0	991
WP_010955601.1	WP_010955601.1	100	478	0.0	944
WP_010955379.1	WP_010955379.1	100	478	0.0	967
WP_010955309.1	WP_010955309.1	100	478	0.0	965
WP_010954949.1	WP_010954949.1	100	478	0.0	918
WP_010952952.1	WP_010952952.1	100	478	0.0	920
WP_010952374.1	WP_010952374.1	100	478	0.0	914
WP_010952041.1	WP_010952041.1	100	478	0.0	900
WP_003252919.1	WP_003252919.1	100	478	0.0	894
WP_049587327.1	WP_049587327.1	100	477	1.22e-262	719
WP_010955503.1	WP_010955503.1	100	477	0.0	897
WP_010954583.1	WP_010954583.1	100	477	0.0	949
WP_010953002.1	WP_010953002.1	100	477	0.0	934
WP_010952812.1	WP_010952812.1	100	477	0.0	965
WP_010952477.1	WP_010952477.1	100	477	0.0	981
WP_162490574.1	WP_162490574.1	100	476	0.0	948
WP_010955657.1	WP_010955657.1	100	476	0.0	946
WP_010955485.1	WP_010955485.1	100	476	0.0	885
WP_010955117.1	WP_010955117.1	100	476	0.0	951
WP_010954915.1	WP_010954915.1	100	476	0.0	918
WP_010954326.1	WP_010954326.1	100	476	0.0	965
WP_010954094.1	WP_010954094.1	100	476	0.0	941
WP_010951956.1	WP_010951956.1	100	476	0.0	942
WP_049586925.1	WP_049586925.1	100	475	0.0	939
WP_010955770.1	WP_010955770.1	100	475	0.0	894
WP_010954287.1	WP_010954287.1	100	475	0.0	926
WP_010952187.1	WP_010952187.1	100	475	0.0	887
WP_010952114.1	WP_010952114.1	100	475	0.0	962
WP_010951785.1	WP_010951785.1	100	475	0.0	895
WP_003255067.1	WP_003255067.1	100	475	0.0	895
WP_003249408.1	WP_003249408.1	100	475	0.0	896
WP_049587745.1	WP_049587745.1	100	474	0.0	891
WP_029380744.1	WP_029380744.1	100	474	0.0	912
WP_010953710.1	WP_010953710.1	100	474	0.0	947
WP_010953472.1	WP_010953472.1	100	474	0.0	950
WP_010952574.1	WP_010952574.1	100	474	0.0	940
WP_003254280.1	WP_003254280.1	100	474	0.0	981
WP_049587496.1	WP_269471999.1	99.8	429	6.38e-319	860
WP_010954031.1	WP_010954031.1	100	473	0.0	933
WP_010953719.1	WP_010953719.1	100	473	0.0	959
WP_010952877.1	WP_010952877.1	100	473	0.0	946
WP_010952386.1	WP_138868007.1	99.8	473	0.0	940
WP_010951893.1	WP_138868000.1	99.6	473	0.0	940
WP_003255509.1	WP_003255509.1	100	473	0.0	899
WP_003249449.1	WP_003249449.1	100	473	0.0	900
WP_079732510.1	WP_079732510.1	100	472	0.0	890
WP_010955506.1	WP_010955506.1	100	472	0.0	871
WP_010955183.1	WP_010955183.1	100	472	0.0	909
WP_010954010.1	WP_010954010.1	100	472	0.0	937
WP_010951923.1	WP_010951923.1	100	472	0.0	910
WP_010951566.1	WP_010951566.1	100	472	0.0	887
WP_010951441.1	WP_010951441.1	100	472	0.0	902
WP_004576289.1	WP_004576289.1	100	472	0.0	924
WP_003254987.1	WP_003254987.1	100	472	0.0	915
WP_003249156.1	WP_003249156.1	100	472	0.0	960
WP_010955008.1	WP_010955008.1	100	471	0.0	941
WP_010954611.1	WP_010954611.1	100	471	0.0	935
WP_010954293.1	WP_010954293.1	100	471	0.0	875
WP_010952834.1	WP_010952834.1	100	471	0.0	874
WP_003254349.1	WP_003254349.1	100	471	0.0	901
WP_003253279.1	WP_003253279.1	100	471	0.0	932
WP_010954966.1	WP_010954966.1	100	470	1.13e-319	863
WP_010954554.1	WP_010954554.1	100	470	0.0	954
WP_010954495.1	WP_010954495.1	100	470	0.0	906
WP_010953480.1	WP_010953480.1	100	470	0.0	942
WP_004575400.1	WP_004575400.1	100	470	0.0	895
WP_021783768.1	WP_021783768.1	100	469	0.0	939
WP_010954400.1	WP_010954400.1	100	469	0.0	932
WP_010953658.1	WP_010953658.1	100	469	0.0	968
WP_010953605.1	WP_010953605.1	100	469	0.0	947
WP_010953435.1	WP_010953435.1	100	469	0.0	929
WP_010952565.1	WP_010952565.1	100	469	0.0	934
WP_010951879.1	WP_010951879.1	100	469	0.0	933
WP_110771814.1	WP_110771814.1	100	468	0.0	908
WP_049586433.1	WP_049586433.1	100	468	0.0	960
WP_010955554.1	WP_010955554.1	100	468	0.0	957
WP_010955447.1	WP_010955447.1	100	468	0.0	895
WP_010954562.1	WP_010954562.1	100	468	0.0	904
WP_010954407.1	WP_010954407.1	100	468	0.0	905
WP_010953280.1	WP_010953280.1	100	468	0.0	897
WP_010951633.1	WP_010951633.1	100	468	0.0	893
WP_010951591.1	WP_010951591.1	100	468	0.0	907
WP_010951538.1	WP_010951538.1	100	468	0.0	936
WP_003249219.1	WP_003249219.1	100	468	0.0	954
WP_370688748.1	WP_370688748.1	100	467	0.0	894
WP_051122585.1	WP_051122585.1	100	467	0.0	867
WP_049586196.1	WP_049586196.1	100	467	9.08e-313	845
WP_049586148.1	WP_049586148.1	100	467	0.0	870
WP_010955806.1	WP_010955806.1	100	467	0.0	920
WP_010955588.1	WP_010955588.1	100	467	0.0	899
WP_010955518.1	WP_010955518.1	100	467	0.0	957
WP_010954483.1	WP_010954483.1	100	467	0.0	912
WP_010954399.1	WP_010954399.1	100	467	0.0	936
WP_049588211.1	WP_049588211.1	100	466	0.0	910
WP_010955849.1	WP_010955849.1	100	466	0.0	920
WP_010951904.1	WP_010951904.1	100	466	0.0	888
WP_223296393.1	WP_223296393.1	100	465	0.0	949
WP_049588320.1	WP_049588320.1	100	465	0.0	937
WP_029886623.1	WP_029886623.1	100	465	0.0	941
WP_010955472.1	WP_010955472.1	100	465	0.0	900
WP_010954719.1	WP_010954719.1	100	465	0.0	876
WP_110771776.1	WP_110771776.1	100	464	0.0	892
WP_049588037.1	WP_049588037.1	100	464	0.0	920
WP_010955773.1	WP_010955773.1	100	464	0.0	897
WP_010955159.1	WP_010955159.1	100	464	0.0	923
WP_010953139.1	WP_010953139.1	100	464	0.0	926
WP_010952795.1	WP_010952795.1	100	464	0.0	903
WP_010951821.1	WP_010951821.1	100	464	0.0	915
WP_010951779.1	WP_010951779.1	100	464	0.0	874
WP_003251772.1	WP_003251772.1	100	464	0.0	926
WP_010955669.1	WP_010955669.1	100	463	0.0	903
WP_010955667.1	WP_010955667.1	100	463	4.28e-309	836
WP_010955384.1	WP_010955384.1	100	463	0.0	885
WP_010955129.1	WP_010955129.1	100	463	0.0	922
WP_010954807.1	WP_010954807.1	100	463	0.0	900
WP_010954226.1	WP_010954226.1	100	463	0.0	955
WP_010953973.1	WP_010953973.1	100	463	3.45e-315	851
WP_010953813.1	WP_010953813.1	100	463	2.08e-316	854
WP_010953808.1	WP_010953808.1	100	463	0.0	905
WP_010953478.1	WP_010953478.1	100	463	0.0	929
WP_010487163.1	WP_010487163.1	100	463	0.0	897
WP_010955775.1	WP_010955775.1	100	462	0.0	877
WP_010951920.1	WP_010951920.1	100	462	0.0	927
WP_010954040.1	WP_010954040.1	100	461	0.0	899
WP_010953737.1	WP_010953737.1	100	461	0.0	884
WP_010953249.1	WP_010953249.1	100	461	0.0	909
WP_010951910.1	WP_010951910.1	100	461	3.01e-308	833
WP_010951653.1	WP_010951653.1	100	461	3.26e-319	861
WP_010951604.1	WP_010951604.1	100	461	0.0	921
WP_049588137.1	WP_049588137.1	100	460	9.59e-320	862
WP_049586101.1	WP_049586101.1	100	460	0.0	865
WP_020192246.1	WP_020192246.1	100	460	0.0	908
WP_010955798.1	WP_010955798.1	100	460	0.0	927
WP_010955347.1	WP_010955347.1	100	460	0.0	904
WP_010955116.1	WP_010955116.1	100	460	0.0	869
WP_010955013.1	WP_010955013.1	100	460	0.0	928
WP_010954889.1	WP_010954889.1	100	460	1.92e-320	865
WP_010953848.1	WP_010953848.1	100	460	0.0	904
WP_010953807.1	WP_010953807.1	100	460	0.0	942
WP_010952539.1	WP_010952539.1	100	460	0.0	882
WP_003250846.1	WP_003250846.1	100	460	0.0	940
WP_049587365.1	WP_049587365.1	100	459	0.0	869
WP_020193354.1	WP_020193354.1	100	459	0.0	961
WP_010955206.1	WP_010955206.1	100	459	2.41e-313	846
WP_010955113.1	WP_010955113.1	100	459	0.0	895
WP_010954802.1	WP_010954802.1	100	459	3.26e-295	800
WP_010953708.1	WP_010953708.1	100	459	0.0	915
WP_010952206.1	WP_010952206.1	100	459	1.15e-288	784
WP_010952091.1	WP_010952091.1	100	459	0.0	919
WP_049586460.1	WP_049586460.1	100	458	5.20e-319	860
WP_010955711.1	WP_010955711.1	100	458	0.0	928
WP_010954033.1	WP_010954033.1	100	458	0.0	907
WP_010954021.1	WP_010954021.1	100	458	2.84e-316	853
WP_010952712.1	WP_010952712.1	100	458	0.0	923
WP_010952174.1	WP_010952174.1	100	458	0.0	904
WP_010951662.1	WP_010951662.1	100	458	0.0	902
WP_003253197.1	WP_003253197.1	100	458	0.0	888
WP_003252139.1	WP_003252139.1	100	458	1.64e-299	811
WP_162490567.1	WP_162490567.1	100	457	1.98e-311	841
WP_049588139.1	WP_049588139.1	100	457	0.0	915
WP_010953481.1	WP_010953481.1	100	457	0.0	893
WP_010951472.1	WP_010951472.1	100	457	0.0	879
WP_003256095.1	WP_003256095.1	100	457	0.0	919
WP_010955653.1	WP_010955653.1	100	456	0.0	867
WP_010954819.1	WP_010954819.1	100	456	0.0	893
WP_010953842.1	WP_010953842.1	100	456	0.0	894
WP_010951424.1	WP_010951424.1	100	456	0.0	880
WP_003251626.1	WP_003251626.1	100	456	0.0	880
WP_051122564.1	WP_051122564.1	100	455	0.0	933
WP_010955885.1	WP_010955885.1	100	455	0.0	867
WP_010955713.1	WP_010955713.1	100	455	0.0	894
WP_010955446.1	WP_010955446.1	100	455	0.0	885
WP_010954834.1	WP_010954834.1	100	455	0.0	895
WP_010954170.1	WP_010954170.1	100	455	0.0	907
WP_010954115.1	WP_010954115.1	100	455	0.0	944
WP_010953717.1	WP_010953717.1	100	455	0.0	905
WP_010952451.1	WP_010952451.1	100	455	2.91e-319	861
WP_010951639.1	WP_010951639.1	100	455	0.0	877
WP_049588316.1	WP_049588316.1	100	454	1.20e-299	811
WP_010955592.1	WP_010955592.1	100	454	0.0	904
WP_010955221.1	WP_010955221.1	100	454	0.0	926
WP_010954387.1	WP_010954387.1	100	454	0.0	932
WP_010953630.1	WP_010953630.1	100	454	0.0	893
WP_010952007.1	WP_010952007.1	100	454	0.0	916
WP_003247701.1	WP_003247701.1	100	454	0.0	905
WP_012051553.1	WP_012051553.1	100	453	6.87e-310	837
WP_010955709.1	WP_010955709.1	100	453	0.0	936
WP_010954901.1	WP_010954901.1	100	453	0.0	928
WP_010954774.1	WP_010954774.1	100	453	5.52e-316	852
WP_010952814.1	WP_010952814.1	100	453	0.0	910
WP_003255172.1	WP_003255172.1	100	453	0.0	873
WP_172830945.1	WP_172830945.1	100	452	9.55e-289	783
WP_010955710.1	WP_010955710.1	100	452	0.0	909
WP_010955202.1	WP_010955202.1	100	452	3.91e-320	863
WP_010955095.1	WP_010955095.1	100	452	6.32e-294	796
WP_010954037.1	WP_010954037.1	100	452	0.0	919
WP_010953166.1	WP_010953166.1	100	452	0.0	919
WP_010952714.1	WP_010952714.1	100	452	0.0	885
WP_004374325.1	WP_004374325.1	100	452	0.0	942
WP_049586188.1	WP_049586188.1	100	451	0.0	900
WP_010955430.1	WP_010955430.1	100	451	0.0	865
WP_010955091.1	WP_010955091.1	100	451	2.01e-317	856
WP_010955088.1	WP_010955088.1	100	451	0.0	876
WP_010955033.1	WP_010955033.1	100	451	2.85e-317	855
WP_010954648.1	WP_010954648.1	100	451	0.0	888
WP_010951837.1	WP_010951837.1	100	451	0.0	880
WP_004575476.1	WP_004575476.1	100	451	0.0	884
WP_003255333.1	WP_003255333.1	100	451	0.0	903
WP_049587451.1	WP_049587451.1	100	450	0.0	877
WP_049587208.1	WP_049587208.1	100	450	3.92e-320	862
WP_049586612.1	WP_049586612.1	100	450	0.0	881
WP_010955167.1	WP_010955167.1	100	450	0.0	895
WP_010954498.1	WP_010954498.1	100	450	2.82e-312	843
WP_010954285.1	WP_010954285.1	100	450	1.82e-308	833
WP_010953483.1	WP_010953483.1	100	450	0.0	898
WP_010953144.1	WP_010953144.1	100	450	0.0	870
WP_010952487.1	WP_010952487.1	100	450	2.75e-319	860
WP_010952372.1	WP_010952372.1	100	450	0.0	879
WP_049586229.1	WP_049586229.1	100	449	0.0	910
WP_010955174.1	WP_010955174.1	100	449	0.0	884
WP_010955029.1	WP_010955029.1	100	449	2.33e-315	850
WP_010952434.1	WP_010952434.1	100	449	0.0	885
WP_010951824.1	WP_010951824.1	100	449	0.0	902
WP_029615326.1	WP_029615326.1	100	448	0.0	870
WP_014589820.1	WP_014589820.1	100	448	0.0	875
WP_010955879.1	WP_010955879.1	100	448	0.0	879
WP_010955385.1	WP_010955385.1	100	448	0.0	911
WP_010953164.1	WP_010953164.1	100	448	0.0	922
WP_010952895.1	WP_010952895.1	100	448	0.0	907
WP_010952484.1	WP_010952484.1	100	448	3.73e-316	852
WP_010952340.1	WP_010952340.1	100	448	1.98e-311	840
WP_010951866.1	WP_010951866.1	100	448	0.0	905
WP_010951584.1	WP_010951584.1	100	448	2.11e-306	828
WP_010951528.1	WP_010951528.1	100	448	1.97e-320	863
WP_049588212.1	WP_049588212.1	100	447	0.0	899
WP_010954472.1	WP_010954472.1	100	447	0.0	899
WP_010954465.1	WP_010954465.1	100	447	0.0	922
WP_010954079.1	WP_010954079.1	100	447	0.0	905
WP_010953991.1	WP_010953991.1	100	447	0.0	900
WP_010953571.1	WP_010953571.1	100	447	7.44e-311	839
WP_010952199.1	WP_010952199.1	100	447	0.0	933
WP_003253422.1	WP_003253422.1	100	447	0.0	902
WP_003249308.1	WP_003249308.1	100	447	4.30e-310	837
WP_010955814.1	WP_010955814.1	100	446	2.77e-319	860
WP_010955358.1	WP_010955358.1	100	446	0.0	877
WP_010955190.1	WP_010955190.1	100	446	0.0	868
WP_010955032.1	WP_010955032.1	100	446	1.07e-314	848
WP_010954615.1	WP_010954615.1	100	446	0.0	925
WP_010954573.1	WP_010954573.1	100	446	2.57e-306	827
WP_010953663.1	WP_010953663.1	100	446	0.0	922
WP_010953486.1	WP_010953486.1	100	446	6.44e-316	852
WP_010953294.1	WP_010953294.1	100	446	0.0	892
WP_010952761.1	WP_010952761.1	100	446	4.53e-316	852
WP_010952716.1	WP_010952716.1	100	446	0.0	915
WP_010952272.1	WP_010952272.1	100	446	0.0	910
WP_003247498.1	WP_003247498.1	100	446	0.0	897
WP_232014161.1	WP_232014161.1	100	445	9.92e-320	861
WP_010953537.1	WP_010953537.1	100	445	0.0	894
WP_010953364.1	WP_010953364.1	100	445	6.37e-311	839
WP_010951842.1	WP_010951842.1	100	445	5.11e-317	854
WP_003251351.1	WP_003251351.1	100	445	0.0	895
WP_079732496.1	WP_079732496.1	100	444	0.0	892
WP_049587511.1	WP_049587511.1	100	444	0.0	894
WP_010955724.1	WP_010955724.1	100	444	0.0	889
WP_010955108.1	WP_010955108.1	100	444	1.76e-312	843
WP_010954626.1	WP_010954626.1	100	444	0.0	886
WP_010954505.1	WP_010954505.1	100	444	2.24e-315	850
WP_010953664.1	WP_010953664.1	100	444	0.0	914
WP_010952545.1	WP_010952545.1	100	444	0.0	924
WP_010952509.1	WP_010952509.1	100	444	4.72e-317	854
WP_010952035.1	WP_010952035.1	100	444	0.0	912
WP_010951614.1	WP_010951614.1	100	444	0.0	888
WP_010955751.1	WP_010955751.1	100	443	1.70e-314	848
WP_010955437.1	WP_010955437.1	100	443	2.19e-319	860
WP_010955392.1	WP_010955392.1	100	443	9.42e-312	841
WP_010954133.1	WP_010954133.1	100	443	0.0	917
WP_010953711.1	WP_010953711.1	100	443	2.52e-316	852
WP_010953101.1	WP_010953101.1	100	443	0.0	906
WP_010952117.1	WP_010952117.1	100	443	1.74e-307	830
WP_010951776.1	WP_010951776.1	100	443	1.99e-313	845
WP_004576169.1	WP_004576169.1	100	443	0.0	899
WP_051122576.1	WP_051122576.1	100	442	0.0	884
WP_049587173.1	WP_049587173.1	100	442	1.38e-308	833
WP_010954503.1	WP_010954503.1	100	442	0.0	880
WP_010954268.1	WP_010954268.1	100	442	7.99e-320	861
WP_010954052.1	WP_010954052.1	100	442	9.50e-316	851
WP_010953828.1	WP_010953828.1	100	442	0.0	875
WP_010953496.1	WP_010953496.1	100	442	0.0	865
WP_010952293.1	WP_010952293.1	100	442	0.0	866
WP_010952238.1	WP_230678104.1	99.8	425	5.70e-306	825
WP_010951814.1	WP_010951814.1	100	442	0.0	887
WP_010951531.1	WP_010951531.1	100	442	2.73e-299	809
WP_003253234.1	WP_003253234.1	100	442	0.0	904
WP_012052802.1	WP_012052802.1	100	441	0.0	883
WP_010954961.1	WP_010954961.1	100	441	1.00e-319	861
WP_010954897.1	WP_010954897.1	100	441	0.0	894
WP_010954809.1	WP_010954809.1	100	441	0.0	871
WP_010954787.1	WP_010954787.1	100	441	0.0	875
WP_010954363.1	WP_010954363.1	100	441	0.0	886
WP_010953681.1	WP_010953681.1	100	441	0.0	896
WP_010952833.1	WP_010952833.1	100	441	2.47e-306	827
WP_010952156.1	WP_010952156.1	100	441	2.52e-315	850
WP_010955102.1	WP_010955102.1	100	440	1.06e-311	840
WP_010954979.1	WP_010954979.1	100	440	8.13e-316	851
WP_010954526.1	WP_010954526.1	100	440	0.0	888
WP_010954062.1	WP_010954062.1	100	440	0.0	864
WP_010952980.1	WP_010952980.1	100	440	0.0	880
WP_010952341.1	WP_010952341.1	100	440	6.99e-301	813
WP_049586493.1	WP_049586493.1	100	439	0.0	880
WP_010955526.1	WP_010955526.1	100	439	3.42e-319	859
WP_010954426.1	WP_010954426.1	100	439	0.0	896
WP_010954411.1	WP_010954411.1	100	439	7.70e-293	793
WP_010954158.1	WP_010954158.1	100	439	0.0	897
WP_010954102.1	WP_010954102.1	100	439	0.0	882
WP_010953308.1	WP_010953308.1	100	439	6.60e-310	836
WP_010952508.1	WP_010952508.1	100	439	9.79e-312	840
WP_010951743.1	WP_010951743.1	100	439	1.05e-306	828
WP_003255784.1	WP_003255784.1	100	439	0.0	880
WP_049587616.1	WP_049587616.1	100	438	0.0	903
WP_010955607.1	WP_010955607.1	100	438	1.48e-248	681
WP_010955425.1	WP_010955425.1	100	438	1.25e-318	858
WP_010955414.1	WP_010955414.1	100	438	0.0	876
WP_010954263.1	WP_010954263.1	100	438	3.59e-318	857
WP_010953477.1	WP_010953477.1	100	438	4.49e-312	841
WP_010952417.1	WP_010952417.1	100	438	0.0	863
WP_004576741.1	WP_004576741.1	100	438	9.69e-307	828
WP_049587776.1	WP_049587776.1	100	437	8.96e-307	828
WP_049586184.1	WP_049586184.1	100	437	0.0	895
WP_014753846.1	WP_014753846.1	100	437	1.59e-300	812
WP_010954948.1	WP_010954948.1	100	437	6.45e-300	810
WP_010954329.1	WP_010954329.1	100	437	0.0	892
WP_003255819.1	WP_003255819.1	100	437	2.02e-319	860
WP_003251108.1	WP_003251108.1	100	437	2.02e-320	862
WP_049586658.1	WP_049586658.1	100	436	0.0	885
WP_049586647.1	WP_049586647.1	100	436	7.49e-319	858
WP_049586445.1	WP_049586445.1	100	436	1.56e-311	840
WP_010953231.1	WP_010953231.1	100	436	1.20e-299	810
WP_010951975.1	WP_010951975.1	100	436	6.07e-320	861
WP_010951473.1	WP_010951473.1	100	436	0.0	869
WP_049586707.1	WP_049586707.1	100	435	1.73e-303	819
WP_049586623.1	WP_049586623.1	100	435	3.32e-317	854
WP_010955813.1	WP_010955813.1	100	435	0.0	878
WP_010955382.1	WP_010955382.1	100	435	0.0	884
WP_010955222.1	WP_010955222.1	100	435	0.0	885
WP_010955071.1	WP_010955071.1	100	435	8.94e-306	825
WP_010954647.1	WP_010954647.1	100	435	1.73e-303	819
WP_010954436.1	WP_010954436.1	100	435	1.04e-304	822
WP_010951541.1	WP_010951541.1	100	435	2.86e-302	816
WP_009395904.1	WP_009395904.1	100	435	0.0	872
WP_010955780.1	WP_010955780.1	100	434	1.85e-318	857
WP_010955026.1	WP_010955026.1	100	434	0.0	878
WP_010953061.1	WP_010953061.1	100	434	4.38e-301	813
WP_003252157.1	WP_003252157.1	100	434	2.88e-306	826
WP_049586711.1	WP_049586711.1	100	433	3.47e-302	816
WP_049586256.1	WP_049586256.1	100	433	2.49e-311	839
WP_049586186.1	WP_049586186.1	100	433	7.64e-306	825
WP_049586180.1	WP_049586180.1	100	433	4.61e-307	828
WP_010955652.1	WP_010955652.1	100	433	3.45e-318	856
WP_010955283.1	WP_010955283.1	100	433	0.0	899
WP_010955212.1	WP_010955212.1	100	433	6.12e-312	840
WP_010954319.1	WP_010954319.1	100	433	4.31e-312	841
WP_010952894.1	WP_010952894.1	100	433	1.20e-318	857
WP_010952296.1	WP_010952296.1	100	433	0.0	865
WP_003249534.1	WP_003249534.1	100	433	1.54e-289	784
WP_020190937.1	WP_020190937.1	100	432	5.81e-305	823
WP_010955142.1	WP_010955142.1	100	432	4.09e-320	861
WP_010954715.1	WP_010954715.1	100	432	7.76e-319	858
WP_010953691.1	WP_010953691.1	100	432	2.81e-312	841
WP_010952782.1	WP_010952782.1	100	432	1.43e-319	860
WP_010952558.1	WP_010952558.1	100	432	4.09e-305	823
WP_003253723.1	WP_003253723.1	100	432	1.77e-315	849
WP_010955432.1	WP_010955432.1	100	431	1.24e-294	796
WP_010955311.1	WP_010955311.1	100	431	5.37e-289	782
WP_010954035.1	WP_010954035.1	100	431	2.05e-320	862
WP_010952727.1	WP_010952727.1	100	431	1.91e-314	847
WP_003247549.1	WP_003247549.1	100	431	3.16e-313	843
WP_197686807.1	WP_197686807.1	100	430	1.49e-306	827
WP_049587700.1	WP_049587700.1	100	430	2.30e-310	836
WP_010955781.1	WP_010955781.1	100	430	0.0	867
WP_010955282.1	WP_010955282.1	100	430	0.0	869
WP_010955163.1	WP_010955163.1	100	430	6.31e-308	830
WP_010954761.1	WP_010954761.1	100	430	2.24e-317	854
WP_010954458.1	WP_010954458.1	100	430	0.0	884
WP_010954250.1	WP_010954250.1	100	430	2.61e-316	851
WP_010954182.1	WP_010954182.1	100	430	2.63e-300	811
WP_010952354.1	WP_010952354.1	100	430	0.0	867
WP_010951677.1	WP_010951677.1	100	430	0.0	896
WP_010951460.1	WP_010951460.1	100	430	6.15e-315	848
WP_003249542.1	WP_003249542.1	100	430	1.23e-319	860
WP_049587419.1	WP_049587419.1	100	429	4.18e-317	853
WP_049586560.1	WP_049586560.1	100	429	0.0	868
WP_010955821.1	WP_010955821.1	100	429	7.14e-293	792
WP_010954822.1	WP_010954822.1	100	429	0.0	878
WP_010952777.1	WP_010952777.1	100	429	0.0	866
WP_010952526.1	WP_010952526.1	100	429	8.43e-317	852
WP_010952486.1	WP_010952486.1	100	429	1.37e-306	827
WP_003254218.1	WP_003254218.1	100	429	1.03e-319	860
WP_003252333.1	WP_003252333.1	100	429	2.38e-307	828
WP_003248516.1	WP_003248516.1	100	429	4.48e-312	840
WP_003247449.1	WP_003247449.1	100	429	1.26e-302	816
WP_010955771.1	WP_010955771.1	100	428	0.0	875
WP_010955247.1	WP_010955247.1	100	428	2.61e-315	848
WP_010954969.1	WP_010954969.1	100	428	0.0	863
WP_010953357.1	WP_010953357.1	100	428	2.86e-303	818
WP_010952197.1	WP_010952197.1	100	428	4.51e-316	850
WP_049587847.1	WP_049587847.1	100	427	4.49e-295	797
WP_049587145.1	WP_049587145.1	100	427	1.74e-308	831
WP_010955501.1	WP_010955501.1	100	427	1.79e-301	813
WP_010955406.1	WP_010955406.1	100	427	1.25e-317	854
WP_010954832.1	WP_010954832.1	100	427	4.17e-316	850
WP_010954132.1	WP_010954132.1	100	427	7.92e-305	822
WP_010953696.1	WP_010953696.1	100	427	4.17e-316	850
WP_010953633.1	WP_010953633.1	100	427	3.53e-292	790
WP_010952950.1	WP_010952950.1	100	427	2.13e-293	793
WP_010952684.1	WP_010952684.1	100	427	0.0	878
WP_003250557.1	WP_003250557.1	100	427	4.13e-320	860
WP_003250242.1	WP_003250242.1	100	427	8.27e-307	827
WP_049586471.1	WP_049586471.1	100	426	1.65e-301	813
WP_010954808.1	WP_010954808.1	100	426	2.19e-306	826
WP_010954262.1	WP_010954262.1	100	426	4.69e-317	853
WP_010953759.1	WP_010953759.1	100	426	1.09e-306	827
WP_010952322.1	WP_010952322.1	100	426	5.77e-286	774
WP_010951724.1	WP_010951724.1	100	426	1.44e-311	839
WP_003247731.1	WP_003247731.1	100	426	3.06e-297	803
WP_010953458.1	WP_010953458.1	100	425	5.42e-311	837
WP_010952964.1	WP_010952964.1	100	425	0.0	873
WP_010951977.1	WP_010951977.1	100	425	6.37e-294	794
WP_010951880.1	WP_010951880.1	100	425	0.0	868
WP_010951855.1	WP_010951855.1	100	425	8.25e-306	824
WP_003255866.1	WP_003255866.1	100	425	7.91e-304	819
WP_003252215.1	WP_003252215.1	100	425	2.80e-313	843
WP_049586217.1	WP_049586217.1	100	424	5.37e-306	825
WP_010954835.1	WP_010954835.1	100	424	9.05e-314	844
WP_010953590.1	WP_010953590.1	100	424	2.19e-305	823
WP_010952750.1	WP_010952750.1	100	424	4.48e-314	845
WP_010952583.1	WP_010952583.1	100	424	7.00e-302	814
WP_003254348.1	WP_003254348.1	100	424	1.65e-300	811
WP_110771825.1	WP_110771825.1	100	423	9.84e-297	801
WP_012051477.1	WP_012051477.1	100	423	2.04e-222	613
WP_010955564.1	WP_010955564.1	100	423	9.20e-302	814
WP_010955508.1	WP_010955508.1	100	423	2.11e-307	828
WP_010955455.1	WP_010955455.1	100	423	5.55e-303	817
WP_010955325.1	WP_010955325.1	100	423	1.74e-290	785
WP_010955112.1	WP_010955112.1	100	423	4.18e-298	805
WP_010954705.1	WP_010954705.1	100	423	2.50e-315	848
WP_010951917.1	WP_010951917.1	100	423	9.60e-304	819
WP_010951456.1	WP_010951456.1	100	423	1.60e-286	775
WP_004576854.1	WP_004576854.1	100	423	3.21e-302	815
WP_003255564.1	WP_003255564.1	100	423	9.20e-302	814
WP_049587124.1	WP_049587124.1	100	422	3.56e-319	858
WP_010951462.1	WP_010951462.1	100	422	3.43e-317	853
WP_004575488.1	WP_004575488.1	100	422	1.32e-305	823
WP_010955085.1	WP_010955085.1	100	421	1.30e-231	636
WP_010954072.1	WP_010954072.1	100	421	3.28e-294	795
WP_010952742.1	WP_010952742.1	100	421	1.29e-316	851
WP_010952359.1	WP_010952359.1	100	421	6.57e-310	834
WP_010951795.1	WP_010951795.1	100	421	1.20e-296	801
WP_003255119.1	WP_003255119.1	100	421	3.90e-302	815
WP_003249642.1	WP_003249642.1	100	421	1.02e-313	844
WP_003247369.1	WP_003247369.1	100	421	2.25e-301	813
WP_049588293.1	WP_049588293.1	100	420	1.15e-298	806
WP_049586237.1	WP_049586237.1	100	420	9.39e-314	844
WP_010955765.1	WP_010955765.1	100	420	8.41e-320	859
WP_010955626.1	WP_010955626.1	100	420	1.50e-294	795
WP_010954691.1	WP_010954691.1	100	420	2.72e-297	802
WP_010953452.1	WP_010953452.1	100	420	8.39e-317	852
WP_003251867.1	WP_003251867.1	100	420	2.54e-302	815
WP_010952280.1	WP_010952280.1	100	419	2.90e-312	840
WP_010951597.1	WP_010951597.1	100	419	3.42e-295	797
WP_003253661.1	WP_003253661.1	100	419	8.19e-303	816
WP_049587422.1	WP_049587422.1	100	418	9.88e-299	806
WP_014589781.1	WP_014589781.1	100	418	2.90e-291	787
WP_010954814.1	WP_010954814.1	100	418	9.36e-313	841
WP_010953894.1	WP_010953894.1	100	418	1.00e-307	828
WP_010952491.1	WP_010952491.1	100	418	5.89e-316	849
WP_010952298.1	WP_010952298.1	100	418	1.23e-292	790
WP_049587601.1	WP_049587601.1	100	417	3.41e-278	754
WP_049586654.1	WP_049586654.1	100	417	5.51e-300	809
WP_049586551.1	WP_049586551.1	100	417	1.75e-312	840
WP_010955865.1	WP_010955865.1	100	417	1.07e-281	763
WP_010953724.1	WP_010953724.1	100	417	2.34e-301	812
WP_010953709.1	WP_010953709.1	100	417	3.38e-310	835
WP_010953062.1	WP_010953062.1	100	417	2.90e-311	837
WP_010952186.1	WP_010952186.1	100	417	3.29e-317	852
WP_003255681.1	WP_003255681.1	100	417	7.63e-307	826
WP_003247505.1	WP_003247505.1	100	417	3.47e-303	817
WP_010955150.1	WP_010955150.1	100	416	6.48e-303	816
WP_010954890.1	WP_010954890.1	100	416	1.46e-299	808
WP_010954055.1	WP_010954055.1	100	416	5.03e-316	849
WP_010953812.1	WP_010953812.1	100	416	3.65e-309	832
WP_010953141.1	WP_010953141.1	100	416	9.44e-296	798
WP_010952196.1	WP_010952196.1	100	416	0.0	863
WP_010951455.1	WP_010951455.1	100	416	3.52e-275	746
WP_003255680.1	WP_003255680.1	100	416	7.15e-316	849
WP_003254823.1	WP_003254823.1	100	416	1.10e-294	795
WP_061405682.1	WP_061405682.1	100	415	4.10e-310	834
WP_049587672.1	WP_049587672.1	100	415	1.28e-313	843
WP_010955746.1	WP_010955746.1	100	415	1.72e-302	815
WP_010955075.1	WP_010955075.1	100	415	1.49e-312	840
WP_010953650.1	WP_010953650.1	100	415	1.62e-316	850
WP_010953118.1	WP_010953118.1	100	415	6.34e-314	844
WP_010952389.1	WP_010952389.1	100	415	1.79e-304	820
WP_010951751.1	WP_010951751.1	100	415	6.15e-296	798
WP_010954442.1	WP_010954442.1	100	414	5.54e-319	857
WP_010952938.1	WP_010952938.1	100	414	6.19e-300	808
WP_010952468.1	WP_010952468.1	100	414	1.15e-295	798
WP_003254615.1	WP_003254615.1	100	414	6.74e-304	818
WP_003248123.1	WP_003248123.1	100	414	1.61e-311	838
WP_049587832.1	WP_049587832.1	100	413	5.26e-296	798
WP_010955109.1	WP_010955109.1	100	413	8.61e-311	836
WP_010954225.1	WP_010954225.1	100	413	4.73e-283	766
WP_010954074.1	WP_010954074.1	100	413	1.94e-307	827
WP_010953143.1	WP_010953143.1	100	413	1.96e-291	787
WP_010951606.1	WP_010951606.1	100	413	7.47e-296	798
WP_003253847.1	WP_003253847.1	100	413	7.83e-282	763
WP_049587004.1	WP_049587004.1	100	412	7.90e-286	773
WP_010955391.1	WP_010955391.1	100	412	1.85e-300	810
WP_010954183.1	WP_010954183.1	100	412	1.70e-280	759
WP_010953674.1	WP_010953674.1	100	412	3.89e-302	814
WP_010953053.1	WP_010953053.1	100	412	1.30e-300	810
WP_010953034.1	WP_010953034.1	100	412	3.89e-302	814
WP_010952327.1	WP_010952327.1	100	412	2.04e-313	842
WP_010951574.1	WP_010951574.1	100	412	9.22e-285	770
WP_230849516.1	WP_230849516.1	100	411	1.57e-296	800
WP_049586850.1	WP_049586850.1	100	411	1.57e-296	800
WP_010955546.1	WP_010955546.1	100	411	2.98e-285	771
WP_010954580.1	WP_010954580.1	100	411	2.02e-308	830
WP_010952975.1	WP_010952975.1	100	411	1.12e-305	823
WP_003254504.1	WP_003254504.1	100	411	3.25e-289	781
WP_049588082.1	WP_049588082.1	100	410	2.62e-299	806
WP_049587875.1	WP_049587875.1	100	410	3.94e-310	834
WP_049587585.1	WP_049587585.1	100	410	1.86e-283	766
WP_049586227.1	WP_049586227.1	100	410	2.75e-285	771
WP_010955110.1	WP_010955110.1	100	410	6.71e-302	813
WP_010953901.1	WP_010953901.1	100	410	6.26e-307	826
WP_010953451.1	WP_010953451.1	100	410	5.83e-312	838
WP_010953079.1	WP_010953079.1	100	410	1.41e-303	817
WP_010953018.1	WP_010953018.1	100	410	9.27e-309	830
WP_049587623.1	WP_049587623.1	100	409	1.17e-306	825
WP_010954558.1	WP_010954558.1	100	409	5.70e-298	803
WP_010951532.1	WP_010951532.1	100	409	3.87e-280	758
WP_003248995.1	WP_003248995.1	100	409	3.16e-295	796
WP_010954589.1	WP_010954589.1	100	408	7.05e-287	775
WP_010953567.1	WP_010953567.1	100	408	1.25e-280	759
WP_003248742.1	WP_003248742.1	100	408	1.51e-297	802
WP_003247460.1	WP_003247460.1	100	408	9.76e-294	792
WP_010954950.1	WP_010954950.1	100	407	1.32e-247	676
WP_010954925.1	WP_010954925.1	100	407	1.36e-304	820
WP_307877337.1	WP_307877337.1	100	406	2.79e-292	788
WP_049587641.1	WP_049587641.1	100	406	5.56e-308	828
WP_020191325.1	WP_020191325.1	100	406	8.71e-296	797
WP_010955310.1	WP_010955310.1	100	406	5.78e-285	770
WP_010955178.1	WP_010955178.1	100	406	8.48e-303	815
WP_010954940.1	WP_010954940.1	100	406	5.26e-297	800
WP_010954532.1	WP_010954532.1	100	406	5.78e-285	770
WP_010954159.1	WP_010954159.1	100	406	3.49e-286	773
WP_010952941.1	WP_010952941.1	100	406	2.00e-301	811
WP_010951548.1	WP_010951548.1	100	406	1.57e-298	804
WP_164721831.1	WP_164721831.1	100	405	7.21e-299	805
WP_049587918.1	WP_049587918.1	100	405	1.82e-292	789
WP_049587591.1	WP_049587591.1	100	405	8.47e-282	762
WP_049586649.1	WP_049586649.1	100	405	1.71e-265	721
WP_010955092.1	WP_010955092.1	100	405	9.24e-286	772
WP_010953745.1	WP_010953745.1	100	405	3.42e-297	801
WP_010952816.1	WP_010952816.1	100	405	5.67e-296	798
WP_010952461.1	WP_010952461.1	100	405	6.34e-293	790
WP_010951489.1	WP_010951489.1	100	405	1.16e-304	820
WP_003254941.1	WP_003254941.1	100	405	2.73e-303	816
WP_088171445.1	WP_088171445.1	100	404	6.39e-297	800
WP_019437570.1	WP_019437570.1	100	404	2.62e-280	758
WP_014754346.1	WP_014754346.1	100	404	5.47e-298	803
WP_010954452.1	WP_010954452.1	100	404	1.44e-293	791
WP_010953362.1	WP_010953362.1	100	404	8.60e-247	673
WP_010953094.1	WP_010953094.1	100	404	1.59e-306	824
WP_010953043.1	WP_010953043.1	100	404	1.39e-275	746
WP_010952453.1	WP_010952453.1	100	404	1.32e-289	781
WP_010951949.1	WP_010951949.1	100	404	4.53e-281	760
WP_003248541.1	WP_003248541.1	100	404	1.44e-293	791
WP_158286185.1	WP_158286185.1	100	403	7.10e-273	739
WP_049586692.1	WP_049586692.1	100	403	1.94e-286	773
WP_049586211.1	WP_049586211.1	100	403	3.92e-286	773
WP_010955790.1	WP_010955790.1	100	403	2.64e-284	768
WP_010955438.1	WP_010955438.1	100	403	7.19e-298	802
WP_010955296.1	WP_010955296.1	100	403	3.41e-296	798
WP_010954987.1	WP_010954987.1	100	403	2.85e-304	818
WP_010954506.1	WP_010954506.1	100	403	6.99e-305	820
WP_010953393.1	WP_010953393.1	100	403	3.76e-268	727
WP_010953012.1	WP_010953012.1	100	403	3.01e-290	783
WP_010952900.1	WP_010952900.1	100	403	5.99e-306	823
WP_010952438.1	WP_010952438.1	100	403	2.47e-289	781
WP_010952275.1	WP_010952275.1	100	403	1.78e-282	763
WP_049587973.1	WP_049587973.1	100	402	9.11e-264	716
WP_010955844.1	WP_010955844.1	100	402	2.32e-298	803
WP_010955254.1	WP_010955254.1	100	402	9.05e-296	797
WP_010954777.1	WP_010954777.1	100	402	4.94e-268	727
WP_010954616.1	WP_010954616.1	100	402	4.30e-294	793
WP_010953417.1	WP_010953417.1	100	402	1.75e-293	791
WP_010953105.1	WP_010953105.1	100	402	4.72e-282	762
WP_010952049.1	WP_010952049.1	100	402	4.18e-301	810
WP_010951891.1	WP_010951891.1	100	402	1.84e-279	756
WP_172835047.1	WP_172835047.1	100	401	7.24e-281	759
WP_049586710.1	WP_049586710.1	100	401	1.64e-302	814
WP_049586161.1	WP_049586161.1	100	401	9.02e-275	744
WP_049586103.1	WP_049586103.1	100	401	1.00e-287	776
WP_010955587.1	WP_010955587.1	100	401	6.59e-293	790
WP_010954478.1	WP_010954478.1	100	401	1.24e-297	801
WP_010952615.1	WP_010952615.1	100	401	3.41e-295	795
WP_010952559.1	WP_010952559.1	100	401	3.13e-291	785
WP_010952182.1	WP_010952182.1	100	401	2.88e-271	735
WP_010951792.1	WP_010951792.1	100	401	1.22e-256	698
WP_010951648.1	WP_010951648.1	100	401	1.06e-298	804
WP_049587225.1	WP_049587225.1	100	400	2.18e-286	773
WP_010955181.1	WP_010955181.1	100	364	9.85e-251	683
WP_010954993.1	WP_010954993.1	100	400	4.35e-302	813
WP_010954785.1	WP_010954785.1	100	400	1.63e-297	801
WP_010954145.1	WP_010954145.1	100	400	1.34e-296	799
WP_010954028.1	WP_010954028.1	100	400	2.22e-295	796
WP_010953772.1	WP_010953772.1	100	400	1.75e-292	788
WP_010953347.1	WP_010953347.1	100	400	1.29e-278	753
WP_010952223.1	WP_010952223.1	100	400	1.10e-247	675
WP_010951883.1	WP_010951883.1	100	400	1.82e-294	793
WP_049587802.1	WP_049587802.1	100	399	5.93e-263	714
WP_049587621.1	WP_049587621.1	100	399	1.12e-267	726
WP_049587526.1	WP_049587526.1	100	399	5.93e-279	754
WP_010955723.1	WP_010955723.1	100	399	2.91e-295	795
WP_010954420.1	WP_010954420.1	100	399	2.52e-264	717
WP_010952569.1	WP_010952569.1	100	399	5.04e-296	797
WP_010951769.1	WP_010951769.1	100	399	1.22e-287	776
WP_003255673.1	WP_003255673.1	100	399	9.08e-299	804
WP_049586786.1	WP_049586786.1	100	398	5.62e-272	736
WP_010955663.1	WP_010955663.1	100	398	1.23e-291	786
WP_010954584.1	WP_010954584.1	100	398	4.59e-287	775
WP_010952990.1	WP_010952990.1	100	398	1.53e-285	771
WP_010952672.1	WP_010952672.1	100	398	1.24e-300	809
WP_010952431.1	WP_010952431.1	100	398	3.83e-295	795
WP_010951961.1	WP_010951961.1	100	398	4.82e-273	739
WP_003251871.1	WP_003251871.1	100	398	1.64e-280	758
WP_003247729.1	WP_003247729.1	100	398	4.46e-294	792
WP_049586275.1	WP_049586275.1	100	397	7.65e-290	781
WP_010955049.1	WP_010955049.1	100	397	1.88e-290	783
WP_010954627.1	WP_010954627.1	100	397	4.82e-293	790
WP_010954404.1	WP_010954404.1	100	397	3.33e-252	686
WP_010953835.1	WP_010953835.1	100	397	7.21e-279	754
WP_010953450.1	WP_010953450.1	100	397	1.12e-282	763
WP_010953196.1	WP_010953196.1	100	397	2.63e-281	760
WP_010952292.1	WP_010952292.1	100	397	1.89e-274	743
WP_010951775.1	WP_010951775.1	100	397	4.13e-294	792
WP_003255489.1	WP_003255489.1	100	397	8.33e-294	791
WP_049587690.1	WP_049587690.1	100	396	1.29e-276	748
WP_049587431.1	WP_049587431.1	100	396	1.64e-279	755
WP_049587286.1	WP_049587286.1	100	396	4.12e-273	739
WP_023048454.1	WP_023048454.1	100	396	1.41e-305	821
WP_010954557.1	WP_010954557.1	100	396	3.66e-292	787
WP_010954265.1	WP_010954265.1	100	396	1.55e-293	791
WP_010954088.1	WP_010954088.1	100	396	2.97e-266	722
WP_010953300.1	WP_010953300.1	100	396	7.91e-287	774
WP_010952016.1	WP_010952016.1	100	396	9.78e-297	799
WP_010951974.1	WP_010951974.1	100	396	1.33e-294	793
WP_003253228.1	WP_003253228.1	100	396	7.26e-308	827
WP_003249375.1	WP_003249375.1	100	396	4.09e-289	780
WP_232014165.1	WP_232014165.1	100	395	2.06e-277	750
WP_010955481.1	WP_010955481.1	100	395	5.38e-289	779
WP_010954438.1	WP_010954438.1	100	395	4.16e-277	749
WP_010954394.1	WP_010954394.1	100	395	1.28e-296	798
WP_010954029.1	WP_010954029.1	100	395	2.51e-278	752
WP_010953683.1	WP_010953683.1	100	395	4.81e-292	787
WP_010953581.1	WP_010953581.1	100	395	1.82e-296	798
WP_010952881.1	WP_010952881.1	100	395	2.46e-269	729
WP_049588386.1	WP_049588386.1	100	394	2.60e-300	808
WP_049586505.1	WP_049586505.1	100	394	1.89e-293	790
WP_049586468.1	WP_049586468.1	100	394	2.14e-299	805
WP_010954586.1	WP_010954586.1	100	394	4.49e-276	746
WP_010954241.1	WP_010954241.1	100	394	1.83e-275	745
WP_010953620.1	WP_010953620.1	100	394	1.97e-295	795
WP_010953057.1	WP_010953057.1	100	394	1.18e-271	735
WP_010952789.1	WP_010952789.1	100	394	7.37e-291	784
WP_010952039.1	WP_010952039.1	100	394	7.12e-273	738
WP_010951898.1	WP_010951898.1	100	394	1.27e-291	786
WP_010951599.1	WP_010951599.1	100	394	3.70e-300	807
WP_049588088.1	WP_049588088.1	100	393	5.75e-283	764
WP_049587694.1	WP_049587694.1	100	393	6.09e-294	791
WP_010955528.1	WP_010955528.1	100	393	1.74e-293	790
WP_010955262.1	WP_010955262.1	100	393	7.62e-288	776
WP_010953749.1	WP_010953749.1	100	393	7.30e-286	771
WP_010953151.1	WP_010953151.1	100	393	1.92e-281	760
WP_010952557.1	WP_010952557.1	100	393	9.94e-284	766
WP_010951547.1	WP_010951547.1	100	393	1.28e-295	796
WP_003255285.1	WP_003255285.1	100	393	5.18e-270	731
WP_003249536.1	WP_003249536.1	100	393	1.12e-241	659
WP_010955297.1	WP_010955297.1	100	392	5.83e-271	733
WP_010955243.1	WP_010955243.1	100	392	1.96e-294	793
WP_010954964.1	WP_010954964.1	100	392	6.48e-252	685
WP_010952970.1	WP_010952970.1	100	392	2.05e-296	798
WP_010952748.1	WP_010952748.1	100	392	1.37e-269	730
WP_010952425.1	WP_010952425.1	100	392	2.16e-282	762
WP_010952044.1	WP_010952044.1	100	392	9.33e-293	788
WP_010951660.1	WP_010951660.1	100	392	8.22e-287	773
WP_010955643.1	WP_010955643.1	100	391	6.33e-295	794
WP_010955514.1	WP_010955514.1	100	391	2.00e-282	762
WP_010955510.1	WP_010955510.1	100	391	9.26e-288	776
WP_010954895.1	WP_010954895.1	100	391	2.44e-283	764
WP_010954321.1	WP_010954321.1	100	391	1.55e-270	732
WP_010953997.1	WP_010953997.1	100	391	7.81e-280	756
WP_010953465.1	WP_010953465.1	100	391	4.53e-263	713
WP_010953128.1	WP_010953128.1	100	391	1.31e-287	775
WP_049587587.1	WP_049587587.1	100	390	2.42e-262	711
WP_010955343.1	WP_010955343.1	100	390	6.28e-290	781
WP_010955208.1	WP_010955208.1	100	390	1.49e-272	737
WP_010954541.1	WP_010954541.1	100	390	7.54e-282	761
WP_010953702.1	WP_010953702.1	100	390	7.13e-296	796
WP_010951715.1	WP_010951715.1	100	390	7.22e-280	756
WP_162490559.1	WP_162490559.1	100	389	5.81e-290	781
WP_010951973.1	WP_010951973.1	100	389	1.60e-287	775
WP_049586791.1	WP_049586791.1	100	388	1.11e-282	763
WP_014590368.1	WP_014590368.1	100	388	4.29e-296	796
WP_010953958.1	WP_010953958.1	100	388	6.45e-282	761
WP_010953046.1	WP_010953046.1	100	388	3.06e-280	756
WP_010952974.1	WP_010952974.1	100	388	2.93e-278	751
WP_010952415.1	WP_010952415.1	100	388	9.81e-277	748
WP_003254205.1	WP_003254205.1	100	388	1.70e-277	749
WP_110771811.1	WP_110771811.1	100	387	1.86e-285	769
WP_010955537.1	WP_010955537.1	100	387	2.44e-265	719
WP_010955078.1	WP_010955078.1	100	387	7.64e-269	728
WP_010953944.1	WP_010953944.1	100	387	6.12e-275	743
WP_010953582.1	WP_010953582.1	100	387	2.36e-288	777
WP_010953455.1	WP_010953455.1	100	387	4.97e-290	781
WP_010953055.1	WP_010953055.1	100	387	7.97e-271	733
WP_010952942.1	WP_010952942.1	100	387	6.77e-288	776
WP_004576476.1	WP_004576476.1	100	387	7.57e-285	768
WP_003251317.1	WP_003251317.1	100	387	1.37e-287	775
WP_003248498.1	WP_003248498.1	100	387	1.46e-282	762
WP_061405631.1	WP_061405631.1	100	386	1.13e-290	783
WP_049587610.1	WP_049587610.1	100	386	3.33e-283	764
WP_049587150.1	WP_049587150.1	100	386	1.09e-297	800
WP_049587126.1	WP_049587126.1	100	386	1.16e-283	765
WP_014592300.1	WP_014592300.1	100	386	8.76e-279	753
WP_010955418.1	WP_010955418.1	100	386	2.73e-282	761
WP_010954662.1	WP_010954662.1	100	386	5.51e-282	761
WP_010954560.1	WP_010954560.1	100	386	1.35e-282	762
WP_010952979.1	WP_010952979.1	100	386	3.56e-278	751
WP_010952794.1	WP_010952794.1	100	386	5.05e-303	814
WP_049587323.1	WP_049587323.1	100	385	1.12e-285	770
WP_049586450.1	WP_049586450.1	100	385	3.62e-266	721
WP_049586199.1	WP_049586199.1	100	385	2.22e-276	746
WP_020191688.1	WP_020191688.1	100	385	1.56e-301	810
WP_010955851.1	WP_010955851.1	100	385	7.62e-268	725
WP_010954261.1	WP_010954261.1	100	385	1.94e-286	772
WP_010953427.1	WP_010953427.1	100	385	2.83e-279	754
WP_010952098.1	WP_010952098.1	100	385	2.59e-300	807
WP_010952079.1	WP_010952079.1	100	385	2.83e-279	754
WP_010951950.1	WP_010951950.1	100	385	9.93e-264	714
WP_049587669.1	WP_049587669.1	100	384	1.22e-268	727
WP_010955099.1	WP_010955099.1	100	384	1.05e-269	729
WP_010954307.1	WP_010954307.1	100	384	1.84e-279	754
WP_010953309.1	WP_010953309.1	100	384	3.41e-275	743
WP_010952863.1	WP_010952863.1	100	384	9.36e-273	737
WP_010952494.1	WP_010952494.1	100	384	1.12e-264	717
WP_010952314.1	WP_010952314.1	100	384	2.34e-282	761
WP_003255047.1	WP_003255047.1	100	384	8.74e-278	750
WP_049587483.1	WP_049587483.1	100	383	1.54e-291	785
WP_049587392.1	WP_049587392.1	100	383	2.78e-294	791
WP_010954614.1	WP_010954614.1	100	383	1.05e-273	739
WP_010954531.1	WP_010954531.1	100	383	4.74e-286	771
WP_010954355.1	WP_010954355.1	100	383	2.32e-277	749
WP_004574734.1	WP_004574734.1	100	383	1.93e-285	769
WP_010955808.1	WP_010955808.1	100	382	1.92e-280	756
WP_010954763.1	WP_010954763.1	100	382	1.17e-290	782
WP_010954646.1	WP_010954646.1	100	382	1.97e-273	739
WP_010954605.1	WP_010954605.1	100	382	1.24e-276	747
WP_010953323.1	WP_010953323.1	100	382	4.44e-295	793
WP_010952780.1	WP_010952780.1	100	382	8.36e-275	742
WP_003255833.1	WP_003255833.1	100	382	6.97e-283	763
WP_003248511.1	WP_003248511.1	100	382	2.64e-287	774
WP_049586676.1	WP_049586676.1	100	381	4.39e-226	619
WP_049586495.1	WP_049586495.1	100	381	9.06e-258	699
WP_010953181.1	WP_010953181.1	100	381	7.62e-291	783
WP_010952288.1	WP_010952288.1	100	381	4.93e-287	773
WP_010952067.1	WP_010952067.1	100	381	1.58e-283	764
WP_003249907.1	WP_003249907.1	100	381	1.25e-280	757
WP_010955712.1	WP_010955712.1	100	380	2.75e-288	776
WP_010955706.1	WP_010955706.1	100	380	1.57e-278	751
WP_010955079.1	WP_010955079.1	100	380	2.40e-257	698
WP_010953781.1	WP_010953781.1	100	380	2.14e-276	746
WP_010953570.1	WP_010953570.1	100	380	9.47e-280	754
WP_010953113.1	WP_010953113.1	100	380	5.71e-281	758
WP_010952847.1	WP_010952847.1	100	380	2.23e-278	751
WP_010952837.1	WP_010952837.1	100	380	2.64e-286	771
WP_004576298.1	WP_004576298.1	100	380	5.06e-199	550
WP_010955639.1	WP_010955639.1	100	379	3.10e-289	778
WP_010954064.1	WP_010954064.1	100	379	1.43e-269	729
WP_003253511.1	WP_003253511.1	100	379	2.88e-269	728
WP_010955364.1	WP_010955364.1	100	378	2.83e-280	756
WP_010953222.1	WP_010953222.1	100	378	2.32e-279	753
WP_003249588.1	WP_003249588.1	100	378	3.03e-275	743
WP_049587900.1	WP_049587900.1	100	377	3.71e-280	755
WP_049586198.1	WP_049586198.1	100	377	1.17e-235	643
WP_010955259.1	WP_010955259.1	100	377	1.51e-279	754
WP_010953868.1	WP_010953868.1	100	377	8.09e-259	701
WP_010952888.1	WP_010952888.1	100	377	1.55e-297	799
WP_010951536.1	WP_010951536.1	100	377	3.93e-250	679
WP_079732511.1	WP_079732511.1	100	376	5.69e-279	752
WP_049588007.1	WP_049588007.1	100	376	3.11e-267	723
WP_010955520.1	WP_010955520.1	100	376	6.83e-271	732
WP_010953677.1	WP_010953677.1	100	376	1.32e-268	726
WP_010953618.1	WP_010953618.1	100	376	1.30e-284	766
WP_010953030.1	WP_010953030.1	100	376	1.97e-254	690
WP_049587329.1	WP_049587329.1	100	375	1.02e-276	746
WP_049587010.1	WP_049587010.1	100	375	4.03e-283	763
WP_049586415.1	WP_049586415.1	100	375	1.00e-292	787
WP_010955365.1	WP_010955365.1	100	375	5.33e-247	671
WP_010955160.1	WP_010955160.1	100	375	2.50e-277	748
WP_010953197.1	WP_010953197.1	100	375	1.86e-263	713
WP_010952682.1	WP_010952682.1	100	375	1.31e-263	713
WP_010951505.1	WP_010951505.1	100	375	2.64e-288	776
WP_003250313.1	WP_003250313.1	100	375	1.45e-276	746
WP_010955306.1	WP_010955306.1	100	374	2.89e-271	733
WP_010954817.1	WP_010954817.1	100	374	1.85e-283	763
WP_010954236.1	WP_010954236.1	100	374	2.14e-257	697
WP_010954084.1	WP_010954084.1	100	374	2.70e-276	745
WP_010953422.1	WP_010953422.1	100	374	7.51e-283	762
WP_010953176.1	WP_010953176.1	100	374	4.71e-261	707
WP_010951696.1	WP_010951696.1	100	374	1.98e-278	751
WP_003255547.1	WP_003255547.1	100	374	4.47e-275	742
WP_049587969.1	WP_049587969.1	100	373	6.39e-279	752
WP_049587008.1	WP_049587008.1	100	373	8.22e-266	719
WP_020191551.1	WP_020191551.1	100	373	4.87e-258	699
WP_014859935.1	WP_014859935.1	100	373	1.25e-285	769
WP_010955149.1	WP_010955149.1	100	373	3.85e-280	755
WP_010954642.1	WP_010954642.1	100	373	2.56e-269	728
WP_010954551.1	WP_010954551.1	100	373	9.59e-265	716
WP_010952481.1	WP_010952481.1	100	373	1.34e-280	756
WP_010952376.1	WP_010952376.1	100	373	6.57e-272	734
WP_010952173.1	WP_010952173.1	100	373	3.80e-271	732
WP_010954783.1	WP_010954783.1	100	372	5.35e-266	719
WP_010954306.1	WP_010954306.1	100	372	1.41e-286	771
WP_010953213.1	WP_010953213.1	100	372	1.98e-277	748
WP_010953016.1	WP_010953016.1	100	372	2.73e-284	765
WP_010952697.1	WP_010952697.1	100	372	1.33e-275	743
WP_010952368.1	WP_010952368.1	100	372	1.55e-141	404
WP_003247458.1	WP_003247458.1	100	372	9.91e-262	708
WP_079732500.1	WP_079732500.1	100	371	3.47e-291	783
WP_049587815.1	WP_049587815.1	100	371	1.54e-269	728
WP_049586287.1	WP_049586287.1	100	371	1.20e-282	761
WP_010952299.1	WP_010952299.1	100	371	1.18e-273	738
WP_010952267.1	WP_010952267.1	100	371	5.24e-277	747
WP_004575655.1	WP_004575655.1	100	371	1.14e-255	693
WP_003248558.1	WP_003248558.1	100	371	3.58e-284	765
WP_014592131.1	WP_014592131.1	100	370	3.66e-272	734
WP_010955732.1	WP_010955732.1	100	370	7.45e-256	693
WP_010955067.1	WP_010955067.1	100	370	1.61e-250	680
WP_010952052.1	WP_010952052.1	100	370	3.27e-275	742
WP_010951701.1	WP_010951701.1	100	370	8.99e-273	736
WP_003247195.1	WP_003247195.1	100	370	3.27e-275	742
WP_049587273.1	WP_049587273.1	100	369	4.61e-270	729
WP_010954690.1	WP_010954690.1	100	369	8.31e-273	736
WP_010954672.1	WP_010954672.1	100	369	1.10e-277	748
WP_010952248.1	WP_010952248.1	100	369	8.31e-273	736
WP_010952070.1	WP_010952070.1	100	369	1.16e-263	713
WP_010951602.1	WP_010951602.1	100	369	2.25e-261	707
WP_004575771.1	WP_004575771.1	100	369	1.77e-258	700
WP_010954135.1	WP_010954135.1	100	368	4.02e-284	764
WP_010953191.1	WP_010953191.1	100	368	3.65e-271	732
WP_010953182.1	WP_010953182.1	100	368	2.40e-276	745
WP_010952616.1	WP_010952616.1	100	368	1.08e-263	713
WP_010952571.1	WP_010952571.1	100	368	1.19e-276	746
WP_010952519.1	WP_010952519.1	100	368	3.30e-283	762
WP_010951828.1	WP_010951828.1	100	368	5.11e-262	709
WP_010951739.1	WP_010951739.1	100	368	1.00e-268	726
WP_010951663.1	WP_010951663.1	100	368	2.47e-269	727
WP_010951636.1	WP_010951636.1	100	368	7.54e-289	776
WP_049587325.1	WP_049587325.1	100	367	9.81e-280	753
WP_010955830.1	WP_010955830.1	100	367	1.67e-271	733
WP_010954555.1	WP_010954555.1	100	367	8.30e-272	733
WP_010954180.1	WP_010954180.1	100	367	7.36e-250	678
WP_010953682.1	WP_010953682.1	100	367	2.34e-262	709
WP_003253156.1	WP_003253156.1	100	367	7.19e-257	696
WP_003253154.1	WP_003253154.1	100	367	4.80e-271	731
WP_003249727.1	WP_003249727.1	100	367	3.19e-260	704
WP_049588084.1	WP_049588084.1	100	366	3.03e-278	749
WP_049588039.1	WP_049588039.1	100	366	2.28e-248	674
WP_049586712.1	WP_049586712.1	100	366	7.77e-281	756
WP_010955122.1	WP_010955122.1	100	366	1.88e-272	735
WP_010954103.1	WP_010954103.1	100	366	5.32e-263	711
WP_010953424.1	WP_010953424.1	100	366	1.38e-274	740
WP_010952822.1	WP_010952822.1	100	366	3.30e-282	759
WP_010952607.1	WP_010952607.1	100	366	4.59e-248	673
WP_003247414.1	WP_003247414.1	100	366	1.66e-266	720
WP_049587925.1	WP_049587925.1	100	365	3.23e-268	724
WP_024717547.1	WP_024717547.1	100	365	1.60e-268	725
WP_010955708.1	WP_010955708.1	100	365	8.28e-271	731
WP_010955624.1	WP_010955624.1	100	365	8.51e-264	713
WP_010954669.1	WP_010954669.1	100	365	1.37e-269	728
WP_010954059.1	WP_010954059.1	100	365	1.08e-266	720
WP_010953237.1	WP_010953237.1	100	365	1.95e-269	727
WP_010953066.1	WP_010953066.1	100	365	9.57e-245	665
WP_010952426.1	WP_010952426.1	100	365	6.52e-268	723
WP_010952112.1	WP_010952112.1	100	365	1.74e-272	735
WP_010951964.1	WP_010951964.1	100	365	1.22e-247	672
WP_010951962.1	WP_010951962.1	100	365	7.51e-242	657
WP_010951878.1	WP_010951878.1	100	365	2.48e-272	734
WP_010951475.1	WP_010951475.1	100	365	4.04e-262	709
WP_004573968.1	WP_004573968.1	100	365	7.94e-269	726
WP_003248125.1	WP_003248125.1	100	365	1.10e-275	743
WP_061405587.1	WP_061405587.1	100	364	1.93e-264	714
WP_010955707.1	WP_010955707.1	100	364	1.09e-270	730
WP_010955439.1	WP_010955439.1	100	364	3.07e-261	706
WP_010953857.1	WP_010953857.1	100	364	5.39e-271	731
WP_010953236.1	WP_010953236.1	100	364	1.07e-261	707
WP_010952915.1	WP_010952915.1	100	364	1.68e-274	740
WP_010952435.1	WP_010952435.1	100	364	9.32e-272	733
WP_010952263.1	WP_010952263.1	100	364	5.69e-257	696
WP_003252669.1	WP_003252669.1	100	364	8.81e-261	705
WP_020191476.1	WP_020191476.1	100	363	2.00e-261	707
WP_010954657.1	WP_010954657.1	100	363	8.15e-261	705
WP_010954318.1	WP_010954318.1	100	363	1.29e-257	697
WP_010953676.1	WP_010953676.1	100	363	4.78e-269	726
WP_010952388.1	WP_010952388.1	100	363	1.49e-272	735
WP_010951767.1	WP_010951767.1	100	363	1.31e-266	720
WP_003255398.1	WP_003255398.1	100	363	1.16e-260	705
WP_003252803.1	WP_003252803.1	100	363	2.65e-266	719
WP_010955703.1	WP_010955703.1	100	362	3.01e-251	681
WP_010955665.1	WP_010955665.1	100	362	2.28e-271	732
WP_010954585.1	WP_010954585.1	100	362	3.07e-260	704
WP_010954036.1	WP_010954036.1	100	362	1.80e-268	724
WP_010953400.1	WP_010953400.1	100	362	9.02e-253	685
WP_010952818.1	WP_010952818.1	100	362	1.14e-280	755
WP_010955600.1	WP_010955600.1	100	361	2.50e-254	689
WP_010955154.1	WP_010955154.1	100	361	2.88e-269	726
WP_010954654.1	WP_010954654.1	100	361	5.97e-262	708
WP_010953986.1	WP_010953986.1	100	361	4.91e-261	706
WP_010953447.1	WP_010953447.1	100	361	2.08e-262	709
WP_010952806.1	WP_010952806.1	100	361	4.98e-270	728
WP_004575991.1	WP_004575991.1	100	361	5.57e-267	721
WP_049587561.1	WP_049587561.1	100	360	1.36e-262	709
WP_049587252.1	WP_049587252.1	100	360	5.76e-264	713
WP_010955825.1	WP_010955825.1	100	360	1.72e-265	717
WP_010955719.1	WP_010955719.1	100	360	4.23e-266	718
WP_010953343.1	WP_010953343.1	100	360	3.73e-260	703
WP_010952946.1	WP_010952946.1	100	360	2.66e-269	726
WP_010951978.1	WP_010951978.1	100	360	7.21e-258	697
WP_003251852.1	WP_003251852.1	100	360	1.45e-257	697
WP_003247194.1	WP_003247194.1	100	360	3.06e-259	701
WP_049588384.1	WP_049588384.1	100	359	2.50e-237	645
WP_049587507.1	WP_049587507.1	100	359	1.78e-262	709
WP_049586439.1	WP_049586439.1	100	359	1.55e-272	734
WP_010955449.1	WP_010955449.1	100	359	4.20e-261	706
WP_010954056.1	WP_010954056.1	100	359	1.22e-269	727
WP_010953059.1	WP_010953059.1	100	359	1.46e-261	707
WP_010952825.1	WP_010952825.1	100	359	1.09e-272	735
WP_010952454.1	WP_010952454.1	100	359	5.96e-261	705
WP_010952083.1	WP_010952083.1	100	359	1.55e-272	734
WP_010951510.1	WP_010951510.1	100	359	5.33e-264	713
WP_004573881.1	WP_407475004.1	98.3	359	1.12e-265	717
WP_370688783.1	WP_373929355.1	99.7	348	7.71e-206	565
WP_232014116.1	WP_232014116.1	100	358	4.45e-276	743
WP_049588425.1	WP_049588425.1	100	358	2.09e-265	716
WP_049588257.1	WP_049588257.1	100	358	5.14e-266	718
WP_049587487.1	WP_049587487.1	100	358	2.89e-272	734
WP_014591663.1	WP_014591663.1	100	358	1.65e-262	709
WP_010954299.1	WP_010954299.1	100	358	3.23e-269	726
WP_010954154.1	WP_010954154.1	100	358	6.44e-260	702
WP_010953330.1	WP_010953330.1	100	358	9.14e-260	702
WP_010953038.1	WP_010953038.1	100	358	7.20e-257	695
WP_010952804.1	WP_010952804.1	100	358	8.76e-258	697
WP_010952666.1	WP_010952666.1	100	358	1.09e-151	429
WP_049587038.1	WP_049587038.1	100	357	4.02e-258	698
WP_010955779.1	WP_010955779.1	100	357	6.95e-259	700
WP_010955242.1	WP_010955242.1	100	357	1.36e-265	717
WP_010954918.1	WP_010954918.1	100	357	3.39e-250	678
WP_010954354.1	WP_010954354.1	100	357	5.79e-267	720
WP_010952723.1	WP_010952723.1	100	357	7.31e-245	664
WP_010952312.1	WP_010952312.1	100	357	1.94e-265	716
WP_049587571.1	WP_049587571.1	100	356	3.93e-269	726
WP_003254744.1	WP_003254744.1	100	356	2.36e-245	665
WP_003248350.1	WP_003248350.1	100	356	4.09e-271	731
WP_049588159.1	WP_049588159.1	100	355	4.06e-266	718
WP_049587200.1	WP_049587200.1	100	355	7.54e-262	707
WP_010955702.1	WP_010955702.1	100	355	4.51e-238	647
WP_010954749.1	WP_010954749.1	100	355	3.94e-273	736
WP_010954571.1	WP_010954571.1	100	355	1.43e-275	742
WP_010952722.1	WP_010952722.1	100	355	8.88e-229	624
WP_010951654.1	WP_010951654.1	100	355	9.29e-272	732
WP_003254539.1	WP_003254539.1	100	355	4.88e-258	697
WP_003252365.1	WP_003252365.1	100	355	1.32e-246	669
WP_003247913.1	WP_003247913.1	100	355	2.38e-249	676
WP_232014146.1	WP_232014146.1	100	354	5.98e-263	710
WP_010955621.1	WP_010955621.1	100	354	8.85e-265	714
WP_010955535.1	WP_010955535.1	100	354	6.98e-262	707
WP_010955486.1	WP_010955486.1	100	354	5.80e-270	728
WP_010954480.1	WP_010954480.1	100	354	2.50e-255	691
WP_010953662.1	WP_010953662.1	100	354	1.24e-255	691
WP_010953389.1	WP_010953389.1	100	354	1.22e-246	669
WP_010953224.1	WP_010953224.1	100	354	1.03e-238	649
WP_010953190.1	WP_010953190.1	100	354	1.17e-228	623
WP_010953111.1	WP_010953111.1	100	354	1.12e-267	722
WP_010952774.1	WP_010952774.1	100	354	7.81e-259	699
WP_010952113.1	WP_010952113.1	100	354	5.27e-257	695
WP_049587435.1	WP_049587435.1	100	353	2.05e-210	577
WP_010955193.1	WP_010955193.1	100	353	3.43e-257	695
WP_010954501.1	WP_010954501.1	100	353	2.33e-239	650
WP_010954086.1	WP_010954086.1	100	353	3.20e-214	587
WP_010953978.1	WP_010953978.1	100	353	4.36e-260	702
WP_010952171.1	WP_010952171.1	100	353	6.36e-253	684
WP_162490561.1	WP_162490561.1	100	352	4.20e-262	707
WP_049587927.1	WP_049587927.1	100	352	2.92e-253	685
WP_049586209.1	WP_049586209.1	100	352	6.49e-266	717
WP_049586182.1	WP_049586182.1	100	352	1.76e-254	688
WP_012051588.1	WP_012051588.1	100	352	5.56e-267	720
WP_010955673.1	WP_010955673.1	100	352	9.49e-259	699
WP_010955538.1	WP_010955538.1	100	352	1.53e-264	714
WP_010955074.1	WP_010955074.1	100	352	3.17e-257	695
WP_010954568.1	WP_010954568.1	100	352	1.44e-278	749
WP_010954360.1	WP_010951689.1	99.7	352	4.14e-253	685
WP_010953976.1	WP_010953976.1	100	352	2.99e-246	667
WP_010952689.1	WP_010952689.1	100	352	9.89e-261	704
WP_010951714.1	WP_010951714.1	100	352	2.14e-255	691
WP_010951689.1	WP_010951689.1	100	352	1.02e-253	686
WP_010951502.1	WP_010951502.1	100	352	1.47e-262	709
WP_003255648.1	WP_003255648.1	100	352	3.91e-267	720
WP_003254747.1	WP_003254747.1	100	352	4.70e-259	700
WP_003252437.1	WP_003252437.1	100	352	2.72e-258	698
WP_049586797.1	WP_049586797.1	100	351	4.39e-227	619
WP_010955666.1	WP_010955666.1	100	351	3.73e-260	702
WP_010952732.1	WP_010952732.1	100	351	1.79e-242	658
WP_010952522.1	WP_010952522.1	100	351	1.56e-252	683
WP_010951831.1	WP_010951831.1	100	351	3.67e-251	680
WP_003252312.1	WP_003252312.1	100	351	3.09e-204	561
WP_079732573.1	WP_003255162.1	100	330	3.88e-211	578
WP_010954930.1	WP_010954930.1	100	350	3.12e-247	670
WP_010954635.1	WP_010954635.1	100	350	7.15e-253	684
WP_010954579.1	WP_010954579.1	100	350	6.67e-258	697
WP_010954390.1	WP_010954390.1	100	350	4.14e-252	682
WP_010953791.1	WP_010953791.1	100	350	1.57e-256	693
WP_010953524.1	WP_010953524.1	100	350	8.46e-261	704
WP_010953379.1	WP_010953379.1	100	350	2.95e-261	705
WP_010951954.1	WP_010951954.1	100	350	9.08e-256	691
WP_004577272.1	WP_004577272.1	100	350	2.26e-265	716
WP_010954746.1	WP_010954746.1	100	349	5.91e-256	692
WP_010953886.1	WP_010953886.1	100	349	2.93e-256	692
WP_010953228.1	WP_010953228.1	100	349	5.35e-227	619
WP_010952123.1	WP_010952123.1	100	349	2.24e-260	703
WP_010952060.1	WP_010952060.1	100	349	7.50e-259	699
WP_010951756.1	WP_010951756.1	100	349	1.95e-245	665
WP_010951695.1	WP_010951695.1	100	349	1.16e-262	709
WP_049586219.1	WP_049586219.1	100	348	2.71e-256	692
WP_010954800.1	WP_010954800.1	100	348	2.35e-266	718
WP_010953834.1	WP_010953834.1	100	348	1.75e-252	683
WP_010953829.1	WP_010953829.1	100	348	4.89e-259	699
WP_010952253.1	WP_010952253.1	100	348	2.98e-244	662
WP_010952157.1	WP_010952157.1	100	348	1.34e-256	693
WP_003254766.1	WP_003254766.1	100	348	4.13e-251	679
WP_049586164.1	WP_049586164.1	100	347	4.52e-259	699
WP_010955829.1	WP_010955829.1	100	347	2.96e-264	712
WP_010954687.1	WP_010954687.1	100	347	9.12e-259	699
WP_010954141.1	WP_010954141.1	100	347	9.51e-261	704
WP_010953964.1	WP_010953964.1	100	347	1.14e-252	683
WP_010952128.1	WP_010952128.1	100	347	2.04e-230	627
WP_010951922.1	WP_010951922.1	100	347	1.31e-242	658
WP_126404352.1	WP_126404352.1	100	346	3.16e-254	687
WP_049587660.1	WP_049587660.1	100	346	7.13e-251	679
WP_049586637.1	WP_049586637.1	100	346	1.28e-163	458
WP_010955487.1	WP_010955487.1	100	346	6.16e-236	641
WP_010954486.1	WP_010954486.1	100	346	5.76e-266	717
WP_010954066.1	WP_010954066.1	100	346	1.53e-270	728
WP_010953015.1	WP_010953015.1	100	346	1.23e-251	681
WP_010952437.1	WP_010952437.1	100	346	7.22e-260	701
WP_010951760.1	WP_010951760.1	100	346	4.61e-247	669
WP_010951681.1	WP_010951681.1	100	346	1.65e-265	716
WP_023082810.1	WP_023082810.1	100	345	2.06e-254	687
WP_010954544.1	WP_010954544.1	100	345	1.93e-268	723
WP_010953439.1	WP_010953439.1	100	345	8.37e-254	686
WP_003255163.1	WP_003255163.1	100	345	7.90e-243	658
WP_003249749.1	WP_003249749.1	100	345	6.06e-247	669
WP_049587590.1	WP_049587590.1	100	344	2.41e-257	695
WP_010953614.1	WP_010953614.1	100	344	1.15e-255	691
WP_010953413.1	WP_010953413.1	100	344	8.42e-258	696
WP_010953090.1	WP_010953090.1	100	344	2.59e-252	682
WP_010952053.1	WP_010952053.1	100	344	3.29e-255	689
WP_010951765.1	WP_010951765.1	100	344	1.28e-252	683
WP_010951750.1	WP_010951750.1	100	344	2.31e-255	690
WP_004574732.1	WP_004574732.1	100	344	2.10e-242	657
WP_014860658.1	WP_014860658.1	100	343	3.04e-255	689
WP_014591398.1	WP_014591398.1	100	343	1.55e-248	672
WP_010952577.1	WP_010952577.1	100	343	2.46e-245	664
WP_003249512.1	WP_003249512.1	100	343	1.76e-254	687
WP_049588052.1	WP_049588052.1	100	342	3.02e-250	677
WP_010955176.1	WP_010955176.1	100	342	3.67e-251	679
WP_010954098.1	WP_010954098.1	100	342	3.15e-252	682
WP_010953670.1	WP_010953670.1	100	342	5.36e-244	661
WP_010952424.1	WP_010952424.1	100	342	3.78e-244	661
WP_049588100.1	WP_049588100.1	100	341	7.35e-246	665
WP_049587834.1	WP_049587834.1	100	341	4.54e-265	714
WP_049586580.1	WP_049586580.1	100	341	2.23e-256	692
WP_010955671.1	WP_010955671.1	100	341	6.86e-251	678
WP_010955647.1	WP_010955647.1	100	341	2.26e-240	652
WP_010954935.1	WP_010954935.1	100	341	6.47e-240	650
WP_010954643.1	WP_010954643.1	100	341	8.34e-252	681
WP_010954097.1	WP_010954097.1	100	341	4.05e-268	722
WP_010951736.1	WP_407473298.1	99.7	341	1.97e-250	677
WP_010951537.1	WP_010951537.1	100	341	1.97e-250	677
WP_010951450.1	WP_010951450.1	100	341	2.32e-258	697
WP_049586635.1	WP_049586635.1	100	340	1.20e-264	713
WP_028700032.1	WP_028700032.1	100	340	3.48e-134	383
WP_010954658.1	WP_010954658.1	100	340	3.82e-252	681
WP_010953736.1	WP_010953736.1	100	340	1.28e-250	677
WP_010953404.1	WP_010953404.1	100	340	8.88e-242	655
WP_010953193.1	WP_010953193.1	100	340	4.65e-253	684
WP_010953095.1	WP_010953095.1	100	340	3.61e-241	654
WP_010951965.1	WP_010951965.1	100	340	1.14e-228	622
WP_010951829.1	WP_010951829.1	100	340	3.52e-248	671
WP_049586861.1	WP_049586861.1	100	339	4.13e-251	679
WP_010955279.1	WP_010955279.1	100	339	1.80e-245	664
WP_010955177.1	WP_010955177.1	100	339	7.66e-247	668
WP_010954919.1	WP_010954919.1	100	339	4.82e-250	676
WP_010954747.1	WP_010954747.1	100	339	8.43e-235	637
WP_010954641.1	WP_010954641.1	100	339	1.48e-244	662
WP_010954369.1	WP_010954369.1	100	339	9.44e-257	693
WP_010954283.1	WP_010954283.1	100	339	1.15e-232	632
WP_010954253.1	WP_010954253.1	100	339	2.87e-242	656
WP_010951744.1	WP_010951744.1	100	339	1.40e-258	697
WP_010951558.1	WP_010951558.1	100	339	1.80e-245	664
WP_003254434.1	WP_003254434.1	100	339	6.92e-234	635
WP_003247567.1	WP_003247567.1	100	339	4.28e-228	620
WP_003247556.1	WP_003247556.1	100	339	2.79e-249	674
WP_049587606.1	WP_049587606.1	100	338	5.50e-219	597
WP_010954869.1	WP_010954869.1	100	338	2.40e-254	687
WP_010954413.1	WP_010954413.1	100	338	2.21e-250	677
WP_010953975.1	WP_010953975.1	100	338	6.33e-250	676
WP_010953540.1	WP_010953540.1	100	338	6.60e-252	681
WP_010952269.1	WP_010952269.1	100	338	1.99e-262	707
WP_010951989.1	WP_010951989.1	100	338	3.41e-254	686
WP_003250674.1	WP_003250674.1	100	338	3.27e-252	681
WP_003250043.1	WP_003250043.1	100	338	2.03e-246	667
WP_003249742.1	WP_003249742.1	100	338	1.76e-256	692
WP_003248396.1	WP_003248396.1	100	338	3.04e-232	631
WP_061405596.1	WP_061405596.1	100	337	7.03e-242	655
WP_049588464.1	WP_049588464.1	100	337	9.17e-238	645
WP_049586963.1	WP_049586963.1	100	337	9.42e-256	690
WP_014590234.1	WP_014590234.1	100	337	7.26e-269	723
WP_010955431.1	WP_010955431.1	100	337	2.56e-244	661
WP_010954365.1	WP_010954365.1	100	337	1.04e-243	660
WP_010952586.1	WP_010952586.1	100	337	8.79e-236	640
WP_003249550.1	WP_003249550.1	100	337	2.19e-245	664
WP_049587609.1	WP_049587609.1	100	336	2.65e-241	654
WP_049587343.1	WP_049587343.1	100	336	8.36e-254	685
WP_014592536.1	WP_014592536.1	100	336	3.40e-253	684
WP_010955595.1	WP_010955595.1	100	336	7.38e-248	670
WP_010955388.1	WP_010955388.1	100	336	1.12e-242	657
WP_010954666.1	WP_010954666.1	100	336	4.09e-245	663
WP_010954060.1	WP_010954060.1	100	336	1.55e-249	674
WP_010954050.1	WP_010954050.1	100	336	1.05e-247	670
WP_010953155.1	WP_010953155.1	100	336	7.69e-250	675
WP_010952935.1	WP_010952935.1	100	336	3.31e-235	638
WP_010952824.1	WP_010952824.1	100	336	2.88e-245	664
WP_010952514.1	WP_010952514.1	100	336	3.81e-250	676
WP_010952185.1	WP_010952185.1	100	336	8.02e-252	680
WP_003255257.1	WP_003255257.1	100	336	1.35e-234	637
WP_049588325.1	WP_049588325.1	100	335	4.29e-251	678
WP_019751089.1	WP_019751089.1	100	335	1.42e-240	652
WP_014592570.1	WP_014592570.1	100	335	1.86e-220	601
WP_010955308.1	WP_010955308.1	100	335	2.13e-251	679
WP_010955173.1	WP_010955173.1	100	335	9.97e-241	652
WP_010954941.1	WP_010954941.1	100	335	1.98e-256	692
WP_010954525.1	WP_010954525.1	100	335	7.12e-250	675
WP_010954410.1	WP_010954410.1	100	335	1.28e-252	682
WP_010954384.1	WP_010954384.1	100	335	8.19e-240	650
WP_010953853.1	WP_010953853.1	100	335	3.63e-243	658
WP_010952163.1	WP_010952163.1	100	335	2.78e-247	669
WP_010952069.1	WP_010952069.1	100	335	3.79e-162	453
WP_003253013.1	WP_003253013.1	100	335	2.25e-237	644
WP_003252351.1	WP_003252351.1	100	335	1.02e-233	634
WP_003251440.1	WP_003251440.1	100	335	1.32e-245	664
WP_126404343.1	WP_126404343.1	100	334	1.81e-247	669
WP_049587811.1	WP_049587811.1	100	334	1.14e-250	677
WP_029615556.1	WP_029615556.1	100	334	3.22e-241	653
WP_010953429.1	WP_010953429.1	100	334	6.05e-246	665
WP_010953006.1	WP_010953006.1	100	334	2.28e-225	613
WP_010952840.1	WP_010952840.1	100	334	5.03e-229	622
WP_010951493.1	WP_010951493.1	100	334	8.60e-246	665
WP_003254695.1	WP_003254695.1	100	334	5.19e-247	668
WP_003249311.1	WP_003249311.1	100	334	7.26e-238	645
WP_049588306.1	WP_049588306.1	100	333	1.69e-231	629
WP_049587632.1	WP_049587632.1	100	333	9.96e-240	649
WP_049586866.1	WP_049586866.1	100	333	7.41e-251	677
WP_010955419.1	WP_010955419.1	100	333	7.95e-246	665
WP_010954805.1	WP_010954805.1	100	333	1.56e-252	682
WP_010954188.1	WP_010954188.1	100	333	2.66e-244	661
WP_010953862.1	WP_010953862.1	100	333	3.72e-235	638
WP_010953782.1	WP_010953782.1	100	333	1.98e-230	626
WP_010952852.1	WP_010952852.1	100	333	1.87e-244	661
WP_010952192.1	WP_010952192.1	100	333	2.98e-241	653
WP_004575832.1	WP_004575832.1	100	333	1.18e-247	669
WP_003255452.1	WP_003255452.1	100	333	3.89e-237	643
WP_172835038.1	WP_172835038.1	100	332	1.78e-237	644
WP_079732569.1	WP_079732569.1	100	332	1.94e-241	654
WP_049588310.1	WP_049588310.1	100	332	2.49e-228	620
WP_049586140.1	WP_049586140.1	100	332	1.64e-233	634
WP_010955820.1	WP_010955820.1	100	332	7.25e-237	642
WP_010955407.1	WP_010955407.1	100	332	2.75e-241	653
WP_010955114.1	WP_010955114.1	100	332	2.20e-247	669
WP_010955044.1	WP_010955044.1	100	332	6.30e-247	667
WP_010953882.1	WP_010953882.1	100	332	9.95e-130	371
WP_010953843.1	WP_010953843.1	100	332	3.96e-250	676
WP_010953184.1	WP_010953184.1	100	332	5.02e-253	683
WP_010953138.1	WP_010953138.1	100	332	1.17e-242	657
WP_010952002.1	WP_010952002.1	100	332	2.36e-242	656
WP_010951747.1	WP_010951747.1	100	332	7.62e-223	607
WP_049588505.1	WP_049588505.1	100	331	2.44e-239	648
WP_010955131.1	WP_010955131.1	100	331	1.43e-247	669
WP_010954243.1	WP_010954243.1	100	331	4.79e-246	665
WP_010953946.1	WP_010953946.1	100	331	8.89e-242	654
WP_010953463.1	WP_010953463.1	100	331	2.85e-238	645
WP_010953461.1	WP_010953461.1	100	331	2.66e-243	658
WP_010953403.1	WP_010953403.1	100	331	3.50e-223	607
WP_010952028.1	WP_010952028.1	100	331	2.24e-235	638
WP_003248655.1	WP_003248655.1	100	331	9.95e-239	647
WP_232014143.1	WP_232014143.1	100	330	8.22e-242	654
WP_049588349.1	WP_049588349.1	100	330	4.02e-233	632
WP_049587768.1	WP_049587768.1	100	330	7.88e-240	649
WP_020191297.1	WP_020191297.1	100	330	2.36e-241	653
WP_010955654.1	WP_010955654.1	100	330	6.63e-257	692
WP_010955139.1	WP_010955139.1	100	330	3.69e-229	622
WP_010955138.1	WP_010955138.1	100	330	1.13e-223	608
WP_010954090.1	WP_010954090.1	100	330	5.17e-245	662
WP_010953210.1	WP_010953210.1	100	330	1.22e-243	659
WP_010953084.1	WP_010953084.1	100	330	2.13e-253	684
WP_010952730.1	WP_010952730.1	100	330	7.56e-238	644
WP_010952479.1	WP_010952479.1	100	330	1.15e-232	631
WP_010952121.1	WP_010952121.1	100	330	1.38e-249	674
WP_003249377.1	WP_003249377.1	100	330	2.75e-240	650
WP_049588155.1	WP_049588155.1	100	329	4.04e-237	642
WP_049587916.1	WP_049587916.1	100	329	5.51e-235	637
WP_049586231.1	WP_049586231.1	100	329	6.70e-236	639
WP_014591457.1	WP_014591457.1	100	329	1.08e-241	654
WP_010954157.1	WP_010954157.1	100	329	2.88e-246	665
WP_010953680.1	WP_010953680.1	100	329	2.40e-229	623
WP_010953588.1	WP_010953588.1	100	300	1.10e-112	327
WP_010952981.1	WP_010952981.1	100	329	6.18e-216	589
WP_010952967.1	WP_010952967.1	100	329	9.26e-243	657
WP_010952932.1	WP_010952932.1	100	329	7.82e-235	637
WP_010952771.1	WP_010952771.1	100	329	1.58e-234	636
WP_010952315.1	WP_010952315.1	100	329	2.00e-237	643
WP_003255557.1	WP_003255557.1	100	329	3.10e-241	653
WP_003248965.1	WP_003248965.1	100	329	3.10e-241	653
WP_049587466.1	WP_049587466.1	100	328	8.66e-252	679
WP_010955760.1	WP_010955760.1	100	328	2.35e-240	650
WP_010954789.1	WP_010954789.1	100	328	1.99e-232	630
WP_010954123.1	WP_010954123.1	100	328	2.88e-186	514
WP_010954091.1	WP_010954091.1	100	328	9.58e-240	649
WP_010953673.1	WP_010953673.1	100	328	4.70e-215	587
WP_010953609.1	WP_010953609.1	100	328	3.25e-247	668
WP_010952985.1	WP_010952985.1	100	328	1.07e-236	641
WP_010951987.1	WP_010951987.1	100	328	1.75e-251	679
WP_162490572.1	WP_162490572.1	100	327	1.81e-223	608
WP_049586257.1	WP_049586257.1	100	327	7.92e-243	657
WP_010954977.1	WP_010954977.1	100	327	7.68e-250	674
WP_010954838.1	WP_010954838.1	100	327	2.27e-242	655
WP_010954184.1	WP_010954184.1	100	327	9.36e-226	613
WP_010954068.1	WP_010954068.1	100	327	4.63e-251	677
WP_010953421.1	WP_010953421.1	100	327	1.55e-249	674
WP_010951445.1	WP_010951445.1	100	327	5.35e-241	652
WP_079732525.1	WP_079732525.1	100	326	4.95e-241	652
WP_049587186.1	WP_049587186.1	100	326	6.82e-248	669
WP_020191881.1	WP_020191881.1	100	326	2.70e-229	622
WP_010955271.1	WP_010955271.1	100	326	1.52e-235	638
WP_010954623.1	WP_010954623.1	100	326	6.74e-239	647
WP_010954058.1	WP_010954058.1	100	326	9.98e-241	651
WP_010953953.1	WP_010953953.1	100	326	2.04e-224	610
WP_010953295.1	WP_010953295.1	100	326	8.55e-242	654
WP_010952525.1	WP_010952525.1	100	326	9.18e-237	641
WP_004576734.1	WP_004576734.1	100	326	2.16e-235	638
WP_049588531.1	WP_049588531.1	100	325	3.98e-187	516
WP_049587087.1	WP_049587087.1	100	325	2.24e-232	630
WP_049586224.1	WP_049586224.1	100	325	2.35e-218	595
WP_010955734.1	WP_010955734.1	100	325	4.15e-228	619
WP_010955007.1	WP_010955007.1	100	325	1.33e-249	674
WP_010954418.1	WP_010954418.1	100	325	3.31e-234	635
WP_010954026.1	WP_010954026.1	100	325	6.78e-243	657
WP_010953811.1	WP_010953811.1	100	325	2.88e-244	660
WP_010953288.1	WP_010953288.1	100	325	1.66e-243	658
WP_010951830.1	WP_010951830.1	100	325	4.03e-235	637
WP_010951478.1	WP_010951478.1	100	325	2.24e-232	630
WP_003255700.1	WP_003255700.1	100	325	6.05e-246	664
WP_049587141.1	WP_049587141.1	100	324	1.23e-249	674
WP_010955241.1	WP_010955241.1	100	324	1.20e-231	628
WP_010954451.1	WP_010954451.1	100	324	3.15e-227	617
WP_010953815.1	WP_010953815.1	100	324	1.70e-231	628
WP_010953293.1	WP_010953293.1	100	324	1.12e-236	641
WP_010952793.1	WP_010952793.1	100	324	6.36e-227	616
WP_010952394.1	WP_010952394.1	100	324	3.58e-233	632
WP_010952149.1	WP_010952149.1	100	324	1.05e-225	613
WP_010955842.1	WP_010955842.1	100	323	1.55e-247	668
WP_010955677.1	WP_010955677.1	100	323	6.83e-251	677
WP_010955483.1	WP_010955483.1	100	323	6.40e-231	626
WP_010955477.1	WP_010955477.1	100	323	5.53e-216	588
WP_010954986.1	WP_010954986.1	100	323	2.00e-234	635
WP_010954704.1	WP_010954704.1	100	323	1.88e-223	607
WP_010953881.1	WP_010953881.1	100	323	1.86e-239	648
WP_010953824.1	WP_010953824.1	100	323	3.86e-232	629
WP_010953742.1	WP_010953742.1	100	323	1.41e-234	635
WP_010953669.1	WP_010953669.1	100	323	7.79e-232	629
WP_010953659.1	WP_010953659.1	100	323	2.36e-242	655
WP_010953322.1	WP_010953322.1	100	323	1.15e-233	633
WP_010953024.1	WP_010953024.1	100	323	3.02e-254	685
WP_010952998.1	WP_010952998.1	100	323	1.37e-241	653
WP_010952874.1	WP_010952874.1	100	323	1.78e-237	643
WP_010952839.1	WP_010952839.1	100	323	2.92e-227	617
WP_010952323.1	WP_010952323.1	100	323	1.11e-231	628
WP_010952260.1	WP_010952260.1	100	323	1.20e-235	638
WP_003255840.1	WP_003255840.1	100	323	1.11e-231	628
WP_003249260.1	WP_003249260.1	100	323	1.75e-253	683
WP_049586799.1	WP_049586799.1	100	322	1.85e-234	635
WP_031299399.1	WP_031299399.1	100	322	1.79e-241	653
WP_028699792.1	WP_028699792.1	100	322	1.26e-241	653
WP_010955736.1	WP_010955736.1	100	322	1.28e-250	676
WP_010955512.1	WP_010955512.1	100	322	1.04e-240	651
WP_010953418.1	WP_010953418.1	100	322	1.15e-228	620
WP_010953254.1	WP_010953254.1	100	322	7.10e-223	606
WP_010952976.1	WP_010952976.1	100	322	2.47e-248	670
WP_010952605.1	WP_010952605.1	100	322	2.25e-235	637
WP_010952089.1	WP_010952089.1	100	322	1.63e-228	620
WP_010952088.1	WP_010952088.1	100	322	1.63e-228	620
WP_010951986.1	WP_010951986.1	100	322	7.08e-248	669
WP_010951940.1	WP_010951940.1	100	322	1.05e-224	610
WP_010951802.1	WP_010951802.1	100	322	3.57e-232	629
WP_010951447.1	WP_010951447.1	100	322	4.05e-238	644
WP_004574212.1	WP_004574212.1	100	322	5.83e-222	603
WP_003254418.1	WP_003254418.1	100	322	1.77e-232	630
WP_010954248.1	WP_010954248.1	100	321	1.22e-243	658
WP_010954112.1	WP_010954112.1	100	321	6.86e-225	611
WP_010954018.1	WP_010954018.1	100	321	1.94e-240	650
WP_010952533.1	WP_010952533.1	100	321	2.95e-235	637
WP_010952217.1	WP_010952217.1	100	321	6.40e-230	624
WP_010952003.1	WP_010952003.1	100	321	5.25e-229	621
WP_010951926.1	WP_010951926.1	100	321	1.25e-236	640
WP_010951808.1	WP_010951808.1	100	321	5.88e-226	613
WP_010951667.1	WP_010951667.1	100	321	6.96e-234	634
WP_010951615.1	WP_010951615.1	100	321	1.11e-230	625
WP_010951594.1	WP_010951594.1	100	321	2.82e-96	285
WP_004576768.1	WP_004576768.1	100	321	7.34e-245	661
WP_049588123.1	WP_049588123.1	100	320	2.15e-232	630
WP_049586482.1	WP_049586482.1	100	320	1.85e-233	632
WP_049586091.1	WP_049586091.1	100	320	1.85e-233	632
WP_041166852.1	WP_041166852.1	100	320	7.51e-233	631
WP_010955881.1	WP_010955881.1	100	320	4.40e-241	652
WP_010955834.1	WP_010955834.1	100	320	1.14e-227	618
WP_010955803.1	WP_010955803.1	100	320	2.31e-195	536
WP_010955582.1	WP_010955582.1	100	320	9.40e-227	615
WP_010954841.1	WP_010954841.1	100	320	6.57e-252	679
WP_010954249.1	WP_010954249.1	100	320	5.44e-226	613
WP_010953722.1	WP_010953722.1	100	320	1.98e-196	539
WP_010952962.1	WP_010952962.1	100	320	5.92e-230	624
WP_010952769.1	WP_010952769.1	100	320	7.20e-231	626
WP_003252801.1	WP_003252801.1	100	320	3.14e-225	612
WP_003247318.1	WP_003247318.1	100	320	2.06e-230	625
WP_049587789.1	WP_049587789.1	100	319	1.74e-251	678
WP_010955730.1	WP_010955730.1	100	319	1.62e-206	564
WP_010955454.1	WP_010955454.1	100	319	1.91e-230	625
WP_010954831.1	WP_010954831.1	100	319	1.12e-238	645
WP_010954798.1	WP_010954798.1	100	319	8.11e-232	628
WP_010954542.1	WP_010954542.1	100	319	5.96e-234	634
WP_010953656.1	WP_010953656.1	100	319	5.96e-234	634
WP_010953401.1	WP_010953401.1	100	319	8.93e-220	598
WP_010952370.1	WP_010952370.1	100	319	5.87e-225	611
WP_010952193.1	WP_010952193.1	100	319	1.07e-236	640
WP_010951770.1	WP_010951770.1	100	319	2.71e-230	624
WP_010951429.1	WP_010951429.1	100	319	5.25e-228	619
WP_003247242.1	WP_003247242.1	100	319	5.87e-225	611
WP_049586857.1	WP_049586857.1	100	318	1.19e-228	620
WP_049586375.1	WP_049586375.1	100	318	1.72e-237	642
WP_010955232.1	WP_010955232.1	100	318	2.47e-221	602
WP_010954973.1	WP_010954973.1	100	318	4.53e-233	631
WP_010954842.1	WP_010954842.1	100	318	8.59e-247	666
WP_010954374.1	WP_010954374.1	100	318	4.09e-245	662
WP_010954113.1	WP_010954113.1	100	318	5.43e-225	611
WP_010954047.1	WP_010954047.1	100	318	1.03e-238	645
WP_010954024.1	WP_010954024.1	100	318	6.24e-240	649
WP_010952540.1	WP_010952540.1	100	318	2.57e-248	670
WP_010952456.1	WP_010952456.1	100	318	1.45e-229	622
WP_010951763.1	WP_010951763.1	100	318	8.40e-229	620
WP_010951703.1	WP_010951703.1	100	318	2.31e-226	614
WP_010951550.1	WP_010951550.1	100	318	9.93e-237	640
WP_003249439.1	WP_003249439.1	100	318	8.16e-236	638
WP_049587888.1	WP_049587888.1	100	317	4.02e-231	626
WP_014589989.1	WP_014589989.1	100	317	1.83e-227	617
WP_010955561.1	WP_010955561.1	100	317	1.78e-234	635
WP_010954144.1	WP_010954144.1	100	317	4.49e-228	619
WP_010952977.1	WP_010952977.1	100	317	5.31e-236	639
WP_010952891.1	WP_010952891.1	100	317	4.49e-228	619
WP_010952165.1	WP_010952165.1	100	317	2.01e-240	650
WP_010951928.1	WP_010951928.1	100	317	3.87e-197	540
WP_049588164.1	WP_049588164.1	100	316	5.33e-215	585
WP_041166556.1	WP_041166556.1	100	316	1.53e-239	647
WP_031299400.1	WP_031299400.1	100	316	1.11e-232	630
WP_010955323.1	WP_010955323.1	100	316	1.06e-230	625
WP_010954770.1	WP_010954770.1	100	316	4.98e-220	598
WP_010954572.1	WP_010954572.1	100	316	3.46e-236	639
WP_010954251.1	WP_010954251.1	100	316	5.06e-229	621
WP_010954106.1	WP_010954106.1	100	316	1.01e-219	597
WP_010952758.1	WP_010952758.1	100	316	5.20e-222	603
WP_010951868.1	WP_010951868.1	100	316	1.89e-224	609
WP_003255436.1	WP_003255436.1	100	316	7.97e-251	676
WP_003254074.1	WP_003254074.1	100	316	3.87e-233	631
WP_003252998.1	WP_003252998.1	100	316	1.92e-233	632
WP_232014086.1	WP_235436908.1	100	259	1.16e-195	534
WP_049587275.1	WP_049587275.1	100	315	1.06e-225	612
WP_011953245.1	WP_011953245.1	100	315	6.11e-225	610
WP_010954075.1	WP_010954075.1	100	315	2.60e-226	614
WP_010953898.1	WP_010953898.1	100	315	7.64e-219	595
WP_010953741.1	WP_010953741.1	100	315	3.79e-219	596
WP_010953292.1	WP_010953292.1	100	315	1.78e-233	632
WP_010952447.1	WP_010952447.1	100	315	8.32e-223	605
WP_010952391.1	WP_010952391.1	100	315	1.83e-226	614
WP_010952030.1	WP_010952030.1	100	315	2.90e-223	606
WP_010951872.1	WP_010951872.1	100	315	6.93e-231	625
WP_010951862.1	WP_010951862.1	100	315	2.25e-236	639
WP_010951661.1	WP_010951661.1	100	315	2.52e-233	632
WP_003253126.1	WP_003253126.1	100	315	1.16e-238	645
WP_003252323.1	WP_003252323.1	100	315	1.40e-230	625
WP_003251712.1	WP_003251712.1	100	315	1.06e-225	612
WP_049588076.1	WP_049588076.1	100	314	3.87e-232	629
WP_049587854.1	WP_049587854.1	100	314	2.40e-226	614
WP_020193144.1	WP_020193144.1	100	314	1.89e-223	607
WP_010955225.1	WP_010955225.1	100	314	1.62e-224	609
WP_010954429.1	WP_010954429.1	100	314	1.40e-209	572
WP_010954109.1	WP_010954109.1	100	314	6.42e-231	625
WP_010954093.1	WP_010954093.1	100	314	7.57e-239	645
WP_010953479.1	WP_010953479.1	100	314	3.87e-232	629
WP_010952463.1	WP_010952463.1	100	314	5.73e-234	633
WP_003247253.1	WP_003247253.1	100	314	2.88e-218	593
WP_049588514.1	WP_049588514.1	100	313	2.19e-217	591
WP_049586457.1	WP_049586457.1	100	313	7.97e-220	597
WP_010955158.1	WP_010955158.1	100	313	3.33e-212	578
WP_010955004.1	WP_010955004.1	100	313	1.72e-239	647
WP_010954475.1	WP_010954475.1	100	313	1.20e-230	625
WP_010954219.1	WP_010954219.1	100	313	2.82e-229	621
WP_010954082.1	WP_010954082.1	100	313	2.55e-241	652
WP_010954032.1	WP_010954032.1	100	313	6.45e-235	635
WP_010953569.1	WP_010953569.1	100	313	7.97e-220	597
WP_010953516.1	WP_010953516.1	100	313	2.50e-207	566
WP_010953515.1	WP_010953515.1	100	313	3.19e-210	573
WP_010952530.1	WP_010952530.1	100	313	1.75e-223	607
WP_003255895.1	WP_003255895.1	100	313	5.02e-223	605
WP_003248605.1	WP_003248605.1	100	313	3.29e-228	619
WP_003247410.1	WP_003247410.1	100	313	2.04e-222	604
WP_020192209.1	WP_020192209.1	100	312	8.60e-219	595
WP_010955415.1	WP_010955415.1	100	312	1.35e-231	627
WP_010955054.1	WP_010955054.1	100	312	2.11e-219	596
WP_010954101.1	WP_010954101.1	100	312	6.32e-221	600
WP_010954081.1	WP_010954081.1	100	312	2.24e-230	624
WP_010953617.1	WP_010953617.1	100	312	5.19e-220	598
WP_010952936.1	WP_010952936.1	100	312	4.26e-219	595
WP_010952884.1	WP_010952884.1	100	312	5.65e-224	608
WP_010951534.1	WP_010951534.1	100	312	1.37e-215	587
WP_049587079.1	WP_049587079.1	100	311	4.48e-225	610
WP_010955240.1	WP_010955240.1	100	311	1.92e-235	637
WP_010954613.1	WP_010954613.1	100	311	3.76e-242	654
WP_010954549.1	WP_010954549.1	100	311	1.65e-236	639
WP_010952779.1	WP_010952779.1	100	311	1.07e-232	630
WP_003248753.1	WP_003248753.1	100	311	2.48e-222	603
WP_010955257.1	WP_010955257.1	100	310	1.29e-228	619
WP_010954609.1	WP_010954609.1	100	310	1.05e-218	594
WP_010954356.1	WP_010954356.1	100	310	2.33e-231	626
WP_010952922.1	WP_010952922.1	100	310	1.97e-223	606
WP_010952798.1	WP_010952798.1	100	310	3.70e-228	618
WP_010952764.1	WP_010952764.1	100	310	1.33e-221	602
WP_010951790.1	WP_010951790.1	100	310	5.65e-223	605
WP_010951474.1	WP_010951474.1	100	310	1.62e-222	604
WP_003255846.1	WP_003255846.1	100	310	5.65e-223	605
WP_110771845.1	WP_110771845.1	100	309	3.57e-230	623
WP_049586352.1	WP_049586352.1	100	309	2.90e-220	598
WP_010955104.1	WP_010955104.1	100	309	7.11e-221	600
WP_010954958.1	WP_010954958.1	100	309	1.02e-204	559
WP_010954266.1	WP_010954266.1	100	309	1.23e-221	602
WP_010953612.1	WP_010953612.1	100	309	2.81e-227	616
WP_010952762.1	WP_010952762.1	100	309	2.07e-229	621
WP_010952741.1	WP_010952741.1	100	309	1.34e-225	612
WP_010952184.1	WP_010952184.1	100	309	1.82e-223	606
WP_003254453.1	WP_003254453.1	100	309	1.98e-227	616
WP_370688785.1	WP_370688785.1	100	308	7.24e-234	632
WP_110771793.1	WP_110771793.1	100	308	1.52e-235	637
WP_061405558.1	WP_061405558.1	100	308	4.58e-246	663
WP_051122560.1	WP_051122560.1	100	308	6.39e-228	617
WP_049588323.1	WP_049588323.1	100	308	1.93e-238	644
WP_047605320.1	WP_047605320.1	100	308	1.40e-231	627
WP_010955774.1	WP_010955774.1	100	308	4.69e-230	623
WP_010955276.1	WP_010955276.1	100	308	1.97e-222	603
WP_010955209.1	WP_010955209.1	100	308	1.00e-215	587
WP_010955162.1	WP_010955162.1	100	308	6.05e-217	590
WP_010955030.1	WP_010955030.1	100	308	2.44e-241	651
WP_010954624.1	WP_010954624.1	100	308	1.36e-213	581
WP_010954169.1	WP_010954169.1	100	308	3.81e-220	598
WP_010954167.1	WP_010954167.1	100	308	3.55e-225	610
WP_010953494.1	WP_010953494.1	100	308	2.08e-233	631
WP_010953469.1	WP_010953469.1	100	308	5.80e-215	585
WP_010953436.1	WP_010953436.1	100	308	5.88e-224	607
WP_010953387.1	WP_010953387.1	100	308	9.75e-223	604
WP_010953154.1	WP_010953154.1	100	308	1.27e-218	594
WP_010952392.1	WP_010952392.1	100	308	1.52e-235	637
WP_009685150.1	WP_009685150.1	100	308	8.59e-217	589
WP_003253362.1	WP_003253362.1	100	308	1.44e-224	609
WP_003252379.1	WP_003252379.1	100	308	2.02e-215	586
WP_049588430.1	WP_049588430.1	100	307	8.40e-228	617
WP_049586372.1	WP_049586372.1	100	307	3.15e-223	605
WP_049586296.1	WP_049586296.1	100	307	1.58e-232	629
WP_010955046.1	WP_010955046.1	100	307	7.00e-211	574
WP_010954165.1	WP_010954165.1	100	307	4.34e-230	623
WP_010953687.1	WP_010953687.1	100	307	1.14e-225	612
WP_010953597.1	WP_010953597.1	100	307	1.19e-227	617
WP_010953383.1	WP_010953383.1	100	307	4.66e-225	610
WP_010953076.1	WP_010953076.1	100	307	1.05e-221	602
WP_010953052.1	WP_010953052.1	100	307	3.83e-224	608
WP_010952592.1	WP_010952592.1	100	307	1.41e-235	637
WP_010952321.1	WP_010952321.1	100	307	1.72e-211	576
WP_010951723.1	WP_010951723.1	100	307	3.94e-217	590
WP_010951684.1	WP_010951684.1	100	307	5.07e-229	620
WP_010951435.1	WP_010951435.1	100	307	9.41e-225	609
WP_008097482.1	WP_008097482.1	100	307	1.92e-208	568
WP_003254610.1	WP_003254610.1	100	307	1.50e-221	601
WP_010955684.1	WP_010955684.1	100	306	5.47e-228	617
WP_010954482.1	WP_010954482.1	100	306	5.25e-226	612
WP_010954450.1	WP_010954450.1	100	306	2.68e-219	595
WP_010953346.1	WP_010953346.1	100	306	2.32e-229	621
WP_010952625.1	WP_010952625.1	100	306	1.41e-239	647
WP_010952503.1	WP_010952503.1	100	306	6.31e-218	592
WP_010952436.1	WP_010952436.1	100	306	1.40e-230	624
WP_010952249.1	WP_010952249.1	100	306	2.60e-226	613
WP_010952104.1	WP_010952104.1	100	306	7.53e-235	635
WP_004576856.1	WP_004576856.1	100	306	4.63e-220	597
WP_003253736.1	WP_003253736.1	100	306	2.57e-217	590
WP_003252510.1	WP_003252510.1	100	306	1.00e-214	584
WP_049588510.1	WP_049588510.1	100	305	4.11e-218	592
WP_049587881.1	WP_049587881.1	100	305	4.03e-234	633
WP_049587120.1	WP_049587120.1	100	305	2.79e-200	547
WP_049586945.1	WP_049586945.1	100	305	2.21e-222	603
WP_010955826.1	WP_010955826.1	100	305	6.09e-220	597
WP_010955244.1	WP_407475000.1	99.7	305	1.14e-224	609
WP_010954644.1	WP_010954644.1	100	305	1.67e-217	591
WP_010954617.1	WP_010954617.1	100	305	9.01e-222	602
WP_010953830.1	WP_010953830.1	100	305	1.01e-218	594
WP_010953821.1	WP_010953821.1	100	305	1.74e-219	596
WP_010952466.1	WP_010952466.1	100	305	2.51e-228	618
WP_010951946.1	WP_010951946.1	100	305	1.58e-231	626
WP_010951546.1	WP_010951546.1	100	305	5.21e-221	600
WP_003255278.1	WP_003255278.1	100	305	2.31e-224	608
WP_003254981.1	WP_003254981.1	100	305	1.28e-221	601
WP_003251799.1	WP_003251799.1	100	305	2.06e-227	616
WP_049586819.1	WP_049586819.1	100	304	2.42e-230	623
WP_049586774.1	WP_049586774.1	100	304	1.18e-221	601
WP_049586325.1	WP_049586325.1	100	304	3.26e-219	595
WP_010955035.1	WP_010955035.1	100	304	1.90e-202	553
WP_010954650.1	WP_010954650.1	100	304	3.19e-235	635
WP_010954606.1	WP_010954606.1	100	304	8.08e-204	556
WP_010954053.1	WP_010954053.1	100	304	3.43e-230	623
WP_010953735.1	WP_010953735.1	100	304	1.48e-215	586
WP_004576004.1	WP_004576004.1	100	304	1.25e-232	629
WP_003253931.1	WP_003253931.1	100	304	7.15e-223	604
WP_003249590.1	WP_003249590.1	100	304	4.18e-206	562
WP_049587890.1	WP_049587890.1	100	303	7.40e-220	597
WP_049587677.1	WP_049587677.1	100	303	1.67e-216	588
WP_049586430.1	WP_049586430.1	100	303	3.37e-216	587
WP_010955764.1	WP_010955764.1	100	303	2.06e-226	613
WP_010955248.1	WP_010955248.1	100	303	1.79e-211	575
WP_010954445.1	WP_010954445.1	100	303	6.34e-221	599
WP_010954057.1	WP_010954057.1	100	303	5.43e-222	602
WP_010953855.1	WP_010953855.1	100	303	1.60e-214	583
WP_010953499.1	WP_010953499.1	100	303	3.67e-220	597
WP_010952576.1	WP_010952576.1	100	303	3.77e-213	580
WP_010951729.1	WP_010951729.1	100	303	7.25e-236	637
WP_010951479.1	WP_010951479.1	100	303	2.35e-241	651
WP_003251873.1	WP_003251873.1	100	303	3.37e-216	587
WP_049588245.1	WP_049588245.1	100	302	1.49e-198	543
WP_049588102.1	WP_049588102.1	100	302	4.43e-216	587
WP_049587220.1	WP_049587220.1	100	302	1.50e-223	606
WP_049587085.1	WP_049587085.1	100	302	9.52e-236	637
WP_049586086.1	WP_049586086.1	100	302	2.52e-231	625
WP_010955855.1	WP_010955855.1	100	302	2.71e-226	613
WP_010954105.1	WP_010954105.1	100	302	3.58e-206	562
WP_010953707.1	WP_010953707.1	100	302	3.80e-217	590
WP_010953405.1	WP_010953405.1	100	302	2.11e-214	583
WP_010952860.1	WP_010952860.1	100	302	1.20e-229	621
WP_010952499.1	WP_010952499.1	100	302	3.64e-215	585
WP_010952062.1	WP_010952062.1	100	302	4.36e-207	564
WP_010951519.1	WP_010951519.1	100	302	1.40e-203	555
WP_003255050.1	WP_003255050.1	100	302	2.79e-219	595
WP_049587744.1	WP_049587744.1	100	301	2.58e-219	595
WP_049587072.1	WP_049587072.1	100	301	1.15e-231	626
WP_010955562.1	WP_010955562.1	100	301	5.25e-187	513
WP_010955166.1	WP_010955166.1	100	301	1.72e-208	568
WP_010954970.1	WP_010954970.1	100	301	4.19e-234	632
WP_010954926.1	WP_010954926.1	100	301	1.08e-211	576
WP_010954508.1	WP_010954508.1	100	301	9.66e-215	583
WP_010954421.1	WP_010954421.1	100	301	5.21e-219	594
WP_010954013.1	WP_010954013.1	100	301	7.60e-212	576
WP_010953378.1	WP_010953378.1	100	301	2.03e-216	588
WP_010953080.1	WP_010953080.1	100	301	3.77e-212	577
WP_010952400.1	WP_010952400.1	100	301	4.28e-218	592
WP_010951988.1	WP_010951988.1	100	301	5.05e-226	612
WP_010951438.1	WP_010951438.1	100	301	2.97e-209	570
WP_004575216.1	WP_004575216.1	100	301	9.66e-215	583
WP_003255817.1	WP_003255817.1	100	301	2.03e-216	588
WP_020193177.1	WP_020193177.1	100	300	2.39e-219	595
WP_010955683.1	WP_010955683.1	100	300	2.39e-219	595
WP_010955268.1	WP_010955268.1	100	300	5.17e-214	582
WP_010955169.1	WP_010955169.1	100	300	1.01e-220	598
WP_010954631.1	WP_010954631.1	100	300	1.90e-200	547
WP_010952821.1	WP_010952821.1	100	300	2.56e-214	582
WP_010952276.1	WP_010952276.1	100	300	1.83e-223	605
WP_003253907.1	WP_003253907.1	100	300	2.67e-216	587
WP_049587807.1	WP_049587807.1	100	299	2.05e-224	608
WP_010955749.1	WP_010955749.1	100	299	2.47e-216	587
WP_010955618.1	WP_010955618.1	100	299	7.28e-209	568
WP_010955265.1	WP_010955265.1	100	299	1.81e-218	593
WP_010954633.1	WP_010954633.1	100	299	5.15e-193	528
WP_010954396.1	WP_010954396.1	100	299	5.58e-213	579
WP_010954065.1	WP_010954065.1	100	299	2.37e-214	582
WP_010953897.1	WP_010953897.1	100	299	3.55e-225	610
WP_010953464.1	WP_010953464.1	100	299	1.53e-210	573
WP_010953376.1	WP_010953376.1	100	299	4.50e-228	617
WP_010952713.1	WP_010952713.1	100	299	2.12e-217	590
WP_010952038.1	WP_010952038.1	100	299	1.79e-209	570
WP_010951985.1	WP_010951985.1	100	299	1.28e-218	593
WP_010951624.1	WP_010951624.1	100	299	2.05e-224	608
WP_010951557.1	WP_010951557.1	100	299	1.19e-223	606
WP_010951485.1	WP_010951485.1	100	299	3.82e-220	597
WP_020192587.1	WP_020192587.1	100	298	8.21e-210	571
WP_010955822.1	WP_010955822.1	100	298	2.93e-228	617
WP_010955815.1	WP_010955815.1	100	298	5.86e-219	594
WP_010955519.1	WP_010955519.1	100	298	1.18e-218	593
WP_010955316.1	WP_010955316.1	100	298	7.65e-215	583
WP_010955063.1	WP_010955063.1	100	298	1.36e-208	568
WP_010954461.1	WP_010954461.1	100	298	5.96e-237	639
WP_010952836.1	WP_010952836.1	100	298	3.68e-222	602
WP_010952687.1	WP_010952687.1	100	298	2.78e-217	590
WP_010952319.1	WP_010952319.1	100	298	1.48e-212	578
WP_010952313.1	WP_010952313.1	100	298	1.93e-208	567
WP_010951490.1	WP_010951490.1	100	298	1.32e-215	585
WP_003252154.1	WP_003252154.1	100	298	1.50e-221	600
WP_003251398.1	WP_003251398.1	100	298	1.28e-222	603
WP_049588192.1	WP_049588192.1	100	297	3.76e-210	572
WP_049588127.1	WP_049588127.1	100	297	1.52e-234	633
WP_049587514.1	WP_049587514.1	100	297	2.37e-213	580
WP_049586462.1	WP_049586462.1	100	297	1.06e-200	548
WP_049586418.1	WP_049586418.1	100	297	4.10e-214	582
WP_010955705.1	WP_010955705.1	100	297	6.13e-200	546
WP_010955207.1	WP_010955207.1	100	297	4.78e-213	579
WP_010955040.1	WP_010955040.1	100	297	2.54e-208	567
WP_010954462.1	WP_010954462.1	100	297	4.18e-232	627
WP_010954375.1	WP_010954375.1	100	297	1.51e-225	610
WP_010954129.1	WP_010954129.1	100	297	1.18e-197	540
WP_010953814.1	WP_010953814.1	100	297	1.37e-212	578
WP_010953577.1	WP_010953577.1	100	297	2.14e-200	547
WP_010953020.1	WP_010953020.1	100	297	5.25e-226	612
WP_010951813.1	WP_010951813.1	100	297	1.89e-219	595
WP_010951511.1	WP_010951511.1	100	297	2.54e-208	567
WP_004574892.1	WP_004574892.1	100	297	1.95e-212	577
WP_003254585.1	WP_003254585.1	100	297	6.07e-216	586
WP_003250547.1	WP_003250547.1	100	297	4.10e-214	582
WP_003247268.1	WP_003247268.1	100	297	3.36e-213	579
WP_049586715.1	WP_049586715.1	100	296	9.03e-222	601
WP_010955816.1	WP_010955816.1	100	296	6.48e-190	520
WP_010955772.1	WP_010955772.1	100	296	7.97e-216	586
WP_010955195.1	WP_010955195.1	100	296	3.43e-201	549
WP_010954938.1	WP_010954938.1	100	296	3.95e-216	587
WP_010954173.1	WP_010954173.1	100	296	2.19e-213	580
WP_010954121.1	WP_010954121.1	100	296	1.80e-212	577
WP_010954111.1	WP_010954111.1	100	296	1.96e-216	587
WP_010954044.1	WP_010954044.1	100	296	3.25e-215	584
WP_010953852.1	WP_010953852.1	100	296	1.88e-214	582
WP_010953298.1	WP_010953298.1	100	296	3.34e-208	566
WP_010953178.1	WP_010953178.1	100	296	6.28e-213	578
WP_010952120.1	WP_010952120.1	100	296	6.83e-217	588
WP_004575206.1	WP_004575206.1	100	296	1.10e-222	603
WP_003249460.1	WP_003249460.1	100	296	6.28e-213	578
WP_003247220.1	WP_003247220.1	100	296	3.68e-221	599
WP_049586972.1	WP_049586972.1	100	295	1.19e-221	600
WP_049586259.1	WP_049586259.1	100	295	9.24e-210	570
WP_049586156.1	WP_049586156.1	100	295	1.14e-219	595
WP_010955321.1	WP_010955321.1	100	295	1.31e-209	570
WP_010955266.1	WP_010955266.1	100	295	1.22e-214	583
WP_010954500.1	WP_010954500.1	100	295	7.28e-207	563
WP_010954302.1	WP_010954302.1	100	295	7.38e-216	586
WP_010954273.1	WP_010954273.1	100	295	4.83e-221	599
WP_010953716.1	WP_010953716.1	100	295	4.45e-217	589
WP_010953653.1	WP_010953653.1	100	295	3.92e-211	574
WP_010953215.1	WP_010953215.1	100	295	8.91e-192	525
WP_010953119.1	WP_010953119.1	100	295	8.86e-208	565
WP_010953044.1	WP_010953044.1	100	295	7.92e-211	573
WP_010953025.1	WP_010953025.1	100	295	7.69e-218	591
WP_010952899.1	WP_010952899.1	100	295	5.12e-207	563
WP_010952516.1	WP_010952516.1	100	295	1.62e-219	595
WP_010952301.1	WP_010952301.1	100	295	9.91e-205	558
WP_010952126.1	WP_010952126.1	100	295	5.19e-216	586
WP_010951810.1	WP_010951810.1	100	295	2.00e-204	557
WP_010951710.1	WP_010951710.1	100	295	6.32e-217	588
WP_010951687.1	WP_010951687.1	100	295	4.64e-219	594
WP_010951507.1	WP_010951507.1	100	295	4.01e-229	619
WP_010951470.1	WP_010951470.1	100	295	1.69e-221	600
WP_010951464.1	WP_010951464.1	100	295	1.22e-214	583
WP_003254739.1	WP_003254739.1	100	295	1.74e-214	582
WP_003248596.1	WP_003248596.1	100	295	2.27e-210	572
WP_003247104.1	WP_003247104.1	100	295	6.87e-221	598
WP_371044508.1	WP_371044508.1	100	294	1.39e-183	504
WP_172835035.1	WP_172835035.1	100	294	1.38e-215	585
WP_049587096.1	WP_049587096.1	100	294	3.73e-204	556
WP_049586701.1	WP_049586701.1	100	294	3.28e-223	604
WP_010955341.1	WP_010955341.1	100	294	4.17e-201	548
WP_010955338.1	WP_010955338.1	100	294	5.85e-217	588
WP_010954640.1	WP_010954640.1	100	294	2.56e-211	574
WP_010953187.1	WP_010953187.1	100	294	1.56e-221	600
WP_010951919.1	WP_010951919.1	100	294	5.85e-217	588
WP_010951668.1	WP_010951668.1	100	294	2.28e-214	582
WP_010951461.1	WP_010951461.1	100	294	1.50e-219	595
WP_003255419.1	WP_003255419.1	100	294	1.44e-217	590
WP_003254537.1	WP_003254537.1	100	294	2.67e-213	579
WP_003254203.1	WP_003254203.1	100	294	1.88e-213	580
WP_003253899.1	WP_003253899.1	100	294	4.54e-205	558
WP_051122553.1	WP_051122553.1	100	293	5.87e-221	598
WP_049587270.1	WP_049587270.1	100	293	4.09e-212	576
WP_010955629.1	WP_010955629.1	100	293	4.26e-214	581
WP_010955459.1	WP_010955459.1	100	293	2.00e-203	554
WP_010955320.1	WP_010955320.1	100	293	1.31e-208	567
WP_010955289.1	WP_010955289.1	100	293	9.63e-211	573
WP_010954391.1	WP_010954391.1	100	293	3.92e-210	571
WP_010953679.1	WP_010953679.1	100	293	2.79e-194	531
WP_010953661.1	WP_010953661.1	100	293	1.61e-193	529
WP_010952997.1	WP_010952997.1	100	293	1.03e-205	560
WP_010952820.1	WP_010952820.1	100	293	4.63e-218	591
WP_010952324.1	WP_010952324.1	100	293	1.11e-234	633
WP_004374921.1	WP_004374921.1	100	293	4.98e-213	578
WP_003254651.1	WP_003254651.1	100	293	2.14e-198	541
WP_232014133.1	WP_232014133.1	100	292	3.11e-211	574
WP_079732587.1	WP_079732587.1	100	292	9.46e-231	623
WP_049587673.1	WP_049587673.1	100	292	1.56e-220	597
WP_049587296.1	WP_049587296.1	100	292	5.30e-203	553
WP_010955429.1	WP_010955429.1	100	292	5.84e-216	586
WP_010955077.1	WP_010955077.1	100	292	3.02e-218	592
WP_010954509.1	WP_010954509.1	100	292	2.86e-207	564
WP_010954474.1	WP_010954474.1	100	292	4.94e-208	566
WP_010954395.1	WP_010954395.1	100	292	5.38e-212	576
WP_010953955.1	WP_010953955.1	100	292	3.66e-194	531
WP_010953861.1	WP_010953861.1	100	292	1.08e-211	575
WP_010953226.1	WP_010953226.1	100	292	1.65e-206	562
WP_010953001.1	WP_010953001.1	100	292	2.98e-209	569
WP_010952207.1	WP_010952207.1	100	292	1.58e-204	557
WP_197686810.1	WP_197686810.1	100	291	3.69e-223	604
WP_051122586.1	WP_051122586.1	100	291	6.78e-210	570
WP_049588187.1	WP_049588187.1	100	291	6.78e-210	570
WP_049586330.1	WP_049586330.1	100	291	2.96e-204	556
WP_049586273.1	WP_049586273.1	100	291	3.00e-213	579
WP_014592287.1	WP_230065380.1	100	264	5.86e-184	504
WP_010955466.1	WP_010955466.1	100	291	7.07e-212	575
WP_010955269.1	WP_010955269.1	100	291	5.63e-218	591
WP_010955237.1	WP_010955237.1	100	291	4.57e-208	566
WP_010953981.1	WP_010953981.1	100	291	3.17e-199	543
WP_010953713.1	WP_010953713.1	100	291	6.31e-215	583
WP_010952965.1	WP_010952965.1	100	291	1.08e-206	562
WP_010952568.1	WP_010952568.1	100	291	2.29e-217	589
WP_010952501.1	WP_010952501.1	100	291	2.39e-219	594
WP_010951565.1	WP_010951565.1	100	291	2.33e-201	549
WP_003254607.1	WP_003254607.1	100	291	1.53e-206	562
WP_003251938.1	WP_003251938.1	100	291	4.39e-206	561
WP_404943662.1	WP_404943662.1	100	290	1.24e-168	466
WP_049587849.1	WP_049587849.1	100	290	5.77e-206	560
WP_012052078.1	WP_012052078.1	100	290	4.80e-214	581
WP_010955698.1	WP_010955698.1	100	290	3.42e-198	541
WP_010955399.1	WP_010955399.1	100	290	4.17e-199	543
WP_010955168.1	WP_010955168.1	100	290	3.55e-225	609
WP_010955157.1	WP_010955157.1	100	290	3.06e-201	548
WP_010954552.1	WP_010954552.1	100	290	3.63e-209	568
WP_010954379.1	WP_010954379.1	100	290	1.49e-192	526
WP_010954274.1	WP_010954274.1	100	290	5.66e-222	601
WP_010952102.1	WP_010952102.1	100	290	5.43e-220	596
WP_010951799.1	WP_010951799.1	100	290	6.73e-205	558
WP_004575195.1	WP_004575195.1	100	290	2.04e-215	584
WP_003253385.1	WP_003253385.1	100	290	2.45e-207	564
WP_003253185.1	WP_003253185.1	100	290	1.58e-203	554
WP_049586455.1	WP_049586455.1	100	289	6.08e-157	436
WP_016497350.1	WP_016497350.1	100	289	8.33e-219	593
WP_010955889.1	WP_010955889.1	100	289	3.92e-208	566
WP_010955674.1	WP_010955674.1	100	289	6.97e-202	550
WP_010955389.1	WP_010955389.1	100	289	6.85e-218	590
WP_010955352.1	WP_010955352.1	100	289	6.57e-216	585
WP_010953723.1	WP_010953723.1	100	289	2.11e-212	577
WP_010953536.1	WP_051122557.1	99.7	289	5.18e-213	578
WP_010953476.1	WP_010953476.1	100	289	1.03e-203	555
WP_010952600.1	WP_010952600.1	100	289	4.48e-223	603
WP_010952457.1	WP_010952457.1	100	289	1.12e-207	565
WP_010952320.1	WP_010952320.1	100	289	2.51e-229	619
WP_010952309.1	WP_010952309.1	100	289	2.33e-200	546
WP_003251963.1	WP_003251963.1	100	289	4.38e-205	558
WP_003249538.1	WP_003249538.1	100	289	3.94e-176	485
WP_051122524.1	WP_051122524.1	100	288	1.95e-212	577
WP_049587533.1	WP_049587533.1	100	288	1.13e-211	575
WP_010953849.1	WP_010953849.1	100	288	3.48e-206	561
WP_010953559.1	WP_010953559.1	100	288	2.55e-208	566
WP_010953310.1	WP_010953310.1	100	288	5.60e-212	575
WP_010951890.1	WP_010951890.1	100	288	4.79e-213	578
WP_004576191.1	WP_004576191.1	100	288	3.55e-224	606
WP_004374302.1	WP_004374302.1	100	288	3.94e-212	576
WP_003253273.1	WP_003253273.1	100	288	8.78e-200	545
WP_197686814.1	WP_197686814.1	100	287	1.42e-209	569
WP_061405691.1	WP_061405691.1	100	287	3.39e-217	588
WP_061405576.1	WP_061405576.1	100	287	1.35e-198	541
WP_049588220.1	WP_049588220.1	100	287	5.86e-218	590
WP_010955794.1	WP_010955794.1	100	287	7.79e-198	540
WP_010955490.1	WP_010955490.1	100	287	1.22e-210	572
WP_010955349.1	WP_010955349.1	100	287	1.08e-204	557
WP_010954634.1	WP_010954634.1	100	287	7.81e-182	499
WP_010954130.1	WP_010954130.1	100	287	3.65e-212	576
WP_010953484.1	WP_010953484.1	100	287	1.33e-214	582
WP_010953192.1	WP_010953192.1	100	287	4.03e-200	545
WP_010953172.1	WP_010953172.1	100	287	3.00e-211	573
WP_010952674.1	WP_010952674.1	100	287	4.82e-192	525
WP_010951560.1	WP_010951560.1	100	287	4.03e-200	545
WP_010951559.1	WP_010951559.1	100	287	4.57e-206	560
WP_003249565.1	WP_003249565.1	100	287	6.01e-186	509
WP_003247790.1	WP_003247790.1	100	287	1.57e-197	539
WP_014754042.1	WP_014754042.1	100	286	2.58e-216	586
WP_010955235.1	WP_010955235.1	100	286	4.54e-201	548
WP_010955187.1	WP_010955187.1	100	286	6.59e-219	593
WP_010952396.1	WP_010952396.1	100	286	6.01e-206	560
WP_010951968.1	WP_010951968.1	100	286	5.15e-207	563
WP_003254727.1	WP_003254727.1	100	286	2.41e-196	536
WP_003253195.1	WP_003253195.1	100	286	4.35e-199	543
WP_003252589.1	WP_003252589.1	100	286	2.10e-206	561
WP_003249520.1	WP_003249520.1	100	286	6.18e-199	542
WP_003247565.1	WP_003247565.1	100	286	1.14e-194	531
WP_049588177.1	WP_049588177.1	100	285	8.33e-192	524
WP_010955802.1	WP_010955802.1	100	285	4.97e-209	568
WP_010955450.1	WP_010955450.1	100	285	4.57e-205	558
WP_010955065.1	WP_010955065.1	100	285	6.67e-198	540
WP_010953825.1	WP_010953825.1	100	285	3.39e-216	586
WP_010953639.1	WP_010953639.1	100	285	4.08e-208	565
WP_003255675.1	WP_003255675.1	100	285	2.04e-217	589
WP_110771809.1	WP_110771809.1	100	284	3.51e-213	578
WP_010955838.1	WP_010955838.1	100	284	1.33e-192	526
WP_010955655.1	WP_010955655.1	100	284	5.64e-219	593
WP_010955442.1	WP_010955442.1	100	284	3.05e-166	459
WP_010955136.1	WP_010955136.1	100	284	7.84e-201	547
WP_010954371.1	WP_010954371.1	100	284	7.01e-204	555
WP_010952635.1	WP_010952635.1	100	284	1.41e-203	554
WP_010952145.1	WP_010952145.1	100	284	1.54e-207	564
WP_010952054.1	WP_010952054.1	100	284	7.01e-204	555
WP_003255044.1	WP_003255044.1	100	284	1.39e-228	617
WP_003252985.1	WP_003252985.1	100	284	1.43e-212	577
WP_003252340.1	WP_003252340.1	100	284	1.50e-223	604
WP_003252057.1	WP_003252057.1	100	284	1.18e-211	574
WP_003251491.1	WP_003251491.1	100	284	8.89e-207	562
WP_003250234.1	WP_003250234.1	100	284	3.23e-209	568
WP_003249083.1	WP_003249083.1	100	284	9.55e-202	549
WP_010955567.1	WP_010955567.1	100	283	3.95e-214	580
WP_010955359.1	WP_010955359.1	100	283	3.45e-199	543
WP_010954417.1	WP_010954417.1	100	283	3.49e-208	565
WP_010954242.1	WP_010954242.1	100	283	3.31e-197	538
WP_010952633.1	WP_010952633.1	100	283	2.46e-208	566
WP_010952137.1	WP_010952137.1	100	283	4.38e-202	550
WP_010951853.1	WP_010951853.1	100	283	8.31e-216	585
WP_010951593.1	WP_010951593.1	100	283	2.99e-209	568
WP_003254959.1	WP_003254959.1	100	283	7.89e-205	557
WP_003252879.1	WP_003252879.1	100	283	1.31e-203	554
WP_003251921.1	WP_003251921.1	100	283	1.18e-215	584
WP_003250045.1	WP_003250045.1	100	283	1.57e-195	533
WP_003249507.1	WP_003249507.1	100	283	5.11e-201	547
WP_172830946.1	WP_172830946.1	100	282	1.25e-196	536
WP_049587118.1	WP_049587118.1	100	282	9.63e-185	506
WP_010954587.1	WP_010954587.1	100	282	5.92e-195	532
WP_010954336.1	WP_010954336.1	100	282	3.89e-200	545
WP_010954305.1	WP_010954305.1	100	282	1.60e-208	566
WP_010954257.1	WP_010954257.1	100	282	7.69e-216	585
WP_010954096.1	WP_010954096.1	100	282	5.36e-207	562
WP_010953360.1	WP_010953360.1	100	282	1.30e-198	541
WP_010952943.1	WP_010952943.1	100	282	2.44e-203	553
WP_010952023.1	WP_010952023.1	100	282	8.77e-197	536
WP_049588011.1	WP_049588011.1	100	281	1.73e-207	563
WP_049587485.1	WP_049587485.1	100	281	1.48e-208	566
WP_010955025.1	WP_010955025.1	100	281	4.76e-205	557
WP_010954220.1	WP_010954220.1	100	281	3.70e-193	527
WP_010953962.1	WP_010953962.1	100	281	1.35e-195	533
WP_010952685.1	WP_010952685.1	100	281	2.87e-206	560
WP_010952198.1	WP_010952198.1	100	281	8.83e-201	546
WP_003254799.1	WP_003254799.1	100	281	8.23e-206	559
WP_003254658.1	WP_003254658.1	100	281	3.21e-203	553
WP_003250425.1	WP_003250425.1	100	281	6.04e-208	565
WP_049588358.1	WP_049588358.1	100	280	6.32e-214	580
WP_049586547.1	WP_049586547.1	100	280	3.10e-205	558
WP_023464844.1	WP_023464844.1	100	280	4.22e-203	552
WP_010953833.1	WP_010953833.1	100	280	6.06e-212	575
WP_010953510.1	WP_010953510.1	100	280	1.13e-207	564
WP_010952843.1	WP_010952843.1	100	280	1.04e-203	554
WP_010951432.1	WP_010951432.1	100	280	1.05e-212	577
WP_003251892.1	WP_003251892.1	100	280	8.41e-194	529
WP_197686811.1	WP_197686811.1	100	279	2.71e-194	530
WP_049588375.1	WP_049588375.1	100	279	8.57e-207	561
WP_049587503.1	WP_049587503.1	100	279	2.67e-210	570
WP_010954649.1	WP_010954649.1	100	279	5.17e-208	565
WP_010954607.1	WP_010954607.1	100	279	5.38e-210	570
WP_010954317.1	WP_010954317.1	100	279	7.65e-210	569
WP_010952772.1	WP_010952772.1	100	279	2.43e-197	538
WP_010951612.1	WP_010951612.1	100	279	1.83e-192	525
WP_003249762.1	WP_003249762.1	100	279	5.11e-199	542
WP_049586602.1	WP_049586602.1	100	278	3.80e-214	580
WP_010955521.1	WP_010955521.1	100	278	8.26e-209	566
WP_010955234.1	WP_010955234.1	100	278	7.61e-205	556
WP_010954989.1	WP_010954989.1	100	278	4.09e-209	567
WP_003253956.1	WP_003253956.1	100	278	3.88e-198	540
WP_003247865.1	WP_003247865.1	100	278	1.68e-217	588
WP_049587235.1	WP_049587235.1	100	277	1.27e-207	563
WP_049586616.1	WP_049586616.1	100	277	1.78e-198	540
WP_020193431.1	WP_020193431.1	100	277	1.78e-198	540
WP_010955545.1	WP_010955545.1	100	277	1.31e-200	546
WP_010955284.1	WP_010955284.1	100	277	2.05e-188	515
WP_010953751.1	WP_010953751.1	100	277	1.61e-210	571
WP_010953678.1	WP_010953678.1	100	277	3.08e-199	542
WP_010953353.1	WP_010953353.1	100	277	3.49e-205	557
WP_010952178.1	WP_010952178.1	100	277	5.60e-211	572
WP_010951757.1	WP_010951757.1	100	277	3.70e-191	522
WP_010951611.1	WP_010951611.1	100	277	1.27e-207	563
WP_003254408.1	WP_003254408.1	100	277	1.20e-196	536
WP_003253327.1	WP_003253327.1	100	277	8.22e-204	554
WP_003252422.1	WP_003252422.1	100	277	4.20e-197	537
WP_049588339.1	WP_049588339.1	100	276	1.67e-207	563
WP_049586319.1	WP_049586319.1	100	276	4.22e-201	547
WP_010955696.1	WP_010955696.1	100	276	8.17e-199	541
WP_010954827.1	WP_010954827.1	100	276	3.96e-215	582
WP_010954823.1	WP_010954823.1	100	276	3.80e-213	577
WP_010954234.1	WP_010954234.1	100	276	1.95e-206	560
WP_010953147.1	WP_010953147.1	100	276	2.37e-207	563
WP_010952601.1	WP_010952601.1	100	276	1.02e-192	526
WP_010952026.1	WP_010952026.1	100	276	1.35e-197	538
WP_010951979.1	WP_010951979.1	100	276	7.83e-197	536
WP_010951628.1	WP_010951628.1	100	276	3.33e-198	540
WP_003250518.1	WP_003250518.1	100	276	1.27e-211	573
WP_003247225.1	WP_003247225.1	100	276	2.76e-206	560
WP_010955469.1	WP_010955469.1	100	275	6.12e-189	516
WP_010952971.1	WP_010952971.1	100	275	2.39e-186	509
WP_010952205.1	WP_010952205.1	100	275	2.36e-202	550
WP_004576350.1	WP_004576350.1	100	275	1.54e-182	500
WP_004575768.1	WP_004575768.1	100	275	8.22e-203	551
WP_003255542.1	WP_003255542.1	100	275	1.38e-185	508
WP_003250077.1	WP_003250077.1	100	275	4.42e-207	562
WP_049586627.1	WP_049586627.1	100	236	1.80e-146	409
WP_049586564.1	WP_049586564.1	100	274	1.94e-205	558
WP_010955298.1	WP_010955298.1	100	274	1.60e-204	555
WP_010954510.1	WP_010954510.1	100	274	4.40e-202	549
WP_010953425.1	WP_010953425.1	100	274	1.25e-192	525
WP_010953088.1	WP_010953088.1	100	274	2.17e-177	487
WP_010953074.1	WP_010953074.1	100	274	3.50e-208	565
WP_010952702.1	WP_010952702.1	100	274	1.60e-204	555
WP_010952086.1	WP_010952086.1	100	274	4.78e-206	559
WP_010951480.1	WP_010951480.1	100	274	2.97e-200	545
WP_003255483.1	WP_003255483.1	100	274	2.85e-198	540
WP_049588308.1	WP_049588308.1	100	273	3.90e-200	544
WP_049587817.1	WP_049587817.1	100	273	5.16e-205	556
WP_049586355.1	WP_049586355.1	100	273	1.07e-197	538
WP_010955043.1	WP_010955043.1	100	273	8.92e-181	495
WP_010954957.1	WP_010954957.1	100	273	3.08e-197	537
WP_010954598.1	WP_010954598.1	100	273	2.53e-196	535
WP_010954591.1	WP_010954591.1	100	273	1.17e-201	548
WP_010954479.1	WP_010954479.1	100	273	2.83e-193	527
WP_010954222.1	WP_010954222.1	100	273	4.69e-192	524
WP_010954137.1	WP_010954137.1	100	273	3.45e-194	529
WP_010951914.1	WP_010951914.1	100	273	5.87e-186	508
WP_010951529.1	WP_010951529.1	100	273	2.79e-184	504
WP_003251085.1	WP_003251085.1	100	273	2.98e-204	555
WP_003248200.1	WP_003248200.1	100	273	9.59e-201	546
WP_172835041.1	WP_172835041.1	100	272	1.72e-198	540
WP_049588437.1	WP_049588437.1	100	272	1.60e-178	489
WP_049588063.1	WP_049588063.1	100	272	1.16e-196	535
WP_049586508.1	WP_049586508.1	100	272	1.60e-203	553
WP_049586394.1	WP_049586394.1	100	272	1.98e-188	514
WP_049586338.1	WP_049586338.1	100	272	1.72e-198	540
WP_010955768.1	WP_010955768.1	100	272	3.92e-204	554
WP_010955699.1	WP_010955699.1	100	272	6.90e-189	516
WP_010955638.1	WP_010955638.1	100	272	1.17e-180	495
WP_010953902.1	WP_010953902.1	100	272	3.72e-193	526
WP_010953573.1	WP_010953573.1	100	272	3.57e-191	521
WP_010953083.1	WP_010953083.1	100	272	2.01e-197	537
WP_010951820.1	WP_010951820.1	100	272	1.41e-197	538
WP_010951753.1	WP_010951753.1	100	272	1.47e-199	543
WP_010951717.1	WP_010951717.1	100	272	8.17e-197	536
WP_003248548.1	WP_003248548.1	100	272	7.83e-195	531
WP_010954673.1	WP_010954673.1	100	271	3.75e-197	536
WP_010953525.1	WP_010953525.1	100	271	8.46e-194	528
WP_010952939.1	WP_010952939.1	100	271	5.55e-199	541
WP_010952676.1	WP_010952676.1	100	271	2.43e-193	527
WP_010951960.1	WP_010951960.1	100	271	1.17e-200	545
WP_010951819.1	WP_010951819.1	100	271	1.95e-208	565
WP_003251320.1	WP_003251320.1	100	271	6.95e-193	526
WP_049587416.1	WP_049587416.1	100	270	9.14e-193	525
WP_020193699.1	WP_020193699.1	100	270	5.51e-194	528
WP_010955661.1	WP_010955661.1	100	270	4.92e-197	536
WP_010955511.1	WP_010955511.1	100	270	9.94e-197	535
WP_010955215.1	WP_010955215.1	100	270	4.97e-206	559
WP_010954955.1	WP_010954955.1	100	270	3.51e-181	496
WP_010953954.1	WP_010953954.1	100	270	3.25e-154	428
WP_010953793.1	WP_010953793.1	100	270	3.25e-211	572
WP_010952404.1	WP_010952404.1	100	270	5.67e-187	511
WP_010951806.1	WP_010951806.1	100	270	8.40e-189	515
WP_010951617.1	WP_010951617.1	100	270	9.14e-193	525
WP_003252574.1	WP_003252574.1	100	270	4.17e-189	516
WP_003252259.1	WP_003252259.1	100	270	2.65e-201	547
WP_003249091.1	WP_003249091.1	100	270	2.93e-189	516
WP_162490563.1	WP_162490563.1	100	269	1.46e-193	527
WP_014592195.1	WP_014592195.1	100	269	6.13e-186	508
WP_010955489.1	WP_010955489.1	100	269	1.13e-206	560
WP_010954645.1	WP_010954645.1	100	269	7.99e-182	498
WP_010954444.1	WP_010954444.1	100	269	3.11e-204	554
WP_010953921.1	WP_010953921.1	100	269	4.07e-200	544
WP_010953649.1	WP_010953649.1	100	269	2.11e-211	572
WP_010953529.1	WP_010953529.1	100	269	1.78e-194	530
WP_010952788.1	WP_010952788.1	100	269	7.25e-194	528
WP_010952150.1	WP_010952150.1	100	269	2.95e-193	526
WP_010952055.1	WP_010952055.1	100	269	3.30e-190	519
WP_010951488.1	WP_010951488.1	100	269	2.23e-188	514
WP_004576155.1	WP_004576155.1	100	269	2.33e-190	519
WP_003255426.1	WP_003255426.1	100	269	4.95e-201	546
WP_049587468.1	WP_049587468.1	100	268	6.29e-208	563
WP_049586840.1	WP_049586840.1	100	268	1.79e-198	540
WP_028698136.1	WP_028698136.1	100	268	4.34e-190	518
WP_010955678.1	WP_010955678.1	100	268	9.69e-212	573
WP_010955280.1	WP_010955280.1	100	268	9.93e-196	533
WP_010955015.1	WP_010955015.1	100	268	5.75e-195	531
WP_010954762.1	WP_010954762.1	100	268	2.76e-202	549
WP_010954620.1	WP_010954620.1	100	268	2.65e-200	544
WP_010954298.1	WP_010954298.1	100	268	1.34e-184	504
WP_010954099.1	WP_010954099.1	100	268	8.30e-213	576
WP_010953627.1	WP_010953627.1	100	268	1.63e-185	507
WP_010952575.1	WP_010952575.1	100	268	8.06e-186	508
WP_010952325.1	WP_010952325.1	100	268	9.63e-203	550
WP_010951697.1	WP_010951697.1	100	268	1.79e-198	540
WP_004576287.1	WP_004576287.1	100	268	1.21e-196	535
WP_003254754.1	WP_003254754.1	100	268	6.28e-123	348
WP_003252558.1	WP_003252558.1	100	268	1.80e-207	562
WP_049586134.1	WP_049586134.1	100	267	3.59e-193	526
WP_010955586.1	WP_010955586.1	100	267	2.19e-203	552
WP_010954685.1	WP_010954685.1	100	267	4.58e-141	394
WP_010953929.1	WP_010953929.1	100	267	2.23e-187	511
WP_010953327.1	WP_010953327.1	100	267	2.33e-189	516
WP_010953122.1	WP_010953122.1	100	267	2.35e-198	539
WP_010952984.1	WP_010952984.1	100	267	1.21e-200	545
WP_003255558.1	WP_003255558.1	100	267	2.17e-194	529
WP_003249933.1	WP_003249933.1	100	267	9.08e-187	510
WP_020192962.1	WP_020192962.1	100	266	9.62e-202	548
WP_010955499.1	WP_010955499.1	100	266	4.77e-202	548
WP_010955334.1	WP_010955334.1	100	266	2.59e-165	456
WP_010954999.1	WP_010954999.1	100	266	1.47e-196	535
WP_010952872.1	WP_010952872.1	100	266	1.79e-197	537
WP_010951603.1	WP_010951603.1	100	266	3.19e-191	521
WP_003250228.1	WP_003250228.1	100	266	1.65e-193	527
WP_003249992.1	WP_003249992.1	100	266	6.91e-186	508
WP_026031986.1	WP_026031986.1	100	265	1.03e-191	522
WP_020192840.1	WP_020192840.1	100	265	1.24e-183	502
WP_010955404.1	WP_010955404.1	100	265	7.87e-196	533
WP_010954870.1	WP_010954870.1	100	265	2.71e-187	511
WP_010954674.1	WP_010954674.1	100	265	1.12e-195	532
WP_010954335.1	WP_010954335.1	100	265	3.30e-188	513
WP_010954166.1	WP_010954166.1	100	265	3.90e-196	533
WP_010953623.1	WP_010953623.1	100	265	1.17e-206	560
WP_010953538.1	WP_010953538.1	100	265	2.83e-189	516
WP_010953279.1	WP_010953279.1	100	265	2.75e-196	534
WP_010953276.1	WP_010953276.1	100	265	1.07e-193	527
WP_010951981.1	WP_010951981.1	100	265	3.08e-193	526
WP_010951616.1	WP_010951616.1	100	265	5.71e-189	515
WP_003254566.1	WP_003254566.1	100	265	9.27e-204	553
WP_049588031.1	WP_049588031.1	100	264	2.09e-195	531
WP_049587738.1	WP_049587738.1	100	264	6.77e-201	545
WP_010954931.1	WP_010954931.1	100	264	2.24e-190	519
WP_010954608.1	WP_010954608.1	100	264	5.67e-184	503
WP_010954561.1	WP_010954561.1	100	264	1.45e-186	509
WP_010954539.1	WP_010954539.1	100	264	1.72e-194	529
WP_010954108.1	WP_010954108.1	100	264	2.85e-193	526
WP_010953889.1	WP_010953889.1	100	264	3.15e-181	496
WP_010952815.1	WP_010952815.1	100	264	6.62e-183	500
WP_010951731.1	WP_010951731.1	100	264	1.26e-196	535
WP_010951623.1	WP_010951623.1	100	264	1.86e-198	539
WP_010951608.1	WP_010951608.1	100	264	9.81e-185	504
WP_003252553.1	WP_003252553.1	100	264	2.31e-183	501
WP_003251297.1	WP_003251297.1	100	264	1.60e-199	542
WP_061405692.1	WP_061405692.1	100	263	1.66e-196	534
WP_010955089.1	WP_010955089.1	100	263	3.06e-167	460
WP_010954162.1	WP_010954162.1	100	263	9.88e-189	514
WP_010954045.1	WP_010954045.1	100	263	2.95e-190	518
WP_010953586.1	WP_010953586.1	100	263	3.70e-184	503
WP_010952594.1	WP_010952594.1	100	263	1.88e-177	486
WP_010952488.1	WP_010952488.1	100	263	1.93e-195	531
WP_010952072.1	WP_010952072.1	100	263	2.45e-198	539
WP_010951535.1	WP_010951535.1	100	263	2.50e-182	498
WP_004576834.1	WP_004576834.1	100	263	5.32e-193	525
WP_003253182.1	WP_003253182.1	100	263	2.83e-188	513
WP_049588223.1	WP_049588223.1	100	262	2.02e-201	546
WP_049586842.1	WP_049586842.1	100	262	6.17e-187	510
WP_010955877.1	WP_010955877.1	100	262	6.24e-196	533
WP_010955577.1	WP_010955577.1	100	262	6.91e-184	502
WP_010955549.1	WP_010955549.1	100	262	2.34e-191	521
WP_010955458.1	WP_010955458.1	100	262	5.99e-194	528
WP_010955069.1	WP_010955069.1	100	262	2.31e-182	498
WP_010955064.1	WP_010955064.1	100	262	2.15e-187	511
WP_010955053.1	WP_010955053.1	100	262	1.16e-191	522
WP_010954466.1	WP_010954466.1	100	262	3.61e-195	531
WP_010953369.1	WP_010953369.1	100	262	8.41e-185	504
WP_010953345.1	WP_010953345.1	100	262	6.28e-205	555
WP_010952966.1	WP_010952966.1	100	262	1.25e-186	509
WP_010952274.1	WP_010952274.1	100	262	1.86e-197	536
WP_010952125.1	WP_010952125.1	100	262	9.14e-189	514
WP_010951613.1	WP_010951613.1	100	262	1.19e-184	504
WP_010951525.1	WP_010951525.1	100	262	7.59e-197	535
WP_003254528.1	WP_003254528.1	100	262	2.36e-200	544
WP_049588015.1	WP_049588015.1	100	261	4.14e-180	493
WP_049587771.1	WP_049587771.1	100	261	1.78e-190	519
WP_049586369.1	WP_049586369.1	100	261	4.19e-189	515
WP_010955695.1	WP_010955695.1	100	261	2.50e-181	496
WP_010955570.1	WP_010955570.1	100	261	1.07e-103	299
WP_010955100.1	WP_010955100.1	100	261	7.46e-183	499
WP_010953572.1	WP_010953572.1	100	261	1.07e-191	522
WP_010953220.1	WP_010953220.1	100	261	2.14e-182	498
WP_010952802.1	WP_010952802.1	100	261	1.37e-203	552
WP_010952064.1	WP_010952064.1	100	261	1.31e-192	524
WP_010951467.1	WP_010951467.1	100	261	9.19e-193	525
WP_003254524.1	WP_003254524.1	100	261	8.12e-187	509
WP_003254337.1	WP_003254337.1	100	261	1.74e-206	559
WP_003254117.1	WP_003254117.1	100	261	1.31e-192	524
WP_049588297.1	WP_049588297.1	100	260	9.53e-190	517
WP_010955858.1	WP_010955858.1	100	260	3.93e-157	434
WP_010955039.1	WP_010955039.1	100	260	2.65e-196	533
WP_010954564.1	WP_010954564.1	100	260	1.92e-189	516
WP_010954443.1	WP_010954443.1	100	260	3.06e-186	508
WP_010954092.1	WP_010954092.1	100	260	1.00e-200	545
WP_010952986.1	WP_010952986.1	100	260	3.88e-189	515
WP_010952861.1	WP_010952861.1	100	260	2.93e-184	503
WP_010951762.1	WP_010951762.1	100	260	7.21e-185	504
WP_010951592.1	WP_010951592.1	100	260	2.51e-185	506
WP_010951516.1	WP_010951516.1	100	260	8.49e-168	461
WP_003254339.1	WP_003254339.1	100	260	3.24e-206	558
WP_003252286.1	WP_003252286.1	100	260	2.65e-196	533
WP_003249024.1	WP_003249024.1	100	260	1.98e-182	498
WP_003247249.1	WP_003247249.1	100	260	2.97e-193	526
WP_049587708.1	WP_049587708.1	100	259	9.57e-194	527
WP_010954914.1	WP_010954914.1	100	259	2.98e-197	536
WP_010954252.1	WP_010954252.1	100	259	8.12e-186	507
WP_010953604.1	WP_010953604.1	100	259	2.18e-199	541
WP_010953275.1	WP_010953275.1	100	259	4.44e-174	477
WP_010953253.1	WP_010953253.1	100	259	4.83e-178	487
WP_010952923.1	WP_010952923.1	100	259	6.13e-181	494
WP_010952439.1	WP_010952439.1	100	259	9.57e-194	527
WP_010952418.1	WP_010952418.1	100	259	3.45e-187	510
WP_010951856.1	WP_010951856.1	100	259	4.74e-194	528
WP_003253401.1	WP_003253401.1	100	259	2.01e-195	531
WP_003252381.1	WP_003252381.1	100	259	1.42e-195	531
WP_049587603.1	WP_049587603.1	100	258	2.93e-183	500
WP_049587580.1	WP_049587580.1	100	258	4.92e-191	520
WP_019438830.1	WP_019438830.1	100	258	9.23e-196	532
WP_010955304.1	WP_010955304.1	100	258	1.58e-187	511
WP_010955246.1	WP_010955246.1	100	258	1.72e-191	521
WP_010955080.1	WP_010955080.1	100	258	1.13e-171	471
WP_010953523.1	WP_010953523.1	100	258	1.56e-178	488
WP_010953514.1	WP_010953514.1	100	258	3.72e-186	508
WP_010953470.1	WP_010953470.1	100	258	2.73e-188	513
WP_010953449.1	WP_010953449.1	100	258	2.09e-192	523
WP_010952681.1	WP_010952681.1	100	258	6.81e-173	474
WP_010952604.1	WP_010952604.1	100	258	8.41e-183	499
WP_010952027.1	WP_010952027.1	100	258	5.99e-192	522
WP_010951847.1	WP_010951847.1	100	258	6.63e-180	492
WP_003253204.1	WP_003253204.1	100	258	8.41e-183	499
WP_010955617.1	WP_010955617.1	100	257	6.67e-184	502
WP_010955517.1	WP_010955517.1	100	257	6.67e-184	502
WP_010955250.1	WP_010955250.1	100	257	5.58e-201	545
WP_010954825.1	WP_010954825.1	100	257	3.21e-191	520
WP_010954163.1	WP_010954163.1	100	257	5.64e-176	482
WP_010954146.1	WP_010954146.1	100	257	1.48e-196	534
WP_010953665.1	WP_010953665.1	100	257	1.39e-176	483
WP_010953324.1	WP_010953324.1	100	257	2.26e-191	521
WP_010953165.1	WP_010953165.1	100	257	5.54e-192	522
WP_010953013.1	WP_010953013.1	100	257	8.46e-187	509
WP_010952177.1	WP_010952177.1	100	257	2.55e-197	536
WP_010951652.1	WP_010951652.1	100	257	7.79e-183	499
WP_010951517.1	WP_010951517.1	100	257	6.21e-189	514
WP_003251461.1	WP_003251461.1	100	257	1.08e-198	539
WP_003250095.1	WP_003250095.1	100	257	2.40e-177	485
WP_232014131.1	WP_232014131.1	100	256	4.35e-184	502
WP_110771718.1	WP_110771718.1	100	256	4.00e-180	492
WP_049588412.1	WP_049588412.1	100	256	5.01e-174	477
WP_049588163.1	WP_049588163.1	100	256	5.99e-191	520
WP_010954221.1	WP_010954221.1	100	256	1.82e-176	483
WP_010953972.1	WP_010953972.1	100	256	3.19e-186	508
WP_010953643.1	WP_010953643.1	100	256	1.11e-186	509
WP_010953530.1	WP_010953530.1	100	256	5.29e-185	504
WP_010952075.1	WP_010952075.1	100	256	3.70e-82	244
WP_010951675.1	WP_010951675.1	100	256	3.52e-174	477
WP_010951512.1	WP_010951512.1	100	256	9.03e-177	484
WP_004576729.1	WP_004576729.1	100	256	5.51e-187	509
WP_003255729.1	WP_003255729.1	100	256	2.52e-183	500
WP_003253329.1	WP_003253329.1	100	256	2.59e-176	483
WP_370688781.1	WP_370688781.1	100	255	7.28e-125	352
WP_049587023.1	WP_049587023.1	100	255	1.35e-182	498
WP_049586920.1	WP_049586920.1	100	255	1.93e-191	521
WP_010955797.1	WP_010955797.1	100	255	1.31e-189	516
WP_010955371.1	WP_010955371.1	100	255	1.39e-175	481
WP_010955339.1	WP_010955339.1	100	255	2.08e-186	508
WP_010955194.1	WP_010955194.1	100	255	4.02e-184	502
WP_010955133.1	WP_010955133.1	100	255	2.33e-183	500
WP_010955058.1	WP_010955058.1	100	255	1.31e-189	516
WP_010953703.1	WP_010953703.1	100	255	1.33e-173	476
WP_010952905.1	WP_010952905.1	100	255	3.04e-179	490
WP_010952297.1	WP_010952297.1	100	255	1.15e-183	501
WP_010952056.1	WP_010952056.1	100	255	3.26e-174	477
WP_010951746.1	WP_010951746.1	100	255	4.51e-181	494
WP_010951572.1	WP_010951572.1	100	255	4.84e-176	482
WP_003251082.1	WP_003251082.1	100	255	7.47e-180	491
WP_003250091.1	WP_003250091.1	100	255	7.05e-169	464
WP_003249191.1	WP_003249191.1	100	255	6.96e-185	504
WP_370688736.1	WP_370688736.1	100	254	4.71e-162	446
WP_172835031.1	WP_172835031.1	100	254	1.90e-177	485
WP_049587348.1	WP_049587348.1	100	254	5.79e-197	535
WP_049587162.1	WP_049587162.1	100	254	1.38e-170	468
WP_049586553.1	WP_049586553.1	100	254	1.67e-171	470
WP_010955319.1	WP_010955319.1	100	254	4.11e-172	472
WP_010955179.1	WP_010955179.1	100	254	2.52e-182	498
WP_010954683.1	WP_010954683.1	100	254	4.67e-178	487
WP_010954455.1	WP_010954455.1	100	254	4.53e-185	504
WP_010953695.1	WP_010953695.1	100	254	4.87e-180	492
WP_010953004.1	WP_010953004.1	100	254	1.15e-178	488
WP_010952928.1	WP_010952928.1	100	254	4.53e-185	504
WP_010951884.1	WP_010951884.1	100	254	1.46e-181	496
WP_010951712.1	WP_010951712.1	100	254	1.98e-179	490
WP_003251792.1	WP_003251792.1	100	254	6.99e-189	514
WP_003249597.1	WP_003249597.1	100	254	7.83e-186	506
WP_172835033.1	WP_172835033.1	100	253	3.74e-188	512
WP_049587255.1	WP_049587255.1	100	253	1.25e-161	445
WP_049586424.1	WP_049586424.1	100	253	2.30e-173	475
WP_019436701.1	WP_019436701.1	100	253	2.98e-194	528
WP_010955410.1	WP_010955410.1	100	253	5.10e-186	507
WP_010954755.1	WP_010954755.1	100	253	2.68e-172	472
WP_010954051.1	WP_010954051.1	100	253	1.35e-181	496
WP_010952231.1	WP_010952231.1	100	253	5.49e-181	494
WP_010952216.1	WP_010952216.1	100	253	1.45e-176	483
WP_010951782.1	WP_010951782.1	100	253	2.14e-178	488
WP_003252780.1	WP_003252780.1	100	253	3.55e-177	484
WP_010955395.1	WP_010955395.1	100	252	4.60e-152	421
WP_010954990.1	WP_010954990.1	100	252	1.21e-163	450
WP_010954912.1	WP_010954912.1	100	252	4.35e-182	497
WP_010954655.1	WP_010954655.1	100	252	7.21e-181	494
WP_010954156.1	WP_010954156.1	100	252	4.72e-186	507
WP_010953822.1	WP_010953822.1	100	252	1.30e-183	501
WP_010952759.1	WP_010952759.1	100	252	4.87e-179	489
WP_010952428.1	WP_010952428.1	100	252	9.53e-186	506
WP_010952377.1	WP_010952377.1	100	252	3.46e-188	512
WP_010951607.1	WP_010951607.1	100	252	1.15e-177	486
WP_371920086.1	WP_371920086.1	100	251	1.63e-156	432
WP_370688784.1	WP_370688784.1	100	251	4.21e-129	363
WP_241792063.1	WP_371920086.1	69.7	251	1.89e-99	288
WP_126404371.1	WP_126404371.1	100	251	5.49e-180	491
WP_110771770.1	WP_110771770.1	100	251	1.20e-183	501
WP_010955028.1	WP_010955028.1	100	251	2.50e-176	482
WP_010954477.1	WP_010954477.1	100	251	3.05e-177	484
WP_010954140.1	WP_010954140.1	100	251	5.54e-189	514
WP_010953776.1	WP_010953776.1	100	251	8.82e-186	506
WP_010952896.1	WP_010952896.1	100	251	1.16e-190	518
WP_010952675.1	WP_010952675.1	100	251	1.40e-182	498
WP_010952246.1	WP_010952246.1	100	251	2.06e-175	480
WP_010952208.1	WP_010952208.1	100	251	2.02e-166	457
WP_010951980.1	WP_010951980.1	100	251	3.41e-174	477
WP_004576300.1	WP_004576300.1	100	251	1.64e-181	495
WP_003255592.1	WP_003255592.1	100	251	1.04e-193	526
WP_003255175.1	WP_003255175.1	100	251	4.20e-184	502
WP_003254415.1	WP_003254415.1	100	251	6.20e-161	443
WP_003249956.1	WP_003249956.1	100	251	5.89e-175	479
WP_061405618.1	WP_061405618.1	100	250	1.72e-187	510
WP_049588043.1	WP_049588043.1	100	250	1.54e-165	455
WP_049586910.1	WP_049586910.1	100	250	3.29e-176	482
WP_012051593.1	WP_012051593.1	100	250	1.15e-176	483
WP_010955691.1	WP_010955691.1	100	250	2.90e-170	467
WP_010954490.1	WP_010954490.1	100	250	1.23e-171	470
WP_010954441.1	WP_010954441.1	100	250	3.73e-182	497
WP_010954279.1	WP_010954279.1	100	250	8.17e-186	506
WP_010954030.1	WP_010954030.1	100	250	1.77e-180	493
WP_010953792.1	WP_010953792.1	100	250	9.83e-178	486
WP_010953760.1	WP_010953760.1	100	250	6.83e-169	463
WP_010953651.1	WP_010953651.1	100	250	9.83e-178	486
WP_010952765.1	WP_010952765.1	100	250	2.90e-170	467
WP_010952622.1	WP_010952622.1	100	250	1.95e-202	548
WP_010951882.1	WP_010951882.1	100	250	1.46e-179	490
WP_010951651.1	WP_010951651.1	100	250	8.78e-181	493
WP_003255640.1	WP_003255640.1	100	250	6.99e-187	509
WP_003252146.1	WP_003252146.1	100	250	1.30e-182	498
WP_003251112.1	WP_003251112.1	100	250	2.49e-171	469
WP_003250551.1	WP_003250551.1	100	250	3.78e-166	456
WP_061405598.1	WP_061405598.1	100	249	5.36e-195	529
WP_049587988.1	WP_049587988.1	100	249	6.74e-189	514
WP_049586080.1	WP_049586080.1	100	249	3.86e-179	489
WP_010954947.1	WP_010954947.1	100	249	1.76e-175	480
WP_010954594.1	WP_010954594.1	100	249	4.70e-180	491
WP_010952892.1	WP_010952892.1	100	249	7.48e-177	483
WP_010952883.1	WP_010952883.1	100	249	6.32e-169	463
WP_010952690.1	WP_010952690.1	100	249	3.31e-180	492
WP_010951851.1	WP_010951851.1	100	249	6.21e-185	504
WP_010951771.1	WP_010951771.1	100	249	1.92e-179	490
WP_010951588.1	WP_010951588.1	100	249	6.41e-178	486
WP_003254232.1	WP_003254232.1	100	249	1.12e-162	447
WP_003247694.1	WP_003247694.1	100	249	1.00e-165	455
WP_010955679.1	WP_010955679.1	100	248	5.52e-183	499
WP_010955473.1	WP_010955473.1	100	248	1.40e-176	483
WP_010954632.1	WP_010954632.1	100	248	7.22e-179	488
WP_010954567.1	WP_010954567.1	100	248	1.34e-174	478
WP_010954403.1	WP_010954403.1	100	248	1.34e-174	478
WP_010952781.1	WP_010952781.1	100	248	3.88e-183	499
WP_010952242.1	WP_010952242.1	100	248	1.63e-175	480
WP_003254770.1	WP_003254770.1	100	248	2.32e-175	479
WP_003249476.1	WP_003249476.1	100	248	1.65e-184	503
WP_049588204.1	WP_049588204.1	100	247	6.89e-172	471
WP_049587384.1	WP_049587384.1	100	247	3.05e-175	479
WP_010955107.1	WP_010955107.1	100	247	3.08e-184	502
WP_010953918.1	WP_010953918.1	100	247	3.87e-178	486
WP_010952853.1	WP_010952853.1	100	247	9.89e-181	493
WP_010952541.1	WP_010952541.1	100	247	1.51e-175	480
WP_010951804.1	WP_010951804.1	100	247	2.35e-188	512
WP_010951571.1	WP_010951571.1	100	247	9.11e-177	483
WP_003252294.1	WP_003252294.1	100	247	1.84e-176	482
WP_370290711.1	WP_370290711.1	100	246	2.47e-137	383
WP_162490571.1	WP_162490571.1	100	246	7.33e-162	445
WP_010955101.1	WP_010955101.1	100	246	1.63e-174	477
WP_010955066.1	WP_010955066.1	100	246	2.90e-168	461
WP_010955042.1	WP_010955042.1	100	246	2.44e-185	504
WP_010954256.1	WP_010954256.1	100	246	1.65e-183	500
WP_010953956.1	WP_010953956.1	100	246	1.06e-170	468
WP_010953587.1	WP_010953587.1	100	246	1.10e-172	473
WP_010953091.1	WP_010953091.1	100	246	6.93e-176	481
WP_010951894.1	WP_010951894.1	100	246	3.09e-188	512
WP_010951886.1	WP_010951886.1	100	246	4.05e-184	501
WP_003255821.1	WP_003255821.1	100	246	4.54e-181	494
WP_003254406.1	WP_003254406.1	100	246	3.85e-173	474
WP_003252656.1	WP_003252656.1	100	246	4.01e-175	479
WP_003250463.1	WP_003250463.1	100	246	9.84e-176	480
WP_003247160.1	WP_003247160.1	100	246	6.76e-135	377
WP_049588418.1	WP_049588418.1	100	245	2.01e-188	512
WP_049586672.1	WP_049586672.1	100	245	1.11e-176	483
WP_010955530.1	WP_010955530.1	100	245	2.72e-177	484
WP_010955293.1	WP_010955293.1	100	245	1.58e-176	482
WP_010953694.1	WP_010953694.1	100	245	6.33e-167	458
WP_003255731.1	WP_003255731.1	100	245	2.84e-179	489
WP_003252287.1	WP_003252287.1	100	245	1.64e-178	487
WP_404940839.1	WP_404940839.1	100	244	1.30e-154	427
WP_049588508.1	WP_049588508.1	100	244	8.44e-176	480
WP_049586407.1	WP_049586407.1	100	244	1.72e-184	502
WP_010955581.1	WP_010955581.1	100	244	1.15e-173	475
WP_010953395.1	WP_010953395.1	100	244	8.79e-178	485
WP_010952873.1	WP_010952873.1	100	244	8.51e-185	503
WP_010951698.1	WP_010951698.1	100	244	1.08e-187	510
WP_003254301.1	WP_003254301.1	100	244	4.49e-171	468
WP_003250299.1	WP_003250299.1	100	244	9.23e-189	513
WP_110771847.1	WP_110771847.1	100	243	9.90e-179	488
WP_079732589.1	WP_079732589.1	100	243	4.52e-175	478
WP_049587345.1	WP_049587345.1	100	243	1.07e-182	498
WP_049586741.1	WP_049586741.1	100	243	1.35e-176	482
WP_020189988.1	WP_020189988.1	100	243	2.15e-173	474
WP_019751653.1	WP_019751653.1	100	243	4.34e-173	473
WP_010955804.1	WP_010955804.1	100	243	6.00e-132	369
WP_010955801.1	WP_010955801.1	100	243	6.97e-179	488
WP_010954117.1	WP_010954117.1	100	243	1.30e-174	477
WP_010953932.1	WP_010953932.1	100	243	9.20e-184	500
WP_010953786.1	WP_010953786.1	100	243	4.03e-178	486
WP_010953437.1	WP_010953437.1	100	243	1.33e-167	459
WP_010953305.1	WP_010953305.1	100	243	2.24e-175	479
WP_010951716.1	WP_010951716.1	100	243	1.25e-181	495
WP_010951713.1	WP_010951713.1	100	243	9.05e-150	414
WP_407473313.1	WP_370688745.1	100	234	3.84e-114	324
WP_019436941.1	WP_019436941.1	100	242	1.16e-181	495
WP_014862030.1	WP_014862030.1	100	242	6.29e-161	442
WP_010955048.1	WP_010955048.1	100	242	3.69e-169	463
WP_010953757.1	WP_010953757.1	100	242	8.22e-191	518
WP_010952105.1	WP_010952105.1	100	242	3.89e-180	491
WP_010952022.1	WP_010952022.1	100	242	1.40e-173	474
WP_232014115.1	WP_232014115.1	100	241	3.18e-174	476
WP_049587897.1	WP_049587897.1	100	241	7.31e-189	513
WP_010954943.1	WP_010954943.1	100	241	9.51e-176	480
WP_010953919.1	WP_010953919.1	100	241	3.75e-182	496
WP_010952194.1	WP_010952194.1	100	241	1.71e-178	487
WP_010952146.1	WP_010952146.1	100	241	7.50e-173	473
WP_010951971.1	WP_010951971.1	100	241	4.38e-181	493
WP_246745495.1	WP_246745495.1	100	240	8.71e-167	457
WP_014860997.1	WP_014860997.1	100	240	1.10e-169	464
WP_010954205.1	WP_010954205.1	100	240	3.59e-175	478
WP_010953804.1	WP_010953804.1	100	240	1.85e-177	484
WP_010953603.1	WP_010953603.1	100	240	2.07e-174	476
WP_010953468.1	WP_010953468.1	100	240	1.76e-166	456
WP_004576638.1	WP_004576638.1	100	240	1.42e-156	431
WP_004575478.1	WP_004575478.1	100	240	2.09e-183	499
WP_003253397.1	WP_003253397.1	100	240	9.46e-171	467
WP_246745721.1	WP_246745721.1	100	239	2.62e-172	471
WP_049588526.1	WP_049588526.1	100	239	4.86e-168	460
WP_049588153.1	WP_049588153.1	100	239	1.92e-174	476
WP_010955555.1	WP_010955555.1	100	239	3.88e-174	476
WP_010955440.1	WP_010955440.1	100	239	5.74e-176	480
WP_010954637.1	WP_010954637.1	100	239	4.52e-173	473
WP_010954378.1	WP_010954378.1	100	239	1.47e-178	487
WP_010951640.1	WP_010951640.1	100	239	4.86e-168	460
WP_009682255.1	WP_009682255.1	100	239	3.48e-186	506
WP_003253046.1	WP_003253046.1	100	239	1.03e-178	487
WP_003247720.1	WP_003247720.1	100	239	2.04e-160	441
WP_003247328.1	WP_003247328.1	100	239	1.10e-164	452
WP_010954565.1	WP_010954565.1	100	238	4.19e-173	473
WP_010953990.1	WP_010953990.1	100	238	6.67e-170	465
WP_010953448.1	WP_010953448.1	100	238	2.71e-169	463
WP_010953441.1	WP_010953441.1	100	238	2.50e-165	453
WP_010951897.1	WP_010951897.1	100	238	5.10e-174	475
WP_004576969.1	WP_004576969.1	100	238	9.09e-168	459
WP_004576852.1	WP_004576852.1	100	238	1.97e-162	446
WP_003255248.1	WP_003255248.1	100	238	3.26e-161	443
WP_003250308.1	WP_003250308.1	100	238	1.15e-170	467
WP_003248799.1	WP_003248799.1	100	238	2.74e-178	486
WP_371928153.1	WP_371928153.1	100	237	2.12e-108	309
WP_172835037.1	WP_172835037.1	100	237	5.07e-169	462
WP_049588484.1	WP_049588484.1	100	237	2.31e-165	453
WP_049586838.1	WP_049586838.1	100	237	5.51e-173	473
WP_010952875.1	WP_010952875.1	100	237	7.27e-178	485
WP_010951861.1	WP_010951861.1	100	237	3.43e-167	458
WP_004575787.1	WP_004575787.1	100	237	8.77e-170	464
WP_004575404.1	WP_004575404.1	100	237	1.90e-164	451
WP_004374444.1	WP_004374444.1	100	237	1.50e-161	444
WP_003256147.1	WP_003256147.1	100	237	7.74e-164	449
WP_003252562.1	WP_003252562.1	100	237	9.52e-174	474
WP_003248483.1	WP_003248483.1	100	237	1.10e-163	449
WP_172830964.1	WP_172830964.1	100	236	1.78e-173	474
WP_019437569.1	WP_019437569.1	100	236	4.15e-163	447
WP_010955748.1	WP_010955748.1	100	236	7.47e-166	454
WP_010954748.1	WP_010954748.1	100	236	2.08e-172	471
WP_010953072.1	WP_010953072.1	100	236	1.20e-171	469
WP_010952760.1	WP_010952760.1	100	236	9.56e-178	484
WP_010952720.1	WP_010952720.1	100	236	3.31e-169	463
WP_010952344.1	WP_010952344.1	100	236	6.67e-169	462
WP_010952279.1	WP_010952279.1	100	236	1.39e-161	444
WP_010951796.1	WP_010951796.1	100	236	4.51e-167	457
WP_010951705.1	WP_010951705.1	100	236	5.71e-170	465
WP_003254733.1	WP_003254733.1	100	236	5.10e-173	473
WP_003252373.1	WP_003252373.1	100	236	3.33e-178	486
WP_003247716.1	WP_003247716.1	100	236	1.14e-160	441
WP_049588121.1	WP_049588121.1	100	235	2.34e-173	473
WP_049587090.1	WP_049587090.1	100	235	7.28e-177	482
WP_010955578.1	WP_010955578.1	100	235	2.07e-167	458
WP_010953554.1	WP_010953554.1	100	235	1.21e-175	479
WP_010953149.1	WP_010953149.1	100	235	7.83e-172	469
WP_010953132.1	WP_010953132.1	100	235	2.61e-145	402
WP_010952686.1	WP_010952686.1	100	235	2.00e-174	476
WP_010951515.1	WP_010951515.1	100	235	3.62e-152	420
WP_003252443.1	WP_003252443.1	100	235	1.30e-170	466
WP_003251215.1	WP_003251215.1	100	235	1.17e-182	497
WP_003247452.1	WP_003247452.1	100	235	1.77e-168	461
WP_371321098.1	WP_371321098.1	100	234	3.31e-94	273
WP_371264241.1	WP_371264241.1	100	234	2.30e-113	322
WP_370688790.1	WP_370688790.1	100	234	7.97e-128	358
WP_019437363.1	WP_019437363.1	100	234	7.70e-158	434
WP_010954860.1	WP_010954860.1	100	234	4.19e-171	468
WP_010953161.1	WP_010953161.1	100	234	1.29e-165	454
WP_010951758.1	WP_010951758.1	100	234	3.34e-177	483
WP_003254212.1	WP_003254212.1	100	234	2.86e-178	486
WP_049588202.1	WP_049588202.1	100	233	1.92e-171	468
WP_049587189.1	WP_049587189.1	100	233	1.72e-174	476
WP_049586610.1	WP_049586610.1	100	233	9.44e-163	446
WP_019437505.1	WP_019437505.1	100	233	5.30e-169	462
WP_014590556.1	WP_014590556.1	100	233	8.50e-175	477
WP_010954245.1	WP_010954245.1	100	233	2.82e-164	450
WP_010953817.1	WP_010953817.1	100	233	1.01e-157	434
WP_010953631.1	WP_010953631.1	100	233	1.11e-170	466
WP_010952851.1	WP_010952851.1	100	233	1.63e-163	448
WP_010952650.1	WP_010952650.1	100	233	4.35e-168	460
WP_010952336.1	WP_010952336.1	100	233	1.65e-172	471
WP_003254879.1	WP_003254879.1	100	233	1.15e-163	449
WP_003254468.1	WP_003254468.1	100	233	2.45e-149	412
WP_049586448.1	WP_049586448.1	100	232	1.12e-174	476
WP_014590205.1	WP_014590205.1	100	232	9.23e-149	411
WP_010955451.1	WP_010955451.1	100	232	5.49e-166	454
WP_010953491.1	WP_010953491.1	100	232	5.32e-173	472
WP_010953230.1	WP_010953230.1	100	232	2.69e-157	432
WP_010952334.1	WP_010952334.1	100	232	1.57e-165	453
WP_010951983.1	WP_010951983.1	100	232	2.08e-170	466
WP_004574211.1	WP_004574211.1	100	232	4.20e-170	465
WP_004374230.1	WP_004374230.1	100	232	6.68e-167	457
WP_003254520.1	WP_003254520.1	100	232	2.40e-160	440
WP_003252662.1	WP_003252662.1	100	232	4.90e-169	462
WP_003249122.1	WP_003249122.1	100	232	4.38e-147	407
WP_003248379.1	WP_003248379.1	100	232	6.60e-158	434
WP_049587593.1	WP_049587593.1	100	231	2.32e-162	445
WP_049586776.1	WP_049586776.1	100	231	4.88e-164	449
WP_049586264.1	WP_049586264.1	100	231	3.58e-166	455
WP_010955750.1	WP_010955750.1	100	231	6.72e-171	467
WP_010954927.1	WP_010954927.1	100	231	2.42e-164	450
WP_010954888.1	WP_010954888.1	100	231	9.94e-173	471
WP_010954768.1	WP_010954768.1	100	231	1.91e-161	443
WP_010953998.1	WP_010953998.1	100	231	2.32e-162	445
WP_010953810.1	WP_010953810.1	100	231	6.93e-164	449
WP_010953354.1	WP_010953354.1	100	231	7.84e-170	464
WP_010952827.1	WP_010952827.1	100	231	2.44e-173	473
WP_010952367.1	WP_010952367.1	100	231	9.06e-160	439
WP_010952304.1	WP_010952304.1	100	231	2.25e-169	463
WP_010951881.1	WP_010951881.1	100	231	1.91e-161	443
WP_003255499.1	WP_003255499.1	100	231	3.54e-157	432
WP_003254461.1	WP_003254461.1	100	231	4.18e-165	452
WP_076403786.1	WP_010952369.1	100	224	5.16e-164	449
WP_049587994.1	WP_049587994.1	100	230	5.11e-170	464
WP_049587358.1	WP_049587358.1	100	230	1.03e-169	464
WP_049586130.1	WP_049586130.1	100	230	1.84e-163	448
WP_020193117.1	WP_020193117.1	100	230	9.50e-166	454
WP_010955423.1	WP_010955423.1	100	230	6.97e-168	459
WP_010955001.1	WP_010955001.1	100	230	3.75e-172	470
WP_010954358.1	WP_010954358.1	100	230	1.51e-162	446
WP_010954114.1	WP_010954114.1	100	230	1.58e-164	451
WP_010953642.1	WP_010953642.1	100	230	8.83e-171	466
WP_010953398.1	WP_010953398.1	100	230	2.96e-169	462
WP_010953341.1	WP_010953341.1	100	230	8.39e-160	439
WP_010952520.1	WP_010952520.1	100	230	1.16e-175	479
WP_010952284.1	WP_010952284.1	100	230	2.93e-160	440
WP_010952009.1	WP_010952009.1	100	230	3.45e-168	460
WP_010951815.1	WP_010951815.1	100	230	6.42e-164	449
WP_010951650.1	WP_010951650.1	100	230	2.93e-160	440
WP_049586728.1	WP_049586728.1	100	229	1.85e-167	458
WP_010952876.1	WP_010952876.1	100	229	1.64e-161	443
WP_010952602.1	WP_010952602.1	100	229	1.79e-174	476
WP_010951649.1	WP_010951649.1	100	229	1.10e-159	438
WP_010951552.1	WP_010951552.1	100	229	7.45e-158	434
WP_003254523.1	WP_003254523.1	100	229	4.31e-157	432
WP_003253341.1	WP_003253341.1	100	229	2.16e-166	455
WP_003252059.1	WP_003252059.1	100	229	2.83e-162	445
WP_049587686.1	WP_049587686.1	100	228	8.76e-161	441
WP_049586992.1	WP_049586992.1	100	228	8.15e-166	454
WP_049586607.1	WP_049586607.1	100	228	1.26e-169	463
WP_020190494.1	WP_020190494.1	100	228	3.06e-161	442
WP_010955637.1	WP_010955637.1	100	228	1.45e-159	438
WP_010955287.1	WP_010955287.1	100	228	4.86e-158	434
WP_010954791.1	WP_010954791.1	100	228	1.47e-168	461
WP_010954297.1	WP_010954297.1	100	228	3.21e-172	470
WP_010953285.1	WP_010953285.1	100	228	3.99e-157	432
WP_010952609.1	WP_010952609.1	100	228	3.15e-154	424
WP_010951863.1	WP_010951863.1	100	228	2.43e-167	457
WP_003255481.1	WP_003255481.1	100	228	1.11e-163	448
WP_172830932.1	WP_172830932.1	100	227	2.42e-162	445
WP_126404332.1	WP_126404332.1	100	227	1.93e-168	460
WP_126404318.1	WP_126404318.1	100	227	6.67e-160	439
WP_049587477.1	WP_049587477.1	100	227	1.72e-171	468
WP_049587306.1	WP_049587306.1	100	227	8.58e-147	405
WP_049586726.1	WP_049586726.1	100	227	9.87e-162	443
WP_010954980.1	WP_010954980.1	100	227	8.45e-163	446
WP_010954385.1	WP_010954385.1	100	227	2.16e-165	452
WP_010952826.1	WP_010952826.1	100	227	1.16e-169	463
WP_010952537.1	WP_010952537.1	100	227	2.83e-161	442
WP_010951793.1	WP_010951793.1	100	227	1.46e-163	448
WP_003255215.1	WP_003255215.1	100	227	7.54e-166	454
WP_126404341.1	WP_126404341.1	100	226	1.11e-162	446
WP_051122575.1	WP_051122575.1	100	226	1.30e-161	443
WP_010955789.1	WP_010955789.1	100	226	1.84e-161	442
WP_010954656.1	WP_010954656.1	100	226	3.32e-164	449
WP_010953809.1	WP_010953809.1	100	226	1.11e-162	446
WP_010953761.1	WP_010953761.1	100	226	2.00e-165	452
WP_010953733.1	WP_010953733.1	100	226	6.17e-160	439
WP_010953626.1	WP_010953626.1	100	226	2.96e-167	457
WP_010953624.1	WP_010953624.1	100	226	2.00e-165	452
WP_010953240.1	WP_010953240.1	100	226	1.50e-151	417
WP_010953145.1	WP_010953145.1	100	226	4.35e-160	439
WP_010952580.1	WP_010952580.1	100	226	4.03e-140	389
WP_010952107.1	WP_010952107.1	100	226	1.35e-163	448
WP_010951718.1	WP_010951718.1	100	226	4.67e-155	426
WP_003255037.1	WP_003255037.1	100	226	1.58e-162	445
WP_003251213.1	WP_003251213.1	100	226	6.75e-173	471
WP_003248502.1	WP_003248502.1	100	226	1.31e-170	466
WP_049588241.1	WP_049588241.1	100	225	1.04e-171	468
WP_049587809.1	WP_049587809.1	100	225	4.02e-160	439
WP_049587756.1	WP_049587756.1	100	225	1.03e-162	446
WP_049587702.1	WP_049587702.1	100	225	3.31e-159	437
WP_010955863.1	WP_010955863.1	100	225	9.48e-159	436
WP_010954425.1	WP_010954425.1	100	225	1.40e-160	440
WP_010953426.1	WP_010953426.1	100	225	2.53e-163	447
WP_010952339.1	WP_010952339.1	100	225	4.90e-161	441
WP_003254551.1	WP_003254551.1	100	225	5.96e-162	444
WP_003252672.1	WP_003252672.1	100	225	3.55e-154	424
WP_003251429.1	WP_003251429.1	100	225	7.01e-170	464
WP_049588168.1	WP_049588168.1	100	224	1.08e-168	461
WP_049586315.1	WP_049586315.1	100	224	5.08e-158	434
WP_010954604.1	WP_010954604.1	100	224	9.15e-161	441
WP_010953754.1	WP_010953754.1	100	224	8.16e-164	448
WP_010952931.1	WP_010952931.1	100	224	9.53e-163	446
WP_010952598.1	WP_010952598.1	100	224	5.08e-158	434
WP_003255539.1	WP_003255539.1	100	224	1.58e-161	442
WP_003253457.1	WP_003253457.1	100	224	7.84e-162	443
WP_003253420.1	WP_003253420.1	100	224	6.71e-163	446
WP_003252070.1	WP_003252070.1	100	224	3.88e-162	444
WP_003249004.1	WP_003249004.1	100	224	4.00e-155	426
WP_010955833.1	WP_010955833.1	100	223	8.88e-172	468
WP_010954713.1	WP_010954713.1	100	223	5.32e-164	449
WP_010952803.1	WP_010952803.1	100	223	3.21e-165	452
WP_010952703.1	WP_010952703.1	100	223	5.54e-166	454
WP_010952527.1	WP_010952527.1	100	223	9.11e-156	428
WP_010952241.1	WP_010952241.1	100	223	3.41e-151	416
WP_010951745.1	WP_010951745.1	100	223	2.26e-165	452
WP_010951513.1	WP_010951513.1	100	223	1.28e-146	405
WP_003251184.1	WP_003251184.1	100	223	1.45e-152	420
WP_003249079.1	WP_003249079.1	100	223	1.35e-157	432
WP_049587171.1	WP_049587171.1	100	222	4.73e-162	444
WP_010955424.1	WP_010955424.1	100	222	6.76e-171	466
WP_010953307.1	WP_010953307.1	100	222	3.89e-161	441
WP_010953229.1	WP_010953229.1	100	222	8.44e-156	428
WP_010951691.1	WP_010951691.1	100	222	3.91e-170	464
WP_003255849.1	WP_003255849.1	100	222	5.46e-152	418
WP_003254382.1	WP_003254382.1	100	222	9.31e-144	397
WP_049587920.1	WP_049587920.1	100	221	4.20e-160	439
WP_049587394.1	WP_049587394.1	100	221	1.47e-160	440
WP_049586149.1	WP_049586149.1	100	221	3.92e-174	474
WP_010955685.1	WP_010955685.1	100	221	6.48e-164	448
WP_010955656.1	WP_010955656.1	100	221	1.71e-159	437
WP_010955164.1	WP_010955164.1	100	221	1.59e-164	450
WP_010954570.1	WP_010954570.1	100	221	1.16e-157	432
WP_010954350.1	WP_010954350.1	100	221	1.86e-163	447
WP_010953584.1	WP_010953584.1	100	221	2.24e-155	427
WP_003255399.1	WP_003255399.1	100	221	1.35e-156	430
WP_172835032.1	WP_172835032.1	100	220	2.14e-148	409
WP_049588502.1	WP_049588502.1	100	220	4.58e-168	459
WP_012051106.1	WP_012051106.1	100	220	4.22e-164	449
WP_010955050.1	WP_010955050.1	100	220	2.35e-161	442
WP_010953948.1	WP_010953948.1	100	220	5.53e-160	438
WP_010953629.1	WP_010953629.1	100	220	9.17e-159	435
WP_010951630.1	WP_010951630.1	100	220	1.21e-163	447
WP_010951569.1	WP_010951569.1	100	220	5.31e-158	433
WP_049588334.1	WP_049588334.1	100	219	2.73e-155	426
WP_049586824.1	WP_049586824.1	100	219	1.08e-170	465
WP_020190949.1	WP_020190949.1	100	219	8.15e-157	430
WP_010955869.1	WP_010955869.1	100	219	9.22e-163	445
WP_010955022.1	WP_010955022.1	100	219	2.15e-152	419
WP_010954240.1	WP_010954240.1	100	219	7.89e-164	448
WP_010954138.1	WP_010954138.1	100	219	2.54e-160	439
WP_010953592.1	WP_010953592.1	100	219	2.53e-74	221
WP_010953120.1	WP_010953120.1	100	219	2.62e-153	421
WP_004576157.1	WP_004576157.1	100	219	1.15e-147	407
WP_049588460.1	WP_049588460.1	100	218	2.16e-156	429
WP_049588009.1	WP_049588009.1	100	218	7.25e-155	425
WP_049586731.1	WP_049586731.1	100	218	1.15e-151	417
WP_049586105.1	WP_049586105.1	100	218	6.21e-156	428
WP_014859113.1	WP_014859113.1	100	218	9.19e-158	432
WP_010955680.1	WP_010955680.1	100	218	3.10e-165	451
WP_010955396.1	WP_010955396.1	100	218	7.47e-148	407
WP_010955135.1	WP_010955135.1	100	218	4.50e-149	410
WP_010955134.1	WP_010955134.1	100	218	3.31e-151	416
WP_010954351.1	WP_010954351.1	100	218	1.99e-152	419
WP_010954014.1	WP_010954014.1	100	218	6.21e-156	428
WP_010953454.1	WP_010953454.1	100	218	2.74e-159	436
WP_010952423.1	WP_010952423.1	100	218	4.23e-163	446
WP_010951783.1	WP_010951783.1	100	218	2.09e-163	447
WP_051122543.1	WP_051122543.1	100	217	2.73e-154	424
WP_010953384.1	WP_010953384.1	100	217	1.92e-154	424
WP_010952770.1	WP_010952770.1	100	217	4.76e-164	448
WP_010952721.1	WP_010952721.1	100	217	4.92e-157	431
WP_010952080.1	WP_010952080.1	100	217	2.38e-139	386
WP_172835029.1	WP_172835029.1	100	216	5.32e-156	428
WP_049588330.1	WP_049588330.1	100	216	9.63e-168	457
WP_049588099.1	WP_049588099.1	100	216	9.20e-157	430
WP_049587967.1	WP_049587967.1	100	216	2.45e-161	441
WP_010954473.1	WP_010954473.1	100	216	1.16e-150	414
WP_010952898.1	WP_010952898.1	100	216	9.98e-161	440
WP_010952728.1	WP_010952728.1	100	216	1.86e-156	429
WP_010952699.1	WP_010952699.1	100	216	2.33e-150	414
WP_010952265.1	WP_010952265.1	100	216	4.41e-164	448
WP_010952159.1	WP_010952159.1	100	216	1.46e-153	422
WP_010951811.1	WP_010951811.1	100	216	2.00e-151	416
WP_010951498.1	WP_010951498.1	100	216	4.75e-159	436
WP_004576713.1	WP_004576713.1	100	216	2.18e-164	449
WP_004575467.1	WP_004575467.1	100	216	5.11e-154	423
WP_003253179.1	WP_003253179.1	100	216	6.74e-159	435
WP_079732584.1	WP_079732584.1	100	215	3.89e-153	421
WP_049586421.1	WP_049586421.1	100	215	2.09e-157	431
WP_010954722.1	WP_010954722.1	100	215	5.13e-158	433
WP_010954271.1	WP_010954271.1	100	215	1.86e-160	439
WP_010954070.1	WP_010954070.1	100	215	8.18e-155	425
WP_010953392.1	WP_010953392.1	100	201	2.04e-139	386
WP_010952290.1	WP_010952290.1	100	215	2.87e-164	449
WP_010952153.1	WP_010952153.1	100	215	1.85e-151	416
WP_010951761.1	WP_010951761.1	100	215	5.76e-155	425
WP_004576152.1	WP_004576152.1	100	215	2.34e-154	424
WP_003255361.1	WP_003255361.1	100	215	7.85e-153	420
WP_003254753.1	WP_003254753.1	100	215	1.86e-160	439
WP_003251744.1	WP_003251744.1	100	215	4.01e-146	403
WP_003249738.1	WP_003249738.1	100	215	1.41e-155	427
WP_003247748.1	WP_003247748.1	100	215	6.72e-154	422
WP_049587039.1	WP_049587039.1	100	214	2.15e-145	401
WP_049586923.1	WP_049586923.1	100	214	2.86e-159	436
WP_011005888.1	WP_011005888.1	100	214	3.91e-157	431
WP_010955740.1	WP_010955740.1	100	214	5.55e-157	430
WP_010954686.1	WP_010954686.1	100	214	1.66e-158	434
WP_010954566.1	WP_010954566.1	100	214	3.21e-156	428
WP_010954171.1	WP_010954171.1	100	214	1.03e-152	419
WP_010953798.1	WP_010953798.1	100	214	5.73e-150	412
WP_010953010.1	WP_010953010.1	100	214	6.04e-120	337
WP_010953003.1	WP_010953003.1	100	214	2.55e-162	444
WP_010952012.1	WP_010952012.1	100	214	4.78e-167	456
WP_010951875.1	WP_010951875.1	100	214	3.87e-148	408
WP_010951825.1	WP_010951825.1	100	214	6.23e-154	422
WP_010951759.1	WP_010951759.1	100	214	1.86e-155	426
WP_010951601.1	WP_010951601.1	100	214	2.15e-145	401
WP_232014145.1	WP_232014145.1	100	213	3.47e-155	426
WP_014861534.1	WP_014861534.1	100	213	3.34e-153	421
WP_010955876.1	WP_010955876.1	100	213	2.63e-150	413
WP_010955381.1	WP_010955381.1	100	213	8.69e-140	387
WP_010954467.1	WP_010954467.1	100	213	9.07e-142	392
WP_010954348.1	WP_010954348.1	100	213	5.71e-145	400
WP_010953628.1	WP_010953628.1	100	213	4.06e-154	423
WP_010952606.1	WP_010952606.1	100	213	1.93e-152	419
WP_010952181.1	WP_010952181.1	100	213	7.30e-157	430
WP_003259400.1	WP_003259400.1	100	213	4.74e-153	420
WP_003253405.1	WP_003253405.1	100	213	6.73e-153	420
WP_003251131.1	WP_003251131.1	100	213	1.72e-155	426
WP_003251109.1	WP_003251109.1	100	213	5.14e-157	430
WP_003248514.1	WP_003248514.1	100	213	1.46e-147	406
WP_049588040.1	WP_049588040.1	100	212	7.58e-154	422
WP_049587217.1	WP_049587217.1	100	212	1.08e-153	422
WP_011953077.1	WP_011953077.1	100	212	4.96e-159	435
WP_010954766.1	WP_010954766.1	100	212	4.21e-151	415
WP_010953591.1	WP_010953591.1	100	212	4.53e-146	402
WP_010952257.1	WP_010952257.1	100	212	7.90e-156	427
WP_010951658.1	WP_010951658.1	100	212	3.11e-162	443
WP_003255871.1	WP_003255871.1	100	212	4.08e-158	433
WP_003255836.1	WP_003255836.1	100	212	2.46e-159	436
WP_003252348.1	WP_003252348.1	100	212	3.61e-152	418
WP_003251380.1	WP_003251380.1	100	212	1.16e-148	409
WP_003247366.1	WP_003247366.1	100	212	4.21e-151	415
WP_049587205.1	WP_049587205.1	100	211	3.48e-154	423
WP_026031862.1	WP_026031862.1	100	211	9.48e-143	394
WP_019436776.1	WP_019436776.1	100	211	1.00e-162	444
WP_010952548.1	WP_010952548.1	100	211	4.41e-157	430
WP_010952433.1	WP_010952433.1	100	211	8.20e-153	419
WP_010952155.1	WP_010952155.1	100	211	2.08e-146	403
WP_010951533.1	WP_010951533.1	100	211	3.45e-145	400
WP_003255486.1	WP_003255486.1	100	211	4.75e-152	417
WP_003249603.1	WP_003249603.1	100	211	3.21e-150	413
WP_003247170.1	WP_003247170.1	100	211	1.66e-152	419
WP_172830947.1	WP_172830947.1	100	210	2.52e-142	393
WP_110771797.1	WP_110771797.1	100	210	1.12e-154	424
WP_049588366.1	WP_049588366.1	100	210	3.78e-162	443
WP_049587258.1	WP_049587258.1	100	210	1.53e-152	419
WP_049586600.1	WP_049586600.1	100	210	5.35e-153	420
WP_010955281.1	WP_010955281.1	100	210	5.13e-151	415
WP_010954865.1	WP_010954865.1	100	210	1.86e-153	421
WP_010954493.1	WP_010954493.1	100	210	2.62e-144	398
WP_010954406.1	WP_010954406.1	100	210	2.01e-148	408
WP_010952495.1	WP_010952495.1	100	210	1.04e-150	414
WP_010952462.1	WP_010952462.1	100	210	7.29e-151	414
WP_010951618.1	WP_010951618.1	100	210	9.16e-145	399
WP_010951582.1	WP_010951582.1	100	210	1.98e-139	385
WP_010951523.1	WP_010951523.1	100	210	1.08e-152	419
WP_010951522.1	WP_010951522.1	100	210	9.62e-156	427
WP_003255677.1	WP_003255677.1	100	210	2.31e-138	383
WP_003254385.1	WP_003254385.1	100	210	6.77e-156	427
WP_003253019.1	WP_003253019.1	100	210	4.40e-152	417
WP_061405680.1	WP_061405680.1	100	209	8.26e-161	439
WP_049587040.1	WP_049587040.1	100	209	1.04e-154	424
WP_020190923.1	WP_020190923.1	100	209	6.02e-154	422
WP_014590089.1	WP_014590089.1	100	209	7.33e-155	424
WP_010955832.1	WP_010955832.1	100	209	2.10e-154	423
WP_010955763.1	WP_010955763.1	100	209	1.73e-153	421
WP_010954275.1	WP_010954275.1	100	209	8.48e-145	399
WP_010953818.1	WP_010953818.1	100	209	1.36e-150	414
WP_010952317.1	WP_010952317.1	100	209	8.22e-152	417
WP_003255348.1	WP_003255348.1	100	209	7.89e-150	412
WP_003253552.1	WP_003253552.1	100	209	2.45e-153	421
WP_003247546.1	WP_003247546.1	100	209	8.22e-152	417
WP_010955843.1	WP_010955843.1	100	208	2.37e-155	426
WP_010955153.1	WP_010955153.1	100	208	5.81e-156	427
WP_010954984.1	WP_010954984.1	100	208	5.38e-161	440
WP_010954818.1	WP_010954818.1	100	208	1.42e-147	406
WP_010954621.1	WP_010954621.1	100	208	4.06e-147	405
WP_010954575.1	WP_010954575.1	100	208	2.99e-158	433
WP_010953344.1	WP_010953344.1	100	208	4.30e-133	369
WP_010951953.1	WP_010951953.1	100	208	3.10e-151	415
WP_003253573.1	WP_003253573.1	100	208	3.77e-152	417
WP_003249670.1	WP_003249670.1	100	208	2.74e-145	400
WP_049588113.1	WP_049588113.1	100	207	1.65e-141	390
WP_010955635.1	WP_010955635.1	100	207	1.12e-148	409
WP_010955574.1	WP_010955574.1	100	207	1.21e-143	396
WP_010955405.1	WP_010955405.1	100	207	6.70e-141	389
WP_010953755.1	WP_010953755.1	100	207	9.61e-150	411
WP_010953466.1	WP_010953466.1	100	207	9.67e-159	434
WP_010952921.1	WP_010952921.1	100	207	2.37e-159	436
WP_010952440.1	WP_010952440.1	100	207	2.87e-151	415
WP_010952048.1	WP_010952048.1	100	207	4.04e-142	392
WP_010952020.1	WP_010952020.1	100	207	2.19e-155	426
WP_010951690.1	WP_010951690.1	100	207	2.46e-152	418
WP_004575721.1	WP_004575721.1	100	207	6.50e-148	407
WP_003254939.1	WP_003254939.1	100	207	2.44e-143	395
WP_003252319.1	WP_003252319.1	100	207	5.34e-147	404
WP_003251209.1	WP_003251209.1	100	207	2.54e-145	400
WP_003249947.1	WP_003249947.1	100	207	2.65e-147	405
WP_010955795.1	WP_010955795.1	100	206	5.78e-146	402
WP_010953924.1	WP_010953924.1	100	206	3.08e-141	390
WP_010953008.1	WP_010953008.1	100	206	8.55e-148	406
WP_010952603.1	WP_010952603.1	100	206	3.10e-150	412
WP_010952000.1	WP_010952000.1	100	206	6.05e-157	429
WP_010951959.1	WP_010951959.1	100	206	3.23e-152	417
WP_010487132.1	WP_010487132.1	100	206	5.37e-151	414
WP_004374214.1	WP_004374214.1	100	206	4.41e-150	412
WP_003255453.1	WP_003255453.1	100	206	8.55e-148	406
WP_003249106.1	WP_003249106.1	100	206	1.27e-158	434
WP_079732512.1	WP_079732512.1	100	205	3.33e-140	387
WP_049588209.1	WP_049588209.1	100	205	3.94e-157	430
WP_049587971.1	WP_049587971.1	100	205	5.75e-141	389
WP_049587819.1	WP_049587819.1	100	205	1.37e-148	408
WP_049587077.1	WP_049587077.1	100	205	9.25e-147	404
WP_020193116.1	WP_020193116.1	100	205	1.73e-151	416
WP_010955556.1	WP_010955556.1	100	205	4.25e-152	417
WP_010954983.1	WP_010954983.1	100	205	1.09e-154	424
WP_010954238.1	WP_010954238.1	100	205	2.99e-152	417
WP_010953356.1	WP_010953356.1	100	205	3.88e-139	384
WP_010953173.1	WP_010953173.1	100	205	1.60e-147	405
WP_010952512.1	WP_010952512.1	100	205	2.27e-147	405
WP_010951969.1	WP_010951969.1	100	205	4.80e-158	432
WP_010951486.1	WP_010951486.1	100	205	8.87e-145	399
WP_003255389.1	WP_003255389.1	100	205	7.06e-151	414
WP_003254768.1	WP_003254768.1	100	205	1.16e-140	388
WP_003252989.1	WP_003252989.1	100	205	1.94e-148	408
WP_003249478.1	WP_003249478.1	100	205	6.29e-154	422
WP_003248700.1	WP_003248700.1	100	205	1.16e-140	388
WP_003247482.1	WP_003247482.1	100	205	5.13e-144	397
WP_003247320.1	WP_003247320.1	100	205	4.43e-154	422
WP_049586266.1	WP_049586266.1	100	204	1.36e-143	395
WP_010955569.1	WP_010955569.1	100	204	3.21e-142	392
WP_010954494.1	WP_010954494.1	100	204	2.53e-139	385
WP_010954280.1	WP_010954280.1	100	204	1.31e-141	390
WP_010954179.1	WP_010954179.1	100	204	1.59e-142	393
WP_010953920.1	WP_010953920.1	100	204	2.08e-138	382
WP_010953787.1	WP_010953787.1	100	204	1.80e-148	408
WP_010952500.1	WP_010952500.1	100	204	1.66e-144	398
WP_010951947.1	WP_010951947.1	100	204	1.29e-132	368
WP_010951900.1	WP_010951900.1	100	204	4.76e-144	397
WP_049588130.1	WP_049588130.1	100	203	2.55e-143	395
WP_049587121.1	WP_049587121.1	100	203	2.03e-149	410
WP_049586510.1	WP_049586510.1	100	203	2.47e-150	412
WP_014589823.1	WP_014589823.1	100	203	1.55e-153	421
WP_010955393.1	WP_010955393.1	100	203	3.93e-147	404
WP_010955036.1	WP_010955036.1	100	203	3.23e-146	402
WP_010954419.1	WP_010954419.1	100	203	2.10e-142	392
WP_010953940.1	WP_010953940.1	100	203	4.06e-140	387
WP_010953771.1	WP_010953771.1	100	203	4.06e-140	387
WP_010952252.1	WP_010952252.1	100	203	7.36e-152	416
WP_010952134.1	WP_010952134.1	100	203	2.98e-142	392
WP_003252448.1	WP_003252448.1	100	203	9.26e-146	401
WP_003249516.1	WP_003249516.1	100	203	3.77e-145	399
WP_029615442.1	WP_029615442.1	100	202	8.98e-157	429
WP_010955727.1	WP_010955727.1	100	202	2.28e-150	412
WP_010955006.1	WP_010955006.1	100	202	4.11e-153	419
WP_010955002.1	WP_010955002.1	100	202	2.38e-152	417
WP_010954100.1	WP_010954100.1	100	202	1.43e-153	421
WP_010953131.1	WP_010953131.1	100	202	2.02e-144	397
WP_003250418.1	WP_003250418.1	100	202	5.17e-147	404
WP_003249484.1	WP_003249484.1	100	202	1.27e-147	405
WP_049586059.1	WP_049586059.1	100	201	9.67e-147	403
WP_010955413.1	WP_010955413.1	100	201	5.10e-133	369
WP_010955312.1	WP_010955312.1	100	201	1.09e-152	418
WP_010954776.1	WP_010954776.1	100	201	2.35e-138	382
WP_010954077.1	WP_010954077.1	100	201	1.13e-145	400
WP_010953286.1	WP_010953286.1	100	201	5.16e-142	391
WP_010952988.1	WP_010952988.1	100	201	4.60e-145	399
WP_010952506.1	WP_010952506.1	100	201	3.65e-151	414
WP_010952338.1	WP_010952338.1	100	201	7.95e-146	401
WP_003252400.1	WP_003252400.1	100	201	2.19e-143	395
WP_003249444.1	WP_003249444.1	100	201	2.66e-144	397
WP_010955651.1	WP_010955651.1	100	200	7.98e-150	411
WP_010953950.1	WP_010953950.1	100	200	4.26e-145	399
WP_010952961.1	WP_010952961.1	100	200	7.07e-144	396
WP_010952856.1	WP_010952856.1	100	200	3.38e-151	414
WP_010952259.1	WP_010952259.1	100	200	1.17e-142	393
WP_010951972.1	WP_010951972.1	100	200	1.96e-150	412
WP_003255485.1	WP_003255485.1	100	200	3.10e-138	382
WP_003254945.1	WP_003254945.1	100	200	3.95e-150	412
WP_003254304.1	WP_003254304.1	100	200	1.74e-144	397
WP_049586756.1	WP_049586756.1	100	199	3.64e-141	389
WP_010955203.1	WP_010955203.1	100	199	1.38e-145	400
WP_010954388.1	WP_010954388.1	100	199	3.38e-146	402
WP_010954164.1	WP_010954164.1	100	199	2.89e-147	404
WP_010954139.1	WP_010954139.1	100	199	1.38e-154	423
WP_010953773.1	WP_010953773.1	100	199	2.04e-147	405
WP_010953580.1	WP_010953580.1	100	199	1.49e-149	410
WP_010953419.1	WP_010953419.1	100	199	2.56e-141	389
WP_010952553.1	WP_010952553.1	100	199	4.11e-147	404
WP_003255185.1	WP_003255185.1	100	199	2.64e-134	372
WP_003254608.1	WP_003254608.1	100	199	1.04e-140	388
WP_003252385.1	WP_003252385.1	100	199	1.27e-141	390
WP_049588147.1	WP_049588147.1	100	198	6.53e-139	383
WP_010955642.1	WP_010955642.1	100	198	1.67e-141	390
WP_010955594.1	WP_010955594.1	100	198	5.85e-151	414
WP_010955434.1	WP_010955434.1	100	198	2.86e-133	369
WP_003256068.1	WP_003256068.1	100	198	4.10e-142	391
WP_003255187.1	WP_003255187.1	100	198	7.12e-152	416
WP_126404358.1	WP_126404358.1	100	197	3.52e-147	404
WP_049587981.1	WP_049587981.1	100	197	1.12e-134	372
WP_049587778.1	WP_049587778.1	100	197	1.01e-146	403
WP_049587030.1	WP_049587030.1	100	197	7.59e-133	368
WP_049586642.1	WP_049586642.1	100	197	3.38e-145	399
WP_049586382.1	WP_049586382.1	100	197	1.43e-137	380
WP_012053657.1	WP_012053657.1	100	197	1.94e-135	374
WP_010955330.1	WP_010955330.1	100	197	1.88e-142	392
WP_010955256.1	WP_010955256.1	100	197	1.44e-146	402
WP_010955188.1	WP_010955188.1	100	197	5.01e-147	404
WP_010954290.1	WP_010954290.1	100	197	4.43e-141	389
WP_010953784.1	WP_010953784.1	100	197	1.48e-139	385
WP_010953655.1	WP_010953655.1	100	197	4.28e-148	406
WP_010953412.1	WP_010953412.1	100	197	1.68e-145	400
WP_010953221.1	WP_010953221.1	100	197	1.37e-135	375
WP_010952189.1	WP_010952189.1	100	197	1.00e-137	380
WP_003255835.1	WP_003255835.1	100	197	7.06e-138	380
WP_003255736.1	WP_003255736.1	100	197	1.18e-145	400
WP_003255531.1	WP_003255531.1	100	197	1.96e-144	397
WP_003251823.1	WP_003251823.1	100	197	3.95e-144	396
WP_080985565.1	WP_080985565.1	100	196	1.05e-143	395
WP_049587100.1	WP_049587100.1	100	196	5.87e-150	411
WP_049586736.1	WP_049586736.1	100	196	2.89e-141	389
WP_010954364.1	WP_010954364.1	100	196	1.18e-140	387
WP_010953505.1	WP_010953505.1	100	196	1.23e-142	392
WP_010952227.1	WP_010952227.1	100	196	2.48e-142	392
WP_010952101.1	WP_010952101.1	100	196	3.97e-148	406
WP_003252796.1	WP_003252796.1	100	196	3.52e-142	391
WP_003252050.1	WP_003252050.1	100	196	1.93e-130	362
WP_003249853.1	WP_003249853.1	100	196	1.05e-143	395
WP_003249110.1	WP_003249110.1	100	196	3.34e-131	363
WP_012052320.1	WP_012052320.1	100	195	1.27e-139	385
WP_010955470.1	WP_010955470.1	100	195	6.31e-140	385
WP_010955200.1	WP_010955200.1	100	195	8.97e-140	385
WP_010953255.1	WP_010953255.1	100	195	2.11e-138	382
WP_010951581.1	WP_010951581.1	100	195	3.77e-132	366
WP_010951442.1	WP_010951442.1	100	195	2.09e-129	359
WP_079732494.1	WP_079732494.1	100	194	1.89e-145	399
WP_051122591.1	WP_051122591.1	100	194	5.43e-145	398
WP_049586067.1	WP_049586067.1	100	194	5.39e-136	375
WP_010953382.1	WP_010953382.1	100	194	1.47e-124	347
WP_010953266.1	WP_010953266.1	100	194	6.88e-157	428
WP_010953140.1	WP_010953140.1	100	194	2.56e-134	371
WP_010952180.1	WP_010952180.1	100	194	4.97e-132	365
WP_010952124.1	WP_010952124.1	100	194	7.71e-145	398
WP_010951995.1	WP_010951995.1	100	194	2.29e-137	379
WP_010951864.1	WP_010951864.1	100	194	8.31e-140	385
WP_003250416.1	WP_003250416.1	100	194	4.29e-142	391
WP_003247413.1	WP_003247413.1	100	194	3.53e-141	389
WP_003247342.1	WP_003247342.1	100	194	7.90e-129	357
WP_061405709.1	WP_061405709.1	100	193	2.48e-136	376
WP_010955697.1	WP_010955697.1	100	193	2.80e-142	391
WP_010954588.1	WP_010954588.1	100	193	7.10e-136	375
WP_010954456.1	WP_010954456.1	100	193	3.11e-130	361
WP_010954304.1	WP_010954304.1	100	193	6.33e-139	383
WP_010953715.1	WP_010953715.1	100	193	1.43e-135	374
WP_010953183.1	WP_010953183.1	100	193	1.82e-147	404
WP_010952097.1	WP_010952097.1	100	193	1.37e-133	369
WP_010951797.1	WP_010951797.1	100	193	4.97e-111	312
WP_010951509.1	WP_010951509.1	100	193	1.81e-138	382
WP_003252049.1	WP_003252049.1	100	193	3.66e-138	381
WP_049586855.1	WP_049586855.1	100	192	1.96e-137	379
WP_049586441.1	WP_049586441.1	100	192	2.13e-141	389
WP_049586147.1	WP_010953851.1	100	188	2.32e-135	374
WP_010955120.1	WP_010955120.1	100	192	4.44e-134	370
WP_010953763.1	WP_010953763.1	100	192	2.65e-126	351
WP_010952442.1	WP_010952442.1	100	192	4.78e-129	358
WP_003253953.1	WP_003253953.1	100	192	4.14e-148	406
WP_003249350.1	WP_003249350.1	100	192	8.67e-141	387
WP_049588372.1	WP_049588372.1	100	191	6.12e-145	398
WP_049588087.1	WP_049588087.1	100	191	4.96e-126	350
WP_049587840.1	WP_049587840.1	100	191	1.63e-149	409
WP_049586371.1	WP_049586371.1	100	191	1.56e-147	404
WP_010955272.1	WP_010955272.1	100	191	1.27e-128	357
WP_010954922.1	WP_010954922.1	100	191	4.47e-138	380
WP_010954590.1	WP_010954590.1	100	191	1.44e-134	372
WP_010954323.1	WP_010954323.1	100	191	7.72e-139	382
WP_003248677.1	WP_003248677.1	100	191	6.03e-127	352
WP_049587903.1	WP_049587903.1	100	190	1.02e-138	382
WP_047933947.1	WP_047933947.1	100	190	3.97e-136	375
WP_010955593.1	WP_010955593.1	100	190	3.04e-149	409
WP_010955590.1	WP_010955590.1	100	190	8.35e-138	380
WP_010954122.1	WP_010954122.1	100	190	2.91e-138	381
WP_010953135.1	WP_010953135.1	100	190	2.30e-135	374
WP_010952147.1	WP_010952147.1	100	190	2.30e-135	374
WP_010952025.1	WP_010952025.1	100	190	8.72e-149	407
WP_003253535.1	WP_003253535.1	100	190	7.95e-127	352
WP_061405672.1	WP_061405672.1	100	189	9.04e-137	377
WP_061405665.1	WP_061405665.1	100	189	3.55e-143	393
WP_049587612.1	WP_049587612.1	100	189	1.39e-140	387
WP_014591568.1	WP_014591568.1	100	189	2.70e-138	381
WP_010955693.1	WP_010955693.1	100	189	1.51e-144	397
WP_010954630.1	WP_010954630.1	100	189	2.79e-131	363
WP_010954116.1	WP_010954116.1	100	189	2.59e-136	376
WP_010953765.1	WP_010953765.1	100	189	1.10e-146	402
WP_010953688.1	WP_010953688.1	100	189	7.43e-136	375
WP_010953539.1	WP_010953539.1	100	189	2.40e-141	389
WP_010951849.1	WP_010951849.1	100	189	3.80e-129	358
WP_010951737.1	WP_010951737.1	100	189	7.68e-129	357
WP_003252871.1	WP_003252871.1	100	189	2.49e-134	371
WP_003250813.1	WP_003250813.1	100	189	2.92e-142	391
WP_003249850.1	WP_003249850.1	100	189	5.05e-143	393
WP_003249318.1	WP_003249318.1	100	189	3.03e-135	373
WP_049588243.1	WP_049588243.1	100	188	7.46e-140	385
WP_049587766.1	WP_049587766.1	100	188	1.50e-130	361
WP_049586821.1	WP_049586821.1	100	188	4.12e-128	355
WP_010955326.1	WP_010955326.1	100	188	7.41e-131	362
WP_010954985.1	WP_010954985.1	100	188	2.59e-131	363
WP_010953766.1	WP_010953766.1	100	188	3.55e-138	380
WP_010953725.1	WP_010953725.1	100	188	7.72e-133	367
WP_010952733.1	WP_010952733.1	100	188	5.04e-138	380
WP_010952464.1	WP_010952464.1	100	188	1.19e-136	377
WP_004575846.1	WP_004575846.1	100	188	5.85e-128	355
WP_003255794.1	WP_003255794.1	100	188	2.48e-129	358
WP_003254920.1	WP_003254920.1	100	188	1.51e-139	384
WP_003253035.1	WP_003253035.1	100	188	4.15e-137	378
WP_003248665.1	WP_003248665.1	100	188	6.88e-136	375
WP_010954491.1	WP_010954491.1	100	187	1.91e-146	401
WP_010954343.1	WP_010954343.1	100	187	2.89e-123	343
WP_010953785.1	WP_010953785.1	100	187	1.69e-131	363
WP_010953148.1	WP_010953148.1	100	187	1.19e-140	387
WP_003250537.1	WP_003250537.1	100	187	1.70e-140	386
WP_003250134.1	WP_003250134.1	100	187	5.04e-133	367
WP_003248588.1	WP_003248588.1	100	187	1.19e-140	387
WP_126404399.1	WP_126404399.1	100	186	7.18e-137	377
WP_049587895.1	WP_049587895.1	100	186	2.41e-135	373
WP_049586107.1	WP_049586107.1	100	186	1.48e-120	336
WP_029615376.1	WP_029615376.1	100	186	1.50e-129	358
WP_020193441.1	WP_020193441.1	100	186	3.70e-139	383
WP_010955292.1	WP_010955292.1	100	186	5.26e-139	382
WP_010954882.1	WP_010954882.1	100	186	1.75e-128	356
WP_010953585.1	WP_010953585.1	100	186	9.46e-142	389
WP_010953446.1	WP_010953446.1	100	186	3.99e-134	370
WP_010953257.1	WP_010953257.1	100	186	5.04e-96	274
WP_010952945.1	WP_010952945.1	100	186	8.74e-138	379
WP_010952859.1	WP_010952859.1	100	186	4.86e-135	372
WP_004576525.1	WP_004576525.1	100	186	1.56e-131	363
WP_003255912.1	WP_003255912.1	100	186	2.06e-136	376
WP_003255244.1	WP_003255244.1	100	186	4.30e-129	357
WP_003254741.1	WP_003254741.1	100	186	3.42e-135	373
WP_003251456.1	WP_003251456.1	100	186	1.98e-134	371
WP_232014083.1	WP_232014083.1	100	185	5.47e-136	375
WP_010955810.1	WP_010955810.1	100	185	4.17e-140	385
WP_010955367.1	WP_010955367.1	100	185	7.41e-125	347
WP_010955216.1	WP_010955216.1	100	185	1.02e-131	364
WP_010955191.1	WP_010955191.1	100	185	7.17e-132	364
WP_010954016.1	WP_010954016.1	100	185	1.62e-128	356
WP_010953729.1	WP_010953729.1	100	185	1.69e-130	361
WP_010953011.1	WP_010953011.1	100	185	2.69e-127	353
WP_010951990.1	WP_010951990.1	100	185	4.87e-139	382
WP_010951476.1	WP_010951476.1	100	185	1.45e-140	386
WP_003255027.1	WP_003255027.1	100	185	2.51e-141	388
WP_003252296.1	WP_003252296.1	100	185	1.43e-122	341
WP_003251480.1	WP_003251480.1	100	185	1.75e-123	343
WP_110771757.1	WP_110771757.1	100	184	1.70e-134	371
WP_010955725.1	WP_010955725.1	100	184	1.29e-129	358
WP_010955559.1	WP_010955559.1	100	184	5.28e-138	380
WP_010953797.1	WP_010953797.1	100	184	1.24e-127	353
WP_010953471.1	WP_010953471.1	100	184	1.98e-133	368
WP_010953167.1	WP_010953167.1	100	184	1.40e-133	369
WP_010953163.1	WP_010953163.1	100	184	2.82e-133	368
WP_010952551.1	WP_010952551.1	100	184	1.45e-135	374
WP_003255582.1	WP_003255582.1	100	184	2.82e-133	368
WP_049587999.1	WP_049587999.1	100	183	3.71e-133	367
WP_049587879.1	WP_049587879.1	100	183	2.33e-136	375
WP_049587760.1	WP_049587760.1	100	183	3.31e-136	375
WP_049587595.1	WP_049587595.1	100	183	4.54e-109	306
WP_049587226.1	WP_049587226.1	100	183	3.86e-135	372
WP_049586846.1	WP_049586846.1	100	183	1.56e-125	348
WP_049586097.1	WP_049586097.1	100	183	1.35e-135	374
WP_012052879.1	WP_012052879.1	100	183	1.83e-124	345
WP_010955552.1	WP_010955552.1	100	183	1.91e-135	373
WP_010955000.1	WP_010955000.1	100	183	1.03e-139	384
WP_010954636.1	WP_010954636.1	100	183	6.37e-125	347
WP_010953965.1	WP_010953965.1	100	183	3.18e-134	370
WP_010952552.1	WP_010952552.1	100	183	1.30e-142	391
WP_010951469.1	WP_010951469.1	100	183	3.58e-140	385
WP_003248365.1	WP_003248365.1	100	183	1.99e-137	378
WP_049586502.1	WP_049586502.1	100	182	6.40e-129	357
WP_010955119.1	WP_010955119.1	100	182	9.14e-138	379
WP_010954168.1	WP_010954168.1	100	182	6.94e-133	367
WP_010953906.1	WP_010953906.1	100	182	1.20e-133	369
WP_010953209.1	WP_010953209.1	100	182	1.91e-130	360
WP_010952819.1	WP_010952819.1	100	182	1.52e-136	376
WP_010952590.1	WP_010952590.1	100	182	3.30e-131	362
WP_010952261.1	WP_010952261.1	100	182	1.84e-128	355
WP_010487172.1	WP_010487172.1	100	182	5.90e-125	347
WP_009683910.1	WP_009683910.1	100	182	7.79e-130	359
WP_004575263.1	WP_004575263.1	100	182	5.94e-134	369
WP_003253526.1	WP_003253526.1	100	182	3.05e-127	352
WP_003251442.1	WP_003251442.1	100	182	9.79e-124	343
WP_020192755.1	WP_020192755.1	100	181	3.70e-123	342
WP_010954830.1	WP_010954830.1	100	181	7.24e-139	382
WP_010953885.1	WP_010953885.1	100	181	3.06e-131	362
WP_010953377.1	WP_010953377.1	100	181	5.08e-130	359
WP_010953021.1	WP_010953021.1	100	181	9.51e-135	371
WP_010952627.1	WP_010952627.1	100	181	2.84e-136	375
WP_010951635.1	WP_010951635.1	100	181	1.16e-135	374
WP_004576914.1	WP_004576914.1	100	181	1.39e-102	290
WP_003255446.1	WP_003255446.1	100	181	3.26e-117	327
WP_003254989.1	WP_003254989.1	100	181	1.52e-131	363
WP_003253925.1	WP_003253925.1	100	181	1.10e-124	346
WP_003252789.1	WP_003252789.1	100	181	1.91e-125	348
WP_003248033.1	WP_003248033.1	100	181	1.70e-128	355
WP_010954344.1	WP_010954344.1	100	180	1.40e-122	340
WP_010954015.1	WP_010954015.1	100	180	5.07e-125	347
WP_010953895.1	WP_010953895.1	100	180	6.71e-139	382
WP_010952063.1	WP_010952063.1	100	180	1.32e-111	313
WP_003252169.1	WP_003252169.1	100	180	1.46e-133	368
WP_003249514.1	WP_003249514.1	100	180	7.24e-134	369
WP_049587527.1	WP_049587527.1	100	179	3.73e-131	362
WP_049586301.1	WP_049586301.1	100	179	4.89e-127	352
WP_049586245.1	WP_049586245.1	100	179	1.03e-128	356
WP_014589735.1	WP_014589735.1	100	179	2.63e-131	362
WP_010954681.1	WP_010954681.1	100	179	1.99e-126	350
WP_010954284.1	WP_010954284.1	100	179	4.19e-128	354
WP_010953117.1	WP_010953117.1	100	179	3.59e-129	357
WP_010952996.1	WP_010952996.1	100	179	2.24e-123	342
WP_010952918.1	WP_010952918.1	100	179	4.70e-125	347
WP_003255474.1	WP_003255474.1	100	179	8.12e-126	348
WP_003252424.1	WP_003252424.1	100	179	1.62e-116	325
WP_049586242.1	WP_049586242.1	100	178	5.11e-133	367
WP_010955628.1	WP_010955628.1	100	178	1.06e-116	325
WP_010955369.1	WP_010955369.1	100	178	1.25e-124	345
WP_010955231.1	WP_010955231.1	100	178	6.22e-134	369
WP_010955056.1	WP_010955056.1	100	178	1.03e-132	366
WP_010953317.1	WP_010953317.1	100	178	8.49e-132	363
WP_010953297.1	WP_010953297.1	100	178	1.07e-125	348
WP_010952864.1	WP_010952864.1	100	178	4.04e-130	359
WP_010951925.1	WP_010951925.1	100	178	8.79e-125	346
WP_003254265.1	WP_003254265.1	100	178	1.07e-134	371
WP_003254010.1	WP_003254010.1	100	178	8.83e-134	369
WP_003253191.1	WP_003253191.1	100	178	4.50e-118	329
WP_003252144.1	WP_003252144.1	100	178	2.43e-131	362
WP_049586526.1	WP_049586526.1	100	177	4.74e-133	367
WP_019437656.1	WP_019437656.1	100	177	1.20e-126	350
WP_012054120.1	WP_012054120.1	100	177	2.96e-127	352
WP_010954628.1	WP_010954628.1	100	177	2.35e-133	367
WP_010954155.1	WP_010954155.1	100	177	5.76e-134	369
WP_010953790.1	WP_010953790.1	100	177	2.08e-127	352
WP_010953318.1	WP_010953318.1	100	177	1.60e-106	300
WP_010952725.1	WP_010952725.1	100	177	6.97e-126	348
WP_010951839.1	WP_010951839.1	100	177	6.97e-126	348
WP_003255501.1	WP_003255501.1	100	177	1.25e-128	355
WP_003255469.1	WP_003255469.1	100	177	6.43e-122	338
WP_049587950.1	WP_049587950.1	100	176	1.94e-102	289
WP_049586062.1	WP_049586062.1	100	176	1.85e-125	347
WP_010955009.1	WP_010955009.1	100	176	2.74e-127	352
WP_010954997.1	WP_010954997.1	100	176	2.53e-123	342
WP_010954176.1	WP_010954176.1	100	176	2.44e-130	360
WP_010953949.1	WP_010953949.1	100	176	1.26e-132	365
WP_010953502.1	WP_010953502.1	100	176	1.30e-125	348
WP_010952867.1	WP_010952867.1	100	176	2.95e-122	339
WP_004576962.1	WP_004576962.1	100	176	4.20e-122	339
WP_003255698.1	WP_003255698.1	100	176	2.75e-136	375
WP_003249309.1	WP_003249309.1	100	176	4.03e-120	334
WP_049587577.1	WP_049587577.1	100	175	3.61e-127	352
WP_020191115.1	WP_020191115.1	100	175	6.23e-128	353
WP_012269855.1	WP_012269855.1	100	175	4.36e-119	331
WP_010955846.1	WP_010955846.1	100	175	1.26e-127	353
WP_010955115.1	WP_010955115.1	100	175	1.20e-116	325
WP_010954597.1	WP_010954597.1	100	175	2.01e-133	367
WP_010954187.1	WP_010954187.1	100	175	5.55e-131	361
WP_010953907.1	WP_010953907.1	100	175	1.31e-129	358
WP_010953146.1	WP_010953146.1	100	175	1.06e-110	310
WP_010952934.1	WP_010952934.1	100	175	3.47e-125	347
WP_003255365.1	WP_003255365.1	100	175	3.76e-129	357
WP_003254832.1	WP_003254832.1	100	175	3.89e-122	339
WP_003253129.1	WP_003253129.1	100	175	7.58e-129	356
WP_061405639.1	WP_061405639.1	100	174	6.71e-118	328
WP_049588516.1	WP_049588516.1	100	174	6.71e-118	328
WP_010954264.1	WP_010954264.1	100	174	1.31e-99	282
WP_010954025.1	WP_010954025.1	100	174	1.08e-123	343
WP_010953640.1	WP_010953640.1	100	174	3.34e-127	352
WP_010952866.1	WP_010952866.1	100	174	1.59e-53	165
WP_010952796.1	WP_010952796.1	100	174	4.35e-114	318
WP_010952554.1	WP_010952554.1	100	174	2.22e-107	301
WP_010952490.1	WP_010952490.1	100	174	3.91e-126	349
WP_010952366.1	WP_010952366.1	100	174	5.74e-119	331
WP_010952148.1	WP_010952148.1	100	174	1.08e-123	343
WP_003255131.1	WP_003255131.1	100	174	3.32e-118	329
WP_020193020.1	WP_020193020.1	100	173	5.77e-123	341
WP_010955249.1	WP_010955249.1	100	173	1.47e-125	347
WP_010952065.1	WP_010952065.1	100	173	9.58e-122	338
WP_004577197.1	WP_004577197.1	100	173	2.35e-122	339
WP_003255152.1	WP_003255152.1	100	173	3.21e-120	334
WP_003252463.1	WP_003252463.1	100	173	3.90e-121	336
WP_049587643.1	WP_049587643.1	100	172	6.25e-122	338
WP_049586603.1	WP_049586603.1	100	172	2.27e-133	367
WP_049586116.1	WP_049586116.1	100	172	2.18e-122	339
WP_049586088.1	WP_049586088.1	100	172	8.88e-122	338
WP_020192124.1	WP_020192124.1	100	172	9.18e-115	320
WP_010955625.1	WP_010955625.1	100	172	5.14e-121	336
WP_010955495.1	WP_010955495.1	100	172	7.30e-121	335
WP_010954397.1	WP_010954397.1	100	172	8.81e-113	315
WP_010953859.1	WP_010953859.1	100	172	1.46e-111	312
WP_010951709.1	WP_010951709.1	100	172	3.47e-119	331
WP_010951704.1	WP_010951704.1	100	172	3.10e-122	339
WP_003254698.1	WP_003254698.1	100	172	7.60e-123	340
WP_003249313.1	WP_003249313.1	100	172	8.88e-122	338
WP_003247385.1	WP_003247385.1	100	172	9.24e-124	343
WP_172835030.1	WP_172835030.1	100	171	4.24e-124	343
WP_049587599.1	WP_049587599.1	100	171	2.11e-133	367
WP_010955668.1	WP_010955668.1	100	171	1.08e-126	350
WP_010955452.1	WP_010955452.1	100	171	1.79e-116	324
WP_010955031.1	WP_010955031.1	100	171	1.94e-120	334
WP_010954872.1	WP_010954872.1	100	171	1.80e-125	347
WP_010954862.1	WP_010954862.1	100	171	3.35e-121	336
WP_010954699.1	WP_010954699.1	100	171	2.76e-120	334
WP_010953535.1	WP_010953535.1	100	171	8.91e-126	348
WP_010951952.1	WP_010951952.1	100	171	1.53e-117	327
WP_003251509.1	WP_003251509.1	100	171	1.37e-129	357
WP_003248857.1	WP_003248857.1	100	171	2.41e-105	296
WP_003248773.1	WP_003248773.1	100	171	5.56e-120	333
WP_003247609.1	WP_003247609.1	100	171	2.10e-124	344
WP_020191397.1	WP_020191397.1	100	170	6.27e-121	335
WP_010955275.1	WP_010955275.1	100	170	3.11e-121	336
WP_010954430.1	WP_010954430.1	100	170	1.13e-123	342
WP_003255059.1	WP_003255059.1	100	170	1.59e-114	319
WP_049587522.1	WP_049587522.1	100	169	2.11e-123	342
WP_049586913.1	WP_049586913.1	100	169	2.20e-125	347
WP_049586258.1	WP_049586258.1	100	169	2.11e-123	342
WP_010954127.1	WP_010954127.1	100	169	3.00e-123	341
WP_010953959.1	WP_010953959.1	100	169	3.50e-122	338
WP_010951738.1	WP_010951738.1	100	169	1.09e-125	347
WP_049587706.1	WP_049587706.1	100	168	6.05e-118	328
WP_010953984.1	WP_010953984.1	100	168	7.97e-123	340
WP_010952582.1	WP_010952582.1	100	168	1.55e-120	334
WP_010951575.1	WP_010951575.1	100	168	2.03e-116	324
WP_003253111.1	WP_003253111.1	100	168	1.61e-122	339
WP_003248609.1	WP_003248609.1	100	168	4.97e-117	325
WP_049588107.1	WP_049588107.1	100	167	1.01e-120	335
WP_049587859.1	WP_049587859.1	100	167	1.18e-119	332
WP_010955689.1	WP_010955689.1	100	167	1.96e-118	329
WP_010954866.1	WP_010954866.1	100	167	5.39e-116	323
WP_010954177.1	WP_010954177.1	100	167	1.23e-121	337
WP_010953544.1	WP_010953544.1	100	167	1.09e-115	322
WP_010953319.1	WP_010953319.1	100	167	1.50e-55	170
WP_010953261.1	WP_010953261.1	100	167	2.27e-108	303
WP_010952947.1	WP_010952947.1	100	167	4.11e-120	333
WP_010951803.1	WP_010951803.1	100	167	2.38e-137	377
WP_003254333.1	WP_003254333.1	100	167	2.68e-125	346
WP_003253926.1	WP_003253926.1	100	167	7.90e-109	305
WP_003252311.1	WP_003252311.1	100	167	2.60e-98	278
WP_010954689.1	WP_010954689.1	100	166	2.47e-116	323
WP_010954437.1	WP_010954437.1	100	166	1.49e-117	327
WP_010954125.1	WP_010954125.1	100	166	7.33e-109	305
WP_010953916.1	WP_010953916.1	100	166	1.23e-116	324
WP_010953805.1	WP_010953805.1	100	166	1.49e-117	327
WP_010953616.1	WP_010953616.1	100	166	7.38e-118	327
WP_010952668.1	WP_010952668.1	100	166	4.24e-108	303
WP_010951688.1	WP_010951688.1	100	166	7.09e-116	322
WP_003255497.1	WP_003255497.1	100	166	1.42e-106	299
WP_003255465.1	WP_003255465.1	100	166	5.60e-113	315
WP_003255393.1	WP_003255393.1	100	166	4.99e-116	323
WP_003254755.1	WP_003254755.1	100	166	1.88e-111	311
WP_003251444.1	WP_003251444.1	100	166	1.04e-108	304
WP_003249394.1	WP_003249394.1	100	166	2.20e-119	331
WP_049586822.1	WP_049586822.1	100	165	1.44e-119	332
WP_010955251.1	WP_010955251.1	100	165	1.61e-116	324
WP_010955083.1	WP_010955083.1	100	165	3.00e-112	313
WP_010951933.1	WP_010951933.1	100	165	1.22e-111	311
WP_003251433.1	WP_003251433.1	100	165	1.50e-121	337
WP_003251394.1	WP_003251394.1	100	165	5.02e-129	355
WP_003250486.1	WP_003250486.1	100	165	3.14e-123	341
WP_003250295.1	WP_003250295.1	100	165	3.13e-114	318
WP_371350304.1	WP_373929365.1	99.4	164	1.49e-106	300
WP_049586831.1	WP_049586831.1	100	164	2.04e-114	318
WP_010954548.1	WP_010954548.1	100	164	1.97e-121	336
WP_010953039.1	WP_010953039.1	100	164	2.59e-126	348
WP_010952701.1	WP_010952701.1	100	164	2.91e-123	341
WP_010952283.1	WP_010952283.1	100	164	4.83e-122	338
WP_003250391.1	WP_003250391.1	100	164	4.14e-123	340
WP_049588141.1	WP_049588141.1	100	163	2.13e-120	333
WP_049587597.1	WP_049587597.1	100	163	4.52e-81	234
WP_049587214.1	WP_049587214.1	100	163	8.69e-120	332
WP_049587103.1	WP_049587103.1	100	163	7.65e-105	294
WP_010955170.1	WP_010955170.1	100	163	4.29e-111	310
WP_010953644.1	WP_010953644.1	100	163	3.41e-126	348
WP_010953085.1	WP_010953085.1	100	163	3.03e-120	333
WP_003253304.1	WP_003253304.1	100	163	1.05e-111	311
WP_003250040.1	WP_003250040.1	100	163	8.31e-109	304
WP_003248542.1	WP_003248542.1	100	163	3.82e-114	318
WP_049588370.1	WP_049588370.1	100	162	5.88e-113	315
WP_049588270.1	WP_049588270.1	100	162	8.35e-113	314
WP_049587457.1	WP_049587457.1	100	162	5.88e-113	315
WP_010955754.1	WP_010955754.1	100	162	2.40e-112	313
WP_010955688.1	WP_010955688.1	100	162	1.97e-111	311
WP_010953647.1	WP_010953647.1	100	162	4.31e-115	320
WP_010953355.1	WP_010953355.1	100	162	3.03e-115	320
WP_010953283.1	WP_010953283.1	100	162	3.84e-118	328
WP_010953204.1	WP_010953204.1	100	162	1.69e-112	313
WP_010952902.1	WP_010952902.1	100	162	1.45e-122	339
WP_003255161.1	WP_003255161.1	100	162	1.97e-111	311
WP_003255094.1	WP_003255094.1	100	162	7.74e-118	327
WP_003253520.1	WP_003253520.1	100	162	2.13e-115	321
WP_003247492.1	WP_003247492.1	100	162	1.24e-114	319
WP_003247486.1	WP_003247486.1	100	162	1.55e-108	303
WP_061405684.1	WP_061405684.1	100	161	1.57e-121	336
WP_049587645.1	WP_049587645.1	100	161	1.44e-108	303
WP_049587164.1	WP_049587164.1	100	161	4.45e-103	290
WP_010955660.1	WP_010955660.1	100	161	9.42e-114	317
WP_010955658.1	WP_010955658.1	100	161	1.98e-115	321
WP_010955227.1	WP_010955227.1	100	161	2.06e-126	348
WP_010954879.1	WP_010954879.1	100	161	5.47e-122	337
WP_010954489.1	WP_010954489.1	100	161	3.56e-118	328
WP_010954485.1	WP_010954485.1	100	161	8.39e-117	324
WP_010954049.1	WP_010954049.1	100	161	7.77e-122	337
WP_010953489.1	WP_010953489.1	100	161	3.42e-116	323
WP_010952655.1	WP_010952655.1	100	161	1.19e-107	301
WP_010952152.1	WP_010952152.1	100	161	2.91e-108	303
WP_003254485.1	WP_003254485.1	100	161	1.29e-111	311
WP_003253263.1	WP_003253263.1	100	161	5.45e-113	315
WP_003253002.1	WP_003253002.1	100	161	1.02e-117	327
WP_003251890.1	WP_003251890.1	100	161	2.39e-107	300
WP_003249653.1	WP_003249653.1	100	161	2.41e-116	323
WP_003249206.1	WP_003249206.1	100	161	1.90e-113	316
WP_003248496.1	WP_003248496.1	100	161	4.67e-114	317
WP_003247325.1	WP_003247325.1	100	161	2.70e-113	315
WP_232014084.1	WP_232014084.1	100	160	5.26e-115	320
WP_162490568.1	WP_162490568.1	100	160	2.32e-118	328
WP_049587403.1	WP_049587403.1	100	160	5.92e-121	335
WP_049586451.1	WP_049586451.1	100	160	1.40e-119	331
WP_010955722.1	WP_010955722.1	100	160	1.57e-116	323
WP_010953337.1	WP_010953337.1	100	160	1.63e-109	306
WP_010953168.1	WP_010953168.1	100	160	6.40e-116	322
WP_010953152.1	WP_010953152.1	100	160	5.45e-108	302
WP_010952695.1	WP_010952695.1	100	160	1.39e-110	308
WP_010952255.1	WP_010952255.1	100	160	8.73e-114	317
WP_010951873.1	WP_010951873.1	100	160	9.41e-109	304
WP_010951626.1	WP_010951626.1	100	160	4.12e-47	148
WP_004576370.1	WP_371321092.1	99.3	138	1.47e-98	277
WP_004575870.1	WP_004575870.1	100	160	1.40e-119	331
WP_003252489.1	WP_003252489.1	100	160	8.09e-119	329
WP_003251519.1	WP_003251519.1	100	160	6.65e-118	327
WP_003249914.1	WP_003249914.1	100	160	1.76e-113	316
WP_003248355.1	WP_003248355.1	100	160	2.70e-108	303
WP_003247105.1	WP_003247105.1	100	160	3.05e-114	318
WP_049588524.1	WP_049588524.1	100	159	1.40e-123	341
WP_049586060.1	WP_049586060.1	100	159	4.34e-118	327
WP_012051365.1	WP_012051365.1	100	159	1.57e-111	311
WP_010955394.1	WP_010955394.1	100	159	9.46e-113	314
WP_010955348.1	WP_010955348.1	100	159	3.85e-112	312
WP_010954962.1	WP_010954962.1	100	159	2.82e-114	318
WP_010954471.1	WP_010954471.1	100	159	1.91e-121	336
WP_010954340.1	WP_010954340.1	100	159	1.15e-113	316
WP_010954310.1	WP_010954310.1	100	159	1.24e-117	326
WP_010954276.1	WP_010954276.1	100	159	2.15e-118	328
WP_010953971.1	WP_010953971.1	100	159	1.15e-113	316
WP_010953890.1	WP_010953890.1	100	159	2.06e-107	300
WP_010953884.1	WP_010953884.1	100	159	3.70e-110	307
WP_010953367.1	WP_010953367.1	100	159	9.40e-104	291
WP_010953175.1	WP_010953175.1	100	159	4.01e-114	317
WP_010952662.1	WP_010952662.1	100	159	8.76e-118	327
WP_010952058.1	WP_010952058.1	100	159	9.84e-115	319
WP_010951579.1	WP_010951579.1	100	159	1.57e-111	311
WP_003254393.1	WP_003254393.1	100	159	2.14e-109	305
WP_003251803.1	WP_003251803.1	100	159	1.57e-111	311
WP_003249017.1	WP_003249017.1	100	159	1.15e-122	339
WP_049586064.1	WP_049586064.1	100	158	1.15e-108	303
WP_024717413.1	WP_024717413.1	100	158	4.50e-106	297
WP_020190010.1	WP_020190010.1	100	158	7.81e-116	322
WP_014589713.1	WP_014589713.1	100	158	8.10e-109	304
WP_010955687.1	WP_010955687.1	100	158	1.02e-111	311
WP_010954963.1	WP_010954963.1	100	158	8.10e-109	304
WP_010954945.1	WP_010954945.1	100	158	8.12e-118	327
WP_010953850.1	WP_010953850.1	100	158	5.49e-125	345
WP_010953130.1	WP_010953130.1	100	158	2.82e-109	305
WP_010952653.1	WP_010952653.1	100	158	6.14e-104	291
WP_010952161.1	WP_010952161.1	100	158	4.70e-117	325
WP_003255395.1	WP_003255395.1	100	158	5.25e-105	294
WP_003254376.1	WP_003254376.1	100	158	1.70e-110	308
WP_003251120.1	WP_003251120.1	100	158	2.82e-109	305
WP_003249795.1	WP_003249795.1	100	158	4.01e-109	305
WP_049586314.1	WP_049586314.1	100	157	2.33e-121	335
WP_020191309.1	WP_020191309.1	100	157	2.00e-113	315
WP_010955408.1	WP_010955408.1	100	157	4.03e-113	315
WP_010954764.1	WP_010954764.1	100	157	2.00e-113	315
WP_010954405.1	WP_010954405.1	100	157	1.11e-110	308
WP_010953500.1	WP_010953500.1	100	157	2.73e-41	133
WP_010953456.1	WP_010953456.1	100	157	3.25e-94	267
WP_010952375.1	WP_010952375.1	100	157	8.13e-113	314
WP_010952363.1	WP_010952363.1	100	157	1.64e-112	313
WP_010951991.1	WP_010951991.1	100	157	3.88e-120	332
WP_004575922.1	WP_004575922.1	100	157	2.51e-107	300
WP_003254948.1	WP_003254948.1	100	157	1.64e-112	313
WP_003252342.1	WP_003252342.1	100	157	1.46e-115	321
WP_003249523.1	WP_003249523.1	100	157	8.46e-115	319
WP_003249336.1	WP_003249336.1	100	157	4.03e-113	315
WP_049586835.1	WP_049586835.1	100	156	1.71e-109	305
WP_049586807.1	WP_049586807.1	100	156	8.82e-121	334
WP_049586520.1	WP_049586520.1	100	156	1.63e-98	278
WP_019751835.1	WP_019751835.1	100	156	8.76e-103	288
WP_014591718.1	WP_014591718.1	100	156	1.71e-109	305
WP_010955888.1	WP_010955888.1	100	156	2.03e-62	186
WP_010955714.1	WP_010955714.1	100	156	3.31e-107	300
WP_010955253.1	WP_010955253.1	100	156	6.98e-118	327
WP_010954235.1	WP_010954235.1	100	156	2.72e-106	297
WP_010954194.1	WP_010954194.1	100	156	1.01e-92	263
WP_010953632.1	WP_010953632.1	100	156	7.84e-115	319
WP_010952885.1	WP_010952885.1	100	156	7.81e-106	296
WP_010952696.1	WP_010952696.1	100	156	1.35e-106	298
WP_010952658.1	WP_010952658.1	100	156	6.82e-91	258
WP_010951848.1	WP_010951848.1	100	156	1.46e-110	308
WP_010951817.1	WP_010951817.1	100	156	1.85e-113	315
WP_010951666.1	WP_010951666.1	100	156	9.53e-116	321
WP_010951530.1	WP_010951530.1	100	156	5.52e-115	319
WP_003255887.1	WP_003255887.1	100	156	2.34e-116	323
WP_003254957.1	WP_003254957.1	100	156	1.92e-106	298
WP_003254624.1	WP_003254624.1	100	156	1.41e-108	303
WP_003251775.1	WP_003251775.1	100	156	9.50e-107	298
WP_003251685.1	WP_003251685.1	100	156	1.46e-110	308
WP_003247361.1	WP_003247361.1	100	156	6.69e-107	299
WP_003246741.1	WP_003246741.1	100	156	1.11e-105	296
WP_049588231.1	WP_049588231.1	100	155	2.95e-105	295
WP_049586299.1	WP_049586299.1	100	155	5.98e-114	317
WP_029615633.1	WP_029615633.1	100	155	6.96e-104	291
WP_014589844.1	WP_014589844.1	100	155	1.07e-107	301
WP_010955132.1	WP_010955132.1	100	155	3.07e-107	300
WP_010955106.1	WP_010955106.1	100	155	8.46e-105	293
WP_010952556.1	WP_010952556.1	100	155	1.15e-102	288
WP_010952397.1	WP_010952397.1	100	155	1.26e-115	321
WP_004374446.1	WP_004374446.1	100	155	2.17e-116	323
WP_003249722.1	WP_003249722.1	100	155	2.53e-115	320
WP_003248404.1	WP_003248404.1	100	155	6.46e-109	304
WP_172830944.1	WP_172830944.1	100	154	1.36e-105	295
WP_049587885.1	WP_049587885.1	100	154	3.61e-110	307
WP_010953638.1	WP_010953638.1	100	154	3.59e-101	284
WP_010952706.1	WP_010952706.1	100	154	5.33e-112	311
WP_010952405.1	WP_010952405.1	100	154	2.17e-111	310
WP_010952286.1	WP_010952286.1	100	154	1.36e-105	295
WP_010951876.1	WP_010951876.1	100	154	1.65e-106	298
WP_009684613.1	WP_009684613.1	100	154	1.09e-86	248
WP_004575950.1	WP_004575950.1	100	154	1.79e-110	308
WP_003255449.1	WP_003255449.1	100	154	6.23e-111	309
WP_003255402.1	WP_003255402.1	100	154	2.74e-105	295
WP_003255137.1	WP_003255137.1	100	154	4.73e-106	296
WP_126404339.1	WP_126404339.1	100	153	9.97e-112	311
WP_049587015.1	WP_049587015.1	100	153	1.47e-104	293
WP_049586986.1	WP_049586986.1	100	153	2.01e-111	310
WP_049586545.1	WP_049586545.1	100	153	6.45e-99	278
WP_010954790.1	WP_010954790.1	100	153	1.94e-109	305
WP_010954546.1	WP_010954546.1	100	153	3.62e-114	317
WP_010953957.1	WP_010953957.1	100	153	4.54e-99	279
WP_010953594.1	WP_010953594.1	100	153	3.48e-112	312
WP_010953414.1	WP_010953414.1	100	153	1.66e-110	308
WP_010952473.1	WP_010952473.1	100	153	1.52e-97	275
WP_010952343.1	WP_010952343.1	100	153	2.01e-111	310
WP_010952141.1	WP_010952141.1	100	153	2.86e-111	310
WP_010951941.1	WP_010951941.1	100	153	3.75e-107	299
WP_010951833.1	WP_010951833.1	100	153	1.22e-71	209
WP_010951733.1	WP_010951733.1	100	153	2.44e-103	290
WP_003250360.1	WP_003250360.1	100	153	3.61e-105	294
WP_003249209.1	WP_003249209.1	100	153	1.08e-115	321
WP_079732514.1	WP_079732514.1	100	152	7.91e-113	313
WP_049588045.1	WP_049588045.1	100	152	2.27e-112	312
WP_049587655.1	WP_049587655.1	100	152	1.48e-108	303
WP_049587482.1	WP_049587482.1	100	152	1.37e-113	315
WP_049587364.1	WP_049587364.1	100	152	2.26e-103	290
WP_049586995.1	WP_049586995.1	100	152	1.87e-111	310
WP_049586159.1	WP_049586159.1	100	152	1.04e-108	303
WP_010954934.1	WP_010954934.1	100	152	1.21e-107	300
WP_010954733.1	WP_010954733.1	100	152	1.48e-108	303
WP_010953896.1	WP_010953896.1	100	152	6.75e-105	293
WP_010953560.1	WP_010953560.1	100	152	5.78e-106	296
WP_010952629.1	WP_010952629.1	100	152	2.10e-108	302
WP_010952531.1	WP_010952531.1	100	152	7.91e-113	313
WP_003255360.1	WP_003255360.1	100	152	4.23e-108	301
WP_003249960.1	WP_003249960.1	100	152	1.72e-107	300
WP_051122574.1	WP_051122574.1	100	151	1.66e-109	305
WP_049587991.1	WP_049587991.1	100	151	6.03e-112	311
WP_010955857.1	WP_010955857.1	100	151	1.42e-110	308
WP_010955791.1	WP_010955791.1	100	151	1.37e-108	303
WP_010955428.1	WP_010955428.1	100	151	1.13e-107	300
WP_010954193.1	WP_010954193.1	100	151	5.36e-106	296
WP_010953900.1	WP_010953900.1	100	151	3.23e-116	322
WP_010952890.1	WP_010952890.1	100	151	4.95e-102	286
WP_010952664.1	WP_010952664.1	100	151	3.78e-115	319
WP_010951945.1	WP_010951945.1	100	151	6.03e-112	311
WP_010951906.1	WP_010951906.1	100	151	1.60e-116	323
WP_010951841.1	WP_010951841.1	100	151	3.63e-113	314
WP_010951834.1	WP_010951834.1	100	151	1.32e-106	298
WP_010951632.1	WP_010951632.1	100	151	1.27e-113	315
WP_004575120.1	WP_004575120.1	100	151	9.63e-109	303
WP_003256023.1	WP_003256023.1	100	151	2.76e-108	302
WP_003254379.1	WP_003254379.1	100	151	1.04e-103	290
WP_003251875.1	WP_003251875.1	100	151	2.55e-104	292
WP_003251656.1	WP_003251656.1	100	151	2.55e-104	292
WP_003247276.1	WP_003247276.1	100	151	1.32e-106	298
WP_049587459.1	WP_049587459.1	100	150	4.97e-106	296
WP_049587318.1	WP_049587318.1	100	150	2.03e-105	295
WP_014592810.1	WP_014592810.1	100	150	5.58e-103	288
WP_010955531.1	WP_010955531.1	100	150	7.64e-110	306
WP_010955087.1	WP_010955087.1	100	150	2.27e-102	287
WP_010953056.1	WP_010953056.1	100	150	3.79e-110	306
WP_010951563.1	WP_010951563.1	100	150	3.10e-100	281
WP_003256079.1	WP_003256079.1	100	150	7.93e-103	288
WP_003254764.1	WP_003254764.1	100	150	1.48e-107	300
WP_003254760.1	WP_003254760.1	100	150	9.26e-102	285
WP_003249480.1	WP_003249480.1	100	150	4.60e-111	309
WP_232014167.1	WP_232014167.1	100	149	2.03e-109	305
WP_049587361.1	WP_049587361.1	100	149	3.49e-76	221
WP_014590031.1	WP_014590031.1	100	149	8.27e-118	326
WP_012053750.1	WP_012053750.1	100	149	2.78e-107	299
WP_010955729.1	WP_010955729.1	100	149	4.99e-110	306
WP_010953242.1	WP_010953242.1	100	149	6.55e-115	318
WP_010951909.1	WP_010951909.1	100	149	3.64e-103	289
WP_003250525.1	WP_003250525.1	100	149	2.67e-105	294
WP_003250469.1	WP_003250469.1	100	149	3.51e-110	306
WP_003249580.1	WP_003249580.1	100	149	2.11e-102	287
WP_061405699.1	WP_061405699.1	100	148	5.62e-111	308
WP_029615462.1	WP_029615462.1	100	148	1.49e-106	297
WP_020191400.1	WP_020191400.1	100	148	6.56e-101	283
WP_010954625.1	WP_010954625.1	100	148	8.34e-79	227
WP_010952421.1	WP_010952421.1	100	148	1.81e-107	300
WP_010952399.1	WP_010952399.1	100	148	2.78e-102	286
WP_003253286.1	WP_003253286.1	100	148	4.81e-112	311
WP_003251460.1	WP_003251460.1	100	148	2.04e-113	315
WP_003250009.1	WP_003250009.1	100	148	8.63e-106	295
WP_003249568.1	WP_003249568.1	100	148	6.78e-94	265
WP_049587911.1	WP_049587911.1	100	147	2.89e-99	279
WP_049587424.1	WP_049587424.1	100	147	1.44e-108	302
WP_049586679.1	WP_049586679.1	100	147	8.65e-110	305
WP_020190213.1	WP_020190213.1	100	147	1.14e-105	295
WP_019437397.1	WP_019437397.1	100	147	1.89e-104	292
WP_014589364.1	WP_014589364.1	100	147	2.29e-96	271
WP_010955676.1	WP_010955676.1	100	147	2.30e-105	294
WP_010954885.1	WP_010954885.1	100	147	1.75e-109	305
WP_010954041.1	WP_010954041.1	100	147	1.33e-104	292
WP_010953158.1	WP_010953158.1	100	147	2.63e-70	206
WP_010951791.1	WP_010951791.1	100	147	3.81e-104	291
WP_003254469.1	WP_003254469.1	100	147	2.78e-97	274
WP_232014169.1	WP_232014169.1	100	146	4.83e-102	286
WP_126404328.1	WP_126404328.1	100	146	1.38e-101	285
WP_049587553.1	WP_049587553.1	100	146	1.01e-112	313
WP_010955037.1	WP_010955037.1	100	146	2.89e-94	266
WP_010954816.1	WP_010954816.1	100	146	1.62e-109	305
WP_010954160.1	WP_010954160.1	100	146	1.44e-103	290
WP_010953124.1	WP_010953124.1	100	146	3.02e-105	294
WP_010951629.1	WP_010951629.1	100	146	9.36e-100	280
WP_010951625.1	WP_010951625.1	100	146	1.68e-102	287
WP_004374903.1	WP_004374903.1	100	146	2.89e-94	266
WP_003252314.1	WP_003252314.1	100	146	6.35e-107	298
WP_049588519.1	WP_049588519.1	100	145	1.62e-113	315
WP_049587866.1	WP_049587866.1	100	145	1.75e-99	279
WP_049586805.1	WP_049586805.1	100	145	6.88e-106	295
WP_049586722.1	WP_049586722.1	100	145	8.69e-100	280
WP_010955603.1	WP_010955603.1	100	145	4.66e-104	291
WP_010955198.1	WP_010955198.1	100	145	5.23e-101	283
WP_010953903.1	WP_010953903.1	100	145	5.66e-105	293
WP_010953764.1	WP_010953764.1	100	145	1.68e-97	274
WP_010953281.1	WP_010953281.1	100	145	1.14e-95	270
WP_010953185.1	WP_010953185.1	100	145	1.28e-101	285
WP_010952766.1	WP_010952766.1	100	145	1.56e-102	287
WP_010952708.1	WP_010952708.1	100	145	5.89e-107	298
WP_010952632.1	WP_010952632.1	100	145	2.59e-101	284
WP_010952432.1	WP_010952432.1	100	145	3.03e-100	281
WP_010951921.1	WP_010951921.1	100	145	1.44e-98	277
WP_010951871.1	WP_010951871.1	100	145	9.40e-104	290
WP_010951586.1	WP_010951586.1	100	145	1.50e-100	282
WP_003254357.1	WP_003254357.1	100	145	8.69e-100	280
WP_003250527.1	WP_003250527.1	100	145	3.98e-105	293
WP_003249262.1	WP_003249262.1	100	145	1.23e-99	280
WP_003248762.1	WP_003248762.1	100	145	2.80e-105	294
WP_060489058.1	WP_060489058.1	100	144	7.46e-105	293
WP_049587864.1	WP_049587864.1	100	144	8.72e-104	290
WP_049587855.1	WP_049587855.1	100	144	1.24e-103	290
WP_010955641.1	WP_010955641.1	100	144	1.10e-97	275
WP_010955616.1	WP_010955616.1	100	144	3.84e-107	298
WP_010955081.1	WP_010955081.1	100	144	3.08e-79	228
WP_010954953.1	WP_010954953.1	100	144	1.98e-100	281
WP_010952926.1	WP_010952926.1	100	144	1.50e-95	269
WP_003255461.1	WP_003255461.1	100	144	7.44e-96	270
WP_003254997.1	WP_003254997.1	100	144	3.55e-103	288
WP_003249916.1	WP_003249916.1	100	144	9.07e-106	295
WP_003247186.1	WP_003247186.1	100	144	2.22e-106	296
WP_164721822.1	WP_164721822.1	100	143	1.34e-102	287
WP_049588119.1	WP_049588119.1	100	143	1.63e-94	266
WP_010955444.1	WP_010955444.1	100	143	1.06e-108	302
WP_010954873.1	WP_010954873.1	100	143	2.71e-102	286
WP_010954313.1	WP_010954313.1	100	143	9.81e-96	270
WP_010953107.1	WP_010953107.1	100	143	3.70e-100	281
WP_010952225.1	WP_010952225.1	100	143	2.41e-105	294
WP_003255500.1	WP_003255500.1	100	143	1.98e-95	269
WP_003251830.1	WP_003251830.1	100	143	6.63e-94	265
WP_061405710.1	WP_061405710.1	100	142	1.77e-102	286
WP_049587773.1	WP_049587773.1	100	142	3.30e-98	276
WP_049587108.1	WP_049587108.1	100	142	4.88e-100	280
WP_010955290.1	WP_010955290.1	100	142	1.99e-99	279
WP_010953879.1	WP_010953879.1	100	142	6.17e-103	288
WP_010953227.1	WP_010953227.1	100	142	4.88e-100	280
WP_010953186.1	WP_010953186.1	100	142	9.12e-105	292
WP_010952889.1	WP_010952889.1	100	142	2.94e-101	283
WP_010952168.1	WP_010952168.1	100	142	6.17e-103	288
WP_003253367.1	WP_003253367.1	100	142	1.15e-98	277
WP_003251819.1	WP_003251819.1	100	142	8.77e-103	287
WP_003251237.1	WP_003251237.1	100	142	5.93e-101	283
WP_003247665.1	WP_003247665.1	100	142	1.40e-99	279
WP_126404349.1	WP_126404349.1	100	141	2.24e-100	281
WP_049588238.1	WP_049588238.1	100	141	2.33e-102	286
WP_014589472.1	WP_014589472.1	100	141	7.52e-99	277
WP_012052184.1	WP_012052184.1	100	141	7.82e-101	282
WP_010955681.1	WP_010955681.1	100	141	1.11e-100	282
WP_010955563.1	WP_010955563.1	100	141	2.00e-103	289
WP_010955229.1	WP_010955229.1	100	141	2.62e-108	301
WP_010954172.1	WP_010954172.1	100	141	1.92e-101	284
WP_010953574.1	WP_010953574.1	100	141	1.77e-97	274
WP_010953397.1	WP_010953397.1	100	141	5.94e-96	270
WP_010951764.1	WP_010951764.1	100	141	1.16e-102	287
WP_003253070.1	WP_003253070.1	100	141	3.58e-97	273
WP_003249557.1	WP_003249557.1	100	111	4.10e-78	225
WP_003248526.1	WP_003248526.1	100	141	3.30e-93	263
WP_126404397.1	WP_126404397.1	100	140	1.78e-101	284
WP_049588493.1	WP_049588493.1	100	140	3.59e-101	283
WP_010954389.1	WP_010954389.1	100	140	6.70e-97	272
WP_010954380.1	WP_010954380.1	100	140	1.35e-96	271
WP_010952638.1	WP_010952638.1	100	140	2.53e-101	283
WP_004376171.1	WP_004376171.1	100	140	3.32e-97	273
WP_003254001.1	WP_003254001.1	100	140	8.15e-107	297
WP_049587386.1	WP_049587386.1	100	139	5.53e-100	280
WP_049587229.1	WP_049587229.1	100	139	2.83e-84	240
WP_014592516.1	WP_014592516.1	100	139	3.08e-97	273
WP_010955886.1	WP_010955886.1	100	139	4.04e-93	263
WP_010955634.1	WP_010955634.1	100	139	1.53e-106	296
WP_010955571.1	WP_010955571.1	100	139	8.49e-95	267
WP_010955303.1	WP_010955303.1	100	139	9.54e-92	259
WP_010955018.1	WP_010955018.1	100	139	4.04e-93	263
WP_010953837.1	WP_010953837.1	100	139	6.73e-101	282
WP_010952360.1	WP_010952360.1	100	139	5.53e-100	280
WP_010951805.1	WP_010951805.1	100	139	2.85e-93	263
WP_010951446.1	WP_010951446.1	100	139	1.86e-98	276
WP_009685825.1	WP_009685825.1	100	139	8.84e-97	272
WP_003252372.1	WP_003252372.1	100	139	2.00e-93	263
WP_003250810.1	WP_003250810.1	100	139	1.72e-103	289
WP_061405685.1	WP_061405685.1	100	138	3.76e-102	285
WP_049588079.1	WP_049588079.1	100	138	1.66e-96	271
WP_049587883.1	WP_049587883.1	100	138	8.53e-99	277
WP_014590706.1	WP_014590706.1	100	138	4.22e-99	278
WP_010955189.1	WP_010955189.1	100	138	1.03e-65	193
WP_010954772.1	WP_010954772.1	100	138	2.09e-108	301
WP_010954217.1	WP_010954217.1	100	138	3.34e-96	270
WP_003254373.1	WP_003254373.1	100	138	4.39e-101	283
WP_232014082.1	WP_232014082.1	100	137	1.04e-94	266
WP_049587557.1	WP_049587557.1	100	137	5.34e-106	295
WP_049586170.1	WP_049586170.1	100	137	3.62e-104	290
WP_010955605.1	WP_010955605.1	100	137	7.03e-93	262
WP_010955354.1	WP_010955354.1	100	137	4.95e-102	285
WP_010954723.1	WP_010954723.1	100	137	2.87e-101	283
WP_010954664.1	WP_010954664.1	100	137	9.99e-93	261
WP_010954206.1	WP_010954206.1	100	137	7.59e-106	295
WP_010953846.1	WP_010953846.1	100	137	7.03e-93	262
WP_010953445.1	WP_010953445.1	100	137	9.59e-109	302
WP_010952704.1	WP_010952704.1	100	137	5.35e-97	272
WP_010952235.1	WP_010952235.1	100	137	9.99e-93	261
WP_010952188.1	WP_010952188.1	100	137	1.31e-97	274
WP_010951496.1	WP_010951496.1	100	137	2.55e-104	291
WP_010951495.1	WP_010951495.1	100	137	7.03e-102	285
WP_003255479.1	WP_003255479.1	100	137	5.78e-92	259
WP_003252223.1	WP_003252223.1	100	137	1.48e-69	203
WP_003251427.1	WP_003251427.1	100	137	6.26e-96	270
WP_003247970.1	WP_003247970.1	100	137	5.15e-95	267
WP_049587546.1	WP_049587546.1	100	136	9.93e-56	168
WP_010955103.1	WP_010955103.1	100	136	7.93e-94	264
WP_010954867.1	WP_010954867.1	100	136	1.22e-97	274
WP_010953542.1	WP_010953542.1	100	136	3.50e-97	273
WP_010952919.1	WP_010952919.1	100	136	6.28e-100	280
WP_010951907.1	WP_010951907.1	100	136	6.78e-104	290
WP_010951892.1	WP_010951892.1	100	136	7.32e-90	254
WP_004576995.1	WP_004576995.1	100	136	5.16e-99	277
WP_003253652.1	WP_003253652.1	100	136	2.02e-96	271
WP_003252266.1	WP_003252266.1	100	136	3.93e-94	265
WP_332042918.1	WP_332042918.1	100	135	4.98e-92	259
WP_010955890.1	WP_010955890.1	100	135	3.65e-94	265
WP_010955839.1	WP_010955839.1	100	135	2.37e-99	278
WP_010954215.1	WP_010954215.1	100	135	3.94e-98	275
WP_010952562.1	WP_010952562.1	100	135	2.57e-94	265
WP_010951459.1	WP_010951459.1	100	135	1.27e-103	289
WP_004577113.1	WP_004577113.1	100	135	6.53e-106	295
WP_049587000.1	WP_049587000.1	100	134	1.61e-92	261
WP_049586516.1	WP_049586516.1	100	134	1.49e-97	273
WP_033723760.1	WP_033723760.1	100	134	2.48e-96	270
WP_017148090.1	WP_017148090.1	100	134	3.34e-76	219
WP_014592116.1	WP_014592116.1	100	134	1.23e-96	271
WP_010953730.1	WP_010953730.1	100	134	5.19e-89	252
WP_010952736.1	WP_010952736.1	100	134	1.13e-92	261
WP_003253671.1	WP_003253671.1	100	134	4.27e-88	249
WP_003253166.1	WP_003253166.1	100	134	3.38e-94	265
WP_003250099.1	WP_003250099.1	100	134	6.83e-94	264
WP_003249922.1	WP_003249922.1	100	134	1.61e-92	261
WP_003249225.1	WP_003249225.1	100	134	2.29e-101	283
WP_153428583.1	WP_153428583.1	100	133	4.12e-90	254
WP_049588409.1	WP_049588409.1	100	133	6.57e-105	292
WP_049587734.1	WP_049587734.1	100	133	1.62e-96	271
WP_049586753.1	WP_049586753.1	100	133	9.73e-98	274
WP_012051310.1	WP_012051310.1	100	133	1.33e-104	291
WP_010955560.1	WP_010955560.1	100	133	7.70e-95	266
WP_010954639.1	WP_010954639.1	100	133	2.12e-83	238
WP_010954337.1	WP_010954337.1	100	133	1.23e-91	258
WP_003255812.1	WP_003255812.1	100	133	7.41e-93	261
WP_003254235.1	WP_003254235.1	100	133	8.32e-99	276
WP_003249362.1	WP_003249362.1	100	133	1.09e-94	266
WP_061405669.1	WP_061405669.1	100	132	8.26e-76	218
WP_020193781.1	WP_020193781.1	100	132	9.35e-82	233
WP_010954581.1	WP_010954581.1	100	132	8.67e-87	246
WP_010954149.1	WP_010954149.1	100	132	1.75e-95	268
WP_010953899.1	WP_010953899.1	100	132	1.56e-98	276
WP_010952886.1	WP_010952886.1	100	132	1.69e-93	263
WP_010952100.1	WP_010952100.1	100	132	2.13e-96	270
WP_003253317.1	WP_003253317.1	100	132	3.83e-90	254
WP_003252249.1	WP_003252249.1	100	132	9.76e-93	261
WP_003250646.1	WP_003250646.1	100	132	3.15e-89	252
WP_003249967.1	WP_003249967.1	100	132	6.35e-89	251
WP_003247847.1	WP_003247847.1	100	132	4.30e-87	247
WP_014590069.1	WP_014590069.1	100	131	1.14e-95	268
WP_010955062.1	WP_010955062.1	100	131	9.79e-88	248
WP_010952901.1	WP_010952901.1	100	131	3.27e-104	290
WP_003254447.1	WP_003254447.1	100	131	2.06e-89	253
WP_061405700.1	WP_061405700.1	100	130	1.24e-94	266
WP_049587373.1	WP_049587373.1	100	130	2.51e-94	265
WP_049586826.1	WP_049586826.1	100	130	1.10e-97	273
WP_049586816.1	WP_049586816.1	100	130	5.92e-93	261
WP_010955541.1	WP_010955541.1	100	130	5.67e-82	234
WP_010954752.1	WP_010954752.1	100	130	7.95e-28	97.1
WP_010954742.1	WP_010954742.1	100	130	1.02e-102	286
WP_010953160.1	WP_010953160.1	100	130	5.26e-96	269
WP_010952489.1	WP_010952489.1	100	130	1.06e-95	268
WP_003255471.1	WP_003255471.1	100	130	3.70e-87	247
WP_003253259.1	WP_003253259.1	100	130	1.24e-94	266
WP_003251821.1	WP_003251821.1	100	130	2.61e-87	247
WP_003251188.1	WP_003251188.1	100	130	1.70e-92	260
WP_003249284.1	WP_003249284.1	100	130	3.29e-99	277
WP_126404334.1	WP_126404334.1	100	129	1.06e-81	233
WP_049587845.1	WP_049587845.1	100	129	5.49e-93	261
WP_049587839.1	WP_049587839.1	100	129	1.84e-91	258
WP_049587628.1	WP_049587628.1	100	129	3.18e-92	259
WP_049586379.1	WP_049586379.1	100	129	1.64e-94	265
WP_010955443.1	WP_010955443.1	100	129	2.83e-95	267
WP_010954884.1	WP_010954884.1	100	129	1.77e-89	253
WP_010951905.1	WP_010951905.1	100	129	4.88e-96	269
WP_010951877.1	WP_010951877.1	100	129	7.50e-91	256
WP_003256073.1	WP_003256073.1	100	129	3.72e-91	257
WP_003255454.1	WP_003255454.1	100	129	1.84e-91	258
WP_232014129.1	WP_232014129.1	100	128	5.96e-92	259
WP_031297681.1	WP_031297681.1	100	128	1.35e-79	228
WP_020190465.1	WP_020190465.1	100	128	2.34e-89	252
WP_014861457.1	WP_014861457.1	100	128	1.64e-89	253
WP_010955544.1	WP_010955544.1	100	128	1.78e-84	240
WP_010955288.1	WP_010955288.1	100	128	3.58e-84	239
WP_010954886.1	WP_010954886.1	100	128	4.70e-98	274
WP_010954688.1	WP_010954688.1	100	128	1.71e-91	258
WP_010953854.1	WP_010953854.1	100	128	2.34e-89	252
WP_010953668.1	WP_010953668.1	100	128	5.95e-83	236
WP_010953073.1	WP_010953073.1	100	128	3.19e-96	270
WP_010953050.1	WP_010953050.1	100	128	1.41e-90	255
WP_010952628.1	WP_010952628.1	100	128	2.34e-89	252
WP_010952229.1	WP_010952229.1	100	128	2.25e-87	247
WP_010952115.1	WP_010952115.1	100	128	1.25e-93	263
WP_010951859.1	WP_010951859.1	100	128	2.73e-88	249
WP_008091902.1	WP_008091902.1	100	128	3.07e-85	242
WP_003255451.1	WP_003255451.1	100	128	5.30e-86	244
WP_003251914.1	WP_003251914.1	100	128	9.90e-91	256
WP_003250815.1	WP_003250815.1	100	128	8.80e-94	263
WP_003248539.1	WP_003248539.1	100	128	3.45e-91	257
WP_049587761.1	WP_049587761.1	100	127	9.93e-86	243
WP_049587408.1	WP_049587408.1	100	127	2.44e-86	244
WP_049587034.1	WP_049587034.1	100	127	8.16e-94	263
WP_010955718.1	WP_010955718.1	100	127	1.47e-87	248
WP_010954740.1	WP_010954740.1	100	127	4.04e-94	264
WP_010954737.1	WP_010954737.1	100	127	2.62e-99	277
WP_010954247.1	WP_010954247.1	100	127	2.74e-92	259
WP_010952646.1	WP_010952646.1	100	127	1.07e-89	253
WP_010952620.1	WP_010952620.1	100	127	4.04e-94	264
WP_010952175.1	WP_010952175.1	100	127	7.56e-90	253
WP_010951620.1	WP_010951620.1	100	127	2.53e-88	249
WP_003253954.1	WP_003253954.1	100	127	1.26e-88	250
WP_003248590.1	WP_003248590.1	100	127	3.87e-101	282
WP_049587928.1	WP_049587928.1	100	126	3.47e-90	254
WP_049587423.1	WP_049587423.1	100	126	3.61e-92	259
WP_010955845.1	WP_010955845.1	100	126	2.44e-90	254
WP_010954186.1	WP_010954186.1	100	126	1.47e-57	172
WP_010953799.1	WP_010953799.1	100	126	4.75e-88	249
WP_010953211.1	WP_010953211.1	100	126	1.42e-89	253
WP_010952880.1	WP_010952880.1	100	126	2.35e-88	249
WP_009684531.1	WP_009684531.1	100	126	1.31e-85	243
WP_004577524.1	WP_004577524.1	100	126	2.75e-87	247
WP_003255559.1	WP_003255559.1	100	126	2.01e-89	252
WP_003254641.1	WP_003254641.1	100	126	1.42e-89	253
WP_020193613.1	WP_020193613.1	100	125	7.91e-91	256
WP_020192194.1	WP_020192194.1	100	125	2.86e-93	262
WP_010955576.1	WP_010955576.1	100	110	6.46e-72	208
WP_010955565.1	WP_010955565.1	100	125	9.25e-90	253
WP_010954907.1	WP_010954907.1	100	125	4.24e-86	244
WP_010954367.1	WP_010954367.1	100	125	2.54e-96	270
WP_010953223.1	WP_010953223.1	100	125	4.95e-85	241
WP_010952612.1	WP_010952612.1	100	125	2.54e-96	270
WP_010952478.1	WP_010952478.1	100	125	2.45e-85	242
WP_003256176.1	WP_003256176.1	100	125	2.10e-86	244
WP_126404391.1	WP_126404391.1	100	124	4.42e-83	236
WP_049587455.1	WP_049587455.1	100	124	1.42e-79	227
WP_010955807.1	WP_010955807.1	100	124	5.81e-88	248
WP_010955070.1	WP_010955070.1	100	124	1.37e-86	245
WP_010954933.1	WP_010954933.1	100	124	7.64e-84	238
WP_010954700.1	WP_010954700.1	100	124	1.04e-90	255
WP_010953802.1	WP_010953802.1	100	124	1.95e-86	244
WP_010953103.1	WP_010953103.1	100	124	6.04e-81	231
WP_010952129.1	WP_010952129.1	100	124	1.95e-86	244
WP_003251205.1	WP_003251205.1	100	124	2.77e-86	244
WP_003247965.1	WP_003247965.1	100	124	5.59e-86	243
WP_020190123.1	WP_020190123.1	100	123	1.08e-96	270
WP_020190054.1	WP_020190054.1	100	123	7.96e-90	253
WP_010955645.1	WP_010955645.1	100	123	1.74e-84	239
WP_010954668.1	WP_010954668.1	100	123	1.38e-81	232
WP_010954192.1	WP_010954192.1	100	123	8.62e-85	240
WP_010953475.1	WP_010953475.1	100	123	8.96e-87	245
WP_010952857.1	WP_010952857.1	100	123	4.44e-87	246
WP_003255492.1	WP_003255492.1	100	123	8.96e-87	245
WP_003255318.1	WP_003255318.1	100	123	1.95e-90	254
WP_003254676.1	WP_003254676.1	100	123	1.13e-89	253
WP_003254071.1	WP_003254071.1	100	123	2.89e-83	236
WP_003253236.1	WP_003253236.1	100	123	8.59e-94	263
WP_049588499.1	WP_049588499.1	100	122	2.68e-83	236
WP_049588478.1	WP_049588478.1	100	122	2.58e-90	254
WP_010955756.1	WP_010955756.1	100	122	1.38e-85	242
WP_010953909.1	WP_010953909.1	100	122	3.01e-89	251
WP_010953277.1	WP_010953277.1	100	122	3.52e-88	249
WP_010953198.1	WP_010953198.1	100	122	5.11e-63	185
WP_010952656.1	WP_010952656.1	100	122	1.49e-89	252
WP_010952645.1	WP_010952645.1	100	122	1.81e-90	254
WP_010951773.1	WP_010951773.1	100	122	2.38e-77	221
WP_003254214.1	WP_003254214.1	100	122	6.08e-89	251
WP_003253399.1	WP_003253399.1	100	122	2.68e-83	236
WP_003252539.1	WP_003252539.1	100	122	3.26e-84	239
WP_002555479.1	WP_002555479.1	100	122	6.58e-84	238
WP_014592050.1	WP_014592050.1	100	121	1.02e-82	235
WP_014591145.1	WP_014591145.1	100	121	1.14e-79	227
WP_010955201.1	WP_010955201.1	100	121	5.43e-87	246
WP_010954529.1	WP_010954529.1	100	121	1.69e-81	232
WP_010952700.1	WP_010952700.1	100	121	6.61e-79	225
WP_010952167.1	WP_010952167.1	100	121	6.61e-79	225
WP_003255496.1	WP_003255496.1	100	121	3.65e-67	196
WP_003250107.1	WP_003250107.1	100	121	2.05e-82	234
WP_003249327.1	WP_003249327.1	100	121	2.59e-85	241
WP_049586734.1	WP_049586734.1	100	120	3.04e-79	226
WP_029615590.1	WP_029615590.1	100	120	1.15e-83	237
WP_020192890.1	WP_020192890.1	100	120	1.68e-67	196
WP_010954908.1	WP_010954908.1	100	120	6.89e-76	218
WP_010954784.1	WP_232014126.1	100	103	1.56e-73	211
WP_010953938.1	WP_010953938.1	100	120	1.50e-88	249
WP_010953865.1	WP_010953865.1	100	120	1.39e-84	239
WP_010952757.1	WP_010952757.1	100	120	3.42e-85	241
WP_003251220.1	WP_003251220.1	100	120	1.45e-86	244
WP_232014075.1	WP_232014075.1	100	119	3.85e-86	243
WP_049586353.1	WP_049586353.1	100	119	4.51e-76	218
WP_047605158.1	WP_047605158.1	100	119	2.23e-85	241
WP_012053641.1	WP_012053641.1	100	119	2.50e-91	256
WP_010955862.1	WP_010955862.1	100	119	2.48e-64	188
WP_010955786.1	WP_010955786.1	100	119	5.91e-90	253
WP_010954878.1	WP_009687920.1	99.2	119	1.63e-87	247
WP_010954803.1	WP_010954803.1	100	119	1.40e-79	227
WP_010954596.1	WP_010954596.1	100	119	2.82e-79	226
WP_010954545.1	WP_010954545.1	100	119	7.78e-86	243
WP_010954368.1	WP_010954368.1	100	119	4.00e-88	248
WP_010954006.1	WP_010954006.1	100	119	3.42e-89	251
WP_010953913.1	WP_010953913.1	100	119	4.51e-85	241
WP_010953870.1	WP_010953870.1	100	119	5.07e-82	233
WP_010951431.1	WP_010951431.1	100	119	2.22e-67	196
WP_009687920.1	WP_009687920.1	100	119	2.82e-88	249
WP_003253997.1	WP_003253997.1	100	119	5.91e-90	253
WP_003250915.1	WP_003250915.1	100	119	2.15e-83	236
WP_049586833.1	WP_049586833.1	100	118	1.46e-85	242
WP_010953701.1	WP_010953701.1	100	118	3.44e-75	216
WP_010953267.1	WP_010953267.1	100	118	1.92e-81	231
WP_010951896.1	WP_010951896.1	100	118	1.51e-87	247
WP_004576188.1	WP_004576188.1	100	118	3.44e-84	238
WP_003255457.1	WP_003255457.1	100	118	2.73e-81	231
WP_003254532.1	WP_003254532.1	100	118	1.30e-88	249
WP_003251273.1	WP_003251273.1	100	118	1.51e-87	247
WP_003250681.1	WP_003250681.1	100	118	6.69e-82	233
WP_003250671.1	WP_003250671.1	100	118	1.64e-73	211
WP_003250327.1	WP_003250327.1	100	118	1.19e-93	262
WP_003247495.1	WP_003247495.1	100	118	4.69e-91	256
WP_020192899.1	WP_020192899.1	100	117	1.78e-81	231
WP_020190994.1	WP_020190994.1	100	117	1.78e-81	231
WP_010955143.1	WP_010955143.1	100	117	4.92e-79	225
WP_010954956.1	WP_010954956.1	100	117	2.08e-71	206
WP_010954660.1	WP_010954660.1	100	117	5.11e-81	230
WP_010954599.1	WP_010954599.1	100	117	3.04e-48	147
WP_010952705.1	WP_010952705.1	100	117	1.78e-81	231
WP_010952470.1	WP_010952470.1	100	117	7.84e-85	240
WP_003254328.1	WP_003254328.1	100	117	4.54e-84	238
WP_003253518.1	WP_003253518.1	100	117	7.23e-90	253
WP_012051882.1	WP_012051882.1	100	116	4.75e-81	230
WP_011953105.1	WP_011953105.1	100	116	4.39e-77	220
WP_010954734.1	WP_010954734.1	100	116	7.89e-80	227
WP_010954593.1	WP_010954593.1	100	116	2.26e-79	226
WP_010952378.1	WP_010952378.1	100	116	6.24e-77	220
WP_003255511.1	WP_003255511.1	100	116	1.72e-83	236
WP_003255467.1	WP_003255467.1	100	116	1.72e-74	214
WP_003252148.1	WP_003252148.1	100	116	1.26e-76	219
WP_003249976.1	WP_003249976.1	100	116	2.86e-73	211
WP_003247774.1	WP_003247774.1	100	116	9.18e-88	247
WP_049587942.1	WP_049587942.1	100	115	3.22e-83	236
WP_049587910.1	WP_049587910.1	100	115	8.85e-90	252
WP_014859120.1	WP_014859120.1	100	115	1.42e-77	221
WP_014592331.1	WP_014592331.1	100	115	1.31e-82	234
WP_010954909.1	WP_010954909.1	100	115	5.56e-84	238
WP_010953945.1	WP_010953945.1	100	115	4.77e-76	218
WP_010953939.1	WP_010953939.1	100	115	3.10e-81	231
WP_010953634.1	WP_010953634.1	100	115	1.36e-84	239
WP_010952011.1	WP_010952011.1	100	115	3.49e-78	223
WP_004577674.1	WP_004577674.1	100	115	7.05e-78	222
WP_003252272.1	WP_003252272.1	100	115	4.76e-85	240
WP_003251499.1	WP_003251499.1	100	115	1.48e-79	226
WP_049587614.1	WP_049587614.1	100	114	2.11e-74	213
WP_021785939.1	WP_021785939.1	100	114	4.79e-80	228
WP_010955342.1	WP_010955342.1	100	114	1.60e-87	246
WP_010955228.1	WP_010955228.1	100	114	6.80e-80	227
WP_010955096.1	WP_010955096.1	100	114	1.17e-71	206
WP_010951798.1	WP_010951798.1	100	114	2.28e-78	223
WP_003251579.1	WP_003251579.1	100	114	1.42e-90	254
WP_003250128.1	WP_003250128.1	100	114	3.12e-76	218
WP_003248695.1	WP_003248695.1	100	114	1.17e-71	206
WP_079732548.1	WP_079732548.1	100	113	1.32e-81	231
WP_049587764.1	WP_049587764.1	100	113	5.40e-81	230
WP_049586473.1	WP_049586473.1	100	113	8.97e-80	227
WP_014592347.1	WP_014592347.1	100	113	3.01e-78	223
WP_010955868.1	WP_010955868.1	100	113	6.84e-75	214
WP_010952654.1	WP_010952654.1	100	113	3.80e-81	230
WP_010952642.1	WP_010952642.1	100	113	1.95e-83	236
WP_010952084.1	WP_010952084.1	100	113	3.37e-84	238
WP_010951939.1	WP_010951939.1	100	113	9.32e-82	232
WP_003255921.1	WP_003255921.1	100	113	5.85e-76	217
WP_003249613.1	WP_003249613.1	100	113	6.81e-84	237
WP_003248531.1	WP_003248531.1	100	113	4.10e-85	240
WP_079732563.1	WP_079732563.1	100	112	4.11e-62	182
WP_020191710.1	WP_020191710.1	100	112	5.86e-80	227
WP_012051955.1	WP_012051955.1	100	112	2.80e-78	223
WP_010955060.1	WP_010955060.1	100	112	4.83e-79	225
WP_010955051.1	WP_010955051.1	100	112	2.90e-80	228
WP_010951936.1	WP_010951936.1	100	112	1.81e-83	236
WP_004577645.1	WP_004577645.1	100	112	2.59e-74	213
WP_004574290.1	WP_004574290.1	100	112	3.27e-77	220
WP_003255518.1	WP_003255518.1	100	112	2.58e-83	236
WP_002555808.1	WP_002555808.1	100	112	2.69e-76	218
WP_371920080.1	WP_371920080.1	100	111	7.13e-85	239
WP_010955145.1	WP_010955145.1	100	111	7.74e-80	227
WP_010954804.1	WP_010954804.1	100	111	1.34e-80	229
WP_010952251.1	WP_010952251.1	100	111	7.45e-78	222
WP_010952237.1	WP_010952237.1	100	111	1.63e-72	208
WP_010951682.1	WP_010951682.1	100	111	2.05e-84	238
WP_004575513.1	WP_004575513.1	100	111	4.66e-81	230
WP_003254716.1	WP_003254716.1	100	111	1.10e-79	226
WP_003254305.1	WP_003254305.1	100	111	3.84e-71	205
WP_003249283.1	WP_003249283.1	100	111	2.50e-76	218
WP_003248556.1	WP_003248556.1	100	111	7.17e-76	217
WP_061405621.1	WP_061405621.1	100	110	7.19e-80	227
WP_049586359.1	WP_049586359.1	100	110	1.19e-78	224
WP_020189868.1	WP_020189868.1	100	110	5.45e-84	237
WP_010955856.1	WP_010955856.1	100	110	1.34e-75	216
WP_010952871.1	WP_010952871.1	100	110	1.45e-79	226
WP_010952572.1	WP_010952572.1	100	110	3.86e-75	215
WP_010951742.1	WP_010951742.1	100	110	1.70e-78	223
WP_004577390.1	WP_004577390.1	100	110	9.85e-69	199
WP_004575827.1	WP_004575827.1	100	110	4.87e-78	222
WP_003254438.1	WP_003254438.1	100	110	7.21e-71	204
WP_003253895.1	WP_003253895.1	100	110	8.09e-77	219
WP_003250034.1	WP_003250034.1	100	110	9.83e-78	221
WP_003248599.1	WP_003248599.1	100	110	3.57e-71	205
WP_003103908.1	WP_003103908.1	100	110	6.93e-69	199
WP_232014127.1	WP_232014127.1	100	109	2.73e-70	202
WP_061405633.1	WP_061405633.1	100	109	1.40e-81	231
WP_049588097.1	WP_049588097.1	100	109	1.46e-74	213
WP_049587282.1	WP_049587282.1	100	109	1.11e-69	201
WP_020189844.1	WP_020189844.1	100	109	4.70e-80	227
WP_010953431.1	WP_010953431.1	100	109	1.19e-27	95.1
WP_010953102.1	WP_010953102.1	100	109	1.71e-73	211
WP_010952305.1	WP_010952305.1	100	109	2.95e-65	190
WP_004576614.1	WP_004576614.1	100	109	1.35e-79	226
WP_003253660.1	WP_003253660.1	100	109	4.52e-78	222
WP_003253643.1	WP_003253643.1	100	109	9.37e-53	158
WP_019751834.1	WP_019751834.1	100	108	2.43e-77	220
WP_014859917.1	WP_014859917.1	100	108	2.26e-73	210
WP_010955273.1	WP_010955273.1	100	108	5.32e-72	207
WP_010954779.1	WP_010954779.1	100	108	1.16e-57	171
WP_010953952.1	WP_010953952.1	100	108	2.34e-75	215
WP_010952593.1	WP_010952593.1	100	108	2.43e-77	220
WP_010951440.1	WP_010951440.1	100	108	1.16e-75	216
WP_003254499.1	WP_003254499.1	100	108	2.97e-69	200
WP_003249769.1	WP_003249769.1	100	108	4.73e-75	214
WP_003249095.1	WP_003249095.1	100	108	7.57e-72	206
WP_049586565.1	WP_049586565.1	100	107	7.30e-74	211
WP_014589231.1	WP_014589231.1	100	107	5.35e-67	194
WP_010955126.1	WP_010955126.1	100	107	4.92e-81	229
WP_010954741.1	WP_010954741.1	100	107	2.26e-77	220
WP_010954710.1	WP_010954710.1	100	107	8.87e-75	214
WP_010954516.1	WP_010954516.1	100	107	9.22e-77	219
WP_010953705.1	WP_010953705.1	100	107	2.87e-71	205
WP_010952660.1	WP_010952660.1	100	107	1.66e-70	203
WP_010952643.1	WP_010952643.1	100	107	9.22e-77	219
WP_010951645.1	WP_010951645.1	100	107	2.55e-74	213
WP_010951457.1	WP_010951457.1	100	107	3.09e-75	215
WP_004375838.1	WP_004375838.1	100	107	4.05e-80	227
WP_003253432.1	WP_003253432.1	100	107	8.54e-73	209
WP_003252355.1	WP_003252355.1	100	107	1.47e-82	233
WP_003248536.1	WP_003248536.1	100	107	1.86e-76	218
WP_061405590.1	WP_061405590.1	100	106	1.87e-71	205
WP_049587634.1	WP_049587634.1	100	106	2.11e-68	197
WP_024088022.1	WP_024088022.1	100	106	2.87e-75	215
WP_010955726.1	WP_010955726.1	100	106	1.32e-71	206
WP_010955144.1	WP_010955144.1	100	106	1.17e-74	213
WP_010954781.1	WP_010954361.1	99.1	106	1.13e-72	208
WP_010954714.1	WP_010954714.1	100	106	1.53e-79	226
WP_010954709.1	WP_010954709.1	100	106	8.49e-86	241
WP_010954629.1	WP_010954629.1	100	106	1.22e-76	218
WP_010954361.1	WP_010954361.1	100	106	6.79e-74	211
WP_010953778.1	WP_010953778.1	100	106	6.05e-68	196
WP_010952640.1	WP_010952640.1	100	106	2.98e-77	220
WP_004577080.1	WP_004577080.1	100	106	1.80e-69	200
WP_003252932.1	WP_003252932.1	100	106	1.37e-64	188
WP_003250862.1	WP_003250862.1	100	106	1.66e-74	213
WP_003249693.1	WP_003249693.1	100	106	6.53e-72	206
WP_003248878.1	WP_003248878.1	100	106	8.26e-66	191
WP_061405729.1	WP_061405729.1	100	105	3.42e-44	136
WP_049587747.1	WP_049587747.1	100	105	3.57e-46	141
WP_049587420.1	WP_049587420.1	100	105	3.12e-74	212
WP_014589278.1	WP_014589278.1	100	105	7.10e-62	181
WP_010954576.1	WP_010954576.1	100	105	5.62e-68	196
WP_010954469.1	WP_010954469.1	100	105	7.99e-68	196
WP_010953930.1	WP_010953930.1	100	105	3.65e-73	209
WP_010953752.1	WP_010953752.1	100	105	1.81e-73	210
WP_010953180.1	WP_010953180.1	100	105	1.43e-70	203
WP_010952753.1	WP_010952753.1	100	105	1.61e-67	195
WP_010952618.1	WP_010952618.1	100	105	3.65e-73	209
WP_003251077.1	WP_003251077.1	100	105	2.57e-73	210
WP_172835044.1	WP_172835044.1	100	104	3.52e-75	214
WP_049587984.1	WP_049587984.1	100	104	9.74e-73	208
WP_049586562.1	WP_049586562.1	100	104	1.89e-70	202
WP_049586280.1	WP_049586280.1	100	104	3.03e-67	194
WP_049586114.1	WP_049586114.1	100	104	1.62e-71	205
WP_012051530.1	WP_012051530.1	100	104	7.11e-75	214
WP_010955411.1	WP_010955411.1	100	104	2.30e-71	205
WP_010955318.1	WP_010955318.1	100	104	3.52e-75	214
WP_010953927.1	WP_010953927.1	100	104	1.88e-79	225
WP_010953340.1	WP_010953340.1	100	104	4.14e-65	189
WP_010953232.1	WP_010953232.1	100	104	1.89e-70	202
WP_010953104.1	WP_010953104.1	100	104	4.80e-39	123
WP_010951471.1	WP_010951471.1	100	104	1.14e-71	206
WP_003255476.1	WP_003255476.1	100	104	3.82e-70	202
WP_003254479.1	WP_003254479.1	100	104	3.40e-64	187
WP_003253711.1	WP_003253711.1	100	104	1.97e-63	185
WP_003252914.1	WP_003252914.1	100	104	1.39e-63	185
WP_003250344.1	WP_003250344.1	100	104	2.05e-65	190
WP_003247466.1	WP_003247466.1	100	104	3.14e-69	199
WP_061405666.1	WP_061405666.1	100	103	9.75e-77	218
WP_049588172.1	WP_049588172.1	100	103	4.48e-73	209
WP_049586118.1	WP_049586118.1	100	103	1.45e-69	200
WP_049586073.1	WP_049586073.1	100	103	2.60e-72	207
WP_021781735.1	WP_021781735.1	100	103	1.24e-70	203
WP_010953779.1	WP_010953779.1	100	103	2.22e-73	210
WP_010952786.1	WP_010952786.1	100	103	1.76e-70	202
WP_010952215.1	WP_010952215.1	100	103	2.22e-73	210
WP_003254563.1	WP_003254563.1	100	103	9.39e-75	213
WP_003186070.1	WP_003186070.1	100	103	8.39e-69	198
WP_235436916.1	WP_235436916.1	100	102	5.70e-71	204
WP_197686809.1	WP_197686809.1	100	102	8.10e-71	203
WP_079732561.1	WP_079732561.1	100	102	1.83e-76	218
WP_049587501.1	WP_049587501.1	100	102	1.99e-62	182
WP_049586152.1	WP_049586152.1	100	102	7.46e-76	216
WP_020193757.1	WP_020193757.1	100	102	1.76e-74	213
WP_019438490.1	WP_019438490.1	100	102	3.43e-72	207
WP_010953306.1	WP_010953306.1	100	102	1.51e-66	192
WP_010953282.1	WP_010953282.1	100	102	1.63e-70	202
WP_010953108.1	WP_010953108.1	100	102	3.04e-75	214
WP_004374508.1	WP_004374508.1	100	102	2.24e-68	197
WP_003255135.1	WP_003255135.1	100	102	4.35e-66	191
WP_003251446.1	WP_003251446.1	100	102	1.20e-63	185
WP_003249945.1	WP_003249945.1	100	102	3.18e-68	197
WP_221036211.1	WP_221036211.1	100	101	4.91e-67	194
WP_049587058.1	WP_049587058.1	100	101	2.00e-66	192
WP_014589631.1	WP_014589631.1	100	101	3.31e-74	212
WP_012052881.1	WP_012052881.1	100	101	1.65e-65	190
WP_010955715.1	WP_010955715.1	100	101	7.52e-71	203
WP_010955453.1	WP_010955453.1	100	101	1.41e-66	192
WP_010953420.1	WP_010953420.1	100	101	2.62e-71	204
WP_010951899.1	WP_010951899.1	100	101	1.35e-73	210
WP_003255472.1	WP_003255472.1	100	101	8.16e-66	191
WP_003255298.1	WP_003255298.1	100	101	2.53e-69	199
WP_003254426.1	WP_003254426.1	100	101	1.03e-68	198
WP_003254009.1	WP_003254009.1	100	101	1.25e-69	200
WP_049587688.1	WP_049587688.1	100	82	1.26e-55	165
WP_049587425.1	WP_049587425.1	100	100	4.05e-70	201
WP_010955355.1	WP_010955355.1	100	100	8.18e-70	201
WP_010954891.1	WP_010954891.1	100	100	7.26e-73	208
WP_010952810.1	WP_010952810.1	100	100	5.76e-70	201
WP_010952154.1	WP_010952154.1	100	100	9.21e-67	193
WP_010952015.1	WP_010952015.1	100	100	1.92e-77	220
WP_010951568.1	WP_010951568.1	100	100	8.18e-70	201
WP_010487168.1	WP_010487168.1	100	100	9.57e-69	198
WP_003255684.1	WP_003255684.1	100	100	1.36e-59	175
WP_003255178.1	WP_003255178.1	100	100	1.41e-70	202
WP_003253929.1	WP_003253929.1	100	100	3.09e-65	189
WP_003252992.1	WP_003252992.1	100	100	9.15e-76	216
WP_003250918.1	WP_003250918.1	100	100	2.44e-71	204
WP_003250754.1	WP_003250754.1	100	100	5.54e-68	196
WP_003250679.1	WP_003250679.1	100	100	3.21e-67	194
WP_049587754.1	WP_049587754.1	100	99	6.74e-73	208
WP_020190960.1	WP_020190960.1	100	99	1.17e-64	187
WP_010954861.1	WP_010954861.1	100	99	6.50e-71	203
WP_010954670.1	WP_010954670.1	100	99	6.50e-71	203
WP_010953788.1	WP_010953788.1	100	99	1.16e-73	210
WP_010953150.1	WP_010953150.1	100	99	1.54e-69	200
WP_010952669.1	WP_010952669.1	100	99	1.80e-68	197
WP_003255484.1	WP_003255484.1	100	99	4.96e-66	191
WP_003254549.1	WP_003254549.1	100	99	8.56e-67	193
WP_003253355.1	WP_003253355.1	100	99	6.03e-67	193
WP_061405588.1	WP_061405588.1	100	98	2.03e-69	199
WP_049587943.1	WP_049587943.1	100	98	4.44e-64	186
WP_049587144.1	WP_049587144.1	100	98	3.96e-58	171
WP_010955532.1	WP_010955532.1	100	98	4.25e-71	204
WP_010955294.1	WP_010955294.1	100	98	1.95e-67	194
WP_010954960.1	WP_010954960.1	100	98	3.25e-66	191
WP_010954717.1	WP_010954717.1	100	98	1.80e-72	207
WP_010953996.1	WP_010953996.1	100	98	2.37e-68	197
WP_010953960.1	WP_010953960.1	100	98	6.55e-66	191
WP_010952797.1	WP_010952797.1	100	98	3.25e-66	191
WP_010952637.1	WP_010952637.1	100	98	3.10e-73	209
WP_010952096.1	WP_010952096.1	100	98	1.00e-69	200
WP_004577437.1	WP_004577437.1	100	98	3.94e-67	194
WP_003251193.1	WP_003251193.1	100	98	4.79e-68	196
WP_003248566.1	WP_003248566.1	100	98	6.55e-66	191
WP_232014089.1	WP_232014089.1	100	97	3.02e-66	191
WP_154070659.1	WP_154070659.1	100	97	1.09e-68	197
WP_079732506.1	WP_079732506.1	100	97	6.86e-63	183
WP_051122595.1	WP_051122595.1	100	97	6.04e-75	213
WP_049588352.1	WP_049588352.1	100	97	1.96e-71	204
WP_049587959.1	WP_049587959.1	100	97	1.38e-71	205
WP_049586660.1	WP_049586660.1	100	97	7.13e-65	188
WP_010955258.1	WP_010955258.1	100	97	1.09e-68	197
WP_010955094.1	WP_010955094.1	100	97	1.18e-63	185
WP_010953434.1	WP_010953434.1	100	97	5.21e-67	193
WP_010952504.1	WP_010952504.1	100	97	3.67e-67	194
WP_010952448.1	WP_010952448.1	100	97	1.01e-64	187
WP_010951544.1	WP_010951544.1	100	97	1.33e-60	177
WP_004577004.1	WP_004577004.1	100	97	4.83e-63	183
WP_003256229.1	WP_003256229.1	100	97	1.28e-67	195
WP_003251905.1	WP_003251905.1	100	97	5.87e-64	186
WP_061405670.1	WP_061405670.1	100	96	5.67e-66	191
WP_049588414.1	WP_049588414.1	100	96	5.91e-59	173
WP_049588314.1	WP_049588314.1	100	96	1.23e-69	200
WP_049586749.1	WP_049586749.1	100	96	3.54e-69	199
WP_049586638.1	WP_049586638.1	100	96	3.54e-69	199
WP_026031873.1	WP_026031873.1	100	96	6.63e-65	188
WP_014592161.1	WP_014592161.1	100	96	7.75e-64	185
WP_014591666.1	WP_014591666.1	100	96	4.46e-72	206
WP_010955374.1	WP_010955374.1	100	96	2.93e-59	174
WP_010954750.1	WP_010954750.1	100	96	5.67e-66	191
WP_010954550.1	WP_010954550.1	100	96	4.29e-70	201
WP_010954210.1	WP_010954210.1	100	96	1.50e-70	202
WP_003255013.1	WP_003255013.1	100	96	5.06e-60	176
WP_003254508.1	WP_003254508.1	100	96	3.54e-69	199
WP_003247360.1	WP_003247360.1	100	96	1.39e-66	192
WP_049587986.1	WP_049587986.1	100	95	2.51e-64	186
WP_049586812.1	WP_049586812.1	100	95	6.40e-67	193
WP_010953908.1	WP_010953908.1	100	95	2.23e-67	194
WP_010953869.1	WP_010953869.1	100	95	1.06e-65	190
WP_010953262.1	WP_010953262.1	100	95	9.09e-67	192
WP_010952179.1	WP_010952179.1	100	95	4.89e-62	181
WP_010951520.1	WP_010951520.1	100	95	1.57e-67	194
WP_003255347.1	WP_003255347.1	100	95	1.84e-66	192
WP_003255165.1	WP_003255165.1	100	95	1.02e-63	185
WP_003253801.1	WP_003253801.1	100	95	1.39e-70	202
WP_049588094.1	WP_049588094.1	100	94	1.64e-64	187
WP_041167313.1	WP_041167313.1	100	94	6.96e-66	190
WP_010953840.1	WP_010953840.1	100	94	3.20e-62	181
WP_003254278.1	WP_003254278.1	100	94	1.46e-67	194
WP_079732503.1	WP_079732503.1	100	93	1.08e-64	187
WP_061405586.1	WP_061405586.1	100	93	2.17e-64	186
WP_049586827.1	WP_049586827.1	100	93	9.98e-61	177
WP_014591706.1	WP_014591706.1	100	93	1.53e-64	187
WP_010955196.1	WP_010955196.1	100	93	4.72e-68	196
WP_010951595.1	WP_010951595.1	100	93	9.54e-68	195
WP_010951500.1	WP_010951500.1	100	93	6.71e-68	195
WP_004576849.1	WP_004576849.1	100	93	2.36e-59	174
WP_004374528.1	WP_004374528.1	100	93	9.19e-66	190
WP_003255106.1	WP_003255106.1	100	93	1.37e-58	172
WP_003250290.1	WP_003250290.1	100	93	1.86e-65	189
WP_003248318.1	WP_003248318.1	100	93	2.17e-64	186
WP_049587751.1	WP_049587751.1	100	92	4.23e-66	191
WP_049586991.1	WP_049586991.1	100	92	3.00e-57	168
WP_019436943.1	WP_019436943.1	100	92	1.00e-64	187
WP_010955337.1	WP_010955337.1	100	92	1.37e-62	182
WP_010955211.1	WP_010955211.1	100	92	2.98e-66	191
WP_010954735.1	WP_010954735.1	100	92	7.94e-62	180
WP_010953203.1	WP_010953203.1	100	92	5.83e-55	162
WP_010952670.1	WP_010952670.1	100	92	2.10e-66	191
WP_003250254.1	WP_003250254.1	100	92	3.24e-61	178
WP_003247625.1	WP_003247625.1	100	92	1.49e-57	169
WP_172835027.1	WP_172835027.1	100	91	3.52e-60	176
WP_061405724.1	WP_061405724.1	100	91	3.97e-57	168
WP_049588194.1	WP_049588194.1	100	91	2.57e-62	181
WP_020193848.1	WP_020193848.1	100	91	9.30e-65	187
WP_020191344.1	WP_020191344.1	100	91	1.44e-59	174
WP_010955870.1	WP_010955870.1	100	91	3.36e-67	193
WP_010955417.1	WP_010955417.1	100	91	7.38e-62	180
WP_010954880.1	WP_010954880.1	100	91	7.11e-60	175
WP_010953969.1	WP_010953969.1	100	91	1.09e-63	184
WP_010953358.1	WP_010953358.1	100	91	3.12e-63	183
WP_010951728.1	WP_010951728.1	100	91	4.61e-65	188
WP_003255482.1	WP_003255482.1	100	91	3.79e-64	186
WP_003254892.1	WP_003254892.1	100	91	1.09e-63	184
WP_003249289.1	WP_003249289.1	100	91	1.01e-59	174
WP_223625179.1	WP_223625179.1	100	90	1.39e-61	179
WP_049587750.1	WP_049587750.1	100	90	1.81e-66	191
WP_049586574.1	WP_049586574.1	100	90	5.65e-61	177
WP_019437947.1	WP_019437947.1	100	90	2.39e-28	95.5
WP_012051485.1	WP_012051485.1	100	90	7.39e-66	190
WP_010955575.1	WP_010955575.1	100	90	4.16e-54	160
WP_010953600.1	WP_010953600.1	100	90	2.04e-63	184
WP_010953433.1	WP_010953433.1	100	90	5.01e-64	185
WP_010953087.1	WP_010953087.1	100	90	1.62e-60	176
WP_010952144.1	WP_010952144.1	100	90	4.83e-62	180
WP_003255742.1	WP_003255742.1	100	90	2.12e-65	189
WP_003254599.1	WP_003254599.1	100	90	6.37e-58	170
WP_003252809.1	WP_003252809.1	100	90	1.90e-59	174
WP_003250246.1	WP_003250246.1	100	90	5.25e-57	167
WP_003250230.1	WP_003250230.1	100	90	2.80e-61	178
WP_061405701.1	WP_061405701.1	100	89	8.34e-67	192
WP_019471426.1	WP_019471426.1	100	89	6.63e-64	185
WP_010954732.1	WP_010954732.1	100	89	1.70e-57	169
WP_010953951.1	WP_010953951.1	100	89	8.11e-56	164
WP_010952630.1	WP_010952630.1	100	89	3.05e-60	176
WP_004374494.1	WP_004374494.1	100	89	9.77e-66	189
WP_003254414.1	WP_003254414.1	100	89	1.15e-55	164
WP_003249971.1	WP_003249971.1	100	89	1.45e-58	171
WP_232014136.1	WP_232014136.1	100	88	1.20e-61	179
WP_079732562.1	WP_079732562.1	100	88	7.76e-67	192
WP_010954813.1	WP_010954813.1	100	88	2.73e-58	171
WP_010953035.1	WP_010953035.1	100	88	5.73e-60	175
WP_010952505.1	WP_407475002.1	98.9	88	1.35e-58	171
WP_003255478.1	WP_003255478.1	100	88	1.92e-58	171
WP_003253640.1	WP_003253640.1	100	88	2.09e-53	158
WP_003247923.1	WP_003247923.1	100	88	1.77e-63	184
WP_049587647.1	WP_049587647.1	100	87	3.89e-62	180
WP_010954906.1	WP_010954906.1	100	87	1.16e-63	184
WP_010953933.1	WP_010953933.1	100	87	4.55e-61	177
WP_010952429.1	WP_010952429.1	100	87	6.71e-63	182
WP_003260859.1	WP_003260859.1	100	87	2.66e-51	153
WP_003253383.1	WP_003253383.1	100	87	5.13e-58	170
WP_003251679.1	WP_003251679.1	100	87	4.07e-55	162
WP_003249898.1	WP_003249898.1	100	87	6.71e-63	182
WP_003248880.1	WP_003248880.1	100	87	2.09e-57	168
WP_003248815.1	WP_003248815.1	100	87	2.87e-55	163
WP_049587683.1	WP_049587683.1	100	86	1.42e-59	174
WP_049587228.1	WP_049587228.1	100	86	2.28e-56	166
WP_020193883.1	WP_020193883.1	100	86	1.60e-56	166
WP_020192887.1	WP_020192887.1	100	86	1.42e-59	174
WP_012051192.1	WP_012051192.1	100	86	5.80e-59	172
WP_010954796.1	WP_010954796.1	100	86	6.02e-61	177
WP_010954727.1	WP_010954727.1	100	86	6.54e-56	164
WP_010954712.1	WP_010954712.1	100	86	5.14e-62	180
WP_010954357.1	WP_010954357.1	100	86	1.66e-58	171
WP_010951659.1	WP_010951659.1	100	86	1.95e-57	168
WP_003249532.1	WP_003249532.1	100	86	2.37e-58	171
WP_003247746.1	WP_003247746.1	100	86	2.77e-57	168
WP_003247224.1	WP_003247224.1	100	86	5.80e-59	172
WP_049588262.1	WP_049588262.1	100	85	1.23e-37	118
WP_049588003.1	WP_049588003.1	100	85	4.28e-56	165
WP_049587405.1	WP_049587405.1	100	85	1.13e-60	176
WP_020189883.1	WP_020189883.1	100	85	1.49e-56	166
WP_010953904.1	WP_010953904.1	100	85	1.75e-55	163
WP_003255717.1	WP_003255717.1	100	85	1.05e-56	166
WP_003254632.1	WP_003254632.1	100	85	2.20e-58	171
WP_003254043.1	WP_003254043.1	100	85	7.67e-59	172
WP_003250871.1	WP_003250871.1	100	85	3.02e-38	120
WP_003247464.1	WP_003247464.1	100	85	2.20e-58	171
WP_003097235.1	WP_003097235.1	100	85	6.61e-51	152
WP_332879980.1	WP_010951644.1	98.6	71	2.19e-44	135
WP_079732513.1	WP_079732513.1	100	84	2.49e-59	173
WP_023464843.1	WP_023464843.1	100	84	7.14e-59	172
WP_010955152.1	WP_010955152.1	100	84	1.34e-54	161
WP_010954952.1	WP_010954952.1	100	84	1.13e-64	186
WP_010953858.1	WP_010953858.1	100	84	5.02e-59	172
WP_010952573.1	WP_010952573.1	100	84	1.23e-59	174
WP_004576871.1	WP_004576871.1	100	84	3.28e-55	162
WP_003254526.1	WP_003254526.1	100	84	1.69e-57	168
WP_003252572.1	WP_003252572.1	100	84	2.40e-57	168
WP_003252043.1	WP_003252043.1	100	84	1.23e-59	174
WP_003249234.1	WP_003249234.1	100	84	6.88e-57	167
WP_003249204.1	WP_003249204.1	100	84	8.66e-60	174
WP_370688775.1	WP_370688775.1	100	83	7.22e-54	159
WP_049587893.1	WP_049587893.1	100	83	1.07e-55	164
WP_010955536.1	WP_010955536.1	100	83	5.47e-58	169
WP_010954377.1	WP_010954377.1	100	83	4.90e-52	154
WP_010954120.1	WP_010954120.1	100	83	2.52e-54	160
WP_003252142.1	WP_003252142.1	100	83	5.08e-54	159
WP_003250288.1	WP_003250288.1	100	83	1.63e-32	105
WP_003249063.1	WP_003249063.1	100	83	5.02e-63	182
WP_003248769.1	WP_003248769.1	100	83	2.81e-60	175
WP_110771832.1	WP_110771832.1	100	82	1.04e-48	146
WP_090315687.1	WP_090315687.1	100	82	2.34e-54	160
WP_010955465.1	WP_010955465.1	100	82	5.96e-57	167
WP_010954726.1	WP_010954726.1	100	82	2.52e-58	170
WP_010951646.1	WP_010951646.1	100	82	2.31e-63	183
WP_003251454.1	WP_003251454.1	100	82	2.08e-57	168
WP_003247275.1	WP_003247275.1	100	82	2.55e-49	147
WP_049587960.1	WP_049587960.1	100	81	1.54e-54	160
WP_010955824.1	WP_010955824.1	100	81	2.10e-52	155
WP_010954745.1	WP_010954745.1	100	81	8.17e-59	171
WP_010953432.1	WP_010953432.1	100	81	1.17e-49	148
WP_010951938.1	WP_010951938.1	100	81	5.75e-59	172
WP_010951590.1	WP_010951590.1	100	81	8.47e-61	176
WP_010951426.1	WP_010951426.1	100	81	8.78e-63	181
WP_003255900.1	WP_003255900.1	100	81	3.76e-55	162
WP_003251777.1	WP_003251777.1	100	81	6.49e-56	164
WP_051122507.1	WP_051122507.1	100	80	9.70e-53	156
WP_049587650.1	WP_049587650.1	100	80	9.70e-53	156
WP_049587560.1	WP_049587560.1	100	80	1.04e-56	166
WP_049586524.1	WP_049586524.1	100	80	1.22e-55	163
WP_020193386.1	WP_020193386.1	100	80	3.26e-51	152
WP_020190423.1	WP_020190423.1	100	80	3.63e-57	167
WP_010955375.1	WP_010955375.1	100	80	2.78e-52	155
WP_010955213.1	WP_010955213.1	100	80	1.61e-51	153
WP_010953917.1	WP_010953917.1	100	80	2.78e-52	155
WP_010953622.1	WP_010953622.1	100	80	2.47e-55	162
WP_010953399.1	WP_010953399.1	100	80	5.83e-54	159
WP_010952617.1	WP_010952617.1	100	80	1.86e-59	173
WP_004574300.1	WP_004574300.1	100	80	2.80e-43	132
WP_003256190.1	WP_003256190.1	100	80	8.91e-58	169
WP_003255380.1	WP_003255380.1	100	80	4.46e-49	147
WP_003253822.1	WP_003253822.1	100	80	7.88e-61	176
WP_003248727.1	WP_003248727.1	100	80	1.54e-58	171
WP_049587630.1	WP_049587630.1	100	79	8.02e-29	95.9
WP_010954612.1	WP_010954612.1	100	79	2.92e-49	147
WP_010954398.1	WP_010954398.1	100	79	2.50e-50	150
WP_010953106.1	WP_010953106.1	100	79	6.83e-57	166
WP_003255121.1	WP_003255121.1	100	79	2.69e-54	160
WP_003254745.1	WP_003254745.1	100	79	5.43e-54	159
WP_061405577.1	WP_061405577.1	100	78	1.45e-53	158
WP_049587963.1	WP_049587963.1	100	78	2.79e-60	175
WP_049587043.1	WP_049587043.1	100	78	5.63e-60	174
WP_020192211.1	WP_020192211.1	100	78	7.44e-56	164
WP_010955261.1	WP_010955261.1	100	78	2.41e-52	155
WP_010954724.1	WP_010954724.1	100	78	4.01e-51	152
WP_010953880.1	WP_010953880.1	100	78	1.64e-50	150
WP_010952937.1	WP_010952937.1	100	78	1.52e-46	140
WP_009682604.1	WP_009682604.1	100	78	7.81e-49	146
WP_003253504.1	WP_003253504.1	100	78	2.41e-52	155
WP_307877356.1	WP_307877356.1	100	77	5.51e-53	156
WP_126404382.1	WP_126404382.1	100	77	3.04e-59	172
WP_049586388.1	WP_049586388.1	100	77	1.15e-54	160
WP_020191563.1	WP_020191563.1	100	77	4.22e-48	144
WP_014860076.1	WP_014860076.1	100	77	7.83e-53	156
WP_010954786.1	WP_010954786.1	100	77	1.07e-50	150
WP_010953575.1	WP_010953575.1	100	77	2.33e-54	160
WP_010952109.1	WP_010952109.1	100	77	5.12e-49	146
WP_003255011.1	WP_003255011.1	100	77	4.22e-48	144
WP_003248777.1	WP_003248777.1	100	77	1.07e-50	150
WP_049587726.1	WP_049587726.1	100	76	1.95e-48	145
WP_014589594.1	WP_014589594.1	100	76	6.45e-56	164
WP_003255686.1	WP_003255686.1	100	76	8.30e-32	103
WP_003253515.1	WP_003253515.1	100	76	7.56e-55	161
WP_003249563.1	WP_003249563.1	100	76	9.99e-51	150
WP_061405652.1	WP_061405652.1	100	75	1.09e-49	148
WP_028692660.1	WP_028692660.1	100	75	5.02e-46	139
WP_019439077.1	WP_019439077.1	100	75	5.80e-54	159
WP_014755271.1	WP_014755271.1	100	75	1.09e-49	148
WP_004575803.1	WP_004575803.1	100	75	7.67e-50	148
WP_003254918.1	WP_003254918.1	100	75	8.72e-38	118
WP_003250422.1	WP_003250422.1	100	75	8.98e-49	145
WP_049587957.1	WP_049587957.1	100	74	7.15e-50	148
WP_049586754.1	WP_049586754.1	100	74	1.05e-51	153
WP_049586405.1	WP_049586405.1	100	74	1.20e-39	122
WP_010954682.1	WP_010954682.1	100	74	5.68e-47	141
WP_010952743.1	WP_010952743.1	100	74	3.54e-50	149
WP_010952652.1	WP_010952652.1	100	74	7.50e-43	130
WP_010951451.1	WP_010951451.1	100	74	2.49e-50	149
WP_004576227.1	WP_004576227.1	100	74	1.95e-56	165
WP_003253651.1	WP_003253651.1	100	74	1.05e-51	153
WP_232014092.1	WP_232014092.1	100	73	6.66e-50	148
WP_049588427.1	WP_049588427.1	100	73	1.84e-47	142
WP_049586403.1	WP_049586403.1	100	73	1.39e-51	152
WP_028697923.1	WP_028697923.1	100	73	8.08e-51	150
WP_012053596.1	WP_012053596.1	100	73	1.91e-49	147
WP_010952365.1	WP_010952365.1	100	73	8.37e-53	155
WP_010951443.1	WP_010951443.1	100	73	1.71e-43	132
WP_003256222.1	WP_003256222.1	100	73	2.40e-52	154
WP_003248738.1	WP_003248738.1	100	73	2.24e-48	144
WP_079732549.1	WP_079732549.1	100	72	1.25e-49	147
WP_061405728.1	WP_061405728.1	100	72	2.86e-46	139
WP_049587299.1	WP_049587299.1	100	72	1.25e-49	147
WP_049586751.1	WP_049586751.1	100	72	9.96e-47	140
WP_049586518.1	WP_049586518.1	100	72	9.96e-47	140
WP_010955745.1	WP_010955745.1	100	72	2.03e-28	94.4
WP_010954911.1	WP_010954911.1	100	72	3.60e-49	146
WP_010953936.1	WP_010953936.1	100	72	1.34e-53	157
WP_010953553.1	WP_010953553.1	100	72	2.96e-48	144
WP_003254947.1	WP_003254947.1	100	72	1.03e-48	145
WP_002553999.1	WP_002553999.1	100	72	2.96e-48	144
WP_010955011.1	WP_010955011.1	100	71	3.79e-46	139
WP_009682626.1	WP_009682626.1	100	71	2.76e-48	144
WP_004573790.1	WP_004573790.1	100	71	6.53e-47	140
WP_003255829.1	WP_003255829.1	100	71	5.01e-42	128
WP_003255575.1	WP_003255575.1	100	71	5.01e-42	128
WP_003253076.1	WP_003253076.1	100	71	9.62e-49	145
WP_003252924.1	WP_003252924.1	100	71	1.27e-44	135
WP_003249127.1	WP_003249127.1	100	71	4.21e-52	154
WP_003248687.1	WP_003248687.1	100	71	5.11e-53	156
WP_061405625.1	WP_061405625.1	100	70	1.27e-48	145
WP_051122565.1	WP_051122565.1	100	70	1.05e-47	142
WP_049587360.1	WP_049587360.1	100	70	1.94e-52	154
WP_010954721.1	WP_010954721.1	100	70	7.65e-50	148
WP_010953202.1	WP_010953202.1	100	70	1.75e-46	139
WP_003255905.1	WP_003255905.1	100	70	2.91e-45	136
WP_003250656.1	WP_003250656.1	100	70	1.81e-48	144
WP_003250649.1	WP_003250649.1	100	70	7.39e-48	143
WP_003247877.1	WP_003247877.1	100	70	7.39e-48	143
WP_126404336.1	WP_126404336.1	100	69	6.96e-21	75.1
WP_049587877.1	WP_049587877.1	100	69	1.53e-24	84.3
WP_049587762.1	WP_049587762.1	100	69	3.99e-47	141
WP_049587555.1	WP_049587555.1	100	69	5.12e-23	80.5
WP_020193312.1	WP_020193312.1	100	69	3.29e-46	139
WP_014589840.1	WP_014589840.1	100	69	1.19e-48	145
WP_010953438.1	WP_010953438.1	100	69	4.68e-46	138
WP_010953247.1	WP_010953247.1	100	69	4.85e-48	143
WP_003298409.1	WP_003298409.1	100	69	3.85e-45	136
WP_003254922.1	WP_003254922.1	100	69	9.79e-48	142
WP_003252255.1	WP_003252255.1	100	69	5.88e-49	145
WP_079732544.1	WP_061405686.1	97.9	48	3.98e-30	97.8
WP_020191128.1	WP_020191128.1	100	68	4.52e-48	143
WP_019752835.1	WP_019752835.1	100	68	2.44e-43	131
WP_014860378.1	WP_014860378.1	100	68	3.53e-54	159
WP_010954718.1	WP_010954718.1	100	68	1.39e-51	152
WP_010953963.1	WP_010953963.1	100	68	1.84e-47	142
WP_010953942.1	WP_010953942.1	100	68	4.06e-42	128
WP_010952361.1	WP_010952361.1	100	68	4.06e-42	128
WP_010952308.1	WP_010952308.1	100	68	5.11e-45	135
WP_003298411.1	WP_003298411.1	100	68	1.72e-43	132
WP_003250934.1	WP_003250934.1	100	68	5.67e-51	150
WP_003247353.1	WP_003247353.1	100	68	7.52e-47	140
WP_061405647.1	WP_061405647.1	100	67	9.96e-47	140
WP_020190325.1	WP_020190325.1	100	67	3.35e-45	136
WP_010954696.1	WP_010954696.1	100	67	1.32e-42	129
WP_010953171.1	WP_010953171.1	100	67	5.78e-46	138
WP_003253030.1	WP_003253030.1	100	67	1.74e-38	119
WP_003252072.1	WP_003252072.1	100	67	1.81e-40	124
WP_003249787.1	WP_003249787.1	100	67	1.27e-40	124
WP_049586539.1	WP_049586539.1	100	66	4.84e-40	123
WP_049586128.1	WP_049586128.1	100	66	1.49e-43	132
WP_010954468.1	WP_010954468.1	100	66	2.49e-42	129
WP_010951889.1	WP_010951889.1	100	66	1.94e-48	144
WP_004575963.1	WP_004575963.1	100	66	2.91e-41	126
WP_003253106.1	WP_003253106.1	100	66	8.97e-45	135
WP_003251937.1	WP_003251937.1	100	66	3.53e-42	128
WP_003251718.1	WP_003251718.1	100	66	7.93e-48	142
WP_003249090.1	WP_003249090.1	100	66	4.29e-43	130
WP_003248529.1	WP_003248529.1	100	66	2.67e-46	139
WP_126404369.1	WP_126404369.1	100	65	5.20e-48	143
WP_049587889.1	WP_049587889.1	100	65	1.65e-33	106
WP_011953221.1	WP_011953221.1	100	65	5.48e-41	125
WP_010955055.1	WP_010955055.1	100	65	2.09e-18	68.6
WP_010954659.1	WP_010954659.1	100	65	3.86e-41	125
WP_010953112.1	WP_010953112.1	100	65	2.18e-20	73.6
WP_010952277.1	WP_010952277.1	100	65	3.72e-39	120
WP_010951860.1	WP_010951860.1	100	65	4.52e-40	123
WP_003255284.1	WP_003255284.1	100	65	1.69e-44	134
WP_003251633.1	WP_003251633.1	100	65	7.39e-48	142
WP_003248382.1	WP_003248382.1	100	65	1.44e-45	137
WP_061405616.1	WP_061405616.1	100	64	3.07e-42	128
WP_049587548.1	WP_049587548.1	100	64	2.32e-46	139
WP_049587410.1	WP_049587410.1	100	64	4.69e-46	138
WP_049586537.1	WP_049586537.1	100	64	1.78e-41	126
WP_020193510.1	WP_020193510.1	100	64	1.44e-29	96.7
WP_020191346.1	WP_020191346.1	100	64	8.52e-40	122
WP_012271507.1	WP_012271507.1	100	64	1.25e-41	127
WP_010955003.1	WP_010955003.1	100	64	1.52e-42	129
WP_010953250.1	WP_010953250.1	100	64	3.07e-42	128
WP_003250667.1	WP_003250667.1	100	64	1.72e-39	121
WP_162490565.1	WP_162490565.1	100	63	1.21e-43	132
WP_061405679.1	WP_061405679.1	100	63	7.03e-43	130
WP_049587948.1	WP_049587948.1	100	63	6.00e-44	132
WP_003254720.1	WP_003254720.1	100	63	4.95e-43	130
WP_003254464.1	WP_003254464.1	100	63	1.47e-44	134
WP_003254287.1	WP_003254287.1	100	63	9.65e-41	124
WP_003252818.1	WP_003252818.1	100	63	3.80e-38	118
WP_002555481.1	WP_002555481.1	100	63	8.99e-37	114
WP_371920085.1	WP_371920085.1	100	62	1.88e-42	129
WP_014590842.1	WP_014590842.1	100	62	9.00e-41	124
WP_010954706.1	WP_010954706.1	100	62	1.45e-37	116
WP_003254503.1	WP_003254503.1	100	62	5.04e-38	117
WP_003253897.1	WP_003253897.1	100	62	1.09e-41	127
WP_003250541.1	WP_003250541.1	100	62	2.02e-46	139
WP_003248064.1	WP_003248064.1	100	62	4.01e-35	110
WP_049587743.1	WP_049587743.1	100	61	2.33e-38	118
WP_019750253.1	WP_019750253.1	100	61	1.45e-41	126
WP_010953551.1	WP_010953551.1	100	61	5.32e-35	110
WP_010951999.1	WP_010951999.1	100	61	1.32e-46	139
WP_004577263.1	WP_004577263.1	100	61	6.30e-25	84.7
WP_003247142.1	WP_003247142.1	100	61	9.84e-40	122
WP_049588116.1	WP_049588116.1	100	60	2.78e-32	103
WP_049586345.1	WP_049586345.1	100	60	4.24e-36	112
WP_029886233.1	WP_029886233.1	100	60	3.37e-33	105
WP_010954600.1	WP_010954600.1	100	60	2.55e-37	115
WP_010954522.1	WP_010954522.1	100	60	3.75e-39	120
WP_010952644.1	WP_010952644.1	100	60	1.04e-36	114
WP_010951901.1	WP_010951901.1	100	60	2.17e-38	118
WP_003252431.1	WP_003252431.1	100	60	9.19e-40	122
WP_003248957.1	WP_003248957.1	100	60	6.24e-38	117
WP_003247154.1	WP_003247154.1	100	60	6.24e-38	117
WP_049587653.1	WP_049587653.1	100	59	5.83e-38	117
WP_049587168.1	WP_049587168.1	100	59	4.64e-35	110
WP_010955233.1	WP_010955233.1	100	59	2.17e-22	78.2
WP_010955016.1	WP_010955016.1	100	59	1.14e-35	111
WP_004575804.1	WP_004575804.1	100	59	5.44e-34	107
WP_154070656.1	WP_154070656.1	100	58	3.83e-38	117
WP_010952634.1	WP_010952634.1	100	58	2.60e-36	113
WP_010952256.1	WP_010952256.1	100	58	7.22e-34	107
WP_004374238.1	WP_004374238.1	100	58	3.05e-35	110
WP_003255463.1	WP_003255463.1	100	58	9.39e-39	119
WP_003254380.1	WP_003254380.1	100	58	5.45e-38	117
WP_003250005.1	WP_003250005.1	100	58	9.39e-39	119
WP_003247232.1	WP_003247232.1	100	58	3.05e-35	110
WP_154070658.1	WP_154070658.1	100	57	7.23e-38	117
WP_008091951.1	WP_008091951.1	100	57	2.35e-34	108
WP_003250553.1	WP_003250553.1	100	57	4.05e-35	110
WP_003248731.1	WP_003248731.1	100	57	4.91e-36	112
WP_154070660.1	WP_154070660.1	100	56	3.23e-36	112
WP_079732516.1	WP_079732516.1	100	56	1.41e-39	121
WP_061405658.1	WP_061405658.1	100	56	1.32e-35	111
WP_012051910.1	WP_012051910.1	100	56	2.66e-35	110
WP_164721823.1	WP_164721823.1	100	55	9.81e-33	103
WP_154070662.1	WP_154070662.1	100	55	1.23e-35	111
WP_154070657.1	WP_154070657.1	100	55	2.58e-37	115
WP_010954308.1	WP_010954308.1	100	55	1.49e-36	113
WP_010952850.1	WP_010952850.1	100	55	1.19e-33	106
WP_003253349.1	WP_003253349.1	100	55	2.43e-44	133
WP_003252566.1	WP_003252566.1	100	55	1.23e-35	111
WP_164721825.1	WP_164721825.1	100	54	1.30e-32	103
WP_010954124.1	WP_010954124.1	100	54	1.11e-33	106
WP_010952648.1	WP_010952648.1	100	54	1.00e-27	91.3
WP_003249747.1	WP_003249747.1	100	54	3.31e-35	110
WP_154070664.1	WP_154070664.1	100	53	6.03e-33	104
WP_154070663.1	WP_154070663.1	100	53	8.87e-35	108
WP_003254864.1	WP_003254864.1	100	53	4.81e-30	97.1
WP_003252966.1	WP_003252966.1	100	53	8.16e-11	48.5
WP_010953684.1	WP_010953684.1	100	52	9.40e-32	101
WP_004575389.1	WP_004575389.1	100	52	4.20e-26	87.0
WP_003177654.1	WP_003177654.1	100	52	1.90e-31	100
WP_164721826.1	WP_164721826.1	100	51	3.84e-35	109
WP_162490562.1	WP_162490562.1	100	51	1.29e-33	105
WP_010955307.1	WP_010955307.1	100	51	9.10e-34	106
WP_004575417.1	WP_004575417.1	100	51	2.01e-28	92.8
WP_003253507.1	WP_003253507.1	100	51	1.52e-32	103
WP_010954512.1	WP_010954512.1	100	50	6.78e-31	99.0
WP_003253683.1	WP_003253683.1	100	50	2.53e-35	110
WP_003252624.1	WP_003252624.1	100	50	1.20e-22	78.2
WP_061405635.1	WP_061405635.1	100	47	6.31e-28	91.3
WP_010955125.1	WP_010955125.1	100	46	4.44e-32	101
WP_232014074.1	WP_232014074.1	100	45	1.12e-27	90.5
WP_003247435.1	WP_003247435.1	100	45	3.90e-28	91.7
WP_010952328.1	WP_010952328.1	100	44	3.01e-27	89.4
WP_003253163.1	WP_003253163.1	100	44	6.90e-24	80.9
WP_003254821.1	WP_003254821.1	100	43	6.69e-26	85.9
WP_009683677.1	WP_009683677.1	100	42	1.86e-27	89.7
WP_003254533.1	WP_003254533.1	100	42	2.11e-24	82.0
WP_003253468.1	WP_003253468.1	100	42	2.56e-25	84.3
WP_347878377.1	WP_235436913.1	97.1	35	2.02e-21	74.3
WP_079732527.1	WP_079732527.1	100	40	6.27e-23	78.2
WP_010952738.1	WP_010952738.1	100	40	1.86e-24	82.0
WP_003254862.1	WP_003254862.1	100	38	3.89e-23	78.6
WP_002555468.1	WP_002555468.1	100	38	3.21e-22	76.3
WP_003251485.1	WP_003251485.1	100	29	6.45e-12	49.7
WP_003243383.1	WP_003243383.1	100	23	6.84e-14	54.3
